{"type":"FeatureCollection","features":[{"type":"Feature","properties":{"rodzaj":"powierzchnia","warstwa":"korytarz"},"geometry":{"type":"MultiPolygon","coordinates":[[[[19.912389,49.83119],[19.91239,49.831194],[19.912757,49.832282],[19.912758,49.832287],[19.913236,49.833357],[19.913238,49.833361],[19.913824,49.834408],[19.913826,49.834412],[19.914519,49.835432],[19.914522,49.835436],[19.915306,49.83641],[19.915309,49.836414],[19.915311,49.836416],[19.916216,49.837378],[19.91622,49.837382],[19.917211,49.838293],[19.917215,49.838296],[19.918284,49.839152],[19.918288,49.839155],[19.918934,49.839622],[19.918936,49.839623],[19.919264,49.839848],[19.919266,49.839849],[19.91994,49.840288],[19.919941,49.840289],[19.920286,49.840503],[19.920288,49.840504],[19.920984,49.840918],[19.920987,49.84092],[19.9218,49.841372],[19.921801,49.841373],[19.922073,49.841524],[19.922076,49.841525],[19.923195,49.842103],[19.923197,49.842105],[19.924342,49.84266],[19.924344,49.842661],[19.925515,49.8432],[19.925517,49.843201],[19.926696,49.843721],[19.926697,49.843722],[19.927887,49.844231],[19.927888,49.844232],[19.930483,49.845315],[19.934247,49.846885],[19.934249,49.846886],[19.935831,49.847563],[19.935844,49.84757],[19.936445,49.847826],[19.936449,49.847828],[19.937533,49.848307],[19.937536,49.848309],[19.938609,49.848797],[19.938613,49.848799],[19.939671,49.849299],[19.939676,49.849301],[19.940718,49.849813],[19.940723,49.849816],[19.941746,49.850342],[19.941752,49.850345],[19.942752,49.850887],[19.942759,49.850891],[19.943734,49.85145],[19.943741,49.851454],[19.944689,49.852032],[19.944696,49.852036],[19.945612,49.852633],[19.945619,49.852638],[19.9465,49.853255],[19.946508,49.853261],[19.947352,49.8539],[19.947357,49.853905],[19.94767,49.854157],[19.947759,49.854229],[19.947766,49.854235],[19.94893,49.855263],[19.948941,49.855273],[19.949897,49.856245],[19.949995,49.856345],[19.950005,49.856356],[19.950949,49.85747],[19.950957,49.857481],[19.951786,49.858633],[19.951794,49.858645],[19.952504,49.85983],[19.952511,49.859841],[19.9531,49.861053],[19.953105,49.861065],[19.95357,49.8623],[19.953574,49.862312],[19.95378,49.863073],[19.953913,49.863564],[19.953916,49.863576],[19.954128,49.864839],[19.954129,49.864851],[19.954213,49.866121],[19.954213,49.866133],[19.954167,49.867403],[19.954166,49.867416],[19.953993,49.868681],[19.95399,49.868694],[19.953688,49.869952],[19.953686,49.86996],[19.95356,49.870367],[19.953558,49.870373],[19.953263,49.871191],[19.95326,49.871199],[19.952917,49.872009],[19.952914,49.872015],[19.9529,49.872045],[19.952525,49.872818],[19.952522,49.872824],[19.952091,49.873618],[19.952087,49.873624],[19.951618,49.874411],[19.951615,49.874416],[19.951112,49.875195],[19.951109,49.875199],[19.950574,49.87597],[19.950572,49.875974],[19.950286,49.876363],[19.95001,49.876739],[19.950008,49.876742],[19.949423,49.877501],[19.94942,49.877503],[19.948815,49.878256],[19.948813,49.878259],[19.948191,49.879006],[19.948189,49.879009],[19.946905,49.880496],[19.946904,49.880498],[19.946387,49.881082],[19.944042,49.883732],[19.944041,49.883733],[19.943181,49.884731],[19.94318,49.884731],[19.942618,49.885402],[19.942617,49.885403],[19.941795,49.886422],[19.941794,49.886424],[19.941269,49.887108],[19.941268,49.887109],[19.940765,49.887796],[19.940764,49.887797],[19.940725,49.887853],[19.940798,49.88784],[19.94088,49.887837],[19.940961,49.887844],[19.941039,49.887861],[19.94111,49.887888],[19.941171,49.887922],[19.941221,49.887964],[19.941255,49.888009],[19.941291,49.887958],[19.941293,49.887955],[19.941793,49.887273],[19.941795,49.887269],[19.942315,49.886593],[19.942317,49.88659],[19.94313,49.885583],[19.943132,49.88558],[19.94369,49.884914],[19.943692,49.884912],[19.944549,49.883918],[19.944551,49.883916],[19.947001,49.881147],[19.947413,49.880682],[19.947413,49.880682],[19.9487,49.87919],[19.948701,49.879189],[19.949328,49.878435],[19.949329,49.878435],[19.949939,49.877675],[19.94994,49.877674],[19.95049,49.876962],[19.950531,49.876908],[19.950532,49.876907],[19.9511,49.876133],[19.951101,49.876132],[19.951646,49.875345],[19.951648,49.875343],[19.952159,49.874552],[19.95216,49.87455],[19.952637,49.873749],[19.952638,49.873747],[19.953078,49.872937],[19.953079,49.872935],[19.953476,49.872116],[19.953477,49.872113],[19.953491,49.872081],[19.953825,49.871293],[19.953826,49.87129],[19.954127,49.870453],[19.954128,49.870451],[19.954258,49.870032],[19.954259,49.870029],[19.954568,49.868743],[19.954569,49.868738],[19.954748,49.86744],[19.954748,49.867436],[19.954795,49.866118],[19.954795,49.866114],[19.954711,49.864826],[19.95471,49.864822],[19.954494,49.863526],[19.954493,49.863522],[19.954364,49.863047],[19.954364,49.863046],[19.954141,49.862224],[19.95414,49.862219],[19.953662,49.860953],[19.95366,49.860949],[19.953062,49.85972],[19.95306,49.859716],[19.952332,49.8585],[19.952329,49.858496],[19.951469,49.857301],[19.951466,49.857297],[19.950498,49.856155],[19.950494,49.856151],[19.950069,49.855718],[19.949412,49.855051],[19.949408,49.855048],[19.948301,49.854069],[19.948229,49.854006],[19.948226,49.854003],[19.947809,49.853667],[19.947807,49.853665],[19.946937,49.853006],[19.946934,49.853004],[19.946034,49.852373],[19.946031,49.852371],[19.945096,49.851762],[19.945094,49.851761],[19.944136,49.851177],[19.944134,49.851176],[19.943141,49.850606],[19.943138,49.850605],[19.942122,49.850054],[19.94212,49.850053],[19.941082,49.849519],[19.94108,49.849518],[19.940025,49.848999],[19.940024,49.848999],[19.938954,49.848493],[19.938952,49.848493],[19.93787,49.847999],[19.937868,49.847999],[19.936776,49.847516],[19.936775,49.847515],[19.935956,49.847165],[19.935956,49.847165],[19.934568,49.846571],[19.934567,49.846571],[19.931268,49.845193],[19.931261,49.845191],[19.928207,49.843916],[19.928204,49.843915],[19.927021,49.843409],[19.927018,49.843407],[19.925848,49.842891],[19.925844,49.842889],[19.924693,49.842359],[19.924687,49.842357],[19.92356,49.84181],[19.923553,49.841806],[19.922454,49.841239],[19.922446,49.841234],[19.921935,49.84095],[19.921382,49.840643],[19.921373,49.840638],[19.920349,49.84002],[19.920341,49.840015],[19.919684,49.839587],[19.919679,49.839584],[19.919362,49.839367],[19.919357,49.839363],[19.918737,49.838915],[19.918727,49.838908],[19.917676,49.838066],[19.917664,49.838056],[19.916704,49.837172],[19.916693,49.837162],[19.915921,49.83634],[19.915825,49.836239],[19.915816,49.836228],[19.915045,49.83527],[19.915036,49.835258],[19.914365,49.834269],[19.914358,49.834257],[19.91379,49.833241],[19.913784,49.833229],[19.913322,49.832191],[19.913317,49.832179],[19.912962,49.831123],[19.912959,49.831111],[19.912753,49.830216],[19.91274,49.830228],[19.912681,49.830265],[19.912612,49.830294],[19.912536,49.830313],[19.912456,49.830323],[19.912374,49.830322],[19.912294,49.83031],[19.912219,49.830289],[19.912177,49.830271],[19.912389,49.83119]]],[[[19.937406,49.899189],[19.937483,49.899743],[19.937484,49.899748],[19.937822,49.901113],[19.937823,49.901118],[19.938307,49.902465],[19.938309,49.902469],[19.938945,49.903806],[19.938947,49.90381],[19.939717,49.905101],[19.93972,49.905105],[19.940617,49.906345],[19.940619,49.906348],[19.941181,49.907028],[19.941182,49.90703],[19.941777,49.90769],[19.941779,49.907692],[19.942254,49.908178],[19.942254,49.908178],[19.942464,49.908392],[19.942504,49.908456],[19.942515,49.908492],[19.942521,49.908505],[19.942531,49.908517],[19.943032,49.908997],[19.943034,49.908999],[19.943728,49.909627],[19.94373,49.909629],[19.944438,49.910236],[19.94444,49.910237],[19.945175,49.910837],[19.945177,49.910838],[19.945932,49.911428],[19.945933,49.911429],[19.946704,49.91201],[19.946706,49.91201],[19.947491,49.912582],[19.947492,49.912583],[19.948289,49.913148],[19.94829,49.913148],[19.949505,49.913986],[19.949506,49.913987],[19.951064,49.915035],[19.951141,49.915087],[19.951142,49.915087],[19.954151,49.917089],[19.963751,49.923475],[19.963745,49.923429],[19.963754,49.923377],[19.963779,49.923326],[19.963819,49.92328],[19.963872,49.92324],[19.963936,49.923207],[19.964009,49.923182],[19.964088,49.923168],[19.964169,49.923163],[19.96424,49.923168],[19.954947,49.916988],[19.954947,49.916987],[19.951631,49.914781],[19.95163,49.91478],[19.951227,49.91451],[19.951222,49.914504],[19.95121,49.914493],[19.95,49.913684],[19.949997,49.913682],[19.948793,49.912852],[19.94879,49.91285],[19.948001,49.912291],[19.947998,49.912289],[19.947221,49.911723],[19.947218,49.911721],[19.946457,49.911148],[19.946453,49.911146],[19.94571,49.910565],[19.945706,49.910562],[19.944982,49.909971],[19.944978,49.909968],[19.944277,49.909367],[19.944273,49.909363],[19.943597,49.908752],[19.943593,49.908748],[19.943099,49.908274],[19.943085,49.908264],[19.943069,49.908255],[19.943037,49.908242],[19.942951,49.908185],[19.942868,49.908101],[19.942283,49.907503],[19.942277,49.907497],[19.941694,49.906849],[19.941689,49.906843],[19.941146,49.906186],[19.941139,49.906177],[19.940254,49.904953],[19.940246,49.904941],[19.939496,49.903683],[19.93949,49.903671],[19.938877,49.902383],[19.938872,49.90237],[19.938399,49.901057],[19.938395,49.901044],[19.938065,49.899713],[19.938062,49.8997],[19.937989,49.899174],[19.937953,49.898917],[19.937931,49.898936],[19.93787,49.898971],[19.9378,49.898998],[19.937723,49.899016],[19.937641,49.899023],[19.93756,49.899021],[19.93748,49.899008],[19.937406,49.898985],[19.937375,49.89897],[19.937406,49.899189]]],[[[19.978079,49.936027],[19.978087,49.936037],[19.979374,49.937883],[19.979788,49.938478],[19.979796,49.93849],[19.981256,49.940999],[19.98126,49.941005],[19.98274,49.943816],[19.98746,49.952773],[19.98746,49.952773],[19.98746,49.952773],[19.9886,49.954937],[19.988626,49.954892],[19.98867,49.954847],[19.988726,49.954809],[19.988792,49.954778],[19.988867,49.954756],[19.988947,49.954744],[19.989029,49.954742],[19.98911,49.954751],[19.989186,49.95477],[19.989244,49.954793],[19.988154,49.952724],[19.983434,49.943767],[19.981904,49.940863],[19.981903,49.940861],[19.980419,49.938312],[19.980416,49.938308],[19.979555,49.937073],[19.979554,49.93707],[19.978702,49.935847],[19.978699,49.935843],[19.978203,49.935238],[19.9782,49.935248],[19.97817,49.935298],[19.978125,49.935342],[19.978068,49.93538],[19.978,49.93541],[19.977925,49.935431],[19.977845,49.935442],[19.977763,49.935442],[19.977682,49.935433],[19.977606,49.935413],[19.977562,49.935395],[19.978079,49.936027]]],[[[19.99294,49.963168],[19.992941,49.963171],[19.993382,49.964042],[19.993384,49.964045],[19.993738,49.964793],[19.99374,49.964798],[19.993868,49.965096],[19.994063,49.965548],[19.994065,49.965554],[19.994303,49.96618],[19.994306,49.966189],[19.994701,49.967516],[19.994705,49.967529],[19.994955,49.968869],[19.994957,49.968882],[19.995063,49.970229],[19.995063,49.970242],[19.99505,49.970678],[19.995023,49.971593],[19.995022,49.971603],[19.994935,49.972376],[19.994934,49.972382],[19.994807,49.973157],[19.994806,49.973162],[19.994621,49.974067],[19.99462,49.974071],[19.994378,49.975108],[19.994377,49.97511],[19.994096,49.976248],[19.993247,49.979681],[19.992708,49.981862],[19.992707,49.981866],[19.99254,49.982459],[19.992538,49.982463],[19.992383,49.982954],[19.992382,49.982958],[19.992208,49.983444],[19.992206,49.983449],[19.992053,49.983831],[19.992049,49.98384],[19.991615,49.984741],[19.991609,49.984753],[19.991083,49.985631],[19.991075,49.985643],[19.990459,49.986497],[19.99045,49.986508],[19.989745,49.987335],[19.989737,49.987343],[19.989334,49.987764],[19.989329,49.987768],[19.988903,49.988185],[19.988899,49.988189],[19.988365,49.988682],[19.988361,49.988686],[19.988356,49.98869],[19.987715,49.989256],[19.987712,49.989258],[19.985432,49.991206],[19.985504,49.991195],[19.985586,49.991193],[19.985667,49.991201],[19.985744,49.991219],[19.985814,49.991247],[19.985875,49.991283],[19.985923,49.991325],[19.985958,49.991373],[19.985977,49.991425],[19.985979,49.991467],[19.988353,49.989439],[19.988354,49.989438],[19.988915,49.988942],[19.988916,49.988941],[19.989106,49.988766],[19.989462,49.988437],[19.989464,49.988435],[19.989902,49.988007],[19.989904,49.988005],[19.990331,49.987559],[19.990333,49.987556],[19.991066,49.986697],[19.99107,49.986692],[19.99171,49.985805],[19.991713,49.9858],[19.992251,49.984901],[19.992253,49.984896],[19.99271,49.983949],[19.992711,49.983945],[19.99287,49.983549],[19.992871,49.983548],[19.993048,49.983052],[19.993048,49.983051],[19.993209,49.982543],[19.993209,49.982541],[19.993379,49.981941],[19.993379,49.98194],[19.993611,49.981031],[19.993611,49.981031],[19.993939,49.979699],[19.994344,49.978049],[19.994345,49.978049],[19.995051,49.975176],[19.995051,49.975176],[19.995295,49.974134],[19.995296,49.974133],[19.995483,49.973215],[19.995483,49.973213],[19.995613,49.972423],[19.995613,49.972421],[19.995703,49.971629],[19.995703,49.971626],[19.995731,49.970678],[19.995731,49.970677],[19.995744,49.970224],[19.995744,49.970219],[19.995635,49.968832],[19.995634,49.968828],[19.995379,49.967465],[19.995378,49.96746],[19.994972,49.966095],[19.994971,49.966091],[19.994723,49.965438],[19.994722,49.965436],[19.994395,49.964676],[19.994394,49.964674],[19.994052,49.963951],[19.994032,49.963909],[19.994031,49.963908],[19.993588,49.963032],[19.993587,49.963031],[19.993039,49.96199],[19.993015,49.962031],[19.992972,49.962076],[19.992916,49.962114],[19.992849,49.962145],[19.992774,49.962167],[19.992694,49.962179],[19.992613,49.962181],[19.992532,49.962172],[19.992455,49.962154],[19.992391,49.962128],[19.99294,49.963168]]],[[[19.980555,49.995372],[19.977739,49.997776],[19.976848,49.998536],[19.976837,49.998548],[19.97683,49.998561],[19.976822,49.998582],[19.976818,49.998595],[19.976819,49.998609],[19.976824,49.998623],[19.976834,49.998635],[19.976846,49.998646],[19.976862,49.998655],[19.976881,49.998662],[19.976901,49.998667],[19.976982,49.998679],[19.977167,49.998767],[19.977194,49.998797],[19.977206,49.998808],[19.977222,49.998817],[19.97724,49.998824],[19.97726,49.998829],[19.97728,49.998831],[19.977302,49.99883],[19.977322,49.998827],[19.977341,49.998821],[19.977374,49.998809],[19.977391,49.998801],[19.977405,49.998791],[19.978501,49.997855],[19.980736,49.995946],[19.981155,49.995588],[19.981089,49.995598],[19.981007,49.9956],[19.980926,49.995592],[19.980849,49.995574],[19.980779,49.995546],[19.980718,49.99551],[19.98067,49.995468],[19.980635,49.99542],[19.980616,49.995368],[19.980613,49.995321],[19.980555,49.995372]]],[[[19.923015,49.809502],[19.923022,49.809489],[19.923025,49.809476],[19.923026,49.809451],[19.923025,49.809438],[19.92302,49.809425],[19.923011,49.809412],[19.922999,49.809402],[19.922983,49.809392],[19.922965,49.809386],[19.922945,49.809381],[19.922924,49.809379],[19.922906,49.809379],[19.922704,49.809317],[19.922691,49.809308],[19.922675,49.809299],[19.922657,49.809292],[19.922638,49.809288],[19.922617,49.809286],[19.922596,49.809287],[19.922576,49.80929],[19.922557,49.809296],[19.92254,49.809304],[19.922512,49.80932],[19.922498,49.80933],[19.922487,49.809342],[19.921201,49.811121],[19.921029,49.811358],[19.921103,49.811346],[19.921185,49.811343],[19.921266,49.811351],[19.921343,49.811369],[19.921413,49.811396],[19.921474,49.811431],[19.921523,49.811473],[19.921556,49.811519],[19.923015,49.809502]]],[[[19.867351,49.907524],[19.867342,49.907536],[19.867338,49.907549],[19.867337,49.907563],[19.867341,49.907576],[19.867349,49.907589],[19.86736,49.9076],[19.867374,49.90761],[19.867392,49.907618],[19.867424,49.90763],[19.867444,49.907635],[19.867464,49.907638],[19.880954,49.908692],[19.881346,49.908723],[19.887409,49.909196],[19.887367,49.909154],[19.887337,49.909105],[19.887323,49.909053],[19.887325,49.909],[19.887343,49.908948],[19.887376,49.9089],[19.887423,49.908856],[19.887478,49.908822],[19.883781,49.908534],[19.881368,49.908345],[19.867534,49.907264],[19.867513,49.907264],[19.867492,49.907266],[19.867456,49.907273],[19.867437,49.907278],[19.867419,49.907285],[19.867404,49.907294],[19.867392,49.907306],[19.867383,49.907318],[19.867379,49.907331],[19.867378,49.907345],[19.867382,49.907358],[19.867387,49.90737],[19.86736,49.907513],[19.867351,49.907524]]],[[[19.895298,49.909811],[19.897654,49.909995],[19.897612,49.909953],[19.897583,49.909904],[19.897568,49.909852],[19.89757,49.909799],[19.897588,49.909747],[19.897621,49.909699],[19.897668,49.909655],[19.897724,49.909621],[19.895319,49.909434],[19.894715,49.909386],[19.894756,49.909428],[19.894786,49.909478],[19.8948,49.90953],[19.894798,49.909583],[19.89478,49.909634],[19.894747,49.909683],[19.8947,49.909726],[19.894645,49.90976],[19.895298,49.909811]]],[[[19.905448,49.910364],[19.905454,49.910364],[19.908929,49.910339],[19.908934,49.910339],[19.909259,49.910326],[19.912398,49.910197],[19.912401,49.910197],[19.92318,49.90957],[19.937096,49.908759],[19.938704,49.908665],[19.938724,49.908663],[19.938744,49.908658],[19.938777,49.908646],[19.938795,49.908639],[19.93881,49.908629],[19.938821,49.908618],[19.93883,49.908606],[19.938834,49.908592],[19.938834,49.908579],[19.93883,49.908565],[19.938822,49.908553],[19.93879,49.908514],[19.938769,49.908363],[19.938765,49.90835],[19.938758,49.908337],[19.938746,49.908326],[19.938731,49.908316],[19.938714,49.908308],[19.938694,49.908303],[19.938655,49.908295],[19.938634,49.908292],[19.938613,49.908292],[19.937072,49.908382],[19.923156,49.909193],[19.912349,49.909821],[19.912341,49.909822],[19.909241,49.909949],[19.908908,49.909963],[19.908893,49.909963],[19.905459,49.909988],[19.905443,49.909988],[19.905367,49.909985],[19.905374,49.90999],[19.905423,49.910032],[19.905458,49.91008],[19.905478,49.910131],[19.905483,49.910184],[19.905471,49.910236],[19.905444,49.910286],[19.905402,49.910332],[19.90536,49.910362],[19.905448,49.910364]]]]}},{"type":"Feature","properties":{"rodzaj":"tunel","warstwa":"korytarz"},"geometry":{"type":"MultiPolygon","coordinates":[[[[19.989398,49.954925],[19.989364,49.954877],[19.989316,49.954834],[19.989256,49.954797],[19.989186,49.95477],[19.98911,49.954751],[19.989029,49.954742],[19.988947,49.954744],[19.988867,49.954756],[19.988792,49.954778],[19.988726,49.954809],[19.98867,49.954847],[19.988626,49.954892],[19.988597,49.954942],[19.988584,49.954994],[19.988587,49.955047],[19.988606,49.955099],[19.992244,49.961998],[19.992277,49.962047],[19.992325,49.96209],[19.992385,49.962126],[19.992455,49.962154],[19.992532,49.962172],[19.992613,49.962181],[19.992694,49.962179],[19.992774,49.962167],[19.992849,49.962145],[19.992916,49.962114],[19.992972,49.962076],[19.993015,49.962031],[19.993044,49.961981],[19.993057,49.961929],[19.993054,49.961876],[19.993036,49.961825],[19.989398,49.954925]]],[[[19.985896,49.991625],[19.985939,49.99158],[19.985967,49.99153],[19.98598,49.991478],[19.985977,49.991425],[19.985958,49.991373],[19.985923,49.991325],[19.985875,49.991283],[19.985814,49.991247],[19.985744,49.991219],[19.985667,49.991201],[19.985586,49.991193],[19.985504,49.991195],[19.985425,49.991207],[19.98535,49.991229],[19.985284,49.991261],[19.985228,49.991299],[19.980697,49.995168],[19.980654,49.995213],[19.980626,49.995263],[19.980613,49.995315],[19.980616,49.995368],[19.980635,49.99542],[19.98067,49.995468],[19.980718,49.99551],[19.980779,49.995546],[19.980849,49.995574],[19.980926,49.995592],[19.981007,49.9956],[19.981089,49.995598],[19.981168,49.995586],[19.981243,49.995564],[19.981309,49.995532],[19.981365,49.995494],[19.985896,49.991625]]],[[[19.964463,49.923245],[19.9644,49.923211],[19.964329,49.923185],[19.964251,49.923169],[19.964169,49.923163],[19.964088,49.923168],[19.964009,49.923182],[19.963936,49.923207],[19.963872,49.92324],[19.963819,49.92328],[19.963779,49.923326],[19.963754,49.923377],[19.963745,49.923429],[19.963752,49.923482],[19.963774,49.923533],[19.963812,49.92358],[19.963863,49.923621],[19.966099,49.925108],[19.968734,49.926967],[19.97119,49.928921],[19.973463,49.930966],[19.975544,49.933093],[19.977432,49.935304],[19.977479,49.935347],[19.977537,49.935384],[19.977606,49.935413],[19.977682,49.935433],[19.977763,49.935442],[19.977845,49.935442],[19.977925,49.935431],[19.978,49.93541],[19.978068,49.93538],[19.978125,49.935342],[19.97817,49.935298],[19.9782,49.935248],[19.978215,49.935196],[19.978214,49.935143],[19.978197,49.935092],[19.978165,49.935043],[19.97627,49.932826],[19.976258,49.932812],[19.974163,49.930671],[19.97415,49.930657],[19.971862,49.9286],[19.971847,49.928587],[19.969376,49.926621],[19.969359,49.926609],[19.966712,49.924741],[19.966707,49.924738],[19.966703,49.924735],[19.964463,49.923245]]],[[[19.937959,49.897573],[19.937985,49.896411],[19.938119,49.895252],[19.938359,49.894101],[19.938705,49.892958],[19.938839,49.892595],[19.938983,49.892231],[19.939138,49.891868],[19.939303,49.891507],[19.939477,49.891148],[19.93966,49.89079],[19.939852,49.890434],[19.940053,49.89008],[19.940261,49.889728],[19.940476,49.889377],[19.940699,49.889028],[19.940929,49.88868],[19.941165,49.888335],[19.941246,49.888218],[19.941273,49.888168],[19.941284,49.888116],[19.941278,49.888063],[19.941257,49.888012],[19.941221,49.887964],[19.941171,49.887922],[19.94111,49.887888],[19.941039,49.887861],[19.940961,49.887844],[19.94088,49.887837],[19.940798,49.88784],[19.940719,49.887854],[19.940646,49.887877],[19.940581,49.88791],[19.940527,49.887949],[19.940486,49.887995],[19.940403,49.888113],[19.940401,49.888115],[19.940163,49.888464],[19.940161,49.888467],[19.93993,49.888817],[19.939928,49.88882],[19.939703,49.889173],[19.939701,49.889176],[19.939483,49.88953],[19.939481,49.889533],[19.939271,49.889889],[19.939269,49.889893],[19.939067,49.890251],[19.939064,49.890255],[19.93887,49.890614],[19.938868,49.890618],[19.938683,49.89098],[19.938681,49.890984],[19.938505,49.891348],[19.938503,49.891352],[19.938336,49.891718],[19.938334,49.891722],[19.938177,49.892089],[19.938175,49.892094],[19.938028,49.892463],[19.938026,49.892468],[19.93789,49.892839],[19.937887,49.892849],[19.937536,49.894005],[19.937532,49.894021],[19.937289,49.895188],[19.937286,49.895204],[19.937151,49.896379],[19.93715,49.896395],[19.937123,49.897573],[19.937124,49.897589],[19.937205,49.898766],[19.937217,49.898818],[19.937244,49.898868],[19.937286,49.898914],[19.937341,49.898953],[19.937406,49.898985],[19.93748,49.899008],[19.93756,49.899021],[19.937641,49.899023],[19.937723,49.899016],[19.9378,49.898998],[19.93787,49.898971],[19.937931,49.898936],[19.93798,49.898894],[19.938016,49.898846],[19.938036,49.898795],[19.93804,49.898742],[19.937959,49.897573]]],[[[19.912701,49.82894],[19.912677,49.827853],[19.912764,49.826768],[19.912963,49.825686],[19.913038,49.825391],[19.913121,49.825093],[19.913212,49.824796],[19.913311,49.8245],[19.913417,49.824205],[19.91353,49.823911],[19.91365,49.823618],[19.913777,49.823326],[19.91391,49.823034],[19.914049,49.822744],[19.914193,49.822455],[19.914343,49.822167],[19.914498,49.821879],[19.914658,49.821593],[19.914823,49.821308],[19.914991,49.821023],[19.915164,49.820739],[19.915341,49.820456],[19.915521,49.820174],[19.915704,49.819893],[19.91589,49.819612],[19.916079,49.819332],[19.91627,49.819052],[19.916463,49.818773],[19.916659,49.818494],[19.916856,49.818215],[19.917054,49.817937],[19.917253,49.817658],[19.917454,49.81738],[19.917655,49.817102],[19.917856,49.816824],[19.921544,49.811728],[19.921571,49.811678],[19.921582,49.811625],[19.921578,49.811572],[19.921558,49.811521],[19.921523,49.811473],[19.921474,49.811431],[19.921413,49.811396],[19.921343,49.811369],[19.921266,49.811351],[19.921185,49.811343],[19.921103,49.811346],[19.921024,49.811359],[19.92095,49.811382],[19.920885,49.811414],[19.92083,49.811453],[19.920788,49.811499],[19.9171,49.816595],[19.916899,49.816873],[19.916698,49.817152],[19.916698,49.817152],[19.916497,49.817431],[19.916497,49.817431],[19.916297,49.81771],[19.916296,49.81771],[19.916098,49.817989],[19.916097,49.81799],[19.9159,49.81827],[19.915899,49.81827],[19.915703,49.81855],[19.915702,49.818551],[19.915508,49.818832],[19.915507,49.818833],[19.915315,49.819114],[19.915314,49.819115],[19.915125,49.819397],[19.915124,49.819398],[19.914936,49.819681],[19.914935,49.819682],[19.914751,49.819966],[19.91475,49.819967],[19.914569,49.820251],[19.914568,49.820253],[19.91439,49.820538],[19.914388,49.82054],[19.914214,49.820826],[19.914213,49.820829],[19.914043,49.821115],[19.914041,49.821118],[19.913876,49.821406],[19.913874,49.821408],[19.913713,49.821697],[19.913711,49.8217],[19.913555,49.82199],[19.913553,49.821993],[19.913402,49.822284],[19.9134,49.822287],[19.913254,49.82258],[19.913252,49.822583],[19.913112,49.822876],[19.91311,49.82288],[19.912976,49.823174],[19.912974,49.823178],[19.912846,49.823474],[19.912844,49.823478],[19.912723,49.823775],[19.912721,49.823778],[19.912606,49.824077],[19.912605,49.824081],[19.912497,49.82438],[19.912496,49.824384],[19.912395,49.824685],[19.912394,49.824689],[19.912302,49.82499],[19.9123,49.824995],[19.912216,49.825297],[19.912214,49.825302],[19.912138,49.825605],[19.912136,49.825617],[19.911934,49.826713],[19.911932,49.826731],[19.911843,49.827834],[19.911842,49.827852],[19.911867,49.828957],[19.911868,49.828974],[19.912006,49.830075],[19.912021,49.830127],[19.912051,49.830177],[19.912095,49.830221],[19.912152,49.830259],[19.912219,49.830289],[19.912294,49.83031],[19.912374,49.830322],[19.912456,49.830323],[19.912536,49.830313],[19.912612,49.830294],[19.912681,49.830265],[19.91274,49.830228],[19.912786,49.830185],[19.912819,49.830136],[19.912836,49.830085],[19.912838,49.830032],[19.912701,49.82894]]],[[[19.898484,49.910142],[19.898489,49.910142],[19.898495,49.910142],[19.901754,49.910344],[19.901775,49.910345],[19.905046,49.910441],[19.905128,49.910439],[19.905207,49.910426],[19.905281,49.910403],[19.905347,49.910371],[19.905402,49.910332],[19.905444,49.910286],[19.905471,49.910236],[19.905483,49.910184],[19.905478,49.910131],[19.905458,49.91008],[19.905423,49.910032],[19.905374,49.90999],[19.905313,49.909954],[19.905243,49.909927],[19.905165,49.90991],[19.905084,49.909902],[19.901823,49.909806],[19.898579,49.909605],[19.898035,49.909563],[19.897953,49.909562],[19.897873,49.909571],[19.897796,49.90959],[19.897727,49.909619],[19.897668,49.909655],[19.897621,49.909699],[19.897588,49.909747],[19.89757,49.909799],[19.897568,49.909852],[19.897583,49.909904],[19.897612,49.909953],[19.897656,49.909998],[19.897713,49.910036],[19.89778,49.910066],[19.897855,49.910088],[19.897935,49.910099],[19.898484,49.910142]]],[[[19.894333,49.909818],[19.894415,49.909819],[19.894496,49.90981],[19.894572,49.909791],[19.894641,49.909763],[19.8947,49.909726],[19.894747,49.909683],[19.89478,49.909634],[19.894798,49.909583],[19.8948,49.90953],[19.894786,49.909478],[19.894756,49.909428],[19.894712,49.909384],[19.894655,49.909345],[19.894588,49.909315],[19.894513,49.909294],[19.894433,49.909282],[19.88779,49.908764],[19.887708,49.908763],[19.887627,49.908772],[19.887551,49.908791],[19.887482,49.90882],[19.887423,49.908856],[19.887376,49.9089],[19.887343,49.908948],[19.887325,49.909],[19.887323,49.909053],[19.887337,49.909105],[19.887367,49.909154],[19.887411,49.909199],[19.887468,49.909237],[19.887535,49.909267],[19.88761,49.909289],[19.88769,49.9093],[19.894333,49.909818]]]]}},{"type":"Feature","properties":{"gml_id":"budynki.120614_5.0002.1043/1.1_BUD","ID_BUDYNKU":"120614_5.0002.1043/1.1_BUD","RODZAJ":"m","KONDYGNACJE_NADZIEMNE":"None","KONDYGNACJE_PODZIEMNE":"None","strefa":"w śladzie","warstwa":"budynki"},"geometry":{"type":"Polygon","coordinates":[[[19.985347,49.948382],[19.985423,49.948369],[19.985447,49.948427],[19.98537,49.94844],[19.985347,49.948382]]]}},{"type":"Feature","properties":{"gml_id":"budynki.120614_5.0002.1043/2.1_BUD","ID_BUDYNKU":"120614_5.0002.1043/2.1_BUD","RODZAJ":"m","KONDYGNACJE_NADZIEMNE":"None","KONDYGNACJE_PODZIEMNE":"None","strefa":"w śladzie","warstwa":"budynki"},"geometry":{"type":"Polygon","coordinates":[[[19.985554,49.948308],[19.985585,49.9483],[19.985593,49.948312],[19.985639,49.9483],[19.985666,49.948342],[19.985589,49.948362],[19.985554,49.948308]]]}},{"type":"Feature","properties":{"gml_id":"budynki.121905_5.0020.249_BUD","ID_BUDYNKU":"121905_5.0020.249_BUD","RODZAJ":"m","KONDYGNACJE_NADZIEMNE":"None","KONDYGNACJE_PODZIEMNE":"None","strefa":"w śladzie","warstwa":"budynki"},"geometry":{"type":"Polygon","coordinates":[[[19.98618,49.950089],[19.98604,49.950091],[19.986038,49.95001],[19.986178,49.950009],[19.98618,49.950089]]]}},{"type":"Feature","properties":{"gml_id":"budynki.121905_5.0020.220_BUD","ID_BUDYNKU":"121905_5.0020.220_BUD","RODZAJ":"i","KONDYGNACJE_NADZIEMNE":"None","KONDYGNACJE_PODZIEMNE":"None","strefa":"w śladzie","warstwa":"budynki"},"geometry":{"type":"Polygon","coordinates":[[[19.986317,49.950337],[19.98632,49.950279],[19.986421,49.950281],[19.986422,49.95034],[19.986317,49.950337]]]}},{"type":"Feature","properties":{"gml_id":"budynki.121905_5.0020.221_BUD","ID_BUDYNKU":"121905_5.0020.221_BUD","RODZAJ":"m","KONDYGNACJE_NADZIEMNE":"None","KONDYGNACJE_PODZIEMNE":"None","strefa":"w śladzie","warstwa":"budynki"},"geometry":{"type":"Polygon","coordinates":[[[19.98666,49.950278],[19.986634,49.950351],[19.986517,49.950333],[19.986544,49.95026],[19.986558,49.950263],[19.986563,49.950249],[19.986611,49.950257],[19.986606,49.95027],[19.98666,49.950278]]]}},{"type":"Feature","properties":{"gml_id":"budynki.121905_5.0020.717_BUD","ID_BUDYNKU":"121905_5.0020.717_BUD","RODZAJ":"m","KONDYGNACJE_NADZIEMNE":"None","KONDYGNACJE_PODZIEMNE":"None","strefa":"w śladzie","warstwa":"budynki"},"geometry":{"type":"Polygon","coordinates":[[[19.986887,49.95026],[19.986868,49.950305],[19.986771,49.950288],[19.98679,49.950243],[19.986887,49.95026]]]}},{"type":"Feature","properties":{"gml_id":"budynki.121905_5.0020.219_BUD","ID_BUDYNKU":"121905_5.0020.219_BUD","RODZAJ":"m","KONDYGNACJE_NADZIEMNE":"None","KONDYGNACJE_PODZIEMNE":"None","strefa":"w śladzie","warstwa":"budynki"},"geometry":{"type":"Polygon","coordinates":[[[19.986623,49.950058],[19.986638,49.949993],[19.986767,49.950009],[19.986749,49.950073],[19.986623,49.950058]]]}},{"type":"Feature","properties":{"gml_id":"budynki.121905_5.0020.250_BUD","ID_BUDYNKU":"121905_5.0020.250_BUD","RODZAJ":"i","KONDYGNACJE_NADZIEMNE":"None","KONDYGNACJE_PODZIEMNE":"None","strefa":"w śladzie","warstwa":"budynki"},"geometry":{"type":"Polygon","coordinates":[[[19.986472,49.949929],[19.986462,49.949983],[19.986283,49.949971],[19.986289,49.949935],[19.98636,49.949939],[19.986362,49.949921],[19.986472,49.949929]]]}},{"type":"Feature","properties":{"gml_id":"budynki.121905_5.0020.252_BUD","ID_BUDYNKU":"121905_5.0020.252_BUD","RODZAJ":"m","KONDYGNACJE_NADZIEMNE":"None","KONDYGNACJE_PODZIEMNE":"None","strefa":"w śladzie","warstwa":"budynki"},"geometry":{"type":"Polygon","coordinates":[[[19.986495,49.949839],[19.986434,49.94984],[19.98643,49.949745],[19.986573,49.949744],[19.986576,49.949857],[19.986496,49.949857],[19.986495,49.949839]]]}},{"type":"Feature","properties":{"gml_id":"budynki.121905_5.0020.503_BUD","ID_BUDYNKU":"121905_5.0020.503_BUD","RODZAJ":"i","KONDYGNACJE_NADZIEMNE":"None","KONDYGNACJE_PODZIEMNE":"None","strefa":"w śladzie","warstwa":"budynki"},"geometry":{"type":"Polygon","coordinates":[[[19.986369,49.949739],[19.986299,49.949739],[19.986298,49.949701],[19.986368,49.9497],[19.986369,49.949739]]]}},{"type":"Feature","properties":{"gml_id":"budynki.120614_5.0002.1030/12.1_BUD","ID_BUDYNKU":"120614_5.0002.1030/12.1_BUD","RODZAJ":"m","KONDYGNACJE_NADZIEMNE":"None","KONDYGNACJE_PODZIEMNE":"None","strefa":"w śladzie","warstwa":"budynki"},"geometry":{"type":"Polygon","coordinates":[[[19.985282,49.947194],[19.985169,49.947194],[19.985169,49.947139],[19.985282,49.947139],[19.985282,49.947194]]]}},{"type":"Feature","properties":{"gml_id":"budynki.120614_5.0002.1011.1_BUD","ID_BUDYNKU":"120614_5.0002.1011.1_BUD","RODZAJ":"m","KONDYGNACJE_NADZIEMNE":"None","KONDYGNACJE_PODZIEMNE":"None","strefa":"w śladzie","warstwa":"budynki"},"geometry":{"type":"Polygon","coordinates":[[[19.983759,49.946019],[19.983889,49.946016],[19.983889,49.945999],[19.983924,49.945999],[19.983924,49.94599],[19.984,49.945988],[19.984001,49.946015],[19.984037,49.946014],[19.984041,49.946105],[19.983953,49.946107],[19.983952,49.9461],[19.983894,49.946101],[19.983893,49.946085],[19.983763,49.946088],[19.983759,49.946019]]]}},{"type":"Feature","properties":{"gml_id":"budynki.121905_5.0020.553_BUD","ID_BUDYNKU":"121905_5.0020.553_BUD","RODZAJ":"i","KONDYGNACJE_NADZIEMNE":"None","KONDYGNACJE_PODZIEMNE":"None","strefa":"w śladzie","warstwa":"budynki"},"geometry":{"type":"Polygon","coordinates":[[[19.986777,49.951442],[19.986751,49.951511],[19.986651,49.951495],[19.986677,49.951426],[19.986777,49.951442]]]}},{"type":"Feature","properties":{"gml_id":"budynki.121905_5.0020.716_BUD","ID_BUDYNKU":"121905_5.0020.716_BUD","RODZAJ":"m","KONDYGNACJE_NADZIEMNE":"None","KONDYGNACJE_PODZIEMNE":"None","strefa":"w śladzie","warstwa":"budynki"},"geometry":{"type":"Polygon","coordinates":[[[19.986466,49.950703],[19.98636,49.950672],[19.986334,49.950665],[19.986365,49.950621],[19.98639,49.950628],[19.986408,49.950602],[19.986514,49.950633],[19.986466,49.950703]]]}},{"type":"Feature","properties":{"gml_id":"budynki.121905_5.0020.695_BUD","ID_BUDYNKU":"121905_5.0020.695_BUD","RODZAJ":"m","KONDYGNACJE_NADZIEMNE":"None","KONDYGNACJE_PODZIEMNE":"None","strefa":"w śladzie","warstwa":"budynki"},"geometry":{"type":"Polygon","coordinates":[[[19.987679,49.951773],[19.987664,49.951798],[19.98757,49.951774],[19.987616,49.951699],[19.987671,49.951714],[19.987697,49.95167],[19.987797,49.951695],[19.987791,49.951705],[19.987831,49.951715],[19.987801,49.951766],[19.987793,49.951764],[19.987773,49.951796],[19.987679,49.951773]]]}},{"type":"Feature","properties":{"gml_id":"budynki.121905_5.0020.630_BUD","ID_BUDYNKU":"121905_5.0020.630_BUD","RODZAJ":"i","KONDYGNACJE_NADZIEMNE":"None","KONDYGNACJE_PODZIEMNE":"None","strefa":"w śladzie","warstwa":"budynki"},"geometry":{"type":"Polygon","coordinates":[[[19.987114,49.951905],[19.987111,49.951941],[19.987034,49.951937],[19.987039,49.951902],[19.987114,49.951905]]]}},{"type":"Feature","properties":{"gml_id":"budynki.121905_5.0020.196_BUD","ID_BUDYNKU":"121905_5.0020.196_BUD","RODZAJ":"m","KONDYGNACJE_NADZIEMNE":"None","KONDYGNACJE_PODZIEMNE":"None","strefa":"w śladzie","warstwa":"budynki"},"geometry":{"type":"Polygon","coordinates":[[[19.987423,49.952184],[19.98739,49.952187],[19.987379,49.952145],[19.987396,49.952144],[19.987387,49.952104],[19.987534,49.952092],[19.987558,49.952203],[19.987428,49.952214],[19.987423,49.952184]]]}},{"type":"Feature","properties":{"gml_id":"budynki.120903_4.0002.3221_BUD","ID_BUDYNKU":"120903_4.0002.3221_BUD","RODZAJ":"m","KONDYGNACJE_NADZIEMNE":"1","KONDYGNACJE_PODZIEMNE":"0","strefa":"w śladzie","warstwa":"budynki"},"geometry":{"type":"Polygon","coordinates":[[[19.914059,49.833784],[19.914036,49.833784],[19.914035,49.833697],[19.914142,49.833697],[19.914142,49.833782],[19.914148,49.833782],[19.914148,49.833823],[19.91406,49.833823],[19.914059,49.833784]]]}},{"type":"Feature","properties":{"gml_id":"budynki.120903_4.0002.599_BUD","ID_BUDYNKU":"120903_4.0002.599_BUD","RODZAJ":"m","KONDYGNACJE_NADZIEMNE":"1","KONDYGNACJE_PODZIEMNE":"1","strefa":"w śladzie","warstwa":"budynki"},"geometry":{"type":"Polygon","coordinates":[[[19.913365,49.833349],[19.913258,49.83335],[19.913254,49.83326],[19.913361,49.833258],[19.913365,49.833349]]]}},{"type":"Feature","properties":{"gml_id":"budynki.120903_4.0002.2815_BUD","ID_BUDYNKU":"120903_4.0002.2815_BUD","RODZAJ":"m","KONDYGNACJE_NADZIEMNE":"2","KONDYGNACJE_PODZIEMNE":"0","strefa":"w śladzie","warstwa":"budynki"},"geometry":{"type":"Polygon","coordinates":[[[19.913169,49.832963],[19.913162,49.832964],[19.913158,49.832872],[19.913229,49.832871],[19.913229,49.832889],[19.913298,49.832888],[19.913301,49.832961],[19.913169,49.832963]]]}},{"type":"Feature","properties":{"gml_id":"budynki.120903_4.0002.2813_BUD","ID_BUDYNKU":"120903_4.0002.2813_BUD","RODZAJ":"i","KONDYGNACJE_NADZIEMNE":"1","KONDYGNACJE_PODZIEMNE":"0","strefa":"w śladzie","warstwa":"budynki"},"geometry":{"type":"Polygon","coordinates":[[[19.913303,49.832995],[19.913171,49.832998],[19.913169,49.832963],[19.913301,49.832961],[19.913303,49.832995]]]}},{"type":"Feature","properties":{"gml_id":"budynki.120903_4.0002.543_BUD","ID_BUDYNKU":"120903_4.0002.543_BUD","RODZAJ":"g","KONDYGNACJE_NADZIEMNE":"1","KONDYGNACJE_PODZIEMNE":"0","strefa":"w śladzie","warstwa":"budynki"},"geometry":{"type":"Polygon","coordinates":[[[19.913353,49.832763],[19.913244,49.832768],[19.913234,49.832681],[19.913231,49.832653],[19.91334,49.832648],[19.913343,49.832676],[19.913353,49.832763]]]}},{"type":"Feature","properties":{"gml_id":"budynki.120903_4.0002.2814_BUD","ID_BUDYNKU":"120903_4.0002.2814_BUD","RODZAJ":"g","KONDYGNACJE_NADZIEMNE":"1","KONDYGNACJE_PODZIEMNE":"0","strefa":"w śladzie","warstwa":"budynki"},"geometry":{"type":"Polygon","coordinates":[[[19.91322,49.832735],[19.913165,49.832737],[19.913144,49.832738],[19.913137,49.832662],[19.913213,49.832659],[19.91322,49.832735]]]}},{"type":"Feature","properties":{"gml_id":"budynki.120903_4.0002.535_BUD","ID_BUDYNKU":"120903_4.0002.535_BUD","RODZAJ":"g","KONDYGNACJE_NADZIEMNE":"1","KONDYGNACJE_PODZIEMNE":"0","strefa":"w śladzie","warstwa":"budynki"},"geometry":{"type":"Polygon","coordinates":[[[19.913643,49.832728],[19.913535,49.83273],[19.91353,49.832605],[19.913638,49.832603],[19.913643,49.832728]]]}},{"type":"Feature","properties":{"gml_id":"budynki.120903_4.0002.537_BUD","ID_BUDYNKU":"120903_4.0002.537_BUD","RODZAJ":"g","KONDYGNACJE_NADZIEMNE":"1","KONDYGNACJE_PODZIEMNE":"0","strefa":"w śladzie","warstwa":"budynki"},"geometry":{"type":"Polygon","coordinates":[[[19.913456,49.83259],[19.913452,49.832639],[19.913398,49.832637],[19.913402,49.832589],[19.913456,49.83259]]]}},{"type":"Feature","properties":{"gml_id":"budynki.120903_4.0002.518_BUD","ID_BUDYNKU":"120903_4.0002.518_BUD","RODZAJ":"i","KONDYGNACJE_NADZIEMNE":"1","KONDYGNACJE_PODZIEMNE":"0","strefa":"w śladzie","warstwa":"budynki"},"geometry":{"type":"Polygon","coordinates":[[[19.913047,49.832412],[19.912974,49.832412],[19.912974,49.832345],[19.913047,49.832345],[19.913047,49.832412]]]}},{"type":"Feature","properties":{"gml_id":"budynki.120903_4.0002.520_BUD","ID_BUDYNKU":"120903_4.0002.520_BUD","RODZAJ":"g","KONDYGNACJE_NADZIEMNE":"1","KONDYGNACJE_PODZIEMNE":"0","strefa":"w śladzie","warstwa":"budynki"},"geometry":{"type":"Polygon","coordinates":[[[19.912974,49.832412],[19.912908,49.832412],[19.912908,49.832345],[19.912974,49.832345],[19.912974,49.832412]]]}},{"type":"Feature","properties":{"gml_id":"budynki.120903_4.0002.524_BUD","ID_BUDYNKU":"120903_4.0002.524_BUD","RODZAJ":"i","KONDYGNACJE_NADZIEMNE":"1","KONDYGNACJE_PODZIEMNE":"0","strefa":"w śladzie","warstwa":"budynki"},"geometry":{"type":"Polygon","coordinates":[[[19.913236,49.832344],[19.913235,49.832377],[19.913234,49.832421],[19.913218,49.832421],[19.913198,49.832421],[19.913201,49.832344],[19.913236,49.832344]]]}},{"type":"Feature","properties":{"gml_id":"budynki.120903_4.0002.525_BUD","ID_BUDYNKU":"120903_4.0002.525_BUD","RODZAJ":"g","KONDYGNACJE_NADZIEMNE":"1","KONDYGNACJE_PODZIEMNE":"0","strefa":"w śladzie","warstwa":"budynki"},"geometry":{"type":"Polygon","coordinates":[[[19.913296,49.83231],[19.913294,49.832378],[19.913235,49.832377],[19.913236,49.832344],[19.913238,49.832309],[19.913296,49.83231]]]}},{"type":"Feature","properties":{"gml_id":"budynki.120903_4.0002.2149_BUD","ID_BUDYNKU":"120903_4.0002.2149_BUD","RODZAJ":"m","KONDYGNACJE_NADZIEMNE":"1","KONDYGNACJE_PODZIEMNE":"1","strefa":"w śladzie","warstwa":"budynki"},"geometry":{"type":"Polygon","coordinates":[[[19.913289,49.832288],[19.91329,49.832268],[19.913225,49.832266],[19.913232,49.832184],[19.913357,49.832188],[19.91335,49.83227],[19.913346,49.83227],[19.913344,49.83229],[19.913289,49.832288]]]}},{"type":"Feature","properties":{"gml_id":"budynki.120903_4.0002.2836_BUD","ID_BUDYNKU":"120903_4.0002.2836_BUD","RODZAJ":"m","KONDYGNACJE_NADZIEMNE":"2","KONDYGNACJE_PODZIEMNE":"1","strefa":"w śladzie","warstwa":"budynki"},"geometry":{"type":"Polygon","coordinates":[[[19.913115,49.831964],[19.913102,49.832039],[19.913015,49.832034],[19.913026,49.831959],[19.913115,49.831964]]]}},{"type":"Feature","properties":{"gml_id":"budynki.120903_4.0002.2837_BUD","ID_BUDYNKU":"120903_4.0002.2837_BUD","RODZAJ":"m","KONDYGNACJE_NADZIEMNE":"1","KONDYGNACJE_PODZIEMNE":"1","strefa":"w śladzie","warstwa":"budynki"},"geometry":{"type":"Polygon","coordinates":[[[19.913026,49.831959],[19.913015,49.832034],[19.912994,49.832032],[19.912877,49.832025],[19.912887,49.831951],[19.913026,49.831959]]]}},{"type":"Feature","properties":{"gml_id":"budynki.120903_4.0002.589_BUD","ID_BUDYNKU":"120903_4.0002.589_BUD","RODZAJ":"g","KONDYGNACJE_NADZIEMNE":"1","KONDYGNACJE_PODZIEMNE":"0","strefa":"w śladzie","warstwa":"budynki"},"geometry":{"type":"Polygon","coordinates":[[[19.912994,49.832032],[19.912989,49.83207],[19.912871,49.832063],[19.912877,49.832025],[19.912994,49.832032]]]}},{"type":"Feature","properties":{"gml_id":"budynki.120903_4.0002.2150_BUD","ID_BUDYNKU":"120903_4.0002.2150_BUD","RODZAJ":"m","KONDYGNACJE_NADZIEMNE":"1","KONDYGNACJE_PODZIEMNE":"0","strefa":"w śladzie","warstwa":"budynki"},"geometry":{"type":"Polygon","coordinates":[[[19.913205,49.832187],[19.91319,49.832253],[19.913143,49.832248],[19.913096,49.832243],[19.913055,49.832239],[19.913066,49.832195],[19.913072,49.832174],[19.913205,49.832187]]]}},{"type":"Feature","properties":{"gml_id":"budynki.120903_4.0002.527_BUD","ID_BUDYNKU":"120903_4.0002.527_BUD","RODZAJ":"i","KONDYGNACJE_NADZIEMNE":"1","KONDYGNACJE_PODZIEMNE":"0","strefa":"w śladzie","warstwa":"budynki"},"geometry":{"type":"Polygon","coordinates":[[[19.913066,49.832195],[19.913055,49.832239],[19.913054,49.832243],[19.913022,49.83224],[19.913033,49.832192],[19.913066,49.832195]]]}},{"type":"Feature","properties":{"gml_id":"budynki.120903_4.0002.128_BUD","ID_BUDYNKU":"120903_4.0002.128_BUD","RODZAJ":"m","KONDYGNACJE_NADZIEMNE":"3","KONDYGNACJE_PODZIEMNE":"0","strefa":"w śladzie","warstwa":"budynki"},"geometry":{"type":"Polygon","coordinates":[[[19.912756,49.832206],[19.912754,49.83226],[19.912615,49.832258],[19.912618,49.832165],[19.912713,49.832166],[19.912711,49.832205],[19.912756,49.832206]]]}},{"type":"Feature","properties":{"gml_id":"budynki.120903_4.0002.2607_BUD","ID_BUDYNKU":"120903_4.0002.2607_BUD","RODZAJ":"m","KONDYGNACJE_NADZIEMNE":"3","KONDYGNACJE_PODZIEMNE":"1","strefa":"w śladzie","warstwa":"budynki"},"geometry":{"type":"Polygon","coordinates":[[[19.912762,49.832036],[19.912617,49.832037],[19.912614,49.831944],[19.91276,49.831942],[19.912762,49.832036]]]}},{"type":"Feature","properties":{"gml_id":"budynki.120903_4.0003.958_BUD","ID_BUDYNKU":"120903_4.0003.958_BUD","RODZAJ":"g","KONDYGNACJE_NADZIEMNE":"1","KONDYGNACJE_PODZIEMNE":"0","strefa":"w śladzie","warstwa":"budynki"},"geometry":{"type":"Polygon","coordinates":[[[19.912948,49.831093],[19.912932,49.831162],[19.912833,49.831152],[19.912849,49.831084],[19.912948,49.831093]]]}},{"type":"Feature","properties":{"gml_id":"budynki.120903_4.0003.2044_BUD","ID_BUDYNKU":"120903_4.0003.2044_BUD","RODZAJ":"m","KONDYGNACJE_NADZIEMNE":"1","KONDYGNACJE_PODZIEMNE":"0","strefa":"w śladzie","warstwa":"budynki"},"geometry":{"type":"Polygon","coordinates":[[[19.912997,49.830816],[19.912967,49.830922],[19.912899,49.830914],[19.912905,49.830894],[19.912837,49.830886],[19.912862,49.8308],[19.912997,49.830816]]]}},{"type":"Feature","properties":{"gml_id":"budynki.120903_4.0003.2045_BUD","ID_BUDYNKU":"120903_4.0003.2045_BUD","RODZAJ":"m","KONDYGNACJE_NADZIEMNE":"2","KONDYGNACJE_PODZIEMNE":"0","strefa":"w śladzie","warstwa":"budynki"},"geometry":{"type":"Polygon","coordinates":[[[19.912482,49.830794],[19.912436,49.83092],[19.912421,49.830961],[19.912274,49.830939],[19.912294,49.830886],[19.912335,49.830772],[19.912482,49.830794]]]}},{"type":"Feature","properties":{"gml_id":"budynki.120903_4.0003.2889_BUD","ID_BUDYNKU":"120903_4.0003.2889_BUD","RODZAJ":"m","KONDYGNACJE_NADZIEMNE":"3","KONDYGNACJE_PODZIEMNE":"0","strefa":"w śladzie","warstwa":"budynki"},"geometry":{"type":"Polygon","coordinates":[[[19.912648,49.831068],[19.912619,49.831165],[19.912544,49.831155],[19.91254,49.831169],[19.91247,49.831161],[19.912503,49.83105],[19.912648,49.831068]]]}},{"type":"Feature","properties":{"gml_id":"budynki.120903_4.0003.959_BUD","ID_BUDYNKU":"120903_4.0003.959_BUD","RODZAJ":"m","KONDYGNACJE_NADZIEMNE":"1","KONDYGNACJE_PODZIEMNE":"1","strefa":"w śladzie","warstwa":"budynki"},"geometry":{"type":"Polygon","coordinates":[[[19.912893,49.831192],[19.912874,49.831267],[19.912815,49.831261],[19.91281,49.831277],[19.912778,49.831273],[19.912782,49.831257],[19.912702,49.831249],[19.91272,49.831174],[19.912893,49.831192]]]}},{"type":"Feature","properties":{"gml_id":"budynki.120903_4.0003.3058_BUD","ID_BUDYNKU":"120903_4.0003.3058_BUD","RODZAJ":"m","KONDYGNACJE_NADZIEMNE":"2","KONDYGNACJE_PODZIEMNE":"0","strefa":"nad tunelem","warstwa":"budynki"},"geometry":{"type":"Polygon","coordinates":[[[19.911874,49.830181],[19.911876,49.830176],[19.911835,49.83017],[19.911851,49.830125],[19.911891,49.83013],[19.911899,49.830107],[19.91203,49.830125],[19.912007,49.830194],[19.91193,49.830183],[19.911928,49.830189],[19.911874,49.830181]]]}},{"type":"Feature","properties":{"gml_id":"budynki.120614_4.0001.1613.1_BUD","ID_BUDYNKU":"120614_4.0001.1613.1_BUD","RODZAJ":"m","KONDYGNACJE_NADZIEMNE":"None","KONDYGNACJE_PODZIEMNE":"None","strefa":"nad tunelem","warstwa":"budynki"},"geometry":{"type":"Polygon","coordinates":[[[19.97043,49.927596],[19.970439,49.92755],[19.97051,49.927556],[19.970501,49.927602],[19.97043,49.927596]]]}},{"type":"Feature","properties":{"gml_id":"budynki.120906_2.0003.3341_BUD","ID_BUDYNKU":"120906_2.0003.3341_BUD","RODZAJ":"m","KONDYGNACJE_NADZIEMNE":"2","KONDYGNACJE_PODZIEMNE":"0","strefa":"nad tunelem","warstwa":"budynki"},"geometry":{"type":"Polygon","coordinates":[[[19.969145,49.926738],[19.969262,49.926729],[19.969254,49.926685],[19.96938,49.926675],[19.969395,49.926752],[19.969387,49.926752],[19.969393,49.926785],[19.969402,49.926784],[19.969411,49.926831],[19.969284,49.926841],[19.969259,49.926843],[19.969167,49.92685],[19.969145,49.926738]]]}},{"type":"Feature","properties":{"gml_id":"budynki.120906_2.0003.3753_BUD","ID_BUDYNKU":"120906_2.0003.3753_BUD","RODZAJ":"m","KONDYGNACJE_NADZIEMNE":"1","KONDYGNACJE_PODZIEMNE":"0","strefa":"w śladzie","warstwa":"budynki"},"geometry":{"type":"Polygon","coordinates":[[[19.958722,49.919557],[19.95889,49.919555],[19.958893,49.919646],[19.958829,49.919647],[19.95883,49.919663],[19.958788,49.919663],[19.958788,49.919659],[19.958788,49.919647],[19.958726,49.919648],[19.958722,49.919557]]]}},{"type":"Feature","properties":{"gml_id":"budynki.120906_2.0003.3515_BUD","ID_BUDYNKU":"120906_2.0003.3515_BUD","RODZAJ":"m","KONDYGNACJE_NADZIEMNE":"2","KONDYGNACJE_PODZIEMNE":"0","strefa":"w śladzie","warstwa":"budynki"},"geometry":{"type":"Polygon","coordinates":[[[19.957517,49.918848],[19.95759,49.918846],[19.957591,49.918854],[19.957623,49.918853],[19.957622,49.918844],[19.957681,49.918843],[19.957687,49.918924],[19.957568,49.918928],[19.957567,49.918907],[19.957521,49.918908],[19.957517,49.918848]]]}},{"type":"Feature","properties":{"gml_id":"budynki.120906_2.0003.865_BUD","ID_BUDYNKU":"120906_2.0003.865_BUD","RODZAJ":"m","KONDYGNACJE_NADZIEMNE":"2","KONDYGNACJE_PODZIEMNE":"0","strefa":"w śladzie","warstwa":"budynki"},"geometry":{"type":"Polygon","coordinates":[[[19.956917,49.918579],[19.95706,49.918577],[19.957063,49.918674],[19.956971,49.918675],[19.956971,49.918661],[19.95692,49.918662],[19.956917,49.918579]]]}},{"type":"Feature","properties":{"gml_id":"budynki.120906_2.0003.3782_BUD","ID_BUDYNKU":"120906_2.0003.3782_BUD","RODZAJ":"m","KONDYGNACJE_NADZIEMNE":"2","KONDYGNACJE_PODZIEMNE":"0","strefa":"w śladzie","warstwa":"budynki"},"geometry":{"type":"Polygon","coordinates":[[[19.956877,49.918953],[19.95688,49.918892],[19.956927,49.918893],[19.956927,49.918887],[19.957066,49.91889],[19.957065,49.91891],[19.957077,49.91891],[19.957075,49.918941],[19.957064,49.918941],[19.957063,49.918962],[19.956926,49.918959],[19.956926,49.918954],[19.956877,49.918953]]]}},{"type":"Feature","properties":{"gml_id":"budynki.120906_2.0003.3476_BUD","ID_BUDYNKU":"120906_2.0003.3476_BUD","RODZAJ":"m","KONDYGNACJE_NADZIEMNE":"2","KONDYGNACJE_PODZIEMNE":"0","strefa":"w śladzie","warstwa":"budynki"},"geometry":{"type":"Polygon","coordinates":[[[19.957217,49.918858],[19.95729,49.918856],[19.957291,49.918864],[19.957323,49.918863],[19.957322,49.918855],[19.957381,49.918853],[19.957388,49.918934],[19.957269,49.918938],[19.957267,49.918917],[19.957221,49.918919],[19.957217,49.918858]]]}},{"type":"Feature","properties":{"gml_id":"budynki.120906_2.0003.984_BUD","ID_BUDYNKU":"120906_2.0003.984_BUD","RODZAJ":"m","KONDYGNACJE_NADZIEMNE":"1","KONDYGNACJE_PODZIEMNE":"0","strefa":"w śladzie","warstwa":"budynki"},"geometry":{"type":"Polygon","coordinates":[[[19.95887,49.919844],[19.958721,49.919852],[19.95871,49.919765],[19.958859,49.919757],[19.95887,49.919844]]]}},{"type":"Feature","properties":{"gml_id":"budynki.120906_2.0003.994_BUD","ID_BUDYNKU":"120906_2.0003.994_BUD","RODZAJ":"g","KONDYGNACJE_NADZIEMNE":"1","KONDYGNACJE_PODZIEMNE":"0","strefa":"w śladzie","warstwa":"budynki"},"geometry":{"type":"Polygon","coordinates":[[[19.958896,49.919878],[19.958828,49.919881],[19.958824,49.919849],[19.958892,49.919846],[19.958896,49.919878]]]}},{"type":"Feature","properties":{"gml_id":"budynki.120906_2.0003.987_BUD","ID_BUDYNKU":"120906_2.0003.987_BUD","RODZAJ":"g","KONDYGNACJE_NADZIEMNE":"1","KONDYGNACJE_PODZIEMNE":"0","strefa":"w śladzie","warstwa":"budynki"},"geometry":{"type":"Polygon","coordinates":[[[19.958916,49.92009],[19.958737,49.92009],[19.958737,49.920036],[19.958916,49.920038],[19.958916,49.92009]]]}},{"type":"Feature","properties":{"gml_id":"budynki.121905_5.0020.530_BUD","ID_BUDYNKU":"121905_5.0020.530_BUD","RODZAJ":"m","KONDYGNACJE_NADZIEMNE":"None","KONDYGNACJE_PODZIEMNE":"None","strefa":"nad tunelem","warstwa":"budynki"},"geometry":{"type":"Polygon","coordinates":[[[19.991232,49.958732],[19.99122,49.958762],[19.991129,49.958747],[19.99114,49.958717],[19.99113,49.958715],[19.991165,49.958624],[19.991199,49.958629],[19.991202,49.958621],[19.991245,49.958628],[19.991242,49.958636],[19.991276,49.958642],[19.991241,49.958733],[19.991232,49.958732]]]}},{"type":"Feature","properties":{"gml_id":"budynki.121905_5.0006.1028_BUD","ID_BUDYNKU":"121905_5.0006.1028_BUD","RODZAJ":"m","KONDYGNACJE_NADZIEMNE":"None","KONDYGNACJE_PODZIEMNE":"None","strefa":"w śladzie","warstwa":"budynki"},"geometry":{"type":"Polygon","coordinates":[[[19.993453,49.964215],[19.993374,49.964235],[19.993327,49.964159],[19.993462,49.964125],[19.993514,49.96421],[19.993458,49.964224],[19.993453,49.964215]]]}},{"type":"Feature","properties":{"gml_id":"budynki.121905_5.0020.19_BUD","ID_BUDYNKU":"121905_5.0020.19_BUD","RODZAJ":"g","KONDYGNACJE_NADZIEMNE":"None","KONDYGNACJE_PODZIEMNE":"None","strefa":"nad tunelem","warstwa":"budynki"},"geometry":{"type":"Polygon","coordinates":[[[19.991674,49.960322],[19.991669,49.960371],[19.991557,49.960366],[19.991563,49.960317],[19.991674,49.960322]]]}},{"type":"Feature","properties":{"gml_id":"budynki.120903_4.0001.2417_BUD","ID_BUDYNKU":"120903_4.0001.2417_BUD","RODZAJ":"m","KONDYGNACJE_NADZIEMNE":"2","KONDYGNACJE_PODZIEMNE":"0","strefa":"w śladzie","warstwa":"budynki"},"geometry":{"type":"Polygon","coordinates":[[[19.943342,49.850743],[19.94321,49.850742],[19.943211,49.850674],[19.943231,49.850674],[19.943233,49.850601],[19.943344,49.850602],[19.943344,49.850627],[19.943361,49.850627],[19.943359,49.850701],[19.943343,49.850701],[19.943342,49.850743]]]}},{"type":"Feature","properties":{"gml_id":"budynki.120903_5.0005.1626_BUD","ID_BUDYNKU":"120903_5.0005.1626_BUD","RODZAJ":"m","KONDYGNACJE_NADZIEMNE":"2","KONDYGNACJE_PODZIEMNE":"0","strefa":"w śladzie","warstwa":"budynki"},"geometry":{"type":"Polygon","coordinates":[[[19.877264,49.908468],[19.877304,49.908392],[19.877353,49.908403],[19.877387,49.90841],[19.877449,49.908424],[19.877409,49.908501],[19.877352,49.908488],[19.877312,49.908479],[19.87728,49.908472],[19.877264,49.908468]]]}},{"type":"Feature","properties":{"gml_id":"budynki.120903_5.0015.1042_BUD","ID_BUDYNKU":"120903_5.0015.1042_BUD","RODZAJ":"i","KONDYGNACJE_NADZIEMNE":"1","KONDYGNACJE_PODZIEMNE":"0","strefa":"nad tunelem","warstwa":"budynki"},"geometry":{"type":"Polygon","coordinates":[[[19.940139,49.889496],[19.940079,49.889599],[19.939964,49.889571],[19.940025,49.889468],[19.940139,49.889496]]]}},{"type":"Feature","properties":{"gml_id":"budynki.120903_5.0008.572_BUD","ID_BUDYNKU":"120903_5.0008.572_BUD","RODZAJ":"m","KONDYGNACJE_NADZIEMNE":"2","KONDYGNACJE_PODZIEMNE":"1","strefa":"nad tunelem","warstwa":"budynki"},"geometry":{"type":"Polygon","coordinates":[[[19.939945,49.889996],[19.939906,49.890067],[19.939721,49.890025],[19.939761,49.889953],[19.939776,49.889957],[19.9398,49.889914],[19.939897,49.889937],[19.939873,49.889979],[19.939945,49.889996]]]}},{"type":"Feature","properties":{"gml_id":"budynki.120903_5.0008.1475_BUD","ID_BUDYNKU":"120903_5.0008.1475_BUD","RODZAJ":"m","KONDYGNACJE_NADZIEMNE":"2","KONDYGNACJE_PODZIEMNE":"1","strefa":"nad tunelem","warstwa":"budynki"},"geometry":{"type":"Polygon","coordinates":[[[19.939381,49.889938],[19.939399,49.889908],[19.939384,49.889904],[19.939403,49.889872],[19.939418,49.889876],[19.939427,49.889861],[19.939436,49.889845],[19.939465,49.889852],[19.939479,49.889856],[19.93953,49.889868],[19.939537,49.889856],[19.939542,49.889848],[19.939637,49.889872],[19.939591,49.88995],[19.939533,49.889936],[19.939512,49.88997],[19.939425,49.889949],[19.939398,49.889942],[19.939381,49.889938]]]}},{"type":"Feature","properties":{"gml_id":"budynki.120903_5.0015.1040_BUD","ID_BUDYNKU":"120903_5.0015.1040_BUD","RODZAJ":"m","KONDYGNACJE_NADZIEMNE":"2","KONDYGNACJE_PODZIEMNE":"0","strefa":"w śladzie","warstwa":"budynki"},"geometry":{"type":"Polygon","coordinates":[[[19.943503,49.884387],[19.943469,49.884364],[19.943464,49.884361],[19.943499,49.884339],[19.943504,49.884336],[19.943564,49.884297],[19.943663,49.884362],[19.943563,49.884426],[19.943528,49.884403],[19.943503,49.884387]]]}},{"type":"Feature","properties":{"gml_id":"budynki.120903_5.0015.170_BUD","ID_BUDYNKU":"120903_5.0015.170_BUD","RODZAJ":"m","KONDYGNACJE_NADZIEMNE":"2","KONDYGNACJE_PODZIEMNE":"0","strefa":"w śladzie","warstwa":"budynki"},"geometry":{"type":"Polygon","coordinates":[[[19.943389,49.885123],[19.943307,49.885174],[19.943292,49.885163],[19.943215,49.885211],[19.943148,49.885165],[19.943224,49.885118],[19.94321,49.885108],[19.943293,49.885057],[19.943326,49.88508],[19.943348,49.88508],[19.943364,49.885091],[19.943363,49.885105],[19.943389,49.885123]]]}},{"type":"Feature","properties":{"gml_id":"budynki.120903_5.0015.380_BUD","ID_BUDYNKU":"120903_5.0015.380_BUD","RODZAJ":"i","KONDYGNACJE_NADZIEMNE":"1","KONDYGNACJE_PODZIEMNE":"0","strefa":"w śladzie","warstwa":"budynki"},"geometry":{"type":"Polygon","coordinates":[[[19.942379,49.885967],[19.942414,49.885948],[19.942455,49.88598],[19.94242,49.885999],[19.942379,49.885967]]]}},{"type":"Feature","properties":{"gml_id":"budynki.120903_5.0015.154_BUD","ID_BUDYNKU":"120903_5.0015.154_BUD","RODZAJ":"i","KONDYGNACJE_NADZIEMNE":"1","KONDYGNACJE_PODZIEMNE":"0","strefa":"w śladzie","warstwa":"budynki"},"geometry":{"type":"Polygon","coordinates":[[[19.942594,49.886059],[19.94256,49.88608],[19.942516,49.88605],[19.94255,49.886029],[19.942594,49.886059]]]}},{"type":"Feature","properties":{"gml_id":"budynki.120903_5.0015.14_BUD","ID_BUDYNKU":"120903_5.0015.14_BUD","RODZAJ":"m","KONDYGNACJE_NADZIEMNE":"2","KONDYGNACJE_PODZIEMNE":"0","strefa":"w śladzie","warstwa":"budynki"},"geometry":{"type":"Polygon","coordinates":[[[19.942694,49.885963],[19.942603,49.886018],[19.942529,49.885967],[19.942619,49.885912],[19.942694,49.885963]]]}},{"type":"Feature","properties":{"gml_id":"budynki.120903_5.0015.164_BUD","ID_BUDYNKU":"120903_5.0015.164_BUD","RODZAJ":"m","KONDYGNACJE_NADZIEMNE":"2","KONDYGNACJE_PODZIEMNE":"1","strefa":"w śladzie","warstwa":"budynki"},"geometry":{"type":"Polygon","coordinates":[[[19.942978,49.885648],[19.942994,49.885638],[19.943011,49.885627],[19.943057,49.885599],[19.943105,49.885569],[19.943182,49.885622],[19.943138,49.885649],[19.943105,49.885669],[19.943067,49.885693],[19.943056,49.8857],[19.942978,49.885648]]]}},{"type":"Feature","properties":{"gml_id":"budynki.120903_5.0015.148_BUD","ID_BUDYNKU":"120903_5.0015.148_BUD","RODZAJ":"m","KONDYGNACJE_NADZIEMNE":"2","KONDYGNACJE_PODZIEMNE":"0","strefa":"w śladzie","warstwa":"budynki"},"geometry":{"type":"Polygon","coordinates":[[[19.942285,49.885755],[19.942376,49.885687],[19.942415,49.885709],[19.942428,49.885716],[19.942461,49.885735],[19.942497,49.885755],[19.942426,49.885808],[19.942422,49.885806],[19.942401,49.885821],[19.942285,49.885755]]]}},{"type":"Feature","properties":{"gml_id":"budynki.120903_5.0015.156_BUD","ID_BUDYNKU":"120903_5.0015.156_BUD","RODZAJ":"m","KONDYGNACJE_NADZIEMNE":"1","KONDYGNACJE_PODZIEMNE":"0","strefa":"w śladzie","warstwa":"budynki"},"geometry":{"type":"Polygon","coordinates":[[[19.942589,49.885433],[19.942676,49.885374],[19.942779,49.885437],[19.94269,49.885497],[19.942687,49.885495],[19.942653,49.885475],[19.942639,49.885485],[19.94263,49.88548],[19.942607,49.885466],[19.942624,49.885454],[19.942589,49.885433]]]}},{"type":"Feature","properties":{"gml_id":"budynki.120903_5.0015.160_BUD","ID_BUDYNKU":"120903_5.0015.160_BUD","RODZAJ":"m","KONDYGNACJE_NADZIEMNE":"2","KONDYGNACJE_PODZIEMNE":"0","strefa":"w śladzie","warstwa":"budynki"},"geometry":{"type":"Polygon","coordinates":[[[19.94287,49.885553],[19.942855,49.885563],[19.942819,49.885538],[19.942885,49.885497],[19.942909,49.885482],[19.942941,49.885504],[19.942954,49.885495],[19.94299,49.88552],[19.942956,49.885541],[19.942955,49.88555],[19.942939,49.88556],[19.942925,49.88556],[19.942902,49.885575],[19.94287,49.885553]]]}},{"type":"Feature","properties":{"gml_id":"budynki.120903_5.0015.295_BUD","ID_BUDYNKU":"120903_5.0015.295_BUD","RODZAJ":"m","KONDYGNACJE_NADZIEMNE":"1","KONDYGNACJE_PODZIEMNE":"0","strefa":"w śladzie","warstwa":"budynki"},"geometry":{"type":"Polygon","coordinates":[[[19.94866,49.878713],[19.948567,49.878765],[19.948421,49.878654],[19.948487,49.878617],[19.948514,49.878601],[19.948598,49.878666],[19.948624,49.878685],[19.94866,49.878713]]]}},{"type":"Feature","properties":{"gml_id":"budynki.120903_5.0015.328_BUD","ID_BUDYNKU":"120903_5.0015.328_BUD","RODZAJ":"m","KONDYGNACJE_NADZIEMNE":"1","KONDYGNACJE_PODZIEMNE":"0","strefa":"w śladzie","warstwa":"budynki"},"geometry":{"type":"Polygon","coordinates":[[[19.949522,49.878098],[19.949471,49.878077],[19.949353,49.87803],[19.949414,49.877968],[19.949531,49.878015],[19.949582,49.878035],[19.949522,49.878098]]]}},{"type":"Feature","properties":{"gml_id":"budynki.120903_5.0015.320_BUD","ID_BUDYNKU":"120903_5.0015.320_BUD","RODZAJ":"g","KONDYGNACJE_NADZIEMNE":"1","KONDYGNACJE_PODZIEMNE":"0","strefa":"w śladzie","warstwa":"budynki"},"geometry":{"type":"Polygon","coordinates":[[[19.949194,49.878274],[19.949257,49.8782],[19.949304,49.878215],[19.949294,49.878228],[19.949347,49.878246],[19.949357,49.878232],[19.949404,49.878246],[19.949337,49.878325],[19.949194,49.878274]]]}},{"type":"Feature","properties":{"gml_id":"budynki.120903_5.0005.1956_BUD","ID_BUDYNKU":"120903_5.0005.1956_BUD","RODZAJ":"m","KONDYGNACJE_NADZIEMNE":"2","KONDYGNACJE_PODZIEMNE":"0","strefa":"nad tunelem","warstwa":"budynki"},"geometry":{"type":"Polygon","coordinates":[[[19.890866,49.908954],[19.890998,49.908932],[19.891016,49.908976],[19.891028,49.90898],[19.891037,49.909],[19.89103,49.909007],[19.891041,49.909035],[19.890994,49.909043],[19.890955,49.90905],[19.890908,49.909058],[19.890866,49.908954]]]}},{"type":"Feature","properties":{"gml_id":"budynki.120903_5.0005.1869_BUD","ID_BUDYNKU":"120903_5.0005.1869_BUD","RODZAJ":"g","KONDYGNACJE_NADZIEMNE":"1","KONDYGNACJE_PODZIEMNE":"0","strefa":"nad tunelem","warstwa":"budynki"},"geometry":{"type":"Polygon","coordinates":[[[19.890945,49.909155],[19.890992,49.90915],[19.891004,49.909195],[19.890957,49.9092],[19.890945,49.909155]]]}},{"type":"Feature","properties":{"gml_id":"budynki.120903_5.0005.2353_BUD","ID_BUDYNKU":"120903_5.0005.2353_BUD","RODZAJ":"g","KONDYGNACJE_NADZIEMNE":"1","KONDYGNACJE_PODZIEMNE":"0","strefa":"nad tunelem","warstwa":"budynki"},"geometry":{"type":"Polygon","coordinates":[[[19.890989,49.909142],[19.89105,49.909135],[19.891066,49.909197],[19.891006,49.909204],[19.891004,49.909195],[19.890992,49.90915],[19.890989,49.909142]]]}},{"type":"Feature","properties":{"gml_id":"budynki.120903_5.0005.1870_BUD","ID_BUDYNKU":"120903_5.0005.1870_BUD","RODZAJ":"g","KONDYGNACJE_NADZIEMNE":"1","KONDYGNACJE_PODZIEMNE":"0","strefa":"nad tunelem","warstwa":"budynki"},"geometry":{"type":"Polygon","coordinates":[[[19.890743,49.9092],[19.890869,49.90918],[19.890891,49.909237],[19.890879,49.909239],[19.890899,49.909291],[19.890785,49.909309],[19.890743,49.9092]]]}},{"type":"Feature","properties":{"gml_id":"budynki.120903_5.0005.2354_BUD","ID_BUDYNKU":"120903_5.0005.2354_BUD","RODZAJ":"m","KONDYGNACJE_NADZIEMNE":"2","KONDYGNACJE_PODZIEMNE":"1","strefa":"nad tunelem","warstwa":"budynki"},"geometry":{"type":"Polygon","coordinates":[[[19.891111,49.909398],[19.891053,49.909402],[19.891042,49.909318],[19.891096,49.909315],[19.891094,49.909298],[19.891144,49.909295],[19.891147,49.909313],[19.891163,49.909312],[19.891196,49.90931],[19.891208,49.909393],[19.891131,49.909397],[19.891111,49.909398]]]}},{"type":"Feature","properties":{"gml_id":"budynki.120903_5.0005.1871_BUD","ID_BUDYNKU":"120903_5.0005.1871_BUD","RODZAJ":"g","KONDYGNACJE_NADZIEMNE":"1","KONDYGNACJE_PODZIEMNE":"0","strefa":"nad tunelem","warstwa":"budynki"},"geometry":{"type":"Polygon","coordinates":[[[19.890785,49.909309],[19.890899,49.909291],[19.890916,49.909288],[19.89094,49.90935],[19.890906,49.909355],[19.890809,49.909371],[19.890785,49.909309]]]}},{"type":"Feature","properties":{"gml_id":"budynki.120903_5.0005.1872_BUD","ID_BUDYNKU":"120903_5.0005.1872_BUD","RODZAJ":"m","KONDYGNACJE_NADZIEMNE":"2","KONDYGNACJE_PODZIEMNE":"0","strefa":"nad tunelem","warstwa":"budynki"},"geometry":{"type":"Polygon","coordinates":[[[19.891612,49.909355],[19.891608,49.909355],[19.891606,49.909305],[19.891655,49.909304],[19.891655,49.909295],[19.891721,49.909293],[19.891722,49.909303],[19.891727,49.909303],[19.891729,49.909325],[19.891746,49.909336],[19.891767,49.909335],[19.891771,49.909335],[19.891772,49.909342],[19.891784,49.909342],[19.891786,49.909393],[19.891774,49.909393],[19.891776,49.909434],[19.891759,49.909434],[19.891761,49.909492],[19.89163,49.909494],[19.891628,49.909437],[19.891611,49.909437],[19.89161,49.909389],[19.89161,49.909387],[19.891614,49.909387],[19.891613,49.909381],[19.891617,49.909381],[19.891616,49.909362],[19.891612,49.909362],[19.891612,49.909355]]]}},{"type":"Feature","properties":{"gml_id":"budynki.120903_5.0005.1996_BUD","ID_BUDYNKU":"120903_5.0005.1996_BUD","RODZAJ":"g","KONDYGNACJE_NADZIEMNE":"1","KONDYGNACJE_PODZIEMNE":"0","strefa":"nad tunelem","warstwa":"budynki"},"geometry":{"type":"Polygon","coordinates":[[[19.892175,49.909581],[19.892102,49.909597],[19.892047,49.90949],[19.892139,49.90947],[19.892161,49.909512],[19.892141,49.909516],[19.892175,49.909581]]]}},{"type":"Feature","properties":{"gml_id":"budynki.120903_5.0005.1873_BUD","ID_BUDYNKU":"120903_5.0005.1873_BUD","RODZAJ":"m","KONDYGNACJE_NADZIEMNE":"1","KONDYGNACJE_PODZIEMNE":"1","strefa":"nad tunelem","warstwa":"budynki"},"geometry":{"type":"Polygon","coordinates":[[[19.892185,49.909651],[19.892259,49.909623],[19.892293,49.90961],[19.892328,49.909596],[19.892458,49.909546],[19.892524,49.909617],[19.892325,49.909694],[19.892251,49.909722],[19.892185,49.909651]]]}},{"type":"Feature","properties":{"gml_id":"budynki.126104_9.0096.327/6.2_BUD","ID_BUDYNKU":"126104_9.0096.327/6.2_BUD","RODZAJ":"m","KONDYGNACJE_NADZIEMNE":"brak_uprawnień","KONDYGNACJE_PODZIEMNE":"brak_uprawnień","strefa":"w śladzie","warstwa":"budynki"},"geometry":{"type":"Polygon","coordinates":[[[19.992337,49.984384],[19.992194,49.984385],[19.992194,49.984293],[19.992289,49.984293],[19.992337,49.984292],[19.992337,49.984324],[19.992337,49.984384]]]}},{"type":"Feature","properties":{"gml_id":"budynki.126104_9.0096.327/5.1_BUD","ID_BUDYNKU":"126104_9.0096.327/5.1_BUD","RODZAJ":"m","KONDYGNACJE_NADZIEMNE":"brak_uprawnień","KONDYGNACJE_PODZIEMNE":"brak_uprawnień","strefa":"w śladzie","warstwa":"budynki"},"geometry":{"type":"Polygon","coordinates":[[[19.992247,49.984582],[19.992247,49.984521],[19.992387,49.984521],[19.992387,49.984582],[19.992247,49.984582]]]}},{"type":"Feature","properties":{"gml_id":"budynki.126104_9.0097.365/2.2_BUD","ID_BUDYNKU":"126104_9.0097.365/2.2_BUD","RODZAJ":"i","KONDYGNACJE_NADZIEMNE":"brak_uprawnień","KONDYGNACJE_PODZIEMNE":"brak_uprawnień","strefa":"w śladzie","warstwa":"budynki"},"geometry":{"type":"Polygon","coordinates":[[[19.993064,49.98287],[19.993071,49.982846],[19.993126,49.982852],[19.99312,49.982876],[19.993064,49.98287]]]}},{"type":"Feature","properties":{"gml_id":"budynki.126104_9.0097.365/2.1_BUD","ID_BUDYNKU":"126104_9.0097.365/2.1_BUD","RODZAJ":"m","KONDYGNACJE_NADZIEMNE":"brak_uprawnień","KONDYGNACJE_PODZIEMNE":"brak_uprawnień","strefa":"w śladzie","warstwa":"budynki"},"geometry":{"type":"Polygon","coordinates":[[[19.993,49.982939],[19.992859,49.982915],[19.99287,49.982888],[19.992838,49.982882],[19.992855,49.982843],[19.992886,49.982849],[19.992901,49.982814],[19.993043,49.982839],[19.993,49.982939]]]}},{"type":"Feature","properties":{"gml_id":"budynki.126104_9.0097.234.1_BUD","ID_BUDYNKU":"126104_9.0097.234.1_BUD","RODZAJ":"m","KONDYGNACJE_NADZIEMNE":"brak_uprawnień","KONDYGNACJE_PODZIEMNE":"brak_uprawnień","strefa":"w śladzie","warstwa":"budynki"},"geometry":{"type":"Polygon","coordinates":[[[19.995148,49.974183],[19.995142,49.974089],[19.995191,49.974088],[19.995283,49.974086],[19.995284,49.974099],[19.995287,49.974143],[19.995289,49.974179],[19.995148,49.974183]]]}},{"type":"Feature","properties":{"gml_id":"budynki.126104_9.0097.234.2_BUD","ID_BUDYNKU":"126104_9.0097.234.2_BUD","RODZAJ":"i","KONDYGNACJE_NADZIEMNE":"brak_uprawnień","KONDYGNACJE_PODZIEMNE":"brak_uprawnień","strefa":"w śladzie","warstwa":"budynki"},"geometry":{"type":"Polygon","coordinates":[[[19.995447,49.973928],[19.99534,49.973928],[19.995339,49.973895],[19.995379,49.973894],[19.995377,49.97384],[19.995448,49.97384],[19.995447,49.973928]]]}},{"type":"Feature","properties":{"gml_id":"budynki.121905_5.0006.1223_BUD","ID_BUDYNKU":"121905_5.0006.1223_BUD","RODZAJ":"i","KONDYGNACJE_NADZIEMNE":"None","KONDYGNACJE_PODZIEMNE":"None","strefa":"w śladzie","warstwa":"budynki"},"geometry":{"type":"Polygon","coordinates":[[[19.994872,49.973513],[19.994856,49.973592],[19.994814,49.973588],[19.994829,49.97351],[19.994872,49.973513]]]}},{"type":"Feature","properties":{"gml_id":"budynki.126104_9.0096.30.3_BUD","ID_BUDYNKU":"126104_9.0096.30.3_BUD","RODZAJ":"i","KONDYGNACJE_NADZIEMNE":"brak_uprawnień","KONDYGNACJE_PODZIEMNE":"brak_uprawnień","strefa":"nad tunelem","warstwa":"budynki"},"geometry":{"type":"Polygon","coordinates":[[[19.983682,49.992794],[19.983641,49.992773],[19.983724,49.992704],[19.983766,49.992725],[19.983682,49.992794]]]}},{"type":"Feature","properties":{"gml_id":"budynki.126104_9.0096.30.1_BUD","ID_BUDYNKU":"126104_9.0096.30.1_BUD","RODZAJ":"m","KONDYGNACJE_NADZIEMNE":"brak_uprawnień","KONDYGNACJE_PODZIEMNE":"brak_uprawnień","strefa":"nad tunelem","warstwa":"budynki"},"geometry":{"type":"Polygon","coordinates":[[[19.983677,49.992798],[19.983755,49.992734],[19.983867,49.992791],[19.983789,49.992855],[19.983677,49.992798]]]}},{"type":"Feature","properties":{"gml_id":"budynki.126104_9.0095.123.3_BUD","ID_BUDYNKU":"126104_9.0095.123.3_BUD","RODZAJ":"g","KONDYGNACJE_NADZIEMNE":"brak_uprawnień","KONDYGNACJE_PODZIEMNE":"brak_uprawnień","strefa":"nad tunelem","warstwa":"budynki"},"geometry":{"type":"Polygon","coordinates":[[[19.983237,49.993027],[19.983208,49.993079],[19.98316,49.993068],[19.983191,49.993016],[19.983237,49.993027]]]}},{"type":"Feature","properties":{"gml_id":"budynki.126104_9.0095.119.2_BUD","ID_BUDYNKU":"126104_9.0095.119.2_BUD","RODZAJ":"m","KONDYGNACJE_NADZIEMNE":"brak_uprawnień","KONDYGNACJE_PODZIEMNE":"brak_uprawnień","strefa":"nad tunelem","warstwa":"budynki"},"geometry":{"type":"Polygon","coordinates":[[[19.982524,49.993823],[19.982472,49.99381],[19.982508,49.993741],[19.982511,49.993742],[19.982505,49.993755],[19.982552,49.993766],[19.982559,49.993753],[19.98268,49.993779],[19.982627,49.993883],[19.982567,49.993871],[19.98256,49.993886],[19.982519,49.993877],[19.982527,49.993862],[19.982505,49.993857],[19.982524,49.993823]]]}},{"type":"Feature","properties":{"gml_id":"budynki.126104_9.0095.119.1_BUD","ID_BUDYNKU":"126104_9.0095.119.1_BUD","RODZAJ":"m","KONDYGNACJE_NADZIEMNE":"brak_uprawnień","KONDYGNACJE_PODZIEMNE":"brak_uprawnień","strefa":"nad tunelem","warstwa":"budynki"},"geometry":{"type":"Polygon","coordinates":[[[19.98306,49.993835],[19.983003,49.993952],[19.98286,49.993923],[19.982885,49.993873],[19.982838,49.993864],[19.982825,49.993856],[19.982842,49.993824],[19.982859,49.993822],[19.982872,49.993797],[19.982971,49.993817],[19.983005,49.993824],[19.98306,49.993835]]]}},{"type":"Feature","properties":{"gml_id":"budynki.126104_9.0095.90.3_BUD","ID_BUDYNKU":"126104_9.0095.90.3_BUD","RODZAJ":"g","KONDYGNACJE_NADZIEMNE":"brak_uprawnień","KONDYGNACJE_PODZIEMNE":"brak_uprawnień","strefa":"w śladzie","warstwa":"budynki"},"geometry":{"type":"Polygon","coordinates":[[[19.979568,49.996332],[19.979633,49.996294],[19.979747,49.996377],[19.979682,49.996415],[19.979568,49.996332]]]}},{"type":"Feature","properties":{"gml_id":"budynki.126104_9.0095.90.5_BUD","ID_BUDYNKU":"126104_9.0095.90.5_BUD","RODZAJ":"g","KONDYGNACJE_NADZIEMNE":"brak_uprawnień","KONDYGNACJE_PODZIEMNE":"brak_uprawnień","strefa":"w śladzie","warstwa":"budynki"},"geometry":{"type":"Polygon","coordinates":[[[19.979804,49.996248],[19.979843,49.996225],[19.979863,49.996239],[19.979825,49.996262],[19.979804,49.996248]]]}},{"type":"Feature","properties":{"gml_id":"budynki.126104_9.0095.90.1_BUD","ID_BUDYNKU":"126104_9.0095.90.1_BUD","RODZAJ":"m","KONDYGNACJE_NADZIEMNE":"brak_uprawnień","KONDYGNACJE_PODZIEMNE":"brak_uprawnień","strefa":"w śladzie","warstwa":"budynki"},"geometry":{"type":"Polygon","coordinates":[[[19.97966,49.996206],[19.979748,49.996156],[19.979843,49.996225],[19.979804,49.996248],[19.979757,49.996276],[19.97966,49.996206]]]}},{"type":"Feature","properties":{"gml_id":"budynki.126104_9.0095.10.1_BUD","ID_BUDYNKU":"126104_9.0095.10.1_BUD","RODZAJ":"m","KONDYGNACJE_NADZIEMNE":"brak_uprawnień","KONDYGNACJE_PODZIEMNE":"brak_uprawnień","strefa":"w śladzie","warstwa":"budynki"},"geometry":{"type":"Polygon","coordinates":[[[19.979301,49.996754],[19.979276,49.996673],[19.979395,49.996658],[19.979421,49.996739],[19.979301,49.996754]]]}},{"type":"Feature","properties":{"gml_id":"budynki.126104_9.0095.9/5.2_BUD","ID_BUDYNKU":"126104_9.0095.9/5.2_BUD","RODZAJ":"g","KONDYGNACJE_NADZIEMNE":"brak_uprawnień","KONDYGNACJE_PODZIEMNE":"brak_uprawnień","strefa":"w śladzie","warstwa":"budynki"},"geometry":{"type":"Polygon","coordinates":[[[19.978673,49.996875],[19.97869,49.996969],[19.97862,49.996973],[19.978604,49.996879],[19.978673,49.996875]]]}},{"type":"Feature","properties":{"gml_id":"budynki.126104_9.0095.10.2_BUD","ID_BUDYNKU":"126104_9.0095.10.2_BUD","RODZAJ":"g","KONDYGNACJE_NADZIEMNE":"brak_uprawnień","KONDYGNACJE_PODZIEMNE":"brak_uprawnień","strefa":"w śladzie","warstwa":"budynki"},"geometry":{"type":"Polygon","coordinates":[[[19.979426,49.996861],[19.979426,49.996862],[19.979322,49.996871],[19.979314,49.996831],[19.979419,49.996822],[19.979426,49.996861]]]}},{"type":"Feature","properties":{"gml_id":"budynki.126104_9.0095.10.3_BUD","ID_BUDYNKU":"126104_9.0095.10.3_BUD","RODZAJ":"g","KONDYGNACJE_NADZIEMNE":"brak_uprawnień","KONDYGNACJE_PODZIEMNE":"brak_uprawnień","strefa":"w śladzie","warstwa":"budynki"},"geometry":{"type":"Polygon","coordinates":[[[19.979426,49.996861],[19.979419,49.996822],[19.979457,49.996819],[19.979464,49.996858],[19.979426,49.996861]]]}},{"type":"Feature","properties":{"gml_id":"budynki.126104_9.0095.9/7.1_BUD","ID_BUDYNKU":"126104_9.0095.9/7.1_BUD","RODZAJ":"i","KONDYGNACJE_NADZIEMNE":"brak_uprawnień","KONDYGNACJE_PODZIEMNE":"brak_uprawnień","strefa":"w śladzie","warstwa":"budynki"},"geometry":{"type":"Polygon","coordinates":[[[19.979075,49.997243],[19.979074,49.997181],[19.979162,49.997181],[19.979163,49.997243],[19.979075,49.997243]]]}},{"type":"Feature","properties":{"gml_id":"budynki.126104_9.0095.9/7.2_BUD","ID_BUDYNKU":"126104_9.0095.9/7.2_BUD","RODZAJ":"m","KONDYGNACJE_NADZIEMNE":"brak_uprawnień","KONDYGNACJE_PODZIEMNE":"brak_uprawnień","strefa":"w śladzie","warstwa":"budynki"},"geometry":{"type":"Polygon","coordinates":[[[19.979074,49.997162],[19.979074,49.997181],[19.979075,49.997243],[19.979075,49.997261],[19.978913,49.997261],[19.978913,49.997259],[19.978863,49.997259],[19.978863,49.997189],[19.978911,49.997189],[19.978911,49.997162],[19.979074,49.997162]]]}},{"type":"Feature","properties":{"gml_id":"budynki.126104_9.0096.34/5.1_BUD","ID_BUDYNKU":"126104_9.0096.34/5.1_BUD","RODZAJ":"m","KONDYGNACJE_NADZIEMNE":"brak_uprawnień","KONDYGNACJE_PODZIEMNE":"brak_uprawnień","strefa":"nad tunelem","warstwa":"budynki"},"geometry":{"type":"Polygon","coordinates":[[[19.984298,49.992989],[19.984316,49.992959],[19.984267,49.992946],[19.984275,49.992935],[19.984308,49.992882],[19.984357,49.992894],[19.984376,49.992865],[19.984404,49.992872],[19.984476,49.992891],[19.984458,49.99292],[19.984473,49.992924],[19.984551,49.992944],[19.98451,49.993009],[19.984432,49.992989],[19.984417,49.992985],[19.984399,49.993015],[19.984376,49.993009],[19.984298,49.992989]]]}},{"type":"Feature","properties":{"gml_id":"budynki.126104_9.0096.99/5.2_BUD","ID_BUDYNKU":"126104_9.0096.99/5.2_BUD","RODZAJ":"g","KONDYGNACJE_NADZIEMNE":"brak_uprawnień","KONDYGNACJE_PODZIEMNE":"brak_uprawnień","strefa":"w śladzie","warstwa":"budynki"},"geometry":{"type":"Polygon","coordinates":[[[19.987736,49.989344],[19.987679,49.989252],[19.987771,49.989228],[19.987829,49.98932],[19.987736,49.989344]]]}},{"type":"Feature","properties":{"gml_id":"budynki.120903_4.0003.298_BUD","ID_BUDYNKU":"120903_4.0003.298_BUD","RODZAJ":"i","KONDYGNACJE_NADZIEMNE":"1","KONDYGNACJE_PODZIEMNE":"0","strefa":"w śladzie","warstwa":"budynki"},"geometry":{"type":"Polygon","coordinates":[[[19.921906,49.81016],[19.92184,49.81025],[19.921692,49.810207],[19.921597,49.810177],[19.921664,49.810085],[19.921906,49.81016]]]}},{"type":"Feature","properties":{"gml_id":"budynki.120903_4.0003.299_BUD","ID_BUDYNKU":"120903_4.0003.299_BUD","RODZAJ":"m","KONDYGNACJE_NADZIEMNE":"1","KONDYGNACJE_PODZIEMNE":"0","strefa":"w śladzie","warstwa":"budynki"},"geometry":{"type":"Polygon","coordinates":[[[19.92184,49.81025],[19.921741,49.810393],[19.921593,49.81035],[19.921692,49.810207],[19.92184,49.81025]]]}},{"type":"Feature","properties":{"gml_id":"budynki.120906_2.0003.1550_BUD","ID_BUDYNKU":"120906_2.0003.1550_BUD","RODZAJ":"g","KONDYGNACJE_NADZIEMNE":"1","KONDYGNACJE_PODZIEMNE":"0","strefa":"nad tunelem","warstwa":"budynki"},"geometry":{"type":"Polygon","coordinates":[[[19.968206,49.925859],[19.968303,49.925822],[19.968406,49.925936],[19.968309,49.925972],[19.968206,49.925859]]]}},{"type":"Feature","properties":{"gml_id":"budynki.120906_2.0003.1492_BUD","ID_BUDYNKU":"120906_2.0003.1492_BUD","RODZAJ":"m","KONDYGNACJE_NADZIEMNE":"1","KONDYGNACJE_PODZIEMNE":"0","strefa":"nad tunelem","warstwa":"budynki"},"geometry":{"type":"Polygon","coordinates":[[[19.967525,49.925891],[19.967578,49.925868],[19.967608,49.925854],[19.967704,49.925812],[19.967711,49.925817],[19.967757,49.92586],[19.967777,49.92588],[19.967722,49.925904],[19.967753,49.925932],[19.967691,49.92596],[19.967703,49.925971],[19.96764,49.925999],[19.967614,49.925974],[19.967525,49.925891]]]}},{"type":"Feature","properties":{"gml_id":"budynki.120906_2.0003.1496_BUD","ID_BUDYNKU":"120906_2.0003.1496_BUD","RODZAJ":"i","KONDYGNACJE_NADZIEMNE":"1","KONDYGNACJE_PODZIEMNE":"0","strefa":"nad tunelem","warstwa":"budynki"},"geometry":{"type":"Polygon","coordinates":[[[19.967608,49.925854],[19.967578,49.925868],[19.967565,49.925856],[19.967595,49.925843],[19.967608,49.925854]]]}},{"type":"Feature","properties":{"gml_id":"budynki.120906_2.0003.1514_BUD","ID_BUDYNKU":"120906_2.0003.1514_BUD","RODZAJ":"i","KONDYGNACJE_NADZIEMNE":"1","KONDYGNACJE_PODZIEMNE":"0","strefa":"nad tunelem","warstwa":"budynki"},"geometry":{"type":"Polygon","coordinates":[[[19.967795,49.925843],[19.967757,49.92586],[19.967711,49.925817],[19.967749,49.9258],[19.967795,49.925843]]]}},{"type":"Feature","properties":{"gml_id":"budynki.120906_2.0003.1523_BUD","ID_BUDYNKU":"120906_2.0003.1523_BUD","RODZAJ":"i","KONDYGNACJE_NADZIEMNE":"1","KONDYGNACJE_PODZIEMNE":"0","strefa":"nad tunelem","warstwa":"budynki"},"geometry":{"type":"Polygon","coordinates":[[[19.967835,49.925688],[19.967831,49.925733],[19.96779,49.925731],[19.967794,49.925687],[19.967835,49.925688]]]}},{"type":"Feature","properties":{"gml_id":"budynki.120906_2.0003.1497_BUD","ID_BUDYNKU":"120906_2.0003.1497_BUD","RODZAJ":"i","KONDYGNACJE_NADZIEMNE":"1","KONDYGNACJE_PODZIEMNE":"0","strefa":"nad tunelem","warstwa":"budynki"},"geometry":{"type":"Polygon","coordinates":[[[19.96764,49.925999],[19.967601,49.926017],[19.967575,49.925992],[19.967614,49.925974],[19.96764,49.925999]]]}},{"type":"Feature","properties":{"gml_id":"budynki.120614_5.0002.1001.1_BUD","ID_BUDYNKU":"120614_5.0002.1001.1_BUD","RODZAJ":"g","KONDYGNACJE_NADZIEMNE":"None","KONDYGNACJE_PODZIEMNE":"None","strefa":"w śladzie","warstwa":"budynki"},"geometry":{"type":"Polygon","coordinates":[[[19.983809,49.94536],[19.983794,49.945439],[19.983659,49.945428],[19.983673,49.94535],[19.983809,49.94536]]]}},{"type":"Feature","properties":{"gml_id":"budynki.120614_5.0002.1000/3.1_BUD","ID_BUDYNKU":"120614_5.0002.1000/3.1_BUD","RODZAJ":"m","KONDYGNACJE_NADZIEMNE":"None","KONDYGNACJE_PODZIEMNE":"None","strefa":"w śladzie","warstwa":"budynki"},"geometry":{"type":"Polygon","coordinates":[[[19.984106,49.94564],[19.983952,49.945643],[19.983952,49.945632],[19.983896,49.945633],[19.983894,49.945569],[19.98395,49.945569],[19.983949,49.945557],[19.984,49.945556],[19.984001,49.945561],[19.984031,49.94556],[19.98403,49.945555],[19.984103,49.945554],[19.984106,49.94564]]]}},{"type":"Feature","properties":{"gml_id":"budynki.120614_5.0002.1003/1.1_BUD","ID_BUDYNKU":"120614_5.0002.1003/1.1_BUD","RODZAJ":"m","KONDYGNACJE_NADZIEMNE":"None","KONDYGNACJE_PODZIEMNE":"None","strefa":"w śladzie","warstwa":"budynki"},"geometry":{"type":"Polygon","coordinates":[[[19.983457,49.945363],[19.983457,49.945364],[19.983309,49.945352],[19.983312,49.945333],[19.983311,49.945333],[19.98333,49.945237],[19.983337,49.945203],[19.983474,49.945215],[19.983487,49.945216],[19.983506,49.945217],[19.983567,49.945222],[19.983545,49.945331],[19.983497,49.945326],[19.983489,49.945365],[19.983457,49.945363]]]}},{"type":"Feature","properties":{"gml_id":"budynki.120614_5.0002.1004/2.1_BUD","ID_BUDYNKU":"120614_5.0002.1004/2.1_BUD","RODZAJ":"m","KONDYGNACJE_NADZIEMNE":"None","KONDYGNACJE_PODZIEMNE":"None","strefa":"w śladzie","warstwa":"budynki"},"geometry":{"type":"Polygon","coordinates":[[[19.983759,49.945097],[19.983737,49.9451],[19.983723,49.945063],[19.983745,49.94506],[19.983732,49.945023],[19.983788,49.945015],[19.983795,49.945008],[19.983814,49.945005],[19.983824,49.945009],[19.983862,49.945003],[19.983878,49.945045],[19.983857,49.945048],[19.98388,49.945111],[19.983771,49.945128],[19.983759,49.945097]]]}},{"type":"Feature","properties":{"gml_id":"budynki.120614_5.0002.951/6.2_BUD","ID_BUDYNKU":"120614_5.0002.951/6.2_BUD","RODZAJ":"i","KONDYGNACJE_NADZIEMNE":"None","KONDYGNACJE_PODZIEMNE":"None","strefa":"w śladzie","warstwa":"budynki"},"geometry":{"type":"Polygon","coordinates":[[[19.983749,49.944495],[19.983818,49.944489],[19.98384,49.944597],[19.98377,49.944602],[19.983756,49.944531],[19.983749,49.944495]]]}},{"type":"Feature","properties":{"gml_id":"budynki.120614_5.0002.951/6.3_BUD","ID_BUDYNKU":"120614_5.0002.951/6.3_BUD","RODZAJ":"i","KONDYGNACJE_NADZIEMNE":"None","KONDYGNACJE_PODZIEMNE":"None","strefa":"w śladzie","warstwa":"budynki"},"geometry":{"type":"Polygon","coordinates":[[[19.983687,49.944536],[19.983756,49.944531],[19.98377,49.944602],[19.983702,49.944608],[19.983687,49.944536]]]}},{"type":"Feature","properties":{"gml_id":"budynki.120614_5.0002.946/7.1_BUD","ID_BUDYNKU":"120614_5.0002.946/7.1_BUD","RODZAJ":"m","KONDYGNACJE_NADZIEMNE":"None","KONDYGNACJE_PODZIEMNE":"None","strefa":"w śladzie","warstwa":"budynki"},"geometry":{"type":"Polygon","coordinates":[[[19.983245,49.9447],[19.983228,49.944701],[19.983225,49.944662],[19.983243,49.944662],[19.983241,49.944632],[19.983326,49.944631],[19.983327,49.944644],[19.983375,49.944643],[19.98344,49.944642],[19.983444,49.944716],[19.98338,49.944717],[19.983298,49.944719],[19.983299,49.944729],[19.983247,49.94473],[19.983245,49.9447]]]}},{"type":"Feature","properties":{"gml_id":"budynki.120614_5.0002.943/6.4_BUD","ID_BUDYNKU":"120614_5.0002.943/6.4_BUD","RODZAJ":"g","KONDYGNACJE_NADZIEMNE":"None","KONDYGNACJE_PODZIEMNE":"None","strefa":"w śladzie","warstwa":"budynki"},"geometry":{"type":"Polygon","coordinates":[[[19.983431,49.94399],[19.983506,49.94399],[19.983509,49.944075],[19.983434,49.944075],[19.983431,49.94399]]]}},{"type":"Feature","properties":{"gml_id":"budynki.120614_5.0002.950/2.1_BUD","ID_BUDYNKU":"120614_5.0002.950/2.1_BUD","RODZAJ":"m","KONDYGNACJE_NADZIEMNE":"None","KONDYGNACJE_PODZIEMNE":"None","strefa":"w śladzie","warstwa":"budynki"},"geometry":{"type":"Polygon","coordinates":[[[19.983085,49.944039],[19.983095,49.943979],[19.983161,49.943983],[19.983167,49.943945],[19.98327,49.943952],[19.983264,49.943989],[19.983276,49.94399],[19.983271,49.944027],[19.983258,49.944026],[19.983252,49.944063],[19.983151,49.944057],[19.983154,49.944044],[19.983085,49.944039]]]}},{"type":"Feature","properties":{"gml_id":"budynki.120614_5.0002.943/6.5_BUD","ID_BUDYNKU":"120614_5.0002.943/6.5_BUD","RODZAJ":"g","KONDYGNACJE_NADZIEMNE":"None","KONDYGNACJE_PODZIEMNE":"None","strefa":"w śladzie","warstwa":"budynki"},"geometry":{"type":"Polygon","coordinates":[[[19.983434,49.944075],[19.983509,49.944075],[19.983516,49.944075],[19.983517,49.944112],[19.983434,49.944112],[19.983434,49.944075]]]}},{"type":"Feature","properties":{"gml_id":"budynki.120614_5.0002.903/1.2_BUD","ID_BUDYNKU":"120614_5.0002.903/1.2_BUD","RODZAJ":"h","KONDYGNACJE_NADZIEMNE":"None","KONDYGNACJE_PODZIEMNE":"None","strefa":"w śladzie","warstwa":"budynki"},"geometry":{"type":"Polygon","coordinates":[[[19.982012,49.941471],[19.981901,49.941471],[19.981903,49.941362],[19.982016,49.941363],[19.982012,49.941471]]]}},{"type":"Feature","properties":{"gml_id":"budynki.120614_5.0002.903/1.1_BUD","ID_BUDYNKU":"120614_5.0002.903/1.1_BUD","RODZAJ":"m","KONDYGNACJE_NADZIEMNE":"None","KONDYGNACJE_PODZIEMNE":"None","strefa":"w śladzie","warstwa":"budynki"},"geometry":{"type":"Polygon","coordinates":[[[19.981857,49.941766],[19.98186,49.941716],[19.981846,49.941716],[19.981849,49.941647],[19.981864,49.941648],[19.981902,49.941649],[19.981904,49.94161],[19.98192,49.94161],[19.981931,49.941603],[19.981957,49.941604],[19.981966,49.941612],[19.982049,49.941614],[19.982044,49.941713],[19.982061,49.941713],[19.982058,49.94178],[19.98191,49.941777],[19.98191,49.941767],[19.981857,49.941766]]]}},{"type":"Feature","properties":{"gml_id":"budynki.120614_5.0002.903/2.1_BUD","ID_BUDYNKU":"120614_5.0002.903/2.1_BUD","RODZAJ":"m","KONDYGNACJE_NADZIEMNE":"None","KONDYGNACJE_PODZIEMNE":"None","strefa":"w śladzie","warstwa":"budynki"},"geometry":{"type":"Polygon","coordinates":[[[19.98254,49.941877],[19.982348,49.94187],[19.982343,49.941852],[19.982348,49.941833],[19.982352,49.941827],[19.98236,49.941818],[19.982373,49.941808],[19.982382,49.941803],[19.982387,49.941797],[19.98239,49.941782],[19.982557,49.941788],[19.982553,49.941826],[19.982636,49.941829],[19.98263,49.941892],[19.982539,49.941889],[19.98254,49.941877]]]}},{"type":"Feature","properties":{"gml_id":"budynki.120614_5.0002.1590.1_BUD","ID_BUDYNKU":"120614_5.0002.1590.1_BUD","RODZAJ":"m","KONDYGNACJE_NADZIEMNE":"None","KONDYGNACJE_PODZIEMNE":"None","strefa":"w śladzie","warstwa":"budynki"},"geometry":{"type":"Polygon","coordinates":[[[19.981961,49.942146],[19.981959,49.942152],[19.981903,49.942147],[19.981921,49.942068],[19.982089,49.942084],[19.982071,49.942163],[19.981991,49.942155],[19.981992,49.942149],[19.981961,49.942146]]]}},{"type":"Feature","properties":{"gml_id":"budynki.120614_5.0002.904/2.1_BUD","ID_BUDYNKU":"120614_5.0002.904/2.1_BUD","RODZAJ":"m","KONDYGNACJE_NADZIEMNE":"None","KONDYGNACJE_PODZIEMNE":"None","strefa":"w śladzie","warstwa":"budynki"},"geometry":{"type":"Polygon","coordinates":[[[19.982584,49.942138],[19.982581,49.942149],[19.982528,49.942144],[19.982546,49.942064],[19.982711,49.94208],[19.982709,49.942091],[19.982754,49.942096],[19.982741,49.942153],[19.982695,49.942149],[19.982693,49.94216],[19.98264,49.942155],[19.982642,49.942144],[19.982584,49.942138]]]}},{"type":"Feature","properties":{"gml_id":"budynki.120614_5.0002.904/1.1_BUD","ID_BUDYNKU":"120614_5.0002.904/1.1_BUD","RODZAJ":"m","KONDYGNACJE_NADZIEMNE":"None","KONDYGNACJE_PODZIEMNE":"None","strefa":"w śladzie","warstwa":"budynki"},"geometry":{"type":"Polygon","coordinates":[[[19.982287,49.942543],[19.982194,49.942543],[19.982195,49.942482],[19.982225,49.942482],[19.982227,49.942391],[19.982333,49.942392],[19.982333,49.942408],[19.982416,49.94241],[19.982415,49.942433],[19.982428,49.942441],[19.982428,49.942454],[19.982414,49.942462],[19.982413,49.9425],[19.982322,49.942498],[19.982323,49.942488],[19.982289,49.942488],[19.982287,49.942543]]]}},{"type":"Feature","properties":{"gml_id":"budynki.120906_2.0003.3506_BUD","ID_BUDYNKU":"120906_2.0003.3506_BUD","RODZAJ":"m","KONDYGNACJE_NADZIEMNE":"2","KONDYGNACJE_PODZIEMNE":"0","strefa":"w śladzie","warstwa":"budynki"},"geometry":{"type":"Polygon","coordinates":[[[19.949801,49.913832],[19.949818,49.913831],[19.949813,49.913802],[19.949982,49.913789],[19.949984,49.913798],[19.949997,49.913874],[19.949998,49.91388],[19.94983,49.913893],[19.949824,49.913864],[19.949807,49.913866],[19.949801,49.913832]]]}},{"type":"Feature","properties":{"gml_id":"budynki.120906_2.0003.3847_BUD","ID_BUDYNKU":"120906_2.0003.3847_BUD","RODZAJ":"g","KONDYGNACJE_NADZIEMNE":"1","KONDYGNACJE_PODZIEMNE":"0","strefa":"w śladzie","warstwa":"budynki"},"geometry":{"type":"Polygon","coordinates":[[[19.949984,49.913798],[19.950075,49.913791],[19.950089,49.913867],[19.949997,49.913874],[19.949984,49.913798]]]}},{"type":"Feature","properties":{"gml_id":"budynki.120906_2.0003.4056_BUD","ID_BUDYNKU":"120906_2.0003.4056_BUD","RODZAJ":"i","KONDYGNACJE_NADZIEMNE":"1","KONDYGNACJE_PODZIEMNE":"0","strefa":"w śladzie","warstwa":"budynki"},"geometry":{"type":"Polygon","coordinates":[[[19.948929,49.91353],[19.948941,49.913464],[19.949028,49.913471],[19.949016,49.913536],[19.948929,49.91353]]]}},{"type":"Feature","properties":{"gml_id":"budynki.120906_2.0003.3582_BUD","ID_BUDYNKU":"120906_2.0003.3582_BUD","RODZAJ":"m","KONDYGNACJE_NADZIEMNE":"1","KONDYGNACJE_PODZIEMNE":"0","strefa":"w śladzie","warstwa":"budynki"},"geometry":{"type":"Polygon","coordinates":[[[19.948746,49.913022],[19.948755,49.912933],[19.948897,49.91294],[19.948888,49.913028],[19.948746,49.913022]]]}},{"type":"Feature","properties":{"gml_id":"budynki.120906_2.0003.524_BUD","ID_BUDYNKU":"120906_2.0003.524_BUD","RODZAJ":"m","KONDYGNACJE_NADZIEMNE":"1","KONDYGNACJE_PODZIEMNE":"0","strefa":"w śladzie","warstwa":"budynki"},"geometry":{"type":"Polygon","coordinates":[[[19.949218,49.913132],[19.949212,49.91317],[19.949026,49.913157],[19.949044,49.91305],[19.949175,49.913059],[19.949164,49.913129],[19.949218,49.913132]]]}},{"type":"Feature","properties":{"gml_id":"budynki.120906_2.0003.523_BUD","ID_BUDYNKU":"120906_2.0003.523_BUD","RODZAJ":"m","KONDYGNACJE_NADZIEMNE":"2","KONDYGNACJE_PODZIEMNE":"0","strefa":"w śladzie","warstwa":"budynki"},"geometry":{"type":"Polygon","coordinates":[[[19.949064,49.91345],[19.949067,49.913428],[19.949014,49.913424],[19.949027,49.913339],[19.949164,49.913348],[19.949161,49.913365],[19.949156,49.913399],[19.949182,49.9134],[19.949175,49.913446],[19.949093,49.91344],[19.949092,49.913452],[19.949064,49.91345]]]}},{"type":"Feature","properties":{"gml_id":"budynki.120906_2.0003.507_BUD","ID_BUDYNKU":"120906_2.0003.507_BUD","RODZAJ":"m","KONDYGNACJE_NADZIEMNE":"2","KONDYGNACJE_PODZIEMNE":"1","strefa":"w śladzie","warstwa":"budynki"},"geometry":{"type":"Polygon","coordinates":[[[19.948637,49.913388],[19.948646,49.913331],[19.948649,49.913307],[19.94865,49.913294],[19.948712,49.913298],[19.948723,49.913288],[19.948753,49.91329],[19.948761,49.913302],[19.948758,49.913322],[19.948756,49.913333],[19.948873,49.913339],[19.948863,49.913411],[19.948745,49.913404],[19.948738,49.913395],[19.948696,49.913393],[19.948686,49.913401],[19.948645,49.913398],[19.948637,49.913388]]]}},{"type":"Feature","properties":{"gml_id":"budynki.120906_2.0003.283_BUD","ID_BUDYNKU":"120906_2.0003.283_BUD","RODZAJ":"i","KONDYGNACJE_NADZIEMNE":"1","KONDYGNACJE_PODZIEMNE":"0","strefa":"w śladzie","warstwa":"budynki"},"geometry":{"type":"Polygon","coordinates":[[[19.944586,49.909722],[19.944581,49.909799],[19.944521,49.909797],[19.944526,49.90972],[19.944586,49.909722]]]}},{"type":"Feature","properties":{"gml_id":"budynki.120906_2.0003.291_BUD","ID_BUDYNKU":"120906_2.0003.291_BUD","RODZAJ":"i","KONDYGNACJE_NADZIEMNE":"1","KONDYGNACJE_PODZIEMNE":"0","strefa":"w śladzie","warstwa":"budynki"},"geometry":{"type":"Polygon","coordinates":[[[19.94469,49.909785],[19.944689,49.909801],[19.944581,49.909799],[19.944586,49.909722],[19.944694,49.909725],[19.944694,49.909735],[19.94469,49.909785]]]}},{"type":"Feature","properties":{"gml_id":"budynki.120906_2.0003.226_BUD","ID_BUDYNKU":"120906_2.0003.226_BUD","RODZAJ":"i","KONDYGNACJE_NADZIEMNE":"1","KONDYGNACJE_PODZIEMNE":"0","strefa":"w śladzie","warstwa":"budynki"},"geometry":{"type":"Polygon","coordinates":[[[19.943792,49.90967],[19.943773,49.90967],[19.943739,49.909669],[19.94374,49.90962],[19.943742,49.909571],[19.94378,49.909571],[19.944096,49.909576],[19.944093,49.909674],[19.944009,49.909673],[19.943848,49.909671],[19.943792,49.90967]]]}},{"type":"Feature","properties":{"gml_id":"budynki.120906_2.0003.4035_BUD","ID_BUDYNKU":"120906_2.0003.4035_BUD","RODZAJ":"i","KONDYGNACJE_NADZIEMNE":"1","KONDYGNACJE_PODZIEMNE":"0","strefa":"w śladzie","warstwa":"budynki"},"geometry":{"type":"Polygon","coordinates":[[[19.944009,49.909673],[19.944093,49.909674],[19.944093,49.909674],[19.944099,49.909674],[19.944099,49.909725],[19.944009,49.909725],[19.944009,49.909673]]]}},{"type":"Feature","properties":{"gml_id":"budynki.120906_2.0003.228_BUD","ID_BUDYNKU":"120906_2.0003.228_BUD","RODZAJ":"i","KONDYGNACJE_NADZIEMNE":"1","KONDYGNACJE_PODZIEMNE":"0","strefa":"w śladzie","warstwa":"budynki"},"geometry":{"type":"Polygon","coordinates":[[[19.943848,49.909671],[19.943848,49.909696],[19.943791,49.909695],[19.943792,49.90967],[19.943848,49.909671]]]}},{"type":"Feature","properties":{"gml_id":"budynki.120906_2.0003.222_BUD","ID_BUDYNKU":"120906_2.0003.222_BUD","RODZAJ":"i","KONDYGNACJE_NADZIEMNE":"1","KONDYGNACJE_PODZIEMNE":"0","strefa":"w śladzie","warstwa":"budynki"},"geometry":{"type":"Polygon","coordinates":[[[19.943742,49.909571],[19.94374,49.90962],[19.943671,49.909619],[19.943673,49.909556],[19.94378,49.909557],[19.94378,49.909571],[19.943742,49.909571]]]}},{"type":"Feature","properties":{"gml_id":"budynki.120906_2.0003.302_BUD","ID_BUDYNKU":"120906_2.0003.302_BUD","RODZAJ":"m","KONDYGNACJE_NADZIEMNE":"3","KONDYGNACJE_PODZIEMNE":"1","strefa":"w śladzie","warstwa":"budynki"},"geometry":{"type":"Polygon","coordinates":[[[19.944846,49.909763],[19.944747,49.90976],[19.944721,49.90976],[19.944722,49.909735],[19.944724,49.909669],[19.944851,49.909673],[19.944846,49.909763]]]}},{"type":"Feature","properties":{"gml_id":"budynki.120609_2.0010.853/5.1_BUD","ID_BUDYNKU":"120609_2.0010.853/5.1_BUD","RODZAJ":"m","KONDYGNACJE_NADZIEMNE":"None","KONDYGNACJE_PODZIEMNE":"None","strefa":"w śladzie","warstwa":"budynki"},"geometry":{"type":"Polygon","coordinates":[[[19.921552,49.909557],[19.921593,49.909498],[19.921616,49.909504],[19.921635,49.909475],[19.921728,49.909501],[19.921707,49.909532],[19.921695,49.909529],[19.92168,49.909551],[19.921691,49.909554],[19.921667,49.90959],[19.921652,49.909611],[19.921591,49.909594],[19.921605,49.909572],[19.921552,49.909557]]]}},{"type":"Feature","properties":{"gml_id":"budynki.120609_2.0010.862/1.1_BUD","ID_BUDYNKU":"120609_2.0010.862/1.1_BUD","RODZAJ":"m","KONDYGNACJE_NADZIEMNE":"None","KONDYGNACJE_PODZIEMNE":"None","strefa":"w śladzie","warstwa":"budynki"},"geometry":{"type":"Polygon","coordinates":[[[19.922379,49.909311],[19.922423,49.909252],[19.922409,49.909248],[19.922444,49.909201],[19.922584,49.909245],[19.922505,49.90935],[19.922379,49.909311]]]}},{"type":"Feature","properties":{"gml_id":"budynki.120609_2.0010.851.2_BUD","ID_BUDYNKU":"120609_2.0010.851.2_BUD","RODZAJ":"g","KONDYGNACJE_NADZIEMNE":"None","KONDYGNACJE_PODZIEMNE":"None","strefa":"w śladzie","warstwa":"budynki"},"geometry":{"type":"Polygon","coordinates":[[[19.919665,49.909356],[19.919692,49.909315],[19.919723,49.909323],[19.91975,49.909282],[19.919918,49.909327],[19.919845,49.909435],[19.919791,49.90942],[19.919808,49.909397],[19.919755,49.909381],[19.919738,49.909408],[19.919665,49.909388],[19.919683,49.909362],[19.919665,49.909356]]]}},{"type":"Feature","properties":{"gml_id":"budynki.120609_2.0010.1017.1_BUD","ID_BUDYNKU":"120609_2.0010.1017.1_BUD","RODZAJ":"m","KONDYGNACJE_NADZIEMNE":"None","KONDYGNACJE_PODZIEMNE":"None","strefa":"w śladzie","warstwa":"budynki"},"geometry":{"type":"Polygon","coordinates":[[[19.921238,49.909405],[19.921255,49.909379],[19.921229,49.909372],[19.921268,49.909315],[19.921371,49.909344],[19.921385,49.909323],[19.921472,49.909347],[19.921402,49.909451],[19.921238,49.909405]]]}},{"type":"Feature","properties":{"gml_id":"budynki.120903_5.0015.349_BUD","ID_BUDYNKU":"120903_5.0015.349_BUD","RODZAJ":"g","KONDYGNACJE_NADZIEMNE":"1","KONDYGNACJE_PODZIEMNE":"0","strefa":"w śladzie","warstwa":"budynki"},"geometry":{"type":"Polygon","coordinates":[[[19.949959,49.876858],[19.950023,49.87682],[19.950044,49.876834],[19.950064,49.876822],[19.950093,49.876842],[19.950073,49.876855],[19.950111,49.876882],[19.950155,49.876856],[19.950209,49.876897],[19.950103,49.876958],[19.949959,49.876858]]]}},{"type":"Feature","properties":{"gml_id":"budynki.120903_5.0015.1068_BUD","ID_BUDYNKU":"120903_5.0015.1068_BUD","RODZAJ":"m","KONDYGNACJE_NADZIEMNE":"2","KONDYGNACJE_PODZIEMNE":"0","strefa":"w śladzie","warstwa":"budynki"},"geometry":{"type":"Polygon","coordinates":[[[19.950396,49.877118],[19.950389,49.877123],[19.950286,49.877059],[19.950377,49.876999],[19.950429,49.877032],[19.950479,49.877063],[19.950472,49.877068],[19.95051,49.877092],[19.950434,49.877142],[19.950396,49.877118]]]}},{"type":"Feature","properties":{"gml_id":"budynki.120906_2.0003.859_BUD","ID_BUDYNKU":"120906_2.0003.859_BUD","RODZAJ":"g","KONDYGNACJE_NADZIEMNE":"1","KONDYGNACJE_PODZIEMNE":"0","strefa":"w śladzie","warstwa":"budynki"},"geometry":{"type":"Polygon","coordinates":[[[19.956949,49.91849],[19.956947,49.918515],[19.956865,49.918512],[19.956871,49.918428],[19.956953,49.918431],[19.95695,49.918462],[19.956972,49.918462],[19.95697,49.918491],[19.956949,49.91849]]]}},{"type":"Feature","properties":{"gml_id":"budynki.120906_2.0003.872_BUD","ID_BUDYNKU":"120906_2.0003.872_BUD","RODZAJ":"m","KONDYGNACJE_NADZIEMNE":"2","KONDYGNACJE_PODZIEMNE":"0","strefa":"w śladzie","warstwa":"budynki"},"geometry":{"type":"Polygon","coordinates":[[[19.957031,49.918422],[19.957171,49.918411],[19.957185,49.918487],[19.957072,49.918496],[19.957064,49.918453],[19.957037,49.918455],[19.957031,49.918422]]]}},{"type":"Feature","properties":{"gml_id":"budynki.120906_2.0003.860_BUD","ID_BUDYNKU":"120906_2.0003.860_BUD","RODZAJ":"g","KONDYGNACJE_NADZIEMNE":"1","KONDYGNACJE_PODZIEMNE":"0","strefa":"w śladzie","warstwa":"budynki"},"geometry":{"type":"Polygon","coordinates":[[[19.956975,49.918432],[19.956953,49.918431],[19.956871,49.918428],[19.956873,49.918395],[19.956977,49.918399],[19.956975,49.918432]]]}},{"type":"Feature","properties":{"gml_id":"budynki.120906_2.0003.761_BUD","ID_BUDYNKU":"120906_2.0003.761_BUD","RODZAJ":"m","KONDYGNACJE_NADZIEMNE":"1","KONDYGNACJE_PODZIEMNE":"0","strefa":"w śladzie","warstwa":"budynki"},"geometry":{"type":"Polygon","coordinates":[[[19.954765,49.917334],[19.95472,49.917337],[19.954712,49.917283],[19.954758,49.91728],[19.954765,49.917334]]]}},{"type":"Feature","properties":{"gml_id":"budynki.120906_2.0003.765_BUD","ID_BUDYNKU":"120906_2.0003.765_BUD","RODZAJ":"m","KONDYGNACJE_NADZIEMNE":"2","KONDYGNACJE_PODZIEMNE":"0","strefa":"w śladzie","warstwa":"budynki"},"geometry":{"type":"Polygon","coordinates":[[[19.95477,49.917367],[19.954765,49.917334],[19.954758,49.91728],[19.954829,49.917276],[19.95483,49.917283],[19.954923,49.917277],[19.954936,49.917372],[19.95486,49.917376],[19.954858,49.917362],[19.95477,49.917367]]]}},{"type":"Feature","properties":{"gml_id":"budynki.120906_2.0003.3814_BUD","ID_BUDYNKU":"120906_2.0003.3814_BUD","RODZAJ":"m","KONDYGNACJE_NADZIEMNE":"2","KONDYGNACJE_PODZIEMNE":"0","strefa":"w śladzie","warstwa":"budynki"},"geometry":{"type":"Polygon","coordinates":[[[19.955321,49.917539],[19.955312,49.917464],[19.955356,49.917462],[19.955355,49.91746],[19.95537,49.917449],[19.955392,49.917448],[19.955408,49.917457],[19.955408,49.917459],[19.955451,49.917456],[19.955487,49.917455],[19.95549,49.917476],[19.955496,49.917531],[19.955321,49.917539]]]}},{"type":"Feature","properties":{"gml_id":"budynki.126104_9.0097.326/1.1_BUD","ID_BUDYNKU":"126104_9.0097.326/1.1_BUD","RODZAJ":"m","KONDYGNACJE_NADZIEMNE":"brak_uprawnień","KONDYGNACJE_PODZIEMNE":"brak_uprawnień","strefa":"w śladzie","warstwa":"budynki"},"geometry":{"type":"Polygon","coordinates":[[[19.993624,49.97884],[19.993626,49.978918],[19.993568,49.978919],[19.993568,49.978939],[19.993489,49.97894],[19.993486,49.978841],[19.993624,49.97884]]]}},{"type":"Feature","properties":{"gml_id":"budynki.126104_9.0097.326/1.2_BUD","ID_BUDYNKU":"126104_9.0097.326/1.2_BUD","RODZAJ":"g","KONDYGNACJE_NADZIEMNE":"brak_uprawnień","KONDYGNACJE_PODZIEMNE":"brak_uprawnień","strefa":"w śladzie","warstwa":"budynki"},"geometry":{"type":"Polygon","coordinates":[[[19.993898,49.979038],[19.993797,49.979039],[19.993795,49.978948],[19.993769,49.978948],[19.993769,49.978921],[19.993896,49.97892],[19.993898,49.979038]]]}},{"type":"Feature","properties":{"gml_id":"budynki.120614_5.0002.777.1_BUD","ID_BUDYNKU":"120614_5.0002.777.1_BUD","RODZAJ":"m","KONDYGNACJE_NADZIEMNE":"None","KONDYGNACJE_PODZIEMNE":"None","strefa":"w śladzie","warstwa":"budynki"},"geometry":{"type":"Polygon","coordinates":[[[19.979622,49.938388],[19.979624,49.938384],[19.979549,49.938369],[19.979593,49.938279],[19.979674,49.938296],[19.979668,49.938307],[19.979766,49.938327],[19.979724,49.93841],[19.979622,49.938388]]]}},{"type":"Feature","properties":{"gml_id":"budynki.120614_5.0002.779.1_BUD","ID_BUDYNKU":"120614_5.0002.779.1_BUD","RODZAJ":"m","KONDYGNACJE_NADZIEMNE":"None","KONDYGNACJE_PODZIEMNE":"None","strefa":"w śladzie","warstwa":"budynki"},"geometry":{"type":"Polygon","coordinates":[[[19.980143,49.938313],[19.98013,49.938336],[19.980011,49.93831],[19.980057,49.938224],[19.980176,49.938251],[19.980157,49.938287],[19.980185,49.938293],[19.980172,49.938319],[19.980143,49.938313]]]}},{"type":"Feature","properties":{"gml_id":"budynki.120614_5.0002.774/2.1_BUD","ID_BUDYNKU":"120614_5.0002.774/2.1_BUD","RODZAJ":"m","KONDYGNACJE_NADZIEMNE":"None","KONDYGNACJE_PODZIEMNE":"None","strefa":"w śladzie","warstwa":"budynki"},"geometry":{"type":"Polygon","coordinates":[[[19.980211,49.938473],[19.980235,49.938392],[19.98042,49.938414],[19.980408,49.938456],[19.980361,49.93845],[19.98035,49.93849],[19.980211,49.938473]]]}},{"type":"Feature","properties":{"gml_id":"budynki.120614_5.0002.779.2_BUD","ID_BUDYNKU":"120614_5.0002.779.2_BUD","RODZAJ":"i","KONDYGNACJE_NADZIEMNE":"None","KONDYGNACJE_PODZIEMNE":"None","strefa":"w śladzie","warstwa":"budynki"},"geometry":{"type":"Polygon","coordinates":[[[19.980035,49.938499],[19.980031,49.938509],[19.979901,49.938477],[19.979928,49.938413],[19.980003,49.938426],[19.979998,49.938438],[19.980082,49.938453],[19.980074,49.93847],[19.980084,49.938472],[19.980069,49.938506],[19.980035,49.938499]]]}},{"type":"Feature","properties":{"gml_id":"budynki.120614_5.0002.781.1_BUD","ID_BUDYNKU":"120614_5.0002.781.1_BUD","RODZAJ":"m","KONDYGNACJE_NADZIEMNE":"None","KONDYGNACJE_PODZIEMNE":"None","strefa":"w śladzie","warstwa":"budynki"},"geometry":{"type":"Polygon","coordinates":[[[19.980039,49.938723],[19.980066,49.938649],[19.980189,49.938668],[19.980161,49.938742],[19.980115,49.938735],[19.980108,49.938754],[19.980071,49.938749],[19.980078,49.938729],[19.980039,49.938723]]]}},{"type":"Feature","properties":{"gml_id":"budynki.120614_5.0002.784/1.1_BUD","ID_BUDYNKU":"120614_5.0002.784/1.1_BUD","RODZAJ":"m","KONDYGNACJE_NADZIEMNE":"None","KONDYGNACJE_PODZIEMNE":"None","strefa":"w śladzie","warstwa":"budynki"},"geometry":{"type":"Polygon","coordinates":[[[19.980459,49.938727],[19.980466,49.938696],[19.980455,49.938687],[19.980459,49.938672],[19.980473,49.938665],[19.98048,49.938637],[19.980602,49.938649],[19.980599,49.938661],[19.980649,49.938666],[19.980632,49.938739],[19.980582,49.938734],[19.980581,49.938739],[19.980459,49.938727]]]}},{"type":"Feature","properties":{"gml_id":"budynki.120614_5.0002.857.1_BUD","ID_BUDYNKU":"120614_5.0002.857.1_BUD","RODZAJ":"m","KONDYGNACJE_NADZIEMNE":"None","KONDYGNACJE_PODZIEMNE":"None","strefa":"w śladzie","warstwa":"budynki"},"geometry":{"type":"Polygon","coordinates":[[[19.980792,49.939247],[19.980775,49.939246],[19.980772,49.939195],[19.980813,49.939194],[19.980812,49.93919],[19.980895,49.939188],[19.980896,49.939198],[19.980963,49.939196],[19.980969,49.939276],[19.980819,49.93928],[19.980819,49.939274],[19.980793,49.939275],[19.980792,49.939247]]]}},{"type":"Feature","properties":{"gml_id":"budynki.120614_5.0002.856.1_BUD","ID_BUDYNKU":"120614_5.0002.856.1_BUD","RODZAJ":"m","KONDYGNACJE_NADZIEMNE":"None","KONDYGNACJE_PODZIEMNE":"None","strefa":"w śladzie","warstwa":"budynki"},"geometry":{"type":"Polygon","coordinates":[[[19.980498,49.939028],[19.980601,49.939024],[19.980604,49.939051],[19.980639,49.939049],[19.980643,49.939106],[19.980635,49.939106],[19.980637,49.939137],[19.980572,49.93914],[19.980571,49.939109],[19.980507,49.939112],[19.980498,49.939028]]]}},{"type":"Feature","properties":{"gml_id":"budynki.120903_5.0008.1675_BUD","ID_BUDYNKU":"120903_5.0008.1675_BUD","RODZAJ":"m","KONDYGNACJE_NADZIEMNE":"2","KONDYGNACJE_PODZIEMNE":"0","strefa":"nad tunelem","warstwa":"budynki"},"geometry":{"type":"Polygon","coordinates":[[[19.937667,49.894077],[19.937616,49.894117],[19.937524,49.894067],[19.937575,49.894028],[19.93757,49.894025],[19.937666,49.893951],[19.937767,49.894006],[19.937671,49.89408],[19.937667,49.894077]]]}},{"type":"Feature","properties":{"gml_id":"budynki.120903_5.0008.552_BUD","ID_BUDYNKU":"120903_5.0008.552_BUD","RODZAJ":"g","KONDYGNACJE_NADZIEMNE":"1","KONDYGNACJE_PODZIEMNE":"0","strefa":"nad tunelem","warstwa":"budynki"},"geometry":{"type":"Polygon","coordinates":[[[19.938698,49.892885],[19.93865,49.89294],[19.938626,49.892932],[19.938599,49.892963],[19.938623,49.892971],[19.938599,49.892999],[19.93849,49.892959],[19.938589,49.892845],[19.938698,49.892885]]]}},{"type":"Feature","properties":{"gml_id":"budynki.120906_2.0003.4146_BUD","ID_BUDYNKU":"120906_2.0003.4146_BUD","RODZAJ":"m","KONDYGNACJE_NADZIEMNE":"2","KONDYGNACJE_PODZIEMNE":"0","strefa":"w śladzie","warstwa":"budynki"},"geometry":{"type":"Polygon","coordinates":[[[19.94427,49.909435],[19.944267,49.909435],[19.944219,49.909433],[19.944225,49.909355],[19.944352,49.909359],[19.944364,49.90936],[19.944358,49.909433],[19.944358,49.909437],[19.944307,49.909436],[19.94427,49.909435]]]}},{"type":"Feature","properties":{"gml_id":"budynki.120906_2.0003.3945_BUD","ID_BUDYNKU":"120906_2.0003.3945_BUD","RODZAJ":"g","KONDYGNACJE_NADZIEMNE":"1","KONDYGNACJE_PODZIEMNE":"0","strefa":"w śladzie","warstwa":"budynki"},"geometry":{"type":"Polygon","coordinates":[[[19.94374,49.90911],[19.943806,49.90911],[19.943806,49.909165],[19.943806,49.909192],[19.94374,49.909192],[19.94374,49.90911]]]}},{"type":"Feature","properties":{"gml_id":"budynki.120906_2.0003.3946_BUD","ID_BUDYNKU":"120906_2.0003.3946_BUD","RODZAJ":"g","KONDYGNACJE_NADZIEMNE":"1","KONDYGNACJE_PODZIEMNE":"0","strefa":"w śladzie","warstwa":"budynki"},"geometry":{"type":"Polygon","coordinates":[[[19.943806,49.909165],[19.943831,49.909165],[19.943831,49.909192],[19.943806,49.909192],[19.943806,49.909192],[19.943806,49.909165]]]}},{"type":"Feature","properties":{"gml_id":"budynki.120906_2.0003.3944_BUD","ID_BUDYNKU":"120906_2.0003.3944_BUD","RODZAJ":"g","KONDYGNACJE_NADZIEMNE":"1","KONDYGNACJE_PODZIEMNE":"0","strefa":"w śladzie","warstwa":"budynki"},"geometry":{"type":"Polygon","coordinates":[[[19.943764,49.909028],[19.94378,49.909028],[19.943782,49.909053],[19.943767,49.909054],[19.943764,49.909028]]]}},{"type":"Feature","properties":{"gml_id":"budynki.120906_2.0003.3943_BUD","ID_BUDYNKU":"120906_2.0003.3943_BUD","RODZAJ":"g","KONDYGNACJE_NADZIEMNE":"1","KONDYGNACJE_PODZIEMNE":"0","strefa":"w śladzie","warstwa":"budynki"},"geometry":{"type":"Polygon","coordinates":[[[19.943684,49.908988],[19.943759,49.908984],[19.943764,49.909028],[19.943767,49.909054],[19.943692,49.909058],[19.943684,49.908988]]]}},{"type":"Feature","properties":{"gml_id":"budynki.120906_2.0003.107_BUD","ID_BUDYNKU":"120906_2.0003.107_BUD","RODZAJ":"m","KONDYGNACJE_NADZIEMNE":"1","KONDYGNACJE_PODZIEMNE":"0","strefa":"w śladzie","warstwa":"budynki"},"geometry":{"type":"Polygon","coordinates":[[[19.941306,49.907127],[19.941291,49.907199],[19.941104,49.907183],[19.941122,49.907111],[19.941306,49.907127]]]}},{"type":"Feature","properties":{"gml_id":"budynki.120906_2.0003.121_BUD","ID_BUDYNKU":"120906_2.0003.121_BUD","RODZAJ":"m","KONDYGNACJE_NADZIEMNE":"1","KONDYGNACJE_PODZIEMNE":"0","strefa":"w śladzie","warstwa":"budynki"},"geometry":{"type":"Polygon","coordinates":[[[19.94177,49.90732],[19.941754,49.907388],[19.941661,49.907379],[19.941686,49.90728],[19.941767,49.907288],[19.941774,49.90726],[19.941868,49.907269],[19.941871,49.907256],[19.941914,49.907261],[19.941934,49.907263],[19.941931,49.907276],[19.942017,49.907285],[19.941998,49.907358],[19.941934,49.907351],[19.941932,49.907359],[19.941851,49.907351],[19.941856,49.907329],[19.94177,49.90732]]]}},{"type":"Feature","properties":{"gml_id":"budynki.121905_5.0009.693_BUD","ID_BUDYNKU":"121905_5.0009.693_BUD","RODZAJ":"m","KONDYGNACJE_NADZIEMNE":"None","KONDYGNACJE_PODZIEMNE":"None","strefa":"w śladzie","warstwa":"budynki"},"geometry":{"type":"Polygon","coordinates":[[[19.995797,49.969524],[19.995638,49.969549],[19.995607,49.969468],[19.995766,49.969443],[19.995797,49.969524]]]}},{"type":"Feature","properties":{"gml_id":"budynki.121905_5.0006.28_BUD","ID_BUDYNKU":"121905_5.0006.28_BUD","RODZAJ":"m","KONDYGNACJE_NADZIEMNE":"None","KONDYGNACJE_PODZIEMNE":"None","strefa":"w śladzie","warstwa":"budynki"},"geometry":{"type":"Polygon","coordinates":[[[19.993858,49.964542],[19.993684,49.964575],[19.993649,49.964498],[19.993823,49.964465],[19.993858,49.964542]]]}},{"type":"Feature","properties":{"gml_id":"budynki.121905_5.0006.1048_BUD","ID_BUDYNKU":"121905_5.0006.1048_BUD","RODZAJ":"i","KONDYGNACJE_NADZIEMNE":"None","KONDYGNACJE_PODZIEMNE":"None","strefa":"w śladzie","warstwa":"budynki"},"geometry":{"type":"Polygon","coordinates":[[[19.993858,49.964699],[19.993755,49.964725],[19.993724,49.964675],[19.993827,49.964649],[19.993858,49.964699]]]}},{"type":"Feature","properties":{"gml_id":"budynki.121905_5.0009.823_BUD","ID_BUDYNKU":"121905_5.0009.823_BUD","RODZAJ":"m","KONDYGNACJE_NADZIEMNE":"None","KONDYGNACJE_PODZIEMNE":"None","strefa":"w śladzie","warstwa":"budynki"},"geometry":{"type":"Polygon","coordinates":[[[19.994589,49.966847],[19.994535,49.966922],[19.994382,49.966875],[19.994436,49.966801],[19.994589,49.966847]]]}},{"type":"Feature","properties":{"gml_id":"budynki.121905_5.0009.432_BUD","ID_BUDYNKU":"121905_5.0009.432_BUD","RODZAJ":"g","KONDYGNACJE_NADZIEMNE":"None","KONDYGNACJE_PODZIEMNE":"None","strefa":"w śladzie","warstwa":"budynki"},"geometry":{"type":"Polygon","coordinates":[[[19.995447,49.966956],[19.995367,49.967006],[19.995326,49.966978],[19.995337,49.966971],[19.995303,49.966949],[19.99525,49.966981],[19.995206,49.966951],[19.995328,49.966876],[19.995447,49.966956]]]}},{"type":"Feature","properties":{"gml_id":"budynki.121905_5.0009.431_BUD","ID_BUDYNKU":"121905_5.0009.431_BUD","RODZAJ":"m","KONDYGNACJE_NADZIEMNE":"None","KONDYGNACJE_PODZIEMNE":"None","strefa":"w śladzie","warstwa":"budynki"},"geometry":{"type":"Polygon","coordinates":[[[19.995261,49.967131],[19.995107,49.967179],[19.995053,49.967107],[19.995206,49.967059],[19.995261,49.967131]]]}},{"type":"Feature","properties":{"gml_id":"budynki.121905_5.0009.49_BUD","ID_BUDYNKU":"121905_5.0009.49_BUD","RODZAJ":"m","KONDYGNACJE_NADZIEMNE":"None","KONDYGNACJE_PODZIEMNE":"None","strefa":"w śladzie","warstwa":"budynki"},"geometry":{"type":"Polygon","coordinates":[[[19.99468,49.96747],[19.994665,49.967472],[19.994641,49.967407],[19.994764,49.967389],[19.994794,49.967474],[19.994687,49.967491],[19.99468,49.96747]]]}},{"type":"Feature","properties":{"gml_id":"budynki.121905_5.0009.98_BUD","ID_BUDYNKU":"121905_5.0009.98_BUD","RODZAJ":"m","KONDYGNACJE_NADZIEMNE":"None","KONDYGNACJE_PODZIEMNE":"None","strefa":"w śladzie","warstwa":"budynki"},"geometry":{"type":"Polygon","coordinates":[[[19.994811,49.967751],[19.994561,49.967787],[19.994533,49.96772],[19.994785,49.967686],[19.994811,49.967751]]]}},{"type":"Feature","properties":{"gml_id":"budynki.121905_5.0009.657_BUD","ID_BUDYNKU":"121905_5.0009.657_BUD","RODZAJ":"g","KONDYGNACJE_NADZIEMNE":"None","KONDYGNACJE_PODZIEMNE":"None","strefa":"w śladzie","warstwa":"budynki"},"geometry":{"type":"Polygon","coordinates":[[[19.995654,49.968183],[19.995524,49.968204],[19.995505,49.968154],[19.995635,49.968133],[19.995654,49.968183]]]}},{"type":"Feature","properties":{"gml_id":"budynki.121905_5.0006.726_BUD","ID_BUDYNKU":"121905_5.0006.726_BUD","RODZAJ":"m","KONDYGNACJE_NADZIEMNE":"None","KONDYGNACJE_PODZIEMNE":"None","strefa":"w śladzie","warstwa":"budynki"},"geometry":{"type":"Polygon","coordinates":[[[19.994793,49.97339],[19.994787,49.973481],[19.994651,49.973477],[19.994658,49.973385],[19.994793,49.97339]]]}},{"type":"Feature","properties":{"gml_id":"budynki.121905_5.0006.1333_BUD","ID_BUDYNKU":"121905_5.0006.1333_BUD","RODZAJ":"m","KONDYGNACJE_NADZIEMNE":"None","KONDYGNACJE_PODZIEMNE":"None","strefa":"w śladzie","warstwa":"budynki"},"geometry":{"type":"Polygon","coordinates":[[[19.995072,49.97347],[19.995069,49.973478],[19.995018,49.973471],[19.995046,49.973382],[19.995189,49.973401],[19.995184,49.973418],[19.995198,49.97342],[19.995185,49.973455],[19.995172,49.973453],[19.995163,49.973481],[19.995117,49.973475],[19.995072,49.97347]]]}},{"type":"Feature","properties":{"gml_id":"budynki.120614_5.0002.1407/1.2_BUD","ID_BUDYNKU":"120614_5.0002.1407/1.2_BUD","RODZAJ":"s","KONDYGNACJE_NADZIEMNE":"None","KONDYGNACJE_PODZIEMNE":"None","strefa":"nad tunelem","warstwa":"budynki"},"geometry":{"type":"Polygon","coordinates":[[[19.975016,49.931607],[19.975013,49.931608],[19.974999,49.931515],[19.975245,49.931499],[19.975259,49.931592],[19.975256,49.931592],[19.975016,49.931607]]]}},{"type":"Feature","properties":{"gml_id":"budynki.120614_5.0002.1407/1.3_BUD","ID_BUDYNKU":"120614_5.0002.1407/1.3_BUD","RODZAJ":"s","KONDYGNACJE_NADZIEMNE":"None","KONDYGNACJE_PODZIEMNE":"None","strefa":"nad tunelem","warstwa":"budynki"},"geometry":{"type":"Polygon","coordinates":[[[19.97526,49.931615],[19.97502,49.931631],[19.975016,49.931607],[19.975256,49.931592],[19.97526,49.931615]]]}},{"type":"Feature","properties":{"gml_id":"budynki.120614_4.0001.1657/12.2_BUD","ID_BUDYNKU":"120614_4.0001.1657/12.2_BUD","RODZAJ":"i","KONDYGNACJE_NADZIEMNE":"None","KONDYGNACJE_PODZIEMNE":"None","strefa":"nad tunelem","warstwa":"budynki"},"geometry":{"type":"Polygon","coordinates":[[[19.974504,49.931638],[19.97452,49.931638],[19.974515,49.931536],[19.974528,49.931536],[19.974526,49.93151],[19.974515,49.93151],[19.974513,49.93147],[19.974597,49.931469],[19.974597,49.931474],[19.9746,49.931536],[19.974605,49.931639],[19.974581,49.93164],[19.974582,49.931669],[19.974505,49.93167],[19.974504,49.931638]]]}},{"type":"Feature","properties":{"gml_id":"budynki.120614_4.0001.1657/1.1_BUD","ID_BUDYNKU":"120614_4.0001.1657/1.1_BUD","RODZAJ":"m","KONDYGNACJE_NADZIEMNE":"None","KONDYGNACJE_PODZIEMNE":"None","strefa":"nad tunelem","warstwa":"budynki"},"geometry":{"type":"Polygon","coordinates":[[[19.973956,49.931375],[19.974004,49.931366],[19.973998,49.931353],[19.974051,49.931343],[19.974057,49.931356],[19.974106,49.931346],[19.974144,49.93143],[19.973993,49.931459],[19.973956,49.931375]]]}},{"type":"Feature","properties":{"gml_id":"budynki.120614_4.0001.1657/12.3_BUD","ID_BUDYNKU":"120614_4.0001.1657/12.3_BUD","RODZAJ":"i","KONDYGNACJE_NADZIEMNE":"None","KONDYGNACJE_PODZIEMNE":"None","strefa":"nad tunelem","warstwa":"budynki"},"geometry":{"type":"Polygon","coordinates":[[[19.974207,49.931503],[19.974247,49.931498],[19.974262,49.931547],[19.974222,49.931552],[19.974207,49.931503]]]}},{"type":"Feature","properties":{"gml_id":"budynki.120614_4.0001.1657/11.1_BUD","ID_BUDYNKU":"120614_4.0001.1657/11.1_BUD","RODZAJ":"m","KONDYGNACJE_NADZIEMNE":"None","KONDYGNACJE_PODZIEMNE":"None","strefa":"nad tunelem","warstwa":"budynki"},"geometry":{"type":"Polygon","coordinates":[[[19.974212,49.931603],[19.974196,49.931604],[19.97419,49.931569],[19.974284,49.931559],[19.974292,49.931588],[19.974412,49.931575],[19.974438,49.931672],[19.974441,49.931681],[19.974402,49.931686],[19.9744,49.931677],[19.974237,49.931695],[19.974231,49.931676],[19.97421,49.931678],[19.974203,49.931654],[19.974225,49.931651],[19.974214,49.931613],[19.974212,49.931603]]]}},{"type":"Feature","properties":{"gml_id":"budynki.120614_4.0001.1657/15.2_BUD","ID_BUDYNKU":"120614_4.0001.1657/15.2_BUD","RODZAJ":"i","KONDYGNACJE_NADZIEMNE":"None","KONDYGNACJE_PODZIEMNE":"None","strefa":"nad tunelem","warstwa":"budynki"},"geometry":{"type":"Polygon","coordinates":[[[19.974199,49.931623],[19.974145,49.931628],[19.974135,49.931576],[19.97419,49.931569],[19.974196,49.931604],[19.974198,49.931615],[19.974199,49.931623]]]}},{"type":"Feature","properties":{"gml_id":"budynki.120614_5.0002.1406.1_BUD","ID_BUDYNKU":"120614_5.0002.1406.1_BUD","RODZAJ":"m","KONDYGNACJE_NADZIEMNE":"None","KONDYGNACJE_PODZIEMNE":"None","strefa":"nad tunelem","warstwa":"budynki"},"geometry":{"type":"Polygon","coordinates":[[[19.974929,49.931706],[19.974918,49.931769],[19.974762,49.931758],[19.974776,49.931676],[19.974871,49.931684],[19.974868,49.931701],[19.974929,49.931706]]]}},{"type":"Feature","properties":{"gml_id":"budynki.120614_5.0002.1408.1_BUD","ID_BUDYNKU":"120614_5.0002.1408.1_BUD","RODZAJ":"m","KONDYGNACJE_NADZIEMNE":"None","KONDYGNACJE_PODZIEMNE":"None","strefa":"nad tunelem","warstwa":"budynki"},"geometry":{"type":"Polygon","coordinates":[[[19.975359,49.931928],[19.97536,49.931911],[19.975295,49.931911],[19.975298,49.931833],[19.975462,49.931836],[19.975459,49.931913],[19.975396,49.931912],[19.975396,49.931928],[19.975359,49.931928]]]}},{"type":"Feature","properties":{"gml_id":"budynki.120614_5.0002.1338/6.1_BUD","ID_BUDYNKU":"120614_5.0002.1338/6.1_BUD","RODZAJ":"m","KONDYGNACJE_NADZIEMNE":"None","KONDYGNACJE_PODZIEMNE":"None","strefa":"nad tunelem","warstwa":"budynki"},"geometry":{"type":"Polygon","coordinates":[[[19.97472,49.932169],[19.974584,49.932171],[19.974581,49.932071],[19.974648,49.93207],[19.974647,49.932057],[19.97474,49.932056],[19.974742,49.932127],[19.974719,49.932127],[19.97472,49.932169]]]}},{"type":"Feature","properties":{"gml_id":"budynki.120614_5.0002.1338/3.1_BUD","ID_BUDYNKU":"120614_5.0002.1338/3.1_BUD","RODZAJ":"m","KONDYGNACJE_NADZIEMNE":"None","KONDYGNACJE_PODZIEMNE":"None","strefa":"nad tunelem","warstwa":"budynki"},"geometry":{"type":"Polygon","coordinates":[[[19.974991,49.932227],[19.974993,49.932193],[19.974945,49.932192],[19.974946,49.932138],[19.975079,49.932138],[19.975079,49.932149],[19.975145,49.93215],[19.975142,49.93223],[19.974991,49.932227]]]}},{"type":"Feature","properties":{"gml_id":"budynki.120614_4.0001.1662/5.1_BUD","ID_BUDYNKU":"120614_4.0001.1662/5.1_BUD","RODZAJ":"m","KONDYGNACJE_NADZIEMNE":"None","KONDYGNACJE_PODZIEMNE":"None","strefa":"nad tunelem","warstwa":"budynki"},"geometry":{"type":"Polygon","coordinates":[[[19.974078,49.930943],[19.974139,49.930926],[19.97413,49.930912],[19.974224,49.930886],[19.974268,49.930874],[19.974304,49.930928],[19.974259,49.93094],[19.974282,49.930974],[19.974216,49.930992],[19.974208,49.930979],[19.97418,49.930987],[19.974118,49.931004],[19.974078,49.930943]]]}},{"type":"Feature","properties":{"NUMER_PORZ":"73","KOD_POCZT":"32-445","NAZWA_GMI":"Myślenice","NAZWA_MSC":"Krzyszkowice","odleglosc_m":92.6,"strefa":"50-200 m","warstwa":"adresy"},"geometry":{"type":"Point","coordinates":[19.936522,49.893019]}},{"type":"Feature","properties":{"NUMER_PORZ":"12","KOD_POCZT":"32-445","NAZWA_GMI":"Myślenice","NAZWA_MSC":"Zawada","odleglosc_m":108.7,"strefa":"50-200 m","warstwa":"adresy"},"geometry":{"type":"Point","coordinates":[19.950982,49.878501]}},{"type":"Feature","properties":{"NUMER_PORZ":"148","KOD_POCZT":"32-445","NAZWA_GMI":"Myślenice","NAZWA_MSC":"Zawada","odleglosc_m":10.4,"strefa":"0-20 m","warstwa":"adresy"},"geometry":{"type":"Point","coordinates":[19.949886,49.87669]}},{"type":"Feature","properties":{"NUMER_PORZ":"8","KOD_POCZT":"32-445","NAZWA_GMI":"Myślenice","NAZWA_MSC":"Zawada","odleglosc_m":65.3,"strefa":"50-200 m","warstwa":"adresy"},"geometry":{"type":"Point","coordinates":[19.949432,49.876157]}},{"type":"Feature","properties":{"NUMER_PORZ":"333B","KOD_POCZT":"32-445","NAZWA_GMI":"Myślenice","NAZWA_MSC":"Zawada","odleglosc_m":48.2,"strefa":"30-50 m","warstwa":"adresy"},"geometry":{"type":"Point","coordinates":[19.942087,49.885125]}},{"type":"Feature","properties":{"NUMER_PORZ":"230","KOD_POCZT":"32-445","NAZWA_GMI":"Myślenice","NAZWA_MSC":"Krzyszkowice","odleglosc_m":71.3,"strefa":"50-200 m","warstwa":"adresy"},"geometry":{"type":"Point","coordinates":[19.936431,49.894503]}},{"type":"Feature","properties":{"NUMER_PORZ":"347","KOD_POCZT":"32-445","NAZWA_GMI":"Myślenice","NAZWA_MSC":"Zawada","odleglosc_m":183.5,"strefa":"50-200 m","warstwa":"adresy"},"geometry":{"type":"Point","coordinates":[19.944075,49.888016]}},{"type":"Feature","properties":{"NUMER_PORZ":"333","KOD_POCZT":"32-445","NAZWA_GMI":"Myślenice","NAZWA_MSC":"Zawada","odleglosc_m":15.7,"strefa":"0-20 m","warstwa":"adresy"},"geometry":{"type":"Point","coordinates":[19.943412,49.884172]}},{"type":"Feature","properties":{"NUMER_PORZ":"290","KOD_POCZT":"32-445","NAZWA_GMI":"Myślenice","NAZWA_MSC":"Zawada","odleglosc_m":154.4,"strefa":"50-200 m","warstwa":"adresy"},"geometry":{"type":"Point","coordinates":[19.943288,49.888652]}},{"type":"Feature","properties":{"NUMER_PORZ":"74","KOD_POCZT":"32-445","NAZWA_GMI":"Myślenice","NAZWA_MSC":"Krzyszkowice","odleglosc_m":106.7,"strefa":"50-200 m","warstwa":"adresy"},"geometry":{"type":"Point","coordinates":[19.935978,49.894288]}},{"type":"Feature","properties":{"NUMER_PORZ":"290","KOD_POCZT":"32-445","NAZWA_GMI":"Myślenice","NAZWA_MSC":"Krzyszkowice","odleglosc_m":145.8,"strefa":"50-200 m","warstwa":"adresy"},"geometry":{"type":"Point","coordinates":[19.936213,49.891755]}},{"type":"Feature","properties":{"NUMER_PORZ":"306A","KOD_POCZT":"32-444","NAZWA_GMI":"Myślenice","NAZWA_MSC":"Głogoczów","odleglosc_m":111.2,"strefa":"50-200 m","warstwa":"adresy"},"geometry":{"type":"Point","coordinates":[19.874584,49.906807]}},{"type":"Feature","properties":{"NUMER_PORZ":"256","KOD_POCZT":"32-445","NAZWA_GMI":"Myślenice","NAZWA_MSC":"Zawada","odleglosc_m":100.2,"strefa":"50-200 m","warstwa":"adresy"},"geometry":{"type":"Point","coordinates":[19.941766,49.884526]}},{"type":"Feature","properties":{"NUMER_PORZ":"9","KOD_POCZT":"32-445","NAZWA_GMI":"Myślenice","NAZWA_MSC":"Zawada","odleglosc_m":153.7,"strefa":"50-200 m","warstwa":"adresy"},"geometry":{"type":"Point","coordinates":[19.940078,49.88556]}},{"type":"Feature","properties":{"NUMER_PORZ":"154","KOD_POCZT":"32-445","NAZWA_GMI":"Myślenice","NAZWA_MSC":"Zawada","odleglosc_m":167.4,"strefa":"50-200 m","warstwa":"adresy"},"geometry":{"type":"Point","coordinates":[19.9397,49.885762]}},{"type":"Feature","properties":{"NUMER_PORZ":"76","KOD_POCZT":"32-445","NAZWA_GMI":"Myślenice","NAZWA_MSC":"Zawada","odleglosc_m":165.7,"strefa":"50-200 m","warstwa":"adresy"},"geometry":{"type":"Point","coordinates":[19.94082,49.884418]}},{"type":"Feature","properties":{"NUMER_PORZ":"326","KOD_POCZT":"32-445","NAZWA_GMI":"Myślenice","NAZWA_MSC":"Zawada","odleglosc_m":105.0,"strefa":"50-200 m","warstwa":"adresy"},"geometry":{"type":"Point","coordinates":[19.949473,49.880235]}},{"type":"Feature","properties":{"NUMER_PORZ":"315","KOD_POCZT":"32-445","NAZWA_GMI":"Myślenice","NAZWA_MSC":"Zawada","odleglosc_m":28.4,"strefa":"20-30 m","warstwa":"adresy"},"geometry":{"type":"Point","coordinates":[19.949139,49.877296]}},{"type":"Feature","properties":{"NUMER_PORZ":"497","KOD_POCZT":"32-445","NAZWA_GMI":"Myślenice","NAZWA_MSC":"Krzyszkowice","odleglosc_m":41.7,"strefa":"30-50 m","warstwa":"adresy"},"geometry":{"type":"Point","coordinates":[19.936731,49.895051]}},{"type":"Feature","properties":{"NUMER_PORZ":"170","KOD_POCZT":"32-445","NAZWA_GMI":"Myślenice","NAZWA_MSC":"Zawada","odleglosc_m":127.5,"strefa":"50-200 m","warstwa":"adresy"},"geometry":{"type":"Point","coordinates":[19.945432,49.879848]}},{"type":"Feature","properties":{"NUMER_PORZ":"71","KOD_POCZT":"32-445","NAZWA_GMI":"Myślenice","NAZWA_MSC":"Krzyszkowice","odleglosc_m":100.1,"strefa":"50-200 m","warstwa":"adresy"},"geometry":{"type":"Point","coordinates":[19.935865,49.895415]}},{"type":"Feature","properties":{"NUMER_PORZ":"331","KOD_POCZT":"32-445","NAZWA_GMI":"Myślenice","NAZWA_MSC":"Krzyszkowice","odleglosc_m":193.2,"strefa":"50-200 m","warstwa":"adresy"},"geometry":{"type":"Point","coordinates":[19.934459,49.896404]}},{"type":"Feature","properties":{"NUMER_PORZ":"207A","KOD_POCZT":"32-445","NAZWA_GMI":"Myślenice","NAZWA_MSC":"Zawada","odleglosc_m":81.6,"strefa":"50-200 m","warstwa":"adresy"},"geometry":{"type":"Point","coordinates":[19.94824,49.877379]}},{"type":"Feature","properties":{"NUMER_PORZ":"62A","KOD_POCZT":"32-445","NAZWA_GMI":"Myślenice","NAZWA_MSC":"Krzyszkowice","odleglosc_m":67.1,"strefa":"50-200 m","warstwa":"adresy"},"geometry":{"type":"Point","coordinates":[19.942793,49.883941]}},{"type":"Feature","properties":{"NUMER_PORZ":"6A","KOD_POCZT":"32-445","NAZWA_GMI":"Myślenice","NAZWA_MSC":"Zawada","odleglosc_m":120.7,"strefa":"50-200 m","warstwa":"adresy"},"geometry":{"type":"Point","coordinates":[19.953743,49.874914]}},{"type":"Feature","properties":{"NUMER_PORZ":"288","KOD_POCZT":"32-445","NAZWA_GMI":"Myślenice","NAZWA_MSC":"Zawada","odleglosc_m":61.8,"strefa":"50-200 m","warstwa":"adresy"},"geometry":{"type":"Point","coordinates":[19.949633,49.879243]}},{"type":"Feature","properties":{"NUMER_PORZ":"492","KOD_POCZT":"32-445","NAZWA_GMI":"Myślenice","NAZWA_MSC":"Krzyszkowice","odleglosc_m":64.8,"strefa":"50-200 m","warstwa":"adresy"},"geometry":{"type":"Point","coordinates":[19.937168,49.892281]}},{"type":"Feature","properties":{"NUMER_PORZ":"500","KOD_POCZT":"32-445","NAZWA_GMI":"Myślenice","NAZWA_MSC":"Krzyszkowice","odleglosc_m":100.9,"strefa":"50-200 m","warstwa":"adresy"},"geometry":{"type":"Point","coordinates":[19.936504,49.892689]}},{"type":"Feature","properties":{"NUMER_PORZ":"720","KOD_POCZT":"32-445","NAZWA_GMI":"Myślenice","NAZWA_MSC":"Krzyszkowice","odleglosc_m":26.8,"strefa":"20-30 m","warstwa":"adresy"},"geometry":{"type":"Point","coordinates":[19.938293,49.890977]}},{"type":"Feature","properties":{"NUMER_PORZ":"299","KOD_POCZT":"32-445","NAZWA_GMI":"Myślenice","NAZWA_MSC":"Zawada","odleglosc_m":14.9,"strefa":"0-20 m","warstwa":"adresy"},"geometry":{"type":"Point","coordinates":[19.944534,49.884211]}},{"type":"Feature","properties":{"NUMER_PORZ":"297","KOD_POCZT":"32-445","NAZWA_GMI":"Myślenice","NAZWA_MSC":"Zawada","odleglosc_m":0.0,"strefa":"w śladzie","warstwa":"adresy"},"geometry":{"type":"Point","coordinates":[19.94319,49.885187]}},{"type":"Feature","properties":{"NUMER_PORZ":"149","KOD_POCZT":"32-445","NAZWA_GMI":"Myślenice","NAZWA_MSC":"Krzyszkowice","odleglosc_m":150.6,"strefa":"50-200 m","warstwa":"adresy"},"geometry":{"type":"Point","coordinates":[19.940572,49.89385]}},{"type":"Feature","properties":{"NUMER_PORZ":"208","KOD_POCZT":"32-445","NAZWA_GMI":"Myślenice","NAZWA_MSC":"Krzyszkowice","odleglosc_m":148.0,"strefa":"50-200 m","warstwa":"adresy"},"geometry":{"type":"Point","coordinates":[19.936034,49.892128]}},{"type":"Feature","properties":{"NUMER_PORZ":"419A","KOD_POCZT":"32-445","NAZWA_GMI":"Myślenice","NAZWA_MSC":"Krzyszkowice","odleglosc_m":83.8,"strefa":"50-200 m","warstwa":"adresy"},"geometry":{"type":"Point","coordinates":[19.937058,49.891874]}},{"type":"Feature","properties":{"NUMER_PORZ":"126B","KOD_POCZT":"32-445","NAZWA_GMI":"Myślenice","NAZWA_MSC":"Krzyszkowice","odleglosc_m":0.0,"strefa":"nad tunelem","warstwa":"adresy"},"geometry":{"type":"Point","coordinates":[19.939441,49.889881]}},{"type":"Feature","properties":{"NUMER_PORZ":"437","KOD_POCZT":"32-445","NAZWA_GMI":"Myślenice","NAZWA_MSC":"Krzyszkowice","odleglosc_m":156.7,"strefa":"50-200 m","warstwa":"adresy"},"geometry":{"type":"Point","coordinates":[19.940786,49.89343]}},{"type":"Feature","properties":{"NUMER_PORZ":"62","KOD_POCZT":"32-445","NAZWA_GMI":"Myślenice","NAZWA_MSC":"Zawada","odleglosc_m":49.3,"strefa":"30-50 m","warstwa":"adresy"},"geometry":{"type":"Point","coordinates":[19.943382,49.883587]}},{"type":"Feature","properties":{"NUMER_PORZ":"368","KOD_POCZT":"32-445","NAZWA_GMI":"Myślenice","NAZWA_MSC":"Zawada","odleglosc_m":100.6,"strefa":"50-200 m","warstwa":"adresy"},"geometry":{"type":"Point","coordinates":[19.948707,49.8764]}},{"type":"Feature","properties":{"NUMER_PORZ":"148A","KOD_POCZT":"32-445","NAZWA_GMI":"Myślenice","NAZWA_MSC":"Zawada","odleglosc_m":0.0,"strefa":"w śladzie","warstwa":"adresy"},"geometry":{"type":"Point","coordinates":[19.950388,49.877091]}},{"type":"Feature","properties":{"NUMER_PORZ":"126","KOD_POCZT":"32-445","NAZWA_GMI":"Myślenice","NAZWA_MSC":"Krzyszkowice","odleglosc_m":25.4,"strefa":"20-30 m","warstwa":"adresy"},"geometry":{"type":"Point","coordinates":[19.940388,49.890153]}},{"type":"Feature","properties":{"NUMER_PORZ":"612","KOD_POCZT":"32-445","NAZWA_GMI":"Myślenice","NAZWA_MSC":"Krzyszkowice","odleglosc_m":175.4,"strefa":"50-200 m","warstwa":"adresy"},"geometry":{"type":"Point","coordinates":[19.936638,49.889958]}},{"type":"Feature","properties":{"NUMER_PORZ":"284","KOD_POCZT":"32-445","NAZWA_GMI":"Myślenice","NAZWA_MSC":"Zawada","odleglosc_m":20.2,"strefa":"20-30 m","warstwa":"adresy"},"geometry":{"type":"Point","coordinates":[19.950579,49.877254]}},{"type":"Feature","properties":{"NUMER_PORZ":"96","KOD_POCZT":"32-445","NAZWA_GMI":"Myślenice","NAZWA_MSC":"Zawada","odleglosc_m":0.0,"strefa":"w śladzie","warstwa":"adresy"},"geometry":{"type":"Point","coordinates":[19.949385,49.877997]}},{"type":"Feature","properties":{"NUMER_PORZ":"72","KOD_POCZT":"32-445","NAZWA_GMI":"Myślenice","NAZWA_MSC":"Zawada","odleglosc_m":92.7,"strefa":"50-200 m","warstwa":"adresy"},"geometry":{"type":"Point","coordinates":[19.948822,49.880761]}},{"type":"Feature","properties":{"NUMER_PORZ":"278","KOD_POCZT":"32-445","NAZWA_GMI":"Myślenice","NAZWA_MSC":"Zawada","odleglosc_m":0.0,"strefa":"w śladzie","warstwa":"adresy"},"geometry":{"type":"Point","coordinates":[19.942845,49.885548]}},{"type":"Feature","properties":{"NUMER_PORZ":"488","KOD_POCZT":"32-445","NAZWA_GMI":"Myślenice","NAZWA_MSC":"Krzyszkowice","odleglosc_m":43.3,"strefa":"30-50 m","warstwa":"adresy"},"geometry":{"type":"Point","coordinates":[19.937429,49.892407]}},{"type":"Feature","properties":{"NUMER_PORZ":"102","KOD_POCZT":"32-445","NAZWA_GMI":"Myślenice","NAZWA_MSC":"Zawada","odleglosc_m":36.9,"strefa":"30-50 m","warstwa":"adresy"},"geometry":{"type":"Point","coordinates":[19.94485,49.884251]}},{"type":"Feature","properties":{"NUMER_PORZ":"77","KOD_POCZT":"32-445","NAZWA_GMI":"Myślenice","NAZWA_MSC":"Zawada","odleglosc_m":75.9,"strefa":"50-200 m","warstwa":"adresy"},"geometry":{"type":"Point","coordinates":[19.94156,49.885237]}},{"type":"Feature","properties":{"NUMER_PORZ":"74C","KOD_POCZT":"32-445","NAZWA_GMI":"Myślenice","NAZWA_MSC":"Krzyszkowice","odleglosc_m":126.5,"strefa":"50-200 m","warstwa":"adresy"},"geometry":{"type":"Point","coordinates":[19.93558,49.894861]}},{"type":"Feature","properties":{"NUMER_PORZ":"637","KOD_POCZT":"32-445","NAZWA_GMI":"Myślenice","NAZWA_MSC":"Krzyszkowice","odleglosc_m":140.2,"strefa":"50-200 m","warstwa":"adresy"},"geometry":{"type":"Point","coordinates":[19.935323,49.895253]}},{"type":"Feature","properties":{"NUMER_PORZ":"77","KOD_POCZT":"32-445","NAZWA_GMI":"Myślenice","NAZWA_MSC":"Krzyszkowice","odleglosc_m":157.9,"strefa":"50-200 m","warstwa":"adresy"},"geometry":{"type":"Point","coordinates":[19.935004,49.89588]}},{"type":"Feature","properties":{"NUMER_PORZ":"70","KOD_POCZT":"32-445","NAZWA_GMI":"Myślenice","NAZWA_MSC":"Zawada","odleglosc_m":195.0,"strefa":"50-200 m","warstwa":"adresy"},"geometry":{"type":"Point","coordinates":[19.949733,49.881594]}},{"type":"Feature","properties":{"NUMER_PORZ":"135","KOD_POCZT":"32-445","NAZWA_GMI":"Myślenice","NAZWA_MSC":"Zawada","odleglosc_m":0.0,"strefa":"w śladzie","warstwa":"adresy"},"geometry":{"type":"Point","coordinates":[19.948599,49.87873]}},{"type":"Feature","properties":{"NUMER_PORZ":"212","KOD_POCZT":"32-445","NAZWA_GMI":"Myślenice","NAZWA_MSC":"Zawada","odleglosc_m":0.0,"strefa":"w śladzie","warstwa":"adresy"},"geometry":{"type":"Point","coordinates":[19.942638,49.885469]}},{"type":"Feature","properties":{"NUMER_PORZ":"72","KOD_POCZT":"32-445","NAZWA_GMI":"Myślenice","NAZWA_MSC":"Krzyszkowice","odleglosc_m":24.2,"strefa":"20-30 m","warstwa":"adresy"},"geometry":{"type":"Point","coordinates":[19.937545,49.892844]}},{"type":"Feature","properties":{"NUMER_PORZ":"412B","KOD_POCZT":"32-445","NAZWA_GMI":"Myślenice","NAZWA_MSC":"Zawada","odleglosc_m":177.2,"strefa":"50-200 m","warstwa":"adresy"},"geometry":{"type":"Point","coordinates":[19.946974,49.877087]}},{"type":"Feature","properties":{"NUMER_PORZ":"412C","KOD_POCZT":"32-445","NAZWA_GMI":"Myślenice","NAZWA_MSC":"Zawada","odleglosc_m":180.0,"strefa":"50-200 m","warstwa":"adresy"},"geometry":{"type":"Point","coordinates":[19.946768,49.87729]}},{"type":"Feature","properties":{"NUMER_PORZ":"638","KOD_POCZT":"32-445","NAZWA_GMI":"Myślenice","NAZWA_MSC":"Krzyszkowice","odleglosc_m":187.2,"strefa":"50-200 m","warstwa":"adresy"},"geometry":{"type":"Point","coordinates":[19.934567,49.896116]}},{"type":"Feature","properties":{"NUMER_PORZ":"298","KOD_POCZT":"32-445","NAZWA_GMI":"Myślenice","NAZWA_MSC":"Krzyszkowice","odleglosc_m":193.6,"strefa":"50-200 m","warstwa":"adresy"},"geometry":{"type":"Point","coordinates":[19.934527,49.895687]}},{"type":"Feature","properties":{"NUMER_PORZ":"455","KOD_POCZT":"32-445","NAZWA_GMI":"Myślenice","NAZWA_MSC":"Krzyszkowice","odleglosc_m":119.6,"strefa":"50-200 m","warstwa":"adresy"},"geometry":{"type":"Point","coordinates":[19.937023,49.890804]}},{"type":"Feature","properties":{"NUMER_PORZ":"1087D","KOD_POCZT":"32-444","NAZWA_GMI":"Myślenice","NAZWA_MSC":"Głogoczów","odleglosc_m":148.5,"strefa":"50-200 m","warstwa":"adresy"},"geometry":{"type":"Point","coordinates":[19.891403,49.910936]}},{"type":"Feature","properties":{"NUMER_PORZ":"158","KOD_POCZT":"32-444","NAZWA_GMI":"Myślenice","NAZWA_MSC":"Głogoczów","odleglosc_m":104.5,"strefa":"50-200 m","warstwa":"adresy"},"geometry":{"type":"Point","coordinates":[19.876102,49.90926]}},{"type":"Feature","properties":{"NUMER_PORZ":"610","KOD_POCZT":"32-445","NAZWA_GMI":"Myślenice","NAZWA_MSC":"Krzyszkowice","odleglosc_m":194.8,"strefa":"50-200 m","warstwa":"adresy"},"geometry":{"type":"Point","coordinates":[19.93543,49.891954]}},{"type":"Feature","properties":{"NUMER_PORZ":"165","KOD_POCZT":"32-445","NAZWA_GMI":"Myślenice","NAZWA_MSC":"Krzyszkowice","odleglosc_m":119.8,"strefa":"50-200 m","warstwa":"adresy"},"geometry":{"type":"Point","coordinates":[19.935536,49.895874]}},{"type":"Feature","properties":{"NUMER_PORZ":"345","KOD_POCZT":"32-445","NAZWA_GMI":"Myślenice","NAZWA_MSC":"Zawada","odleglosc_m":33.2,"strefa":"30-50 m","warstwa":"adresy"},"geometry":{"type":"Point","coordinates":[19.948721,49.879779]}},{"type":"Feature","properties":{"NUMER_PORZ":"664","KOD_POCZT":"32-444","NAZWA_GMI":"Myślenice","NAZWA_MSC":"Głogoczów","odleglosc_m":163.7,"strefa":"50-200 m","warstwa":"adresy"},"geometry":{"type":"Point","coordinates":[19.876086,49.909796]}},{"type":"Feature","properties":{"NUMER_PORZ":"6B","KOD_POCZT":"32-445","NAZWA_GMI":"Myślenice","NAZWA_MSC":"Zawada","odleglosc_m":174.0,"strefa":"50-200 m","warstwa":"adresy"},"geometry":{"type":"Point","coordinates":[19.954439,49.875081]}},{"type":"Feature","properties":{"NUMER_PORZ":"353","KOD_POCZT":"32-445","NAZWA_GMI":"Myślenice","NAZWA_MSC":"Zawada","odleglosc_m":161.2,"strefa":"50-200 m","warstwa":"adresy"},"geometry":{"type":"Point","coordinates":[19.950288,49.880328]}},{"type":"Feature","properties":{"NUMER_PORZ":"302","KOD_POCZT":"32-445","NAZWA_GMI":"Myślenice","NAZWA_MSC":"Zawada","odleglosc_m":40.1,"strefa":"30-50 m","warstwa":"adresy"},"geometry":{"type":"Point","coordinates":[19.949737,49.87627]}},{"type":"Feature","properties":{"NUMER_PORZ":"420","KOD_POCZT":"32-445","NAZWA_GMI":"Myślenice","NAZWA_MSC":"Krzyszkowice","odleglosc_m":192.7,"strefa":"50-200 m","warstwa":"adresy"},"geometry":{"type":"Point","coordinates":[19.936323,49.890069]}},{"type":"Feature","properties":{"NUMER_PORZ":"169","KOD_POCZT":"32-445","NAZWA_GMI":"Myślenice","NAZWA_MSC":"Zawada","odleglosc_m":54.1,"strefa":"50-200 m","warstwa":"adresy"},"geometry":{"type":"Point","coordinates":[19.948789,49.880087]}},{"type":"Feature","properties":{"NUMER_PORZ":"231","KOD_POCZT":"32-445","NAZWA_GMI":"Myślenice","NAZWA_MSC":"Zawada","odleglosc_m":18.9,"strefa":"0-20 m","warstwa":"adresy"},"geometry":{"type":"Point","coordinates":[19.943584,49.883914]}},{"type":"Feature","properties":{"NUMER_PORZ":"4","KOD_POCZT":"32-445","NAZWA_GMI":"Myślenice","NAZWA_MSC":"Zawada","odleglosc_m":131.7,"strefa":"50-200 m","warstwa":"adresy"},"geometry":{"type":"Point","coordinates":[19.948641,49.875839]}},{"type":"Feature","properties":{"NUMER_PORZ":"287","KOD_POCZT":"32-445","NAZWA_GMI":"Myślenice","NAZWA_MSC":"Zawada","odleglosc_m":176.9,"strefa":"50-200 m","warstwa":"adresy"},"geometry":{"type":"Point","coordinates":[19.951018,49.879764]}},{"type":"Feature","properties":{"NUMER_PORZ":"456","KOD_POCZT":"32-445","NAZWA_GMI":"Myślenice","NAZWA_MSC":"Krzyszkowice","odleglosc_m":50.9,"strefa":"50-200 m","warstwa":"adresy"},"geometry":{"type":"Point","coordinates":[19.93776,49.891359]}},{"type":"Feature","properties":{"NUMER_PORZ":"198","KOD_POCZT":"32-445","NAZWA_GMI":"Myślenice","NAZWA_MSC":"Krzyszkowice","odleglosc_m":179.7,"strefa":"50-200 m","warstwa":"adresy"},"geometry":{"type":"Point","coordinates":[19.935725,49.891757]}},{"type":"Feature","properties":{"NUMER_PORZ":"419","KOD_POCZT":"32-445","NAZWA_GMI":"Myślenice","NAZWA_MSC":"Krzyszkowice","odleglosc_m":95.7,"strefa":"50-200 m","warstwa":"adresy"},"geometry":{"type":"Point","coordinates":[19.936781,49.892142]}},{"type":"Feature","properties":{"NUMER_PORZ":"286","KOD_POCZT":"32-445","NAZWA_GMI":"Myślenice","NAZWA_MSC":"Krzyszkowice","odleglosc_m":157.7,"strefa":"50-200 m","warstwa":"adresy"},"geometry":{"type":"Point","coordinates":[19.940932,49.89304]}},{"type":"Feature","properties":{"NUMER_PORZ":"333C","KOD_POCZT":"32-445","NAZWA_GMI":"Myślenice","NAZWA_MSC":"Zawada","odleglosc_m":0.0,"strefa":"w śladzie","warstwa":"adresy"},"geometry":{"type":"Point","coordinates":[19.94356,49.884325]}},{"type":"Feature","properties":{"NUMER_PORZ":"24","KOD_POCZT":"32-445","NAZWA_GMI":"Myślenice","NAZWA_MSC":"Zawada","odleglosc_m":154.8,"strefa":"50-200 m","warstwa":"adresy"},"geometry":{"type":"Point","coordinates":[19.949416,49.88122]}},{"type":"Feature","properties":{"NUMER_PORZ":"68","KOD_POCZT":"32-445","NAZWA_GMI":"Myślenice","NAZWA_MSC":"Zawada","odleglosc_m":31.0,"strefa":"30-50 m","warstwa":"adresy"},"geometry":{"type":"Point","coordinates":[19.943446,49.885793]}},{"type":"Feature","properties":{"NUMER_PORZ":"210","KOD_POCZT":"32-445","NAZWA_GMI":"Myślenice","NAZWA_MSC":"Zawada","odleglosc_m":0.0,"strefa":"w śladzie","warstwa":"adresy"},"geometry":{"type":"Point","coordinates":[19.943023,49.885672]}},{"type":"Feature","properties":{"NUMER_PORZ":"248","KOD_POCZT":"32-445","NAZWA_GMI":"Myślenice","NAZWA_MSC":"Zawada","odleglosc_m":81.9,"strefa":"50-200 m","warstwa":"adresy"},"geometry":{"type":"Point","coordinates":[19.945393,49.884453]}},{"type":"Feature","properties":{"NUMER_PORZ":"382","KOD_POCZT":"32-445","NAZWA_GMI":"Myślenice","NAZWA_MSC":"Zawada","odleglosc_m":138.4,"strefa":"50-200 m","warstwa":"adresy"},"geometry":{"type":"Point","coordinates":[19.943975,49.887233]}},{"type":"Feature","properties":{"NUMER_PORZ":"7","KOD_POCZT":"32-445","NAZWA_GMI":"Myślenice","NAZWA_MSC":"Zawada","odleglosc_m":14.2,"strefa":"0-20 m","warstwa":"adresy"},"geometry":{"type":"Point","coordinates":[19.952249,49.874743]}},{"type":"Feature","properties":{"NUMER_PORZ":"5","KOD_POCZT":"32-445","NAZWA_GMI":"Myślenice","NAZWA_MSC":"Zawada","odleglosc_m":76.2,"strefa":"50-200 m","warstwa":"adresy"},"geometry":{"type":"Point","coordinates":[19.953408,49.874365]}},{"type":"Feature","properties":{"NUMER_PORZ":"190","KOD_POCZT":"32-445","NAZWA_GMI":"Myślenice","NAZWA_MSC":"Zawada","odleglosc_m":20.3,"strefa":"20-30 m","warstwa":"adresy"},"geometry":{"type":"Point","coordinates":[19.949488,49.878629]}},{"type":"Feature","properties":{"NUMER_PORZ":"72A","KOD_POCZT":"32-445","NAZWA_GMI":"Myślenice","NAZWA_MSC":"Krzyszkowice","odleglosc_m":49.1,"strefa":"30-50 m","warstwa":"adresy"},"geometry":{"type":"Point","coordinates":[19.937211,49.892778]}},{"type":"Feature","properties":{"NUMER_PORZ":"71A","KOD_POCZT":"32-445","NAZWA_GMI":"Myślenice","NAZWA_MSC":"Krzyszkowice","odleglosc_m":58.2,"strefa":"50-200 m","warstwa":"adresy"},"geometry":{"type":"Point","coordinates":[19.936455,49.895369]}},{"type":"Feature","properties":{"NUMER_PORZ":"65","KOD_POCZT":"32-445","NAZWA_GMI":"Myślenice","NAZWA_MSC":"Zawada","odleglosc_m":176.1,"strefa":"50-200 m","warstwa":"adresy"},"geometry":{"type":"Point","coordinates":[19.945488,49.886095]}},{"type":"Feature","properties":{"NUMER_PORZ":"333D","KOD_POCZT":"32-445","NAZWA_GMI":"Myślenice","NAZWA_MSC":"Zawada","odleglosc_m":21.1,"strefa":"20-30 m","warstwa":"adresy"},"geometry":{"type":"Point","coordinates":[19.942345,49.885329]}},{"type":"Feature","properties":{"NUMER_PORZ":"230A","KOD_POCZT":"32-445","NAZWA_GMI":"Myślenice","NAZWA_MSC":"Krzyszkowice","odleglosc_m":40.2,"strefa":"30-50 m","warstwa":"adresy"},"geometry":{"type":"Point","coordinates":[19.936892,49.894384]}},{"type":"Feature","properties":{"NUMER_PORZ":"230C","KOD_POCZT":"32-445","NAZWA_GMI":"Myślenice","NAZWA_MSC":"Krzyszkowice","odleglosc_m":63.9,"strefa":"50-200 m","warstwa":"adresy"},"geometry":{"type":"Point","coordinates":[19.936596,49.89421]}},{"type":"Feature","properties":{"NUMER_PORZ":"99","KOD_POCZT":"32-445","NAZWA_GMI":"Myślenice","NAZWA_MSC":"Zawada","odleglosc_m":0.0,"strefa":"w śladzie","warstwa":"adresy"},"geometry":{"type":"Point","coordinates":[19.942418,49.885726]}},{"type":"Feature","properties":{"NUMER_PORZ":"234","KOD_POCZT":"32-445","NAZWA_GMI":"Myślenice","NAZWA_MSC":"Zawada","odleglosc_m":197.9,"strefa":"50-200 m","warstwa":"adresy"},"geometry":{"type":"Point","coordinates":[19.946393,49.877408]}},{"type":"Feature","properties":{"NUMER_PORZ":"121","KOD_POCZT":"32-445","NAZWA_GMI":"Myślenice","NAZWA_MSC":"Zawada","odleglosc_m":18.9,"strefa":"0-20 m","warstwa":"adresy"},"geometry":{"type":"Point","coordinates":[19.94513,49.883604]}},{"type":"Feature","properties":{"NUMER_PORZ":"668","KOD_POCZT":"32-445","NAZWA_GMI":"Myślenice","NAZWA_MSC":"Krzyszkowice","odleglosc_m":162.6,"strefa":"50-200 m","warstwa":"adresy"},"geometry":{"type":"Point","coordinates":[19.934882,49.896505]}},{"type":"Feature","properties":{"NUMER_PORZ":"340","KOD_POCZT":"32-445","NAZWA_GMI":"Myślenice","NAZWA_MSC":"Zawada","odleglosc_m":0.0,"strefa":"w śladzie","warstwa":"adresy"},"geometry":{"type":"Point","coordinates":[19.944598,49.883815]}},{"type":"Feature","properties":{"NUMER_PORZ":"249","KOD_POCZT":"32-445","NAZWA_GMI":"Myślenice","NAZWA_MSC":"Zawada","odleglosc_m":0.0,"strefa":"w śladzie","warstwa":"adresy"},"geometry":{"type":"Point","coordinates":[19.942644,49.885947]}},{"type":"Feature","properties":{"NUMER_PORZ":"197","KOD_POCZT":"32-445","NAZWA_GMI":"Myślenice","NAZWA_MSC":"Zawada","odleglosc_m":43.0,"strefa":"30-50 m","warstwa":"adresy"},"geometry":{"type":"Point","coordinates":[19.941876,49.885485]}},{"type":"Feature","properties":{"NUMER_PORZ":"586A","KOD_POCZT":"32-445","NAZWA_GMI":"Myślenice","NAZWA_MSC":"Krzyszkowice","odleglosc_m":152.7,"strefa":"50-200 m","warstwa":"adresy"},"geometry":{"type":"Point","coordinates":[19.93738,49.889238]}},{"type":"Feature","properties":{"NUMER_PORZ":"230B","KOD_POCZT":"32-445","NAZWA_GMI":"Myślenice","NAZWA_MSC":"Krzyszkowice","odleglosc_m":69.1,"strefa":"50-200 m","warstwa":"adresy"},"geometry":{"type":"Point","coordinates":[19.936431,49.894646]}},{"type":"Feature","properties":{"NUMER_PORZ":"907","KOD_POCZT":"32-444","NAZWA_GMI":"Myślenice","NAZWA_MSC":"Głogoczów","odleglosc_m":120.9,"strefa":"50-200 m","warstwa":"adresy"},"geometry":{"type":"Point","coordinates":[19.865694,49.907805]}},{"type":"Feature","properties":{"NUMER_PORZ":"917","KOD_POCZT":"32-444","NAZWA_GMI":"Myślenice","NAZWA_MSC":"Głogoczów","odleglosc_m":112.7,"strefa":"50-200 m","warstwa":"adresy"},"geometry":{"type":"Point","coordinates":[19.893312,49.908173]}},{"type":"Feature","properties":{"NUMER_PORZ":"523","KOD_POCZT":"32-444","NAZWA_GMI":"Myślenice","NAZWA_MSC":"Głogoczów","odleglosc_m":125.3,"strefa":"50-200 m","warstwa":"adresy"},"geometry":{"type":"Point","coordinates":[19.877543,49.906911]}},{"type":"Feature","properties":{"NUMER_PORZ":"894","KOD_POCZT":"32-444","NAZWA_GMI":"Myślenice","NAZWA_MSC":"Głogoczów","odleglosc_m":90.6,"strefa":"50-200 m","warstwa":"adresy"},"geometry":{"type":"Point","coordinates":[19.869174,49.906571]}},{"type":"Feature","properties":{"NUMER_PORZ":"702","KOD_POCZT":"32-444","NAZWA_GMI":"Myślenice","NAZWA_MSC":"Głogoczów","odleglosc_m":181.2,"strefa":"50-200 m","warstwa":"adresy"},"geometry":{"type":"Point","coordinates":[19.878633,49.910153]}},{"type":"Feature","properties":{"NUMER_PORZ":"6","KOD_POCZT":"32-445","NAZWA_GMI":"Myślenice","NAZWA_MSC":"Zawada","odleglosc_m":183.0,"strefa":"50-200 m","warstwa":"adresy"},"geometry":{"type":"Point","coordinates":[19.954435,49.875301]}},{"type":"Feature","properties":{"NUMER_PORZ":"586","KOD_POCZT":"32-445","NAZWA_GMI":"Myślenice","NAZWA_MSC":"Krzyszkowice","odleglosc_m":189.7,"strefa":"50-200 m","warstwa":"adresy"},"geometry":{"type":"Point","coordinates":[19.937023,49.888908]}},{"type":"Feature","properties":{"NUMER_PORZ":"393","KOD_POCZT":"32-445","NAZWA_GMI":"Myślenice","NAZWA_MSC":"Zawada","odleglosc_m":91.5,"strefa":"50-200 m","warstwa":"adresy"},"geometry":{"type":"Point","coordinates":[19.942046,49.884356]}},{"type":"Feature","properties":{"NUMER_PORZ":"326C","KOD_POCZT":"32-445","NAZWA_GMI":"Myślenice","NAZWA_MSC":"Zawada","odleglosc_m":114.7,"strefa":"50-200 m","warstwa":"adresy"},"geometry":{"type":"Point","coordinates":[19.950291,49.879457]}},{"type":"Feature","properties":{"NUMER_PORZ":"333A","KOD_POCZT":"32-445","NAZWA_GMI":"Myślenice","NAZWA_MSC":"Zawada","odleglosc_m":69.1,"strefa":"50-200 m","warstwa":"adresy"},"geometry":{"type":"Point","coordinates":[19.941899,49.884953]}},{"type":"Feature","properties":{"NUMER_PORZ":"255","KOD_POCZT":"32-445","NAZWA_GMI":"Myślenice","NAZWA_MSC":"Zawada","odleglosc_m":130.0,"strefa":"50-200 m","warstwa":"adresy"},"geometry":{"type":"Point","coordinates":[19.945186,49.880082]}},{"type":"Feature","properties":{"NUMER_PORZ":"150","KOD_POCZT":"32-444","NAZWA_GMI":"Myślenice","NAZWA_MSC":"Głogoczów","odleglosc_m":193.2,"strefa":"50-200 m","warstwa":"adresy"},"geometry":{"type":"Point","coordinates":[19.892277,49.911409]}},{"type":"Feature","properties":{"NUMER_PORZ":"185","KOD_POCZT":"32-444","NAZWA_GMI":"Myślenice","NAZWA_MSC":"Głogoczów","odleglosc_m":148.1,"strefa":"50-200 m","warstwa":"adresy"},"geometry":{"type":"Point","coordinates":[19.884459,49.907244]}},{"type":"Feature","properties":{"NUMER_PORZ":"506","KOD_POCZT":"32-444","NAZWA_GMI":"Myślenice","NAZWA_MSC":"Głogoczów","odleglosc_m":152.2,"strefa":"50-200 m","warstwa":"adresy"},"geometry":{"type":"Point","coordinates":[19.877597,49.906672]}},{"type":"Feature","properties":{"NUMER_PORZ":"94","KOD_POCZT":"32-444","NAZWA_GMI":"Myślenice","NAZWA_MSC":"Głogoczów","odleglosc_m":177.2,"strefa":"50-200 m","warstwa":"adresy"},"geometry":{"type":"Point","coordinates":[19.867912,49.909279]}},{"type":"Feature","properties":{"NUMER_PORZ":"569","KOD_POCZT":"32-444","NAZWA_GMI":"Myślenice","NAZWA_MSC":"Głogoczów","odleglosc_m":130.3,"strefa":"50-200 m","warstwa":"adresy"},"geometry":{"type":"Point","coordinates":[19.866465,49.908627]}},{"type":"Feature","properties":{"NUMER_PORZ":"326B","KOD_POCZT":"32-445","NAZWA_GMI":"Myślenice","NAZWA_MSC":"Zawada","odleglosc_m":120.3,"strefa":"50-200 m","warstwa":"adresy"},"geometry":{"type":"Point","coordinates":[19.949918,49.88]}},{"type":"Feature","properties":{"NUMER_PORZ":"133","KOD_POCZT":"32-445","NAZWA_GMI":"Myślenice","NAZWA_MSC":"Krzyszkowice","odleglosc_m":21.2,"strefa":"20-30 m","warstwa":"adresy"},"geometry":{"type":"Point","coordinates":[19.938993,49.893]}},{"type":"Feature","properties":{"NUMER_PORZ":"125","KOD_POCZT":"32-445","NAZWA_GMI":"Myślenice","NAZWA_MSC":"Zawada","odleglosc_m":41.2,"strefa":"30-50 m","warstwa":"adresy"},"geometry":{"type":"Point","coordinates":[19.942511,49.887172]}},{"type":"Feature","properties":{"NUMER_PORZ":"207","KOD_POCZT":"32-445","NAZWA_GMI":"Myślenice","NAZWA_MSC":"Zawada","odleglosc_m":72.9,"strefa":"50-200 m","warstwa":"adresy"},"geometry":{"type":"Point","coordinates":[19.949016,49.876557]}},{"type":"Feature","properties":{"NUMER_PORZ":"544","KOD_POCZT":"32-444","NAZWA_GMI":"Myślenice","NAZWA_MSC":"Głogoczów","odleglosc_m":125.2,"strefa":"50-200 m","warstwa":"adresy"},"geometry":{"type":"Point","coordinates":[19.877186,49.906884]}},{"type":"Feature","properties":{"NUMER_PORZ":"834","KOD_POCZT":"32-444","NAZWA_GMI":"Myślenice","NAZWA_MSC":"Głogoczów","odleglosc_m":100.7,"strefa":"50-200 m","warstwa":"adresy"},"geometry":{"type":"Point","coordinates":[19.890668,49.908077]}},{"type":"Feature","properties":{"NUMER_PORZ":"150","KOD_POCZT":"32-445","NAZWA_GMI":"Myślenice","NAZWA_MSC":"Zawada","odleglosc_m":128.0,"strefa":"50-200 m","warstwa":"adresy"},"geometry":{"type":"Point","coordinates":[19.944909,49.880433]}},{"type":"Feature","properties":{"NUMER_PORZ":"235","KOD_POCZT":"32-445","NAZWA_GMI":"Myślenice","NAZWA_MSC":"Zawada","odleglosc_m":142.0,"strefa":"50-200 m","warstwa":"adresy"},"geometry":{"type":"Point","coordinates":[19.949009,49.875104]}},{"type":"Feature","properties":{"NUMER_PORZ":"1021","KOD_POCZT":"32-444","NAZWA_GMI":"Myślenice","NAZWA_MSC":"Głogoczów","odleglosc_m":67.4,"strefa":"50-200 m","warstwa":"adresy"},"geometry":{"type":"Point","coordinates":[19.876541,49.907358]}},{"type":"Feature","properties":{"NUMER_PORZ":"175","KOD_POCZT":"32-444","NAZWA_GMI":"Myślenice","NAZWA_MSC":"Głogoczów","odleglosc_m":0.0,"strefa":"nad tunelem","warstwa":"adresy"},"geometry":{"type":"Point","coordinates":[19.891188,49.909353]}},{"type":"Feature","properties":{"NUMER_PORZ":"291","KOD_POCZT":"32-444","NAZWA_GMI":"Myślenice","NAZWA_MSC":"Głogoczów","odleglosc_m":149.5,"strefa":"50-200 m","warstwa":"adresy"},"geometry":{"type":"Point","coordinates":[19.892039,49.907741]}},{"type":"Feature","properties":{"NUMER_PORZ":"157","KOD_POCZT":"32-444","NAZWA_GMI":"Myślenice","NAZWA_MSC":"Głogoczów","odleglosc_m":169.3,"strefa":"50-200 m","warstwa":"adresy"},"geometry":{"type":"Point","coordinates":[19.878072,49.910001]}},{"type":"Feature","properties":{"NUMER_PORZ":"928","KOD_POCZT":"32-444","NAZWA_GMI":"Myślenice","NAZWA_MSC":"Głogoczów","odleglosc_m":163.7,"strefa":"50-200 m","warstwa":"adresy"},"geometry":{"type":"Point","coordinates":[19.893375,49.907716]}},{"type":"Feature","properties":{"NUMER_PORZ":"85","KOD_POCZT":"32-445","NAZWA_GMI":"Myślenice","NAZWA_MSC":"Zawada","odleglosc_m":185.5,"strefa":"50-200 m","warstwa":"adresy"},"geometry":{"type":"Point","coordinates":[19.937619,49.888065]}},{"type":"Feature","properties":{"NUMER_PORZ":"282","KOD_POCZT":"32-445","NAZWA_GMI":"Myślenice","NAZWA_MSC":"Krzyszkowice","odleglosc_m":66.0,"strefa":"50-200 m","warstwa":"adresy"},"geometry":{"type":"Point","coordinates":[19.936695,49.893692]}},{"type":"Feature","properties":{"NUMER_PORZ":"763","KOD_POCZT":"32-445","NAZWA_GMI":"Myślenice","NAZWA_MSC":"Krzyszkowice","odleglosc_m":175.8,"strefa":"50-200 m","warstwa":"adresy"},"geometry":{"type":"Point","coordinates":[19.935658,49.892069]}},{"type":"Feature","properties":{"NUMER_PORZ":"763A","KOD_POCZT":"32-445","NAZWA_GMI":"Myślenice","NAZWA_MSC":"Krzyszkowice","odleglosc_m":176.9,"strefa":"50-200 m","warstwa":"adresy"},"geometry":{"type":"Point","coordinates":[19.935622,49.89212]}},{"type":"Feature","properties":{"NUMER_PORZ":"763B","KOD_POCZT":"32-445","NAZWA_GMI":"Myślenice","NAZWA_MSC":"Krzyszkowice","odleglosc_m":181.2,"strefa":"50-200 m","warstwa":"adresy"},"geometry":{"type":"Point","coordinates":[19.935494,49.892302]}},{"type":"Feature","properties":{"NUMER_PORZ":"3","KOD_POCZT":"32-445","NAZWA_GMI":"Myślenice","NAZWA_MSC":"Zawada","odleglosc_m":199.8,"strefa":"50-200 m","warstwa":"adresy"},"geometry":{"type":"Point","coordinates":[19.948625,49.874378]}},{"type":"Feature","properties":{"NUMER_PORZ":"263","KOD_POCZT":"32-445","NAZWA_GMI":"Myślenice","NAZWA_MSC":"Zawada","odleglosc_m":171.6,"strefa":"50-200 m","warstwa":"adresy"},"geometry":{"type":"Point","coordinates":[19.948805,49.874747]}},{"type":"Feature","properties":{"NUMER_PORZ":"13","KOD_POCZT":"32-445","NAZWA_GMI":"Myślenice","NAZWA_MSC":"Zawada","odleglosc_m":184.0,"strefa":"50-200 m","warstwa":"adresy"},"geometry":{"type":"Point","coordinates":[19.951789,49.878966]}},{"type":"Feature","properties":{"NUMER_PORZ":"148","KOD_POCZT":"32-444","NAZWA_GMI":"Myślenice","NAZWA_MSC":"Głogoczów","odleglosc_m":0.0,"strefa":"w śladzie","warstwa":"adresy"},"geometry":{"type":"Point","coordinates":[19.884957,49.908969]}},{"type":"Feature","properties":{"NUMER_PORZ":"165","KOD_POCZT":"32-444","NAZWA_GMI":"Myślenice","NAZWA_MSC":"Głogoczów","odleglosc_m":26.3,"strefa":"20-30 m","warstwa":"adresy"},"geometry":{"type":"Point","coordinates":[19.871458,49.908189]}},{"type":"Feature","properties":{"NUMER_PORZ":"908","KOD_POCZT":"32-444","NAZWA_GMI":"Myślenice","NAZWA_MSC":"Głogoczów","odleglosc_m":12.4,"strefa":"0-20 m","warstwa":"adresy"},"geometry":{"type":"Point","coordinates":[19.876521,49.907854]}},{"type":"Feature","properties":{"NUMER_PORZ":"999","KOD_POCZT":"32-444","NAZWA_GMI":"Myślenice","NAZWA_MSC":"Głogoczów","odleglosc_m":136.5,"strefa":"50-200 m","warstwa":"adresy"},"geometry":{"type":"Point","coordinates":[19.892501,49.907895]}},{"type":"Feature","properties":{"NUMER_PORZ":"824","KOD_POCZT":"32-444","NAZWA_GMI":"Myślenice","NAZWA_MSC":"Głogoczów","odleglosc_m":140.3,"strefa":"50-200 m","warstwa":"adresy"},"geometry":{"type":"Point","coordinates":[19.893738,49.907957]}},{"type":"Feature","properties":{"NUMER_PORZ":"788","KOD_POCZT":"32-444","NAZWA_GMI":"Myślenice","NAZWA_MSC":"Głogoczów","odleglosc_m":2.3,"strefa":"0-20 m","warstwa":"adresy"},"geometry":{"type":"Point","coordinates":[19.891016,49.908995]}},{"type":"Feature","properties":{"NUMER_PORZ":"341","KOD_POCZT":"32-444","NAZWA_GMI":"Myślenice","NAZWA_MSC":"Głogoczów","odleglosc_m":93.1,"strefa":"50-200 m","warstwa":"adresy"},"geometry":{"type":"Point","coordinates":[19.867829,49.908511]}},{"type":"Feature","properties":{"NUMER_PORZ":"509","KOD_POCZT":"32-444","NAZWA_GMI":"Myślenice","NAZWA_MSC":"Głogoczów","odleglosc_m":154.1,"strefa":"50-200 m","warstwa":"adresy"},"geometry":{"type":"Point","coordinates":[19.877175,49.906621]}},{"type":"Feature","properties":{"NUMER_PORZ":"619","KOD_POCZT":"32-444","NAZWA_GMI":"Myślenice","NAZWA_MSC":"Głogoczów","odleglosc_m":161.6,"strefa":"50-200 m","warstwa":"adresy"},"geometry":{"type":"Point","coordinates":[19.872902,49.90622]}},{"type":"Feature","properties":{"NUMER_PORZ":"257","KOD_POCZT":"32-444","NAZWA_GMI":"Myślenice","NAZWA_MSC":"Głogoczów","odleglosc_m":63.2,"strefa":"50-200 m","warstwa":"adresy"},"geometry":{"type":"Point","coordinates":[19.867059,49.908148]}},{"type":"Feature","properties":{"NUMER_PORZ":"181","KOD_POCZT":"32-444","NAZWA_GMI":"Myślenice","NAZWA_MSC":"Głogoczów","odleglosc_m":90.8,"strefa":"50-200 m","warstwa":"adresy"},"geometry":{"type":"Point","coordinates":[19.867092,49.908421]}},{"type":"Feature","properties":{"NUMER_PORZ":"163","KOD_POCZT":"32-445","NAZWA_GMI":"Myślenice","NAZWA_MSC":"Zawada","odleglosc_m":108.2,"strefa":"50-200 m","warstwa":"adresy"},"geometry":{"type":"Point","coordinates":[19.941411,49.884799]}},{"type":"Feature","properties":{"NUMER_PORZ":"657","KOD_POCZT":"32-444","NAZWA_GMI":"Myślenice","NAZWA_MSC":"Głogoczów","odleglosc_m":13.7,"strefa":"0-20 m","warstwa":"adresy"},"geometry":{"type":"Point","coordinates":[19.876987,49.907879]}},{"type":"Feature","properties":{"NUMER_PORZ":"597","KOD_POCZT":"32-444","NAZWA_GMI":"Myślenice","NAZWA_MSC":"Głogoczów","odleglosc_m":49.1,"strefa":"30-50 m","warstwa":"adresy"},"geometry":{"type":"Point","coordinates":[19.867771,49.906838]}},{"type":"Feature","properties":{"NUMER_PORZ":"150A","KOD_POCZT":"32-444","NAZWA_GMI":"Myślenice","NAZWA_MSC":"Głogoczów","odleglosc_m":166.0,"strefa":"50-200 m","warstwa":"adresy"},"geometry":{"type":"Point","coordinates":[19.891937,49.911136]}},{"type":"Feature","properties":{"NUMER_PORZ":"306","KOD_POCZT":"32-444","NAZWA_GMI":"Myślenice","NAZWA_MSC":"Głogoczów","odleglosc_m":98.0,"strefa":"50-200 m","warstwa":"adresy"},"geometry":{"type":"Point","coordinates":[19.874343,49.906908]}},{"type":"Feature","properties":{"NUMER_PORZ":"678","KOD_POCZT":"32-444","NAZWA_GMI":"Myślenice","NAZWA_MSC":"Głogoczów","odleglosc_m":28.7,"strefa":"20-30 m","warstwa":"adresy"},"geometry":{"type":"Point","coordinates":[19.874228,49.907527]}},{"type":"Feature","properties":{"NUMER_PORZ":"190","KOD_POCZT":"32-444","NAZWA_GMI":"Myślenice","NAZWA_MSC":"Głogoczów","odleglosc_m":62.3,"strefa":"50-200 m","warstwa":"adresy"},"geometry":{"type":"Point","coordinates":[19.89079,49.910107]}},{"type":"Feature","properties":{"NUMER_PORZ":"150B","KOD_POCZT":"32-444","NAZWA_GMI":"Myślenice","NAZWA_MSC":"Głogoczów","odleglosc_m":161.3,"strefa":"50-200 m","warstwa":"adresy"},"geometry":{"type":"Point","coordinates":[19.892417,49.911131]}},{"type":"Feature","properties":{"NUMER_PORZ":"74A","KOD_POCZT":"32-445","NAZWA_GMI":"Myślenice","NAZWA_MSC":"Krzyszkowice","odleglosc_m":168.4,"strefa":"50-200 m","warstwa":"adresy"},"geometry":{"type":"Point","coordinates":[19.935135,49.894169]}},{"type":"Feature","properties":{"NUMER_PORZ":"216","KOD_POCZT":"32-445","NAZWA_GMI":"Myślenice","NAZWA_MSC":"Zawada","odleglosc_m":145.5,"strefa":"50-200 m","warstwa":"adresy"},"geometry":{"type":"Point","coordinates":[19.944368,49.88688]}},{"type":"Feature","properties":{"NUMER_PORZ":"370","KOD_POCZT":"32-445","NAZWA_GMI":"Myślenice","NAZWA_MSC":"Zawada","odleglosc_m":156.4,"strefa":"50-200 m","warstwa":"adresy"},"geometry":{"type":"Point","coordinates":[19.950111,49.880444]}},{"type":"Feature","properties":{"NUMER_PORZ":"289","KOD_POCZT":"32-445","NAZWA_GMI":"Myślenice","NAZWA_MSC":"Krzyszkowice","odleglosc_m":18.6,"strefa":"0-20 m","warstwa":"adresy"},"geometry":{"type":"Point","coordinates":[19.938511,49.890784]}},{"type":"Feature","properties":{"NUMER_PORZ":"65A","KOD_POCZT":"32-445","NAZWA_GMI":"Myślenice","NAZWA_MSC":"Zawada","odleglosc_m":154.1,"strefa":"50-200 m","warstwa":"adresy"},"geometry":{"type":"Point","coordinates":[19.944732,49.886597]}},{"type":"Feature","properties":{"NUMER_PORZ":"328","KOD_POCZT":"32-444","NAZWA_GMI":"Myślenice","NAZWA_MSC":"Głogoczów","odleglosc_m":147.3,"strefa":"50-200 m","warstwa":"adresy"},"geometry":{"type":"Point","coordinates":[19.867886,49.909006]}},{"type":"Feature","properties":{"NUMER_PORZ":"248","KOD_POCZT":"32-444","NAZWA_GMI":"Myślenice","NAZWA_MSC":"Głogoczów","odleglosc_m":195.3,"strefa":"50-200 m","warstwa":"adresy"},"geometry":{"type":"Point","coordinates":[19.894378,49.907509]}},{"type":"Feature","properties":{"NUMER_PORZ":"768","KOD_POCZT":"32-444","NAZWA_GMI":"Myślenice","NAZWA_MSC":"Głogoczów","odleglosc_m":123.0,"strefa":"50-200 m","warstwa":"adresy"},"geometry":{"type":"Point","coordinates":[19.891858,49.907967]}},{"type":"Feature","properties":{"NUMER_PORZ":"524","KOD_POCZT":"32-444","NAZWA_GMI":"Myślenice","NAZWA_MSC":"Głogoczów","odleglosc_m":178.1,"strefa":"50-200 m","warstwa":"adresy"},"geometry":{"type":"Point","coordinates":[19.877526,49.906431]}},{"type":"Feature","properties":{"NUMER_PORZ":"437","KOD_POCZT":"32-444","NAZWA_GMI":"Myślenice","NAZWA_MSC":"Głogoczów","odleglosc_m":5.1,"strefa":"0-20 m","warstwa":"adresy"},"geometry":{"type":"Point","coordinates":[19.877414,49.908462]}},{"type":"Feature","properties":{"NUMER_PORZ":"161","KOD_POCZT":"32-444","NAZWA_GMI":"Myślenice","NAZWA_MSC":"Głogoczów","odleglosc_m":65.0,"strefa":"50-200 m","warstwa":"adresy"},"geometry":{"type":"Point","coordinates":[19.878107,49.909059]}},{"type":"Feature","properties":{"NUMER_PORZ":"246","KOD_POCZT":"32-444","NAZWA_GMI":"Myślenice","NAZWA_MSC":"Głogoczów","odleglosc_m":116.8,"strefa":"50-200 m","warstwa":"adresy"},"geometry":{"type":"Point","coordinates":[19.878585,49.909566]}},{"type":"Feature","properties":{"NUMER_PORZ":"872","KOD_POCZT":"32-444","NAZWA_GMI":"Myślenice","NAZWA_MSC":"Głogoczów","odleglosc_m":155.3,"strefa":"50-200 m","warstwa":"adresy"},"geometry":{"type":"Point","coordinates":[19.87887,49.909937]}},{"type":"Feature","properties":{"NUMER_PORZ":"216","KOD_POCZT":"32-444","NAZWA_GMI":"Myślenice","NAZWA_MSC":"Głogoczów","odleglosc_m":60.4,"strefa":"50-200 m","warstwa":"adresy"},"geometry":{"type":"Point","coordinates":[19.87236,49.908568]}},{"type":"Feature","properties":{"NUMER_PORZ":"793","KOD_POCZT":"32-444","NAZWA_GMI":"Myślenice","NAZWA_MSC":"Głogoczów","odleglosc_m":94.9,"strefa":"50-200 m","warstwa":"adresy"},"geometry":{"type":"Point","coordinates":[19.892989,49.90831]}},{"type":"Feature","properties":{"NUMER_PORZ":"508","KOD_POCZT":"32-444","NAZWA_GMI":"Myślenice","NAZWA_MSC":"Głogoczów","odleglosc_m":42.8,"strefa":"30-50 m","warstwa":"adresy"},"geometry":{"type":"Point","coordinates":[19.877485,49.907654]}},{"type":"Feature","properties":{"NUMER_PORZ":"275A","KOD_POCZT":"32-445","NAZWA_GMI":"Myślenice","NAZWA_MSC":"Krzyszkowice","odleglosc_m":83.3,"strefa":"50-200 m","warstwa":"adresy"},"geometry":{"type":"Point","coordinates":[19.939397,49.894735]}},{"type":"Feature","properties":{"NUMER_PORZ":"550","KOD_POCZT":"32-444","NAZWA_GMI":"Myślenice","NAZWA_MSC":"Głogoczów","odleglosc_m":82.3,"strefa":"50-200 m","warstwa":"adresy"},"geometry":{"type":"Point","coordinates":[19.877537,49.9073]}},{"type":"Feature","properties":{"NUMER_PORZ":"1019","KOD_POCZT":"32-444","NAZWA_GMI":"Myślenice","NAZWA_MSC":"Głogoczów","odleglosc_m":148.8,"strefa":"50-200 m","warstwa":"adresy"},"geometry":{"type":"Point","coordinates":[19.892816,49.911049]}},{"type":"Feature","properties":{"NUMER_PORZ":"1054","KOD_POCZT":"32-444","NAZWA_GMI":"Myślenice","NAZWA_MSC":"Głogoczów","odleglosc_m":114.5,"strefa":"50-200 m","warstwa":"adresy"},"geometry":{"type":"Point","coordinates":[19.869133,49.906352]}},{"type":"Feature","properties":{"NUMER_PORZ":"791","KOD_POCZT":"32-444","NAZWA_GMI":"Myślenice","NAZWA_MSC":"Głogoczów","odleglosc_m":151.5,"strefa":"50-200 m","warstwa":"adresy"},"geometry":{"type":"Point","coordinates":[19.866121,49.908707]}},{"type":"Feature","properties":{"NUMER_PORZ":"149","KOD_POCZT":"32-444","NAZWA_GMI":"Myślenice","NAZWA_MSC":"Głogoczów","odleglosc_m":0.0,"strefa":"nad tunelem","warstwa":"adresy"},"geometry":{"type":"Point","coordinates":[19.89235,49.909599]}},{"type":"Feature","properties":{"NUMER_PORZ":"282A","KOD_POCZT":"32-445","NAZWA_GMI":"Myślenice","NAZWA_MSC":"Krzyszkowice","odleglosc_m":4.3,"strefa":"0-20 m","warstwa":"adresy"},"geometry":{"type":"Point","coordinates":[19.937476,49.894004]}},{"type":"Feature","properties":{"NUMER_PORZ":"495","KOD_POCZT":"32-444","NAZWA_GMI":"Myślenice","NAZWA_MSC":"Głogoczów","odleglosc_m":159.0,"strefa":"50-200 m","warstwa":"adresy"},"geometry":{"type":"Point","coordinates":[19.867344,49.90907]}},{"type":"Feature","properties":{"NUMER_PORZ":"1019A","KOD_POCZT":"32-444","NAZWA_GMI":"Myślenice","NAZWA_MSC":"Głogoczów","odleglosc_m":85.5,"strefa":"50-200 m","warstwa":"adresy"},"geometry":{"type":"Point","coordinates":[19.891569,49.910378]}},{"type":"Feature","properties":{"NUMER_PORZ":"773","KOD_POCZT":"32-444","NAZWA_GMI":"Myślenice","NAZWA_MSC":"Głogoczów","odleglosc_m":31.3,"strefa":"30-50 m","warstwa":"adresy"},"geometry":{"type":"Point","coordinates":[19.890652,49.909815]}},{"type":"Feature","properties":{"NUMER_PORZ":"986","KOD_POCZT":"32-444","NAZWA_GMI":"Myślenice","NAZWA_MSC":"Głogoczów","odleglosc_m":69.9,"strefa":"50-200 m","warstwa":"adresy"},"geometry":{"type":"Point","coordinates":[19.867959,49.906664]}},{"type":"Feature","properties":{"NUMER_PORZ":"207","KOD_POCZT":"32-444","NAZWA_GMI":"Myślenice","NAZWA_MSC":"Głogoczów","odleglosc_m":21.6,"strefa":"20-30 m","warstwa":"adresy"},"geometry":{"type":"Point","coordinates":[19.877506,49.908619]}},{"type":"Feature","properties":{"NUMER_PORZ":"199","KOD_POCZT":"32-445","NAZWA_GMI":"Myślenice","NAZWA_MSC":"Zawada","odleglosc_m":58.4,"strefa":"50-200 m","warstwa":"adresy"},"geometry":{"type":"Point","coordinates":[19.949373,49.879488]}},{"type":"Feature","properties":{"NUMER_PORZ":"949","KOD_POCZT":"32-444","NAZWA_GMI":"Myślenice","NAZWA_MSC":"Głogoczów","odleglosc_m":0.0,"strefa":"nad tunelem","warstwa":"adresy"},"geometry":{"type":"Point","coordinates":[19.891625,49.909375]}},{"type":"Feature","properties":{"NUMER_PORZ":"945","KOD_POCZT":"32-444","NAZWA_GMI":"Myślenice","NAZWA_MSC":"Głogoczów","odleglosc_m":116.1,"strefa":"50-200 m","warstwa":"adresy"},"geometry":{"type":"Point","coordinates":[19.890915,49.910604]}},{"type":"Feature","properties":{"NUMER_PORZ":"74B","KOD_POCZT":"32-445","NAZWA_GMI":"Myślenice","NAZWA_MSC":"Krzyszkowice","odleglosc_m":114.6,"strefa":"50-200 m","warstwa":"adresy"},"geometry":{"type":"Point","coordinates":[19.935958,49.89385]}},{"type":"Feature","properties":{"NUMER_PORZ":"224","KOD_POCZT":"32-445","NAZWA_GMI":"Myślenice","NAZWA_MSC":"Zawada","odleglosc_m":129.1,"strefa":"50-200 m","warstwa":"adresy"},"geometry":{"type":"Point","coordinates":[19.94902,49.875372]}},{"type":"Feature","properties":{"NUMER_PORZ":"273","KOD_POCZT":"32-445","NAZWA_GMI":"Myślenice","NAZWA_MSC":"Krzyszkowice","odleglosc_m":129.9,"strefa":"50-200 m","warstwa":"adresy"},"geometry":{"type":"Point","coordinates":[19.93627,49.89219]}},{"type":"Feature","properties":{"NUMER_PORZ":"368A","KOD_POCZT":"32-445","NAZWA_GMI":"Myślenice","NAZWA_MSC":"Zawada","odleglosc_m":122.9,"strefa":"50-200 m","warstwa":"adresy"},"geometry":{"type":"Point","coordinates":[19.94821,49.876594]}},{"type":"Feature","properties":{"NUMER_PORZ":"275","KOD_POCZT":"32-445","NAZWA_GMI":"Myślenice","NAZWA_MSC":"Krzyszkowice","odleglosc_m":104.4,"strefa":"50-200 m","warstwa":"adresy"},"geometry":{"type":"Point","coordinates":[19.939723,49.894596]}},{"type":"Feature","properties":{"NUMER_PORZ":"249","KOD_POCZT":"32-444","NAZWA_GMI":"Myślenice","NAZWA_MSC":"Głogoczów","odleglosc_m":153.5,"strefa":"50-200 m","warstwa":"adresy"},"geometry":{"type":"Point","coordinates":[19.869168,49.906001]}},{"type":"Feature","properties":{"NUMER_PORZ":"1087","KOD_POCZT":"32-444","NAZWA_GMI":"Myślenice","NAZWA_MSC":"Głogoczów","odleglosc_m":190.6,"strefa":"50-200 m","warstwa":"adresy"},"geometry":{"type":"Point","coordinates":[19.891233,49.911303]}},{"type":"Feature","properties":{"NUMER_PORZ":"1087A","KOD_POCZT":"32-444","NAZWA_GMI":"Myślenice","NAZWA_MSC":"Głogoczów","odleglosc_m":189.2,"strefa":"50-200 m","warstwa":"adresy"},"geometry":{"type":"Point","coordinates":[19.891344,49.9113]}},{"type":"Feature","properties":{"NUMER_PORZ":"1087B","KOD_POCZT":"32-444","NAZWA_GMI":"Myślenice","NAZWA_MSC":"Głogoczów","odleglosc_m":187.3,"strefa":"50-200 m","warstwa":"adresy"},"geometry":{"type":"Point","coordinates":[19.891492,49.911294]}},{"type":"Feature","properties":{"NUMER_PORZ":"1087C","KOD_POCZT":"32-444","NAZWA_GMI":"Myślenice","NAZWA_MSC":"Głogoczów","odleglosc_m":183.7,"strefa":"50-200 m","warstwa":"adresy"},"geometry":{"type":"Point","coordinates":[19.891659,49.911274]}},{"type":"Feature","properties":{"NUMER_PORZ":"309","KOD_POCZT":"32-444","NAZWA_GMI":"Myślenice","NAZWA_MSC":"Głogoczów","odleglosc_m":28.3,"strefa":"20-30 m","warstwa":"adresy"},"geometry":{"type":"Point","coordinates":[19.868366,49.907073]}},{"type":"Feature","properties":{"NUMER_PORZ":"360","KOD_POCZT":"32-444","NAZWA_GMI":"Myślenice","NAZWA_MSC":"Głogoczów","odleglosc_m":67.9,"strefa":"50-200 m","warstwa":"adresy"},"geometry":{"type":"Point","coordinates":[19.869128,49.906774]}},{"type":"Feature","properties":{"NUMER_PORZ":"334","KOD_POCZT":"32-444","NAZWA_GMI":"Myślenice","NAZWA_MSC":"Głogoczów","odleglosc_m":122.3,"strefa":"50-200 m","warstwa":"adresy"},"geometry":{"type":"Point","coordinates":[19.868404,49.906224]}},{"type":"Feature","properties":{"NUMER_PORZ":"49","KOD_POCZT":"32-445","NAZWA_GMI":"Myślenice","NAZWA_MSC":"Zawada","odleglosc_m":125.6,"strefa":"50-200 m","warstwa":"adresy"},"geometry":{"type":"Point","coordinates":[19.948837,49.881348]}},{"type":"Feature","properties":{"NUMER_PORZ":"11","KOD_POCZT":"32-445","NAZWA_GMI":"Myślenice","NAZWA_MSC":"Zawada","odleglosc_m":67.6,"strefa":"50-200 m","warstwa":"adresy"},"geometry":{"type":"Point","coordinates":[19.950246,49.878611]}},{"type":"Feature","properties":{"NUMER_PORZ":"34","KOD_POCZT":"32-445","NAZWA_GMI":"Myślenice","NAZWA_MSC":"Zawada","odleglosc_m":108.5,"strefa":"50-200 m","warstwa":"adresy"},"geometry":{"type":"Point","coordinates":[19.949283,49.875446]}},{"type":"Feature","properties":{"NUMER_PORZ":"417","KOD_POCZT":"32-445","NAZWA_GMI":"Myślenice","NAZWA_MSC":"Zawada","odleglosc_m":193.4,"strefa":"50-200 m","warstwa":"adresy"},"geometry":{"type":"Point","coordinates":[19.939876,49.885037]}},{"type":"Feature","properties":{"NUMER_PORZ":"418","KOD_POCZT":"32-445","NAZWA_GMI":"Myślenice","NAZWA_MSC":"Zawada","odleglosc_m":100.3,"strefa":"50-200 m","warstwa":"adresy"},"geometry":{"type":"Point","coordinates":[19.945368,49.884823]}},{"type":"Feature","properties":{"NUMER_PORZ":"420","KOD_POCZT":"32-445","NAZWA_GMI":"Myślenice","NAZWA_MSC":"Zawada","odleglosc_m":187.2,"strefa":"50-200 m","warstwa":"adresy"},"geometry":{"type":"Point","coordinates":[19.950149,49.880969]}},{"type":"Feature","properties":{"NUMER_PORZ":"420A","KOD_POCZT":"32-445","NAZWA_GMI":"Myślenice","NAZWA_MSC":"Zawada","odleglosc_m":196.7,"strefa":"50-200 m","warstwa":"adresy"},"geometry":{"type":"Point","coordinates":[19.950275,49.880999]}},{"type":"Feature","properties":{"NUMER_PORZ":"1114","KOD_POCZT":"32-444","NAZWA_GMI":"Myślenice","NAZWA_MSC":"Głogoczów","odleglosc_m":5.1,"strefa":"0-20 m","warstwa":"adresy"},"geometry":{"type":"Point","coordinates":[19.873731,49.907702]}},{"type":"Feature","properties":{"NUMER_PORZ":"425","KOD_POCZT":"32-445","NAZWA_GMI":"Myślenice","NAZWA_MSC":"Zawada","odleglosc_m":171.0,"strefa":"50-200 m","warstwa":"adresy"},"geometry":{"type":"Point","coordinates":[19.947224,49.876898]}},{"type":"Feature","properties":{"NUMER_PORZ":"425A","KOD_POCZT":"32-445","NAZWA_GMI":"Myślenice","NAZWA_MSC":"Zawada","odleglosc_m":179.6,"strefa":"50-200 m","warstwa":"adresy"},"geometry":{"type":"Point","coordinates":[19.947122,49.876858]}},{"type":"Feature","properties":{"NUMER_PORZ":"425B","KOD_POCZT":"32-445","NAZWA_GMI":"Myślenice","NAZWA_MSC":"Zawada","odleglosc_m":194.1,"strefa":"50-200 m","warstwa":"adresy"},"geometry":{"type":"Point","coordinates":[19.946955,49.876782]}},{"type":"Feature","properties":{"NUMER_PORZ":"432","KOD_POCZT":"32-445","NAZWA_GMI":"Myślenice","NAZWA_MSC":"Zawada","odleglosc_m":163.1,"strefa":"50-200 m","warstwa":"adresy"},"geometry":{"type":"Point","coordinates":[19.944145,49.887512]}},{"type":"Feature","properties":{"NUMER_PORZ":"1172","KOD_POCZT":"32-431","NAZWA_GMI":"Pcim","NAZWA_MSC":"Stróża","odleglosc_m":136.4,"strefa":"50-200 m","warstwa":"adresy"},"geometry":{"type":"Point","coordinates":[19.920909,49.808662]}},{"type":"Feature","properties":{"NUMER_PORZ":"844","KOD_POCZT":"32-431","NAZWA_GMI":"Pcim","NAZWA_MSC":"Stróża","odleglosc_m":82.6,"strefa":"50-200 m","warstwa":"adresy"},"geometry":{"type":"Point","coordinates":[19.92243,49.808551]}},{"type":"Feature","properties":{"NUMER_PORZ":"812","KOD_POCZT":"32-431","NAZWA_GMI":"Pcim","NAZWA_MSC":"Stróża","odleglosc_m":106.6,"strefa":"50-200 m","warstwa":"adresy"},"geometry":{"type":"Point","coordinates":[19.92202,49.808401]}},{"type":"Feature","properties":{"NUMER_PORZ":"745","KOD_POCZT":"32-431","NAZWA_GMI":"Pcim","NAZWA_MSC":"Stróża","odleglosc_m":73.1,"strefa":"50-200 m","warstwa":"adresy"},"geometry":{"type":"Point","coordinates":[19.921577,49.809049]}},{"type":"Feature","properties":{"NUMER_PORZ":"634","KOD_POCZT":"32-431","NAZWA_GMI":"Pcim","NAZWA_MSC":"Stróża","odleglosc_m":129.3,"strefa":"50-200 m","warstwa":"adresy"},"geometry":{"type":"Point","coordinates":[19.921488,49.808361]}},{"type":"Feature","properties":{"NUMER_PORZ":"465","KOD_POCZT":"32-431","NAZWA_GMI":"Pcim","NAZWA_MSC":"Stróża","odleglosc_m":194.1,"strefa":"50-200 m","warstwa":"adresy"},"geometry":{"type":"Point","coordinates":[19.920806,49.807966]}},{"type":"Feature","properties":{"NUMER_PORZ":"1073","KOD_POCZT":"32-431","NAZWA_GMI":"Pcim","NAZWA_MSC":"Stróża","odleglosc_m":182.1,"strefa":"50-200 m","warstwa":"adresy"},"geometry":{"type":"Point","coordinates":[19.920726,49.80816]}},{"type":"Feature","properties":{"NUMER_PORZ":"1182","KOD_POCZT":"32-431","NAZWA_GMI":"Pcim","NAZWA_MSC":"Stróża","odleglosc_m":194.2,"strefa":"50-200 m","warstwa":"adresy"},"geometry":{"type":"Point","coordinates":[19.922855,49.807546]}},{"type":"Feature","properties":{"NUMER_PORZ":"428","KOD_POCZT":"32-431","NAZWA_GMI":"Pcim","NAZWA_MSC":"Stróża","odleglosc_m":159.1,"strefa":"50-200 m","warstwa":"adresy"},"geometry":{"type":"Point","coordinates":[19.922452,49.807858]}},{"type":"Feature","properties":{"NUMER_PORZ":"958","KOD_POCZT":"32-431","NAZWA_GMI":"Pcim","NAZWA_MSC":"Stróża","odleglosc_m":134.3,"strefa":"50-200 m","warstwa":"adresy"},"geometry":{"type":"Point","coordinates":[19.92109,49.808536]}},{"type":"Feature","properties":{"NUMER_PORZ":"1047","KOD_POCZT":"32-431","NAZWA_GMI":"Pcim","NAZWA_MSC":"Stróża","odleglosc_m":199.1,"strefa":"50-200 m","warstwa":"adresy"},"geometry":{"type":"Point","coordinates":[19.921969,49.807542]}},{"type":"Feature","properties":{"NUMER_PORZ":"1117","KOD_POCZT":"32-431","NAZWA_GMI":"Pcim","NAZWA_MSC":"Stróża","odleglosc_m":161.4,"strefa":"50-200 m","warstwa":"adresy"},"geometry":{"type":"Point","coordinates":[19.922244,49.807852]}},{"type":"Feature","properties":{"NUMER_PORZ":"154A","KOD_POCZT":"32-445","NAZWA_GMI":"Myślenice","NAZWA_MSC":"Zawada","odleglosc_m":170.3,"strefa":"50-200 m","warstwa":"adresy"},"geometry":{"type":"Point","coordinates":[19.939593,49.885842]}},{"type":"Feature","properties":{"NUMER_PORZ":"1132","KOD_POCZT":"32-444","NAZWA_GMI":"Myślenice","NAZWA_MSC":"Głogoczów","odleglosc_m":0.0,"strefa":"nad tunelem","warstwa":"adresy"},"geometry":{"type":"Point","coordinates":[19.889942,49.909366]}},{"type":"Feature","properties":{"NUMER_PORZ":"126C","KOD_POCZT":"32-445","NAZWA_GMI":"Myślenice","NAZWA_MSC":"Krzyszkowice","odleglosc_m":8.5,"strefa":"0-20 m","warstwa":"adresy"},"geometry":{"type":"Point","coordinates":[19.939184,49.889822]}},{"type":"Feature","properties":{"NUMER_PORZ":"1087F","KOD_POCZT":"32-444","NAZWA_GMI":"Myślenice","NAZWA_MSC":"Głogoczów","odleglosc_m":110.4,"strefa":"50-200 m","warstwa":"adresy"},"geometry":{"type":"Point","coordinates":[19.891388,49.910589]}},{"type":"Feature","properties":{"NUMER_PORZ":"282B","KOD_POCZT":"32-445","NAZWA_GMI":"Myślenice","NAZWA_MSC":"Krzyszkowice","odleglosc_m":4.9,"strefa":"0-20 m","warstwa":"adresy"},"geometry":{"type":"Point","coordinates":[19.937434,49.894166]}},{"type":"Feature","properties":{"NUMER_PORZ":"1114A","KOD_POCZT":"32-444","NAZWA_GMI":"Myślenice","NAZWA_MSC":"Głogoczów","odleglosc_m":25.3,"strefa":"20-30 m","warstwa":"adresy"},"geometry":{"type":"Point","coordinates":[19.87326,49.907483]}},{"type":"Feature","properties":{"NUMER_PORZ":"1141","KOD_POCZT":"32-444","NAZWA_GMI":"Myślenice","NAZWA_MSC":"Głogoczów","odleglosc_m":0.0,"strefa":"nad tunelem","warstwa":"adresy"},"geometry":{"type":"Point","coordinates":[19.892002,49.909115]}},{"type":"Feature","properties":{"NUMER_PORZ":"377","KOD_POCZT":"32-020","NAZWA_GMI":"Wieliczka","NAZWA_MSC":"Podstolice","odleglosc_m":166.4,"strefa":"50-200 m","warstwa":"adresy"},"geometry":{"type":"Point","coordinates":[19.989309,49.950267]}},{"type":"Feature","properties":{"NUMER_PORZ":"163","KOD_POCZT":"30-698","NAZWA_GMI":"Wieliczka","NAZWA_MSC":"Golkowice","odleglosc_m":8.7,"strefa":"0-20 m","warstwa":"adresy"},"geometry":{"type":"Point","coordinates":[19.995521,49.97363]}},{"type":"Feature","properties":{"NUMER_PORZ":"165","KOD_POCZT":"32-020","NAZWA_GMI":"Wieliczka","NAZWA_MSC":"Podstolice","odleglosc_m":49.2,"strefa":"30-50 m","warstwa":"adresy"},"geometry":{"type":"Point","coordinates":[19.985508,49.950444]}},{"type":"Feature","properties":{"NUMER_PORZ":"34","KOD_POCZT":"32-020","NAZWA_GMI":"Wieliczka","NAZWA_MSC":"Podstolice","odleglosc_m":0.0,"strefa":"w śladzie","warstwa":"adresy"},"geometry":{"type":"Point","coordinates":[19.986654,49.950043]}},{"type":"Feature","properties":{"NUMER_PORZ":"155","KOD_POCZT":"32-020","NAZWA_GMI":"Wieliczka","NAZWA_MSC":"Podstolice","odleglosc_m":88.5,"strefa":"50-200 m","warstwa":"adresy"},"geometry":{"type":"Point","coordinates":[19.992758,49.958825]}},{"type":"Feature","properties":{"NUMER_PORZ":"57","KOD_POCZT":"32-020","NAZWA_GMI":"Wieliczka","NAZWA_MSC":"Podstolice","odleglosc_m":177.1,"strefa":"50-200 m","warstwa":"adresy"},"geometry":{"type":"Point","coordinates":[19.984541,49.952182]}},{"type":"Feature","properties":{"NUMER_PORZ":"477","KOD_POCZT":"32-020","NAZWA_GMI":"Wieliczka","NAZWA_MSC":"Grabówki","odleglosc_m":43.3,"strefa":"30-50 m","warstwa":"adresy"},"geometry":{"type":"Point","coordinates":[19.996289,49.969457]}},{"type":"Feature","properties":{"NUMER_PORZ":"41A","KOD_POCZT":"32-020","NAZWA_GMI":"Wieliczka","NAZWA_MSC":"Grabówki","odleglosc_m":52.7,"strefa":"50-200 m","warstwa":"adresy"},"geometry":{"type":"Point","coordinates":[19.996438,49.969693]}},{"type":"Feature","properties":{"NUMER_PORZ":"306","KOD_POCZT":"32-020","NAZWA_GMI":"Wieliczka","NAZWA_MSC":"Podstolice","odleglosc_m":129.9,"strefa":"50-200 m","warstwa":"adresy"},"geometry":{"type":"Point","coordinates":[19.984571,49.950921]}},{"type":"Feature","properties":{"NUMER_PORZ":"112A","KOD_POCZT":"32-020","NAZWA_GMI":"Wieliczka","NAZWA_MSC":"Podstolice","odleglosc_m":110.7,"strefa":"50-200 m","warstwa":"adresy"},"geometry":{"type":"Point","coordinates":[19.993291,49.959218]}},{"type":"Feature","properties":{"NUMER_PORZ":"368","KOD_POCZT":"32-020","NAZWA_GMI":"Wieliczka","NAZWA_MSC":"Podstolice","odleglosc_m":54.1,"strefa":"50-200 m","warstwa":"adresy"},"geometry":{"type":"Point","coordinates":[19.988248,49.955934]}},{"type":"Feature","properties":{"NUMER_PORZ":"49","KOD_POCZT":"30-698","NAZWA_GMI":"Wieliczka","NAZWA_MSC":"Golkowice","odleglosc_m":70.7,"strefa":"50-200 m","warstwa":"adresy"},"geometry":{"type":"Point","coordinates":[19.992818,49.965034]}},{"type":"Feature","properties":{"NUMER_PORZ":"343","KOD_POCZT":"32-020","NAZWA_GMI":"Wieliczka","NAZWA_MSC":"Podstolice","odleglosc_m":189.5,"strefa":"50-200 m","warstwa":"adresy"},"geometry":{"type":"Point","coordinates":[19.994909,49.960084]}},{"type":"Feature","properties":{"NUMER_PORZ":"1","KOD_POCZT":"32-020","NAZWA_GMI":"Wieliczka","NAZWA_MSC":"Podstolice","odleglosc_m":158.2,"strefa":"50-200 m","warstwa":"adresy"},"geometry":{"type":"Point","coordinates":[19.993744,49.95875]}},{"type":"Feature","properties":{"NUMER_PORZ":"254","KOD_POCZT":"32-020","NAZWA_GMI":"Wieliczka","NAZWA_MSC":"Grabówki","odleglosc_m":5.9,"strefa":"0-20 m","warstwa":"adresy"},"geometry":{"type":"Point","coordinates":[19.995769,49.96949]}},{"type":"Feature","properties":{"NUMER_PORZ":"55","KOD_POCZT":"30-698","NAZWA_GMI":"Wieliczka","NAZWA_MSC":"Golkowice","odleglosc_m":170.3,"strefa":"50-200 m","warstwa":"adresy"},"geometry":{"type":"Point","coordinates":[19.992508,49.972607]}},{"type":"Feature","properties":{"NUMER_PORZ":"200","KOD_POCZT":"32-020","NAZWA_GMI":"Wieliczka","NAZWA_MSC":"Podstolice","odleglosc_m":55.1,"strefa":"50-200 m","warstwa":"adresy"},"geometry":{"type":"Point","coordinates":[19.988154,49.951183]}},{"type":"Feature","properties":{"NUMER_PORZ":"149","KOD_POCZT":"32-020","NAZWA_GMI":"Wieliczka","NAZWA_MSC":"Podstolice","odleglosc_m":164.2,"strefa":"50-200 m","warstwa":"adresy"},"geometry":{"type":"Point","coordinates":[19.989007,49.949753]}},{"type":"Feature","properties":{"NUMER_PORZ":"274","KOD_POCZT":"30-698","NAZWA_GMI":"Wieliczka","NAZWA_MSC":"Golkowice","odleglosc_m":53.9,"strefa":"50-200 m","warstwa":"adresy"},"geometry":{"type":"Point","coordinates":[19.994942,49.964172]}},{"type":"Feature","properties":{"NUMER_PORZ":"350","KOD_POCZT":"32-020","NAZWA_GMI":"Wieliczka","NAZWA_MSC":"Podstolice","odleglosc_m":7.1,"strefa":"0-20 m","warstwa":"adresy"},"geometry":{"type":"Point","coordinates":[19.987733,49.951727]}},{"type":"Feature","properties":{"NUMER_PORZ":"134","KOD_POCZT":"32-020","NAZWA_GMI":"Wieliczka","NAZWA_MSC":"Podstolice","odleglosc_m":22.7,"strefa":"20-30 m","warstwa":"adresy"},"geometry":{"type":"Point","coordinates":[19.988117,49.95202]}},{"type":"Feature","properties":{"NUMER_PORZ":"196","KOD_POCZT":"32-020","NAZWA_GMI":"Wieliczka","NAZWA_MSC":"Grabówki","odleglosc_m":41.4,"strefa":"30-50 m","warstwa":"adresy"},"geometry":{"type":"Point","coordinates":[19.996231,49.969062]}},{"type":"Feature","properties":{"NUMER_PORZ":"220","KOD_POCZT":"32-020","NAZWA_GMI":"Wieliczka","NAZWA_MSC":"Podstolice","odleglosc_m":92.9,"strefa":"50-200 m","warstwa":"adresy"},"geometry":{"type":"Point","coordinates":[19.985841,49.952297]}},{"type":"Feature","properties":{"NUMER_PORZ":"363","KOD_POCZT":"32-020","NAZWA_GMI":"Wieliczka","NAZWA_MSC":"Grabówki","odleglosc_m":3.8,"strefa":"0-20 m","warstwa":"adresy"},"geometry":{"type":"Point","coordinates":[19.994461,49.966893]}},{"type":"Feature","properties":{"NUMER_PORZ":"288","KOD_POCZT":"32-020","NAZWA_GMI":"Wieliczka","NAZWA_MSC":"Podstolice","odleglosc_m":150.7,"strefa":"50-200 m","warstwa":"adresy"},"geometry":{"type":"Point","coordinates":[19.984587,49.951533]}},{"type":"Feature","properties":{"NUMER_PORZ":"149A","KOD_POCZT":"32-020","NAZWA_GMI":"Wieliczka","NAZWA_MSC":"Podstolice","odleglosc_m":182.7,"strefa":"50-200 m","warstwa":"adresy"},"geometry":{"type":"Point","coordinates":[19.989184,49.949571]}},{"type":"Feature","properties":{"NUMER_PORZ":"162","KOD_POCZT":"30-698","NAZWA_GMI":"Wieliczka","NAZWA_MSC":"Golkowice","odleglosc_m":0.0,"strefa":"w śladzie","warstwa":"adresy"},"geometry":{"type":"Point","coordinates":[19.995105,49.97344]}},{"type":"Feature","properties":{"NUMER_PORZ":"370","KOD_POCZT":"32-020","NAZWA_GMI":"Wieliczka","NAZWA_MSC":"Grabówki","odleglosc_m":30.5,"strefa":"30-50 m","warstwa":"adresy"},"geometry":{"type":"Point","coordinates":[19.995715,49.967136]}},{"type":"Feature","properties":{"NUMER_PORZ":"177","KOD_POCZT":"32-020","NAZWA_GMI":"Wieliczka","NAZWA_MSC":"Podstolice","odleglosc_m":68.1,"strefa":"50-200 m","warstwa":"adresy"},"geometry":{"type":"Point","coordinates":[19.98536,49.95069]}},{"type":"Feature","properties":{"NUMER_PORZ":"156","KOD_POCZT":"32-020","NAZWA_GMI":"Wieliczka","NAZWA_MSC":"Podstolice","odleglosc_m":199.1,"strefa":"50-200 m","warstwa":"adresy"},"geometry":{"type":"Point","coordinates":[19.994574,49.959179]}},{"type":"Feature","properties":{"NUMER_PORZ":"174","KOD_POCZT":"30-698","NAZWA_GMI":"Wieliczka","NAZWA_MSC":"Golkowice","odleglosc_m":64.1,"strefa":"50-200 m","warstwa":"adresy"},"geometry":{"type":"Point","coordinates":[19.995077,49.964143]}},{"type":"Feature","properties":{"NUMER_PORZ":"184","KOD_POCZT":"32-020","NAZWA_GMI":"Wieliczka","NAZWA_MSC":"Podstolice","odleglosc_m":33.1,"strefa":"30-50 m","warstwa":"adresy"},"geometry":{"type":"Point","coordinates":[19.991881,49.95871]}},{"type":"Feature","properties":{"NUMER_PORZ":"219","KOD_POCZT":"30-698","NAZWA_GMI":"Wieliczka","NAZWA_MSC":"Golkowice","odleglosc_m":89.2,"strefa":"50-200 m","warstwa":"adresy"},"geometry":{"type":"Point","coordinates":[19.99246,49.964842]}},{"type":"Feature","properties":{"NUMER_PORZ":"132","KOD_POCZT":"30-698","NAZWA_GMI":"Wieliczka","NAZWA_MSC":"Golkowice","odleglosc_m":187.9,"strefa":"50-200 m","warstwa":"adresy"},"geometry":{"type":"Point","coordinates":[19.992165,49.973153]}},{"type":"Feature","properties":{"NUMER_PORZ":"135","KOD_POCZT":"30-698","NAZWA_GMI":"Wieliczka","NAZWA_MSC":"Golkowice","odleglosc_m":62.8,"strefa":"50-200 m","warstwa":"adresy"},"geometry":{"type":"Point","coordinates":[19.993864,49.973447]}},{"type":"Feature","properties":{"NUMER_PORZ":"207","KOD_POCZT":"32-020","NAZWA_GMI":"Wieliczka","NAZWA_MSC":"Podstolice","odleglosc_m":156.3,"strefa":"50-200 m","warstwa":"adresy"},"geometry":{"type":"Point","coordinates":[19.997808,49.96872]}},{"type":"Feature","properties":{"NUMER_PORZ":"194","KOD_POCZT":"32-020","NAZWA_GMI":"Wieliczka","NAZWA_MSC":"Grabówki","odleglosc_m":84.9,"strefa":"50-200 m","warstwa":"adresy"},"geometry":{"type":"Point","coordinates":[19.996892,49.97146]}},{"type":"Feature","properties":{"NUMER_PORZ":"136A","KOD_POCZT":"32-020","NAZWA_GMI":"Wieliczka","NAZWA_MSC":"Podstolice","odleglosc_m":120.9,"strefa":"50-200 m","warstwa":"adresy"},"geometry":{"type":"Point","coordinates":[19.989761,49.952395]}},{"type":"Feature","properties":{"NUMER_PORZ":"345","KOD_POCZT":"32-020","NAZWA_GMI":"Wieliczka","NAZWA_MSC":"Podstolice","odleglosc_m":133.2,"strefa":"50-200 m","warstwa":"adresy"},"geometry":{"type":"Point","coordinates":[19.994145,49.960209]}},{"type":"Feature","properties":{"NUMER_PORZ":"288","KOD_POCZT":"30-698","NAZWA_GMI":"Wieliczka","NAZWA_MSC":"Golkowice","odleglosc_m":113.0,"strefa":"50-200 m","warstwa":"adresy"},"geometry":{"type":"Point","coordinates":[19.993195,49.973271]}},{"type":"Feature","properties":{"NUMER_PORZ":"240","KOD_POCZT":"32-020","NAZWA_GMI":"Wieliczka","NAZWA_MSC":"Podstolice","odleglosc_m":0.0,"strefa":"w śladzie","warstwa":"adresy"},"geometry":{"type":"Point","coordinates":[19.986333,49.950321]}},{"type":"Feature","properties":{"NUMER_PORZ":"88","KOD_POCZT":"32-020","NAZWA_GMI":"Wieliczka","NAZWA_MSC":"Podstolice","odleglosc_m":75.5,"strefa":"50-200 m","warstwa":"adresy"},"geometry":{"type":"Point","coordinates":[19.993285,49.96019]}},{"type":"Feature","properties":{"NUMER_PORZ":"211","KOD_POCZT":"32-020","NAZWA_GMI":"Wieliczka","NAZWA_MSC":"Podstolice","odleglosc_m":83.6,"strefa":"50-200 m","warstwa":"adresy"},"geometry":{"type":"Point","coordinates":[19.996773,49.968637]}},{"type":"Feature","properties":{"NUMER_PORZ":"285","KOD_POCZT":"30-698","NAZWA_GMI":"Wieliczka","NAZWA_MSC":"Golkowice","odleglosc_m":188.8,"strefa":"50-200 m","warstwa":"adresy"},"geometry":{"type":"Point","coordinates":[19.992206,49.972871]}},{"type":"Feature","properties":{"NUMER_PORZ":"137","KOD_POCZT":"32-020","NAZWA_GMI":"Wieliczka","NAZWA_MSC":"Podstolice","odleglosc_m":3.9,"strefa":"0-20 m","warstwa":"adresy"},"geometry":{"type":"Point","coordinates":[19.986022,49.950152]}},{"type":"Feature","properties":{"NUMER_PORZ":"476","KOD_POCZT":"32-020","NAZWA_GMI":"Wieliczka","NAZWA_MSC":"Grabówki","odleglosc_m":32.8,"strefa":"30-50 m","warstwa":"adresy"},"geometry":{"type":"Point","coordinates":[19.996179,49.969929]}},{"type":"Feature","properties":{"NUMER_PORZ":"608","KOD_POCZT":"30-698","NAZWA_GMI":"Wieliczka","NAZWA_MSC":"Golkowice","odleglosc_m":70.8,"strefa":"50-200 m","warstwa":"adresy"},"geometry":{"type":"Point","coordinates":[19.991836,49.963053]}},{"type":"Feature","properties":{"NUMER_PORZ":"35A","KOD_POCZT":"32-020","NAZWA_GMI":"Wieliczka","NAZWA_MSC":"Podstolice","odleglosc_m":117.7,"strefa":"50-200 m","warstwa":"adresy"},"geometry":{"type":"Point","coordinates":[19.988324,49.949758]}},{"type":"Feature","properties":{"NUMER_PORZ":"332","KOD_POCZT":"32-020","NAZWA_GMI":"Wieliczka","NAZWA_MSC":"Podstolice","odleglosc_m":0.0,"strefa":"w śladzie","warstwa":"adresy"},"geometry":{"type":"Point","coordinates":[19.986807,49.950269]}},{"type":"Feature","properties":{"NUMER_PORZ":"333","KOD_POCZT":"32-020","NAZWA_GMI":"Wieliczka","NAZWA_MSC":"Podstolice","odleglosc_m":0.0,"strefa":"w śladzie","warstwa":"adresy"},"geometry":{"type":"Point","coordinates":[19.986375,49.950648]}},{"type":"Feature","properties":{"NUMER_PORZ":"390","KOD_POCZT":"32-020","NAZWA_GMI":"Wieliczka","NAZWA_MSC":"Podstolice","odleglosc_m":0.0,"strefa":"nad tunelem","warstwa":"adresy"},"geometry":{"type":"Point","coordinates":[19.991088,49.959271]}},{"type":"Feature","properties":{"NUMER_PORZ":"258","KOD_POCZT":"32-020","NAZWA_GMI":"Wieliczka","NAZWA_MSC":"Podstolice","odleglosc_m":31.7,"strefa":"30-50 m","warstwa":"adresy"},"geometry":{"type":"Point","coordinates":[19.986014,49.950915]}},{"type":"Feature","properties":{"NUMER_PORZ":"131","KOD_POCZT":"32-020","NAZWA_GMI":"Wieliczka","NAZWA_MSC":"Podstolice","odleglosc_m":171.8,"strefa":"50-200 m","warstwa":"adresy"},"geometry":{"type":"Point","coordinates":[19.994176,49.959189]}},{"type":"Feature","properties":{"NUMER_PORZ":"230","KOD_POCZT":"32-020","NAZWA_GMI":"Wieliczka","NAZWA_MSC":"Podstolice","odleglosc_m":163.1,"strefa":"50-200 m","warstwa":"adresy"},"geometry":{"type":"Point","coordinates":[19.997823,49.96828]}},{"type":"Feature","properties":{"NUMER_PORZ":"29","KOD_POCZT":"32-020","NAZWA_GMI":"Wieliczka","NAZWA_MSC":"Grabówki","odleglosc_m":171.4,"strefa":"50-200 m","warstwa":"adresy"},"geometry":{"type":"Point","coordinates":[19.9981,49.971405]}},{"type":"Feature","properties":{"NUMER_PORZ":"50","KOD_POCZT":"32-020","NAZWA_GMI":"Wieliczka","NAZWA_MSC":"Grabówki","odleglosc_m":37.4,"strefa":"30-50 m","warstwa":"adresy"},"geometry":{"type":"Point","coordinates":[19.996241,49.971078]}},{"type":"Feature","properties":{"NUMER_PORZ":"82","KOD_POCZT":"30-698","NAZWA_GMI":"Wieliczka","NAZWA_MSC":"Golkowice","odleglosc_m":121.8,"strefa":"50-200 m","warstwa":"adresy"},"geometry":{"type":"Point","coordinates":[19.992847,49.967096]}},{"type":"Feature","properties":{"NUMER_PORZ":"90","KOD_POCZT":"30-698","NAZWA_GMI":"Wieliczka","NAZWA_MSC":"Golkowice","odleglosc_m":145.3,"strefa":"50-200 m","warstwa":"adresy"},"geometry":{"type":"Point","coordinates":[19.990109,49.96201]}},{"type":"Feature","properties":{"NUMER_PORZ":"85","KOD_POCZT":"32-020","NAZWA_GMI":"Wieliczka","NAZWA_MSC":"Grabówki","odleglosc_m":0.0,"strefa":"w śladzie","warstwa":"adresy"},"geometry":{"type":"Point","coordinates":[19.994701,49.967428]}},{"type":"Feature","properties":{"NUMER_PORZ":"371","KOD_POCZT":"32-020","NAZWA_GMI":"Wieliczka","NAZWA_MSC":"Podstolice","odleglosc_m":95.7,"strefa":"50-200 m","warstwa":"adresy"},"geometry":{"type":"Point","coordinates":[19.99687,49.968249]}},{"type":"Feature","properties":{"NUMER_PORZ":"61","KOD_POCZT":"32-020","NAZWA_GMI":"Wieliczka","NAZWA_MSC":"Podstolice","odleglosc_m":110.4,"strefa":"50-200 m","warstwa":"adresy"},"geometry":{"type":"Point","coordinates":[19.989172,49.951569]}},{"type":"Feature","properties":{"NUMER_PORZ":"31","KOD_POCZT":"32-020","NAZWA_GMI":"Wieliczka","NAZWA_MSC":"Grabówki","odleglosc_m":49.5,"strefa":"30-50 m","warstwa":"adresy"},"geometry":{"type":"Point","coordinates":[19.996432,49.970316]}},{"type":"Feature","properties":{"NUMER_PORZ":"195","KOD_POCZT":"32-020","NAZWA_GMI":"Wieliczka","NAZWA_MSC":"Podstolice","odleglosc_m":101.5,"strefa":"50-200 m","warstwa":"adresy"},"geometry":{"type":"Point","coordinates":[19.992713,49.958379]}},{"type":"Feature","properties":{"NUMER_PORZ":"158a","KOD_POCZT":"32-020","NAZWA_GMI":"Wieliczka","NAZWA_MSC":"Podstolice","odleglosc_m":184.4,"strefa":"50-200 m","warstwa":"adresy"},"geometry":{"type":"Point","coordinates":[19.997856,49.966986]}},{"type":"Feature","properties":{"NUMER_PORZ":"393","KOD_POCZT":"32-020","NAZWA_GMI":"Wieliczka","NAZWA_MSC":"Podstolice","odleglosc_m":150.7,"strefa":"50-200 m","warstwa":"adresy"},"geometry":{"type":"Point","coordinates":[19.990137,49.952275]}},{"type":"Feature","properties":{"NUMER_PORZ":"57A","KOD_POCZT":"32-020","NAZWA_GMI":"Wieliczka","NAZWA_MSC":"Grabówki","odleglosc_m":38.8,"strefa":"30-50 m","warstwa":"adresy"},"geometry":{"type":"Point","coordinates":[19.994219,49.967845]}},{"type":"Feature","properties":{"NUMER_PORZ":"102","KOD_POCZT":"32-020","NAZWA_GMI":"Wieliczka","NAZWA_MSC":"Podstolice","odleglosc_m":15.8,"strefa":"0-20 m","warstwa":"adresy"},"geometry":{"type":"Point","coordinates":[19.986668,49.951712]}},{"type":"Feature","properties":{"NUMER_PORZ":"421","KOD_POCZT":"30-698","NAZWA_GMI":"Wieliczka","NAZWA_MSC":"Golkowice","odleglosc_m":54.4,"strefa":"50-200 m","warstwa":"adresy"},"geometry":{"type":"Point","coordinates":[19.993112,49.965168]}},{"type":"Feature","properties":{"NUMER_PORZ":"626","KOD_POCZT":"30-698","NAZWA_GMI":"Wieliczka","NAZWA_MSC":"Golkowice","odleglosc_m":37.8,"strefa":"30-50 m","warstwa":"adresy"},"geometry":{"type":"Point","coordinates":[19.994222,49.973414]}},{"type":"Feature","properties":{"NUMER_PORZ":"60A","KOD_POCZT":"32-020","NAZWA_GMI":"Wieliczka","NAZWA_MSC":"Podstolice","odleglosc_m":9.8,"strefa":"0-20 m","warstwa":"adresy"},"geometry":{"type":"Point","coordinates":[19.986901,49.951984]}},{"type":"Feature","properties":{"NUMER_PORZ":"257","KOD_POCZT":"32-020","NAZWA_GMI":"Wieliczka","NAZWA_MSC":"Podstolice","odleglosc_m":39.7,"strefa":"30-50 m","warstwa":"adresy"},"geometry":{"type":"Point","coordinates":[19.985965,49.951044]}},{"type":"Feature","properties":{"NUMER_PORZ":"256","KOD_POCZT":"32-020","NAZWA_GMI":"Wieliczka","NAZWA_MSC":"Podstolice","odleglosc_m":46.4,"strefa":"30-50 m","warstwa":"adresy"},"geometry":{"type":"Point","coordinates":[19.985847,49.951008]}},{"type":"Feature","properties":{"NUMER_PORZ":"133","KOD_POCZT":"30-698","NAZWA_GMI":"Wieliczka","NAZWA_MSC":"Golkowice","odleglosc_m":114.6,"strefa":"50-200 m","warstwa":"adresy"},"geometry":{"type":"Point","coordinates":[19.996984,49.973763]}},{"type":"Feature","properties":{"NUMER_PORZ":"477","KOD_POCZT":"30-698","NAZWA_GMI":"Wieliczka","NAZWA_MSC":"Golkowice","odleglosc_m":5.0,"strefa":"0-20 m","warstwa":"adresy"},"geometry":{"type":"Point","coordinates":[19.993382,49.964194]}},{"type":"Feature","properties":{"NUMER_PORZ":"376","KOD_POCZT":"30-698","NAZWA_GMI":"Wieliczka","NAZWA_MSC":"Golkowice","odleglosc_m":173.2,"strefa":"50-200 m","warstwa":"adresy"},"geometry":{"type":"Point","coordinates":[19.989536,49.961702]}},{"type":"Feature","properties":{"NUMER_PORZ":"115","KOD_POCZT":"32-020","NAZWA_GMI":"Wieliczka","NAZWA_MSC":"Podstolice","odleglosc_m":174.8,"strefa":"50-200 m","warstwa":"adresy"},"geometry":{"type":"Point","coordinates":[19.993826,49.958442]}},{"type":"Feature","properties":{"NUMER_PORZ":"112","KOD_POCZT":"32-020","NAZWA_GMI":"Wieliczka","NAZWA_MSC":"Podstolice","odleglosc_m":126.2,"strefa":"50-200 m","warstwa":"adresy"},"geometry":{"type":"Point","coordinates":[19.993337,49.958872]}},{"type":"Feature","properties":{"NUMER_PORZ":"178","KOD_POCZT":"32-020","NAZWA_GMI":"Wieliczka","NAZWA_MSC":"Podstolice","odleglosc_m":31.9,"strefa":"30-50 m","warstwa":"adresy"},"geometry":{"type":"Point","coordinates":[19.986397,49.951646]}},{"type":"Feature","properties":{"NUMER_PORZ":"260","KOD_POCZT":"30-698","NAZWA_GMI":"Wieliczka","NAZWA_MSC":"Golkowice","odleglosc_m":0.0,"strefa":"w śladzie","warstwa":"adresy"},"geometry":{"type":"Point","coordinates":[19.993672,49.964536]}},{"type":"Feature","properties":{"NUMER_PORZ":"78","KOD_POCZT":"32-020","NAZWA_GMI":"Wieliczka","NAZWA_MSC":"Grabówki","odleglosc_m":122.2,"strefa":"50-200 m","warstwa":"adresy"},"geometry":{"type":"Point","coordinates":[19.992909,49.967324]}},{"type":"Feature","properties":{"NUMER_PORZ":"273","KOD_POCZT":"32-020","NAZWA_GMI":"Wieliczka","NAZWA_MSC":"Podstolice","odleglosc_m":84.5,"strefa":"50-200 m","warstwa":"adresy"},"geometry":{"type":"Point","coordinates":[19.985646,49.951693]}},{"type":"Feature","properties":{"NUMER_PORZ":"291","KOD_POCZT":"32-020","NAZWA_GMI":"Wieliczka","NAZWA_MSC":"Podstolice","odleglosc_m":134.1,"strefa":"50-200 m","warstwa":"adresy"},"geometry":{"type":"Point","coordinates":[19.98508,49.952006]}},{"type":"Feature","properties":{"NUMER_PORZ":"298","KOD_POCZT":"32-020","NAZWA_GMI":"Wieliczka","NAZWA_MSC":"Podstolice","odleglosc_m":12.2,"strefa":"0-20 m","warstwa":"adresy"},"geometry":{"type":"Point","coordinates":[19.988212,49.952493]}},{"type":"Feature","properties":{"NUMER_PORZ":"33","KOD_POCZT":"32-020","NAZWA_GMI":"Wieliczka","NAZWA_MSC":"Podstolice","odleglosc_m":0.0,"strefa":"w śladzie","warstwa":"adresy"},"geometry":{"type":"Point","coordinates":[19.986546,49.950328]}},{"type":"Feature","properties":{"NUMER_PORZ":"60","KOD_POCZT":"32-020","NAZWA_GMI":"Wieliczka","NAZWA_MSC":"Podstolice","odleglosc_m":19.3,"strefa":"0-20 m","warstwa":"adresy"},"geometry":{"type":"Point","coordinates":[19.986769,49.952]}},{"type":"Feature","properties":{"NUMER_PORZ":"41","KOD_POCZT":"32-020","NAZWA_GMI":"Wieliczka","NAZWA_MSC":"Podstolice","odleglosc_m":111.8,"strefa":"50-200 m","warstwa":"adresy"},"geometry":{"type":"Point","coordinates":[19.985379,49.951946]}},{"type":"Feature","properties":{"NUMER_PORZ":"279","KOD_POCZT":"30-698","NAZWA_GMI":"Wieliczka","NAZWA_MSC":"Golkowice","odleglosc_m":176.3,"strefa":"50-200 m","warstwa":"adresy"},"geometry":{"type":"Point","coordinates":[19.992395,49.972785]}},{"type":"Feature","properties":{"NUMER_PORZ":"311","KOD_POCZT":"30-698","NAZWA_GMI":"Wieliczka","NAZWA_MSC":"Golkowice","odleglosc_m":195.5,"strefa":"50-200 m","warstwa":"adresy"},"geometry":{"type":"Point","coordinates":[19.992164,49.972557]}},{"type":"Feature","properties":{"NUMER_PORZ":"30","KOD_POCZT":"32-020","NAZWA_GMI":"Wieliczka","NAZWA_MSC":"Grabówki","odleglosc_m":91.5,"strefa":"50-200 m","warstwa":"adresy"},"geometry":{"type":"Point","coordinates":[19.996997,49.971026]}},{"type":"Feature","properties":{"NUMER_PORZ":"200A","KOD_POCZT":"32-020","NAZWA_GMI":"Wieliczka","NAZWA_MSC":"Podstolice","odleglosc_m":59.5,"strefa":"50-200 m","warstwa":"adresy"},"geometry":{"type":"Point","coordinates":[19.988276,49.951292]}},{"type":"Feature","properties":{"NUMER_PORZ":"609","KOD_POCZT":"30-698","NAZWA_GMI":"Wieliczka","NAZWA_MSC":"Golkowice","odleglosc_m":140.7,"strefa":"50-200 m","warstwa":"adresy"},"geometry":{"type":"Point","coordinates":[19.992926,49.97259]}},{"type":"Feature","properties":{"NUMER_PORZ":"334","KOD_POCZT":"32-020","NAZWA_GMI":"Wieliczka","NAZWA_MSC":"Podstolice","odleglosc_m":18.0,"strefa":"0-20 m","warstwa":"adresy"},"geometry":{"type":"Point","coordinates":[19.986757,49.94957]}},{"type":"Feature","properties":{"NUMER_PORZ":"211","KOD_POCZT":"30-698","NAZWA_GMI":"Wieliczka","NAZWA_MSC":"Golkowice","odleglosc_m":135.1,"strefa":"50-200 m","warstwa":"adresy"},"geometry":{"type":"Point","coordinates":[19.9973,49.973629]}},{"type":"Feature","properties":{"NUMER_PORZ":"35","KOD_POCZT":"32-020","NAZWA_GMI":"Wieliczka","NAZWA_MSC":"Podstolice","odleglosc_m":109.8,"strefa":"50-200 m","warstwa":"adresy"},"geometry":{"type":"Point","coordinates":[19.988265,49.949867]}},{"type":"Feature","properties":{"NUMER_PORZ":"241","KOD_POCZT":"32-020","NAZWA_GMI":"Wieliczka","NAZWA_MSC":"Grabówki","odleglosc_m":34.1,"strefa":"30-50 m","warstwa":"adresy"},"geometry":{"type":"Point","coordinates":[19.994177,49.967384]}},{"type":"Feature","properties":{"NUMER_PORZ":"25a","KOD_POCZT":"30-698","NAZWA_GMI":"Wieliczka","NAZWA_MSC":"Golkowice","odleglosc_m":51.0,"strefa":"50-200 m","warstwa":"adresy"},"geometry":{"type":"Point","coordinates":[19.99612,49.973609]}},{"type":"Feature","properties":{"NUMER_PORZ":"141a","KOD_POCZT":"32-020","NAZWA_GMI":"Wieliczka","NAZWA_MSC":"Podstolice","odleglosc_m":90.2,"strefa":"50-200 m","warstwa":"adresy"},"geometry":{"type":"Point","coordinates":[19.988821,49.951471]}},{"type":"Feature","properties":{"NUMER_PORZ":"119","KOD_POCZT":"30-698","NAZWA_GMI":"Wieliczka","NAZWA_MSC":"Golkowice","odleglosc_m":128.1,"strefa":"50-200 m","warstwa":"adresy"},"geometry":{"type":"Point","coordinates":[19.99298,49.973283]}},{"type":"Feature","properties":{"NUMER_PORZ":"141","KOD_POCZT":"32-020","NAZWA_GMI":"Wieliczka","NAZWA_MSC":"Podstolice","odleglosc_m":85.5,"strefa":"50-200 m","warstwa":"adresy"},"geometry":{"type":"Point","coordinates":[19.988713,49.951396]}},{"type":"Feature","properties":{"NUMER_PORZ":"158","KOD_POCZT":"32-020","NAZWA_GMI":"Wieliczka","NAZWA_MSC":"Podstolice","odleglosc_m":195.8,"strefa":"50-200 m","warstwa":"adresy"},"geometry":{"type":"Point","coordinates":[19.998003,49.966938]}},{"type":"Feature","properties":{"NUMER_PORZ":"161","KOD_POCZT":"32-020","NAZWA_GMI":"Wieliczka","NAZWA_MSC":"Podstolice","odleglosc_m":58.9,"strefa":"50-200 m","warstwa":"adresy"},"geometry":{"type":"Point","coordinates":[19.986033,49.951712]}},{"type":"Feature","properties":{"NUMER_PORZ":"255","KOD_POCZT":"32-020","NAZWA_GMI":"Wieliczka","NAZWA_MSC":"Podstolice","odleglosc_m":0.0,"strefa":"nad tunelem","warstwa":"adresy"},"geometry":{"type":"Point","coordinates":[19.991238,49.958635]}},{"type":"Feature","properties":{"NUMER_PORZ":"57","KOD_POCZT":"32-020","NAZWA_GMI":"Wieliczka","NAZWA_MSC":"Grabówki","odleglosc_m":13.3,"strefa":"0-20 m","warstwa":"adresy"},"geometry":{"type":"Point","coordinates":[19.994561,49.967755]}},{"type":"Feature","properties":{"NUMER_PORZ":"259","KOD_POCZT":"32-020","NAZWA_GMI":"Wieliczka","NAZWA_MSC":"Podstolice","odleglosc_m":10.3,"strefa":"0-20 m","warstwa":"adresy"},"geometry":{"type":"Point","coordinates":[19.99153,49.958682]}},{"type":"Feature","properties":{"NUMER_PORZ":"48","KOD_POCZT":"30-698","NAZWA_GMI":"Wieliczka","NAZWA_MSC":"Golkowice","odleglosc_m":33.6,"strefa":"30-50 m","warstwa":"adresy"},"geometry":{"type":"Point","coordinates":[19.995862,49.973671]}},{"type":"Feature","properties":{"NUMER_PORZ":"33","KOD_POCZT":"32-020","NAZWA_GMI":"Wieliczka","NAZWA_MSC":"Grabówki","odleglosc_m":84.6,"strefa":"50-200 m","warstwa":"adresy"},"geometry":{"type":"Point","coordinates":[19.996571,49.967488]}},{"type":"Feature","properties":{"NUMER_PORZ":"226","KOD_POCZT":"32-020","NAZWA_GMI":"Wieliczka","NAZWA_MSC":"Grabówki","odleglosc_m":73.0,"strefa":"50-200 m","warstwa":"adresy"},"geometry":{"type":"Point","coordinates":[19.996751,49.970608]}},{"type":"Feature","properties":{"NUMER_PORZ":"208","KOD_POCZT":"30-698","NAZWA_GMI":"Wieliczka","NAZWA_MSC":"Golkowice","odleglosc_m":186.4,"strefa":"50-200 m","warstwa":"adresy"},"geometry":{"type":"Point","coordinates":[19.991914,49.967046]}},{"type":"Feature","properties":{"NUMER_PORZ":"420","KOD_POCZT":"30-698","NAZWA_GMI":"Wieliczka","NAZWA_MSC":"Golkowice","odleglosc_m":167.5,"strefa":"50-200 m","warstwa":"adresy"},"geometry":{"type":"Point","coordinates":[19.992563,49.972515]}},{"type":"Feature","properties":{"NUMER_PORZ":"119a","KOD_POCZT":"30-698","NAZWA_GMI":"Wieliczka","NAZWA_MSC":"Golkowice","odleglosc_m":137.7,"strefa":"50-200 m","warstwa":"adresy"},"geometry":{"type":"Point","coordinates":[19.992849,49.973259]}},{"type":"Feature","properties":{"NUMER_PORZ":"237","KOD_POCZT":"32-020","NAZWA_GMI":"Wieliczka","NAZWA_MSC":"Podstolice","odleglosc_m":179.2,"strefa":"50-200 m","warstwa":"adresy"},"geometry":{"type":"Point","coordinates":[19.984148,49.951496]}},{"type":"Feature","properties":{"NUMER_PORZ":"109","KOD_POCZT":"32-020","NAZWA_GMI":"Wieliczka","NAZWA_MSC":"Podstolice","odleglosc_m":65.0,"strefa":"50-200 m","warstwa":"adresy"},"geometry":{"type":"Point","coordinates":[19.988587,49.951727]}},{"type":"Feature","properties":{"NUMER_PORZ":"121","KOD_POCZT":"32-020","NAZWA_GMI":"Wieliczka","NAZWA_MSC":"Podstolice","odleglosc_m":187.4,"strefa":"50-200 m","warstwa":"adresy"},"geometry":{"type":"Point","coordinates":[19.998106,49.967965]}},{"type":"Feature","properties":{"NUMER_PORZ":"181","KOD_POCZT":"32-020","NAZWA_GMI":"Wieliczka","NAZWA_MSC":"Podstolice","odleglosc_m":160.2,"strefa":"50-200 m","warstwa":"adresy"},"geometry":{"type":"Point","coordinates":[19.997525,49.967028]}},{"type":"Feature","properties":{"NUMER_PORZ":"65","KOD_POCZT":"32-020","NAZWA_GMI":"Wieliczka","NAZWA_MSC":"Podstolice","odleglosc_m":0.0,"strefa":"w śladzie","warstwa":"adresy"},"geometry":{"type":"Point","coordinates":[19.986541,49.949819]}},{"type":"Feature","properties":{"NUMER_PORZ":"147","KOD_POCZT":"32-020","NAZWA_GMI":"Wieliczka","NAZWA_MSC":"Podstolice","odleglosc_m":157.7,"strefa":"50-200 m","warstwa":"adresy"},"geometry":{"type":"Point","coordinates":[19.993609,49.958507]}},{"type":"Feature","properties":{"NUMER_PORZ":"252","KOD_POCZT":"32-020","NAZWA_GMI":"Wieliczka","NAZWA_MSC":"Podstolice","odleglosc_m":63.7,"strefa":"50-200 m","warstwa":"adresy"},"geometry":{"type":"Point","coordinates":[19.987315,49.949352]}},{"type":"Feature","properties":{"NUMER_PORZ":"244","KOD_POCZT":"30-698","NAZWA_GMI":"Wieliczka","NAZWA_MSC":"Golkowice","odleglosc_m":169.9,"strefa":"50-200 m","warstwa":"adresy"},"geometry":{"type":"Point","coordinates":[19.992419,49.973151]}},{"type":"Feature","properties":{"NUMER_PORZ":"266","KOD_POCZT":"32-020","NAZWA_GMI":"Wieliczka","NAZWA_MSC":"Grabówki","odleglosc_m":55.4,"strefa":"50-200 m","warstwa":"adresy"},"geometry":{"type":"Point","coordinates":[19.996042,49.967048]}},{"type":"Feature","properties":{"NUMER_PORZ":"225","KOD_POCZT":"32-020","NAZWA_GMI":"Wieliczka","NAZWA_MSC":"Grabówki","odleglosc_m":125.3,"strefa":"50-200 m","warstwa":"adresy"},"geometry":{"type":"Point","coordinates":[19.99747,49.970985]}},{"type":"Feature","properties":{"NUMER_PORZ":"301","KOD_POCZT":"30-698","NAZWA_GMI":"Wieliczka","NAZWA_MSC":"Golkowice","odleglosc_m":2.3,"strefa":"0-20 m","warstwa":"adresy"},"geometry":{"type":"Point","coordinates":[19.994711,49.973468]}},{"type":"Feature","properties":{"NUMER_PORZ":"192","KOD_POCZT":"32-020","NAZWA_GMI":"Wieliczka","NAZWA_MSC":"Podstolice","odleglosc_m":82.3,"strefa":"50-200 m","warstwa":"adresy"},"geometry":{"type":"Point","coordinates":[19.985817,49.951955]}},{"type":"Feature","properties":{"NUMER_PORZ":"151","KOD_POCZT":"30-698","NAZWA_GMI":"Wieliczka","NAZWA_MSC":"Golkowice","odleglosc_m":137.1,"strefa":"50-200 m","warstwa":"adresy"},"geometry":{"type":"Point","coordinates":[19.990307,49.962157]}},{"type":"Feature","properties":{"NUMER_PORZ":"155","KOD_POCZT":"30-698","NAZWA_GMI":"Wieliczka","NAZWA_MSC":"Golkowice","odleglosc_m":188.5,"strefa":"50-200 m","warstwa":"adresy"},"geometry":{"type":"Point","coordinates":[19.989525,49.96211]}},{"type":"Feature","properties":{"NUMER_PORZ":"25","KOD_POCZT":"30-698","NAZWA_GMI":"Wieliczka","NAZWA_MSC":"Golkowice","odleglosc_m":62.2,"strefa":"50-200 m","warstwa":"adresy"},"geometry":{"type":"Point","coordinates":[19.996257,49.973711]}},{"type":"Feature","properties":{"NUMER_PORZ":"136","KOD_POCZT":"32-020","NAZWA_GMI":"Wieliczka","NAZWA_MSC":"Podstolice","odleglosc_m":127.6,"strefa":"50-200 m","warstwa":"adresy"},"geometry":{"type":"Point","coordinates":[19.989881,49.952435]}},{"type":"Feature","properties":{"NUMER_PORZ":"121a","KOD_POCZT":"32-020","NAZWA_GMI":"Wieliczka","NAZWA_MSC":"Podstolice","odleglosc_m":176.6,"strefa":"50-200 m","warstwa":"adresy"},"geometry":{"type":"Point","coordinates":[19.997944,49.967916]}},{"type":"Feature","properties":{"NUMER_PORZ":"121b","KOD_POCZT":"32-020","NAZWA_GMI":"Wieliczka","NAZWA_MSC":"Podstolice","odleglosc_m":143.7,"strefa":"50-200 m","warstwa":"adresy"},"geometry":{"type":"Point","coordinates":[19.997502,49.96802]}},{"type":"Feature","properties":{"NUMER_PORZ":"231","KOD_POCZT":"32-020","NAZWA_GMI":"Wieliczka","NAZWA_MSC":"Podstolice","odleglosc_m":0.0,"strefa":"w śladzie","warstwa":"adresy"},"geometry":{"type":"Point","coordinates":[19.987449,49.95212]}},{"type":"Feature","properties":{"NUMER_PORZ":"238","KOD_POCZT":"32-020","NAZWA_GMI":"Wieliczka","NAZWA_MSC":"Podstolice","odleglosc_m":110.8,"strefa":"50-200 m","warstwa":"adresy"},"geometry":{"type":"Point","coordinates":[19.997195,49.969008]}},{"type":"Feature","properties":{"NUMER_PORZ":"23","KOD_POCZT":"32-020","NAZWA_GMI":"Wieliczka","NAZWA_MSC":"Podstolice","odleglosc_m":78.2,"strefa":"50-200 m","warstwa":"adresy"},"geometry":{"type":"Point","coordinates":[19.987783,49.949833]}},{"type":"Feature","properties":{"NUMER_PORZ":"38","KOD_POCZT":"32-020","NAZWA_GMI":"Wieliczka","NAZWA_MSC":"Podstolice","odleglosc_m":8.3,"strefa":"0-20 m","warstwa":"adresy"},"geometry":{"type":"Point","coordinates":[19.986875,49.950065]}},{"type":"Feature","properties":{"NUMER_PORZ":"187","KOD_POCZT":"32-020","NAZWA_GMI":"Wieliczka","NAZWA_MSC":"Podstolice","odleglosc_m":102.5,"strefa":"50-200 m","warstwa":"adresy"},"geometry":{"type":"Point","coordinates":[19.984783,49.950558]}},{"type":"Feature","properties":{"NUMER_PORZ":"95","KOD_POCZT":"32-020","NAZWA_GMI":"Wieliczka","NAZWA_MSC":"Grabówki","odleglosc_m":38.5,"strefa":"30-50 m","warstwa":"adresy"},"geometry":{"type":"Point","coordinates":[19.996025,49.968028]}},{"type":"Feature","properties":{"NUMER_PORZ":"275","KOD_POCZT":"32-020","NAZWA_GMI":"Wieliczka","NAZWA_MSC":"Podstolice","odleglosc_m":31.5,"strefa":"30-50 m","warstwa":"adresy"},"geometry":{"type":"Point","coordinates":[19.986688,49.952188]}},{"type":"Feature","properties":{"NUMER_PORZ":"47","KOD_POCZT":"32-020","NAZWA_GMI":"Wieliczka","NAZWA_MSC":"Grabówki","odleglosc_m":178.6,"strefa":"50-200 m","warstwa":"adresy"},"geometry":{"type":"Point","coordinates":[19.998182,49.971796]}},{"type":"Feature","properties":{"NUMER_PORZ":"148","KOD_POCZT":"32-020","NAZWA_GMI":"Wieliczka","NAZWA_MSC":"Podstolice","odleglosc_m":154.6,"strefa":"50-200 m","warstwa":"adresy"},"geometry":{"type":"Point","coordinates":[19.997805,49.968962]}},{"type":"Feature","properties":{"NUMER_PORZ":"97","KOD_POCZT":"32-020","NAZWA_GMI":"Wieliczka","NAZWA_MSC":"Podstolice","odleglosc_m":96.7,"strefa":"50-200 m","warstwa":"adresy"},"geometry":{"type":"Point","coordinates":[19.988225,49.950158]}},{"type":"Feature","properties":{"NUMER_PORZ":"91","KOD_POCZT":"32-020","NAZWA_GMI":"Wieliczka","NAZWA_MSC":"Grabówki","odleglosc_m":0.0,"strefa":"w śladzie","warstwa":"adresy"},"geometry":{"type":"Point","coordinates":[19.995098,49.967147]}},{"type":"Feature","properties":{"NUMER_PORZ":"47a","KOD_POCZT":"32-020","NAZWA_GMI":"Wieliczka","NAZWA_MSC":"Grabówki","odleglosc_m":185.7,"strefa":"50-200 m","warstwa":"adresy"},"geometry":{"type":"Point","coordinates":[19.998285,49.971758]}},{"type":"Feature","properties":{"NUMER_PORZ":"342","KOD_POCZT":"32-020","NAZWA_GMI":"Wieliczka","NAZWA_MSC":"Grabówki","odleglosc_m":29.1,"strefa":"20-30 m","warstwa":"adresy"},"geometry":{"type":"Point","coordinates":[19.995813,49.967602]}},{"type":"Feature","properties":{"NUMER_PORZ":"166","KOD_POCZT":"30-698","NAZWA_GMI":"Wieliczka","NAZWA_MSC":"Golkowice","odleglosc_m":65.7,"strefa":"50-200 m","warstwa":"adresy"},"geometry":{"type":"Point","coordinates":[19.992295,49.963798]}},{"type":"Feature","properties":{"NUMER_PORZ":"344","KOD_POCZT":"32-020","NAZWA_GMI":"Wieliczka","NAZWA_MSC":"Podstolice","odleglosc_m":155.6,"strefa":"50-200 m","warstwa":"adresy"},"geometry":{"type":"Point","coordinates":[19.994429,49.960121]}},{"type":"Feature","properties":{"NUMER_PORZ":"447","KOD_POCZT":"32-445","NAZWA_GMI":"Myślenice","NAZWA_MSC":"Zawada","odleglosc_m":159.3,"strefa":"50-200 m","warstwa":"adresy"},"geometry":{"type":"Point","coordinates":[19.9489,49.874879]}},{"type":"Feature","properties":{"NUMER_PORZ":"1087E","KOD_POCZT":"32-444","NAZWA_GMI":"Myślenice","NAZWA_MSC":"Głogoczów","odleglosc_m":124.2,"strefa":"50-200 m","warstwa":"adresy"},"geometry":{"type":"Point","coordinates":[19.891436,49.910718]}},{"type":"Feature","properties":{"NUMER_PORZ":"326A","KOD_POCZT":"32-445","NAZWA_GMI":"Myślenice","NAZWA_MSC":"Zawada","odleglosc_m":95.8,"strefa":"50-200 m","warstwa":"adresy"},"geometry":{"type":"Point","coordinates":[19.949648,49.87986]}},{"type":"Feature","properties":{"NUMER_PORZ":"1141A","KOD_POCZT":"32-444","NAZWA_GMI":"Myślenice","NAZWA_MSC":"Głogoczów","odleglosc_m":30.7,"strefa":"30-50 m","warstwa":"adresy"},"geometry":{"type":"Point","coordinates":[19.892466,49.908851]}},{"type":"Feature","properties":{"NUMER_PORZ":"379","KOD_POCZT":"32-020","NAZWA_GMI":"Wieliczka","NAZWA_MSC":"Podstolice","odleglosc_m":182.0,"strefa":"50-200 m","warstwa":"adresy"},"geometry":{"type":"Point","coordinates":[19.998247,49.969729]}},{"type":"Feature","properties":{"NUMER_PORZ":"854","KOD_POCZT":"32-445","NAZWA_GMI":"Myślenice","NAZWA_MSC":"Krzyszkowice","odleglosc_m":148.7,"strefa":"50-200 m","warstwa":"adresy"},"geometry":{"type":"Point","coordinates":[19.936669,49.890657]}},{"type":"Feature","properties":{"NUMER_PORZ":"740","KOD_POCZT":"30-698","NAZWA_GMI":"Wieliczka","NAZWA_MSC":"Golkowice","odleglosc_m":172.8,"strefa":"50-200 m","warstwa":"adresy"},"geometry":{"type":"Point","coordinates":[19.989412,49.961454]}},{"type":"Feature","properties":{"NUMER_PORZ":"4B","KOD_POCZT":"32-040","NAZWA_ULC":"Myślenicka","NAZWA_GMI":"Świątniki Górne","NAZWA_MSC":"Świątniki Górne","odleglosc_m":61.4,"strefa":"50-200 m","warstwa":"adresy"},"geometry":{"type":"Point","coordinates":[19.974735,49.930237]}},{"type":"Feature","properties":{"NUMER_PORZ":"73","KOD_POCZT":"32-040","NAZWA_ULC":"Pod Dębiną","NAZWA_GMI":"Świątniki Górne","NAZWA_MSC":"Rzeszotary","odleglosc_m":172.4,"strefa":"50-200 m","warstwa":"adresy"},"geometry":{"type":"Point","coordinates":[19.977243,49.938608]}},{"type":"Feature","properties":{"NUMER_PORZ":"86","KOD_POCZT":"32-040","NAZWA_ULC":"Pod Dębiną","NAZWA_GMI":"Świątniki Górne","NAZWA_MSC":"Rzeszotary","odleglosc_m":129.4,"strefa":"50-200 m","warstwa":"adresy"},"geometry":{"type":"Point","coordinates":[19.977436,49.937942]}},{"type":"Feature","properties":{"NUMER_PORZ":"85","KOD_POCZT":"32-040","NAZWA_ULC":"Pod Dębiną","NAZWA_GMI":"Świątniki Górne","NAZWA_MSC":"Rzeszotary","odleglosc_m":86.0,"strefa":"50-200 m","warstwa":"adresy"},"geometry":{"type":"Point","coordinates":[19.978703,49.938812]}},{"type":"Feature","properties":{"NUMER_PORZ":"42","KOD_POCZT":"32-040","NAZWA_ULC":"Zarzecze","NAZWA_GMI":"Świątniki Górne","NAZWA_MSC":"Rzeszotary","odleglosc_m":198.4,"strefa":"50-200 m","warstwa":"adresy"},"geometry":{"type":"Point","coordinates":[19.977995,49.940472]}},{"type":"Feature","properties":{"NUMER_PORZ":"23","KOD_POCZT":"32-040","NAZWA_ULC":"Zarzecze","NAZWA_GMI":"Świątniki Górne","NAZWA_MSC":"Rzeszotary","odleglosc_m":142.0,"strefa":"50-200 m","warstwa":"adresy"},"geometry":{"type":"Point","coordinates":[19.97957,49.941766]}},{"type":"Feature","properties":{"NUMER_PORZ":"15","KOD_POCZT":"32-040","NAZWA_ULC":"Zarzecze","NAZWA_GMI":"Świątniki Górne","NAZWA_MSC":"Rzeszotary","odleglosc_m":181.0,"strefa":"50-200 m","warstwa":"adresy"},"geometry":{"type":"Point","coordinates":[19.979608,49.942927]}},{"type":"Feature","properties":{"NUMER_PORZ":"87","KOD_POCZT":"32-040","NAZWA_ULC":"Pod Dębiną","NAZWA_GMI":"Świątniki Górne","NAZWA_MSC":"Rzeszotary","odleglosc_m":46.7,"strefa":"30-50 m","warstwa":"adresy"},"geometry":{"type":"Point","coordinates":[19.979397,49.939]}},{"type":"Feature","properties":{"NUMER_PORZ":"126","KOD_POCZT":"32-040","NAZWA_ULC":"Pod Dębiną","NAZWA_GMI":"Świątniki Górne","NAZWA_MSC":"Rzeszotary","odleglosc_m":0.0,"strefa":"w śladzie","warstwa":"adresy"},"geometry":{"type":"Point","coordinates":[19.980079,49.938712]}},{"type":"Feature","properties":{"NUMER_PORZ":"136","KOD_POCZT":"32-040","NAZWA_ULC":"Pod Dębiną","NAZWA_GMI":"Świątniki Górne","NAZWA_MSC":"Rzeszotary","odleglosc_m":28.2,"strefa":"20-30 m","warstwa":"adresy"},"geometry":{"type":"Point","coordinates":[19.981064,49.938699]}},{"type":"Feature","properties":{"NUMER_PORZ":"152","KOD_POCZT":"32-040","NAZWA_ULC":"Pod Dębiną","NAZWA_GMI":"Świątniki Górne","NAZWA_MSC":"Rzeszotary","odleglosc_m":163.3,"strefa":"50-200 m","warstwa":"adresy"},"geometry":{"type":"Point","coordinates":[19.983259,49.939015]}},{"type":"Feature","properties":{"NUMER_PORZ":"158","KOD_POCZT":"32-040","NAZWA_ULC":"Pod Dębiną","NAZWA_GMI":"Świątniki Górne","NAZWA_MSC":"Rzeszotary","odleglosc_m":148.7,"strefa":"50-200 m","warstwa":"adresy"},"geometry":{"type":"Point","coordinates":[19.982787,49.938575]}},{"type":"Feature","properties":{"NUMER_PORZ":"28","KOD_POCZT":"32-040","NAZWA_ULC":"Herbowa","NAZWA_GMI":"Świątniki Górne","NAZWA_MSC":"Rzeszotary","odleglosc_m":0.0,"strefa":"w śladzie","warstwa":"adresy"},"geometry":{"type":"Point","coordinates":[19.982331,49.94249]}},{"type":"Feature","properties":{"NUMER_PORZ":"30","KOD_POCZT":"32-040","NAZWA_ULC":"Herbowa","NAZWA_GMI":"Świątniki Górne","NAZWA_MSC":"Rzeszotary","odleglosc_m":3.8,"strefa":"0-20 m","warstwa":"adresy"},"geometry":{"type":"Point","coordinates":[19.982632,49.942137]}},{"type":"Feature","properties":{"NUMER_PORZ":"19","KOD_POCZT":"32-040","NAZWA_ULC":"Herbowa","NAZWA_GMI":"Świątniki Górne","NAZWA_MSC":"Rzeszotary","odleglosc_m":52.0,"strefa":"50-200 m","warstwa":"adresy"},"geometry":{"type":"Point","coordinates":[19.98347,49.942383]}},{"type":"Feature","properties":{"NUMER_PORZ":"44","KOD_POCZT":"32-040","NAZWA_ULC":"Herbowa","NAZWA_GMI":"Świątniki Górne","NAZWA_MSC":"Rzeszotary","odleglosc_m":6.3,"strefa":"0-20 m","warstwa":"adresy"},"geometry":{"type":"Point","coordinates":[19.982488,49.941795]}},{"type":"Feature","properties":{"NUMER_PORZ":"46","KOD_POCZT":"32-040","NAZWA_ULC":"Herbowa","NAZWA_GMI":"Świątniki Górne","NAZWA_MSC":"Rzeszotary","odleglosc_m":0.0,"strefa":"w śladzie","warstwa":"adresy"},"geometry":{"type":"Point","coordinates":[19.981979,49.941619]}},{"type":"Feature","properties":{"NUMER_PORZ":"54","KOD_POCZT":"32-040","NAZWA_ULC":"Herbowa","NAZWA_GMI":"Świątniki Górne","NAZWA_MSC":"Rzeszotary","odleglosc_m":156.9,"strefa":"50-200 m","warstwa":"adresy"},"geometry":{"type":"Point","coordinates":[19.984306,49.941036]}},{"type":"Feature","properties":{"NUMER_PORZ":"56","KOD_POCZT":"32-040","NAZWA_ULC":"Herbowa","NAZWA_GMI":"Świątniki Górne","NAZWA_MSC":"Rzeszotary","odleglosc_m":151.6,"strefa":"50-200 m","warstwa":"adresy"},"geometry":{"type":"Point","coordinates":[19.984119,49.94083]}},{"type":"Feature","properties":{"NUMER_PORZ":"31","KOD_POCZT":"32-040","NAZWA_ULC":"Herbowa","NAZWA_GMI":"Świątniki Górne","NAZWA_MSC":"Rzeszotary","odleglosc_m":182.4,"strefa":"50-200 m","warstwa":"adresy"},"geometry":{"type":"Point","coordinates":[19.984744,49.941155]}},{"type":"Feature","properties":{"NUMER_PORZ":"13","KOD_POCZT":"32-040","NAZWA_ULC":"Piasna Górka","NAZWA_GMI":"Świątniki Górne","NAZWA_MSC":"Rzeszotary","odleglosc_m":141.0,"strefa":"50-200 m","warstwa":"adresy"},"geometry":{"type":"Point","coordinates":[19.978115,49.932359]}},{"type":"Feature","properties":{"NUMER_PORZ":"100","KOD_POCZT":"32-040","NAZWA_ULC":"Pod Dębiną","NAZWA_GMI":"Świątniki Górne","NAZWA_MSC":"Rzeszotary","odleglosc_m":48.6,"strefa":"30-50 m","warstwa":"adresy"},"geometry":{"type":"Point","coordinates":[19.978544,49.937757]}},{"type":"Feature","properties":{"NUMER_PORZ":"118","KOD_POCZT":"32-040","NAZWA_ULC":"Pod Dębiną","NAZWA_GMI":"Świątniki Górne","NAZWA_MSC":"Rzeszotary","odleglosc_m":0.0,"strefa":"w śladzie","warstwa":"adresy"},"geometry":{"type":"Point","coordinates":[19.979482,49.938004]}},{"type":"Feature","properties":{"NUMER_PORZ":"55","KOD_POCZT":"32-040","NAZWA_ULC":"Polanki","NAZWA_GMI":"Świątniki Górne","NAZWA_MSC":"Rzeszotary","odleglosc_m":41.4,"strefa":"30-50 m","warstwa":"adresy"},"geometry":{"type":"Point","coordinates":[19.983014,49.945491]}},{"type":"Feature","properties":{"NUMER_PORZ":"59","KOD_POCZT":"32-040","NAZWA_ULC":"Polanki","NAZWA_GMI":"Świątniki Górne","NAZWA_MSC":"Rzeszotary","odleglosc_m":0.0,"strefa":"w śladzie","warstwa":"adresy"},"geometry":{"type":"Point","coordinates":[19.983946,49.945556]}},{"type":"Feature","properties":{"NUMER_PORZ":"8A","KOD_POCZT":"32-040","NAZWA_ULC":"Myślenicka","NAZWA_GMI":"Świątniki Górne","NAZWA_MSC":"Świątniki Górne","odleglosc_m":187.3,"strefa":"50-200 m","warstwa":"adresy"},"geometry":{"type":"Point","coordinates":[19.975564,49.92904]}},{"type":"Feature","properties":{"NUMER_PORZ":"96","KOD_POCZT":"32-040","NAZWA_ULC":"Piastowska","NAZWA_GMI":"Świątniki Górne","NAZWA_MSC":"Rzeszotary","odleglosc_m":45.8,"strefa":"30-50 m","warstwa":"adresy"},"geometry":{"type":"Point","coordinates":[19.984402,49.944325]}},{"type":"Feature","properties":{"NUMER_PORZ":"106","KOD_POCZT":"32-040","NAZWA_ULC":"Pod Dębiną","NAZWA_GMI":"Świątniki Górne","NAZWA_MSC":"Rzeszotary","odleglosc_m":43.1,"strefa":"30-50 m","warstwa":"adresy"},"geometry":{"type":"Point","coordinates":[19.978732,49.937907]}},{"type":"Feature","properties":{"NUMER_PORZ":"80","KOD_POCZT":"32-040","NAZWA_ULC":"Pod Dębiną","NAZWA_GMI":"Świątniki Górne","NAZWA_MSC":"Rzeszotary","odleglosc_m":174.8,"strefa":"50-200 m","warstwa":"adresy"},"geometry":{"type":"Point","coordinates":[19.976771,49.937982]}},{"type":"Feature","properties":{"NUMER_PORZ":"98","KOD_POCZT":"32-040","NAZWA_ULC":"Pod Dębiną","NAZWA_GMI":"Świątniki Górne","NAZWA_MSC":"Rzeszotary","odleglosc_m":64.5,"strefa":"50-200 m","warstwa":"adresy"},"geometry":{"type":"Point","coordinates":[19.978498,49.938041]}},{"type":"Feature","properties":{"NUMER_PORZ":"108","KOD_POCZT":"32-040","NAZWA_ULC":"Piastowska","NAZWA_GMI":"Świątniki Górne","NAZWA_MSC":"Rzeszotary","odleglosc_m":68.2,"strefa":"50-200 m","warstwa":"adresy"},"geometry":{"type":"Point","coordinates":[19.98459,49.944055]}},{"type":"Feature","properties":{"NUMER_PORZ":"100","KOD_POCZT":"32-040","NAZWA_ULC":"Piastowska","NAZWA_GMI":"Świątniki Górne","NAZWA_MSC":"Rzeszotary","odleglosc_m":3.2,"strefa":"0-20 m","warstwa":"adresy"},"geometry":{"type":"Point","coordinates":[19.983654,49.944094]}},{"type":"Feature","properties":{"NUMER_PORZ":"4","KOD_POCZT":"32-040","NAZWA_ULC":"Herbowa","NAZWA_GMI":"Świątniki Górne","NAZWA_MSC":"Rzeszotary","odleglosc_m":113.5,"strefa":"50-200 m","warstwa":"adresy"},"geometry":{"type":"Point","coordinates":[19.981279,49.944213]}},{"type":"Feature","properties":{"NUMER_PORZ":"110","KOD_POCZT":"32-040","NAZWA_ULC":"Piastowska","NAZWA_GMI":"Świątniki Górne","NAZWA_MSC":"Rzeszotary","odleglosc_m":74.7,"strefa":"50-200 m","warstwa":"adresy"},"geometry":{"type":"Point","coordinates":[19.984757,49.944189]}},{"type":"Feature","properties":{"NUMER_PORZ":"66","KOD_POCZT":"32-040","NAZWA_ULC":"św. Stanisława","NAZWA_GMI":"Świątniki Górne","NAZWA_MSC":"Świątniki Górne","odleglosc_m":105.3,"strefa":"50-200 m","warstwa":"adresy"},"geometry":{"type":"Point","coordinates":[19.958697,49.921473]}},{"type":"Feature","properties":{"NUMER_PORZ":"34","KOD_POCZT":"32-040","NAZWA_ULC":"Widokowa","NAZWA_GMI":"Świątniki Górne","NAZWA_MSC":"Świątniki Górne","odleglosc_m":32.0,"strefa":"30-50 m","warstwa":"adresy"},"geometry":{"type":"Point","coordinates":[19.974722,49.930703]}},{"type":"Feature","properties":{"NUMER_PORZ":"98","KOD_POCZT":"32-040","NAZWA_ULC":"Piastowska","NAZWA_GMI":"Świątniki Górne","NAZWA_MSC":"Rzeszotary","odleglosc_m":0.0,"strefa":"w śladzie","warstwa":"adresy"},"geometry":{"type":"Point","coordinates":[19.983171,49.944028]}},{"type":"Feature","properties":{"NUMER_PORZ":"55","KOD_POCZT":"32-040","NAZWA_ULC":"Piastowska","NAZWA_GMI":"Świątniki Górne","NAZWA_MSC":"Rzeszotary","odleglosc_m":68.7,"strefa":"50-200 m","warstwa":"adresy"},"geometry":{"type":"Point","coordinates":[19.984934,49.944694]}},{"type":"Feature","properties":{"NUMER_PORZ":"2","KOD_POCZT":"32-040","NAZWA_ULC":"Zakątek","NAZWA_GMI":"Świątniki Górne","NAZWA_MSC":"Rzeszotary","odleglosc_m":18.4,"strefa":"0-20 m","warstwa":"adresy"},"geometry":{"type":"Point","coordinates":[19.984372,49.945032]}},{"type":"Feature","properties":{"NUMER_PORZ":"80","KOD_POCZT":"32-040","NAZWA_ULC":"Piastowska","NAZWA_GMI":"Świątniki Górne","NAZWA_MSC":"Rzeszotary","odleglosc_m":58.2,"strefa":"50-200 m","warstwa":"adresy"},"geometry":{"type":"Point","coordinates":[19.982391,49.944778]}},{"type":"Feature","properties":{"NUMER_PORZ":"66","KOD_POCZT":"32-040","NAZWA_ULC":"Piastowska","NAZWA_GMI":"Świątniki Górne","NAZWA_MSC":"Rzeszotary","odleglosc_m":159.2,"strefa":"50-200 m","warstwa":"adresy"},"geometry":{"type":"Point","coordinates":[19.981047,49.94505]}},{"type":"Feature","properties":{"NUMER_PORZ":"3","KOD_POCZT":"32-040","NAZWA_ULC":"Gościnna","NAZWA_GMI":"Świątniki Górne","NAZWA_MSC":"Rzeszotary","odleglosc_m":171.9,"strefa":"50-200 m","warstwa":"adresy"},"geometry":{"type":"Point","coordinates":[19.980288,49.943965]}},{"type":"Feature","properties":{"NUMER_PORZ":"62","KOD_POCZT":"32-040","NAZWA_ULC":"Piastowska","NAZWA_GMI":"Świątniki Górne","NAZWA_MSC":"Rzeszotary","odleglosc_m":178.9,"strefa":"50-200 m","warstwa":"adresy"},"geometry":{"type":"Point","coordinates":[19.980459,49.944484]}},{"type":"Feature","properties":{"NUMER_PORZ":"10","KOD_POCZT":"32-040","NAZWA_ULC":"Piasna Górka","NAZWA_GMI":"Świątniki Górne","NAZWA_MSC":"Rzeszotary","odleglosc_m":56.5,"strefa":"50-200 m","warstwa":"adresy"},"geometry":{"type":"Point","coordinates":[19.97628,49.931882]}},{"type":"Feature","properties":{"NUMER_PORZ":"4","KOD_POCZT":"32-040","NAZWA_ULC":"Piasna Górka","NAZWA_GMI":"Świątniki Górne","NAZWA_MSC":"Rzeszotary","odleglosc_m":0.0,"strefa":"nad tunelem","warstwa":"adresy"},"geometry":{"type":"Point","coordinates":[19.975318,49.931908]}},{"type":"Feature","properties":{"NUMER_PORZ":"9","KOD_POCZT":"32-040","NAZWA_ULC":"Piasna Górka","NAZWA_GMI":"Świątniki Górne","NAZWA_MSC":"Rzeszotary","odleglosc_m":72.8,"strefa":"50-200 m","warstwa":"adresy"},"geometry":{"type":"Point","coordinates":[19.977071,49.932417]}},{"type":"Feature","properties":{"NUMER_PORZ":"3","KOD_POCZT":"32-040","NAZWA_ULC":"Świerkowa","NAZWA_GMI":"Świątniki Górne","NAZWA_MSC":"Rzeszotary","odleglosc_m":47.8,"strefa":"30-50 m","warstwa":"adresy"},"geometry":{"type":"Point","coordinates":[19.974177,49.9325]}},{"type":"Feature","properties":{"NUMER_PORZ":"94","KOD_POCZT":"32-040","NAZWA_ULC":"Piastowska","NAZWA_GMI":"Świątniki Górne","NAZWA_MSC":"Rzeszotary","odleglosc_m":6.6,"strefa":"0-20 m","warstwa":"adresy"},"geometry":{"type":"Point","coordinates":[19.983938,49.944539]}},{"type":"Feature","properties":{"NUMER_PORZ":"2","KOD_POCZT":"32-040","NAZWA_ULC":"Herbowa","NAZWA_GMI":"Świątniki Górne","NAZWA_MSC":"Rzeszotary","odleglosc_m":145.4,"strefa":"50-200 m","warstwa":"adresy"},"geometry":{"type":"Point","coordinates":[19.98106,49.944689]}},{"type":"Feature","properties":{"NUMER_PORZ":"89","KOD_POCZT":"32-040","NAZWA_ULC":"św. Stanisława","NAZWA_GMI":"Świątniki Górne","NAZWA_MSC":"Świątniki Górne","odleglosc_m":150.4,"strefa":"50-200 m","warstwa":"adresy"},"geometry":{"type":"Point","coordinates":[19.959167,49.922369]}},{"type":"Feature","properties":{"NUMER_PORZ":"87","KOD_POCZT":"32-040","NAZWA_ULC":"św. Stanisława","NAZWA_GMI":"Świątniki Górne","NAZWA_MSC":"Świątniki Górne","odleglosc_m":165.0,"strefa":"50-200 m","warstwa":"adresy"},"geometry":{"type":"Point","coordinates":[19.959156,49.922551]}},{"type":"Feature","properties":{"NUMER_PORZ":"29","KOD_POCZT":"32-040","NAZWA_ULC":"Polanki","NAZWA_GMI":"Świątniki Górne","NAZWA_MSC":"Rzeszotary","odleglosc_m":153.5,"strefa":"50-200 m","warstwa":"adresy"},"geometry":{"type":"Point","coordinates":[19.981615,49.945971]}},{"type":"Feature","properties":{"NUMER_PORZ":"22","KOD_POCZT":"32-040","NAZWA_ULC":"Polanki","NAZWA_GMI":"Świątniki Górne","NAZWA_MSC":"Rzeszotary","odleglosc_m":120.4,"strefa":"50-200 m","warstwa":"adresy"},"geometry":{"type":"Point","coordinates":[19.98193,49.945642]}},{"type":"Feature","properties":{"NUMER_PORZ":"85","KOD_POCZT":"32-040","NAZWA_ULC":"Szewska","NAZWA_GMI":"Świątniki Górne","NAZWA_MSC":"Rzeszotary","odleglosc_m":178.9,"strefa":"50-200 m","warstwa":"adresy"},"geometry":{"type":"Point","coordinates":[19.982083,49.947568]}},{"type":"Feature","properties":{"NUMER_PORZ":"83","KOD_POCZT":"32-040","NAZWA_ULC":"Szewska","NAZWA_GMI":"Świątniki Górne","NAZWA_MSC":"Rzeszotary","odleglosc_m":188.1,"strefa":"50-200 m","warstwa":"adresy"},"geometry":{"type":"Point","coordinates":[19.981951,49.947576]}},{"type":"Feature","properties":{"NUMER_PORZ":"56","KOD_POCZT":"32-040","NAZWA_ULC":"Szewska","NAZWA_GMI":"Świątniki Górne","NAZWA_MSC":"Rzeszotary","odleglosc_m":119.2,"strefa":"50-200 m","warstwa":"adresy"},"geometry":{"type":"Point","coordinates":[19.982787,49.947238]}},{"type":"Feature","properties":{"NUMER_PORZ":"52","KOD_POCZT":"32-040","NAZWA_ULC":"Szewska","NAZWA_GMI":"Świątniki Górne","NAZWA_MSC":"Rzeszotary","odleglosc_m":176.1,"strefa":"50-200 m","warstwa":"adresy"},"geometry":{"type":"Point","coordinates":[19.981986,49.947305]}},{"type":"Feature","properties":{"NUMER_PORZ":"82","KOD_POCZT":"32-040","NAZWA_ULC":"Pod Dębiną","NAZWA_GMI":"Świątniki Górne","NAZWA_MSC":"Rzeszotary","odleglosc_m":169.0,"strefa":"50-200 m","warstwa":"adresy"},"geometry":{"type":"Point","coordinates":[19.977008,49.938196]}},{"type":"Feature","properties":{"NUMER_PORZ":"94","KOD_POCZT":"32-040","NAZWA_ULC":"Pod Dębiną","NAZWA_GMI":"Świątniki Górne","NAZWA_MSC":"Rzeszotary","odleglosc_m":100.5,"strefa":"50-200 m","warstwa":"adresy"},"geometry":{"type":"Point","coordinates":[19.978053,49.938192]}},{"type":"Feature","properties":{"NUMER_PORZ":"108","KOD_POCZT":"32-040","NAZWA_ULC":"Pod Dębiną","NAZWA_GMI":"Świątniki Górne","NAZWA_MSC":"Rzeszotary","odleglosc_m":49.2,"strefa":"30-50 m","warstwa":"adresy"},"geometry":{"type":"Point","coordinates":[19.978908,49.938295]}},{"type":"Feature","properties":{"NUMER_PORZ":"84","KOD_POCZT":"32-040","NAZWA_ULC":"Pod Dębiną","NAZWA_GMI":"Świątniki Górne","NAZWA_MSC":"Rzeszotary","odleglosc_m":143.9,"strefa":"50-200 m","warstwa":"adresy"},"geometry":{"type":"Point","coordinates":[19.977476,49.938316]}},{"type":"Feature","properties":{"NUMER_PORZ":"96","KOD_POCZT":"32-040","NAZWA_ULC":"Pod Dębiną","NAZWA_GMI":"Świątniki Górne","NAZWA_MSC":"Rzeszotary","odleglosc_m":92.6,"strefa":"50-200 m","warstwa":"adresy"},"geometry":{"type":"Point","coordinates":[19.978258,49.938313]}},{"type":"Feature","properties":{"NUMER_PORZ":"128","KOD_POCZT":"32-040","NAZWA_ULC":"Pod Dębiną","NAZWA_GMI":"Świątniki Górne","NAZWA_MSC":"Rzeszotary","odleglosc_m":0.0,"strefa":"w śladzie","warstwa":"adresy"},"geometry":{"type":"Point","coordinates":[19.980086,49.938318]}},{"type":"Feature","properties":{"NUMER_PORZ":"1","KOD_POCZT":"32-040","NAZWA_ULC":"Herbowa","NAZWA_GMI":"Świątniki Górne","NAZWA_MSC":"Rzeszotary","odleglosc_m":125.8,"strefa":"50-200 m","warstwa":"adresy"},"geometry":{"type":"Point","coordinates":[19.981447,49.944878]}},{"type":"Feature","properties":{"NUMER_PORZ":"6","KOD_POCZT":"32-040","NAZWA_ULC":"Świerkowa","NAZWA_GMI":"Świątniki Górne","NAZWA_MSC":"Rzeszotary","odleglosc_m":22.3,"strefa":"20-30 m","warstwa":"adresy"},"geometry":{"type":"Point","coordinates":[19.974765,49.932671]}},{"type":"Feature","properties":{"NUMER_PORZ":"74","KOD_POCZT":"32-040","NAZWA_ULC":"Szewska","NAZWA_GMI":"Świątniki Górne","NAZWA_MSC":"Rzeszotary","odleglosc_m":28.7,"strefa":"20-30 m","warstwa":"adresy"},"geometry":{"type":"Point","coordinates":[19.985734,49.947331]}},{"type":"Feature","properties":{"NUMER_PORZ":"60","KOD_POCZT":"32-040","NAZWA_ULC":"Szewska","NAZWA_GMI":"Świątniki Górne","NAZWA_MSC":"Rzeszotary","odleglosc_m":74.7,"strefa":"50-200 m","warstwa":"adresy"},"geometry":{"type":"Point","coordinates":[19.983596,49.947528]}},{"type":"Feature","properties":{"NUMER_PORZ":"84","KOD_POCZT":"32-040","NAZWA_ULC":"Piastowska","NAZWA_GMI":"Świątniki Górne","NAZWA_MSC":"Rzeszotary","odleglosc_m":18.6,"strefa":"0-20 m","warstwa":"adresy"},"geometry":{"type":"Point","coordinates":[19.982992,49.944813]}},{"type":"Feature","properties":{"NUMER_PORZ":"44","KOD_POCZT":"32-040","NAZWA_ULC":"Zarzecze","NAZWA_GMI":"Świątniki Górne","NAZWA_MSC":"Rzeszotary","odleglosc_m":177.2,"strefa":"50-200 m","warstwa":"adresy"},"geometry":{"type":"Point","coordinates":[19.978289,49.940435]}},{"type":"Feature","properties":{"NUMER_PORZ":"51","KOD_POCZT":"32-040","NAZWA_ULC":"Piastowska","NAZWA_GMI":"Świątniki Górne","NAZWA_MSC":"Rzeszotary","odleglosc_m":28.3,"strefa":"20-30 m","warstwa":"adresy"},"geometry":{"type":"Point","coordinates":[19.984411,49.944831]}},{"type":"Feature","properties":{"NUMER_PORZ":"99","KOD_POCZT":"32-040","NAZWA_ULC":"Franciszka Bielowicza","NAZWA_GMI":"Świątniki Górne","NAZWA_MSC":"Rzeszotary","odleglosc_m":75.2,"strefa":"50-200 m","warstwa":"adresy"},"geometry":{"type":"Point","coordinates":[19.973461,49.93223]}},{"type":"Feature","properties":{"NUMER_PORZ":"92","KOD_POCZT":"32-040","NAZWA_ULC":"Pod Dębiną","NAZWA_GMI":"Świątniki Górne","NAZWA_MSC":"Rzeszotary","odleglosc_m":132.6,"strefa":"50-200 m","warstwa":"adresy"},"geometry":{"type":"Point","coordinates":[19.977695,49.938382]}},{"type":"Feature","properties":{"NUMER_PORZ":"120","KOD_POCZT":"32-040","NAZWA_ULC":"Pod Dębiną","NAZWA_GMI":"Świątniki Górne","NAZWA_MSC":"Rzeszotary","odleglosc_m":7.2,"strefa":"0-20 m","warstwa":"adresy"},"geometry":{"type":"Point","coordinates":[19.979608,49.938377]}},{"type":"Feature","properties":{"NUMER_PORZ":"162","KOD_POCZT":"32-040","NAZWA_ULC":"Pod Dębiną","NAZWA_GMI":"Świątniki Górne","NAZWA_MSC":"Rzeszotary","odleglosc_m":172.4,"strefa":"50-200 m","warstwa":"adresy"},"geometry":{"type":"Point","coordinates":[19.983032,49.938391]}},{"type":"Feature","properties":{"NUMER_PORZ":"164","KOD_POCZT":"32-040","NAZWA_ULC":"Pod Dębiną","NAZWA_GMI":"Świątniki Górne","NAZWA_MSC":"Rzeszotary","odleglosc_m":182.7,"strefa":"50-200 m","warstwa":"adresy"},"geometry":{"type":"Point","coordinates":[19.983217,49.938446]}},{"type":"Feature","properties":{"NUMER_PORZ":"53","KOD_POCZT":"32-040","NAZWA_ULC":"Piastowska","NAZWA_GMI":"Świątniki Górne","NAZWA_MSC":"Rzeszotary","odleglosc_m":44.3,"strefa":"30-50 m","warstwa":"adresy"},"geometry":{"type":"Point","coordinates":[19.98471,49.944951]}},{"type":"Feature","properties":{"NUMER_PORZ":"58","KOD_POCZT":"32-040","NAZWA_ULC":"Piastowska","NAZWA_GMI":"Świątniki Górne","NAZWA_MSC":"Rzeszotary","odleglosc_m":197.7,"strefa":"50-200 m","warstwa":"adresy"},"geometry":{"type":"Point","coordinates":[19.980458,49.945009]}},{"type":"Feature","properties":{"NUMER_PORZ":"64","KOD_POCZT":"32-040","NAZWA_ULC":"Piastowska","NAZWA_GMI":"Świątniki Górne","NAZWA_MSC":"Rzeszotary","odleglosc_m":169.2,"strefa":"50-200 m","warstwa":"adresy"},"geometry":{"type":"Point","coordinates":[19.980905,49.94506]}},{"type":"Feature","properties":{"NUMER_PORZ":"103","KOD_POCZT":"32-040","NAZWA_ULC":"Pod Dębiną","NAZWA_GMI":"Świątniki Górne","NAZWA_MSC":"Rzeszotary","odleglosc_m":43.7,"strefa":"30-50 m","warstwa":"adresy"},"geometry":{"type":"Point","coordinates":[19.981741,49.939464]}},{"type":"Feature","properties":{"NUMER_PORZ":"88","KOD_POCZT":"32-040","NAZWA_ULC":"Pod Dębiną","NAZWA_GMI":"Świątniki Górne","NAZWA_MSC":"Rzeszotary","odleglosc_m":111.3,"strefa":"50-200 m","warstwa":"adresy"},"geometry":{"type":"Point","coordinates":[19.977553,49.937712]}},{"type":"Feature","properties":{"NUMER_PORZ":"130","KOD_POCZT":"32-040","NAZWA_ULC":"Pod Dębiną","NAZWA_GMI":"Świątniki Górne","NAZWA_MSC":"Rzeszotary","odleglosc_m":0.0,"strefa":"w śladzie","warstwa":"adresy"},"geometry":{"type":"Point","coordinates":[19.980295,49.938475]}},{"type":"Feature","properties":{"NUMER_PORZ":"1","KOD_POCZT":"32-040","NAZWA_ULC":"Topolowa","NAZWA_GMI":"Świątniki Górne","NAZWA_MSC":"Rzeszotary","odleglosc_m":88.2,"strefa":"50-200 m","warstwa":"adresy"},"geometry":{"type":"Point","coordinates":[19.981828,49.938475]}},{"type":"Feature","properties":{"NUMER_PORZ":"4","KOD_POCZT":"32-040","NAZWA_ULC":"Topolowa","NAZWA_GMI":"Świątniki Górne","NAZWA_MSC":"Rzeszotary","odleglosc_m":45.1,"strefa":"30-50 m","warstwa":"adresy"},"geometry":{"type":"Point","coordinates":[19.981219,49.938533]}},{"type":"Feature","properties":{"NUMER_PORZ":"112","KOD_POCZT":"32-040","NAZWA_ULC":"Pod Dębiną","NAZWA_GMI":"Świątniki Górne","NAZWA_MSC":"Rzeszotary","odleglosc_m":44.5,"strefa":"30-50 m","warstwa":"adresy"},"geometry":{"type":"Point","coordinates":[19.979164,49.938558]}},{"type":"Feature","properties":{"NUMER_PORZ":"110","KOD_POCZT":"32-040","NAZWA_ULC":"Pod Dębiną","NAZWA_GMI":"Świątniki Górne","NAZWA_MSC":"Rzeszotary","odleglosc_m":77.7,"strefa":"50-200 m","warstwa":"adresy"},"geometry":{"type":"Point","coordinates":[19.978709,49.938633]}},{"type":"Feature","properties":{"NUMER_PORZ":"2","KOD_POCZT":"32-040","NAZWA_ULC":"Topolowa","NAZWA_GMI":"Świątniki Górne","NAZWA_MSC":"Rzeszotary","odleglosc_m":51.1,"strefa":"50-200 m","warstwa":"adresy"},"geometry":{"type":"Point","coordinates":[19.981366,49.938632]}},{"type":"Feature","properties":{"NUMER_PORZ":"20","KOD_POCZT":"32-040","NAZWA_ULC":"Polanki","NAZWA_GMI":"Świątniki Górne","NAZWA_MSC":"Rzeszotary","odleglosc_m":141.2,"strefa":"50-200 m","warstwa":"adresy"},"geometry":{"type":"Point","coordinates":[19.981582,49.945564]}},{"type":"Feature","properties":{"NUMER_PORZ":"31","KOD_POCZT":"32-040","NAZWA_ULC":"Polanki","NAZWA_GMI":"Świątniki Górne","NAZWA_MSC":"Rzeszotary","odleglosc_m":95.6,"strefa":"50-200 m","warstwa":"adresy"},"geometry":{"type":"Point","coordinates":[19.982315,49.945679]}},{"type":"Feature","properties":{"NUMER_PORZ":"33","KOD_POCZT":"32-040","NAZWA_ULC":"Polanki","NAZWA_GMI":"Świątniki Górne","NAZWA_MSC":"Rzeszotary","odleglosc_m":81.2,"strefa":"50-200 m","warstwa":"adresy"},"geometry":{"type":"Point","coordinates":[19.982539,49.945703]}},{"type":"Feature","properties":{"NUMER_PORZ":"12","KOD_POCZT":"32-040","NAZWA_ULC":"Herbowa","NAZWA_GMI":"Świątniki Górne","NAZWA_MSC":"Rzeszotary","odleglosc_m":6.3,"strefa":"0-20 m","warstwa":"adresy"},"geometry":{"type":"Point","coordinates":[19.982088,49.942755]}},{"type":"Feature","properties":{"NUMER_PORZ":"2","KOD_POCZT":"32-040","NAZWA_ULC":"Zalas","NAZWA_GMI":"Świątniki Górne","NAZWA_MSC":"Rzeszotary","odleglosc_m":80.8,"strefa":"50-200 m","warstwa":"adresy"},"geometry":{"type":"Point","coordinates":[19.976572,49.931771]}},{"type":"Feature","properties":{"NUMER_PORZ":"12","KOD_POCZT":"32-040","NAZWA_ULC":"Piasna Górka","NAZWA_GMI":"Świątniki Górne","NAZWA_MSC":"Rzeszotary","odleglosc_m":97.1,"strefa":"50-200 m","warstwa":"adresy"},"geometry":{"type":"Point","coordinates":[19.977139,49.932077]}},{"type":"Feature","properties":{"NUMER_PORZ":"15","KOD_POCZT":"32-040","NAZWA_ULC":"Zakątek","NAZWA_GMI":"Świątniki Górne","NAZWA_MSC":"Rzeszotary","odleglosc_m":85.6,"strefa":"50-200 m","warstwa":"adresy"},"geometry":{"type":"Point","coordinates":[19.985877,49.946012]}},{"type":"Feature","properties":{"NUMER_PORZ":"22","KOD_POCZT":"32-040","NAZWA_ULC":"Widokowa","NAZWA_GMI":"Świątniki Górne","NAZWA_MSC":"Świątniki Górne","odleglosc_m":60.5,"strefa":"50-200 m","warstwa":"adresy"},"geometry":{"type":"Point","coordinates":[19.972906,49.931416]}},{"type":"Feature","properties":{"NUMER_PORZ":"20","KOD_POCZT":"32-040","NAZWA_ULC":"Widokowa","NAZWA_GMI":"Świątniki Górne","NAZWA_MSC":"Świątniki Górne","odleglosc_m":87.6,"strefa":"50-200 m","warstwa":"adresy"},"geometry":{"type":"Point","coordinates":[19.97247,49.931427]}},{"type":"Feature","properties":{"NUMER_PORZ":"18","KOD_POCZT":"32-040","NAZWA_ULC":"Widokowa","NAZWA_GMI":"Świątniki Górne","NAZWA_MSC":"Świątniki Górne","odleglosc_m":107.7,"strefa":"50-200 m","warstwa":"adresy"},"geometry":{"type":"Point","coordinates":[19.972161,49.931456]}},{"type":"Feature","properties":{"NUMER_PORZ":"75","KOD_POCZT":"32-040","NAZWA_ULC":"Pod Dębiną","NAZWA_GMI":"Świątniki Górne","NAZWA_MSC":"Rzeszotary","odleglosc_m":166.7,"strefa":"50-200 m","warstwa":"adresy"},"geometry":{"type":"Point","coordinates":[19.977386,49.938686]}},{"type":"Feature","properties":{"NUMER_PORZ":"114","KOD_POCZT":"32-040","NAZWA_ULC":"Pod Dębiną","NAZWA_GMI":"Świątniki Górne","NAZWA_MSC":"Rzeszotary","odleglosc_m":43.4,"strefa":"30-50 m","warstwa":"adresy"},"geometry":{"type":"Point","coordinates":[19.979277,49.938708]}},{"type":"Feature","properties":{"NUMER_PORZ":"154","KOD_POCZT":"32-040","NAZWA_ULC":"Pod Dębiną","NAZWA_GMI":"Świątniki Górne","NAZWA_MSC":"Rzeszotary","odleglosc_m":170.5,"strefa":"50-200 m","warstwa":"adresy"},"geometry":{"type":"Point","coordinates":[19.983183,49.938698]}},{"type":"Feature","properties":{"NUMER_PORZ":"77","KOD_POCZT":"32-040","NAZWA_ULC":"Pod Dębiną","NAZWA_GMI":"Świątniki Górne","NAZWA_MSC":"Rzeszotary","odleglosc_m":153.6,"strefa":"50-200 m","warstwa":"adresy"},"geometry":{"type":"Point","coordinates":[19.977627,49.938746]}},{"type":"Feature","properties":{"NUMER_PORZ":"122","KOD_POCZT":"32-040","NAZWA_ULC":"Pod Dębiną","NAZWA_GMI":"Świątniki Górne","NAZWA_MSC":"Rzeszotary","odleglosc_m":19.6,"strefa":"0-20 m","warstwa":"adresy"},"geometry":{"type":"Point","coordinates":[19.979666,49.938768]}},{"type":"Feature","properties":{"NUMER_PORZ":"83","KOD_POCZT":"32-040","NAZWA_ULC":"Pod Dębiną","NAZWA_GMI":"Świątniki Górne","NAZWA_MSC":"Rzeszotary","odleglosc_m":138.1,"strefa":"50-200 m","warstwa":"adresy"},"geometry":{"type":"Point","coordinates":[19.977911,49.938813]}},{"type":"Feature","properties":{"NUMER_PORZ":"11","KOD_POCZT":"32-040","NAZWA_ULC":"Zakątek","NAZWA_GMI":"Świątniki Górne","NAZWA_MSC":"Rzeszotary","odleglosc_m":75.8,"strefa":"50-200 m","warstwa":"adresy"},"geometry":{"type":"Point","coordinates":[19.985577,49.945714]}},{"type":"Feature","properties":{"NUMER_PORZ":"18","KOD_POCZT":"32-040","NAZWA_ULC":"Polanki","NAZWA_GMI":"Świątniki Górne","NAZWA_MSC":"Rzeszotary","odleglosc_m":174.6,"strefa":"50-200 m","warstwa":"adresy"},"geometry":{"type":"Point","coordinates":[19.981199,49.945769]}},{"type":"Feature","properties":{"NUMER_PORZ":"99","KOD_POCZT":"32-040","NAZWA_ULC":"Do Dworu","NAZWA_GMI":"Świątniki Górne","NAZWA_MSC":"Olszowice","odleglosc_m":82.2,"strefa":"50-200 m","warstwa":"adresy"},"geometry":{"type":"Point","coordinates":[19.929654,49.908072]}},{"type":"Feature","properties":{"NUMER_PORZ":"97","KOD_POCZT":"32-040","NAZWA_ULC":"Do Dworu","NAZWA_GMI":"Świątniki Górne","NAZWA_MSC":"Olszowice","odleglosc_m":61.9,"strefa":"50-200 m","warstwa":"adresy"},"geometry":{"type":"Point","coordinates":[19.92989,49.908242]}},{"type":"Feature","properties":{"NUMER_PORZ":"89","KOD_POCZT":"32-040","NAZWA_ULC":"Do Dworu","NAZWA_GMI":"Świątniki Górne","NAZWA_MSC":"Olszowice","odleglosc_m":49.6,"strefa":"30-50 m","warstwa":"adresy"},"geometry":{"type":"Point","coordinates":[19.930633,49.909584]}},{"type":"Feature","properties":{"NUMER_PORZ":"83","KOD_POCZT":"32-040","NAZWA_ULC":"Do Dworu","NAZWA_GMI":"Świątniki Górne","NAZWA_MSC":"Olszowice","odleglosc_m":134.3,"strefa":"50-200 m","warstwa":"adresy"},"geometry":{"type":"Point","coordinates":[19.931415,49.910303]}},{"type":"Feature","properties":{"NUMER_PORZ":"104","KOD_POCZT":"32-040","NAZWA_ULC":"Piastowska","NAZWA_GMI":"Świątniki Górne","NAZWA_MSC":"Rzeszotary","odleglosc_m":38.3,"strefa":"30-50 m","warstwa":"adresy"},"geometry":{"type":"Point","coordinates":[19.984133,49.944022]}},{"type":"Feature","properties":{"NUMER_PORZ":"3","KOD_POCZT":"32-040","NAZWA_ULC":"Myślenicka","NAZWA_GMI":"Świątniki Górne","NAZWA_MSC":"Rzeszotary","odleglosc_m":21.7,"strefa":"20-30 m","warstwa":"adresy"},"geometry":{"type":"Point","coordinates":[19.975234,49.931401]}},{"type":"Feature","properties":{"NUMER_PORZ":"16","KOD_POCZT":"32-040","NAZWA_ULC":"Widokowa","NAZWA_GMI":"Świątniki Górne","NAZWA_MSC":"Świątniki Górne","odleglosc_m":130.2,"strefa":"50-200 m","warstwa":"adresy"},"geometry":{"type":"Point","coordinates":[19.971956,49.931618]}},{"type":"Feature","properties":{"NUMER_PORZ":"2","KOD_POCZT":"32-040","NAZWA_ULC":"Myślenicka","NAZWA_GMI":"Świątniki Górne","NAZWA_MSC":"Świątniki Górne","odleglosc_m":0.0,"strefa":"nad tunelem","warstwa":"adresy"},"geometry":{"type":"Point","coordinates":[19.974253,49.931688]}},{"type":"Feature","properties":{"NUMER_PORZ":"74","KOD_POCZT":"32-040","NAZWA_ULC":"Franciszka Bielowicza","NAZWA_GMI":"Świątniki Górne","NAZWA_MSC":"Świątniki Górne","odleglosc_m":46.0,"strefa":"30-50 m","warstwa":"adresy"},"geometry":{"type":"Point","coordinates":[19.973564,49.931845]}},{"type":"Feature","properties":{"NUMER_PORZ":"72","KOD_POCZT":"32-040","NAZWA_ULC":"Franciszka Bielowicza","NAZWA_GMI":"Świątniki Górne","NAZWA_MSC":"Świątniki Górne","odleglosc_m":67.9,"strefa":"50-200 m","warstwa":"adresy"},"geometry":{"type":"Point","coordinates":[19.97325,49.931892]}},{"type":"Feature","properties":{"NUMER_PORZ":"140","KOD_POCZT":"32-040","NAZWA_ULC":"Pod Dębiną","NAZWA_GMI":"Świątniki Górne","NAZWA_MSC":"Rzeszotary","odleglosc_m":28.1,"strefa":"20-30 m","warstwa":"adresy"},"geometry":{"type":"Point","coordinates":[19.98118,49.938902]}},{"type":"Feature","properties":{"NUMER_PORZ":"142","KOD_POCZT":"32-040","NAZWA_ULC":"Pod Dębiną","NAZWA_GMI":"Świątniki Górne","NAZWA_MSC":"Rzeszotary","odleglosc_m":51.9,"strefa":"50-200 m","warstwa":"adresy"},"geometry":{"type":"Point","coordinates":[19.981565,49.938951]}},{"type":"Feature","properties":{"NUMER_PORZ":"43","KOD_POCZT":"32-040","NAZWA_ULC":"Zarzecze","NAZWA_GMI":"Świątniki Górne","NAZWA_MSC":"Rzeszotary","odleglosc_m":78.5,"strefa":"50-200 m","warstwa":"adresy"},"geometry":{"type":"Point","coordinates":[19.978935,49.939019]}},{"type":"Feature","properties":{"NUMER_PORZ":"91","KOD_POCZT":"32-040","NAZWA_ULC":"Pod Dębiną","NAZWA_GMI":"Świątniki Górne","NAZWA_MSC":"Rzeszotary","odleglosc_m":5.2,"strefa":"0-20 m","warstwa":"adresy"},"geometry":{"type":"Point","coordinates":[19.980025,49.939017]}},{"type":"Feature","properties":{"NUMER_PORZ":"93","KOD_POCZT":"32-040","NAZWA_ULC":"Pod Dębiną","NAZWA_GMI":"Świątniki Górne","NAZWA_MSC":"Rzeszotary","odleglosc_m":0.0,"strefa":"w śladzie","warstwa":"adresy"},"geometry":{"type":"Point","coordinates":[19.980561,49.939027]}},{"type":"Feature","properties":{"NUMER_PORZ":"58","KOD_POCZT":"32-040","NAZWA_ULC":"Zarzecze","NAZWA_GMI":"Świątniki Górne","NAZWA_MSC":"Rzeszotary","odleglosc_m":109.2,"strefa":"50-200 m","warstwa":"adresy"},"geometry":{"type":"Point","coordinates":[19.978541,49.939129]}},{"type":"Feature","properties":{"NUMER_PORZ":"56","KOD_POCZT":"32-040","NAZWA_ULC":"Zarzecze","NAZWA_GMI":"Świątniki Górne","NAZWA_MSC":"Rzeszotary","odleglosc_m":123.3,"strefa":"50-200 m","warstwa":"adresy"},"geometry":{"type":"Point","coordinates":[19.978343,49.939149]}},{"type":"Feature","properties":{"NUMER_PORZ":"89","KOD_POCZT":"32-040","NAZWA_ULC":"Pod Dębiną","NAZWA_GMI":"Świątniki Górne","NAZWA_MSC":"Rzeszotary","odleglosc_m":24.7,"strefa":"20-30 m","warstwa":"adresy"},"geometry":{"type":"Point","coordinates":[19.979837,49.939194]}},{"type":"Feature","properties":{"NUMER_PORZ":"95","KOD_POCZT":"32-040","NAZWA_ULC":"Pod Dębiną","NAZWA_GMI":"Świątniki Górne","NAZWA_MSC":"Rzeszotary","odleglosc_m":0.0,"strefa":"w śladzie","warstwa":"adresy"},"geometry":{"type":"Point","coordinates":[19.980907,49.939203]}},{"type":"Feature","properties":{"NUMER_PORZ":"27","KOD_POCZT":"32-040","NAZWA_ULC":"Polanki","NAZWA_GMI":"Świątniki Górne","NAZWA_MSC":"Rzeszotary","odleglosc_m":173.3,"strefa":"50-200 m","warstwa":"adresy"},"geometry":{"type":"Point","coordinates":[19.981355,49.94603]}},{"type":"Feature","properties":{"NUMER_PORZ":"16","KOD_POCZT":"32-040","NAZWA_ULC":"Zagórze","NAZWA_GMI":"Świątniki Górne","NAZWA_MSC":"Rzeszotary","odleglosc_m":197.8,"strefa":"50-200 m","warstwa":"adresy"},"geometry":{"type":"Point","coordinates":[19.976816,49.93005]}},{"type":"Feature","properties":{"NUMER_PORZ":"25","KOD_POCZT":"32-040","NAZWA_ULC":"Polanki","NAZWA_GMI":"Świątniki Górne","NAZWA_MSC":"Rzeszotary","odleglosc_m":197.9,"strefa":"50-200 m","warstwa":"adresy"},"geometry":{"type":"Point","coordinates":[19.981038,49.946117]}},{"type":"Feature","properties":{"NUMER_PORZ":"71","KOD_POCZT":"32-040","NAZWA_ULC":"Wspólna","NAZWA_GMI":"Świątniki Górne","NAZWA_MSC":"Olszowice","odleglosc_m":114.5,"strefa":"50-200 m","warstwa":"adresy"},"geometry":{"type":"Point","coordinates":[19.921355,49.91071]}},{"type":"Feature","properties":{"NUMER_PORZ":"61","KOD_POCZT":"32-040","NAZWA_ULC":"Wspólna","NAZWA_GMI":"Świątniki Górne","NAZWA_MSC":"Olszowice","odleglosc_m":154.4,"strefa":"50-200 m","warstwa":"adresy"},"geometry":{"type":"Point","coordinates":[19.921666,49.911052]}},{"type":"Feature","properties":{"NUMER_PORZ":"76","KOD_POCZT":"32-040","NAZWA_ULC":"Franciszka Bielowicza","NAZWA_GMI":"Świątniki Górne","NAZWA_MSC":"Świątniki Górne","odleglosc_m":19.0,"strefa":"0-20 m","warstwa":"adresy"},"geometry":{"type":"Point","coordinates":[19.973885,49.931717]}},{"type":"Feature","properties":{"NUMER_PORZ":"6","KOD_POCZT":"32-040","NAZWA_ULC":"Piasna Górka","NAZWA_GMI":"Świątniki Górne","NAZWA_MSC":"Rzeszotary","odleglosc_m":59.4,"strefa":"50-200 m","warstwa":"adresy"},"geometry":{"type":"Point","coordinates":[19.975752,49.931294]}},{"type":"Feature","properties":{"NUMER_PORZ":"70","KOD_POCZT":"32-040","NAZWA_ULC":"Franciszka Bielowicza","NAZWA_GMI":"Świątniki Górne","NAZWA_MSC":"Świątniki Górne","odleglosc_m":100.7,"strefa":"50-200 m","warstwa":"adresy"},"geometry":{"type":"Point","coordinates":[19.972774,49.931958]}},{"type":"Feature","properties":{"NUMER_PORZ":"54","KOD_POCZT":"32-040","NAZWA_ULC":"Zarzecze","NAZWA_GMI":"Świątniki Górne","NAZWA_MSC":"Rzeszotary","odleglosc_m":113.2,"strefa":"50-200 m","warstwa":"adresy"},"geometry":{"type":"Point","coordinates":[19.978658,49.939431]}},{"type":"Feature","properties":{"NUMER_PORZ":"109","KOD_POCZT":"32-040","NAZWA_ULC":"Pod Dębiną","NAZWA_GMI":"Świątniki Górne","NAZWA_MSC":"Rzeszotary","odleglosc_m":91.4,"strefa":"50-200 m","warstwa":"adresy"},"geometry":{"type":"Point","coordinates":[19.982449,49.93946]}},{"type":"Feature","properties":{"NUMER_PORZ":"52","KOD_POCZT":"32-040","NAZWA_ULC":"Zarzecze","NAZWA_GMI":"Świątniki Górne","NAZWA_MSC":"Rzeszotary","odleglosc_m":138.9,"strefa":"50-200 m","warstwa":"adresy"},"geometry":{"type":"Point","coordinates":[19.978447,49.939727]}},{"type":"Feature","properties":{"NUMER_PORZ":"45","KOD_POCZT":"32-040","NAZWA_ULC":"Piastowska","NAZWA_GMI":"Świątniki Górne","NAZWA_MSC":"Rzeszotary","odleglosc_m":69.1,"strefa":"50-200 m","warstwa":"adresy"},"geometry":{"type":"Point","coordinates":[19.982442,49.945179]}},{"type":"Feature","properties":{"NUMER_PORZ":"61","KOD_POCZT":"32-040","NAZWA_ULC":"Polanki","NAZWA_GMI":"Świątniki Górne","NAZWA_MSC":"Rzeszotary","odleglosc_m":30.6,"strefa":"30-50 m","warstwa":"adresy"},"geometry":{"type":"Point","coordinates":[19.983071,49.9453]}},{"type":"Feature","properties":{"NUMER_PORZ":"17","KOD_POCZT":"32-040","NAZWA_ULC":"Piasna Górka","NAZWA_GMI":"Świątniki Górne","NAZWA_MSC":"Rzeszotary","odleglosc_m":57.4,"strefa":"50-200 m","warstwa":"adresy"},"geometry":{"type":"Point","coordinates":[19.97956,49.935819]}},{"type":"Feature","properties":{"NUMER_PORZ":"1","KOD_POCZT":"32-040","NAZWA_ULC":"Zalas","NAZWA_GMI":"Świątniki Górne","NAZWA_MSC":"Rzeszotary","odleglosc_m":84.3,"strefa":"50-200 m","warstwa":"adresy"},"geometry":{"type":"Point","coordinates":[19.976882,49.932029]}},{"type":"Feature","properties":{"NUMER_PORZ":"1","KOD_POCZT":"32-040","NAZWA_ULC":"Myślenicka","NAZWA_GMI":"Świątniki Górne","NAZWA_MSC":"Rzeszotary","odleglosc_m":4.8,"strefa":"0-20 m","warstwa":"adresy"},"geometry":{"type":"Point","coordinates":[19.974971,49.931416]}},{"type":"Feature","properties":{"NUMER_PORZ":"8","KOD_POCZT":"32-040","NAZWA_ULC":"Piasna Górka","NAZWA_GMI":"Świątniki Górne","NAZWA_MSC":"Rzeszotary","odleglosc_m":20.2,"strefa":"20-30 m","warstwa":"adresy"},"geometry":{"type":"Point","coordinates":[19.9757,49.931902]}},{"type":"Feature","properties":{"NUMER_PORZ":"1","KOD_POCZT":"32-040","NAZWA_ULC":"Piasna Górka","NAZWA_GMI":"Świątniki Górne","NAZWA_MSC":"Rzeszotary","odleglosc_m":0.0,"strefa":"nad tunelem","warstwa":"adresy"},"geometry":{"type":"Point","coordinates":[19.975031,49.932123]}},{"type":"Feature","properties":{"NUMER_PORZ":"2","KOD_POCZT":"32-040","NAZWA_ULC":"Świerkowa","NAZWA_GMI":"Świątniki Górne","NAZWA_MSC":"Rzeszotary","odleglosc_m":0.0,"strefa":"nad tunelem","warstwa":"adresy"},"geometry":{"type":"Point","coordinates":[19.974649,49.932063]}},{"type":"Feature","properties":{"NUMER_PORZ":"1","KOD_POCZT":"32-040","NAZWA_ULC":"Świerkowa","NAZWA_GMI":"Świątniki Górne","NAZWA_MSC":"Rzeszotary","odleglosc_m":15.1,"strefa":"0-20 m","warstwa":"adresy"},"geometry":{"type":"Point","coordinates":[19.974284,49.93206]}},{"type":"Feature","properties":{"NUMER_PORZ":"16","KOD_POCZT":"32-040","NAZWA_ULC":"Świerkowa","NAZWA_GMI":"Świątniki Górne","NAZWA_MSC":"Rzeszotary","odleglosc_m":170.4,"strefa":"50-200 m","warstwa":"adresy"},"geometry":{"type":"Point","coordinates":[19.974292,49.934802]}},{"type":"Feature","properties":{"NUMER_PORZ":"14","KOD_POCZT":"32-040","NAZWA_ULC":"Świerkowa","NAZWA_GMI":"Świątniki Górne","NAZWA_MSC":"Rzeszotary","odleglosc_m":159.1,"strefa":"50-200 m","warstwa":"adresy"},"geometry":{"type":"Point","coordinates":[19.974191,49.934473]}},{"type":"Feature","properties":{"NUMER_PORZ":"4","KOD_POCZT":"32-040","NAZWA_ULC":"Świerkowa","NAZWA_GMI":"Świątniki Górne","NAZWA_MSC":"Rzeszotary","odleglosc_m":18.8,"strefa":"0-20 m","warstwa":"adresy"},"geometry":{"type":"Point","coordinates":[19.974649,49.932495]}},{"type":"Feature","properties":{"NUMER_PORZ":"3","KOD_POCZT":"32-040","NAZWA_ULC":"Zalas","NAZWA_GMI":"Świątniki Górne","NAZWA_MSC":"Rzeszotary","odleglosc_m":121.9,"strefa":"50-200 m","warstwa":"adresy"},"geometry":{"type":"Point","coordinates":[19.977056,49.931573]}},{"type":"Feature","properties":{"NUMER_PORZ":"105","KOD_POCZT":"32-040","NAZWA_ULC":"Do Dworu","NAZWA_GMI":"Świątniki Górne","NAZWA_MSC":"Olszowice","odleglosc_m":174.5,"strefa":"50-200 m","warstwa":"adresy"},"geometry":{"type":"Point","coordinates":[19.929125,49.907269]}},{"type":"Feature","properties":{"NUMER_PORZ":"17","KOD_POCZT":"32-040","NAZWA_ULC":"Myślenicka","NAZWA_GMI":"Świątniki Górne","NAZWA_MSC":"Rzeszotary","odleglosc_m":119.5,"strefa":"50-200 m","warstwa":"adresy"},"geometry":{"type":"Point","coordinates":[19.975614,49.93014]}},{"type":"Feature","properties":{"NUMER_PORZ":"15","KOD_POCZT":"32-040","NAZWA_ULC":"Myślenicka","NAZWA_GMI":"Świątniki Górne","NAZWA_MSC":"Rzeszotary","odleglosc_m":73.4,"strefa":"50-200 m","warstwa":"adresy"},"geometry":{"type":"Point","coordinates":[19.975244,49.930538]}},{"type":"Feature","properties":{"NUMER_PORZ":"4","KOD_POCZT":"32-040","NAZWA_ULC":"Zalas","NAZWA_GMI":"Świątniki Górne","NAZWA_MSC":"Rzeszotary","odleglosc_m":114.1,"strefa":"50-200 m","warstwa":"adresy"},"geometry":{"type":"Point","coordinates":[19.976644,49.931284]}},{"type":"Feature","properties":{"NUMER_PORZ":"38","KOD_POCZT":"32-040","NAZWA_ULC":"Zarzecze","NAZWA_GMI":"Świątniki Górne","NAZWA_MSC":"Rzeszotary","odleglosc_m":142.7,"strefa":"50-200 m","warstwa":"adresy"},"geometry":{"type":"Point","coordinates":[19.978938,49.940668]}},{"type":"Feature","properties":{"NUMER_PORZ":"63","KOD_POCZT":"32-040","NAZWA_ULC":"Polanki","NAZWA_GMI":"Świątniki Górne","NAZWA_MSC":"Rzeszotary","odleglosc_m":10.8,"strefa":"0-20 m","warstwa":"adresy"},"geometry":{"type":"Point","coordinates":[19.983382,49.945335]}},{"type":"Feature","properties":{"NUMER_PORZ":"8","KOD_POCZT":"32-040","NAZWA_ULC":"Zakątek","NAZWA_GMI":"Świątniki Górne","NAZWA_MSC":"Rzeszotary","odleglosc_m":123.6,"strefa":"50-200 m","warstwa":"adresy"},"geometry":{"type":"Point","coordinates":[19.986092,49.945355]}},{"type":"Feature","properties":{"NUMER_PORZ":"6","KOD_POCZT":"32-040","NAZWA_ULC":"Zakątek","NAZWA_GMI":"Świątniki Górne","NAZWA_MSC":"Rzeszotary","odleglosc_m":79.1,"strefa":"50-200 m","warstwa":"adresy"},"geometry":{"type":"Point","coordinates":[19.985441,49.945366]}},{"type":"Feature","properties":{"NUMER_PORZ":"39","KOD_POCZT":"32-040","NAZWA_ULC":"Piastowska","NAZWA_GMI":"Świątniki Górne","NAZWA_MSC":"Rzeszotary","odleglosc_m":174.5,"strefa":"50-200 m","warstwa":"adresy"},"geometry":{"type":"Point","coordinates":[19.981042,49.945471]}},{"type":"Feature","properties":{"NUMER_PORZ":"18","KOD_POCZT":"32-040","NAZWA_ULC":"Piasna Górka","NAZWA_GMI":"Świątniki Górne","NAZWA_MSC":"Rzeszotary","odleglosc_m":158.8,"strefa":"50-200 m","warstwa":"adresy"},"geometry":{"type":"Point","coordinates":[19.977677,49.931587]}},{"type":"Feature","properties":{"NUMER_PORZ":"138","KOD_POCZT":"32-040","NAZWA_ULC":"Pod Dębiną","NAZWA_GMI":"Świątniki Górne","NAZWA_MSC":"Rzeszotary","odleglosc_m":37.1,"strefa":"30-50 m","warstwa":"adresy"},"geometry":{"type":"Point","coordinates":[19.981196,49.938697]}},{"type":"Feature","properties":{"NUMER_PORZ":"5","KOD_POCZT":"32-040","NAZWA_ULC":"Myślenicka","NAZWA_GMI":"Świątniki Górne","NAZWA_MSC":"Rzeszotary","odleglosc_m":34.7,"strefa":"30-50 m","warstwa":"adresy"},"geometry":{"type":"Point","coordinates":[19.975172,49.931117]}},{"type":"Feature","properties":{"NUMER_PORZ":"50","KOD_POCZT":"32-040","NAZWA_ULC":"Szewska","NAZWA_GMI":"Świątniki Górne","NAZWA_MSC":"Rzeszotary","odleglosc_m":199.1,"strefa":"50-200 m","warstwa":"adresy"},"geometry":{"type":"Point","coordinates":[19.981667,49.947343]}},{"type":"Feature","properties":{"NUMER_PORZ":"29","KOD_POCZT":"32-040","NAZWA_ULC":"Zarzecze","NAZWA_GMI":"Świątniki Górne","NAZWA_MSC":"Rzeszotary","odleglosc_m":143.2,"strefa":"50-200 m","warstwa":"adresy"},"geometry":{"type":"Point","coordinates":[19.979209,49.941146]}},{"type":"Feature","properties":{"NUMER_PORZ":"27","KOD_POCZT":"32-040","NAZWA_ULC":"Zarzecze","NAZWA_GMI":"Świątniki Górne","NAZWA_MSC":"Rzeszotary","odleglosc_m":125.0,"strefa":"50-200 m","warstwa":"adresy"},"geometry":{"type":"Point","coordinates":[19.979595,49.941343]}},{"type":"Feature","properties":{"NUMER_PORZ":"25","KOD_POCZT":"32-040","NAZWA_ULC":"Zarzecze","NAZWA_GMI":"Świątniki Górne","NAZWA_MSC":"Rzeszotary","odleglosc_m":143.0,"strefa":"50-200 m","warstwa":"adresy"},"geometry":{"type":"Point","coordinates":[19.979429,49.941527]}},{"type":"Feature","properties":{"NUMER_PORZ":"34","KOD_POCZT":"32-040","NAZWA_ULC":"Herbowa","NAZWA_GMI":"Świątniki Górne","NAZWA_MSC":"Rzeszotary","odleglosc_m":65.0,"strefa":"50-200 m","warstwa":"adresy"},"geometry":{"type":"Point","coordinates":[19.983407,49.941898]}},{"type":"Feature","properties":{"NUMER_PORZ":"32","KOD_POCZT":"32-040","NAZWA_ULC":"Widokowa","NAZWA_GMI":"Świątniki Górne","NAZWA_MSC":"Świątniki Górne","odleglosc_m":0.0,"strefa":"nad tunelem","warstwa":"adresy"},"geometry":{"type":"Point","coordinates":[19.97418,49.930983]}},{"type":"Feature","properties":{"NUMER_PORZ":"68","KOD_POCZT":"32-040","NAZWA_ULC":"Franciszka Bielowicza","NAZWA_GMI":"Świątniki Górne","NAZWA_MSC":"Świątniki Górne","odleglosc_m":121.8,"strefa":"50-200 m","warstwa":"adresy"},"geometry":{"type":"Point","coordinates":[19.972534,49.932068]}},{"type":"Feature","properties":{"NUMER_PORZ":"19","KOD_POCZT":"32-040","NAZWA_ULC":"Zarzecze","NAZWA_GMI":"Świątniki Górne","NAZWA_MSC":"Rzeszotary","odleglosc_m":158.6,"strefa":"50-200 m","warstwa":"adresy"},"geometry":{"type":"Point","coordinates":[19.979568,49.942227]}},{"type":"Feature","properties":{"NUMER_PORZ":"7","KOD_POCZT":"32-040","NAZWA_ULC":"Piasna Górka","NAZWA_GMI":"Świątniki Górne","NAZWA_MSC":"Rzeszotary","odleglosc_m":58.9,"strefa":"50-200 m","warstwa":"adresy"},"geometry":{"type":"Point","coordinates":[19.97679,49.932364]}},{"type":"Feature","properties":{"NUMER_PORZ":"14","KOD_POCZT":"32-040","NAZWA_ULC":"Piasna Górka","NAZWA_GMI":"Świątniki Górne","NAZWA_MSC":"Rzeszotary","odleglosc_m":148.1,"strefa":"50-200 m","warstwa":"adresy"},"geometry":{"type":"Point","coordinates":[19.97734,49.931423]}},{"type":"Feature","properties":{"NUMER_PORZ":"23","KOD_POCZT":"32-040","NAZWA_ULC":"Herbowa","NAZWA_GMI":"Świątniki Górne","NAZWA_MSC":"Rzeszotary","odleglosc_m":84.4,"strefa":"50-200 m","warstwa":"adresy"},"geometry":{"type":"Point","coordinates":[19.983761,49.942027]}},{"type":"Feature","properties":{"NUMER_PORZ":"2","KOD_POCZT":"32-040","NAZWA_ULC":"Piasna Górka","NAZWA_GMI":"Świątniki Górne","NAZWA_MSC":"Rzeszotary","odleglosc_m":0.0,"strefa":"nad tunelem","warstwa":"adresy"},"geometry":{"type":"Point","coordinates":[19.974792,49.93168]}},{"type":"Feature","properties":{"NUMER_PORZ":"16","KOD_POCZT":"32-040","NAZWA_ULC":"Piasna Górka","NAZWA_GMI":"Świątniki Górne","NAZWA_MSC":"Rzeszotary","odleglosc_m":146.3,"strefa":"50-200 m","warstwa":"adresy"},"geometry":{"type":"Point","coordinates":[19.97754,49.931657]}},{"type":"Feature","properties":{"NUMER_PORZ":"26","KOD_POCZT":"32-040","NAZWA_ULC":"Zarzecze","NAZWA_GMI":"Świątniki Górne","NAZWA_MSC":"Rzeszotary","odleglosc_m":182.8,"strefa":"50-200 m","warstwa":"adresy"},"geometry":{"type":"Point","coordinates":[19.979138,49.942086]}},{"type":"Feature","properties":{"NUMER_PORZ":"64","KOD_POCZT":"32-040","NAZWA_ULC":"Franciszka Bielowicza","NAZWA_GMI":"Świątniki Górne","NAZWA_MSC":"Świątniki Górne","odleglosc_m":169.2,"strefa":"50-200 m","warstwa":"adresy"},"geometry":{"type":"Point","coordinates":[19.97183,49.932147]}},{"type":"Feature","properties":{"NUMER_PORZ":"66","KOD_POCZT":"32-040","NAZWA_ULC":"Franciszka Bielowicza","NAZWA_GMI":"Świątniki Górne","NAZWA_MSC":"Świątniki Górne","odleglosc_m":157.1,"strefa":"50-200 m","warstwa":"adresy"},"geometry":{"type":"Point","coordinates":[19.972076,49.932195]}},{"type":"Feature","properties":{"NUMER_PORZ":"7","KOD_POCZT":"32-040","NAZWA_ULC":"Myślenicka","NAZWA_GMI":"Świątniki Górne","NAZWA_MSC":"Rzeszotary","odleglosc_m":100.7,"strefa":"50-200 m","warstwa":"adresy"},"geometry":{"type":"Point","coordinates":[19.976271,49.931128]}},{"type":"Feature","properties":{"NUMER_PORZ":"70","KOD_POCZT":"32-040","NAZWA_ULC":"Szewska","NAZWA_GMI":"Świątniki Górne","NAZWA_MSC":"Rzeszotary","odleglosc_m":0.0,"strefa":"w śladzie","warstwa":"adresy"},"geometry":{"type":"Point","coordinates":[19.985224,49.947195]}},{"type":"Feature","properties":{"NUMER_PORZ":"130","KOD_POCZT":"32-040","NAZWA_ULC":"Do Dworu","NAZWA_GMI":"Świątniki Górne","NAZWA_MSC":"Olszowice","odleglosc_m":115.0,"strefa":"50-200 m","warstwa":"adresy"},"geometry":{"type":"Point","coordinates":[19.930028,49.91021]}},{"type":"Feature","properties":{"NUMER_PORZ":"57","KOD_POCZT":"32-040","NAZWA_ULC":"Wspólna","NAZWA_GMI":"Świątniki Górne","NAZWA_MSC":"Olszowice","odleglosc_m":145.0,"strefa":"50-200 m","warstwa":"adresy"},"geometry":{"type":"Point","coordinates":[19.922384,49.910926]}},{"type":"Feature","properties":{"NUMER_PORZ":"65","KOD_POCZT":"32-040","NAZWA_ULC":"Wspólna","NAZWA_GMI":"Świątniki Górne","NAZWA_MSC":"Olszowice","odleglosc_m":190.7,"strefa":"50-200 m","warstwa":"adresy"},"geometry":{"type":"Point","coordinates":[19.920678,49.911438]}},{"type":"Feature","properties":{"NUMER_PORZ":"101","KOD_POCZT":"32-040","NAZWA_ULC":"Franciszka Bielowicza","NAZWA_GMI":"Świątniki Górne","NAZWA_MSC":"Rzeszotary","odleglosc_m":74.5,"strefa":"50-200 m","warstwa":"adresy"},"geometry":{"type":"Point","coordinates":[19.973824,49.932591]}},{"type":"Feature","properties":{"NUMER_PORZ":"10","KOD_POCZT":"32-040","NAZWA_ULC":"Świerkowa","NAZWA_GMI":"Świątniki Górne","NAZWA_MSC":"Rzeszotary","odleglosc_m":81.5,"strefa":"50-200 m","warstwa":"adresy"},"geometry":{"type":"Point","coordinates":[19.974526,49.933426]}},{"type":"Feature","properties":{"NUMER_PORZ":"8","KOD_POCZT":"32-040","NAZWA_ULC":"Myślenicka","NAZWA_GMI":"Świątniki Górne","NAZWA_MSC":"Świątniki Górne","odleglosc_m":161.5,"strefa":"50-200 m","warstwa":"adresy"},"geometry":{"type":"Point","coordinates":[19.975337,49.929234]}},{"type":"Feature","properties":{"NUMER_PORZ":"18","KOD_POCZT":"32-040","NAZWA_ULC":"Myślenicka","NAZWA_GMI":"Świątniki Górne","NAZWA_MSC":"Świątniki Górne","odleglosc_m":50.4,"strefa":"50-200 m","warstwa":"adresy"},"geometry":{"type":"Point","coordinates":[19.971639,49.927701]}},{"type":"Feature","properties":{"NUMER_PORZ":"17","KOD_POCZT":"32-040","NAZWA_ULC":"Zarzecze","NAZWA_GMI":"Świątniki Górne","NAZWA_MSC":"Rzeszotary","odleglosc_m":173.1,"strefa":"50-200 m","warstwa":"adresy"},"geometry":{"type":"Point","coordinates":[19.979507,49.942517]}},{"type":"Feature","properties":{"NUMER_PORZ":"62","KOD_POCZT":"32-040","NAZWA_ULC":"Franciszka Bielowicza","NAZWA_GMI":"Świątniki Górne","NAZWA_MSC":"Świątniki Górne","odleglosc_m":182.8,"strefa":"50-200 m","warstwa":"adresy"},"geometry":{"type":"Point","coordinates":[19.971728,49.932272]}},{"type":"Feature","properties":{"NUMER_PORZ":"76","KOD_POCZT":"32-040","NAZWA_ULC":"Szewska","NAZWA_GMI":"Świątniki Górne","NAZWA_MSC":"Rzeszotary","odleglosc_m":27.2,"strefa":"20-30 m","warstwa":"adresy"},"geometry":{"type":"Point","coordinates":[19.98579,49.947479]}},{"type":"Feature","properties":{"NUMER_PORZ":"19","KOD_POCZT":"32-040","NAZWA_ULC":"Piasna Górka","NAZWA_GMI":"Świątniki Górne","NAZWA_MSC":"Rzeszotary","odleglosc_m":92.9,"strefa":"50-200 m","warstwa":"adresy"},"geometry":{"type":"Point","coordinates":[19.979998,49.93567]}},{"type":"Feature","properties":{"NUMER_PORZ":"160","KOD_POCZT":"32-040","NAZWA_ULC":"Pod Dębiną","NAZWA_GMI":"Świątniki Górne","NAZWA_MSC":"Rzeszotary","odleglosc_m":159.3,"strefa":"50-200 m","warstwa":"adresy"},"geometry":{"type":"Point","coordinates":[19.982835,49.938388]}},{"type":"Feature","properties":{"NUMER_PORZ":"3","KOD_POCZT":"32-040","NAZWA_ULC":"Herbowa","NAZWA_GMI":"Świątniki Górne","NAZWA_MSC":"Rzeszotary","odleglosc_m":88.2,"strefa":"50-200 m","warstwa":"adresy"},"geometry":{"type":"Point","coordinates":[19.98171,49.944324]}},{"type":"Feature","properties":{"NUMER_PORZ":"18","KOD_POCZT":"32-040","NAZWA_ULC":"Świerkowa","NAZWA_GMI":"Świątniki Górne","NAZWA_MSC":"Rzeszotary","odleglosc_m":184.8,"strefa":"50-200 m","warstwa":"adresy"},"geometry":{"type":"Point","coordinates":[19.973965,49.934688]}},{"type":"Feature","properties":{"NUMER_PORZ":"16","KOD_POCZT":"32-040","NAZWA_ULC":"Myślenicka","NAZWA_GMI":"Świątniki Górne","NAZWA_MSC":"Świątniki Górne","odleglosc_m":77.7,"strefa":"50-200 m","warstwa":"adresy"},"geometry":{"type":"Point","coordinates":[19.972274,49.927817]}},{"type":"Feature","properties":{"NUMER_PORZ":"14","KOD_POCZT":"32-040","NAZWA_ULC":"Myślenicka","NAZWA_GMI":"Świątniki Górne","NAZWA_MSC":"Świątniki Górne","odleglosc_m":91.0,"strefa":"50-200 m","warstwa":"adresy"},"geometry":{"type":"Point","coordinates":[19.972665,49.927939]}},{"type":"Feature","properties":{"NUMER_PORZ":"6A","KOD_POCZT":"32-040","NAZWA_ULC":"Piasna Górka","NAZWA_GMI":"Świątniki Górne","NAZWA_MSC":"Rzeszotary","odleglosc_m":36.5,"strefa":"30-50 m","warstwa":"adresy"},"geometry":{"type":"Point","coordinates":[19.975589,49.931514]}},{"type":"Feature","properties":{"NUMER_PORZ":"26","KOD_POCZT":"32-040","NAZWA_ULC":"Widokowa","NAZWA_GMI":"Świątniki Górne","NAZWA_MSC":"Świątniki Górne","odleglosc_m":20.0,"strefa":"0-20 m","warstwa":"adresy"},"geometry":{"type":"Point","coordinates":[19.973338,49.931175]}},{"type":"Feature","properties":{"NUMER_PORZ":"5","KOD_POCZT":"32-040","NAZWA_ULC":"Widokowa","NAZWA_GMI":"Świątniki Górne","NAZWA_MSC":"Świątniki Górne","odleglosc_m":0.0,"strefa":"nad tunelem","warstwa":"adresy"},"geometry":{"type":"Point","coordinates":[19.974027,49.931358]}},{"type":"Feature","properties":{"NUMER_PORZ":"10","KOD_POCZT":"32-040","NAZWA_ULC":"Myślenicka","NAZWA_GMI":"Świątniki Górne","NAZWA_MSC":"Świątniki Górne","odleglosc_m":199.8,"strefa":"50-200 m","warstwa":"adresy"},"geometry":{"type":"Point","coordinates":[19.97576,49.929024]}},{"type":"Feature","properties":{"NUMER_PORZ":"6","KOD_POCZT":"32-040","NAZWA_ULC":"Myślenicka","NAZWA_GMI":"Świątniki Górne","NAZWA_MSC":"Świątniki Górne","odleglosc_m":132.5,"strefa":"50-200 m","warstwa":"adresy"},"geometry":{"type":"Point","coordinates":[19.975186,49.929545]}},{"type":"Feature","properties":{"NUMER_PORZ":"4","KOD_POCZT":"32-040","NAZWA_ULC":"Myślenicka","NAZWA_GMI":"Świątniki Górne","NAZWA_MSC":"Świątniki Górne","odleglosc_m":39.5,"strefa":"30-50 m","warstwa":"adresy"},"geometry":{"type":"Point","coordinates":[19.974159,49.930056]}},{"type":"Feature","properties":{"NUMER_PORZ":"18A","KOD_POCZT":"32-040","NAZWA_ULC":"Polanki","NAZWA_GMI":"Świątniki Górne","NAZWA_MSC":"Rzeszotary","odleglosc_m":179.3,"strefa":"50-200 m","warstwa":"adresy"},"geometry":{"type":"Point","coordinates":[19.981083,49.945681]}},{"type":"Feature","properties":{"NUMER_PORZ":"1A","KOD_POCZT":"32-040","NAZWA_ULC":"Zalas","NAZWA_GMI":"Świątniki Górne","NAZWA_MSC":"Rzeszotary","odleglosc_m":105.0,"strefa":"50-200 m","warstwa":"adresy"},"geometry":{"type":"Point","coordinates":[19.977015,49.931816]}},{"type":"Feature","properties":{"NUMER_PORZ":"21","KOD_POCZT":"32-040","NAZWA_ULC":"Piasna Górka","NAZWA_GMI":"Świątniki Górne","NAZWA_MSC":"Rzeszotary","odleglosc_m":143.1,"strefa":"50-200 m","warstwa":"adresy"},"geometry":{"type":"Point","coordinates":[19.980097,49.934701]}},{"type":"Feature","properties":{"NUMER_PORZ":"41","KOD_POCZT":"32-040","NAZWA_ULC":"Zarzecze","NAZWA_GMI":"Świątniki Górne","NAZWA_MSC":"Rzeszotary","odleglosc_m":90.3,"strefa":"50-200 m","warstwa":"adresy"},"geometry":{"type":"Point","coordinates":[19.979015,49.939458]}},{"type":"Feature","properties":{"NUMER_PORZ":"26","KOD_POCZT":"32-040","NAZWA_ULC":"Herbowa","NAZWA_GMI":"Świątniki Górne","NAZWA_MSC":"Rzeszotary","odleglosc_m":0.0,"strefa":"w śladzie","warstwa":"adresy"},"geometry":{"type":"Point","coordinates":[19.982009,49.942139]}},{"type":"Feature","properties":{"NUMER_PORZ":"128","KOD_POCZT":"32-040","NAZWA_ULC":"Do Dworu","NAZWA_GMI":"Świątniki Górne","NAZWA_MSC":"Olszowice","odleglosc_m":141.4,"strefa":"50-200 m","warstwa":"adresy"},"geometry":{"type":"Point","coordinates":[19.929905,49.910456]}},{"type":"Feature","properties":{"NUMER_PORZ":"31","KOD_POCZT":"32-040","NAZWA_ULC":"Zarzecze","NAZWA_GMI":"Świątniki Górne","NAZWA_MSC":"Rzeszotary","odleglosc_m":131.3,"strefa":"50-200 m","warstwa":"adresy"},"geometry":{"type":"Point","coordinates":[19.979241,49.940897]}},{"type":"Feature","properties":{"NUMER_PORZ":"4","KOD_POCZT":"32-040","NAZWA_ULC":"Zakątek","NAZWA_GMI":"Świątniki Górne","NAZWA_MSC":"Rzeszotary","odleglosc_m":56.5,"strefa":"50-200 m","warstwa":"adresy"},"geometry":{"type":"Point","coordinates":[19.985052,49.945258]}},{"type":"Feature","properties":{"NUMER_PORZ":"52","KOD_POCZT":"32-040","NAZWA_ULC":"Herbowa","NAZWA_GMI":"Świątniki Górne","NAZWA_MSC":"Rzeszotary","odleglosc_m":58.3,"strefa":"50-200 m","warstwa":"adresy"},"geometry":{"type":"Point","coordinates":[19.982868,49.941063]}},{"type":"Feature","properties":{"NUMER_PORZ":"79A","KOD_POCZT":"32-040","NAZWA_ULC":"Do Dworu","NAZWA_GMI":"Świątniki Górne","NAZWA_MSC":"Olszowice","odleglosc_m":167.4,"strefa":"50-200 m","warstwa":"adresy"},"geometry":{"type":"Point","coordinates":[19.932842,49.91052]}},{"type":"Feature","properties":{"NUMER_PORZ":"39","KOD_POCZT":"32-040","NAZWA_ULC":"Zarzecze","NAZWA_GMI":"Świątniki Górne","NAZWA_MSC":"Rzeszotary","odleglosc_m":102.2,"strefa":"50-200 m","warstwa":"adresy"},"geometry":{"type":"Point","coordinates":[19.979043,49.939811]}},{"type":"Feature","properties":{"NUMER_PORZ":"4A","KOD_POCZT":"32-040","NAZWA_ULC":"Myślenicka","NAZWA_GMI":"Świątniki Górne","NAZWA_MSC":"Świątniki Górne","odleglosc_m":46.4,"strefa":"30-50 m","warstwa":"adresy"},"geometry":{"type":"Point","coordinates":[19.974732,49.93047]}},{"type":"Feature","properties":{"NUMER_PORZ":"25","KOD_POCZT":"32-040","NAZWA_ULC":"Herbowa","NAZWA_GMI":"Świątniki Górne","NAZWA_MSC":"Rzeszotary","odleglosc_m":109.5,"strefa":"50-200 m","warstwa":"adresy"},"geometry":{"type":"Point","coordinates":[19.984,49.941782]}},{"type":"Feature","properties":{"NUMER_PORZ":"132","KOD_POCZT":"32-040","NAZWA_ULC":"Pod Dębiną","NAZWA_GMI":"Świątniki Górne","NAZWA_MSC":"Rzeszotary","odleglosc_m":0.0,"strefa":"w śladzie","warstwa":"adresy"},"geometry":{"type":"Point","coordinates":[19.98055,49.938712]}},{"type":"Feature","properties":{"NUMER_PORZ":"45","KOD_POCZT":"32-040","NAZWA_ULC":"Polanki","NAZWA_GMI":"Świątniki Górne","NAZWA_MSC":"Rzeszotary","odleglosc_m":0.8,"strefa":"0-20 m","warstwa":"adresy"},"geometry":{"type":"Point","coordinates":[19.983879,49.945999]}},{"type":"Feature","properties":{"NUMER_PORZ":"1","KOD_POCZT":"32-040","NAZWA_ULC":"Zakątek","NAZWA_GMI":"Świątniki Górne","NAZWA_MSC":"Rzeszotary","odleglosc_m":0.0,"strefa":"w śladzie","warstwa":"adresy"},"geometry":{"type":"Point","coordinates":[19.983882,49.945084]}},{"type":"Feature","properties":{"NUMER_PORZ":"134","KOD_POCZT":"32-040","NAZWA_ULC":"Pod Dębiną","NAZWA_GMI":"Świątniki Górne","NAZWA_MSC":"Rzeszotary","odleglosc_m":10.9,"strefa":"0-20 m","warstwa":"adresy"},"geometry":{"type":"Point","coordinates":[19.980823,49.938727]}},{"type":"Feature","properties":{"NUMER_PORZ":"35","KOD_POCZT":"32-040","NAZWA_ULC":"Zarzecze","NAZWA_GMI":"Świątniki Górne","NAZWA_MSC":"Rzeszotary","odleglosc_m":102.9,"strefa":"50-200 m","warstwa":"adresy"},"geometry":{"type":"Point","coordinates":[19.979366,49.940384]}},{"type":"Feature","properties":{"NUMER_PORZ":"40","KOD_POCZT":"32-040","NAZWA_ULC":"Zarzecze","NAZWA_GMI":"Świątniki Górne","NAZWA_MSC":"Rzeszotary","odleglosc_m":159.0,"strefa":"50-200 m","warstwa":"adresy"},"geometry":{"type":"Point","coordinates":[19.97867,49.940624]}},{"type":"Feature","properties":{"NUMER_PORZ":"105","KOD_POCZT":"32-040","NAZWA_ULC":"Pod Dębiną","NAZWA_GMI":"Świątniki Górne","NAZWA_MSC":"Rzeszotary","odleglosc_m":42.8,"strefa":"30-50 m","warstwa":"adresy"},"geometry":{"type":"Point","coordinates":[19.98162,49.939281]}},{"type":"Feature","properties":{"NUMER_PORZ":"6A","KOD_POCZT":"32-040","NAZWA_ULC":"Myślenicka","NAZWA_GMI":"Świątniki Górne","NAZWA_MSC":"Świątniki Górne","odleglosc_m":102.8,"strefa":"50-200 m","warstwa":"adresy"},"geometry":{"type":"Point","coordinates":[19.974931,49.929773]}},{"type":"Feature","properties":{"NUMER_PORZ":"2","KOD_POCZT":"32-040","NAZWA_ULC":"Władysława Reymonta","NAZWA_GMI":"Świątniki Górne","NAZWA_MSC":"Rzeszotary","odleglosc_m":140.5,"strefa":"50-200 m","warstwa":"adresy"},"geometry":{"type":"Point","coordinates":[19.985772,49.944278]}},{"type":"Feature","properties":{"NUMER_PORZ":"4","KOD_POCZT":"32-040","NAZWA_ULC":"Władysława Reymonta","NAZWA_GMI":"Świątniki Górne","NAZWA_MSC":"Rzeszotary","odleglosc_m":137.4,"strefa":"50-200 m","warstwa":"adresy"},"geometry":{"type":"Point","coordinates":[19.985542,49.943928]}},{"type":"Feature","properties":{"NUMER_PORZ":"85","KOD_POCZT":"32-040","NAZWA_ULC":"Do Dworu","NAZWA_GMI":"Świątniki Górne","NAZWA_MSC":"Olszowice","odleglosc_m":124.0,"strefa":"50-200 m","warstwa":"adresy"},"geometry":{"type":"Point","coordinates":[19.931141,49.910226]}},{"type":"Feature","properties":{"NUMER_PORZ":"111","KOD_POCZT":"32-040","NAZWA_ULC":"Pod Dębiną","NAZWA_GMI":"Świątniki Górne","NAZWA_MSC":"Rzeszotary","odleglosc_m":120.7,"strefa":"50-200 m","warstwa":"adresy"},"geometry":{"type":"Point","coordinates":[19.982956,49.939581]}},{"type":"Feature","properties":{"NUMER_PORZ":"13","KOD_POCZT":"32-040","NAZWA_ULC":"Zarzecze","NAZWA_GMI":"Świątniki Górne","NAZWA_MSC":"Rzeszotary","odleglosc_m":180.6,"strefa":"50-200 m","warstwa":"adresy"},"geometry":{"type":"Point","coordinates":[19.979694,49.94308]}},{"type":"Feature","properties":{"NUMER_PORZ":"6","KOD_POCZT":"32-040","NAZWA_ULC":"Zalas","NAZWA_GMI":"Świątniki Górne","NAZWA_MSC":"Rzeszotary","odleglosc_m":149.3,"strefa":"50-200 m","warstwa":"adresy"},"geometry":{"type":"Point","coordinates":[19.97711,49.931167]}},{"type":"Feature","properties":{"NUMER_PORZ":"79","KOD_POCZT":"32-040","NAZWA_ULC":"Pod Dębiną","NAZWA_GMI":"Świątniki Górne","NAZWA_MSC":"Rzeszotary","odleglosc_m":163.6,"strefa":"50-200 m","warstwa":"adresy"},"geometry":{"type":"Point","coordinates":[19.977694,49.939064]}},{"type":"Feature","properties":{"NUMER_PORZ":"57","KOD_POCZT":"32-040","NAZWA_ULC":"Polanki","NAZWA_GMI":"Świątniki Górne","NAZWA_MSC":"Rzeszotary","odleglosc_m":11.5,"strefa":"0-20 m","warstwa":"adresy"},"geometry":{"type":"Point","coordinates":[19.983476,49.945535]}},{"type":"Feature","properties":{"NUMER_PORZ":"142A","KOD_POCZT":"32-040","NAZWA_ULC":"Pod Dębiną","NAZWA_GMI":"Świątniki Górne","NAZWA_MSC":"Rzeszotary","odleglosc_m":59.7,"strefa":"50-200 m","warstwa":"adresy"},"geometry":{"type":"Point","coordinates":[19.981663,49.938923]}},{"type":"Feature","properties":{"NUMER_PORZ":"105d","KOD_POCZT":"32-400","NAZWA_ULC":"Andrzeja Średniawskiego","NAZWA_GMI":"Myślenice","NAZWA_MSC":"Myślenice","odleglosc_m":117.4,"strefa":"50-200 m","warstwa":"adresy"},"geometry":{"type":"Point","coordinates":[19.916541,49.834841]}},{"type":"Feature","properties":{"NUMER_PORZ":"35A","KOD_POCZT":"32-400","NAZWA_ULC":"Henryka Sienkiewicza","NAZWA_GMI":"Myślenice","NAZWA_MSC":"Myślenice","odleglosc_m":176.9,"strefa":"50-200 m","warstwa":"adresy"},"geometry":{"type":"Point","coordinates":[19.941354,49.852213]}},{"type":"Feature","properties":{"NUMER_PORZ":"126","KOD_POCZT":"32-400","NAZWA_ULC":"Andrzeja Średniawskiego","NAZWA_GMI":"Myślenice","NAZWA_MSC":"Myślenice","odleglosc_m":144.9,"strefa":"50-200 m","warstwa":"adresy"},"geometry":{"type":"Point","coordinates":[19.91061,49.832035]}},{"type":"Feature","properties":{"NUMER_PORZ":"125","KOD_POCZT":"32-400","NAZWA_ULC":"Andrzeja Średniawskiego","NAZWA_GMI":"Myślenice","NAZWA_MSC":"Myślenice","odleglosc_m":98.5,"strefa":"50-200 m","warstwa":"adresy"},"geometry":{"type":"Point","coordinates":[19.911297,49.832114]}},{"type":"Feature","properties":{"NUMER_PORZ":"119a","KOD_POCZT":"32-400","NAZWA_ULC":"Andrzeja Średniawskiego","NAZWA_GMI":"Myślenice","NAZWA_MSC":"Myślenice","odleglosc_m":0.0,"strefa":"w śladzie","warstwa":"adresy"},"geometry":{"type":"Point","coordinates":[19.913191,49.832879]}},{"type":"Feature","properties":{"NUMER_PORZ":"115b","KOD_POCZT":"32-400","NAZWA_ULC":"3-ego Maja","NAZWA_GMI":"Myślenice","NAZWA_MSC":"Myślenice","odleglosc_m":113.3,"strefa":"50-200 m","warstwa":"adresy"},"geometry":{"type":"Point","coordinates":[19.910432,49.830135]}},{"type":"Feature","properties":{"NUMER_PORZ":"125a","KOD_POCZT":"32-400","NAZWA_ULC":"Andrzeja Średniawskiego","NAZWA_GMI":"Myślenice","NAZWA_MSC":"Myślenice","odleglosc_m":125.0,"strefa":"50-200 m","warstwa":"adresy"},"geometry":{"type":"Point","coordinates":[19.910883,49.831999]}},{"type":"Feature","properties":{"NUMER_PORZ":"118b","KOD_POCZT":"32-400","NAZWA_ULC":"3-ego Maja","NAZWA_GMI":"Myślenice","NAZWA_MSC":"Myślenice","odleglosc_m":177.7,"strefa":"50-200 m","warstwa":"adresy"},"geometry":{"type":"Point","coordinates":[19.909717,49.830707]}},{"type":"Feature","properties":{"NUMER_PORZ":"118a","KOD_POCZT":"32-400","NAZWA_ULC":"3-ego Maja","NAZWA_GMI":"Myślenice","NAZWA_MSC":"Myślenice","odleglosc_m":194.0,"strefa":"50-200 m","warstwa":"adresy"},"geometry":{"type":"Point","coordinates":[19.909451,49.83066]}},{"type":"Feature","properties":{"NUMER_PORZ":"104a","KOD_POCZT":"32-400","NAZWA_ULC":"3-ego Maja","NAZWA_GMI":"Myślenice","NAZWA_MSC":"Myślenice","odleglosc_m":187.5,"strefa":"50-200 m","warstwa":"adresy"},"geometry":{"type":"Point","coordinates":[19.915489,49.830649]}},{"type":"Feature","properties":{"NUMER_PORZ":"23C","KOD_POCZT":"32-400","NAZWA_ULC":"Jana Sobieskiego","NAZWA_GMI":"Myślenice","NAZWA_MSC":"Myślenice","odleglosc_m":74.9,"strefa":"50-200 m","warstwa":"adresy"},"geometry":{"type":"Point","coordinates":[19.92799,49.843015]}},{"type":"Feature","properties":{"NUMER_PORZ":"113","KOD_POCZT":"32-400","NAZWA_ULC":"Andrzeja Średniawskiego","NAZWA_GMI":"Myślenice","NAZWA_MSC":"Myślenice","odleglosc_m":77.8,"strefa":"50-200 m","warstwa":"adresy"},"geometry":{"type":"Point","coordinates":[19.914592,49.832515]}},{"type":"Feature","properties":{"NUMER_PORZ":"106E","KOD_POCZT":"32-400","NAZWA_ULC":"Andrzeja Średniawskiego","NAZWA_GMI":"Myślenice","NAZWA_MSC":"Myślenice","odleglosc_m":117.8,"strefa":"50-200 m","warstwa":"adresy"},"geometry":{"type":"Point","coordinates":[19.916253,49.834415]}},{"type":"Feature","properties":{"NUMER_PORZ":"110","KOD_POCZT":"32-400","NAZWA_ULC":"Andrzeja Średniawskiego","NAZWA_GMI":"Myślenice","NAZWA_MSC":"Myślenice","odleglosc_m":98.5,"strefa":"50-200 m","warstwa":"adresy"},"geometry":{"type":"Point","coordinates":[19.915222,49.833196]}},{"type":"Feature","properties":{"NUMER_PORZ":"23","KOD_POCZT":"32-400","NAZWA_ULC":"Jana Sobieskiego","NAZWA_GMI":"Myślenice","NAZWA_MSC":"Myślenice","odleglosc_m":63.5,"strefa":"50-200 m","warstwa":"adresy"},"geometry":{"type":"Point","coordinates":[19.928034,49.843158]}},{"type":"Feature","properties":{"NUMER_PORZ":"102","KOD_POCZT":"32-400","NAZWA_ULC":"3-ego Maja","NAZWA_GMI":"Myślenice","NAZWA_MSC":"Myślenice","odleglosc_m":158.9,"strefa":"50-200 m","warstwa":"adresy"},"geometry":{"type":"Point","coordinates":[19.91554,49.832007]}},{"type":"Feature","properties":{"NUMER_PORZ":"35D","KOD_POCZT":"32-400","NAZWA_ULC":"Henryka Sienkiewicza","NAZWA_GMI":"Myślenice","NAZWA_MSC":"Myślenice","odleglosc_m":61.4,"strefa":"50-200 m","warstwa":"adresy"},"geometry":{"type":"Point","coordinates":[19.94124,49.850789]}},{"type":"Feature","properties":{"NUMER_PORZ":"111","KOD_POCZT":"32-400","NAZWA_ULC":"3-ego Maja","NAZWA_GMI":"Myślenice","NAZWA_MSC":"Myślenice","odleglosc_m":42.9,"strefa":"30-50 m","warstwa":"adresy"},"geometry":{"type":"Point","coordinates":[19.911772,49.831132]}},{"type":"Feature","properties":{"NUMER_PORZ":"106C","KOD_POCZT":"32-400","NAZWA_ULC":"Andrzeja Średniawskiego","NAZWA_GMI":"Myślenice","NAZWA_MSC":"Myślenice","odleglosc_m":66.4,"strefa":"50-200 m","warstwa":"adresy"},"geometry":{"type":"Point","coordinates":[19.916805,49.836131]}},{"type":"Feature","properties":{"NUMER_PORZ":"58","KOD_POCZT":"32-400","NAZWA_ULC":"3-ego Maja","NAZWA_GMI":"Myślenice","NAZWA_MSC":"Myślenice","odleglosc_m":198.3,"strefa":"50-200 m","warstwa":"adresy"},"geometry":{"type":"Point","coordinates":[19.916224,49.832265]}},{"type":"Feature","properties":{"NUMER_PORZ":"105e","KOD_POCZT":"32-400","NAZWA_ULC":"Andrzeja Średniawskiego","NAZWA_GMI":"Myślenice","NAZWA_MSC":"Myślenice","odleglosc_m":137.5,"strefa":"50-200 m","warstwa":"adresy"},"geometry":{"type":"Point","coordinates":[19.916395,49.834182]}},{"type":"Feature","properties":{"NUMER_PORZ":"34a","KOD_POCZT":"32-400","NAZWA_ULC":"Henryka Sienkiewicza","NAZWA_GMI":"Myślenice","NAZWA_MSC":"Myślenice","odleglosc_m":191.6,"strefa":"50-200 m","warstwa":"adresy"},"geometry":{"type":"Point","coordinates":[19.94263,49.853146]}},{"type":"Feature","properties":{"NUMER_PORZ":"104f","KOD_POCZT":"32-400","NAZWA_ULC":"Andrzeja Średniawskiego","NAZWA_GMI":"Myślenice","NAZWA_MSC":"Myślenice","odleglosc_m":132.8,"strefa":"50-200 m","warstwa":"adresy"},"geometry":{"type":"Point","coordinates":[19.916979,49.835086]}},{"type":"Feature","properties":{"NUMER_PORZ":"110b","KOD_POCZT":"32-400","NAZWA_ULC":"Andrzeja Średniawskiego","NAZWA_GMI":"Myślenice","NAZWA_MSC":"Myślenice","odleglosc_m":125.4,"strefa":"50-200 m","warstwa":"adresy"},"geometry":{"type":"Point","coordinates":[19.915349,49.832668]}},{"type":"Feature","properties":{"NUMER_PORZ":"107","KOD_POCZT":"32-400","NAZWA_ULC":"3-ego Maja","NAZWA_GMI":"Myślenice","NAZWA_MSC":"Myślenice","odleglosc_m":36.6,"strefa":"30-50 m","warstwa":"adresy"},"geometry":{"type":"Point","coordinates":[19.913615,49.831515]}},{"type":"Feature","properties":{"NUMER_PORZ":"110a","KOD_POCZT":"32-400","NAZWA_ULC":"Andrzeja Średniawskiego","NAZWA_GMI":"Myślenice","NAZWA_MSC":"Myślenice","odleglosc_m":107.3,"strefa":"50-200 m","warstwa":"adresy"},"geometry":{"type":"Point","coordinates":[19.915357,49.833206]}},{"type":"Feature","properties":{"NUMER_PORZ":"109","KOD_POCZT":"32-400","NAZWA_ULC":"3-ego Maja","NAZWA_GMI":"Myślenice","NAZWA_MSC":"Myślenice","odleglosc_m":45.8,"strefa":"30-50 m","warstwa":"adresy"},"geometry":{"type":"Point","coordinates":[19.913577,49.830999]}},{"type":"Feature","properties":{"NUMER_PORZ":"105a","KOD_POCZT":"32-400","NAZWA_ULC":"Andrzeja Średniawskiego","NAZWA_GMI":"Myślenice","NAZWA_MSC":"Myślenice","odleglosc_m":163.4,"strefa":"50-200 m","warstwa":"adresy"},"geometry":{"type":"Point","coordinates":[19.916355,49.833508]}},{"type":"Feature","properties":{"NUMER_PORZ":"114a","KOD_POCZT":"32-400","NAZWA_ULC":"3-ego Maja","NAZWA_GMI":"Myślenice","NAZWA_MSC":"Myślenice","odleglosc_m":145.6,"strefa":"50-200 m","warstwa":"adresy"},"geometry":{"type":"Point","coordinates":[19.910326,49.831124]}},{"type":"Feature","properties":{"NUMER_PORZ":"111b","KOD_POCZT":"32-400","NAZWA_ULC":"3-ego Maja","NAZWA_GMI":"Myślenice","NAZWA_MSC":"Myślenice","odleglosc_m":61.4,"strefa":"50-200 m","warstwa":"adresy"},"geometry":{"type":"Point","coordinates":[19.911511,49.831127]}},{"type":"Feature","properties":{"NUMER_PORZ":"119","KOD_POCZT":"32-400","NAZWA_ULC":"3-ego Maja","NAZWA_GMI":"Myślenice","NAZWA_MSC":"Myślenice","odleglosc_m":188.3,"strefa":"50-200 m","warstwa":"adresy"},"geometry":{"type":"Point","coordinates":[19.909358,49.829911]}},{"type":"Feature","properties":{"NUMER_PORZ":"113A","KOD_POCZT":"32-400","NAZWA_ULC":"Andrzeja Średniawskiego","NAZWA_GMI":"Myślenice","NAZWA_MSC":"Myślenice","odleglosc_m":53.9,"strefa":"50-200 m","warstwa":"adresy"},"geometry":{"type":"Point","coordinates":[19.914544,49.833163]}},{"type":"Feature","properties":{"NUMER_PORZ":"36A","KOD_POCZT":"32-400","NAZWA_ULC":"Henryka Sienkiewicza","NAZWA_GMI":"Myślenice","NAZWA_MSC":"Myślenice","odleglosc_m":55.7,"strefa":"50-200 m","warstwa":"adresy"},"geometry":{"type":"Point","coordinates":[19.943273,49.851858]}},{"type":"Feature","properties":{"NUMER_PORZ":"36B","KOD_POCZT":"32-400","NAZWA_ULC":"Henryka Sienkiewicza","NAZWA_GMI":"Myślenice","NAZWA_MSC":"Myślenice","odleglosc_m":55.2,"strefa":"50-200 m","warstwa":"adresy"},"geometry":{"type":"Point","coordinates":[19.943007,49.851697]}},{"type":"Feature","properties":{"NUMER_PORZ":"36C","KOD_POCZT":"32-400","NAZWA_ULC":"Henryka Sienkiewicza","NAZWA_GMI":"Myślenice","NAZWA_MSC":"Myślenice","odleglosc_m":0.4,"strefa":"0-20 m","warstwa":"adresy"},"geometry":{"type":"Point","coordinates":[19.943285,49.850685]}},{"type":"Feature","properties":{"NUMER_PORZ":"35E","KOD_POCZT":"32-400","NAZWA_ULC":"Henryka Sienkiewicza","NAZWA_GMI":"Myślenice","NAZWA_MSC":"Myślenice","odleglosc_m":73.1,"strefa":"50-200 m","warstwa":"adresy"},"geometry":{"type":"Point","coordinates":[19.941703,49.851176]}},{"type":"Feature","properties":{"NUMER_PORZ":"119c","KOD_POCZT":"32-400","NAZWA_ULC":"3-ego Maja","NAZWA_GMI":"Myślenice","NAZWA_MSC":"Myślenice","odleglosc_m":184.1,"strefa":"50-200 m","warstwa":"adresy"},"geometry":{"type":"Point","coordinates":[19.909453,49.830196]}},{"type":"Feature","properties":{"NUMER_PORZ":"116a","KOD_POCZT":"32-400","NAZWA_ULC":"3-ego Maja","NAZWA_GMI":"Myślenice","NAZWA_MSC":"Myślenice","odleglosc_m":177.6,"strefa":"50-200 m","warstwa":"adresy"},"geometry":{"type":"Point","coordinates":[19.909866,49.83108]}},{"type":"Feature","properties":{"NUMER_PORZ":"23a","KOD_POCZT":"32-400","NAZWA_ULC":"Jana Sobieskiego","NAZWA_GMI":"Myślenice","NAZWA_MSC":"Myślenice","odleglosc_m":110.9,"strefa":"50-200 m","warstwa":"adresy"},"geometry":{"type":"Point","coordinates":[19.928043,49.84265]}},{"type":"Feature","properties":{"NUMER_PORZ":"111A","KOD_POCZT":"32-400","NAZWA_ULC":"Andrzeja Średniawskiego","NAZWA_GMI":"Myślenice","NAZWA_MSC":"Myślenice","odleglosc_m":82.6,"strefa":"50-200 m","warstwa":"adresy"},"geometry":{"type":"Point","coordinates":[19.91501,49.833237]}},{"type":"Feature","properties":{"NUMER_PORZ":"106D","KOD_POCZT":"32-400","NAZWA_ULC":"Andrzeja Średniawskiego","NAZWA_GMI":"Myślenice","NAZWA_MSC":"Myślenice","odleglosc_m":135.3,"strefa":"50-200 m","warstwa":"adresy"},"geometry":{"type":"Point","coordinates":[19.916158,49.833882]}},{"type":"Feature","properties":{"NUMER_PORZ":"114e","KOD_POCZT":"32-400","NAZWA_ULC":"Andrzeja Średniawskiego","NAZWA_GMI":"Myślenice","NAZWA_MSC":"Myślenice","odleglosc_m":29.4,"strefa":"20-30 m","warstwa":"adresy"},"geometry":{"type":"Point","coordinates":[19.914298,49.83337]}},{"type":"Feature","properties":{"NUMER_PORZ":"105","KOD_POCZT":"32-400","NAZWA_ULC":"Andrzeja Średniawskiego","NAZWA_GMI":"Myślenice","NAZWA_MSC":"Myślenice","odleglosc_m":189.2,"strefa":"50-200 m","warstwa":"adresy"},"geometry":{"type":"Point","coordinates":[19.916385,49.832878]}},{"type":"Feature","properties":{"NUMER_PORZ":"109b","KOD_POCZT":"32-400","NAZWA_ULC":"3-ego Maja","NAZWA_GMI":"Myślenice","NAZWA_MSC":"Myślenice","odleglosc_m":31.6,"strefa":"30-50 m","warstwa":"adresy"},"geometry":{"type":"Point","coordinates":[19.913493,49.831362]}},{"type":"Feature","properties":{"NUMER_PORZ":"113","KOD_POCZT":"32-400","NAZWA_ULC":"3-ego Maja","NAZWA_GMI":"Myślenice","NAZWA_MSC":"Myślenice","odleglosc_m":99.1,"strefa":"50-200 m","warstwa":"adresy"},"geometry":{"type":"Point","coordinates":[19.910939,49.830943]}},{"type":"Feature","properties":{"NUMER_PORZ":"102c","KOD_POCZT":"32-400","NAZWA_ULC":"3-ego Maja","NAZWA_GMI":"Myślenice","NAZWA_MSC":"Myślenice","odleglosc_m":176.5,"strefa":"50-200 m","warstwa":"adresy"},"geometry":{"type":"Point","coordinates":[19.915781,49.831976]}},{"type":"Feature","properties":{"NUMER_PORZ":"58","KOD_POCZT":"32-400","NAZWA_ULC":"Ignacego Daszyńskiego","NAZWA_GMI":"Myślenice","NAZWA_MSC":"Myślenice","odleglosc_m":0.2,"strefa":"0-20 m","warstwa":"adresy"},"geometry":{"type":"Point","coordinates":[19.921775,49.810321]}},{"type":"Feature","properties":{"NUMER_PORZ":"111E","KOD_POCZT":"32-400","NAZWA_ULC":"3-ego Maja","NAZWA_GMI":"Myślenice","NAZWA_MSC":"Myślenice","odleglosc_m":0.0,"strefa":"nad tunelem","warstwa":"adresy"},"geometry":{"type":"Point","coordinates":[19.912088,49.830175]}},{"type":"Feature","properties":{"NUMER_PORZ":"119","KOD_POCZT":"32-400","NAZWA_ULC":"Andrzeja Średniawskiego","NAZWA_GMI":"Myślenice","NAZWA_MSC":"Myślenice","odleglosc_m":0.0,"strefa":"w śladzie","warstwa":"adresy"},"geometry":{"type":"Point","coordinates":[19.913135,49.832187]}},{"type":"Feature","properties":{"NUMER_PORZ":"104","KOD_POCZT":"32-400","NAZWA_ULC":"3-ego Maja","NAZWA_GMI":"Myślenice","NAZWA_MSC":"Myślenice","odleglosc_m":160.8,"strefa":"50-200 m","warstwa":"adresy"},"geometry":{"type":"Point","coordinates":[19.915289,49.831237]}},{"type":"Feature","properties":{"NUMER_PORZ":"114f","KOD_POCZT":"32-400","NAZWA_ULC":"Andrzeja Średniawskiego","NAZWA_GMI":"Myślenice","NAZWA_MSC":"Myślenice","odleglosc_m":2.0,"strefa":"0-20 m","warstwa":"adresy"},"geometry":{"type":"Point","coordinates":[19.914079,49.833703]}},{"type":"Feature","properties":{"NUMER_PORZ":"111","KOD_POCZT":"32-400","NAZWA_ULC":"Andrzeja Średniawskiego","NAZWA_GMI":"Myślenice","NAZWA_MSC":"Myślenice","odleglosc_m":114.7,"strefa":"50-200 m","warstwa":"adresy"},"geometry":{"type":"Point","coordinates":[19.91515,49.83257]}},{"type":"Feature","properties":{"NUMER_PORZ":"115a","KOD_POCZT":"32-400","NAZWA_ULC":"3-ego Maja","NAZWA_GMI":"Myślenice","NAZWA_MSC":"Myślenice","odleglosc_m":109.2,"strefa":"50-200 m","warstwa":"adresy"},"geometry":{"type":"Point","coordinates":[19.910571,49.83042]}},{"type":"Feature","properties":{"NUMER_PORZ":"124a","KOD_POCZT":"32-400","NAZWA_ULC":"Andrzeja Średniawskiego","NAZWA_GMI":"Myślenice","NAZWA_MSC":"Myślenice","odleglosc_m":77.2,"strefa":"50-200 m","warstwa":"adresy"},"geometry":{"type":"Point","coordinates":[19.911622,49.832179]}},{"type":"Feature","properties":{"NUMER_PORZ":"34","KOD_POCZT":"32-400","NAZWA_ULC":"Henryka Sienkiewicza","NAZWA_GMI":"Myślenice","NAZWA_MSC":"Myślenice","odleglosc_m":167.6,"strefa":"50-200 m","warstwa":"adresy"},"geometry":{"type":"Point","coordinates":[19.942581,49.852818]}},{"type":"Feature","properties":{"NUMER_PORZ":"114d","KOD_POCZT":"32-400","NAZWA_ULC":"Andrzeja Średniawskiego","NAZWA_GMI":"Myślenice","NAZWA_MSC":"Myślenice","odleglosc_m":7.9,"strefa":"0-20 m","warstwa":"adresy"},"geometry":{"type":"Point","coordinates":[19.914315,49.83397]}},{"type":"Feature","properties":{"NUMER_PORZ":"118d","KOD_POCZT":"32-400","NAZWA_ULC":"3-ego Maja","NAZWA_GMI":"Myślenice","NAZWA_MSC":"Myślenice","odleglosc_m":139.3,"strefa":"50-200 m","warstwa":"adresy"},"geometry":{"type":"Point","coordinates":[19.910059,49.830053]}},{"type":"Feature","properties":{"NUMER_PORZ":"33E","KOD_POCZT":"32-400","NAZWA_ULC":"Henryka Sienkiewicza","NAZWA_GMI":"Myślenice","NAZWA_MSC":"Myślenice","odleglosc_m":180.9,"strefa":"50-200 m","warstwa":"adresy"},"geometry":{"type":"Point","coordinates":[19.940853,49.851982]}},{"type":"Feature","properties":{"NUMER_PORZ":"33F","KOD_POCZT":"32-400","NAZWA_ULC":"Henryka Sienkiewicza","NAZWA_GMI":"Myślenice","NAZWA_MSC":"Myślenice","odleglosc_m":148.0,"strefa":"50-200 m","warstwa":"adresy"},"geometry":{"type":"Point","coordinates":[19.940867,49.851603]}},{"type":"Feature","properties":{"NUMER_PORZ":"33G","KOD_POCZT":"32-400","NAZWA_ULC":"Henryka Sienkiewicza","NAZWA_GMI":"Myślenice","NAZWA_MSC":"Myślenice","odleglosc_m":108.0,"strefa":"50-200 m","warstwa":"adresy"},"geometry":{"type":"Point","coordinates":[19.940853,49.851126]}},{"type":"Feature","properties":{"NUMER_PORZ":"33H","KOD_POCZT":"32-400","NAZWA_ULC":"Henryka Sienkiewicza","NAZWA_GMI":"Myślenice","NAZWA_MSC":"Myślenice","odleglosc_m":67.3,"strefa":"50-200 m","warstwa":"adresy"},"geometry":{"type":"Point","coordinates":[19.940861,49.850661]}},{"type":"Feature","properties":{"NUMER_PORZ":"106","KOD_POCZT":"32-400","NAZWA_ULC":"3-ego Maja","NAZWA_GMI":"Myślenice","NAZWA_MSC":"Myślenice","odleglosc_m":108.9,"strefa":"50-200 m","warstwa":"adresy"},"geometry":{"type":"Point","coordinates":[19.914672,49.8316]}},{"type":"Feature","properties":{"NUMER_PORZ":"117","KOD_POCZT":"32-400","NAZWA_ULC":"3-ego Maja","NAZWA_GMI":"Myślenice","NAZWA_MSC":"Myślenice","odleglosc_m":166.9,"strefa":"50-200 m","warstwa":"adresy"},"geometry":{"type":"Point","coordinates":[19.90991,49.830756]}},{"type":"Feature","properties":{"NUMER_PORZ":"110c","KOD_POCZT":"32-400","NAZWA_ULC":"Andrzeja Średniawskiego","NAZWA_GMI":"Myślenice","NAZWA_MSC":"Myślenice","odleglosc_m":145.4,"strefa":"50-200 m","warstwa":"adresy"},"geometry":{"type":"Point","coordinates":[19.915681,49.832765]}},{"type":"Feature","properties":{"NUMER_PORZ":"114c","KOD_POCZT":"32-400","NAZWA_ULC":"Andrzeja Średniawskiego","NAZWA_GMI":"Myślenice","NAZWA_MSC":"Myślenice","odleglosc_m":30.2,"strefa":"30-50 m","warstwa":"adresy"},"geometry":{"type":"Point","coordinates":[19.914069,49.832888]}},{"type":"Feature","properties":{"NUMER_PORZ":"114","KOD_POCZT":"32-400","NAZWA_ULC":"Andrzeja Średniawskiego","NAZWA_GMI":"Myślenice","NAZWA_MSC":"Myślenice","odleglosc_m":64.6,"strefa":"50-200 m","warstwa":"adresy"},"geometry":{"type":"Point","coordinates":[19.914372,49.83245]}},{"type":"Feature","properties":{"NUMER_PORZ":"116","KOD_POCZT":"32-400","NAZWA_ULC":"3-ego Maja","NAZWA_GMI":"Myślenice","NAZWA_MSC":"Myślenice","odleglosc_m":152.0,"strefa":"50-200 m","warstwa":"adresy"},"geometry":{"type":"Point","coordinates":[19.910221,49.831056]}},{"type":"Feature","properties":{"NUMER_PORZ":"35B","KOD_POCZT":"32-400","NAZWA_ULC":"Henryka Sienkiewicza","NAZWA_GMI":"Myślenice","NAZWA_MSC":"Myślenice","odleglosc_m":131.3,"strefa":"50-200 m","warstwa":"adresy"},"geometry":{"type":"Point","coordinates":[19.941252,49.851615]}},{"type":"Feature","properties":{"NUMER_PORZ":"103a","KOD_POCZT":"32-400","NAZWA_ULC":"Andrzeja Średniawskiego","NAZWA_GMI":"Myślenice","NAZWA_MSC":"Myślenice","odleglosc_m":180.5,"strefa":"50-200 m","warstwa":"adresy"},"geometry":{"type":"Point","coordinates":[19.91703,49.834157]}},{"type":"Feature","properties":{"NUMER_PORZ":"106a","KOD_POCZT":"32-400","NAZWA_ULC":"3-ego Maja","NAZWA_GMI":"Myślenice","NAZWA_MSC":"Myślenice","odleglosc_m":120.8,"strefa":"50-200 m","warstwa":"adresy"},"geometry":{"type":"Point","coordinates":[19.914778,49.831408]}},{"type":"Feature","properties":{"NUMER_PORZ":"109g","KOD_POCZT":"32-400","NAZWA_ULC":"3-ego Maja","NAZWA_GMI":"Myślenice","NAZWA_MSC":"Myślenice","odleglosc_m":61.0,"strefa":"50-200 m","warstwa":"adresy"},"geometry":{"type":"Point","coordinates":[19.913685,49.830538]}},{"type":"Feature","properties":{"NUMER_PORZ":"124","KOD_POCZT":"32-400","NAZWA_ULC":"Andrzeja Średniawskiego","NAZWA_GMI":"Myślenice","NAZWA_MSC":"Myślenice","odleglosc_m":71.4,"strefa":"50-200 m","warstwa":"adresy"},"geometry":{"type":"Point","coordinates":[19.911599,49.831866]}},{"type":"Feature","properties":{"NUMER_PORZ":"125E","KOD_POCZT":"32-400","NAZWA_ULC":"Andrzeja Średniawskiego","NAZWA_GMI":"Myślenice","NAZWA_MSC":"Myślenice","odleglosc_m":158.6,"strefa":"50-200 m","warstwa":"adresy"},"geometry":{"type":"Point","coordinates":[19.911157,49.833835]}},{"type":"Feature","properties":{"NUMER_PORZ":"121","KOD_POCZT":"32-400","NAZWA_ULC":"Andrzeja Średniawskiego","NAZWA_GMI":"Myślenice","NAZWA_MSC":"Myślenice","odleglosc_m":4.1,"strefa":"0-20 m","warstwa":"adresy"},"geometry":{"type":"Point","coordinates":[19.912661,49.832174]}},{"type":"Feature","properties":{"NUMER_PORZ":"118","KOD_POCZT":"32-400","NAZWA_ULC":"3-ego Maja","NAZWA_GMI":"Myślenice","NAZWA_MSC":"Myślenice","odleglosc_m":144.9,"strefa":"50-200 m","warstwa":"adresy"},"geometry":{"type":"Point","coordinates":[19.909948,49.829789]}},{"type":"Feature","properties":{"NUMER_PORZ":"109e","KOD_POCZT":"32-400","NAZWA_ULC":"3-ego Maja","NAZWA_GMI":"Myślenice","NAZWA_MSC":"Myślenice","odleglosc_m":69.7,"strefa":"50-200 m","warstwa":"adresy"},"geometry":{"type":"Point","coordinates":[19.91376,49.83033]}},{"type":"Feature","properties":{"NUMER_PORZ":"110","KOD_POCZT":"32-400","NAZWA_ULC":"3-ego Maja","NAZWA_GMI":"Myślenice","NAZWA_MSC":"Myślenice","odleglosc_m":0.0,"strefa":"w śladzie","warstwa":"adresy"},"geometry":{"type":"Point","coordinates":[19.912795,49.831267]}},{"type":"Feature","properties":{"NUMER_PORZ":"125D","KOD_POCZT":"32-400","NAZWA_ULC":"Andrzeja Średniawskiego","NAZWA_GMI":"Myślenice","NAZWA_MSC":"Myślenice","odleglosc_m":95.6,"strefa":"50-200 m","warstwa":"adresy"},"geometry":{"type":"Point","coordinates":[19.911262,49.831885]}},{"type":"Feature","properties":{"NUMER_PORZ":"106b","KOD_POCZT":"32-400","NAZWA_ULC":"3-ego Maja","NAZWA_GMI":"Myślenice","NAZWA_MSC":"Myślenice","odleglosc_m":90.2,"strefa":"50-200 m","warstwa":"adresy"},"geometry":{"type":"Point","coordinates":[19.914355,49.831445]}},{"type":"Feature","properties":{"NUMER_PORZ":"109d","KOD_POCZT":"32-400","NAZWA_ULC":"3-ego Maja","NAZWA_GMI":"Myślenice","NAZWA_MSC":"Myślenice","odleglosc_m":42.6,"strefa":"30-50 m","warstwa":"adresy"},"geometry":{"type":"Point","coordinates":[19.913436,49.830579]}},{"type":"Feature","properties":{"NUMER_PORZ":"105b","KOD_POCZT":"32-400","NAZWA_ULC":"Andrzeja Średniawskiego","NAZWA_GMI":"Myślenice","NAZWA_MSC":"Myślenice","odleglosc_m":150.8,"strefa":"50-200 m","warstwa":"adresy"},"geometry":{"type":"Point","coordinates":[19.916375,49.833854]}},{"type":"Feature","properties":{"NUMER_PORZ":"120a","KOD_POCZT":"32-400","NAZWA_ULC":"Andrzeja Średniawskiego","NAZWA_GMI":"Myślenice","NAZWA_MSC":"Myślenice","odleglosc_m":0.0,"strefa":"w śladzie","warstwa":"adresy"},"geometry":{"type":"Point","coordinates":[19.913064,49.831769]}},{"type":"Feature","properties":{"NUMER_PORZ":"109f","KOD_POCZT":"32-400","NAZWA_ULC":"3-ego Maja","NAZWA_GMI":"Myślenice","NAZWA_MSC":"Myślenice","odleglosc_m":52.4,"strefa":"50-200 m","warstwa":"adresy"},"geometry":{"type":"Point","coordinates":[19.913625,49.830804]}},{"type":"Feature","properties":{"NUMER_PORZ":"106","KOD_POCZT":"32-400","NAZWA_ULC":"Andrzeja Średniawskiego","NAZWA_GMI":"Myślenice","NAZWA_MSC":"Myślenice","odleglosc_m":164.5,"strefa":"50-200 m","warstwa":"adresy"},"geometry":{"type":"Point","coordinates":[19.916156,49.833123]}},{"type":"Feature","properties":{"NUMER_PORZ":"123a","KOD_POCZT":"32-400","NAZWA_ULC":"Andrzeja Średniawskiego","NAZWA_GMI":"Myślenice","NAZWA_MSC":"Myślenice","odleglosc_m":54.7,"strefa":"50-200 m","warstwa":"adresy"},"geometry":{"type":"Point","coordinates":[19.911851,49.831904]}},{"type":"Feature","properties":{"NUMER_PORZ":"121a","KOD_POCZT":"32-400","NAZWA_ULC":"Andrzeja Średniawskiego","NAZWA_GMI":"Myślenice","NAZWA_MSC":"Myślenice","odleglosc_m":0.0,"strefa":"w śladzie","warstwa":"adresy"},"geometry":{"type":"Point","coordinates":[19.912684,49.831951]}},{"type":"Feature","properties":{"NUMER_PORZ":"104d","KOD_POCZT":"32-400","NAZWA_ULC":"Andrzeja Średniawskiego","NAZWA_GMI":"Myślenice","NAZWA_MSC":"Myślenice","odleglosc_m":146.4,"strefa":"50-200 m","warstwa":"adresy"},"geometry":{"type":"Point","coordinates":[19.916653,49.834364]}},{"type":"Feature","properties":{"NUMER_PORZ":"116","KOD_POCZT":"32-400","NAZWA_ULC":"Andrzeja Średniawskiego","NAZWA_GMI":"Myślenice","NAZWA_MSC":"Myślenice","odleglosc_m":16.5,"strefa":"0-20 m","warstwa":"adresy"},"geometry":{"type":"Point","coordinates":[19.913583,49.832241]}},{"type":"Feature","properties":{"NUMER_PORZ":"110d","KOD_POCZT":"32-400","NAZWA_ULC":"Andrzeja Średniawskiego","NAZWA_GMI":"Myślenice","NAZWA_MSC":"Myślenice","odleglosc_m":112.5,"strefa":"50-200 m","warstwa":"adresy"},"geometry":{"type":"Point","coordinates":[19.915267,49.832903]}},{"type":"Feature","properties":{"NUMER_PORZ":"104b","KOD_POCZT":"32-400","NAZWA_ULC":"Andrzeja Średniawskiego","NAZWA_GMI":"Myślenice","NAZWA_MSC":"Myślenice","odleglosc_m":145.6,"strefa":"50-200 m","warstwa":"adresy"},"geometry":{"type":"Point","coordinates":[19.916893,49.834728]}},{"type":"Feature","properties":{"NUMER_PORZ":"106a","KOD_POCZT":"32-400","NAZWA_ULC":"Andrzeja Średniawskiego","NAZWA_GMI":"Myślenice","NAZWA_MSC":"Myślenice","odleglosc_m":174.7,"strefa":"50-200 m","warstwa":"adresy"},"geometry":{"type":"Point","coordinates":[19.916182,49.832897]}},{"type":"Feature","properties":{"NUMER_PORZ":"105","KOD_POCZT":"32-400","NAZWA_ULC":"3-ego Maja","NAZWA_GMI":"Myślenice","NAZWA_MSC":"Myślenice","odleglosc_m":125.1,"strefa":"50-200 m","warstwa":"adresy"},"geometry":{"type":"Point","coordinates":[19.914968,49.831794]}},{"type":"Feature","properties":{"NUMER_PORZ":"117A","KOD_POCZT":"32-400","NAZWA_ULC":"3-ego Maja","NAZWA_GMI":"Myślenice","NAZWA_MSC":"Myślenice","odleglosc_m":99.0,"strefa":"50-200 m","warstwa":"adresy"},"geometry":{"type":"Point","coordinates":[19.910601,49.829893]}},{"type":"Feature","properties":{"NUMER_PORZ":"107B","KOD_POCZT":"32-400","NAZWA_ULC":"Andrzeja Średniawskiego","NAZWA_GMI":"Myślenice","NAZWA_MSC":"Myślenice","odleglosc_m":91.6,"strefa":"50-200 m","warstwa":"adresy"},"geometry":{"type":"Point","coordinates":[19.91614,49.834835]}},{"type":"Feature","properties":{"NUMER_PORZ":"118","KOD_POCZT":"32-400","NAZWA_ULC":"Andrzeja Średniawskiego","NAZWA_GMI":"Myślenice","NAZWA_MSC":"Myślenice","odleglosc_m":0.0,"strefa":"w śladzie","warstwa":"adresy"},"geometry":{"type":"Point","coordinates":[19.913288,49.832192]}},{"type":"Feature","properties":{"NUMER_PORZ":"106E","KOD_POCZT":"32-400","NAZWA_ULC":"3-ego Maja","NAZWA_GMI":"Myślenice","NAZWA_MSC":"Myślenice","odleglosc_m":64.4,"strefa":"50-200 m","warstwa":"adresy"},"geometry":{"type":"Point","coordinates":[19.914022,49.831549]}},{"type":"Feature","properties":{"NUMER_PORZ":"110e","KOD_POCZT":"32-400","NAZWA_ULC":"3-ego Maja","NAZWA_GMI":"Myślenice","NAZWA_MSC":"Myślenice","odleglosc_m":0.0,"strefa":"w śladzie","warstwa":"adresy"},"geometry":{"type":"Point","coordinates":[19.912546,49.830433]}},{"type":"Feature","properties":{"NUMER_PORZ":"108a","KOD_POCZT":"32-400","NAZWA_ULC":"Andrzeja Średniawskiego","NAZWA_GMI":"Myślenice","NAZWA_MSC":"Myślenice","odleglosc_m":136.7,"strefa":"50-200 m","warstwa":"adresy"},"geometry":{"type":"Point","coordinates":[19.915758,49.833145]}},{"type":"Feature","properties":{"NUMER_PORZ":"104e","KOD_POCZT":"32-400","NAZWA_ULC":"Andrzeja Średniawskiego","NAZWA_GMI":"Myślenice","NAZWA_MSC":"Myślenice","odleglosc_m":193.4,"strefa":"50-200 m","warstwa":"adresy"},"geometry":{"type":"Point","coordinates":[19.916712,49.833351]}},{"type":"Feature","properties":{"NUMER_PORZ":"118e","KOD_POCZT":"32-400","NAZWA_ULC":"3-ego Maja","NAZWA_GMI":"Myślenice","NAZWA_MSC":"Myślenice","odleglosc_m":185.4,"strefa":"50-200 m","warstwa":"adresy"},"geometry":{"type":"Point","coordinates":[19.909553,49.830612]}},{"type":"Feature","properties":{"NUMER_PORZ":"21A","KOD_POCZT":"32-400","NAZWA_ULC":"Jana Sobieskiego","NAZWA_GMI":"Myślenice","NAZWA_MSC":"Myślenice","odleglosc_m":152.3,"strefa":"50-200 m","warstwa":"adresy"},"geometry":{"type":"Point","coordinates":[19.928236,49.842285]}},{"type":"Feature","properties":{"NUMER_PORZ":"125c","KOD_POCZT":"32-400","NAZWA_ULC":"Andrzeja Średniawskiego","NAZWA_GMI":"Myślenice","NAZWA_MSC":"Myślenice","odleglosc_m":130.5,"strefa":"50-200 m","warstwa":"adresy"},"geometry":{"type":"Point","coordinates":[19.911179,49.832983]}},{"type":"Feature","properties":{"NUMER_PORZ":"125b","KOD_POCZT":"32-400","NAZWA_ULC":"Andrzeja Średniawskiego","NAZWA_GMI":"Myślenice","NAZWA_MSC":"Myślenice","odleglosc_m":124.9,"strefa":"50-200 m","warstwa":"adresy"},"geometry":{"type":"Point","coordinates":[19.911143,49.832719]}},{"type":"Feature","properties":{"NUMER_PORZ":"110a","KOD_POCZT":"32-400","NAZWA_ULC":"3-ego Maja","NAZWA_GMI":"Myślenice","NAZWA_MSC":"Myślenice","odleglosc_m":5.5,"strefa":"0-20 m","warstwa":"adresy"},"geometry":{"type":"Point","coordinates":[19.913095,49.831283]}},{"type":"Feature","properties":{"NUMER_PORZ":"108b","KOD_POCZT":"32-400","NAZWA_ULC":"3-ego Maja","NAZWA_GMI":"Myślenice","NAZWA_MSC":"Myślenice","odleglosc_m":66.1,"strefa":"50-200 m","warstwa":"adresy"},"geometry":{"type":"Point","coordinates":[19.9138,49.830728]}},{"type":"Feature","properties":{"NUMER_PORZ":"110G","KOD_POCZT":"32-400","NAZWA_ULC":"3-ego Maja","NAZWA_GMI":"Myślenice","NAZWA_MSC":"Myślenice","odleglosc_m":0.7,"strefa":"0-20 m","warstwa":"adresy"},"geometry":{"type":"Point","coordinates":[19.912912,49.830858]}},{"type":"Feature","properties":{"NUMER_PORZ":"108","KOD_POCZT":"32-400","NAZWA_ULC":"Andrzeja Średniawskiego","NAZWA_GMI":"Myślenice","NAZWA_MSC":"Myślenice","odleglosc_m":148.2,"strefa":"50-200 m","warstwa":"adresy"},"geometry":{"type":"Point","coordinates":[19.91581,49.832936]}},{"type":"Feature","properties":{"NUMER_PORZ":"118a","KOD_POCZT":"32-400","NAZWA_ULC":"Andrzeja Średniawskiego","NAZWA_GMI":"Myślenice","NAZWA_MSC":"Myślenice","odleglosc_m":0.0,"strefa":"w śladzie","warstwa":"adresy"},"geometry":{"type":"Point","coordinates":[19.913303,49.833267]}},{"type":"Feature","properties":{"NUMER_PORZ":"114","KOD_POCZT":"32-400","NAZWA_ULC":"3-ego Maja","NAZWA_GMI":"Myślenice","NAZWA_MSC":"Myślenice","odleglosc_m":123.5,"strefa":"50-200 m","warstwa":"adresy"},"geometry":{"type":"Point","coordinates":[19.910597,49.830947]}},{"type":"Feature","properties":{"NUMER_PORZ":"25","KOD_POCZT":"32-400","NAZWA_ULC":"Jana Sobieskiego","NAZWA_GMI":"Myślenice","NAZWA_MSC":"Myślenice","odleglosc_m":91.7,"strefa":"50-200 m","warstwa":"adresy"},"geometry":{"type":"Point","coordinates":[19.927359,49.842559]}},{"type":"Feature","properties":{"NUMER_PORZ":"103f","KOD_POCZT":"32-400","NAZWA_ULC":"Andrzeja Średniawskiego","NAZWA_GMI":"Myślenice","NAZWA_MSC":"Myślenice","odleglosc_m":144.0,"strefa":"50-200 m","warstwa":"adresy"},"geometry":{"type":"Point","coordinates":[19.917265,49.835223]}},{"type":"Feature","properties":{"NUMER_PORZ":"109a","KOD_POCZT":"32-400","NAZWA_ULC":"3-ego Maja","NAZWA_GMI":"Myślenice","NAZWA_MSC":"Myślenice","odleglosc_m":25.6,"strefa":"20-30 m","warstwa":"adresy"},"geometry":{"type":"Point","coordinates":[19.913316,49.831092]}},{"type":"Feature","properties":{"NUMER_PORZ":"118c","KOD_POCZT":"32-400","NAZWA_ULC":"3-ego Maja","NAZWA_GMI":"Myślenice","NAZWA_MSC":"Myślenice","odleglosc_m":167.7,"strefa":"50-200 m","warstwa":"adresy"},"geometry":{"type":"Point","coordinates":[19.909694,49.83027]}},{"type":"Feature","properties":{"NUMER_PORZ":"122","KOD_POCZT":"32-400","NAZWA_ULC":"Andrzeja Średniawskiego","NAZWA_GMI":"Myślenice","NAZWA_MSC":"Myślenice","odleglosc_m":23.7,"strefa":"20-30 m","warstwa":"adresy"},"geometry":{"type":"Point","coordinates":[19.912365,49.832123]}},{"type":"Feature","properties":{"NUMER_PORZ":"128a","KOD_POCZT":"32-400","NAZWA_ULC":"Andrzeja Średniawskiego","NAZWA_GMI":"Myślenice","NAZWA_MSC":"Myślenice","odleglosc_m":189.4,"strefa":"50-200 m","warstwa":"adresy"},"geometry":{"type":"Point","coordinates":[19.910285,49.83289]}},{"type":"Feature","properties":{"NUMER_PORZ":"122a","KOD_POCZT":"32-400","NAZWA_ULC":"Andrzeja Średniawskiego","NAZWA_GMI":"Myślenice","NAZWA_MSC":"Myślenice","odleglosc_m":17.3,"strefa":"0-20 m","warstwa":"adresy"},"geometry":{"type":"Point","coordinates":[19.912402,49.831961]}},{"type":"Feature","properties":{"NUMER_PORZ":"124B","KOD_POCZT":"32-400","NAZWA_ULC":"Andrzeja Średniawskiego","NAZWA_GMI":"Myślenice","NAZWA_MSC":"Myślenice","odleglosc_m":79.6,"strefa":"50-200 m","warstwa":"adresy"},"geometry":{"type":"Point","coordinates":[19.911572,49.83213]}},{"type":"Feature","properties":{"NUMER_PORZ":"35C","KOD_POCZT":"32-400","NAZWA_ULC":"Henryka Sienkiewicza","NAZWA_GMI":"Myślenice","NAZWA_MSC":"Myślenice","odleglosc_m":96.3,"strefa":"50-200 m","warstwa":"adresy"},"geometry":{"type":"Point","coordinates":[19.941261,49.85121]}},{"type":"Feature","properties":{"NUMER_PORZ":"105A","KOD_POCZT":"32-400","NAZWA_ULC":"3-ego Maja","NAZWA_GMI":"Myślenice","NAZWA_MSC":"Myślenice","odleglosc_m":141.9,"strefa":"50-200 m","warstwa":"adresy"},"geometry":{"type":"Point","coordinates":[19.915033,49.831273]}},{"type":"Feature","properties":{"NUMER_PORZ":"110d","KOD_POCZT":"32-400","NAZWA_ULC":"3-ego Maja","NAZWA_GMI":"Myślenice","NAZWA_MSC":"Myślenice","odleglosc_m":0.0,"strefa":"w śladzie","warstwa":"adresy"},"geometry":{"type":"Point","coordinates":[19.912507,49.83116]}},{"type":"Feature","properties":{"NUMER_PORZ":"110b","KOD_POCZT":"32-400","NAZWA_ULC":"3-ego Maja","NAZWA_GMI":"Myślenice","NAZWA_MSC":"Myślenice","odleglosc_m":0.0,"strefa":"w śladzie","warstwa":"adresy"},"geometry":{"type":"Point","coordinates":[19.912347,49.830944]}},{"type":"Feature","properties":{"NUMER_PORZ":"78B","KOD_POCZT":"32-400","NAZWA_ULC":"Henryka Dąbrowskiego","NAZWA_GMI":"Myślenice","NAZWA_MSC":"Myślenice","odleglosc_m":198.8,"strefa":"50-200 m","warstwa":"adresy"},"geometry":{"type":"Point","coordinates":[19.922616,49.838942]}},{"type":"Feature","properties":{"NUMER_PORZ":"104c","KOD_POCZT":"32-400","NAZWA_ULC":"Andrzeja Średniawskiego","NAZWA_GMI":"Myślenice","NAZWA_MSC":"Myślenice","odleglosc_m":172.0,"strefa":"50-200 m","warstwa":"adresy"},"geometry":{"type":"Point","coordinates":[19.916791,49.833993]}},{"type":"Feature","properties":{"NUMER_PORZ":"107","KOD_POCZT":"32-400","NAZWA_ULC":"Andrzeja Średniawskiego","NAZWA_GMI":"Myślenice","NAZWA_MSC":"Myślenice","odleglosc_m":135.8,"strefa":"50-200 m","warstwa":"adresy"},"geometry":{"type":"Point","coordinates":[19.915934,49.833484]}},{"type":"Feature","properties":{"NUMER_PORZ":"107a","KOD_POCZT":"32-400","NAZWA_ULC":"Andrzeja Średniawskiego","NAZWA_GMI":"Myślenice","NAZWA_MSC":"Myślenice","odleglosc_m":144.9,"strefa":"50-200 m","warstwa":"adresy"},"geometry":{"type":"Point","coordinates":[19.915928,49.833233]}},{"type":"Feature","properties":{"NUMER_PORZ":"19a","KOD_POCZT":"32-400","NAZWA_ULC":"Jana Sobieskiego","NAZWA_GMI":"Myślenice","NAZWA_MSC":"Myślenice","odleglosc_m":136.0,"strefa":"50-200 m","warstwa":"adresy"},"geometry":{"type":"Point","coordinates":[19.928662,49.842643]}},{"type":"Feature","properties":{"NUMER_PORZ":"114a","KOD_POCZT":"32-400","NAZWA_ULC":"Andrzeja Średniawskiego","NAZWA_GMI":"Myślenice","NAZWA_MSC":"Myślenice","odleglosc_m":7.3,"strefa":"0-20 m","warstwa":"adresy"},"geometry":{"type":"Point","coordinates":[19.914072,49.833551]}},{"type":"Feature","properties":{"NUMER_PORZ":"106c","KOD_POCZT":"32-400","NAZWA_ULC":"3-ego Maja","NAZWA_GMI":"Myślenice","NAZWA_MSC":"Myślenice","odleglosc_m":146.6,"strefa":"50-200 m","warstwa":"adresy"},"geometry":{"type":"Point","coordinates":[19.914852,49.830282]}},{"type":"Feature","properties":{"NUMER_PORZ":"105c","KOD_POCZT":"32-400","NAZWA_ULC":"Andrzeja Średniawskiego","NAZWA_GMI":"Myślenice","NAZWA_MSC":"Myślenice","odleglosc_m":129.5,"strefa":"50-200 m","warstwa":"adresy"},"geometry":{"type":"Point","coordinates":[19.916468,49.834469]}},{"type":"Feature","properties":{"NUMER_PORZ":"108","KOD_POCZT":"32-400","NAZWA_ULC":"3-ego Maja","NAZWA_GMI":"Myślenice","NAZWA_MSC":"Myślenice","odleglosc_m":57.9,"strefa":"50-200 m","warstwa":"adresy"},"geometry":{"type":"Point","coordinates":[19.913747,49.830997]}},{"type":"Feature","properties":{"NUMER_PORZ":"127","KOD_POCZT":"32-400","NAZWA_ULC":"Andrzeja Średniawskiego","NAZWA_GMI":"Myślenice","NAZWA_MSC":"Myślenice","odleglosc_m":154.5,"strefa":"50-200 m","warstwa":"adresy"},"geometry":{"type":"Point","coordinates":[19.9104,49.831813]}},{"type":"Feature","properties":{"NUMER_PORZ":"19","KOD_POCZT":"32-400","NAZWA_ULC":"Jana Sobieskiego","NAZWA_GMI":"Myślenice","NAZWA_MSC":"Myślenice","odleglosc_m":128.9,"strefa":"50-200 m","warstwa":"adresy"},"geometry":{"type":"Point","coordinates":[19.928532,49.842665]}},{"type":"Feature","properties":{"NUMER_PORZ":"111a","KOD_POCZT":"32-400","NAZWA_ULC":"3-ego Maja","NAZWA_GMI":"Myślenice","NAZWA_MSC":"Myślenice","odleglosc_m":24.7,"strefa":"20-30 m","warstwa":"adresy"},"geometry":{"type":"Point","coordinates":[19.912036,49.831165]}},{"type":"Feature","properties":{"NUMER_PORZ":"128","KOD_POCZT":"32-400","NAZWA_ULC":"Andrzeja Średniawskiego","NAZWA_GMI":"Myślenice","NAZWA_MSC":"Myślenice","odleglosc_m":166.6,"strefa":"50-200 m","warstwa":"adresy"},"geometry":{"type":"Point","coordinates":[19.910283,49.831977]}},{"type":"Feature","properties":{"NUMER_PORZ":"110c","KOD_POCZT":"32-400","NAZWA_ULC":"3-ego Maja","NAZWA_GMI":"Myślenice","NAZWA_MSC":"Myślenice","odleglosc_m":6.7,"strefa":"0-20 m","warstwa":"adresy"},"geometry":{"type":"Point","coordinates":[19.913059,49.83113]}},{"type":"Feature","properties":{"NUMER_PORZ":"123","KOD_POCZT":"32-400","NAZWA_ULC":"Andrzeja Średniawskiego","NAZWA_GMI":"Myślenice","NAZWA_MSC":"Myślenice","odleglosc_m":54.1,"strefa":"50-200 m","warstwa":"adresy"},"geometry":{"type":"Point","coordinates":[19.911929,49.832112]}},{"type":"Feature","properties":{"NUMER_PORZ":"104a","KOD_POCZT":"32-400","NAZWA_ULC":"Andrzeja Średniawskiego","NAZWA_GMI":"Myślenice","NAZWA_MSC":"Myślenice","odleglosc_m":198.5,"strefa":"50-200 m","warstwa":"adresy"},"geometry":{"type":"Point","coordinates":[19.916577,49.832975]}},{"type":"Feature","properties":{"NUMER_PORZ":"103c","KOD_POCZT":"32-400","NAZWA_ULC":"Andrzeja Średniawskiego","NAZWA_GMI":"Myślenice","NAZWA_MSC":"Myślenice","odleglosc_m":168.1,"strefa":"50-200 m","warstwa":"adresy"},"geometry":{"type":"Point","coordinates":[19.917142,49.834599]}},{"type":"Feature","properties":{"NUMER_PORZ":"115","KOD_POCZT":"32-400","NAZWA_ULC":"3-ego Maja","NAZWA_GMI":"Myślenice","NAZWA_MSC":"Myślenice","odleglosc_m":147.9,"strefa":"50-200 m","warstwa":"adresy"},"geometry":{"type":"Point","coordinates":[19.910221,49.830809]}},{"type":"Feature","properties":{"NUMER_PORZ":"111d","KOD_POCZT":"32-400","NAZWA_ULC":"3-ego Maja","NAZWA_GMI":"Myślenice","NAZWA_MSC":"Myślenice","odleglosc_m":37.0,"strefa":"30-50 m","warstwa":"adresy"},"geometry":{"type":"Point","coordinates":[19.911741,49.830638]}},{"type":"Feature","properties":{"NUMER_PORZ":"120","KOD_POCZT":"32-400","NAZWA_ULC":"Andrzeja Średniawskiego","NAZWA_GMI":"Myślenice","NAZWA_MSC":"Myślenice","odleglosc_m":0.0,"strefa":"w śladzie","warstwa":"adresy"},"geometry":{"type":"Point","coordinates":[19.913065,49.831968]}},{"type":"Feature","properties":{"NUMER_PORZ":"102b","KOD_POCZT":"32-400","NAZWA_ULC":"3-ego Maja","NAZWA_GMI":"Myślenice","NAZWA_MSC":"Myślenice","odleglosc_m":169.3,"strefa":"50-200 m","warstwa":"adresy"},"geometry":{"type":"Point","coordinates":[19.915598,49.831799]}},{"type":"Feature","properties":{"NUMER_PORZ":"106d","KOD_POCZT":"32-400","NAZWA_ULC":"3-ego Maja","NAZWA_GMI":"Myślenice","NAZWA_MSC":"Myślenice","odleglosc_m":149.5,"strefa":"50-200 m","warstwa":"adresy"},"geometry":{"type":"Point","coordinates":[19.914948,49.830618]}},{"type":"Feature","properties":{"NUMER_PORZ":"112","KOD_POCZT":"32-400","NAZWA_ULC":"Andrzeja Średniawskiego","NAZWA_GMI":"Myślenice","NAZWA_MSC":"Myślenice","odleglosc_m":100.1,"strefa":"50-200 m","warstwa":"adresy"},"geometry":{"type":"Point","coordinates":[19.914931,49.832551]}},{"type":"Feature","properties":{"NUMER_PORZ":"115","KOD_POCZT":"32-400","NAZWA_ULC":"Andrzeja Średniawskiego","NAZWA_GMI":"Myślenice","NAZWA_MSC":"Myślenice","odleglosc_m":35.7,"strefa":"30-50 m","warstwa":"adresy"},"geometry":{"type":"Point","coordinates":[19.913886,49.832297]}},{"type":"Feature","properties":{"NUMER_PORZ":"21","KOD_POCZT":"32-400","NAZWA_ULC":"Jana Sobieskiego","NAZWA_GMI":"Myślenice","NAZWA_MSC":"Myślenice","odleglosc_m":104.3,"strefa":"50-200 m","warstwa":"adresy"},"geometry":{"type":"Point","coordinates":[19.928312,49.842835]}},{"type":"Feature","properties":{"NUMER_PORZ":"36","KOD_POCZT":"32-400","NAZWA_ULC":"Henryka Sienkiewicza","NAZWA_GMI":"Myślenice","NAZWA_MSC":"Myślenice","odleglosc_m":21.9,"strefa":"20-30 m","warstwa":"adresy"},"geometry":{"type":"Point","coordinates":[19.943227,49.851422]}},{"type":"Feature","properties":{"NUMER_PORZ":"129a","KOD_POCZT":"32-400","NAZWA_ULC":"Andrzeja Średniawskiego","NAZWA_GMI":"Myślenice","NAZWA_MSC":"Myślenice","odleglosc_m":199.1,"strefa":"50-200 m","warstwa":"adresy"},"geometry":{"type":"Point","coordinates":[19.909783,49.83187]}},{"type":"Feature","properties":{"NUMER_PORZ":"114b","KOD_POCZT":"32-400","NAZWA_ULC":"Andrzeja Średniawskiego","NAZWA_GMI":"Myślenice","NAZWA_MSC":"Myślenice","odleglosc_m":43.1,"strefa":"30-50 m","warstwa":"adresy"},"geometry":{"type":"Point","coordinates":[19.914041,49.832406]}},{"type":"Feature","properties":{"NUMER_PORZ":"111c","KOD_POCZT":"32-400","NAZWA_ULC":"3-ego Maja","NAZWA_GMI":"Myślenice","NAZWA_MSC":"Myślenice","odleglosc_m":51.0,"strefa":"50-200 m","warstwa":"adresy"},"geometry":{"type":"Point","coordinates":[19.911613,49.830936]}},{"type":"Feature","properties":{"NUMER_PORZ":"112","KOD_POCZT":"32-400","NAZWA_ULC":"3-ego Maja","NAZWA_GMI":"Myślenice","NAZWA_MSC":"Myślenice","odleglosc_m":84.1,"strefa":"50-200 m","warstwa":"adresy"},"geometry":{"type":"Point","coordinates":[19.911167,49.831018]}},{"type":"Feature","properties":{"NUMER_PORZ":"106b","KOD_POCZT":"32-400","NAZWA_ULC":"Andrzeja Średniawskiego","NAZWA_GMI":"Myślenice","NAZWA_MSC":"Myślenice","odleglosc_m":87.3,"strefa":"50-200 m","warstwa":"adresy"},"geometry":{"type":"Point","coordinates":[19.916624,49.83553]}},{"type":"Feature","properties":{"NUMER_PORZ":"109c","KOD_POCZT":"32-400","NAZWA_ULC":"3-ego Maja","NAZWA_GMI":"Myślenice","NAZWA_MSC":"Myślenice","odleglosc_m":20.9,"strefa":"20-30 m","warstwa":"adresy"},"geometry":{"type":"Point","coordinates":[19.913379,49.831476]}},{"type":"Feature","properties":{"NUMER_PORZ":"103","KOD_POCZT":"32-400","NAZWA_ULC":"3-ego Maja","NAZWA_GMI":"Myślenice","NAZWA_MSC":"Myślenice","odleglosc_m":137.7,"strefa":"50-200 m","warstwa":"adresy"},"geometry":{"type":"Point","coordinates":[19.915212,49.83196]}},{"type":"Feature","properties":{"NUMER_PORZ":"110F","KOD_POCZT":"32-400","NAZWA_ULC":"3-ego Maja","NAZWA_GMI":"Myślenice","NAZWA_MSC":"Myślenice","odleglosc_m":6.7,"strefa":"0-20 m","warstwa":"adresy"},"geometry":{"type":"Point","coordinates":[19.912286,49.831149]}},{"type":"Feature","properties":{"NUMER_PORZ":"91A","KOD_POCZT":"32-400","NAZWA_ULC":"Henryka Dąbrowskiego","NAZWA_GMI":"Myślenice","NAZWA_MSC":"Myślenice","odleglosc_m":195.1,"strefa":"50-200 m","warstwa":"adresy"},"geometry":{"type":"Point","coordinates":[19.920833,49.837798]}},{"type":"Feature","properties":{"NUMER_PORZ":"1c","KOD_POCZT":"32-400","NAZWA_ULC":"Tarnówka","NAZWA_GMI":"Myślenice","NAZWA_MSC":"Myślenice","odleglosc_m":176.7,"strefa":"50-200 m","warstwa":"adresy"},"geometry":{"type":"Point","coordinates":[19.924566,49.844706]}},{"type":"Feature","properties":{"NUMER_PORZ":"16","KOD_POCZT":"32-040","NAZWA_ULC":"Zakątek","NAZWA_GMI":"Świątniki Górne","NAZWA_MSC":"Rzeszotary","odleglosc_m":158.0,"strefa":"50-200 m","warstwa":"adresy"},"geometry":{"type":"Point","coordinates":[19.986928,49.945984]}},{"type":"Feature","properties":{"NUMER_PORZ":"112A","KOD_POCZT":"32-400","NAZWA_ULC":"Andrzeja Średniawskiego","NAZWA_GMI":"Myślenice","NAZWA_MSC":"Myślenice","odleglosc_m":45.3,"strefa":"30-50 m","warstwa":"adresy"},"geometry":{"type":"Point","coordinates":[19.914774,49.833805]}},{"type":"Feature","properties":{"NUMER_PORZ":"103G","KOD_POCZT":"32-400","NAZWA_ULC":"Andrzeja Średniawskiego","NAZWA_GMI":"Myślenice","NAZWA_MSC":"Myślenice","odleglosc_m":154.1,"strefa":"50-200 m","warstwa":"adresy"},"geometry":{"type":"Point","coordinates":[19.917204,49.834952]}},{"type":"Feature","properties":{"NUMER_PORZ":"58A","KOD_POCZT":"32-040","NAZWA_ULC":"Zarzecze","NAZWA_GMI":"Świątniki Górne","NAZWA_MSC":"Rzeszotary","odleglosc_m":106.3,"strefa":"50-200 m","warstwa":"adresy"},"geometry":{"type":"Point","coordinates":[19.978635,49.939215]}},{"type":"Feature","properties":{"NUMER_PORZ":"118F","KOD_POCZT":"32-400","NAZWA_ULC":"3-ego Maja","NAZWA_GMI":"Myślenice","NAZWA_MSC":"Myślenice","odleglosc_m":152.9,"strefa":"50-200 m","warstwa":"adresy"},"geometry":{"type":"Point","coordinates":[19.909915,49.830326]}},{"type":"Feature","properties":{"NUMER_PORZ":"18A","KOD_POCZT":"32-040","NAZWA_ULC":"Myślenicka","NAZWA_GMI":"Świątniki Górne","NAZWA_MSC":"Świątniki Górne","odleglosc_m":66.0,"strefa":"50-200 m","warstwa":"adresy"},"geometry":{"type":"Point","coordinates":[19.971946,49.927724]}},{"type":"Feature","properties":{"NUMER_PORZ":"20","KOD_POCZT":"32-040","NAZWA_ULC":"Herbowa","NAZWA_GMI":"Świątniki Górne","NAZWA_MSC":"Rzeszotary","odleglosc_m":18.2,"strefa":"0-20 m","warstwa":"adresy"},"geometry":{"type":"Point","coordinates":[19.981567,49.942095]}},{"type":"Feature","properties":{"NUMER_PORZ":"22","KOD_POCZT":"32-040","NAZWA_ULC":"Herbowa","NAZWA_GMI":"Świątniki Górne","NAZWA_MSC":"Rzeszotary","odleglosc_m":12.5,"strefa":"0-20 m","warstwa":"adresy"},"geometry":{"type":"Point","coordinates":[19.981598,49.941996]}},{"type":"Feature","properties":{"NUMER_PORZ":"90","KOD_POCZT":"32-040","NAZWA_ULC":"Piastowska","NAZWA_GMI":"Świątniki Górne","NAZWA_MSC":"Rzeszotary","odleglosc_m":0.0,"strefa":"w śladzie","warstwa":"adresy"},"geometry":{"type":"Point","coordinates":[19.983345,49.944701]}},{"type":"Feature","properties":{"NUMER_PORZ":"12","KOD_POCZT":"32-040","NAZWA_ULC":"Widokowa","NAZWA_GMI":"Świątniki Górne","NAZWA_MSC":"Świątniki Górne","odleglosc_m":178.9,"strefa":"50-200 m","warstwa":"adresy"},"geometry":{"type":"Point","coordinates":[19.971407,49.931878]}},{"type":"Feature","properties":{"NUMER_PORZ":"89","KOD_POCZT":"32-040","NAZWA_ULC":"Szewska","NAZWA_GMI":"Świątniki Górne","NAZWA_MSC":"Rzeszotary","odleglosc_m":162.9,"strefa":"50-200 m","warstwa":"adresy"},"geometry":{"type":"Point","coordinates":[19.98246,49.947835]}},{"type":"Feature","properties":{"NUMER_PORZ":"21","KOD_POCZT":"32-040","NAZWA_ULC":"Herbowa","NAZWA_GMI":"Świątniki Górne","NAZWA_MSC":"Rzeszotary","odleglosc_m":84.0,"strefa":"50-200 m","warstwa":"adresy"},"geometry":{"type":"Point","coordinates":[19.983814,49.942139]}},{"type":"Feature","properties":{"NUMER_PORZ":"111F","KOD_POCZT":"32-400","NAZWA_ULC":"3-ego Maja","NAZWA_GMI":"Myślenice","NAZWA_MSC":"Myślenice","odleglosc_m":24.5,"strefa":"20-30 m","warstwa":"adresy"},"geometry":{"type":"Point","coordinates":[19.911963,49.830838]}},{"type":"Feature","properties":{"NUMER_PORZ":"55A","KOD_POCZT":"32-040","NAZWA_ULC":"Piastowska","NAZWA_GMI":"Świątniki Górne","NAZWA_MSC":"Rzeszotary","odleglosc_m":87.1,"strefa":"50-200 m","warstwa":"adresy"},"geometry":{"type":"Point","coordinates":[19.98519,49.944666]}},{"type":"Feature","properties":{"NUMER_PORZ":"6A","KOD_POCZT":"32-040","NAZWA_ULC":"Zakątek","NAZWA_GMI":"Świątniki Górne","NAZWA_MSC":"Rzeszotary","odleglosc_m":100.4,"strefa":"50-200 m","warstwa":"adresy"},"geometry":{"type":"Point","coordinates":[19.985732,49.945322]}},{"type":"Feature","properties":{"NUMER_PORZ":"9","KOD_POCZT":"32-040","NAZWA_ULC":"Gajowa","NAZWA_GMI":"Świątniki Górne","NAZWA_MSC":"Olszowice","odleglosc_m":99.9,"strefa":"50-200 m","warstwa":"adresy"},"geometry":{"type":"Point","coordinates":[19.92355,49.91045]}},{"type":"Feature","properties":{"NUMER_PORZ":"90","KOD_POCZT":"32-040","NAZWA_ULC":"Pod Dębiną","NAZWA_GMI":"Świątniki Górne","NAZWA_MSC":"Rzeszotary","odleglosc_m":91.9,"strefa":"50-200 m","warstwa":"adresy"},"geometry":{"type":"Point","coordinates":[19.977865,49.937735]}},{"type":"Feature","properties":{"NUMER_PORZ":"125F","KOD_POCZT":"32-400","NAZWA_ULC":"Andrzeja Średniawskiego","NAZWA_GMI":"Myślenice","NAZWA_MSC":"Myślenice","odleglosc_m":142.9,"strefa":"50-200 m","warstwa":"adresy"},"geometry":{"type":"Point","coordinates":[19.910896,49.83275]}},{"type":"Feature","properties":{"NUMER_PORZ":"79","KOD_POCZT":"32-040","NAZWA_ULC":"Do Dworu","NAZWA_GMI":"Świątniki Górne","NAZWA_MSC":"Olszowice","odleglosc_m":175.2,"strefa":"50-200 m","warstwa":"adresy"},"geometry":{"type":"Point","coordinates":[19.932391,49.910616]}},{"type":"Feature","properties":{"NUMER_PORZ":"44","KOD_POCZT":"30-698","NAZWA_ULC":"Włodzimierza Gruszczyńskiego","NAZWA_GMI":"Kraków","NAZWA_MSC":"Kraków","odleglosc_m":53.0,"strefa":"50-200 m","warstwa":"adresy"},"geometry":{"type":"Point","coordinates":[19.988266,49.98794]}},{"type":"Feature","properties":{"NUMER_PORZ":"4","KOD_POCZT":"30-694","NAZWA_ULC":"Krzemieniecka","NAZWA_GMI":"Kraków","NAZWA_MSC":"Kraków","odleglosc_m":196.4,"strefa":"50-200 m","warstwa":"adresy"},"geometry":{"type":"Point","coordinates":[19.989703,49.982586]}},{"type":"Feature","properties":{"NUMER_PORZ":"26","KOD_POCZT":"30-698","NAZWA_ULC":"Juliusza Osterwy","NAZWA_GMI":"Kraków","NAZWA_MSC":"Kraków","odleglosc_m":16.4,"strefa":"0-20 m","warstwa":"adresy"},"geometry":{"type":"Point","coordinates":[19.984157,49.993355]}},{"type":"Feature","properties":{"NUMER_PORZ":"10","KOD_POCZT":"30-699","NAZWA_ULC":"Krzemieniecka","NAZWA_GMI":"Kraków","NAZWA_MSC":"Kraków","odleglosc_m":59.9,"strefa":"50-200 m","warstwa":"adresy"},"geometry":{"type":"Point","coordinates":[19.991622,49.982666]}},{"type":"Feature","properties":{"NUMER_PORZ":"12","KOD_POCZT":"30-699","NAZWA_ULC":"Krzemieniecka","NAZWA_GMI":"Kraków","NAZWA_MSC":"Kraków","odleglosc_m":17.9,"strefa":"0-20 m","warstwa":"adresy"},"geometry":{"type":"Point","coordinates":[19.992181,49.982786]}},{"type":"Feature","properties":{"NUMER_PORZ":"14","KOD_POCZT":"30-699","NAZWA_ULC":"Krzemieniecka","NAZWA_GMI":"Kraków","NAZWA_MSC":"Kraków","odleglosc_m":0.0,"strefa":"w śladzie","warstwa":"adresy"},"geometry":{"type":"Point","coordinates":[19.992938,49.982926]}},{"type":"Feature","properties":{"NUMER_PORZ":"3","KOD_POCZT":"30-699","NAZWA_ULC":"Krzemieniecka","NAZWA_GMI":"Kraków","NAZWA_MSC":"Kraków","odleglosc_m":165.2,"strefa":"50-200 m","warstwa":"adresy"},"geometry":{"type":"Point","coordinates":[19.989999,49.98301]}},{"type":"Feature","properties":{"NUMER_PORZ":"5","KOD_POCZT":"30-699","NAZWA_ULC":"Krzemieniecka","NAZWA_GMI":"Kraków","NAZWA_MSC":"Kraków","odleglosc_m":131.3,"strefa":"50-200 m","warstwa":"adresy"},"geometry":{"type":"Point","coordinates":[19.99053,49.982882]}},{"type":"Feature","properties":{"NUMER_PORZ":"6","KOD_POCZT":"30-699","NAZWA_ULC":"Krzemieniecka","NAZWA_GMI":"Kraków","NAZWA_MSC":"Kraków","odleglosc_m":117.6,"strefa":"50-200 m","warstwa":"adresy"},"geometry":{"type":"Point","coordinates":[19.990836,49.982552]}},{"type":"Feature","properties":{"NUMER_PORZ":"6b","KOD_POCZT":"30-699","NAZWA_ULC":"Krzemieniecka","NAZWA_GMI":"Kraków","NAZWA_MSC":"Kraków","odleglosc_m":147.8,"strefa":"50-200 m","warstwa":"adresy"},"geometry":{"type":"Point","coordinates":[19.990559,49.982048]}},{"type":"Feature","properties":{"NUMER_PORZ":"7","KOD_POCZT":"30-699","NAZWA_ULC":"Krzemieniecka","NAZWA_GMI":"Kraków","NAZWA_MSC":"Kraków","odleglosc_m":65.4,"strefa":"50-200 m","warstwa":"adresy"},"geometry":{"type":"Point","coordinates":[19.991423,49.983023]}},{"type":"Feature","properties":{"NUMER_PORZ":"8c","KOD_POCZT":"30-699","NAZWA_ULC":"Krzemieniecka","NAZWA_GMI":"Kraków","NAZWA_MSC":"Kraków","odleglosc_m":63.6,"strefa":"50-200 m","warstwa":"adresy"},"geometry":{"type":"Point","coordinates":[19.991753,49.982047]}},{"type":"Feature","properties":{"NUMER_PORZ":"37a","KOD_POCZT":"30-699","NAZWA_ULC":"Szczawnicka","NAZWA_GMI":"Kraków","NAZWA_MSC":"Kraków","odleglosc_m":110.6,"strefa":"50-200 m","warstwa":"adresy"},"geometry":{"type":"Point","coordinates":[19.980517,49.997785]}},{"type":"Feature","properties":{"NUMER_PORZ":"41P","KOD_POCZT":"30-699","NAZWA_ULC":"Juliusza Osterwy","NAZWA_GMI":"Kraków","NAZWA_MSC":"Kraków","odleglosc_m":100.9,"strefa":"50-200 m","warstwa":"adresy"},"geometry":{"type":"Point","coordinates":[19.983334,49.99141]}},{"type":"Feature","properties":{"NUMER_PORZ":"15c","KOD_POCZT":"30-699","NAZWA_ULC":"Heleny Chanieckiej","NAZWA_GMI":"Kraków","NAZWA_MSC":"Kraków","odleglosc_m":168.8,"strefa":"50-200 m","warstwa":"adresy"},"geometry":{"type":"Point","coordinates":[19.991855,49.975664]}},{"type":"Feature","properties":{"NUMER_PORZ":"44","KOD_POCZT":"30-699","NAZWA_ULC":"Szczawnicka","NAZWA_GMI":"Kraków","NAZWA_MSC":"Kraków","odleglosc_m":99.9,"strefa":"50-200 m","warstwa":"adresy"},"geometry":{"type":"Point","coordinates":[19.980645,49.997516]}},{"type":"Feature","properties":{"NUMER_PORZ":"15D","KOD_POCZT":"30-699","NAZWA_ULC":"Heleny Chanieckiej","NAZWA_GMI":"Kraków","NAZWA_MSC":"Kraków","odleglosc_m":169.5,"strefa":"50-200 m","warstwa":"adresy"},"geometry":{"type":"Point","coordinates":[19.991973,49.975148]}},{"type":"Feature","properties":{"NUMER_PORZ":"21C","KOD_POCZT":"30-694","NAZWA_ULC":"Włodzimierza Gruszczyńskiego","NAZWA_GMI":"Kraków","NAZWA_MSC":"Kraków","odleglosc_m":167.7,"strefa":"50-200 m","warstwa":"adresy"},"geometry":{"type":"Point","coordinates":[19.990025,49.990515]}},{"type":"Feature","properties":{"NUMER_PORZ":"6c","KOD_POCZT":"30-699","NAZWA_ULC":"Krzemieniecka","NAZWA_GMI":"Kraków","NAZWA_MSC":"Kraków","odleglosc_m":122.7,"strefa":"50-200 m","warstwa":"adresy"},"geometry":{"type":"Point","coordinates":[19.990874,49.982198]}},{"type":"Feature","properties":{"NUMER_PORZ":"47a","KOD_POCZT":"30-698","NAZWA_ULC":"Orszańska","NAZWA_GMI":"Kraków","NAZWA_MSC":"Kraków","odleglosc_m":0.0,"strefa":"nad tunelem","warstwa":"adresy"},"geometry":{"type":"Point","coordinates":[19.982925,49.993932]}},{"type":"Feature","properties":{"NUMER_PORZ":"43","KOD_POCZT":"30-698","NAZWA_ULC":"Orszańska","NAZWA_GMI":"Kraków","NAZWA_MSC":"Kraków","odleglosc_m":34.1,"strefa":"30-50 m","warstwa":"adresy"},"geometry":{"type":"Point","coordinates":[19.983584,49.994109]}},{"type":"Feature","properties":{"NUMER_PORZ":"30a","KOD_POCZT":"30-698","NAZWA_ULC":"Orszańska","NAZWA_GMI":"Kraków","NAZWA_MSC":"Kraków","odleglosc_m":126.1,"strefa":"50-200 m","warstwa":"adresy"},"geometry":{"type":"Point","coordinates":[19.983561,49.995501]}},{"type":"Feature","properties":{"NUMER_PORZ":"42a","KOD_POCZT":"30-698","NAZWA_ULC":"Orszańska","NAZWA_GMI":"Kraków","NAZWA_MSC":"Kraków","odleglosc_m":33.6,"strefa":"30-50 m","warstwa":"adresy"},"geometry":{"type":"Point","coordinates":[19.983118,49.994498]}},{"type":"Feature","properties":{"NUMER_PORZ":"54","KOD_POCZT":"30-698","NAZWA_ULC":"Orszańska","NAZWA_GMI":"Kraków","NAZWA_MSC":"Kraków","odleglosc_m":131.4,"strefa":"50-200 m","warstwa":"adresy"},"geometry":{"type":"Point","coordinates":[19.980918,49.993018]}},{"type":"Feature","properties":{"NUMER_PORZ":"52Z","KOD_POCZT":"30-699","NAZWA_ULC":"Juliusza Osterwy","NAZWA_GMI":"Kraków","NAZWA_MSC":"Kraków","odleglosc_m":50.0,"strefa":"30-50 m","warstwa":"adresy"},"geometry":{"type":"Point","coordinates":[19.978926,49.996016]}},{"type":"Feature","properties":{"NUMER_PORZ":"5","KOD_POCZT":"30-699","NAZWA_ULC":"Heleny Chanieckiej","NAZWA_GMI":"Kraków","NAZWA_MSC":"Kraków","odleglosc_m":154.7,"strefa":"50-200 m","warstwa":"adresy"},"geometry":{"type":"Point","coordinates":[19.991199,49.979125]}},{"type":"Feature","properties":{"NUMER_PORZ":"44A","KOD_POCZT":"30-698","NAZWA_ULC":"Włodzimierza Gruszczyńskiego","NAZWA_GMI":"Kraków","NAZWA_MSC":"Kraków","odleglosc_m":83.9,"strefa":"50-200 m","warstwa":"adresy"},"geometry":{"type":"Point","coordinates":[19.987877,49.987815]}},{"type":"Feature","properties":{"NUMER_PORZ":"19","KOD_POCZT":"30-699","NAZWA_ULC":"Szczawnicka","NAZWA_GMI":"Kraków","NAZWA_MSC":"Kraków","odleglosc_m":187.7,"strefa":"50-200 m","warstwa":"adresy"},"geometry":{"type":"Point","coordinates":[19.976497,49.996035]}},{"type":"Feature","properties":{"NUMER_PORZ":"1","KOD_POCZT":"30-699","NAZWA_ULC":"Cyryla Ratajskiego","NAZWA_GMI":"Kraków","NAZWA_MSC":"Kraków","odleglosc_m":185.3,"strefa":"50-200 m","warstwa":"adresy"},"geometry":{"type":"Point","coordinates":[19.99023,49.981295]}},{"type":"Feature","properties":{"NUMER_PORZ":"58","KOD_POCZT":"30-698","NAZWA_ULC":"Włodzimierza Gruszczyńskiego","NAZWA_GMI":"Kraków","NAZWA_MSC":"Kraków","odleglosc_m":161.7,"strefa":"50-200 m","warstwa":"adresy"},"geometry":{"type":"Point","coordinates":[19.989092,49.984917]}},{"type":"Feature","properties":{"NUMER_PORZ":"37C","KOD_POCZT":"30-699","NAZWA_ULC":"Juliusza Osterwy","NAZWA_GMI":"Kraków","NAZWA_MSC":"Kraków","odleglosc_m":174.6,"strefa":"50-200 m","warstwa":"adresy"},"geometry":{"type":"Point","coordinates":[19.981474,49.991897]}},{"type":"Feature","properties":{"NUMER_PORZ":"42","KOD_POCZT":"30-698","NAZWA_ULC":"Włodzimierza Gruszczyńskiego","NAZWA_GMI":"Kraków","NAZWA_MSC":"Kraków","odleglosc_m":42.2,"strefa":"30-50 m","warstwa":"adresy"},"geometry":{"type":"Point","coordinates":[19.988503,49.987886]}},{"type":"Feature","properties":{"NUMER_PORZ":"7a","KOD_POCZT":"30-699","NAZWA_ULC":"Elżbiety Drużbackiej","NAZWA_GMI":"Kraków","NAZWA_MSC":"Kraków","odleglosc_m":197.9,"strefa":"50-200 m","warstwa":"adresy"},"geometry":{"type":"Point","coordinates":[19.989972,49.981611]}},{"type":"Feature","properties":{"NUMER_PORZ":"21BA","KOD_POCZT":"30-694","NAZWA_ULC":"Włodzimierza Gruszczyńskiego","NAZWA_GMI":"Kraków","NAZWA_MSC":"Kraków","odleglosc_m":124.3,"strefa":"50-200 m","warstwa":"adresy"},"geometry":{"type":"Point","coordinates":[19.989317,49.990472]}},{"type":"Feature","properties":{"NUMER_PORZ":"46","KOD_POCZT":"30-699","NAZWA_ULC":"Włodzimierza Gruszczyńskiego","NAZWA_GMI":"Kraków","NAZWA_MSC":"Kraków","odleglosc_m":124.0,"strefa":"50-200 m","warstwa":"adresy"},"geometry":{"type":"Point","coordinates":[19.987308,49.987709]}},{"type":"Feature","properties":{"NUMER_PORZ":"34D","KOD_POCZT":"30-698","NAZWA_ULC":"Orszańska","NAZWA_GMI":"Kraków","NAZWA_MSC":"Kraków","odleglosc_m":89.0,"strefa":"50-200 m","warstwa":"adresy"},"geometry":{"type":"Point","coordinates":[19.983738,49.994797]}},{"type":"Feature","properties":{"NUMER_PORZ":"58A","KOD_POCZT":"30-698","NAZWA_ULC":"Włodzimierza Gruszczyńskiego","NAZWA_GMI":"Kraków","NAZWA_MSC":"Kraków","odleglosc_m":195.9,"strefa":"50-200 m","warstwa":"adresy"},"geometry":{"type":"Point","coordinates":[19.988738,49.984654]}},{"type":"Feature","properties":{"NUMER_PORZ":"79a","KOD_POCZT":"30-699","NAZWA_ULC":"Elżbiety Drużbackiej","NAZWA_GMI":"Kraków","NAZWA_MSC":"Kraków","odleglosc_m":62.7,"strefa":"50-200 m","warstwa":"adresy"},"geometry":{"type":"Point","coordinates":[19.993821,49.973669]}},{"type":"Feature","properties":{"NUMER_PORZ":"4","KOD_POCZT":"30-699","NAZWA_ULC":"Cyryla Ratajskiego","NAZWA_GMI":"Kraków","NAZWA_MSC":"Kraków","odleglosc_m":142.1,"strefa":"50-200 m","warstwa":"adresy"},"geometry":{"type":"Point","coordinates":[19.990901,49.98105]}},{"type":"Feature","properties":{"NUMER_PORZ":"1A","KOD_POCZT":"30-699","NAZWA_ULC":"Cyryla Ratajskiego","NAZWA_GMI":"Kraków","NAZWA_MSC":"Kraków","odleglosc_m":185.7,"strefa":"50-200 m","warstwa":"adresy"},"geometry":{"type":"Point","coordinates":[19.990184,49.981459]}},{"type":"Feature","properties":{"NUMER_PORZ":"10","KOD_POCZT":"30-699","NAZWA_ULC":"Antoniego Pajdaka","NAZWA_GMI":"Kraków","NAZWA_MSC":"Kraków","odleglosc_m":62.6,"strefa":"50-200 m","warstwa":"adresy"},"geometry":{"type":"Point","coordinates":[19.99208,49.980827]}},{"type":"Feature","properties":{"NUMER_PORZ":"21E","KOD_POCZT":"30-694","NAZWA_ULC":"Włodzimierza Gruszczyńskiego","NAZWA_GMI":"Kraków","NAZWA_MSC":"Kraków","odleglosc_m":137.8,"strefa":"50-200 m","warstwa":"adresy"},"geometry":{"type":"Point","coordinates":[19.990201,49.989909]}},{"type":"Feature","properties":{"NUMER_PORZ":"8","KOD_POCZT":"30-699","NAZWA_ULC":"Krzemieniecka","NAZWA_GMI":"Kraków","NAZWA_MSC":"Kraków","odleglosc_m":83.4,"strefa":"50-200 m","warstwa":"adresy"},"geometry":{"type":"Point","coordinates":[19.9913,49.982624]}},{"type":"Feature","properties":{"NUMER_PORZ":"15B","KOD_POCZT":"30-699","NAZWA_ULC":"Heleny Chanieckiej","NAZWA_GMI":"Kraków","NAZWA_MSC":"Kraków","odleglosc_m":172.7,"strefa":"50-200 m","warstwa":"adresy"},"geometry":{"type":"Point","coordinates":[19.99174,49.975908]}},{"type":"Feature","properties":{"NUMER_PORZ":"18","KOD_POCZT":"30-699","NAZWA_ULC":"Juliusza Osterwy","NAZWA_GMI":"Kraków","NAZWA_MSC":"Kraków","odleglosc_m":176.5,"strefa":"50-200 m","warstwa":"adresy"},"geometry":{"type":"Point","coordinates":[19.986204,49.993998]}},{"type":"Feature","properties":{"NUMER_PORZ":"20","KOD_POCZT":"30-694","NAZWA_ULC":"Jana Izydora Sztaudyngera","NAZWA_GMI":"Kraków","NAZWA_MSC":"Kraków","odleglosc_m":196.5,"strefa":"50-200 m","warstwa":"adresy"},"geometry":{"type":"Point","coordinates":[19.98643,49.994103]}},{"type":"Feature","properties":{"NUMER_PORZ":"40a","KOD_POCZT":"30-699","NAZWA_ULC":"Juliusza Osterwy","NAZWA_GMI":"Kraków","NAZWA_MSC":"Kraków","odleglosc_m":96.9,"strefa":"50-200 m","warstwa":"adresy"},"geometry":{"type":"Point","coordinates":[19.982078,49.992543]}},{"type":"Feature","properties":{"NUMER_PORZ":"29","KOD_POCZT":"30-699","NAZWA_ULC":"Szczawnicka","NAZWA_GMI":"Kraków","NAZWA_MSC":"Kraków","odleglosc_m":29.6,"strefa":"20-30 m","warstwa":"adresy"},"geometry":{"type":"Point","coordinates":[19.979675,49.997295]}},{"type":"Feature","properties":{"NUMER_PORZ":"21F","KOD_POCZT":"30-694","NAZWA_ULC":"Włodzimierza Gruszczyńskiego","NAZWA_GMI":"Kraków","NAZWA_MSC":"Kraków","odleglosc_m":129.5,"strefa":"50-200 m","warstwa":"adresy"},"geometry":{"type":"Point","coordinates":[19.990257,49.989733]}},{"type":"Feature","properties":{"NUMER_PORZ":"33A","KOD_POCZT":"30-698","NAZWA_ULC":"Orszańska","NAZWA_GMI":"Kraków","NAZWA_MSC":"Kraków","odleglosc_m":150.6,"strefa":"50-200 m","warstwa":"adresy"},"geometry":{"type":"Point","coordinates":[19.984429,49.995126]}},{"type":"Feature","properties":{"NUMER_PORZ":"9","KOD_POCZT":"30-699","NAZWA_ULC":"Antoniego Pajdaka","NAZWA_GMI":"Kraków","NAZWA_MSC":"Kraków","odleglosc_m":112.7,"strefa":"50-200 m","warstwa":"adresy"},"geometry":{"type":"Point","coordinates":[19.991344,49.980942]}},{"type":"Feature","properties":{"NUMER_PORZ":"41B","KOD_POCZT":"30-699","NAZWA_ULC":"Juliusza Osterwy","NAZWA_GMI":"Kraków","NAZWA_MSC":"Kraków","odleglosc_m":177.2,"strefa":"50-200 m","warstwa":"adresy"},"geometry":{"type":"Point","coordinates":[19.981628,49.991729]}},{"type":"Feature","properties":{"NUMER_PORZ":"15","KOD_POCZT":"30-698","NAZWA_ULC":"Gacki","NAZWA_GMI":"Kraków","NAZWA_MSC":"Kraków","odleglosc_m":0.0,"strefa":"w śladzie","warstwa":"adresy"},"geometry":{"type":"Point","coordinates":[19.992371,49.984553]}},{"type":"Feature","properties":{"NUMER_PORZ":"21H","KOD_POCZT":"30-694","NAZWA_ULC":"Włodzimierza Gruszczyńskiego","NAZWA_GMI":"Kraków","NAZWA_MSC":"Kraków","odleglosc_m":104.8,"strefa":"50-200 m","warstwa":"adresy"},"geometry":{"type":"Point","coordinates":[19.989676,49.98987]}},{"type":"Feature","properties":{"NUMER_PORZ":"13","KOD_POCZT":"30-699","NAZWA_ULC":"Antoniego Pajdaka","NAZWA_GMI":"Kraków","NAZWA_MSC":"Kraków","odleglosc_m":77.1,"strefa":"50-200 m","warstwa":"adresy"},"geometry":{"type":"Point","coordinates":[19.991839,49.98097]}},{"type":"Feature","properties":{"NUMER_PORZ":"11","KOD_POCZT":"30-699","NAZWA_ULC":"Antoniego Pajdaka","NAZWA_GMI":"Kraków","NAZWA_MSC":"Kraków","odleglosc_m":103.6,"strefa":"50-200 m","warstwa":"adresy"},"geometry":{"type":"Point","coordinates":[19.991473,49.980939]}},{"type":"Feature","properties":{"NUMER_PORZ":"21A","KOD_POCZT":"30-694","NAZWA_ULC":"Włodzimierza Gruszczyńskiego","NAZWA_GMI":"Kraków","NAZWA_MSC":"Kraków","odleglosc_m":131.8,"strefa":"50-200 m","warstwa":"adresy"},"geometry":{"type":"Point","coordinates":[19.989697,49.990259]}},{"type":"Feature","properties":{"NUMER_PORZ":"29","KOD_POCZT":"30-694","NAZWA_ULC":"Juliusza Osterwy","NAZWA_GMI":"Kraków","NAZWA_MSC":"Kraków","odleglosc_m":35.3,"strefa":"30-50 m","warstwa":"adresy"},"geometry":{"type":"Point","coordinates":[19.984707,49.993167]}},{"type":"Feature","properties":{"NUMER_PORZ":"29A","KOD_POCZT":"30-699","NAZWA_ULC":"Juliusza Osterwy","NAZWA_GMI":"Kraków","NAZWA_MSC":"Kraków","odleglosc_m":5.1,"strefa":"0-20 m","warstwa":"adresy"},"geometry":{"type":"Point","coordinates":[19.984418,49.992962]}},{"type":"Feature","properties":{"NUMER_PORZ":"6","KOD_POCZT":"30-699","NAZWA_ULC":"Antoniego Pajdaka","NAZWA_GMI":"Kraków","NAZWA_MSC":"Kraków","odleglosc_m":107.9,"strefa":"50-200 m","warstwa":"adresy"},"geometry":{"type":"Point","coordinates":[19.991473,49.980691]}},{"type":"Feature","properties":{"NUMER_PORZ":"20","KOD_POCZT":"30-699","NAZWA_ULC":"Juliusza Osterwy","NAZWA_GMI":"Kraków","NAZWA_MSC":"Kraków","odleglosc_m":133.4,"strefa":"50-200 m","warstwa":"adresy"},"geometry":{"type":"Point","coordinates":[19.985646,49.99383]}},{"type":"Feature","properties":{"NUMER_PORZ":"38B","KOD_POCZT":"30-699","NAZWA_ULC":"Juliusza Osterwy","NAZWA_GMI":"Kraków","NAZWA_MSC":"Kraków","odleglosc_m":23.1,"strefa":"20-30 m","warstwa":"adresy"},"geometry":{"type":"Point","coordinates":[19.982505,49.993279]}},{"type":"Feature","properties":{"NUMER_PORZ":"57","KOD_POCZT":"30-698","NAZWA_ULC":"Orszańska","NAZWA_GMI":"Kraków","NAZWA_MSC":"Kraków","odleglosc_m":158.1,"strefa":"50-200 m","warstwa":"adresy"},"geometry":{"type":"Point","coordinates":[19.981005,49.992545]}},{"type":"Feature","properties":{"NUMER_PORZ":"40","KOD_POCZT":"30-699","NAZWA_ULC":"Szczawnicka","NAZWA_GMI":"Kraków","NAZWA_MSC":"Kraków","odleglosc_m":38.3,"strefa":"30-50 m","warstwa":"adresy"},"geometry":{"type":"Point","coordinates":[19.979934,49.997203]}},{"type":"Feature","properties":{"NUMER_PORZ":"44A","KOD_POCZT":"30-699","NAZWA_ULC":"Szczawnicka","NAZWA_GMI":"Kraków","NAZWA_MSC":"Kraków","odleglosc_m":74.4,"strefa":"50-200 m","warstwa":"adresy"},"geometry":{"type":"Point","coordinates":[19.980414,49.997332]}},{"type":"Feature","properties":{"NUMER_PORZ":"24","KOD_POCZT":"30-699","NAZWA_ULC":"Juliusza Osterwy","NAZWA_GMI":"Kraków","NAZWA_MSC":"Kraków","odleglosc_m":31.0,"strefa":"30-50 m","warstwa":"adresy"},"geometry":{"type":"Point","coordinates":[19.9845,49.99328]}},{"type":"Feature","properties":{"NUMER_PORZ":"27","KOD_POCZT":"30-699","NAZWA_ULC":"Juliusza Osterwy","NAZWA_GMI":"Kraków","NAZWA_MSC":"Kraków","odleglosc_m":60.1,"strefa":"50-200 m","warstwa":"adresy"},"geometry":{"type":"Point","coordinates":[19.985099,49.993202]}},{"type":"Feature","properties":{"NUMER_PORZ":"31","KOD_POCZT":"30-699","NAZWA_ULC":"Juliusza Osterwy","NAZWA_GMI":"Kraków","NAZWA_MSC":"Kraków","odleglosc_m":0.0,"strefa":"nad tunelem","warstwa":"adresy"},"geometry":{"type":"Point","coordinates":[19.98374,49.992826]}},{"type":"Feature","properties":{"NUMER_PORZ":"33","KOD_POCZT":"30-699","NAZWA_ULC":"Juliusza Osterwy","NAZWA_GMI":"Kraków","NAZWA_MSC":"Kraków","odleglosc_m":59.7,"strefa":"50-200 m","warstwa":"adresy"},"geometry":{"type":"Point","coordinates":[19.982945,49.992358]}},{"type":"Feature","properties":{"NUMER_PORZ":"34","KOD_POCZT":"30-699","NAZWA_ULC":"Juliusza Osterwy","NAZWA_GMI":"Kraków","NAZWA_MSC":"Kraków","odleglosc_m":12.1,"strefa":"0-20 m","warstwa":"adresy"},"geometry":{"type":"Point","coordinates":[19.983186,49.992863]}},{"type":"Feature","properties":{"NUMER_PORZ":"35","KOD_POCZT":"30-699","NAZWA_ULC":"Juliusza Osterwy","NAZWA_GMI":"Kraków","NAZWA_MSC":"Kraków","odleglosc_m":79.0,"strefa":"50-200 m","warstwa":"adresy"},"geometry":{"type":"Point","coordinates":[19.982736,49.992248]}},{"type":"Feature","properties":{"NUMER_PORZ":"37","KOD_POCZT":"30-699","NAZWA_ULC":"Juliusza Osterwy","NAZWA_GMI":"Kraków","NAZWA_MSC":"Kraków","odleglosc_m":105.0,"strefa":"50-200 m","warstwa":"adresy"},"geometry":{"type":"Point","coordinates":[19.982357,49.992183]}},{"type":"Feature","properties":{"NUMER_PORZ":"37b","KOD_POCZT":"30-699","NAZWA_ULC":"Juliusza Osterwy","NAZWA_GMI":"Kraków","NAZWA_MSC":"Kraków","odleglosc_m":145.1,"strefa":"50-200 m","warstwa":"adresy"},"geometry":{"type":"Point","coordinates":[19.98185,49.992017]}},{"type":"Feature","properties":{"NUMER_PORZ":"40","KOD_POCZT":"30-699","NAZWA_ULC":"Juliusza Osterwy","NAZWA_GMI":"Kraków","NAZWA_MSC":"Kraków","odleglosc_m":78.8,"strefa":"50-200 m","warstwa":"adresy"},"geometry":{"type":"Point","coordinates":[19.982325,49.992602]}},{"type":"Feature","properties":{"NUMER_PORZ":"41","KOD_POCZT":"30-699","NAZWA_ULC":"Juliusza Osterwy","NAZWA_GMI":"Kraków","NAZWA_MSC":"Kraków","odleglosc_m":142.8,"strefa":"50-200 m","warstwa":"adresy"},"geometry":{"type":"Point","coordinates":[19.98207,49.991865]}},{"type":"Feature","properties":{"NUMER_PORZ":"42","KOD_POCZT":"30-699","NAZWA_ULC":"Juliusza Osterwy","NAZWA_GMI":"Kraków","NAZWA_MSC":"Kraków","odleglosc_m":123.2,"strefa":"50-200 m","warstwa":"adresy"},"geometry":{"type":"Point","coordinates":[19.981927,49.992279]}},{"type":"Feature","properties":{"NUMER_PORZ":"8","KOD_POCZT":"30-698","NAZWA_ULC":"Gacki","NAZWA_GMI":"Kraków","NAZWA_MSC":"Kraków","odleglosc_m":30.5,"strefa":"30-50 m","warstwa":"adresy"},"geometry":{"type":"Point","coordinates":[19.992903,49.984474]}},{"type":"Feature","properties":{"NUMER_PORZ":"44","KOD_POCZT":"30-698","NAZWA_ULC":"Orszańska","NAZWA_GMI":"Kraków","NAZWA_MSC":"Kraków","odleglosc_m":11.6,"strefa":"0-20 m","warstwa":"adresy"},"geometry":{"type":"Point","coordinates":[19.983013,49.99426]}},{"type":"Feature","properties":{"NUMER_PORZ":"47","KOD_POCZT":"30-698","NAZWA_ULC":"Orszańska","NAZWA_GMI":"Kraków","NAZWA_MSC":"Kraków","odleglosc_m":0.0,"strefa":"nad tunelem","warstwa":"adresy"},"geometry":{"type":"Point","coordinates":[19.982581,49.993872]}},{"type":"Feature","properties":{"NUMER_PORZ":"48","KOD_POCZT":"30-698","NAZWA_ULC":"Orszańska","NAZWA_GMI":"Kraków","NAZWA_MSC":"Kraków","odleglosc_m":10.5,"strefa":"0-20 m","warstwa":"adresy"},"geometry":{"type":"Point","coordinates":[19.982084,49.993827]}},{"type":"Feature","properties":{"NUMER_PORZ":"50","KOD_POCZT":"30-698","NAZWA_ULC":"Orszańska","NAZWA_GMI":"Kraków","NAZWA_MSC":"Kraków","odleglosc_m":107.4,"strefa":"50-200 m","warstwa":"adresy"},"geometry":{"type":"Point","coordinates":[19.98103,49.993281]}},{"type":"Feature","properties":{"NUMER_PORZ":"54A","KOD_POCZT":"30-698","NAZWA_ULC":"Orszańska","NAZWA_GMI":"Kraków","NAZWA_MSC":"Kraków","odleglosc_m":154.8,"strefa":"50-200 m","warstwa":"adresy"},"geometry":{"type":"Point","coordinates":[19.98047,49.99305]}},{"type":"Feature","properties":{"NUMER_PORZ":"56","KOD_POCZT":"30-698","NAZWA_ULC":"Orszańska","NAZWA_GMI":"Kraków","NAZWA_MSC":"Kraków","odleglosc_m":155.5,"strefa":"50-200 m","warstwa":"adresy"},"geometry":{"type":"Point","coordinates":[19.98078,49.992775]}},{"type":"Feature","properties":{"NUMER_PORZ":"59","KOD_POCZT":"30-698","NAZWA_ULC":"Orszańska","NAZWA_GMI":"Kraków","NAZWA_MSC":"Kraków","odleglosc_m":184.9,"strefa":"50-200 m","warstwa":"adresy"},"geometry":{"type":"Point","coordinates":[19.980854,49.992274]}},{"type":"Feature","properties":{"NUMER_PORZ":"42a","KOD_POCZT":"30-699","NAZWA_ULC":"Juliusza Osterwy","NAZWA_GMI":"Kraków","NAZWA_MSC":"Kraków","odleglosc_m":153.5,"strefa":"50-200 m","warstwa":"adresy"},"geometry":{"type":"Point","coordinates":[19.981615,49.992092]}},{"type":"Feature","properties":{"NUMER_PORZ":"44","KOD_POCZT":"30-699","NAZWA_ULC":"Juliusza Osterwy","NAZWA_GMI":"Kraków","NAZWA_MSC":"Kraków","odleglosc_m":195.6,"strefa":"50-200 m","warstwa":"adresy"},"geometry":{"type":"Point","coordinates":[19.98097,49.992016]}},{"type":"Feature","properties":{"NUMER_PORZ":"7","KOD_POCZT":"30-699","NAZWA_ULC":"Heleny Chanieckiej","NAZWA_GMI":"Kraków","NAZWA_MSC":"Kraków","odleglosc_m":0.0,"strefa":"w śladzie","warstwa":"adresy"},"geometry":{"type":"Point","coordinates":[19.993494,49.978895]}},{"type":"Feature","properties":{"NUMER_PORZ":"28","KOD_POCZT":"30-698","NAZWA_ULC":"Orszańska","NAZWA_GMI":"Kraków","NAZWA_MSC":"Kraków","odleglosc_m":194.8,"strefa":"50-200 m","warstwa":"adresy"},"geometry":{"type":"Point","coordinates":[19.984034,49.996123]}},{"type":"Feature","properties":{"NUMER_PORZ":"30","KOD_POCZT":"30-698","NAZWA_ULC":"Orszańska","NAZWA_GMI":"Kraków","NAZWA_MSC":"Kraków","odleglosc_m":136.6,"strefa":"50-200 m","warstwa":"adresy"},"geometry":{"type":"Point","coordinates":[19.983714,49.995528]}},{"type":"Feature","properties":{"NUMER_PORZ":"32","KOD_POCZT":"30-698","NAZWA_ULC":"Orszańska","NAZWA_GMI":"Kraków","NAZWA_MSC":"Kraków","odleglosc_m":145.3,"strefa":"50-200 m","warstwa":"adresy"},"geometry":{"type":"Point","coordinates":[19.984173,49.995265]}},{"type":"Feature","properties":{"NUMER_PORZ":"33","KOD_POCZT":"30-698","NAZWA_ULC":"Orszańska","NAZWA_GMI":"Kraków","NAZWA_MSC":"Kraków","odleglosc_m":180.2,"strefa":"50-200 m","warstwa":"adresy"},"geometry":{"type":"Point","coordinates":[19.984823,49.995232]}},{"type":"Feature","properties":{"NUMER_PORZ":"34","KOD_POCZT":"30-698","NAZWA_ULC":"Orszańska","NAZWA_GMI":"Kraków","NAZWA_MSC":"Kraków","odleglosc_m":117.7,"strefa":"50-200 m","warstwa":"adresy"},"geometry":{"type":"Point","coordinates":[19.983767,49.9952]}},{"type":"Feature","properties":{"NUMER_PORZ":"35","KOD_POCZT":"30-698","NAZWA_ULC":"Orszańska","NAZWA_GMI":"Kraków","NAZWA_MSC":"Kraków","odleglosc_m":108.2,"strefa":"50-200 m","warstwa":"adresy"},"geometry":{"type":"Point","coordinates":[19.984217,49.994674]}},{"type":"Feature","properties":{"NUMER_PORZ":"36","KOD_POCZT":"30-698","NAZWA_ULC":"Orszańska","NAZWA_GMI":"Kraków","NAZWA_MSC":"Kraków","odleglosc_m":73.0,"strefa":"50-200 m","warstwa":"adresy"},"geometry":{"type":"Point","coordinates":[19.983782,49.99452]}},{"type":"Feature","properties":{"NUMER_PORZ":"37","KOD_POCZT":"30-698","NAZWA_ULC":"Orszańska","NAZWA_GMI":"Kraków","NAZWA_MSC":"Kraków","odleglosc_m":114.6,"strefa":"50-200 m","warstwa":"adresy"},"geometry":{"type":"Point","coordinates":[19.984476,49.994549]}},{"type":"Feature","properties":{"NUMER_PORZ":"42","KOD_POCZT":"30-698","NAZWA_ULC":"Orszańska","NAZWA_GMI":"Kraków","NAZWA_MSC":"Kraków","odleglosc_m":62.5,"strefa":"50-200 m","warstwa":"adresy"},"geometry":{"type":"Point","coordinates":[19.98323,49.994833]}},{"type":"Feature","properties":{"NUMER_PORZ":"5","KOD_POCZT":"30-698","NAZWA_ULC":"Geologów","NAZWA_GMI":"Kraków","NAZWA_MSC":"Kraków","odleglosc_m":186.1,"strefa":"50-200 m","warstwa":"adresy"},"geometry":{"type":"Point","coordinates":[19.986095,49.987847]}},{"type":"Feature","properties":{"NUMER_PORZ":"7a","KOD_POCZT":"30-698","NAZWA_ULC":"Geologów","NAZWA_GMI":"Kraków","NAZWA_MSC":"Kraków","odleglosc_m":189.2,"strefa":"50-200 m","warstwa":"adresy"},"geometry":{"type":"Point","coordinates":[19.986225,49.987685]}},{"type":"Feature","properties":{"NUMER_PORZ":"8","KOD_POCZT":"30-698","NAZWA_ULC":"Geologów","NAZWA_GMI":"Kraków","NAZWA_MSC":"Kraków","odleglosc_m":193.9,"strefa":"50-200 m","warstwa":"adresy"},"geometry":{"type":"Point","coordinates":[19.985707,49.988071]}},{"type":"Feature","properties":{"NUMER_PORZ":"21B","KOD_POCZT":"30-694","NAZWA_ULC":"Włodzimierza Gruszczyńskiego","NAZWA_GMI":"Kraków","NAZWA_MSC":"Kraków","odleglosc_m":140.0,"strefa":"50-200 m","warstwa":"adresy"},"geometry":{"type":"Point","coordinates":[19.98963,49.99044]}},{"type":"Feature","properties":{"NUMER_PORZ":"21J","KOD_POCZT":"30-694","NAZWA_ULC":"Włodzimierza Gruszczyńskiego","NAZWA_GMI":"Kraków","NAZWA_MSC":"Kraków","odleglosc_m":80.9,"strefa":"50-200 m","warstwa":"adresy"},"geometry":{"type":"Point","coordinates":[19.989291,49.989845]}},{"type":"Feature","properties":{"NUMER_PORZ":"36","KOD_POCZT":"30-699","NAZWA_ULC":"Włodzimierza Gruszczyńskiego","NAZWA_GMI":"Kraków","NAZWA_MSC":"Kraków","odleglosc_m":19.1,"strefa":"0-20 m","warstwa":"adresy"},"geometry":{"type":"Point","coordinates":[19.987481,49.989169]}},{"type":"Feature","properties":{"NUMER_PORZ":"17","KOD_POCZT":"30-699","NAZWA_ULC":"Elżbiety Drużbackiej","NAZWA_GMI":"Kraków","NAZWA_MSC":"Kraków","odleglosc_m":190.2,"strefa":"50-200 m","warstwa":"adresy"},"geometry":{"type":"Point","coordinates":[19.990509,49.979887]}},{"type":"Feature","properties":{"NUMER_PORZ":"3","KOD_POCZT":"30-699","NAZWA_ULC":"Cyryla Ratajskiego","NAZWA_GMI":"Kraków","NAZWA_MSC":"Kraków","odleglosc_m":164.5,"strefa":"50-200 m","warstwa":"adresy"},"geometry":{"type":"Point","coordinates":[19.990539,49.981235]}},{"type":"Feature","properties":{"NUMER_PORZ":"25","KOD_POCZT":"30-699","NAZWA_ULC":"Bronisława Malinowskiego","NAZWA_GMI":"Kraków","NAZWA_MSC":"Kraków","odleglosc_m":197.9,"strefa":"50-200 m","warstwa":"adresy"},"geometry":{"type":"Point","coordinates":[19.988257,49.985327]}},{"type":"Feature","properties":{"NUMER_PORZ":"3","KOD_POCZT":"30-699","NAZWA_ULC":"Na Pokusie","NAZWA_GMI":"Kraków","NAZWA_MSC":"Kraków","odleglosc_m":87.8,"strefa":"50-200 m","warstwa":"adresy"},"geometry":{"type":"Point","coordinates":[19.984579,49.99406]}},{"type":"Feature","properties":{"NUMER_PORZ":"5","KOD_POCZT":"30-699","NAZWA_ULC":"Na Pokusie","NAZWA_GMI":"Kraków","NAZWA_MSC":"Kraków","odleglosc_m":125.2,"strefa":"50-200 m","warstwa":"adresy"},"geometry":{"type":"Point","coordinates":[19.985105,49.99417]}},{"type":"Feature","properties":{"NUMER_PORZ":"6","KOD_POCZT":"30-699","NAZWA_ULC":"Na Pokusie","NAZWA_GMI":"Kraków","NAZWA_MSC":"Kraków","odleglosc_m":59.1,"strefa":"50-200 m","warstwa":"adresy"},"geometry":{"type":"Point","coordinates":[19.98445,49.993742]}},{"type":"Feature","properties":{"NUMER_PORZ":"5","KOD_POCZT":"30-699","NAZWA_ULC":"Cyryla Ratajskiego","NAZWA_GMI":"Kraków","NAZWA_MSC":"Kraków","odleglosc_m":135.6,"strefa":"50-200 m","warstwa":"adresy"},"geometry":{"type":"Point","coordinates":[19.990917,49.981359]}},{"type":"Feature","properties":{"NUMER_PORZ":"5b","KOD_POCZT":"30-699","NAZWA_ULC":"Elżbiety Drużbackiej","NAZWA_GMI":"Kraków","NAZWA_MSC":"Kraków","odleglosc_m":192.7,"strefa":"50-200 m","warstwa":"adresy"},"geometry":{"type":"Point","coordinates":[19.989926,49.98204]}},{"type":"Feature","properties":{"NUMER_PORZ":"4","KOD_POCZT":"30-699","NAZWA_ULC":"Stanisława Jasiukowicza","NAZWA_GMI":"Kraków","NAZWA_MSC":"Kraków","odleglosc_m":111.0,"strefa":"50-200 m","warstwa":"adresy"},"geometry":{"type":"Point","coordinates":[19.991281,49.981289]}},{"type":"Feature","properties":{"NUMER_PORZ":"6","KOD_POCZT":"30-699","NAZWA_ULC":"Stanisława Jasiukowicza","NAZWA_GMI":"Kraków","NAZWA_MSC":"Kraków","odleglosc_m":116.6,"strefa":"50-200 m","warstwa":"adresy"},"geometry":{"type":"Point","coordinates":[19.991132,49.981574]}},{"type":"Feature","properties":{"NUMER_PORZ":"8","KOD_POCZT":"30-699","NAZWA_ULC":"Stanisława Jasiukowicza","NAZWA_GMI":"Kraków","NAZWA_MSC":"Kraków","odleglosc_m":119.8,"strefa":"50-200 m","warstwa":"adresy"},"geometry":{"type":"Point","coordinates":[19.991038,49.981761]}},{"type":"Feature","properties":{"NUMER_PORZ":"75","KOD_POCZT":"30-699","NAZWA_ULC":"Elżbiety Drużbackiej","NAZWA_GMI":"Kraków","NAZWA_MSC":"Kraków","odleglosc_m":178.4,"strefa":"50-200 m","warstwa":"adresy"},"geometry":{"type":"Point","coordinates":[19.992261,49.973335]}},{"type":"Feature","properties":{"NUMER_PORZ":"77","KOD_POCZT":"30-699","NAZWA_ULC":"Elżbiety Drużbackiej","NAZWA_GMI":"Kraków","NAZWA_MSC":"Kraków","odleglosc_m":153.8,"strefa":"50-200 m","warstwa":"adresy"},"geometry":{"type":"Point","coordinates":[19.992564,49.973546]}},{"type":"Feature","properties":{"NUMER_PORZ":"77a","KOD_POCZT":"30-699","NAZWA_ULC":"Elżbiety Drużbackiej","NAZWA_GMI":"Kraków","NAZWA_MSC":"Kraków","odleglosc_m":124.7,"strefa":"50-200 m","warstwa":"adresy"},"geometry":{"type":"Point","coordinates":[19.99297,49.973564]}},{"type":"Feature","properties":{"NUMER_PORZ":"79","KOD_POCZT":"30-699","NAZWA_ULC":"Elżbiety Drużbackiej","NAZWA_GMI":"Kraków","NAZWA_MSC":"Kraków","odleglosc_m":82.3,"strefa":"50-200 m","warstwa":"adresy"},"geometry":{"type":"Point","coordinates":[19.99355,49.973641]}},{"type":"Feature","properties":{"NUMER_PORZ":"83","KOD_POCZT":"30-699","NAZWA_ULC":"Elżbiety Drużbackiej","NAZWA_GMI":"Kraków","NAZWA_MSC":"Kraków","odleglosc_m":0.0,"strefa":"w śladzie","warstwa":"adresy"},"geometry":{"type":"Point","coordinates":[19.995193,49.97409]}},{"type":"Feature","properties":{"NUMER_PORZ":"85","KOD_POCZT":"30-699","NAZWA_ULC":"Elżbiety Drużbackiej","NAZWA_GMI":"Kraków","NAZWA_MSC":"Kraków","odleglosc_m":13.9,"strefa":"0-20 m","warstwa":"adresy"},"geometry":{"type":"Point","coordinates":[19.995526,49.973961]}},{"type":"Feature","properties":{"NUMER_PORZ":"87","KOD_POCZT":"30-699","NAZWA_ULC":"Elżbiety Drużbackiej","NAZWA_GMI":"Kraków","NAZWA_MSC":"Kraków","odleglosc_m":53.9,"strefa":"50-200 m","warstwa":"adresy"},"geometry":{"type":"Point","coordinates":[19.995966,49.974518]}},{"type":"Feature","properties":{"NUMER_PORZ":"89","KOD_POCZT":"30-699","NAZWA_ULC":"Elżbiety Drużbackiej","NAZWA_GMI":"Kraków","NAZWA_MSC":"Kraków","odleglosc_m":41.4,"strefa":"30-50 m","warstwa":"adresy"},"geometry":{"type":"Point","coordinates":[19.995934,49.973857]}},{"type":"Feature","properties":{"NUMER_PORZ":"3","KOD_POCZT":"30-699","NAZWA_ULC":"Antoniego Pajdaka","NAZWA_GMI":"Kraków","NAZWA_MSC":"Kraków","odleglosc_m":166.1,"strefa":"50-200 m","warstwa":"adresy"},"geometry":{"type":"Point","coordinates":[19.990581,49.980974]}},{"type":"Feature","properties":{"NUMER_PORZ":"4","KOD_POCZT":"30-699","NAZWA_ULC":"Antoniego Pajdaka","NAZWA_GMI":"Kraków","NAZWA_MSC":"Kraków","odleglosc_m":146.0,"strefa":"50-200 m","warstwa":"adresy"},"geometry":{"type":"Point","coordinates":[19.990937,49.98068]}},{"type":"Feature","properties":{"NUMER_PORZ":"5","KOD_POCZT":"30-699","NAZWA_ULC":"Antoniego Pajdaka","NAZWA_GMI":"Kraków","NAZWA_MSC":"Kraków","odleglosc_m":159.8,"strefa":"50-200 m","warstwa":"adresy"},"geometry":{"type":"Point","coordinates":[19.990716,49.980786]}},{"type":"Feature","properties":{"NUMER_PORZ":"8","KOD_POCZT":"30-699","NAZWA_ULC":"Antoniego Pajdaka","NAZWA_GMI":"Kraków","NAZWA_MSC":"Kraków","odleglosc_m":83.9,"strefa":"50-200 m","warstwa":"adresy"},"geometry":{"type":"Point","coordinates":[19.991797,49.980751]}},{"type":"Feature","properties":{"NUMER_PORZ":"91","KOD_POCZT":"30-699","NAZWA_ULC":"Elżbiety Drużbackiej","NAZWA_GMI":"Kraków","NAZWA_MSC":"Kraków","odleglosc_m":67.2,"strefa":"50-200 m","warstwa":"adresy"},"geometry":{"type":"Point","coordinates":[19.996291,49.973888]}},{"type":"Feature","properties":{"NUMER_PORZ":"93","KOD_POCZT":"30-699","NAZWA_ULC":"Elżbiety Drużbackiej","NAZWA_GMI":"Kraków","NAZWA_MSC":"Kraków","odleglosc_m":115.2,"strefa":"50-200 m","warstwa":"adresy"},"geometry":{"type":"Point","coordinates":[19.99695,49.973966]}},{"type":"Feature","properties":{"NUMER_PORZ":"97","KOD_POCZT":"30-699","NAZWA_ULC":"Elżbiety Drużbackiej","NAZWA_GMI":"Kraków","NAZWA_MSC":"Kraków","odleglosc_m":186.8,"strefa":"50-200 m","warstwa":"adresy"},"geometry":{"type":"Point","coordinates":[19.997839,49.974524]}},{"type":"Feature","properties":{"NUMER_PORZ":"20","KOD_POCZT":"30-699","NAZWA_ULC":"Szczawnicka","NAZWA_GMI":"Kraków","NAZWA_MSC":"Kraków","odleglosc_m":182.1,"strefa":"50-200 m","warstwa":"adresy"},"geometry":{"type":"Point","coordinates":[19.976943,49.995737]}},{"type":"Feature","properties":{"NUMER_PORZ":"22","KOD_POCZT":"30-699","NAZWA_ULC":"Szczawnicka","NAZWA_GMI":"Kraków","NAZWA_MSC":"Kraków","odleglosc_m":139.1,"strefa":"50-200 m","warstwa":"adresy"},"geometry":{"type":"Point","coordinates":[19.977588,49.995828]}},{"type":"Feature","properties":{"NUMER_PORZ":"26","KOD_POCZT":"30-699","NAZWA_ULC":"Szczawnicka","NAZWA_GMI":"Kraków","NAZWA_MSC":"Kraków","odleglosc_m":79.0,"strefa":"50-200 m","warstwa":"adresy"},"geometry":{"type":"Point","coordinates":[19.977982,49.996389]}},{"type":"Feature","properties":{"NUMER_PORZ":"28","KOD_POCZT":"30-699","NAZWA_ULC":"Szczawnicka","NAZWA_GMI":"Kraków","NAZWA_MSC":"Kraków","odleglosc_m":0.0,"strefa":"w śladzie","warstwa":"adresy"},"geometry":{"type":"Point","coordinates":[19.979718,49.996249]}},{"type":"Feature","properties":{"NUMER_PORZ":"28A","KOD_POCZT":"30-699","NAZWA_ULC":"Szczawnicka","NAZWA_GMI":"Kraków","NAZWA_MSC":"Kraków","odleglosc_m":8.6,"strefa":"0-20 m","warstwa":"adresy"},"geometry":{"type":"Point","coordinates":[19.979378,49.996249]}},{"type":"Feature","properties":{"NUMER_PORZ":"30","KOD_POCZT":"30-699","NAZWA_ULC":"Szczawnicka","NAZWA_GMI":"Kraków","NAZWA_MSC":"Kraków","odleglosc_m":26.1,"strefa":"20-30 m","warstwa":"adresy"},"geometry":{"type":"Point","coordinates":[19.979358,49.996004]}},{"type":"Feature","properties":{"NUMER_PORZ":"32","KOD_POCZT":"30-699","NAZWA_ULC":"Szczawnicka","NAZWA_GMI":"Kraków","NAZWA_MSC":"Kraków","odleglosc_m":0.0,"strefa":"w śladzie","warstwa":"adresy"},"geometry":{"type":"Point","coordinates":[19.979301,49.996722]}},{"type":"Feature","properties":{"NUMER_PORZ":"35","KOD_POCZT":"30-699","NAZWA_ULC":"Szczawnicka","NAZWA_GMI":"Kraków","NAZWA_MSC":"Kraków","odleglosc_m":69.3,"strefa":"50-200 m","warstwa":"adresy"},"geometry":{"type":"Point","coordinates":[19.980137,49.997492]}},{"type":"Feature","properties":{"NUMER_PORZ":"36","KOD_POCZT":"30-699","NAZWA_ULC":"Szczawnicka","NAZWA_GMI":"Kraków","NAZWA_MSC":"Kraków","odleglosc_m":23.5,"strefa":"20-30 m","warstwa":"adresy"},"geometry":{"type":"Point","coordinates":[19.978346,49.996907]}},{"type":"Feature","properties":{"NUMER_PORZ":"37","KOD_POCZT":"30-699","NAZWA_ULC":"Szczawnicka","NAZWA_GMI":"Kraków","NAZWA_MSC":"Kraków","odleglosc_m":97.4,"strefa":"50-200 m","warstwa":"adresy"},"geometry":{"type":"Point","coordinates":[19.980466,49.997631]}},{"type":"Feature","properties":{"NUMER_PORZ":"37B","KOD_POCZT":"30-699","NAZWA_ULC":"Szczawnicka","NAZWA_GMI":"Kraków","NAZWA_MSC":"Kraków","odleglosc_m":75.4,"strefa":"50-200 m","warstwa":"adresy"},"geometry":{"type":"Point","coordinates":[19.980085,49.997628]}},{"type":"Feature","properties":{"NUMER_PORZ":"47","KOD_POCZT":"30-699","NAZWA_ULC":"Włodzimierza Gruszczyńskiego","NAZWA_GMI":"Kraków","NAZWA_MSC":"Kraków","odleglosc_m":89.2,"strefa":"50-200 m","warstwa":"adresy"},"geometry":{"type":"Point","coordinates":[19.989647,49.98572]}},{"type":"Feature","properties":{"NUMER_PORZ":"48","KOD_POCZT":"30-698","NAZWA_ULC":"Włodzimierza Gruszczyńskiego","NAZWA_GMI":"Kraków","NAZWA_MSC":"Kraków","odleglosc_m":71.7,"strefa":"50-200 m","warstwa":"adresy"},"geometry":{"type":"Point","coordinates":[19.98838,49.987525]}},{"type":"Feature","properties":{"NUMER_PORZ":"48a","KOD_POCZT":"30-698","NAZWA_ULC":"Włodzimierza Gruszczyńskiego","NAZWA_GMI":"Kraków","NAZWA_MSC":"Kraków","odleglosc_m":96.1,"strefa":"50-200 m","warstwa":"adresy"},"geometry":{"type":"Point","coordinates":[19.988077,49.987422]}},{"type":"Feature","properties":{"NUMER_PORZ":"49","KOD_POCZT":"30-698","NAZWA_ULC":"Włodzimierza Gruszczyńskiego","NAZWA_GMI":"Kraków","NAZWA_MSC":"Kraków","odleglosc_m":106.3,"strefa":"50-200 m","warstwa":"adresy"},"geometry":{"type":"Point","coordinates":[19.989712,49.985264]}},{"type":"Feature","properties":{"NUMER_PORZ":"38","KOD_POCZT":"30-699","NAZWA_ULC":"Szczawnicka","NAZWA_GMI":"Kraków","NAZWA_MSC":"Kraków","odleglosc_m":0.0,"strefa":"w śladzie","warstwa":"adresy"},"geometry":{"type":"Point","coordinates":[19.978992,49.997255]}},{"type":"Feature","properties":{"NUMER_PORZ":"39","KOD_POCZT":"30-699","NAZWA_ULC":"Szczawnicka","NAZWA_GMI":"Kraków","NAZWA_MSC":"Kraków","odleglosc_m":121.9,"strefa":"50-200 m","warstwa":"adresy"},"geometry":{"type":"Point","coordinates":[19.980682,49.997813]}},{"type":"Feature","properties":{"NUMER_PORZ":"41","KOD_POCZT":"30-699","NAZWA_ULC":"Szczawnicka","NAZWA_GMI":"Kraków","NAZWA_MSC":"Kraków","odleglosc_m":149.9,"strefa":"50-200 m","warstwa":"adresy"},"geometry":{"type":"Point","coordinates":[19.981158,49.997824]}},{"type":"Feature","properties":{"NUMER_PORZ":"42","KOD_POCZT":"30-699","NAZWA_ULC":"Szczawnicka","NAZWA_GMI":"Kraków","NAZWA_MSC":"Kraków","odleglosc_m":59.8,"strefa":"50-200 m","warstwa":"adresy"},"geometry":{"type":"Point","coordinates":[19.980072,49.997406]}},{"type":"Feature","properties":{"NUMER_PORZ":"43","KOD_POCZT":"30-699","NAZWA_ULC":"Szczawnicka","NAZWA_GMI":"Kraków","NAZWA_MSC":"Kraków","odleglosc_m":189.2,"strefa":"50-200 m","warstwa":"adresy"},"geometry":{"type":"Point","coordinates":[19.981717,49.997934]}},{"type":"Feature","properties":{"NUMER_PORZ":"48","KOD_POCZT":"30-699","NAZWA_ULC":"Szczawnicka","NAZWA_GMI":"Kraków","NAZWA_MSC":"Kraków","odleglosc_m":171.5,"strefa":"50-200 m","warstwa":"adresy"},"geometry":{"type":"Point","coordinates":[19.981743,49.997647]}},{"type":"Feature","properties":{"NUMER_PORZ":"50","KOD_POCZT":"30-699","NAZWA_ULC":"Szczawnicka","NAZWA_GMI":"Kraków","NAZWA_MSC":"Kraków","odleglosc_m":167.8,"strefa":"50-200 m","warstwa":"adresy"},"geometry":{"type":"Point","coordinates":[19.982682,49.996791]}},{"type":"Feature","properties":{"NUMER_PORZ":"52","KOD_POCZT":"30-699","NAZWA_ULC":"Szczawnicka","NAZWA_GMI":"Kraków","NAZWA_MSC":"Kraków","odleglosc_m":174.6,"strefa":"50-200 m","warstwa":"adresy"},"geometry":{"type":"Point","coordinates":[19.982766,49.996819]}},{"type":"Feature","properties":{"NUMER_PORZ":"54","KOD_POCZT":"30-699","NAZWA_ULC":"Włodzimierza Gruszczyńskiego","NAZWA_GMI":"Kraków","NAZWA_MSC":"Kraków","odleglosc_m":121.7,"strefa":"50-200 m","warstwa":"adresy"},"geometry":{"type":"Point","coordinates":[19.988988,49.98594]}},{"type":"Feature","properties":{"NUMER_PORZ":"60","KOD_POCZT":"30-699","NAZWA_ULC":"Włodzimierza Gruszczyńskiego","NAZWA_GMI":"Kraków","NAZWA_MSC":"Kraków","odleglosc_m":194.7,"strefa":"50-200 m","warstwa":"adresy"},"geometry":{"type":"Point","coordinates":[19.988947,49.984336]}},{"type":"Feature","properties":{"NUMER_PORZ":"61","KOD_POCZT":"30-698","NAZWA_ULC":"Włodzimierza Gruszczyńskiego","NAZWA_GMI":"Kraków","NAZWA_MSC":"Kraków","odleglosc_m":188.9,"strefa":"50-200 m","warstwa":"adresy"},"geometry":{"type":"Point","coordinates":[19.989393,49.983625]}},{"type":"Feature","properties":{"NUMER_PORZ":"63","KOD_POCZT":"30-698","NAZWA_ULC":"Włodzimierza Gruszczyńskiego","NAZWA_GMI":"Kraków","NAZWA_MSC":"Kraków","odleglosc_m":197.5,"strefa":"50-200 m","warstwa":"adresy"},"geometry":{"type":"Point","coordinates":[19.989366,49.98342]}},{"type":"Feature","properties":{"NUMER_PORZ":"22","KOD_POCZT":"30-699","NAZWA_ULC":"Juliusza Osterwy","NAZWA_GMI":"Kraków","NAZWA_MSC":"Kraków","odleglosc_m":87.9,"strefa":"50-200 m","warstwa":"adresy"},"geometry":{"type":"Point","coordinates":[19.985298,49.993448]}},{"type":"Feature","properties":{"NUMER_PORZ":"5","KOD_POCZT":"32-040","NAZWA_ULC":"Gajowa","NAZWA_GMI":"Świątniki Górne","NAZWA_MSC":"Olszowice","odleglosc_m":101.3,"strefa":"50-200 m","warstwa":"adresy"},"geometry":{"type":"Point","coordinates":[19.922851,49.910504]}},{"type":"Feature","properties":{"NUMER_PORZ":"3","KOD_POCZT":"32-040","NAZWA_ULC":"Topolowa","NAZWA_GMI":"Świątniki Górne","NAZWA_MSC":"Rzeszotary","odleglosc_m":77.2,"strefa":"50-200 m","warstwa":"adresy"},"geometry":{"type":"Point","coordinates":[19.981575,49.938324]}},{"type":"Feature","properties":{"NUMER_PORZ":"33","KOD_POCZT":"32-040","NAZWA_ULC":"Zarzecze","NAZWA_GMI":"Świątniki Górne","NAZWA_MSC":"Rzeszotary","odleglosc_m":78.6,"strefa":"50-200 m","warstwa":"adresy"},"geometry":{"type":"Point","coordinates":[19.980038,49.940917]}},{"type":"Feature","properties":{"NUMER_PORZ":"29","KOD_POCZT":"32-447","NAZWA_ULC":"Parkowa","NAZWA_GMI":"Siepraw","NAZWA_MSC":"Siepraw","odleglosc_m":169.7,"strefa":"50-200 m","warstwa":"adresy"},"geometry":{"type":"Point","coordinates":[19.945559,49.913477]}},{"type":"Feature","properties":{"NUMER_PORZ":"45","KOD_POCZT":"32-447","NAZWA_ULC":"Dobra","NAZWA_GMI":"Siepraw","NAZWA_MSC":"Siepraw","odleglosc_m":37.6,"strefa":"30-50 m","warstwa":"adresy"},"geometry":{"type":"Point","coordinates":[19.943687,49.910154]}},{"type":"Feature","properties":{"NUMER_PORZ":"61","KOD_POCZT":"32-447","NAZWA_ULC":"Dobra","NAZWA_GMI":"Siepraw","NAZWA_MSC":"Siepraw","odleglosc_m":108.7,"strefa":"50-200 m","warstwa":"adresy"},"geometry":{"type":"Point","coordinates":[19.944504,49.911848]}},{"type":"Feature","properties":{"NUMER_PORZ":"25","KOD_POCZT":"32-447","NAZWA_ULC":"Dobra","NAZWA_GMI":"Siepraw","NAZWA_MSC":"Siepraw","odleglosc_m":0.0,"strefa":"w śladzie","warstwa":"adresy"},"geometry":{"type":"Point","coordinates":[19.943357,49.909068]}},{"type":"Feature","properties":{"NUMER_PORZ":"34","KOD_POCZT":"32-447","NAZWA_ULC":"Kręta","NAZWA_GMI":"Siepraw","NAZWA_MSC":"Siepraw","odleglosc_m":126.0,"strefa":"50-200 m","warstwa":"adresy"},"geometry":{"type":"Point","coordinates":[19.953735,49.91844]}},{"type":"Feature","properties":{"NUMER_PORZ":"87","KOD_POCZT":"32-447","NAZWA_ULC":"Kwiatowa","NAZWA_GMI":"Siepraw","NAZWA_MSC":"Siepraw","odleglosc_m":147.6,"strefa":"50-200 m","warstwa":"adresy"},"geometry":{"type":"Point","coordinates":[19.93757,49.90702]}},{"type":"Feature","properties":{"NUMER_PORZ":"34","KOD_POCZT":"32-447","NAZWA_ULC":"Dobra","NAZWA_GMI":"Siepraw","NAZWA_MSC":"Siepraw","odleglosc_m":56.0,"strefa":"50-200 m","warstwa":"adresy"},"geometry":{"type":"Point","coordinates":[19.944267,49.910907]}},{"type":"Feature","properties":{"NUMER_PORZ":"32","KOD_POCZT":"32-447","NAZWA_ULC":"Dobra","NAZWA_GMI":"Siepraw","NAZWA_MSC":"Siepraw","odleglosc_m":53.1,"strefa":"50-200 m","warstwa":"adresy"},"geometry":{"type":"Point","coordinates":[19.944116,49.910742]}},{"type":"Feature","properties":{"NUMER_PORZ":"18","KOD_POCZT":"32-447","NAZWA_ULC":"Dobra","NAZWA_GMI":"Siepraw","NAZWA_MSC":"Siepraw","odleglosc_m":44.7,"strefa":"30-50 m","warstwa":"adresy"},"geometry":{"type":"Point","coordinates":[19.94518,49.909473]}},{"type":"Feature","properties":{"NUMER_PORZ":"17","KOD_POCZT":"32-447","NAZWA_ULC":"Dobra","NAZWA_GMI":"Siepraw","NAZWA_MSC":"Siepraw","odleglosc_m":29.7,"strefa":"20-30 m","warstwa":"adresy"},"geometry":{"type":"Point","coordinates":[19.944216,49.908852]}},{"type":"Feature","properties":{"NUMER_PORZ":"87","KOD_POCZT":"32-447","NAZWA_ULC":"Dobra","NAZWA_GMI":"Siepraw","NAZWA_MSC":"Siepraw","odleglosc_m":182.4,"strefa":"50-200 m","warstwa":"adresy"},"geometry":{"type":"Point","coordinates":[19.944602,49.912948]}},{"type":"Feature","properties":{"NUMER_PORZ":"89","KOD_POCZT":"32-447","NAZWA_ULC":"Dobra","NAZWA_GMI":"Siepraw","NAZWA_MSC":"Siepraw","odleglosc_m":197.9,"strefa":"50-200 m","warstwa":"adresy"},"geometry":{"type":"Point","coordinates":[19.944613,49.91317]}},{"type":"Feature","properties":{"NUMER_PORZ":"47","KOD_POCZT":"32-447","NAZWA_ULC":"Dobra","NAZWA_GMI":"Siepraw","NAZWA_MSC":"Siepraw","odleglosc_m":54.7,"strefa":"50-200 m","warstwa":"adresy"},"geometry":{"type":"Point","coordinates":[19.943636,49.910366]}},{"type":"Feature","properties":{"NUMER_PORZ":"38","KOD_POCZT":"32-447","NAZWA_ULC":"Dobra","NAZWA_GMI":"Siepraw","NAZWA_MSC":"Siepraw","odleglosc_m":66.9,"strefa":"50-200 m","warstwa":"adresy"},"geometry":{"type":"Point","coordinates":[19.944755,49.911453]}},{"type":"Feature","properties":{"NUMER_PORZ":"2","KOD_POCZT":"32-477","NAZWA_ULC":"Parkowa","NAZWA_GMI":"Siepraw","NAZWA_MSC":"Siepraw","odleglosc_m":27.1,"strefa":"20-30 m","warstwa":"adresy"},"geometry":{"type":"Point","coordinates":[19.94883,49.913878]}},{"type":"Feature","properties":{"NUMER_PORZ":"17","KOD_POCZT":"32-447","NAZWA_ULC":"Kręta","NAZWA_GMI":"Siepraw","NAZWA_MSC":"Siepraw","odleglosc_m":63.3,"strefa":"50-200 m","warstwa":"adresy"},"geometry":{"type":"Point","coordinates":[19.954988,49.918464]}},{"type":"Feature","properties":{"NUMER_PORZ":"35","KOD_POCZT":"32-447","NAZWA_ULC":"Dobra","NAZWA_GMI":"Siepraw","NAZWA_MSC":"Siepraw","odleglosc_m":0.0,"strefa":"w śladzie","warstwa":"adresy"},"geometry":{"type":"Point","coordinates":[19.9443,49.909387]}},{"type":"Feature","properties":{"NUMER_PORZ":"46","KOD_POCZT":"32-447","NAZWA_ULC":"Królewska","NAZWA_GMI":"Siepraw","NAZWA_MSC":"Siepraw","odleglosc_m":0.0,"strefa":"w śladzie","warstwa":"adresy"},"geometry":{"type":"Point","coordinates":[19.95873,49.919807]}},{"type":"Feature","properties":{"NUMER_PORZ":"37A","KOD_POCZT":"32-447","NAZWA_ULC":"Jabłoniowa","NAZWA_GMI":"Siepraw","NAZWA_MSC":"Siepraw","odleglosc_m":179.7,"strefa":"50-200 m","warstwa":"adresy"},"geometry":{"type":"Point","coordinates":[19.951317,49.917525]}},{"type":"Feature","properties":{"NUMER_PORZ":"25","KOD_POCZT":"32-447","NAZWA_ULC":"Jasna","NAZWA_GMI":"Siepraw","NAZWA_MSC":"Siepraw","odleglosc_m":0.0,"strefa":"nad tunelem","warstwa":"adresy"},"geometry":{"type":"Point","coordinates":[19.967629,49.925923]}},{"type":"Feature","properties":{"NUMER_PORZ":"23","KOD_POCZT":"32-447","NAZWA_ULC":"Jasna","NAZWA_GMI":"Siepraw","NAZWA_MSC":"Siepraw","odleglosc_m":0.0,"strefa":"nad tunelem","warstwa":"adresy"},"geometry":{"type":"Point","coordinates":[19.967687,49.925868]}},{"type":"Feature","properties":{"NUMER_PORZ":"28","KOD_POCZT":"32-447","NAZWA_ULC":"Jasna","NAZWA_GMI":"Siepraw","NAZWA_MSC":"Siepraw","odleglosc_m":0.0,"strefa":"nad tunelem","warstwa":"adresy"},"geometry":{"type":"Point","coordinates":[19.969271,49.926805]}},{"type":"Feature","properties":{"NUMER_PORZ":"69","KOD_POCZT":"32-447","NAZWA_ULC":"Królewska","NAZWA_GMI":"Siepraw","NAZWA_MSC":"Siepraw","odleglosc_m":17.3,"strefa":"0-20 m","warstwa":"adresy"},"geometry":{"type":"Point","coordinates":[19.957969,49.919853]}},{"type":"Feature","properties":{"NUMER_PORZ":"34","KOD_POCZT":"32-447","NAZWA_ULC":"Królewska","NAZWA_GMI":"Siepraw","NAZWA_MSC":"Siepraw","odleglosc_m":128.2,"strefa":"50-200 m","warstwa":"adresy"},"geometry":{"type":"Point","coordinates":[19.958827,49.917913]}},{"type":"Feature","properties":{"NUMER_PORZ":"51","KOD_POCZT":"32-447","NAZWA_ULC":"Królewska","NAZWA_GMI":"Siepraw","NAZWA_MSC":"Siepraw","odleglosc_m":187.8,"strefa":"50-200 m","warstwa":"adresy"},"geometry":{"type":"Point","coordinates":[19.957985,49.916582]}},{"type":"Feature","properties":{"NUMER_PORZ":"44","KOD_POCZT":"32-447","NAZWA_ULC":"Królewska","NAZWA_GMI":"Siepraw","NAZWA_MSC":"Siepraw","odleglosc_m":0.0,"strefa":"w śladzie","warstwa":"adresy"},"geometry":{"type":"Point","coordinates":[19.958739,49.919605]}},{"type":"Feature","properties":{"NUMER_PORZ":"5","KOD_POCZT":"32-447","NAZWA_ULC":"Jasna","NAZWA_GMI":"Siepraw","NAZWA_MSC":"Siepraw","odleglosc_m":182.5,"strefa":"50-200 m","warstwa":"adresy"},"geometry":{"type":"Point","coordinates":[19.970812,49.925201]}},{"type":"Feature","properties":{"NUMER_PORZ":"15","KOD_POCZT":"32-447","NAZWA_ULC":"Jasna","NAZWA_GMI":"Siepraw","NAZWA_MSC":"Siepraw","odleglosc_m":101.5,"strefa":"50-200 m","warstwa":"adresy"},"geometry":{"type":"Point","coordinates":[19.969683,49.925485]}},{"type":"Feature","properties":{"NUMER_PORZ":"14","KOD_POCZT":"32-447","NAZWA_ULC":"Jasna","NAZWA_GMI":"Siepraw","NAZWA_MSC":"Siepraw","odleglosc_m":133.2,"strefa":"50-200 m","warstwa":"adresy"},"geometry":{"type":"Point","coordinates":[19.970468,49.925616]}},{"type":"Feature","properties":{"NUMER_PORZ":"3","KOD_POCZT":"32-447","NAZWA_ULC":"Jasna","NAZWA_GMI":"Siepraw","NAZWA_MSC":"Siepraw","odleglosc_m":168.0,"strefa":"50-200 m","warstwa":"adresy"},"geometry":{"type":"Point","coordinates":[19.970796,49.925384]}},{"type":"Feature","properties":{"NUMER_PORZ":"1","KOD_POCZT":"32-447","NAZWA_ULC":"Jasna","NAZWA_GMI":"Siepraw","NAZWA_MSC":"Siepraw","odleglosc_m":187.1,"strefa":"50-200 m","warstwa":"adresy"},"geometry":{"type":"Point","coordinates":[19.971246,49.925446]}},{"type":"Feature","properties":{"NUMER_PORZ":"24","KOD_POCZT":"32-447","NAZWA_ULC":"Jasna","NAZWA_GMI":"Siepraw","NAZWA_MSC":"Siepraw","odleglosc_m":51.0,"strefa":"50-200 m","warstwa":"adresy"},"geometry":{"type":"Point","coordinates":[19.969684,49.926159]}},{"type":"Feature","properties":{"NUMER_PORZ":"7","KOD_POCZT":"32-447","NAZWA_ULC":"Jasna","NAZWA_GMI":"Siepraw","NAZWA_MSC":"Siepraw","odleglosc_m":197.2,"strefa":"50-200 m","warstwa":"adresy"},"geometry":{"type":"Point","coordinates":[19.97084,49.925025]}},{"type":"Feature","properties":{"NUMER_PORZ":"13","KOD_POCZT":"32-447","NAZWA_ULC":"Jasna","NAZWA_GMI":"Siepraw","NAZWA_MSC":"Siepraw","odleglosc_m":138.1,"strefa":"50-200 m","warstwa":"adresy"},"geometry":{"type":"Point","coordinates":[19.970166,49.925338]}},{"type":"Feature","properties":{"NUMER_PORZ":"12","KOD_POCZT":"32-447","NAZWA_ULC":"Górska","NAZWA_GMI":"Siepraw","NAZWA_MSC":"Siepraw","odleglosc_m":142.1,"strefa":"50-200 m","warstwa":"adresy"},"geometry":{"type":"Point","coordinates":[19.97294,49.927428]}},{"type":"Feature","properties":{"NUMER_PORZ":"18","KOD_POCZT":"32-447","NAZWA_ULC":"Jasna","NAZWA_GMI":"Siepraw","NAZWA_MSC":"Siepraw","odleglosc_m":73.6,"strefa":"50-200 m","warstwa":"adresy"},"geometry":{"type":"Point","coordinates":[19.970172,49.926204]}},{"type":"Feature","properties":{"NUMER_PORZ":"4","KOD_POCZT":"32-447","NAZWA_ULC":"Jasna","NAZWA_GMI":"Siepraw","NAZWA_MSC":"Siepraw","odleglosc_m":149.3,"strefa":"50-200 m","warstwa":"adresy"},"geometry":{"type":"Point","coordinates":[19.970981,49.925767]}},{"type":"Feature","properties":{"NUMER_PORZ":"16","KOD_POCZT":"32-447","NAZWA_ULC":"Jasna","NAZWA_GMI":"Siepraw","NAZWA_MSC":"Siepraw","odleglosc_m":109.6,"strefa":"50-200 m","warstwa":"adresy"},"geometry":{"type":"Point","coordinates":[19.970199,49.925741]}},{"type":"Feature","properties":{"NUMER_PORZ":"11","KOD_POCZT":"32-447","NAZWA_ULC":"Jasna","NAZWA_GMI":"Siepraw","NAZWA_MSC":"Siepraw","odleglosc_m":160.6,"strefa":"50-200 m","warstwa":"adresy"},"geometry":{"type":"Point","coordinates":[19.97043,49.925224]}},{"type":"Feature","properties":{"NUMER_PORZ":"9","KOD_POCZT":"32-447","NAZWA_ULC":"Jasna","NAZWA_GMI":"Siepraw","NAZWA_MSC":"Siepraw","odleglosc_m":174.6,"strefa":"50-200 m","warstwa":"adresy"},"geometry":{"type":"Point","coordinates":[19.970486,49.925077]}},{"type":"Feature","properties":{"NUMER_PORZ":"22","KOD_POCZT":"32-447","NAZWA_ULC":"Jasna","NAZWA_GMI":"Siepraw","NAZWA_MSC":"Siepraw","odleglosc_m":31.9,"strefa":"30-50 m","warstwa":"adresy"},"geometry":{"type":"Point","coordinates":[19.969755,49.926468]}},{"type":"Feature","properties":{"NUMER_PORZ":"30","KOD_POCZT":"32-447","NAZWA_ULC":"Jasna","NAZWA_GMI":"Siepraw","NAZWA_MSC":"Siepraw","odleglosc_m":0.0,"strefa":"nad tunelem","warstwa":"adresy"},"geometry":{"type":"Point","coordinates":[19.967772,49.926181]}},{"type":"Feature","properties":{"NUMER_PORZ":"19","KOD_POCZT":"32-447","NAZWA_ULC":"Jasna","NAZWA_GMI":"Siepraw","NAZWA_MSC":"Siepraw","odleglosc_m":3.4,"strefa":"0-20 m","warstwa":"adresy"},"geometry":{"type":"Point","coordinates":[19.968652,49.926065]}},{"type":"Feature","properties":{"NUMER_PORZ":"2","KOD_POCZT":"32-447","NAZWA_ULC":"Jasna","NAZWA_GMI":"Siepraw","NAZWA_MSC":"Siepraw","odleglosc_m":170.4,"strefa":"50-200 m","warstwa":"adresy"},"geometry":{"type":"Point","coordinates":[19.971332,49.925745]}},{"type":"Feature","properties":{"NUMER_PORZ":"17","KOD_POCZT":"32-447","NAZWA_ULC":"Jasna","NAZWA_GMI":"Siepraw","NAZWA_MSC":"Siepraw","odleglosc_m":44.9,"strefa":"30-50 m","warstwa":"adresy"},"geometry":{"type":"Point","coordinates":[19.969041,49.925786]}},{"type":"Feature","properties":{"NUMER_PORZ":"8","KOD_POCZT":"32-447","NAZWA_ULC":"Jasna","NAZWA_GMI":"Siepraw","NAZWA_MSC":"Siepraw","odleglosc_m":134.9,"strefa":"50-200 m","warstwa":"adresy"},"geometry":{"type":"Point","coordinates":[19.971351,49.926267]}},{"type":"Feature","properties":{"NUMER_PORZ":"20","KOD_POCZT":"32-447","NAZWA_ULC":"Jasna","NAZWA_GMI":"Siepraw","NAZWA_MSC":"Siepraw","odleglosc_m":52.8,"strefa":"50-200 m","warstwa":"adresy"},"geometry":{"type":"Point","coordinates":[19.97037,49.926659]}},{"type":"Feature","properties":{"NUMER_PORZ":"83","KOD_POCZT":"32-447","NAZWA_ULC":"Kwiatowa","NAZWA_GMI":"Siepraw","NAZWA_MSC":"Siepraw","odleglosc_m":138.3,"strefa":"50-200 m","warstwa":"adresy"},"geometry":{"type":"Point","coordinates":[19.937933,49.907083]}},{"type":"Feature","properties":{"NUMER_PORZ":"84A","KOD_POCZT":"32-447","NAZWA_ULC":"Krakowska","NAZWA_GMI":"Siepraw","NAZWA_MSC":"Siepraw","odleglosc_m":146.2,"strefa":"50-200 m","warstwa":"adresy"},"geometry":{"type":"Point","coordinates":[19.952007,49.913133]}},{"type":"Feature","properties":{"NUMER_PORZ":"6","KOD_POCZT":"32-447","NAZWA_ULC":"Jasna","NAZWA_GMI":"Siepraw","NAZWA_MSC":"Siepraw","odleglosc_m":123.7,"strefa":"50-200 m","warstwa":"adresy"},"geometry":{"type":"Point","coordinates":[19.971004,49.926151]}},{"type":"Feature","properties":{"NUMER_PORZ":"26","KOD_POCZT":"32-447","NAZWA_ULC":"Jasna","NAZWA_GMI":"Siepraw","NAZWA_MSC":"Siepraw","odleglosc_m":73.5,"strefa":"50-200 m","warstwa":"adresy"},"geometry":{"type":"Point","coordinates":[19.96967,49.925848]}},{"type":"Feature","properties":{"NUMER_PORZ":"12","KOD_POCZT":"32-447","NAZWA_ULC":"Jasna","NAZWA_GMI":"Siepraw","NAZWA_MSC":"Siepraw","odleglosc_m":117.5,"strefa":"50-200 m","warstwa":"adresy"},"geometry":{"type":"Point","coordinates":[19.970554,49.925886]}},{"type":"Feature","properties":{"NUMER_PORZ":"28","KOD_POCZT":"32-447","NAZWA_ULC":"Królewska","NAZWA_GMI":"Siepraw","NAZWA_MSC":"Siepraw","odleglosc_m":169.0,"strefa":"50-200 m","warstwa":"adresy"},"geometry":{"type":"Point","coordinates":[19.959028,49.91752]}},{"type":"Feature","properties":{"NUMER_PORZ":"38","KOD_POCZT":"32-447","NAZWA_ULC":"Królewska","NAZWA_GMI":"Siepraw","NAZWA_MSC":"Siepraw","odleglosc_m":49.1,"strefa":"30-50 m","warstwa":"adresy"},"geometry":{"type":"Point","coordinates":[19.958929,49.919002]}},{"type":"Feature","properties":{"NUMER_PORZ":"32","KOD_POCZT":"32-447","NAZWA_ULC":"Królewska","NAZWA_GMI":"Siepraw","NAZWA_MSC":"Siepraw","odleglosc_m":148.7,"strefa":"50-200 m","warstwa":"adresy"},"geometry":{"type":"Point","coordinates":[19.958895,49.917692]}},{"type":"Feature","properties":{"NUMER_PORZ":"67","KOD_POCZT":"32-447","NAZWA_ULC":"Królewska","NAZWA_GMI":"Siepraw","NAZWA_MSC":"Siepraw","odleglosc_m":50.2,"strefa":"50-200 m","warstwa":"adresy"},"geometry":{"type":"Point","coordinates":[19.958363,49.918611]}},{"type":"Feature","properties":{"NUMER_PORZ":"7","KOD_POCZT":"32-447","NAZWA_ULC":"Parkowa","NAZWA_GMI":"Siepraw","NAZWA_MSC":"Siepraw","odleglosc_m":0.0,"strefa":"w śladzie","warstwa":"adresy"},"geometry":{"type":"Point","coordinates":[19.94909,49.91342]}},{"type":"Feature","properties":{"NUMER_PORZ":"79","KOD_POCZT":"32-447","NAZWA_ULC":"Krakowska","NAZWA_GMI":"Siepraw","NAZWA_MSC":"Siepraw","odleglosc_m":24.6,"strefa":"20-30 m","warstwa":"adresy"},"geometry":{"type":"Point","coordinates":[19.949959,49.913332]}},{"type":"Feature","properties":{"NUMER_PORZ":"71","KOD_POCZT":"32-447","NAZWA_ULC":"Krakowska","NAZWA_GMI":"Siepraw","NAZWA_MSC":"Siepraw","odleglosc_m":190.4,"strefa":"50-200 m","warstwa":"adresy"},"geometry":{"type":"Point","coordinates":[19.951708,49.912356]}},{"type":"Feature","properties":{"NUMER_PORZ":"17","KOD_POCZT":"32-447","NAZWA_ULC":"Jabłoniowa","NAZWA_GMI":"Siepraw","NAZWA_MSC":"Siepraw","odleglosc_m":57.3,"strefa":"50-200 m","warstwa":"adresy"},"geometry":{"type":"Point","coordinates":[19.955211,49.916424]}},{"type":"Feature","properties":{"NUMER_PORZ":"87","KOD_POCZT":"32-447","NAZWA_ULC":"Krakowska","NAZWA_GMI":"Siepraw","NAZWA_MSC":"Siepraw","odleglosc_m":134.9,"strefa":"50-200 m","warstwa":"adresy"},"geometry":{"type":"Point","coordinates":[19.947855,49.914623]}},{"type":"Feature","properties":{"NUMER_PORZ":"65","KOD_POCZT":"32-447","NAZWA_ULC":"Krakowska","NAZWA_GMI":"Siepraw","NAZWA_MSC":"Siepraw","odleglosc_m":193.5,"strefa":"50-200 m","warstwa":"adresy"},"geometry":{"type":"Point","coordinates":[19.952026,49.912533]}},{"type":"Feature","properties":{"NUMER_PORZ":"9A","KOD_POCZT":"32-477","NAZWA_ULC":"Parkowa","NAZWA_GMI":"Siepraw","NAZWA_MSC":"Siepraw","odleglosc_m":0.0,"strefa":"w śladzie","warstwa":"adresy"},"geometry":{"type":"Point","coordinates":[19.948799,49.913124]}},{"type":"Feature","properties":{"NUMER_PORZ":"27","KOD_POCZT":"32-447","NAZWA_ULC":"Jabłoniowa","NAZWA_GMI":"Siepraw","NAZWA_MSC":"Siepraw","odleglosc_m":22.7,"strefa":"20-30 m","warstwa":"adresy"},"geometry":{"type":"Point","coordinates":[19.953404,49.916886]}},{"type":"Feature","properties":{"NUMER_PORZ":"86","KOD_POCZT":"32-447","NAZWA_ULC":"Krakowska","NAZWA_GMI":"Siepraw","NAZWA_MSC":"Siepraw","odleglosc_m":121.5,"strefa":"50-200 m","warstwa":"adresy"},"geometry":{"type":"Point","coordinates":[19.951908,49.913386]}},{"type":"Feature","properties":{"NUMER_PORZ":"77","KOD_POCZT":"32-447","NAZWA_ULC":"Krakowska","NAZWA_GMI":"Siepraw","NAZWA_MSC":"Siepraw","odleglosc_m":56.4,"strefa":"50-200 m","warstwa":"adresy"},"geometry":{"type":"Point","coordinates":[19.950376,49.913201]}},{"type":"Feature","properties":{"NUMER_PORZ":"83","KOD_POCZT":"32-447","NAZWA_ULC":"Krakowska","NAZWA_GMI":"Siepraw","NAZWA_MSC":"Siepraw","odleglosc_m":39.8,"strefa":"30-50 m","warstwa":"adresy"},"geometry":{"type":"Point","coordinates":[19.948834,49.914047]}},{"type":"Feature","properties":{"NUMER_PORZ":"20","KOD_POCZT":"32-447","NAZWA_ULC":"Górska","NAZWA_GMI":"Siepraw","NAZWA_MSC":"Siepraw","odleglosc_m":149.1,"strefa":"50-200 m","warstwa":"adresy"},"geometry":{"type":"Point","coordinates":[19.97195,49.926539]}},{"type":"Feature","properties":{"NUMER_PORZ":"8","KOD_POCZT":"32-447","NAZWA_ULC":"Górska","NAZWA_GMI":"Siepraw","NAZWA_MSC":"Siepraw","odleglosc_m":179.1,"strefa":"50-200 m","warstwa":"adresy"},"geometry":{"type":"Point","coordinates":[19.973918,49.927686]}},{"type":"Feature","properties":{"NUMER_PORZ":"22","KOD_POCZT":"32-447","NAZWA_ULC":"Górska","NAZWA_GMI":"Siepraw","NAZWA_MSC":"Siepraw","odleglosc_m":160.5,"strefa":"50-200 m","warstwa":"adresy"},"geometry":{"type":"Point","coordinates":[19.97186,49.926306]}},{"type":"Feature","properties":{"NUMER_PORZ":"84","KOD_POCZT":"32-447","NAZWA_ULC":"Krakowska","NAZWA_GMI":"Siepraw","NAZWA_MSC":"Siepraw","odleglosc_m":151.6,"strefa":"50-200 m","warstwa":"adresy"},"geometry":{"type":"Point","coordinates":[19.951954,49.913028]}},{"type":"Feature","properties":{"NUMER_PORZ":"40","KOD_POCZT":"32-447","NAZWA_ULC":"Jabłoniowa","NAZWA_GMI":"Siepraw","NAZWA_MSC":"Siepraw","odleglosc_m":106.7,"strefa":"50-200 m","warstwa":"adresy"},"geometry":{"type":"Point","coordinates":[19.952959,49.917675]}},{"type":"Feature","properties":{"NUMER_PORZ":"13","KOD_POCZT":"32-447","NAZWA_ULC":"Jabłoniowa","NAZWA_GMI":"Siepraw","NAZWA_MSC":"Siepraw","odleglosc_m":101.0,"strefa":"50-200 m","warstwa":"adresy"},"geometry":{"type":"Point","coordinates":[19.955761,49.916224]}},{"type":"Feature","properties":{"NUMER_PORZ":"9","KOD_POCZT":"32-447","NAZWA_ULC":"Jabłoniowa","NAZWA_GMI":"Siepraw","NAZWA_MSC":"Siepraw","odleglosc_m":171.3,"strefa":"50-200 m","warstwa":"adresy"},"geometry":{"type":"Point","coordinates":[19.956048,49.915506]}},{"type":"Feature","properties":{"NUMER_PORZ":"20","KOD_POCZT":"32-447","NAZWA_ULC":"Jabłoniowa","NAZWA_GMI":"Siepraw","NAZWA_MSC":"Siepraw","odleglosc_m":28.0,"strefa":"20-30 m","warstwa":"adresy"},"geometry":{"type":"Point","coordinates":[19.955517,49.917005]}},{"type":"Feature","properties":{"NUMER_PORZ":"21","KOD_POCZT":"32-447","NAZWA_ULC":"Jabłoniowa","NAZWA_GMI":"Siepraw","NAZWA_MSC":"Siepraw","odleglosc_m":0.0,"strefa":"w śladzie","warstwa":"adresy"},"geometry":{"type":"Point","coordinates":[19.9543,49.916956]}},{"type":"Feature","properties":{"NUMER_PORZ":"46","KOD_POCZT":"32-447","NAZWA_ULC":"Jabłoniowa","NAZWA_GMI":"Siepraw","NAZWA_MSC":"Siepraw","odleglosc_m":147.2,"strefa":"50-200 m","warstwa":"adresy"},"geometry":{"type":"Point","coordinates":[19.952296,49.917757]}},{"type":"Feature","properties":{"NUMER_PORZ":"44","KOD_POCZT":"32-447","NAZWA_ULC":"Jabłoniowa","NAZWA_GMI":"Siepraw","NAZWA_MSC":"Siepraw","odleglosc_m":119.1,"strefa":"50-200 m","warstwa":"adresy"},"geometry":{"type":"Point","coordinates":[19.952713,49.91767]}},{"type":"Feature","properties":{"NUMER_PORZ":"38","KOD_POCZT":"32-447","NAZWA_ULC":"Jabłoniowa","NAZWA_GMI":"Siepraw","NAZWA_MSC":"Siepraw","odleglosc_m":152.6,"strefa":"50-200 m","warstwa":"adresy"},"geometry":{"type":"Point","coordinates":[19.952614,49.918039]}},{"type":"Feature","properties":{"NUMER_PORZ":"23","KOD_POCZT":"32-447","NAZWA_ULC":"Jabłoniowa","NAZWA_GMI":"Siepraw","NAZWA_MSC":"Siepraw","odleglosc_m":5.7,"strefa":"0-20 m","warstwa":"adresy"},"geometry":{"type":"Point","coordinates":[19.953959,49.917035]}},{"type":"Feature","properties":{"NUMER_PORZ":"31","KOD_POCZT":"32-447","NAZWA_ULC":"Jabłoniowa","NAZWA_GMI":"Siepraw","NAZWA_MSC":"Siepraw","odleglosc_m":85.1,"strefa":"50-200 m","warstwa":"adresy"},"geometry":{"type":"Point","coordinates":[19.952787,49.917281]}},{"type":"Feature","properties":{"NUMER_PORZ":"24","KOD_POCZT":"32-447","NAZWA_ULC":"Jabłoniowa","NAZWA_GMI":"Siepraw","NAZWA_MSC":"Siepraw","odleglosc_m":0.0,"strefa":"w śladzie","warstwa":"adresy"},"geometry":{"type":"Point","coordinates":[19.955378,49.917461]}},{"type":"Feature","properties":{"NUMER_PORZ":"11","KOD_POCZT":"32-447","NAZWA_ULC":"Jabłoniowa","NAZWA_GMI":"Siepraw","NAZWA_MSC":"Siepraw","odleglosc_m":137.8,"strefa":"50-200 m","warstwa":"adresy"},"geometry":{"type":"Point","coordinates":[19.955904,49.915844]}},{"type":"Feature","properties":{"NUMER_PORZ":"10","KOD_POCZT":"32-447","NAZWA_ULC":"Górska","NAZWA_GMI":"Siepraw","NAZWA_MSC":"Siepraw","odleglosc_m":165.3,"strefa":"50-200 m","warstwa":"adresy"},"geometry":{"type":"Point","coordinates":[19.973464,49.927514]}},{"type":"Feature","properties":{"NUMER_PORZ":"16","KOD_POCZT":"32-447","NAZWA_ULC":"Jabłoniowa","NAZWA_GMI":"Siepraw","NAZWA_MSC":"Siepraw","odleglosc_m":68.8,"strefa":"50-200 m","warstwa":"adresy"},"geometry":{"type":"Point","coordinates":[19.956183,49.916921]}},{"type":"Feature","properties":{"NUMER_PORZ":"18","KOD_POCZT":"32-447","NAZWA_ULC":"Jabłoniowa","NAZWA_GMI":"Siepraw","NAZWA_MSC":"Siepraw","odleglosc_m":51.7,"strefa":"50-200 m","warstwa":"adresy"},"geometry":{"type":"Point","coordinates":[19.955748,49.916852]}},{"type":"Feature","properties":{"NUMER_PORZ":"36","KOD_POCZT":"32-447","NAZWA_ULC":"Jabłoniowa","NAZWA_GMI":"Siepraw","NAZWA_MSC":"Siepraw","odleglosc_m":114.3,"strefa":"50-200 m","warstwa":"adresy"},"geometry":{"type":"Point","coordinates":[19.953372,49.918047]}},{"type":"Feature","properties":{"NUMER_PORZ":"19","KOD_POCZT":"32-447","NAZWA_ULC":"Jabłoniowa","NAZWA_GMI":"Siepraw","NAZWA_MSC":"Siepraw","odleglosc_m":0.0,"strefa":"w śladzie","warstwa":"adresy"},"geometry":{"type":"Point","coordinates":[19.95469,49.91684]}},{"type":"Feature","properties":{"NUMER_PORZ":"14","KOD_POCZT":"32-447","NAZWA_ULC":"Jabłoniowa","NAZWA_GMI":"Siepraw","NAZWA_MSC":"Siepraw","odleglosc_m":95.8,"strefa":"50-200 m","warstwa":"adresy"},"geometry":{"type":"Point","coordinates":[19.956122,49.916531]}},{"type":"Feature","properties":{"NUMER_PORZ":"15","KOD_POCZT":"32-447","NAZWA_ULC":"Parkowa","NAZWA_GMI":"Siepraw","NAZWA_MSC":"Siepraw","odleglosc_m":45.3,"strefa":"30-50 m","warstwa":"adresy"},"geometry":{"type":"Point","coordinates":[19.94779,49.913399]}},{"type":"Feature","properties":{"NUMER_PORZ":"1","KOD_POCZT":"32-447","NAZWA_ULC":"Parkowa","NAZWA_GMI":"Siepraw","NAZWA_MSC":"Siepraw","odleglosc_m":69.6,"strefa":"50-200 m","warstwa":"adresy"},"geometry":{"type":"Point","coordinates":[19.949701,49.912561]}},{"type":"Feature","properties":{"NUMER_PORZ":"3","KOD_POCZT":"32-447","NAZWA_ULC":"Parkowa","NAZWA_GMI":"Siepraw","NAZWA_MSC":"Siepraw","odleglosc_m":36.7,"strefa":"30-50 m","warstwa":"adresy"},"geometry":{"type":"Point","coordinates":[19.949293,49.912713]}},{"type":"Feature","properties":{"NUMER_PORZ":"9","KOD_POCZT":"32-447","NAZWA_ULC":"Parkowa","NAZWA_GMI":"Siepraw","NAZWA_MSC":"Siepraw","odleglosc_m":0.0,"strefa":"w śladzie","warstwa":"adresy"},"geometry":{"type":"Point","coordinates":[19.948727,49.913385]}},{"type":"Feature","properties":{"NUMER_PORZ":"19","KOD_POCZT":"32-447","NAZWA_ULC":"Parkowa","NAZWA_GMI":"Siepraw","NAZWA_MSC":"Siepraw","odleglosc_m":75.3,"strefa":"50-200 m","warstwa":"adresy"},"geometry":{"type":"Point","coordinates":[19.947279,49.913438]}},{"type":"Feature","properties":{"NUMER_PORZ":"71","KOD_POCZT":"32-447","NAZWA_ULC":"Królewska","NAZWA_GMI":"Siepraw","NAZWA_MSC":"Siepraw","odleglosc_m":57.1,"strefa":"50-200 m","warstwa":"adresy"},"geometry":{"type":"Point","coordinates":[19.958653,49.920821]}},{"type":"Feature","properties":{"NUMER_PORZ":"26","KOD_POCZT":"32-447","NAZWA_ULC":"Królewska","NAZWA_GMI":"Siepraw","NAZWA_MSC":"Siepraw","odleglosc_m":184.1,"strefa":"50-200 m","warstwa":"adresy"},"geometry":{"type":"Point","coordinates":[19.958997,49.917304]}},{"type":"Feature","properties":{"NUMER_PORZ":"55","KOD_POCZT":"32-447","NAZWA_ULC":"Królewska","NAZWA_GMI":"Siepraw","NAZWA_MSC":"Siepraw","odleglosc_m":176.3,"strefa":"50-200 m","warstwa":"adresy"},"geometry":{"type":"Point","coordinates":[19.958241,49.916901]}},{"type":"Feature","properties":{"NUMER_PORZ":"21","KOD_POCZT":"32-447","NAZWA_ULC":"Jasna","NAZWA_GMI":"Siepraw","NAZWA_MSC":"Siepraw","odleglosc_m":8.7,"strefa":"0-20 m","warstwa":"adresy"},"geometry":{"type":"Point","coordinates":[19.968253,49.925712]}},{"type":"Feature","properties":{"NUMER_PORZ":"10","KOD_POCZT":"32-447","NAZWA_ULC":"Jasna","NAZWA_GMI":"Siepraw","NAZWA_MSC":"Siepraw","odleglosc_m":106.4,"strefa":"50-200 m","warstwa":"adresy"},"geometry":{"type":"Point","coordinates":[19.9706,49.926075]}},{"type":"Feature","properties":{"NUMER_PORZ":"4","KOD_POCZT":"32-447","NAZWA_ULC":"Parkowa","NAZWA_GMI":"Siepraw","NAZWA_MSC":"Siepraw","odleglosc_m":51.2,"strefa":"50-200 m","warstwa":"adresy"},"geometry":{"type":"Point","coordinates":[19.948349,49.913863]}},{"type":"Feature","properties":{"NUMER_PORZ":"20","KOD_POCZT":"32-447","NAZWA_ULC":"Parkowa","NAZWA_GMI":"Siepraw","NAZWA_MSC":"Siepraw","odleglosc_m":188.0,"strefa":"50-200 m","warstwa":"adresy"},"geometry":{"type":"Point","coordinates":[19.946278,49.914234]}},{"type":"Feature","properties":{"NUMER_PORZ":"16","KOD_POCZT":"32-447","NAZWA_ULC":"Parkowa","NAZWA_GMI":"Siepraw","NAZWA_MSC":"Siepraw","odleglosc_m":156.6,"strefa":"50-200 m","warstwa":"adresy"},"geometry":{"type":"Point","coordinates":[19.94672,49.914126]}},{"type":"Feature","properties":{"NUMER_PORZ":"10","KOD_POCZT":"32-447","NAZWA_ULC":"Parkowa","NAZWA_GMI":"Siepraw","NAZWA_MSC":"Siepraw","odleglosc_m":99.0,"strefa":"50-200 m","warstwa":"adresy"},"geometry":{"type":"Point","coordinates":[19.947399,49.913837]}},{"type":"Feature","properties":{"NUMER_PORZ":"8","KOD_POCZT":"32-447","NAZWA_ULC":"Jabłoniowa","NAZWA_GMI":"Siepraw","NAZWA_MSC":"Siepraw","odleglosc_m":198.2,"strefa":"50-200 m","warstwa":"adresy"},"geometry":{"type":"Point","coordinates":[19.956631,49.915548]}},{"type":"Feature","properties":{"NUMER_PORZ":"102","KOD_POCZT":"32-447","NAZWA_ULC":"Krakowska","NAZWA_GMI":"Siepraw","NAZWA_MSC":"Siepraw","odleglosc_m":145.4,"strefa":"50-200 m","warstwa":"adresy"},"geometry":{"type":"Point","coordinates":[19.948162,49.914971]}},{"type":"Feature","properties":{"NUMER_PORZ":"26","KOD_POCZT":"32-447","NAZWA_ULC":"Górska","NAZWA_GMI":"Siepraw","NAZWA_MSC":"Siepraw","odleglosc_m":186.8,"strefa":"50-200 m","warstwa":"adresy"},"geometry":{"type":"Point","coordinates":[19.97179,49.925875]}},{"type":"Feature","properties":{"NUMER_PORZ":"16","KOD_POCZT":"32-447","NAZWA_ULC":"Górska","NAZWA_GMI":"Siepraw","NAZWA_MSC":"Siepraw","odleglosc_m":141.6,"strefa":"50-200 m","warstwa":"adresy"},"geometry":{"type":"Point","coordinates":[19.972284,49.926914]}},{"type":"Feature","properties":{"NUMER_PORZ":"11","KOD_POCZT":"32-447","NAZWA_ULC":"Parkowa","NAZWA_GMI":"Siepraw","NAZWA_MSC":"Siepraw","odleglosc_m":20.9,"strefa":"20-30 m","warstwa":"adresy"},"geometry":{"type":"Point","coordinates":[19.94845,49.913534]}},{"type":"Feature","properties":{"NUMER_PORZ":"14","KOD_POCZT":"32-447","NAZWA_ULC":"Górska","NAZWA_GMI":"Siepraw","NAZWA_MSC":"Siepraw","odleglosc_m":129.7,"strefa":"50-200 m","warstwa":"adresy"},"geometry":{"type":"Point","coordinates":[19.972449,49.927214]}},{"type":"Feature","properties":{"NUMER_PORZ":"34","KOD_POCZT":"32-447","NAZWA_ULC":"Jabłoniowa","NAZWA_GMI":"Siepraw","NAZWA_MSC":"Siepraw","odleglosc_m":77.9,"strefa":"50-200 m","warstwa":"adresy"},"geometry":{"type":"Point","coordinates":[19.95346,49.917636]}},{"type":"Feature","properties":{"NUMER_PORZ":"42","KOD_POCZT":"32-447","NAZWA_ULC":"Jabłoniowa","NAZWA_GMI":"Siepraw","NAZWA_MSC":"Siepraw","odleglosc_m":90.7,"strefa":"50-200 m","warstwa":"adresy"},"geometry":{"type":"Point","coordinates":[19.953095,49.917559]}},{"type":"Feature","properties":{"NUMER_PORZ":"33","KOD_POCZT":"32-447","NAZWA_ULC":"Jabłoniowa","NAZWA_GMI":"Siepraw","NAZWA_MSC":"Siepraw","odleglosc_m":122.2,"strefa":"50-200 m","warstwa":"adresy"},"geometry":{"type":"Point","coordinates":[19.952387,49.917494]}},{"type":"Feature","properties":{"NUMER_PORZ":"29","KOD_POCZT":"32-447","NAZWA_ULC":"Jabłoniowa","NAZWA_GMI":"Siepraw","NAZWA_MSC":"Siepraw","odleglosc_m":58.3,"strefa":"50-200 m","warstwa":"adresy"},"geometry":{"type":"Point","coordinates":[19.953193,49.917204]}},{"type":"Feature","properties":{"NUMER_PORZ":"22","KOD_POCZT":"32-447","NAZWA_ULC":"Parkowa","NAZWA_GMI":"Siepraw","NAZWA_MSC":"Siepraw","odleglosc_m":176.0,"strefa":"50-200 m","warstwa":"adresy"},"geometry":{"type":"Point","coordinates":[19.946222,49.914034]}},{"type":"Feature","properties":{"NUMER_PORZ":"26","KOD_POCZT":"32-447","NAZWA_ULC":"Parkowa","NAZWA_GMI":"Siepraw","NAZWA_MSC":"Siepraw","odleglosc_m":176.8,"strefa":"50-200 m","warstwa":"adresy"},"geometry":{"type":"Point","coordinates":[19.945852,49.913781]}},{"type":"Feature","properties":{"NUMER_PORZ":"13","KOD_POCZT":"32-447","NAZWA_ULC":"Parkowa","NAZWA_GMI":"Siepraw","NAZWA_MSC":"Siepraw","odleglosc_m":31.2,"strefa":"30-50 m","warstwa":"adresy"},"geometry":{"type":"Point","coordinates":[19.948165,49.913473]}},{"type":"Feature","properties":{"NUMER_PORZ":"25","KOD_POCZT":"32-447","NAZWA_ULC":"Parkowa","NAZWA_GMI":"Siepraw","NAZWA_MSC":"Siepraw","odleglosc_m":128.6,"strefa":"50-200 m","warstwa":"adresy"},"geometry":{"type":"Point","coordinates":[19.946277,49.91344]}},{"type":"Feature","properties":{"NUMER_PORZ":"17","KOD_POCZT":"32-447","NAZWA_ULC":"Parkowa","NAZWA_GMI":"Siepraw","NAZWA_MSC":"Siepraw","odleglosc_m":53.8,"strefa":"50-200 m","warstwa":"adresy"},"geometry":{"type":"Point","coordinates":[19.947615,49.913388]}},{"type":"Feature","properties":{"NUMER_PORZ":"36","KOD_POCZT":"32-447","NAZWA_ULC":"Królewska","NAZWA_GMI":"Siepraw","NAZWA_MSC":"Siepraw","odleglosc_m":107.3,"strefa":"50-200 m","warstwa":"adresy"},"geometry":{"type":"Point","coordinates":[19.959213,49.91844]}},{"type":"Feature","properties":{"NUMER_PORZ":"42","KOD_POCZT":"32-447","NAZWA_ULC":"Królewska","NAZWA_GMI":"Siepraw","NAZWA_MSC":"Siepraw","odleglosc_m":48.8,"strefa":"30-50 m","warstwa":"adresy"},"geometry":{"type":"Point","coordinates":[19.959391,49.919313]}},{"type":"Feature","properties":{"NUMER_PORZ":"57","KOD_POCZT":"32-447","NAZWA_ULC":"Królewska","NAZWA_GMI":"Siepraw","NAZWA_MSC":"Siepraw","odleglosc_m":160.7,"strefa":"50-200 m","warstwa":"adresy"},"geometry":{"type":"Point","coordinates":[19.958399,49.917209]}},{"type":"Feature","properties":{"NUMER_PORZ":"30","KOD_POCZT":"32-447","NAZWA_ULC":"Królewska","NAZWA_GMI":"Siepraw","NAZWA_MSC":"Siepraw","odleglosc_m":179.5,"strefa":"50-200 m","warstwa":"adresy"},"geometry":{"type":"Point","coordinates":[19.959302,49.917566]}},{"type":"Feature","properties":{"NUMER_PORZ":"21","KOD_POCZT":"32-447","NAZWA_ULC":"Parkowa","NAZWA_GMI":"Siepraw","NAZWA_MSC":"Siepraw","odleglosc_m":96.2,"strefa":"50-200 m","warstwa":"adresy"},"geometry":{"type":"Point","coordinates":[19.94692,49.913462]}},{"type":"Feature","properties":{"NUMER_PORZ":"104","KOD_POCZT":"32-447","NAZWA_ULC":"Krakowska","NAZWA_GMI":"Siepraw","NAZWA_MSC":"Siepraw","odleglosc_m":183.3,"strefa":"50-200 m","warstwa":"adresy"},"geometry":{"type":"Point","coordinates":[19.947692,49.915148]}},{"type":"Feature","properties":{"NUMER_PORZ":"81","KOD_POCZT":"32-447","NAZWA_ULC":"Krakowska","NAZWA_GMI":"Siepraw","NAZWA_MSC":"Siepraw","odleglosc_m":0.0,"strefa":"w śladzie","warstwa":"adresy"},"geometry":{"type":"Point","coordinates":[19.949575,49.913468]}},{"type":"Feature","properties":{"NUMER_PORZ":"23","KOD_POCZT":"32-447","NAZWA_ULC":"Parkowa","NAZWA_GMI":"Siepraw","NAZWA_MSC":"Siepraw","odleglosc_m":107.9,"strefa":"50-200 m","warstwa":"adresy"},"geometry":{"type":"Point","coordinates":[19.946587,49.913383]}},{"type":"Feature","properties":{"NUMER_PORZ":"75","KOD_POCZT":"32-447","NAZWA_ULC":"Krakowska","NAZWA_GMI":"Siepraw","NAZWA_MSC":"Siepraw","odleglosc_m":133.4,"strefa":"50-200 m","warstwa":"adresy"},"geometry":{"type":"Point","coordinates":[19.951277,49.912809]}},{"type":"Feature","properties":{"NUMER_PORZ":"8","KOD_POCZT":"32-447","NAZWA_ULC":"Parkowa","NAZWA_GMI":"Siepraw","NAZWA_MSC":"Siepraw","odleglosc_m":85.0,"strefa":"50-200 m","warstwa":"adresy"},"geometry":{"type":"Point","coordinates":[19.947705,49.913864]}},{"type":"Feature","properties":{"NUMER_PORZ":"6","KOD_POCZT":"32-447","NAZWA_ULC":"Parkowa","NAZWA_GMI":"Siepraw","NAZWA_MSC":"Siepraw","odleglosc_m":87.5,"strefa":"50-200 m","warstwa":"adresy"},"geometry":{"type":"Point","coordinates":[19.947941,49.914058]}},{"type":"Feature","properties":{"NUMER_PORZ":"27","KOD_POCZT":"32-447","NAZWA_ULC":"Parkowa","NAZWA_GMI":"Siepraw","NAZWA_MSC":"Siepraw","odleglosc_m":147.6,"strefa":"50-200 m","warstwa":"adresy"},"geometry":{"type":"Point","coordinates":[19.945941,49.913455]}},{"type":"Feature","properties":{"NUMER_PORZ":"12","KOD_POCZT":"32-447","NAZWA_ULC":"Parkowa","NAZWA_GMI":"Siepraw","NAZWA_MSC":"Siepraw","odleglosc_m":110.2,"strefa":"50-200 m","warstwa":"adresy"},"geometry":{"type":"Point","coordinates":[19.94706,49.913748]}},{"type":"Feature","properties":{"NUMER_PORZ":"90","KOD_POCZT":"32-447","NAZWA_ULC":"Krakowska","NAZWA_GMI":"Siepraw","NAZWA_MSC":"Siepraw","odleglosc_m":85.9,"strefa":"50-200 m","warstwa":"adresy"},"geometry":{"type":"Point","coordinates":[19.951114,49.913316]}},{"type":"Feature","properties":{"NUMER_PORZ":"82","KOD_POCZT":"32-447","NAZWA_ULC":"Krakowska","NAZWA_GMI":"Siepraw","NAZWA_MSC":"Siepraw","odleglosc_m":176.8,"strefa":"50-200 m","warstwa":"adresy"},"geometry":{"type":"Point","coordinates":[19.952226,49.912883]}},{"type":"Feature","properties":{"NUMER_PORZ":"98","KOD_POCZT":"32-447","NAZWA_ULC":"Krakowska","NAZWA_GMI":"Siepraw","NAZWA_MSC":"Siepraw","odleglosc_m":24.7,"strefa":"20-30 m","warstwa":"adresy"},"geometry":{"type":"Point","coordinates":[19.949313,49.914178]}},{"type":"Feature","properties":{"NUMER_PORZ":"63","KOD_POCZT":"32-447","NAZWA_ULC":"Królewska","NAZWA_GMI":"Siepraw","NAZWA_MSC":"Siepraw","odleglosc_m":103.9,"strefa":"50-200 m","warstwa":"adresy"},"geometry":{"type":"Point","coordinates":[19.958399,49.917942]}},{"type":"Feature","properties":{"NUMER_PORZ":"53","KOD_POCZT":"32-447","NAZWA_ULC":"Królewska","NAZWA_GMI":"Siepraw","NAZWA_MSC":"Siepraw","odleglosc_m":169.7,"strefa":"50-200 m","warstwa":"adresy"},"geometry":{"type":"Point","coordinates":[19.957623,49.916576]}},{"type":"Feature","properties":{"NUMER_PORZ":"49","KOD_POCZT":"32-447","NAZWA_ULC":"Królewska","NAZWA_GMI":"Siepraw","NAZWA_MSC":"Siepraw","odleglosc_m":199.2,"strefa":"50-200 m","warstwa":"adresy"},"geometry":{"type":"Point","coordinates":[19.957961,49.91642]}},{"type":"Feature","properties":{"NUMER_PORZ":"40","KOD_POCZT":"32-447","NAZWA_ULC":"Królewska","NAZWA_GMI":"Siepraw","NAZWA_MSC":"Siepraw","odleglosc_m":21.2,"strefa":"20-30 m","warstwa":"adresy"},"geometry":{"type":"Point","coordinates":[19.958805,49.919281]}},{"type":"Feature","properties":{"NUMER_PORZ":"65","KOD_POCZT":"32-447","NAZWA_ULC":"Królewska","NAZWA_GMI":"Siepraw","NAZWA_MSC":"Siepraw","odleglosc_m":74.6,"strefa":"50-200 m","warstwa":"adresy"},"geometry":{"type":"Point","coordinates":[19.958383,49.918309]}},{"type":"Feature","properties":{"NUMER_PORZ":"89","KOD_POCZT":"32-447","NAZWA_ULC":"Krakowska","NAZWA_GMI":"Siepraw","NAZWA_MSC":"Siepraw","odleglosc_m":177.1,"strefa":"50-200 m","warstwa":"adresy"},"geometry":{"type":"Point","coordinates":[19.947324,49.914814]}},{"type":"Feature","properties":{"NUMER_PORZ":"85","KOD_POCZT":"32-447","NAZWA_ULC":"Krakowska","NAZWA_GMI":"Siepraw","NAZWA_MSC":"Siepraw","odleglosc_m":94.1,"strefa":"50-200 m","warstwa":"adresy"},"geometry":{"type":"Point","coordinates":[19.948286,49.914384]}},{"type":"Feature","properties":{"NUMER_PORZ":"100","KOD_POCZT":"32-447","NAZWA_ULC":"Krakowska","NAZWA_GMI":"Siepraw","NAZWA_MSC":"Siepraw","odleglosc_m":90.4,"strefa":"50-200 m","warstwa":"adresy"},"geometry":{"type":"Point","coordinates":[19.948739,49.914645]}},{"type":"Feature","properties":{"NUMER_PORZ":"78","KOD_POCZT":"32-447","NAZWA_ULC":"Krakowska","NAZWA_GMI":"Siepraw","NAZWA_MSC":"Siepraw","odleglosc_m":179.4,"strefa":"50-200 m","warstwa":"adresy"},"geometry":{"type":"Point","coordinates":[19.952893,49.913295]}},{"type":"Feature","properties":{"NUMER_PORZ":"96","KOD_POCZT":"32-447","NAZWA_ULC":"Krakowska","NAZWA_GMI":"Siepraw","NAZWA_MSC":"Siepraw","odleglosc_m":0.0,"strefa":"w śladzie","warstwa":"adresy"},"geometry":{"type":"Point","coordinates":[19.949891,49.913829]}},{"type":"Feature","properties":{"NUMER_PORZ":"6","KOD_POCZT":"32-447","NAZWA_ULC":"Górska","NAZWA_GMI":"Siepraw","NAZWA_MSC":"Siepraw","odleglosc_m":197.1,"strefa":"50-200 m","warstwa":"adresy"},"geometry":{"type":"Point","coordinates":[19.974433,49.927871]}},{"type":"Feature","properties":{"NUMER_PORZ":"32","KOD_POCZT":"32-447","NAZWA_ULC":"Jabłoniowa","NAZWA_GMI":"Siepraw","NAZWA_MSC":"Siepraw","odleglosc_m":52.3,"strefa":"50-200 m","warstwa":"adresy"},"geometry":{"type":"Point","coordinates":[19.953685,49.917455]}},{"type":"Feature","properties":{"NUMER_PORZ":"5","KOD_POCZT":"32-447","NAZWA_ULC":"Parkowa","NAZWA_GMI":"Siepraw","NAZWA_MSC":"Siepraw","odleglosc_m":0.0,"strefa":"w śladzie","warstwa":"adresy"},"geometry":{"type":"Point","coordinates":[19.949101,49.913155]}},{"type":"Feature","properties":{"NUMER_PORZ":"14","KOD_POCZT":"32-447","NAZWA_ULC":"Parkowa","NAZWA_GMI":"Siepraw","NAZWA_MSC":"Siepraw","odleglosc_m":124.8,"strefa":"50-200 m","warstwa":"adresy"},"geometry":{"type":"Point","coordinates":[19.947259,49.914081]}},{"type":"Feature","properties":{"NUMER_PORZ":"24","KOD_POCZT":"32-447","NAZWA_ULC":"Parkowa","NAZWA_GMI":"Siepraw","NAZWA_MSC":"Siepraw","odleglosc_m":157.4,"strefa":"50-200 m","warstwa":"adresy"},"geometry":{"type":"Point","coordinates":[19.946148,49.913732]}},{"type":"Feature","properties":{"NUMER_PORZ":"88","KOD_POCZT":"32-447","NAZWA_ULC":"Krakowska","NAZWA_GMI":"Siepraw","NAZWA_MSC":"Siepraw","odleglosc_m":115.6,"strefa":"50-200 m","warstwa":"adresy"},"geometry":{"type":"Point","coordinates":[19.951579,49.913242]}},{"type":"Feature","properties":{"NUMER_PORZ":"7","KOD_POCZT":"32-447","NAZWA_ULC":"Dobra","NAZWA_GMI":"Siepraw","NAZWA_MSC":"Siepraw","odleglosc_m":177.3,"strefa":"50-200 m","warstwa":"adresy"},"geometry":{"type":"Point","coordinates":[19.946284,49.908436]}},{"type":"Feature","properties":{"NUMER_PORZ":"92","KOD_POCZT":"32-447","NAZWA_ULC":"Krakowska","NAZWA_GMI":"Siepraw","NAZWA_MSC":"Siepraw","odleglosc_m":55.6,"strefa":"50-200 m","warstwa":"adresy"},"geometry":{"type":"Point","coordinates":[19.950889,49.913558]}},{"type":"Feature","properties":{"NUMER_PORZ":"73","KOD_POCZT":"32-447","NAZWA_ULC":"Krakowska","NAZWA_GMI":"Siepraw","NAZWA_MSC":"Siepraw","odleglosc_m":160.4,"strefa":"50-200 m","warstwa":"adresy"},"geometry":{"type":"Point","coordinates":[19.951636,49.912701]}},{"type":"Feature","properties":{"NUMER_PORZ":"22","KOD_POCZT":"32-447","NAZWA_ULC":"Jabłoniowa","NAZWA_GMI":"Siepraw","NAZWA_MSC":"Siepraw","odleglosc_m":10.6,"strefa":"0-20 m","warstwa":"adresy"},"geometry":{"type":"Point","coordinates":[19.955249,49.917052]}},{"type":"Feature","properties":{"NUMER_PORZ":"35","KOD_POCZT":"32-447","NAZWA_ULC":"Jabłoniowa","NAZWA_GMI":"Siepraw","NAZWA_MSC":"Siepraw","odleglosc_m":171.9,"strefa":"50-200 m","warstwa":"adresy"},"geometry":{"type":"Point","coordinates":[19.951672,49.917661]}},{"type":"Feature","properties":{"NUMER_PORZ":"94","KOD_POCZT":"32-447","NAZWA_ULC":"Krakowska","NAZWA_GMI":"Siepraw","NAZWA_MSC":"Siepraw","odleglosc_m":38.8,"strefa":"30-50 m","warstwa":"adresy"},"geometry":{"type":"Point","coordinates":[19.950512,49.913524]}},{"type":"Feature","properties":{"NUMER_PORZ":"30","KOD_POCZT":"32-447","NAZWA_ULC":"Jabłoniowa","NAZWA_GMI":"Siepraw","NAZWA_MSC":"Siepraw","odleglosc_m":28.3,"strefa":"20-30 m","warstwa":"adresy"},"geometry":{"type":"Point","coordinates":[19.954046,49.917385]}},{"type":"Feature","properties":{"NUMER_PORZ":"25","KOD_POCZT":"32-447","NAZWA_ULC":"Jabłoniowa","NAZWA_GMI":"Siepraw","NAZWA_MSC":"Siepraw","odleglosc_m":27.8,"strefa":"20-30 m","warstwa":"adresy"},"geometry":{"type":"Point","coordinates":[19.953609,49.917088]}},{"type":"Feature","properties":{"NUMER_PORZ":"28","KOD_POCZT":"32-447","NAZWA_ULC":"Jabłoniowa","NAZWA_GMI":"Siepraw","NAZWA_MSC":"Siepraw","odleglosc_m":10.5,"strefa":"0-20 m","warstwa":"adresy"},"geometry":{"type":"Point","coordinates":[19.954394,49.917386]}},{"type":"Feature","properties":{"NUMER_PORZ":"12","KOD_POCZT":"32-447","NAZWA_ULC":"Jabłoniowa","NAZWA_GMI":"Siepraw","NAZWA_MSC":"Siepraw","odleglosc_m":138.8,"strefa":"50-200 m","warstwa":"adresy"},"geometry":{"type":"Point","coordinates":[19.956341,49.916122]}},{"type":"Feature","properties":{"NUMER_PORZ":"24","KOD_POCZT":"32-447","NAZWA_ULC":"Górska","NAZWA_GMI":"Siepraw","NAZWA_MSC":"Siepraw","odleglosc_m":170.8,"strefa":"50-200 m","warstwa":"adresy"},"geometry":{"type":"Point","coordinates":[19.971813,49.926122]}},{"type":"Feature","properties":{"NUMER_PORZ":"18","KOD_POCZT":"32-447","NAZWA_ULC":"Górska","NAZWA_GMI":"Siepraw","NAZWA_MSC":"Siepraw","odleglosc_m":108.5,"strefa":"50-200 m","warstwa":"adresy"},"geometry":{"type":"Point","coordinates":[19.971392,49.926676]}},{"type":"Feature","properties":{"NUMER_PORZ":"26","KOD_POCZT":"32-447","NAZWA_ULC":"Jabłoniowa","NAZWA_GMI":"Siepraw","NAZWA_MSC":"Siepraw","odleglosc_m":0.0,"strefa":"w śladzie","warstwa":"adresy"},"geometry":{"type":"Point","coordinates":[19.954837,49.917291]}},{"type":"Feature","properties":{"NUMER_PORZ":"15","KOD_POCZT":"32-447","NAZWA_ULC":"Jabłoniowa","NAZWA_GMI":"Siepraw","NAZWA_MSC":"Siepraw","odleglosc_m":42.2,"strefa":"30-50 m","warstwa":"adresy"},"geometry":{"type":"Point","coordinates":[19.955284,49.916666]}},{"type":"Feature","properties":{"NUMER_PORZ":"63","KOD_POCZT":"32-447","NAZWA_ULC":"Dobra","NAZWA_GMI":"Siepraw","NAZWA_MSC":"Siepraw","odleglosc_m":116.8,"strefa":"50-200 m","warstwa":"adresy"},"geometry":{"type":"Point","coordinates":[19.944728,49.912136]}},{"type":"Feature","properties":{"NUMER_PORZ":"27","KOD_POCZT":"32-447","NAZWA_ULC":"Dobra","NAZWA_GMI":"Siepraw","NAZWA_MSC":"Siepraw","odleglosc_m":0.0,"strefa":"w śladzie","warstwa":"adresy"},"geometry":{"type":"Point","coordinates":[19.943741,49.909134]}},{"type":"Feature","properties":{"NUMER_PORZ":"9","KOD_POCZT":"32-447","NAZWA_ULC":"Dobra","NAZWA_GMI":"Siepraw","NAZWA_MSC":"Siepraw","odleglosc_m":147.5,"strefa":"50-200 m","warstwa":"adresy"},"geometry":{"type":"Point","coordinates":[19.945871,49.908526]}},{"type":"Feature","properties":{"NUMER_PORZ":"57","KOD_POCZT":"32-447","NAZWA_ULC":"Dobra","NAZWA_GMI":"Siepraw","NAZWA_MSC":"Siepraw","odleglosc_m":130.8,"strefa":"50-200 m","warstwa":"adresy"},"geometry":{"type":"Point","coordinates":[19.943915,49.911699]}},{"type":"Feature","properties":{"NUMER_PORZ":"21","KOD_POCZT":"32-447","NAZWA_ULC":"Dobra","NAZWA_GMI":"Siepraw","NAZWA_MSC":"Siepraw","odleglosc_m":0.0,"strefa":"w śladzie","warstwa":"adresy"},"geometry":{"type":"Point","coordinates":[19.943583,49.908827]}},{"type":"Feature","properties":{"NUMER_PORZ":"7","KOD_POCZT":"32-447","NAZWA_ULC":"Kręta","NAZWA_GMI":"Siepraw","NAZWA_MSC":"Siepraw","odleglosc_m":0.0,"strefa":"w śladzie","warstwa":"adresy"},"geometry":{"type":"Point","coordinates":[19.957124,49.918484]}},{"type":"Feature","properties":{"NUMER_PORZ":"97","KOD_POCZT":"32-447","NAZWA_ULC":"Księdza Jana Przytockiego","NAZWA_GMI":"Siepraw","NAZWA_MSC":"Siepraw","odleglosc_m":122.6,"strefa":"50-200 m","warstwa":"adresy"},"geometry":{"type":"Point","coordinates":[19.967169,49.923461]}},{"type":"Feature","properties":{"NUMER_PORZ":"6","KOD_POCZT":"32-447","NAZWA_ULC":"Cicha","NAZWA_GMI":"Siepraw","NAZWA_MSC":"Siepraw","odleglosc_m":130.1,"strefa":"50-200 m","warstwa":"adresy"},"geometry":{"type":"Point","coordinates":[19.950391,49.912242]}},{"type":"Feature","properties":{"NUMER_PORZ":"5","KOD_POCZT":"32-447","NAZWA_ULC":"Cicha","NAZWA_GMI":"Siepraw","NAZWA_MSC":"Siepraw","odleglosc_m":193.7,"strefa":"50-200 m","warstwa":"adresy"},"geometry":{"type":"Point","coordinates":[19.950969,49.911802]}},{"type":"Feature","properties":{"NUMER_PORZ":"4","KOD_POCZT":"32-447","NAZWA_ULC":"Kręta","NAZWA_GMI":"Siepraw","NAZWA_MSC":"Siepraw","odleglosc_m":0.0,"strefa":"w śladzie","warstwa":"adresy"},"geometry":{"type":"Point","coordinates":[19.957396,49.918912]}},{"type":"Feature","properties":{"NUMER_PORZ":"30","KOD_POCZT":"32-447","NAZWA_ULC":"Kręta","NAZWA_GMI":"Siepraw","NAZWA_MSC":"Siepraw","odleglosc_m":184.5,"strefa":"50-200 m","warstwa":"adresy"},"geometry":{"type":"Point","coordinates":[19.953524,49.919055]}},{"type":"Feature","properties":{"NUMER_PORZ":"6","KOD_POCZT":"32-447","NAZWA_ULC":"Kręta","NAZWA_GMI":"Siepraw","NAZWA_MSC":"Siepraw","odleglosc_m":0.0,"strefa":"w śladzie","warstwa":"adresy"},"geometry":{"type":"Point","coordinates":[19.956994,49.918903]}},{"type":"Feature","properties":{"NUMER_PORZ":"11","KOD_POCZT":"32-447","NAZWA_ULC":"Kręta","NAZWA_GMI":"Siepraw","NAZWA_MSC":"Siepraw","odleglosc_m":0.0,"strefa":"w śladzie","warstwa":"adresy"},"geometry":{"type":"Point","coordinates":[19.956574,49.918627]}},{"type":"Feature","properties":{"NUMER_PORZ":"15","KOD_POCZT":"32-447","NAZWA_ULC":"Kręta","NAZWA_GMI":"Siepraw","NAZWA_MSC":"Siepraw","odleglosc_m":40.0,"strefa":"30-50 m","warstwa":"adresy"},"geometry":{"type":"Point","coordinates":[19.955554,49.91854]}},{"type":"Feature","properties":{"NUMER_PORZ":"22","KOD_POCZT":"32-447","NAZWA_ULC":"Kręta","NAZWA_GMI":"Siepraw","NAZWA_MSC":"Siepraw","odleglosc_m":152.1,"strefa":"50-200 m","warstwa":"adresy"},"geometry":{"type":"Point","coordinates":[19.954103,49.919022]}},{"type":"Feature","properties":{"NUMER_PORZ":"2","KOD_POCZT":"32-447","NAZWA_ULC":"Kręta","NAZWA_GMI":"Siepraw","NAZWA_MSC":"Siepraw","odleglosc_m":0.0,"strefa":"w śladzie","warstwa":"adresy"},"geometry":{"type":"Point","coordinates":[19.957768,49.918894]}},{"type":"Feature","properties":{"NUMER_PORZ":"32","KOD_POCZT":"32-447","NAZWA_ULC":"Kręta","NAZWA_GMI":"Siepraw","NAZWA_MSC":"Siepraw","odleglosc_m":158.4,"strefa":"50-200 m","warstwa":"adresy"},"geometry":{"type":"Point","coordinates":[19.95357,49.918749]}},{"type":"Feature","properties":{"NUMER_PORZ":"14","KOD_POCZT":"32-447","NAZWA_ULC":"Kręta","NAZWA_GMI":"Siepraw","NAZWA_MSC":"Siepraw","odleglosc_m":91.3,"strefa":"50-200 m","warstwa":"adresy"},"geometry":{"type":"Point","coordinates":[19.955073,49.918882]}},{"type":"Feature","properties":{"NUMER_PORZ":"19","KOD_POCZT":"32-447","NAZWA_ULC":"Kręta","NAZWA_GMI":"Siepraw","NAZWA_MSC":"Siepraw","odleglosc_m":82.3,"strefa":"50-200 m","warstwa":"adresy"},"geometry":{"type":"Point","coordinates":[19.954588,49.918442]}},{"type":"Feature","properties":{"NUMER_PORZ":"77","KOD_POCZT":"32-447","NAZWA_ULC":"Kwiatowa","NAZWA_GMI":"Siepraw","NAZWA_MSC":"Siepraw","odleglosc_m":128.2,"strefa":"50-200 m","warstwa":"adresy"},"geometry":{"type":"Point","coordinates":[19.939159,49.907029]}},{"type":"Feature","properties":{"NUMER_PORZ":"10","KOD_POCZT":"32-447","NAZWA_ULC":"Kręta","NAZWA_GMI":"Siepraw","NAZWA_MSC":"Siepraw","odleglosc_m":44.8,"strefa":"30-50 m","warstwa":"adresy"},"geometry":{"type":"Point","coordinates":[19.955955,49.918868]}},{"type":"Feature","properties":{"NUMER_PORZ":"23","KOD_POCZT":"32-447","NAZWA_ULC":"Kręta","NAZWA_GMI":"Siepraw","NAZWA_MSC":"Siepraw","odleglosc_m":105.3,"strefa":"50-200 m","warstwa":"adresy"},"geometry":{"type":"Point","coordinates":[19.953768,49.918195]}},{"type":"Feature","properties":{"NUMER_PORZ":"16","KOD_POCZT":"32-447","NAZWA_ULC":"Kręta","NAZWA_GMI":"Siepraw","NAZWA_MSC":"Siepraw","odleglosc_m":102.8,"strefa":"50-200 m","warstwa":"adresy"},"geometry":{"type":"Point","coordinates":[19.954565,49.918693]}},{"type":"Feature","properties":{"NUMER_PORZ":"28","KOD_POCZT":"32-447","NAZWA_ULC":"Kręta","NAZWA_GMI":"Siepraw","NAZWA_MSC":"Siepraw","odleglosc_m":199.3,"strefa":"50-200 m","warstwa":"adresy"},"geometry":{"type":"Point","coordinates":[19.953496,49.919229]}},{"type":"Feature","properties":{"NUMER_PORZ":"21","KOD_POCZT":"32-447","NAZWA_ULC":"Kręta","NAZWA_GMI":"Siepraw","NAZWA_MSC":"Siepraw","odleglosc_m":98.5,"strefa":"50-200 m","warstwa":"adresy"},"geometry":{"type":"Point","coordinates":[19.954261,49.918434]}},{"type":"Feature","properties":{"NUMER_PORZ":"9","KOD_POCZT":"32-447","NAZWA_ULC":"Kręta","NAZWA_GMI":"Siepraw","NAZWA_MSC":"Siepraw","odleglosc_m":0.0,"strefa":"w śladzie","warstwa":"adresy"},"geometry":{"type":"Point","coordinates":[19.957014,49.918665]}},{"type":"Feature","properties":{"NUMER_PORZ":"8","KOD_POCZT":"32-447","NAZWA_ULC":"Kręta","NAZWA_GMI":"Siepraw","NAZWA_MSC":"Siepraw","odleglosc_m":17.4,"strefa":"0-20 m","warstwa":"adresy"},"geometry":{"type":"Point","coordinates":[19.956484,49.918866]}},{"type":"Feature","properties":{"NUMER_PORZ":"20","KOD_POCZT":"32-447","NAZWA_ULC":"Kręta","NAZWA_GMI":"Siepraw","NAZWA_MSC":"Siepraw","odleglosc_m":126.5,"strefa":"50-200 m","warstwa":"adresy"},"geometry":{"type":"Point","coordinates":[19.954094,49.918685]}},{"type":"Feature","properties":{"NUMER_PORZ":"21A","KOD_POCZT":"32-447","NAZWA_ULC":"Parkowa","NAZWA_GMI":"Siepraw","NAZWA_MSC":"Siepraw","odleglosc_m":77.2,"strefa":"50-200 m","warstwa":"adresy"},"geometry":{"type":"Point","coordinates":[19.947076,49.913319]}},{"type":"Feature","properties":{"NUMER_PORZ":"4A","KOD_POCZT":"32-447","NAZWA_ULC":"Kręta","NAZWA_GMI":"Siepraw","NAZWA_MSC":"Siepraw","odleglosc_m":0.0,"strefa":"w śladzie","warstwa":"adresy"},"geometry":{"type":"Point","coordinates":[19.957613,49.918897]}},{"type":"Feature","properties":{"NUMER_PORZ":"10B","KOD_POCZT":"32-447","NAZWA_ULC":"Urocza","NAZWA_GMI":"Siepraw","NAZWA_MSC":"Siepraw","odleglosc_m":68.0,"strefa":"50-200 m","warstwa":"adresy"},"geometry":{"type":"Point","coordinates":[19.941859,49.905726]}},{"type":"Feature","properties":{"NUMER_PORZ":"3","KOD_POCZT":"32-447","NAZWA_ULC":"Kręta","NAZWA_GMI":"Siepraw","NAZWA_MSC":"Siepraw","odleglosc_m":20.1,"strefa":"20-30 m","warstwa":"adresy"},"geometry":{"type":"Point","coordinates":[19.95778,49.918613]}},{"type":"Feature","properties":{"NUMER_PORZ":"10C","KOD_POCZT":"32-447","NAZWA_ULC":"Urocza","NAZWA_GMI":"Siepraw","NAZWA_MSC":"Siepraw","odleglosc_m":58.1,"strefa":"50-200 m","warstwa":"adresy"},"geometry":{"type":"Point","coordinates":[19.941847,49.905921]}},{"type":"Feature","properties":{"NUMER_PORZ":"10A","KOD_POCZT":"32-447","NAZWA_ULC":"Urocza","NAZWA_GMI":"Siepraw","NAZWA_MSC":"Siepraw","odleglosc_m":98.3,"strefa":"50-200 m","warstwa":"adresy"},"geometry":{"type":"Point","coordinates":[19.942296,49.905688]}},{"type":"Feature","properties":{"NUMER_PORZ":"10","KOD_POCZT":"32-447","NAZWA_ULC":"Urocza","NAZWA_GMI":"Siepraw","NAZWA_MSC":"Siepraw","odleglosc_m":81.2,"strefa":"50-200 m","warstwa":"adresy"},"geometry":{"type":"Point","coordinates":[19.942236,49.905955]}},{"type":"Feature","properties":{"NUMER_PORZ":"1","KOD_POCZT":"32-447","NAZWA_ULC":"Kręta","NAZWA_GMI":"Siepraw","NAZWA_MSC":"Siepraw","odleglosc_m":27.8,"strefa":"20-30 m","warstwa":"adresy"},"geometry":{"type":"Point","coordinates":[19.958062,49.9187]}},{"type":"Feature","properties":{"NUMER_PORZ":"103","KOD_POCZT":"32-447","NAZWA_ULC":"Księdza Jana Przytockiego","NAZWA_GMI":"Siepraw","NAZWA_MSC":"Siepraw","odleglosc_m":172.7,"strefa":"50-200 m","warstwa":"adresy"},"geometry":{"type":"Point","coordinates":[19.968473,49.923682]}},{"type":"Feature","properties":{"NUMER_PORZ":"53","KOD_POCZT":"32-447","NAZWA_ULC":"Dobra","NAZWA_GMI":"Siepraw","NAZWA_MSC":"Siepraw","odleglosc_m":99.5,"strefa":"50-200 m","warstwa":"adresy"},"geometry":{"type":"Point","coordinates":[19.944091,49.911395]}},{"type":"Feature","properties":{"NUMER_PORZ":"14","KOD_POCZT":"32-447","NAZWA_ULC":"Dobra","NAZWA_GMI":"Siepraw","NAZWA_MSC":"Siepraw","odleglosc_m":135.5,"strefa":"50-200 m","warstwa":"adresy"},"geometry":{"type":"Point","coordinates":[19.946031,49.908844]}},{"type":"Feature","properties":{"NUMER_PORZ":"25","KOD_POCZT":"32-447","NAZWA_ULC":"Kręta","NAZWA_GMI":"Siepraw","NAZWA_MSC":"Siepraw","odleglosc_m":104.5,"strefa":"50-200 m","warstwa":"adresy"},"geometry":{"type":"Point","coordinates":[19.953683,49.918128]}},{"type":"Feature","properties":{"NUMER_PORZ":"105","KOD_POCZT":"32-447","NAZWA_ULC":"Księdza Jana Przytockiego","NAZWA_GMI":"Siepraw","NAZWA_MSC":"Siepraw","odleglosc_m":189.4,"strefa":"50-200 m","warstwa":"adresy"},"geometry":{"type":"Point","coordinates":[19.968811,49.923698]}},{"type":"Feature","properties":{"NUMER_PORZ":"11","KOD_POCZT":"32-447","NAZWA_ULC":"Dobra","NAZWA_GMI":"Siepraw","NAZWA_MSC":"Siepraw","odleglosc_m":106.2,"strefa":"50-200 m","warstwa":"adresy"},"geometry":{"type":"Point","coordinates":[19.945328,49.908675]}},{"type":"Feature","properties":{"NUMER_PORZ":"36","KOD_POCZT":"32-447","NAZWA_ULC":"Dobra","NAZWA_GMI":"Siepraw","NAZWA_MSC":"Siepraw","odleglosc_m":60.1,"strefa":"50-200 m","warstwa":"adresy"},"geometry":{"type":"Point","coordinates":[19.94441,49.911085]}},{"type":"Feature","properties":{"NUMER_PORZ":"83","KOD_POCZT":"32-447","NAZWA_ULC":"Dobra","NAZWA_GMI":"Siepraw","NAZWA_MSC":"Siepraw","odleglosc_m":148.3,"strefa":"50-200 m","warstwa":"adresy"},"geometry":{"type":"Point","coordinates":[19.94463,49.912497]}},{"type":"Feature","properties":{"NUMER_PORZ":"26","KOD_POCZT":"32-447","NAZWA_ULC":"Dobra","NAZWA_GMI":"Siepraw","NAZWA_MSC":"Siepraw","odleglosc_m":0.0,"strefa":"w śladzie","warstwa":"adresy"},"geometry":{"type":"Point","coordinates":[19.944236,49.910022]}},{"type":"Feature","properties":{"NUMER_PORZ":"30","KOD_POCZT":"32-447","NAZWA_ULC":"Dobra","NAZWA_GMI":"Siepraw","NAZWA_MSC":"Siepraw","odleglosc_m":28.6,"strefa":"20-30 m","warstwa":"adresy"},"geometry":{"type":"Point","coordinates":[19.944152,49.910416]}},{"type":"Feature","properties":{"NUMER_PORZ":"15","KOD_POCZT":"32-447","NAZWA_ULC":"Dobra","NAZWA_GMI":"Siepraw","NAZWA_MSC":"Siepraw","odleglosc_m":59.2,"strefa":"50-200 m","warstwa":"adresy"},"geometry":{"type":"Point","coordinates":[19.944666,49.908803]}},{"type":"Feature","properties":{"NUMER_PORZ":"85","KOD_POCZT":"32-447","NAZWA_ULC":"Dobra","NAZWA_GMI":"Siepraw","NAZWA_MSC":"Siepraw","odleglosc_m":162.3,"strefa":"50-200 m","warstwa":"adresy"},"geometry":{"type":"Point","coordinates":[19.944627,49.912689]}},{"type":"Feature","properties":{"NUMER_PORZ":"24","KOD_POCZT":"32-447","NAZWA_ULC":"Dobra","NAZWA_GMI":"Siepraw","NAZWA_MSC":"Siepraw","odleglosc_m":22.9,"strefa":"20-30 m","warstwa":"adresy"},"geometry":{"type":"Point","coordinates":[19.944803,49.909476]}},{"type":"Feature","properties":{"NUMER_PORZ":"40","KOD_POCZT":"32-447","NAZWA_ULC":"Dobra","NAZWA_GMI":"Siepraw","NAZWA_MSC":"Siepraw","odleglosc_m":73.3,"strefa":"50-200 m","warstwa":"adresy"},"geometry":{"type":"Point","coordinates":[19.944957,49.911702]}},{"type":"Feature","properties":{"NUMER_PORZ":"23","KOD_POCZT":"32-447","NAZWA_ULC":"Dobra","NAZWA_GMI":"Siepraw","NAZWA_MSC":"Siepraw","odleglosc_m":2.9,"strefa":"0-20 m","warstwa":"adresy"},"geometry":{"type":"Point","coordinates":[19.943029,49.909041]}},{"type":"Feature","properties":{"NUMER_PORZ":"42","KOD_POCZT":"32-447","NAZWA_ULC":"Dobra","NAZWA_GMI":"Siepraw","NAZWA_MSC":"Siepraw","odleglosc_m":79.6,"strefa":"50-200 m","warstwa":"adresy"},"geometry":{"type":"Point","coordinates":[19.94503,49.911848]}},{"type":"Feature","properties":{"NUMER_PORZ":"46","KOD_POCZT":"32-447","NAZWA_ULC":"Dobra","NAZWA_GMI":"Siepraw","NAZWA_MSC":"Siepraw","odleglosc_m":124.7,"strefa":"50-200 m","warstwa":"adresy"},"geometry":{"type":"Point","coordinates":[19.945196,49.912598]}},{"type":"Feature","properties":{"NUMER_PORZ":"13","KOD_POCZT":"32-447","NAZWA_ULC":"Dobra","NAZWA_GMI":"Siepraw","NAZWA_MSC":"Siepraw","odleglosc_m":70.9,"strefa":"50-200 m","warstwa":"adresy"},"geometry":{"type":"Point","coordinates":[19.944896,49.908829]}},{"type":"Feature","properties":{"NUMER_PORZ":"49","KOD_POCZT":"32-447","NAZWA_ULC":"Dobra","NAZWA_GMI":"Siepraw","NAZWA_MSC":"Siepraw","odleglosc_m":82.7,"strefa":"50-200 m","warstwa":"adresy"},"geometry":{"type":"Point","coordinates":[19.943488,49.910658]}},{"type":"Feature","properties":{"NUMER_PORZ":"64","KOD_POCZT":"32-447","NAZWA_ULC":"Graniczna","NAZWA_GMI":"Siepraw","NAZWA_MSC":"Siepraw","odleglosc_m":154.4,"strefa":"50-200 m","warstwa":"adresy"},"geometry":{"type":"Point","coordinates":[19.957137,49.92107]}},{"type":"Feature","properties":{"NUMER_PORZ":"62","KOD_POCZT":"32-447","NAZWA_ULC":"Graniczna","NAZWA_GMI":"Siepraw","NAZWA_MSC":"Siepraw","odleglosc_m":189.9,"strefa":"50-200 m","warstwa":"adresy"},"geometry":{"type":"Point","coordinates":[19.956617,49.921183]}},{"type":"Feature","properties":{"NUMER_PORZ":"18","KOD_POCZT":"32-447","NAZWA_ULC":"Parkowa","NAZWA_GMI":"Siepraw","NAZWA_MSC":"Siepraw","odleglosc_m":136.5,"strefa":"50-200 m","warstwa":"adresy"},"geometry":{"type":"Point","coordinates":[19.94661,49.91378]}},{"type":"Feature","properties":{"NUMER_PORZ":"16","KOD_POCZT":"32-447","NAZWA_ULC":"Urocza","NAZWA_GMI":"Siepraw","NAZWA_MSC":"Siepraw","odleglosc_m":143.4,"strefa":"50-200 m","warstwa":"adresy"},"geometry":{"type":"Point","coordinates":[19.942782,49.905401]}},{"type":"Feature","properties":{"NUMER_PORZ":"66","KOD_POCZT":"32-447","NAZWA_ULC":"Graniczna","NAZWA_GMI":"Siepraw","NAZWA_MSC":"Siepraw","odleglosc_m":95.1,"strefa":"50-200 m","warstwa":"adresy"},"geometry":{"type":"Point","coordinates":[19.958119,49.920957]}},{"type":"Feature","properties":{"NUMER_PORZ":"68","KOD_POCZT":"32-447","NAZWA_ULC":"Graniczna","NAZWA_GMI":"Siepraw","NAZWA_MSC":"Siepraw","odleglosc_m":68.0,"strefa":"50-200 m","warstwa":"adresy"},"geometry":{"type":"Point","coordinates":[19.958505,49.920863]}},{"type":"Feature","properties":{"NUMER_PORZ":"85","KOD_POCZT":"32-447","NAZWA_ULC":"Kwiatowa","NAZWA_GMI":"Siepraw","NAZWA_MSC":"Siepraw","odleglosc_m":169.0,"strefa":"50-200 m","warstwa":"adresy"},"geometry":{"type":"Point","coordinates":[19.938069,49.906798]}},{"type":"Feature","properties":{"NUMER_PORZ":"101","KOD_POCZT":"32-447","NAZWA_ULC":"Księdza Jana Przytockiego","NAZWA_GMI":"Siepraw","NAZWA_MSC":"Siepraw","odleglosc_m":188.2,"strefa":"50-200 m","warstwa":"adresy"},"geometry":{"type":"Point","coordinates":[19.968049,49.923199]}},{"type":"Feature","properties":{"NUMER_PORZ":"43","KOD_POCZT":"32-447","NAZWA_ULC":"Dobra","NAZWA_GMI":"Siepraw","NAZWA_MSC":"Siepraw","odleglosc_m":22.1,"strefa":"20-30 m","warstwa":"adresy"},"geometry":{"type":"Point","coordinates":[19.943734,49.909962]}},{"type":"Feature","properties":{"NUMER_PORZ":"59","KOD_POCZT":"32-447","NAZWA_ULC":"Dobra","NAZWA_GMI":"Siepraw","NAZWA_MSC":"Siepraw","odleglosc_m":111.8,"strefa":"50-200 m","warstwa":"adresy"},"geometry":{"type":"Point","coordinates":[19.944293,49.911726]}},{"type":"Feature","properties":{"NUMER_PORZ":"50","KOD_POCZT":"32-447","NAZWA_ULC":"Dobra","NAZWA_GMI":"Siepraw","NAZWA_MSC":"Siepraw","odleglosc_m":184.2,"strefa":"50-200 m","warstwa":"adresy"},"geometry":{"type":"Point","coordinates":[19.945028,49.913286]}},{"type":"Feature","properties":{"NUMER_PORZ":"44","KOD_POCZT":"32-447","NAZWA_ULC":"Dobra","NAZWA_GMI":"Siepraw","NAZWA_MSC":"Siepraw","odleglosc_m":97.8,"strefa":"50-200 m","warstwa":"adresy"},"geometry":{"type":"Point","coordinates":[19.945022,49.912095]}},{"type":"Feature","properties":{"NUMER_PORZ":"29","KOD_POCZT":"32-447","NAZWA_ULC":"Dobra","NAZWA_GMI":"Siepraw","NAZWA_MSC":"Siepraw","odleglosc_m":2.9,"strefa":"0-20 m","warstwa":"adresy"},"geometry":{"type":"Point","coordinates":[19.94406,49.909125]}},{"type":"Feature","properties":{"NUMER_PORZ":"31","KOD_POCZT":"32-447","NAZWA_ULC":"Dobra","NAZWA_GMI":"Siepraw","NAZWA_MSC":"Siepraw","odleglosc_m":15.6,"strefa":"0-20 m","warstwa":"adresy"},"geometry":{"type":"Point","coordinates":[19.944334,49.909178]}},{"type":"Feature","properties":{"NUMER_PORZ":"55","KOD_POCZT":"32-447","NAZWA_ULC":"Dobra","NAZWA_GMI":"Siepraw","NAZWA_MSC":"Siepraw","odleglosc_m":130.0,"strefa":"50-200 m","warstwa":"adresy"},"geometry":{"type":"Point","coordinates":[19.943596,49.911434]}},{"type":"Feature","properties":{"NUMER_PORZ":"51","KOD_POCZT":"32-447","NAZWA_ULC":"Dobra","NAZWA_GMI":"Siepraw","NAZWA_MSC":"Siepraw","odleglosc_m":98.2,"strefa":"50-200 m","warstwa":"adresy"},"geometry":{"type":"Point","coordinates":[19.943635,49.911003]}},{"type":"Feature","properties":{"NUMER_PORZ":"56","KOD_POCZT":"32-447","NAZWA_ULC":"Kwiatowa","NAZWA_GMI":"Siepraw","NAZWA_MSC":"Siepraw","odleglosc_m":163.3,"strefa":"50-200 m","warstwa":"adresy"},"geometry":{"type":"Point","coordinates":[19.936202,49.906958]}},{"type":"Feature","properties":{"NUMER_PORZ":"34","KOD_POCZT":"32-447","NAZWA_ULC":"Kwiatowa","NAZWA_GMI":"Siepraw","NAZWA_MSC":"Siepraw","odleglosc_m":184.0,"strefa":"50-200 m","warstwa":"adresy"},"geometry":{"type":"Point","coordinates":[19.945315,49.907437]}},{"type":"Feature","properties":{"NUMER_PORZ":"8","KOD_POCZT":"32-447","NAZWA_ULC":"Urocza","NAZWA_GMI":"Siepraw","NAZWA_MSC":"Siepraw","odleglosc_m":73.7,"strefa":"50-200 m","warstwa":"adresy"},"geometry":{"type":"Point","coordinates":[19.942395,49.906289]}},{"type":"Feature","properties":{"NUMER_PORZ":"4","KOD_POCZT":"32-447","NAZWA_ULC":"Urocza","NAZWA_GMI":"Siepraw","NAZWA_MSC":"Siepraw","odleglosc_m":38.7,"strefa":"30-50 m","warstwa":"adresy"},"geometry":{"type":"Point","coordinates":[19.942121,49.906627]}},{"type":"Feature","properties":{"NUMER_PORZ":"3","KOD_POCZT":"32-447","NAZWA_ULC":"Urocza","NAZWA_GMI":"Siepraw","NAZWA_MSC":"Siepraw","odleglosc_m":93.9,"strefa":"50-200 m","warstwa":"adresy"},"geometry":{"type":"Point","coordinates":[19.943007,49.906627]}},{"type":"Feature","properties":{"NUMER_PORZ":"6","KOD_POCZT":"32-447","NAZWA_ULC":"Urocza","NAZWA_GMI":"Siepraw","NAZWA_MSC":"Siepraw","odleglosc_m":58.4,"strefa":"50-200 m","warstwa":"adresy"},"geometry":{"type":"Point","coordinates":[19.942462,49.906655]}},{"type":"Feature","properties":{"NUMER_PORZ":"14","KOD_POCZT":"32-447","NAZWA_ULC":"Urocza","NAZWA_GMI":"Siepraw","NAZWA_MSC":"Siepraw","odleglosc_m":87.6,"strefa":"50-200 m","warstwa":"adresy"},"geometry":{"type":"Point","coordinates":[19.941917,49.905391]}},{"type":"Feature","properties":{"NUMER_PORZ":"2","KOD_POCZT":"32-447","NAZWA_ULC":"Urocza","NAZWA_GMI":"Siepraw","NAZWA_MSC":"Siepraw","odleglosc_m":19.7,"strefa":"0-20 m","warstwa":"adresy"},"geometry":{"type":"Point","coordinates":[19.941805,49.906608]}},{"type":"Feature","properties":{"NUMER_PORZ":"33","KOD_POCZT":"32-447","NAZWA_ULC":"Dobra","NAZWA_GMI":"Siepraw","NAZWA_MSC":"Siepraw","odleglosc_m":34.8,"strefa":"30-50 m","warstwa":"adresy"},"geometry":{"type":"Point","coordinates":[19.944655,49.90917]}},{"type":"Feature","properties":{"NUMER_PORZ":"28","KOD_POCZT":"32-447","NAZWA_ULC":"Dobra","NAZWA_GMI":"Siepraw","NAZWA_MSC":"Siepraw","odleglosc_m":13.4,"strefa":"0-20 m","warstwa":"adresy"},"geometry":{"type":"Point","coordinates":[19.944191,49.910224]}},{"type":"Feature","properties":{"NUMER_PORZ":"19","KOD_POCZT":"32-447","NAZWA_ULC":"Dobra","NAZWA_GMI":"Siepraw","NAZWA_MSC":"Siepraw","odleglosc_m":13.0,"strefa":"0-20 m","warstwa":"adresy"},"geometry":{"type":"Point","coordinates":[19.943907,49.908831]}},{"type":"Feature","properties":{"NUMER_PORZ":"52","KOD_POCZT":"32-447","NAZWA_ULC":"Kwiatowa","NAZWA_GMI":"Siepraw","NAZWA_MSC":"Siepraw","odleglosc_m":23.5,"strefa":"20-30 m","warstwa":"adresy"},"geometry":{"type":"Point","coordinates":[19.942847,49.907683]}},{"type":"Feature","properties":{"NUMER_PORZ":"60","KOD_POCZT":"32-447","NAZWA_ULC":"Kwiatowa","NAZWA_GMI":"Siepraw","NAZWA_MSC":"Siepraw","odleglosc_m":166.1,"strefa":"50-200 m","warstwa":"adresy"},"geometry":{"type":"Point","coordinates":[19.93587,49.906952]}},{"type":"Feature","properties":{"NUMER_PORZ":"55","KOD_POCZT":"32-447","NAZWA_ULC":"Kwiatowa","NAZWA_GMI":"Siepraw","NAZWA_MSC":"Siepraw","odleglosc_m":104.6,"strefa":"50-200 m","warstwa":"adresy"},"geometry":{"type":"Point","coordinates":[19.94354,49.907025]}},{"type":"Feature","properties":{"NUMER_PORZ":"71","KOD_POCZT":"32-447","NAZWA_ULC":"Kwiatowa","NAZWA_GMI":"Siepraw","NAZWA_MSC":"Siepraw","odleglosc_m":41.8,"strefa":"30-50 m","warstwa":"adresy"},"geometry":{"type":"Point","coordinates":[19.940566,49.907082]}},{"type":"Feature","properties":{"NUMER_PORZ":"58","KOD_POCZT":"32-447","NAZWA_ULC":"Kwiatowa","NAZWA_GMI":"Siepraw","NAZWA_MSC":"Siepraw","odleglosc_m":185.2,"strefa":"50-200 m","warstwa":"adresy"},"geometry":{"type":"Point","coordinates":[19.935911,49.906777]}},{"type":"Feature","properties":{"NUMER_PORZ":"61","KOD_POCZT":"32-447","NAZWA_ULC":"Kwiatowa","NAZWA_GMI":"Siepraw","NAZWA_MSC":"Siepraw","odleglosc_m":11.7,"strefa":"0-20 m","warstwa":"adresy"},"geometry":{"type":"Point","coordinates":[19.942353,49.907372]}},{"type":"Feature","properties":{"NUMER_PORZ":"47","KOD_POCZT":"32-447","NAZWA_ULC":"Kwiatowa","NAZWA_GMI":"Siepraw","NAZWA_MSC":"Siepraw","odleglosc_m":167.1,"strefa":"50-200 m","warstwa":"adresy"},"geometry":{"type":"Point","coordinates":[19.944654,49.907111]}},{"type":"Feature","properties":{"NUMER_PORZ":"81","KOD_POCZT":"32-447","NAZWA_ULC":"Kwiatowa","NAZWA_GMI":"Siepraw","NAZWA_MSC":"Siepraw","odleglosc_m":141.9,"strefa":"50-200 m","warstwa":"adresy"},"geometry":{"type":"Point","coordinates":[19.938289,49.907029]}},{"type":"Feature","properties":{"NUMER_PORZ":"46","KOD_POCZT":"32-447","NAZWA_ULC":"Kwiatowa","NAZWA_GMI":"Siepraw","NAZWA_MSC":"Siepraw","odleglosc_m":114.4,"strefa":"50-200 m","warstwa":"adresy"},"geometry":{"type":"Point","coordinates":[19.944356,49.907643]}},{"type":"Feature","properties":{"NUMER_PORZ":"73","KOD_POCZT":"32-447","NAZWA_ULC":"Kwiatowa","NAZWA_GMI":"Siepraw","NAZWA_MSC":"Siepraw","odleglosc_m":73.4,"strefa":"50-200 m","warstwa":"adresy"},"geometry":{"type":"Point","coordinates":[19.939988,49.906987]}},{"type":"Feature","properties":{"NUMER_PORZ":"53","KOD_POCZT":"32-447","NAZWA_ULC":"Kwiatowa","NAZWA_GMI":"Siepraw","NAZWA_MSC":"Siepraw","odleglosc_m":161.5,"strefa":"50-200 m","warstwa":"adresy"},"geometry":{"type":"Point","coordinates":[19.94375,49.906242]}},{"type":"Feature","properties":{"NUMER_PORZ":"49","KOD_POCZT":"32-447","NAZWA_ULC":"Kwiatowa","NAZWA_GMI":"Siepraw","NAZWA_MSC":"Siepraw","odleglosc_m":152.1,"strefa":"50-200 m","warstwa":"adresy"},"geometry":{"type":"Point","coordinates":[19.944309,49.907012]}},{"type":"Feature","properties":{"NUMER_PORZ":"48","KOD_POCZT":"32-447","NAZWA_ULC":"Dobra","NAZWA_GMI":"Siepraw","NAZWA_MSC":"Siepraw","odleglosc_m":157.7,"strefa":"50-200 m","warstwa":"adresy"},"geometry":{"type":"Point","coordinates":[19.945044,49.912938]}},{"type":"Feature","properties":{"NUMER_PORZ":"65","KOD_POCZT":"32-447","NAZWA_ULC":"Dobra","NAZWA_GMI":"Siepraw","NAZWA_MSC":"Siepraw","odleglosc_m":162.7,"strefa":"50-200 m","warstwa":"adresy"},"geometry":{"type":"Point","coordinates":[19.944144,49.912329]}},{"type":"Feature","properties":{"NUMER_PORZ":"57","KOD_POCZT":"32-447","NAZWA_ULC":"Kwiatowa","NAZWA_GMI":"Siepraw","NAZWA_MSC":"Siepraw","odleglosc_m":50.3,"strefa":"50-200 m","warstwa":"adresy"},"geometry":{"type":"Point","coordinates":[19.942926,49.907313]}},{"type":"Feature","properties":{"NUMER_PORZ":"50","KOD_POCZT":"32-447","NAZWA_ULC":"Kwiatowa","NAZWA_GMI":"Siepraw","NAZWA_MSC":"Siepraw","odleglosc_m":78.5,"strefa":"50-200 m","warstwa":"adresy"},"geometry":{"type":"Point","coordinates":[19.94358,49.907506]}},{"type":"Feature","properties":{"NUMER_PORZ":"48","KOD_POCZT":"32-447","NAZWA_ULC":"Kwiatowa","NAZWA_GMI":"Siepraw","NAZWA_MSC":"Siepraw","odleglosc_m":76.0,"strefa":"50-200 m","warstwa":"adresy"},"geometry":{"type":"Point","coordinates":[19.94388,49.907812]}},{"type":"Feature","properties":{"NUMER_PORZ":"54","KOD_POCZT":"32-447","NAZWA_ULC":"Kwiatowa","NAZWA_GMI":"Siepraw","NAZWA_MSC":"Siepraw","odleglosc_m":185.0,"strefa":"50-200 m","warstwa":"adresy"},"geometry":{"type":"Point","coordinates":[19.936721,49.906732]}},{"type":"Feature","properties":{"NUMER_PORZ":"36","KOD_POCZT":"32-447","NAZWA_ULC":"Kwiatowa","NAZWA_GMI":"Siepraw","NAZWA_MSC":"Siepraw","odleglosc_m":162.6,"strefa":"50-200 m","warstwa":"adresy"},"geometry":{"type":"Point","coordinates":[19.945274,49.907741]}},{"type":"Feature","properties":{"NUMER_PORZ":"69","KOD_POCZT":"32-447","NAZWA_ULC":"Kwiatowa","NAZWA_GMI":"Siepraw","NAZWA_MSC":"Siepraw","odleglosc_m":7.6,"strefa":"0-20 m","warstwa":"adresy"},"geometry":{"type":"Point","coordinates":[19.9412,49.907186]}},{"type":"Feature","properties":{"NUMER_PORZ":"64","KOD_POCZT":"32-447","NAZWA_ULC":"Kwiatowa","NAZWA_GMI":"Siepraw","NAZWA_MSC":"Siepraw","odleglosc_m":196.0,"strefa":"50-200 m","warstwa":"adresy"},"geometry":{"type":"Point","coordinates":[19.93499,49.906733]}},{"type":"Feature","properties":{"NUMER_PORZ":"38","KOD_POCZT":"32-447","NAZWA_ULC":"Kwiatowa","NAZWA_GMI":"Siepraw","NAZWA_MSC":"Siepraw","odleglosc_m":139.2,"strefa":"50-200 m","warstwa":"adresy"},"geometry":{"type":"Point","coordinates":[19.944793,49.907657]}},{"type":"Feature","properties":{"NUMER_PORZ":"59","KOD_POCZT":"32-447","NAZWA_ULC":"Kwiatowa","NAZWA_GMI":"Siepraw","NAZWA_MSC":"Siepraw","odleglosc_m":36.8,"strefa":"30-50 m","warstwa":"adresy"},"geometry":{"type":"Point","coordinates":[19.942741,49.90735]}},{"type":"Feature","properties":{"NUMER_PORZ":"99","KOD_POCZT":"32-447","NAZWA_ULC":"Księdza Jana Przytockiego","NAZWA_GMI":"Siepraw","NAZWA_MSC":"Siepraw","odleglosc_m":153.2,"strefa":"50-200 m","warstwa":"adresy"},"geometry":{"type":"Point","coordinates":[19.967554,49.923322]}},{"type":"Feature","properties":{"NUMER_PORZ":"39","KOD_POCZT":"32-447","NAZWA_ULC":"Dobra","NAZWA_GMI":"Siepraw","NAZWA_MSC":"Siepraw","odleglosc_m":8.9,"strefa":"0-20 m","warstwa":"adresy"},"geometry":{"type":"Point","coordinates":[19.943427,49.909493]}},{"type":"Feature","properties":{"NUMER_PORZ":"16","KOD_POCZT":"32-447","NAZWA_ULC":"Dobra","NAZWA_GMI":"Siepraw","NAZWA_MSC":"Siepraw","odleglosc_m":107.7,"strefa":"50-200 m","warstwa":"adresy"},"geometry":{"type":"Point","coordinates":[19.945707,49.908982]}},{"type":"Feature","properties":{"NUMER_PORZ":"22","KOD_POCZT":"32-447","NAZWA_ULC":"Dobra","NAZWA_GMI":"Siepraw","NAZWA_MSC":"Siepraw","odleglosc_m":3.0,"strefa":"0-20 m","warstwa":"adresy"},"geometry":{"type":"Point","coordinates":[19.944728,49.909708]}},{"type":"Feature","properties":{"NUMER_PORZ":"12","KOD_POCZT":"32-447","NAZWA_ULC":"Dobra","NAZWA_GMI":"Siepraw","NAZWA_MSC":"Siepraw","odleglosc_m":186.4,"strefa":"50-200 m","warstwa":"adresy"},"geometry":{"type":"Point","coordinates":[19.946698,49.908656]}},{"type":"Feature","properties":{"NUMER_PORZ":"69","KOD_POCZT":"32-447","NAZWA_ULC":"Dobra","NAZWA_GMI":"Siepraw","NAZWA_MSC":"Siepraw","odleglosc_m":182.2,"strefa":"50-200 m","warstwa":"adresy"},"geometry":{"type":"Point","coordinates":[19.943627,49.9122]}},{"type":"Feature","properties":{"NUMER_PORZ":"67","KOD_POCZT":"32-447","NAZWA_ULC":"Dobra","NAZWA_GMI":"Siepraw","NAZWA_MSC":"Siepraw","odleglosc_m":156.6,"strefa":"50-200 m","warstwa":"adresy"},"geometry":{"type":"Point","coordinates":[19.944006,49.912135]}},{"type":"Feature","properties":{"NUMER_PORZ":"20","KOD_POCZT":"32-447","NAZWA_ULC":"Dobra","NAZWA_GMI":"Siepraw","NAZWA_MSC":"Siepraw","odleglosc_m":41.8,"strefa":"30-50 m","warstwa":"adresy"},"geometry":{"type":"Point","coordinates":[19.945387,49.909693]}},{"type":"Feature","properties":{"NUMER_PORZ":"73","KOD_POCZT":"32-447","NAZWA_ULC":"Dobra","NAZWA_GMI":"Siepraw","NAZWA_MSC":"Siepraw","odleglosc_m":194.9,"strefa":"50-200 m","warstwa":"adresy"},"geometry":{"type":"Point","coordinates":[19.943291,49.912118]}},{"type":"Feature","properties":{"NUMER_PORZ":"37","KOD_POCZT":"32-447","NAZWA_ULC":"Dobra","NAZWA_GMI":"Siepraw","NAZWA_MSC":"Siepraw","odleglosc_m":0.0,"strefa":"w śladzie","warstwa":"adresy"},"geometry":{"type":"Point","coordinates":[19.944084,49.909626]}},{"type":"Feature","properties":{"NUMER_PORZ":"41","KOD_POCZT":"32-447","NAZWA_ULC":"Dobra","NAZWA_GMI":"Siepraw","NAZWA_MSC":"Siepraw","odleglosc_m":22.9,"strefa":"20-30 m","warstwa":"adresy"},"geometry":{"type":"Point","coordinates":[19.943037,49.909357]}},{"type":"Feature","properties":{"NUMER_PORZ":"65","KOD_POCZT":"32-447","NAZWA_ULC":"Kwiatowa","NAZWA_GMI":"Siepraw","NAZWA_MSC":"Siepraw","odleglosc_m":0.0,"strefa":"w śladzie","warstwa":"adresy"},"geometry":{"type":"Point","coordinates":[19.941895,49.907348]}},{"type":"Feature","properties":{"NUMER_PORZ":"27A","KOD_POCZT":"32-447","NAZWA_ULC":"Parkowa","NAZWA_GMI":"Siepraw","NAZWA_MSC":"Siepraw","odleglosc_m":133.0,"strefa":"50-200 m","warstwa":"adresy"},"geometry":{"type":"Point","coordinates":[19.945788,49.913145]}},{"type":"Feature","properties":{"NUMER_PORZ":"10","KOD_POCZT":"32-447","NAZWA_ULC":"Jabłoniowa","NAZWA_GMI":"Siepraw","NAZWA_MSC":"Siepraw","odleglosc_m":166.5,"strefa":"50-200 m","warstwa":"adresy"},"geometry":{"type":"Point","coordinates":[19.956496,49.915867]}},{"type":"Feature","properties":{"NUMER_PORZ":"12","KOD_POCZT":"32-447","NAZWA_ULC":"Urocza","NAZWA_GMI":"Siepraw","NAZWA_MSC":"Siepraw","odleglosc_m":100.3,"strefa":"50-200 m","warstwa":"adresy"},"geometry":{"type":"Point","coordinates":[19.942565,49.905986]}},{"type":"Feature","properties":{"NUMER_PORZ":"63","KOD_POCZT":"32-447","NAZWA_ULC":"Kwiatowa","NAZWA_GMI":"Siepraw","NAZWA_MSC":"Siepraw","odleglosc_m":14.8,"strefa":"0-20 m","warstwa":"adresy"},"geometry":{"type":"Point","coordinates":[19.94214,49.90708]}},{"type":"Feature","properties":{"NUMER_PORZ":"4","KOD_POCZT":"32-447","NAZWA_ULC":"Cicha","NAZWA_GMI":"Siepraw","NAZWA_MSC":"Siepraw","odleglosc_m":106.0,"strefa":"50-200 m","warstwa":"adresy"},"geometry":{"type":"Point","coordinates":[19.950375,49.912548]}},{"type":"Feature","properties":{"NUMER_PORZ":"1","KOD_POCZT":"32-447","NAZWA_ULC":"Cicha","NAZWA_GMI":"Siepraw","NAZWA_MSC":"Siepraw","odleglosc_m":154.2,"strefa":"50-200 m","warstwa":"adresy"},"geometry":{"type":"Point","coordinates":[19.950996,49.912342]}},{"type":"Feature","properties":{"NUMER_PORZ":"3","KOD_POCZT":"32-447","NAZWA_ULC":"Cicha","NAZWA_GMI":"Siepraw","NAZWA_MSC":"Siepraw","odleglosc_m":168.9,"strefa":"50-200 m","warstwa":"adresy"},"geometry":{"type":"Point","coordinates":[19.950996,49.912148]}},{"type":"Feature","properties":{"NUMER_PORZ":"8","KOD_POCZT":"32-447","NAZWA_ULC":"Cicha","NAZWA_GMI":"Siepraw","NAZWA_MSC":"Siepraw","odleglosc_m":151.9,"strefa":"50-200 m","warstwa":"adresy"},"geometry":{"type":"Point","coordinates":[19.950415,49.911971]}},{"type":"Feature","properties":{"NUMER_PORZ":"2","KOD_POCZT":"32-447","NAZWA_ULC":"Cicha","NAZWA_GMI":"Siepraw","NAZWA_MSC":"Siepraw","odleglosc_m":82.9,"strefa":"50-200 m","warstwa":"adresy"},"geometry":{"type":"Point","coordinates":[19.950396,49.912867]}},{"type":"Feature","properties":{"NUMER_PORZ":"79","KOD_POCZT":"32-447","NAZWA_ULC":"Kwiatowa","NAZWA_GMI":"Siepraw","NAZWA_MSC":"Siepraw","odleglosc_m":134.2,"strefa":"50-200 m","warstwa":"adresy"},"geometry":{"type":"Point","coordinates":[19.938785,49.907089]}},{"type":"Feature","properties":{"NUMER_PORZ":"12","KOD_POCZT":"32-447","NAZWA_ULC":"Kręta","NAZWA_GMI":"Siepraw","NAZWA_MSC":"Siepraw","odleglosc_m":110.0,"strefa":"50-200 m","warstwa":"adresy"},"geometry":{"type":"Point","coordinates":[19.954946,49.919039]}},{"type":"Feature","properties":{"NUMER_PORZ":"5","KOD_POCZT":"32-447","NAZWA_ULC":"Kręta","NAZWA_GMI":"Siepraw","NAZWA_MSC":"Siepraw","odleglosc_m":0.0,"strefa":"w śladzie","warstwa":"adresy"},"geometry":{"type":"Point","coordinates":[19.957367,49.918635]}},{"type":"Feature","properties":{"NUMER_PORZ":"13","KOD_POCZT":"32-447","NAZWA_ULC":"Kręta","NAZWA_GMI":"Siepraw","NAZWA_MSC":"Siepraw","odleglosc_m":14.8,"strefa":"0-20 m","warstwa":"adresy"},"geometry":{"type":"Point","coordinates":[19.956121,49.91859]}},{"type":"Feature","properties":{"NUMER_PORZ":"24","KOD_POCZT":"32-447","NAZWA_ULC":"Kręta","NAZWA_GMI":"Siepraw","NAZWA_MSC":"Siepraw","odleglosc_m":189.2,"strefa":"50-200 m","warstwa":"adresy"},"geometry":{"type":"Point","coordinates":[19.953981,49.91942]}},{"type":"Feature","properties":{"NUMER_PORZ":"18","KOD_POCZT":"32-447","NAZWA_ULC":"Kręta","NAZWA_GMI":"Siepraw","NAZWA_MSC":"Siepraw","odleglosc_m":138.3,"strefa":"50-200 m","warstwa":"adresy"},"geometry":{"type":"Point","coordinates":[19.954501,49.919108]}},{"type":"Feature","properties":{"NUMER_PORZ":"40","KOD_POCZT":"32-447","NAZWA_ULC":"Kwiatowa","NAZWA_GMI":"Siepraw","NAZWA_MSC":"Siepraw","odleglosc_m":149.0,"strefa":"50-200 m","warstwa":"adresy"},"geometry":{"type":"Point","coordinates":[19.944832,49.907536]}},{"type":"Feature","properties":{"NUMER_PORZ":"67","KOD_POCZT":"32-447","NAZWA_ULC":"Kwiatowa","NAZWA_GMI":"Siepraw","NAZWA_MSC":"Siepraw","odleglosc_m":0.0,"strefa":"w śladzie","warstwa":"adresy"},"geometry":{"type":"Point","coordinates":[19.941478,49.90726]}},{"type":"Feature","properties":{"NUMER_PORZ":"51","KOD_POCZT":"32-447","NAZWA_ULC":"Kwiatowa","NAZWA_GMI":"Siepraw","NAZWA_MSC":"Siepraw","odleglosc_m":123.7,"strefa":"50-200 m","warstwa":"adresy"},"geometry":{"type":"Point","coordinates":[19.943829,49.906998]}},{"type":"Feature","properties":{"NUMER_PORZ":"75","KOD_POCZT":"32-447","NAZWA_ULC":"Kwiatowa","NAZWA_GMI":"Siepraw","NAZWA_MSC":"Siepraw","odleglosc_m":100.2,"strefa":"50-200 m","warstwa":"adresy"},"geometry":{"type":"Point","coordinates":[19.939549,49.906969]}},{"type":"Feature","properties":{"NUMER_PORZ":"44A","KOD_POCZT":"32-447","NAZWA_ULC":"Kwiatowa","NAZWA_GMI":"Siepraw","NAZWA_MSC":"Siepraw","odleglosc_m":104.0,"strefa":"50-200 m","warstwa":"adresy"},"geometry":{"type":"Point","coordinates":[19.944035,49.907541]}},{"type":"Feature","properties":{"NUMER_PORZ":"42","KOD_POCZT":"32-447","NAZWA_ULC":"Kwiatowa","NAZWA_GMI":"Siepraw","NAZWA_MSC":"Siepraw","odleglosc_m":129.0,"strefa":"50-200 m","warstwa":"adresy"},"geometry":{"type":"Point","coordinates":[19.944398,49.907472]}},{"type":"Feature","properties":{"NUMER_PORZ":"44","KOD_POCZT":"32-447","NAZWA_ULC":"Kwiatowa","NAZWA_GMI":"Siepraw","NAZWA_MSC":"Siepraw","odleglosc_m":120.6,"strefa":"50-200 m","warstwa":"adresy"},"geometry":{"type":"Point","coordinates":[19.944046,49.907273]}},{"type":"Feature","properties":{"NUMER_PORZ":"59","KOD_POCZT":"32-447","NAZWA_ULC":"Królewska","NAZWA_GMI":"Siepraw","NAZWA_MSC":"Siepraw","odleglosc_m":130.7,"strefa":"50-200 m","warstwa":"adresy"},"geometry":{"type":"Point","coordinates":[19.958204,49.917466]}},{"type":"Feature","properties":{"NUMER_PORZ":"61","KOD_POCZT":"32-447","NAZWA_ULC":"Królewska","NAZWA_GMI":"Siepraw","NAZWA_MSC":"Siepraw","odleglosc_m":144.1,"strefa":"50-200 m","warstwa":"adresy"},"geometry":{"type":"Point","coordinates":[19.958534,49.917513]}},{"type":"Feature","properties":{"NUMER_PORZ":"29","KOD_POCZT":"30-699","NAZWA_ULC":"Bronisława Malinowskiego","NAZWA_GMI":"Kraków","NAZWA_MSC":"Kraków","odleglosc_m":149.5,"strefa":"50-200 m","warstwa":"adresy"},"geometry":{"type":"Point","coordinates":[19.98892,49.985441]}},{"type":"Feature","properties":{"NUMER_PORZ":"11","KOD_POCZT":"32-040","NAZWA_ULC":"Zarzecze","NAZWA_GMI":"Świątniki Górne","NAZWA_MSC":"Rzeszotary","odleglosc_m":184.5,"strefa":"50-200 m","warstwa":"adresy"},"geometry":{"type":"Point","coordinates":[19.979748,49.943292]}},{"type":"Feature","properties":{"NUMER_PORZ":"19A","KOD_POCZT":"32-040","NAZWA_ULC":"Piasna Górka","NAZWA_GMI":"Świątniki Górne","NAZWA_MSC":"Rzeszotary","odleglosc_m":141.9,"strefa":"50-200 m","warstwa":"adresy"},"geometry":{"type":"Point","coordinates":[19.980837,49.935799]}},{"type":"Feature","properties":{"NUMER_PORZ":"9","KOD_POCZT":"30-699","NAZWA_ULC":"Krzemieniecka","NAZWA_GMI":"Kraków","NAZWA_MSC":"Kraków","odleglosc_m":38.5,"strefa":"30-50 m","warstwa":"adresy"},"geometry":{"type":"Point","coordinates":[19.991742,49.983209]}},{"type":"Feature","properties":{"NUMER_PORZ":"15","KOD_POCZT":"30-699","NAZWA_ULC":"Antoniego Pajdaka","NAZWA_GMI":"Kraków","NAZWA_MSC":"Kraków","odleglosc_m":58.6,"strefa":"50-200 m","warstwa":"adresy"},"geometry":{"type":"Point","coordinates":[19.992087,49.981026]}},{"type":"Feature","properties":{"NUMER_PORZ":"21G","KOD_POCZT":"30-694","NAZWA_ULC":"Włodzimierza Gruszczyńskiego","NAZWA_GMI":"Kraków","NAZWA_MSC":"Kraków","odleglosc_m":105.1,"strefa":"50-200 m","warstwa":"adresy"},"geometry":{"type":"Point","coordinates":[19.989886,49.989688]}},{"type":"Feature","properties":{"NUMER_PORZ":"1","KOD_POCZT":"32-447","NAZWA_ULC":"Urocza","NAZWA_GMI":"Siepraw","NAZWA_MSC":"Siepraw","odleglosc_m":77.9,"strefa":"50-200 m","warstwa":"adresy"},"geometry":{"type":"Point","coordinates":[19.942977,49.906878]}},{"type":"Feature","properties":{"NUMER_PORZ":"24","KOD_POCZT":"32-040","NAZWA_ULC":"Herbowa","NAZWA_GMI":"Świątniki Górne","NAZWA_MSC":"Rzeszotary","odleglosc_m":2.8,"strefa":"0-20 m","warstwa":"adresy"},"geometry":{"type":"Point","coordinates":[19.981969,49.942429]}},{"type":"Feature","properties":{"NUMER_PORZ":"37A","KOD_POCZT":"30-699","NAZWA_ULC":"Juliusza Osterwy","NAZWA_GMI":"Kraków","NAZWA_MSC":"Kraków","odleglosc_m":122.9,"strefa":"50-200 m","warstwa":"adresy"},"geometry":{"type":"Point","coordinates":[19.982139,49.992103]}},{"type":"Feature","properties":{"NUMER_PORZ":"18A","KOD_POCZT":"32-447","NAZWA_ULC":"Górska","NAZWA_GMI":"Siepraw","NAZWA_MSC":"Siepraw","odleglosc_m":32.4,"strefa":"30-50 m","warstwa":"adresy"},"geometry":{"type":"Point","coordinates":[19.970551,49.927093]}},{"type":"Feature","properties":{"NUMER_PORZ":"69","KOD_POCZT":"32-031","NAZWA_ULC":"Królowej Polski","NAZWA_GMI":"Mogilany","NAZWA_MSC":"Włosań","odleglosc_m":198.8,"strefa":"50-200 m","warstwa":"adresy"},"geometry":{"type":"Point","coordinates":[19.899312,49.91199]}},{"type":"Feature","properties":{"NUMER_PORZ":"81","KOD_POCZT":"32-031","NAZWA_ULC":"Królowej Polski","NAZWA_GMI":"Mogilany","NAZWA_MSC":"Włosań","odleglosc_m":181.4,"strefa":"50-200 m","warstwa":"adresy"},"geometry":{"type":"Point","coordinates":[19.89785,49.911737]}},{"type":"Feature","properties":{"NUMER_PORZ":"79","KOD_POCZT":"32-031","NAZWA_ULC":"Królowej Polski","NAZWA_GMI":"Mogilany","NAZWA_MSC":"Włosań","odleglosc_m":147.5,"strefa":"50-200 m","warstwa":"adresy"},"geometry":{"type":"Point","coordinates":[19.898455,49.911473]}},{"type":"Feature","properties":{"NUMER_PORZ":"83","KOD_POCZT":"32-031","NAZWA_ULC":"Królowej Polski","NAZWA_GMI":"Mogilany","NAZWA_MSC":"Włosań","odleglosc_m":199.1,"strefa":"50-200 m","warstwa":"adresy"},"geometry":{"type":"Point","coordinates":[19.89717,49.911823]}},{"type":"Feature","properties":{"NUMER_PORZ":"30","KOD_POCZT":"32-031","NAZWA_ULC":"Wspólna","NAZWA_GMI":"Mogilany","NAZWA_MSC":"Włosań","odleglosc_m":176.3,"strefa":"50-200 m","warstwa":"adresy"},"geometry":{"type":"Point","coordinates":[19.919642,49.911368]}},{"type":"Feature","properties":{"NUMER_PORZ":"32","KOD_POCZT":"32-031","NAZWA_ULC":"Wspólna","NAZWA_GMI":"Mogilany","NAZWA_MSC":"Włosań","odleglosc_m":193.1,"strefa":"50-200 m","warstwa":"adresy"},"geometry":{"type":"Point","coordinates":[19.919985,49.9115]}},{"type":"Feature","properties":{"NUMER_PORZ":"42","KOD_POCZT":"32-031","NAZWA_ULC":"Wspólna","NAZWA_GMI":"Mogilany","NAZWA_MSC":"Włosań","odleglosc_m":17.1,"strefa":"0-20 m","warstwa":"adresy"},"geometry":{"type":"Point","coordinates":[19.92161,49.909816]}},{"type":"Feature","properties":{"NUMER_PORZ":"50","KOD_POCZT":"32-031","NAZWA_ULC":"Wspólna","NAZWA_GMI":"Mogilany","NAZWA_MSC":"Włosań","odleglosc_m":0.0,"strefa":"w śladzie","warstwa":"adresy"},"geometry":{"type":"Point","coordinates":[19.922502,49.909299]}},{"type":"Feature","properties":{"NUMER_PORZ":"52","KOD_POCZT":"32-031","NAZWA_ULC":"Wspólna","NAZWA_GMI":"Mogilany","NAZWA_MSC":"Włosań","odleglosc_m":24.8,"strefa":"20-30 m","warstwa":"adresy"},"geometry":{"type":"Point","coordinates":[19.922823,49.908989]}},{"type":"Feature","properties":{"NUMER_PORZ":"46","KOD_POCZT":"32-031","NAZWA_ULC":"Wspólna","NAZWA_GMI":"Mogilany","NAZWA_MSC":"Włosań","odleglosc_m":17.8,"strefa":"0-20 m","warstwa":"adresy"},"geometry":{"type":"Point","coordinates":[19.92178,49.909112]}},{"type":"Feature","properties":{"NUMER_PORZ":"52A","KOD_POCZT":"32-031","NAZWA_ULC":"Wspólna","NAZWA_GMI":"Mogilany","NAZWA_MSC":"Włosań","odleglosc_m":96.6,"strefa":"50-200 m","warstwa":"adresy"},"geometry":{"type":"Point","coordinates":[19.923108,49.908324]}},{"type":"Feature","properties":{"NUMER_PORZ":"44A","KOD_POCZT":"32-031","NAZWA_ULC":"Wspólna","NAZWA_GMI":"Mogilany","NAZWA_MSC":"Włosań","odleglosc_m":0.0,"strefa":"w śladzie","warstwa":"adresy"},"geometry":{"type":"Point","coordinates":[19.92166,49.909464]}},{"type":"Feature","properties":{"NUMER_PORZ":"44B","KOD_POCZT":"32-031","NAZWA_ULC":"Wspólna","NAZWA_GMI":"Mogilany","NAZWA_MSC":"Włosań","odleglosc_m":0.0,"strefa":"w śladzie","warstwa":"adresy"},"geometry":{"type":"Point","coordinates":[19.921326,49.909391]}},{"type":"Feature","properties":{"NUMER_PORZ":"48","KOD_POCZT":"32-031","NAZWA_ULC":"Wspólna","NAZWA_GMI":"Mogilany","NAZWA_MSC":"Włosań","odleglosc_m":62.0,"strefa":"50-200 m","warstwa":"adresy"},"geometry":{"type":"Point","coordinates":[19.922168,49.908691]}},{"type":"Feature","properties":{"NUMER_PORZ":"4","KOD_POCZT":"32-031","NAZWA_ULC":"Stroma","NAZWA_GMI":"Mogilany","NAZWA_MSC":"Włosań","odleglosc_m":98.3,"strefa":"50-200 m","warstwa":"adresy"},"geometry":{"type":"Point","coordinates":[19.919815,49.910653]}},{"type":"Feature","properties":{"NUMER_PORZ":"14","KOD_POCZT":"32-031","NAZWA_ULC":"Stroma","NAZWA_GMI":"Mogilany","NAZWA_MSC":"Włosań","odleglosc_m":15.6,"strefa":"0-20 m","warstwa":"adresy"},"geometry":{"type":"Point","coordinates":[19.918369,49.909991]}},{"type":"Feature","properties":{"NUMER_PORZ":"5","KOD_POCZT":"32-031","NAZWA_ULC":"Stroma","NAZWA_GMI":"Mogilany","NAZWA_MSC":"Włosań","odleglosc_m":45.0,"strefa":"30-50 m","warstwa":"adresy"},"geometry":{"type":"Point","coordinates":[19.919722,49.910178]}},{"type":"Feature","properties":{"NUMER_PORZ":"3","KOD_POCZT":"32-031","NAZWA_ULC":"Stroma","NAZWA_GMI":"Mogilany","NAZWA_MSC":"Włosań","odleglosc_m":53.4,"strefa":"50-200 m","warstwa":"adresy"},"geometry":{"type":"Point","coordinates":[19.920104,49.910231]}},{"type":"Feature","properties":{"NUMER_PORZ":"11","KOD_POCZT":"32-031","NAZWA_ULC":"Stroma","NAZWA_GMI":"Mogilany","NAZWA_MSC":"Włosań","odleglosc_m":31.5,"strefa":"30-50 m","warstwa":"adresy"},"geometry":{"type":"Point","coordinates":[19.9194,49.909127]}},{"type":"Feature","properties":{"NUMER_PORZ":"9","KOD_POCZT":"32-031","NAZWA_ULC":"Stroma","NAZWA_GMI":"Mogilany","NAZWA_MSC":"Włosań","odleglosc_m":22.7,"strefa":"20-30 m","warstwa":"adresy"},"geometry":{"type":"Point","coordinates":[19.919861,49.90918]}},{"type":"Feature","properties":{"NUMER_PORZ":"12","KOD_POCZT":"32-031","NAZWA_ULC":"Stroma","NAZWA_GMI":"Mogilany","NAZWA_MSC":"Włosań","odleglosc_m":42.4,"strefa":"30-50 m","warstwa":"adresy"},"geometry":{"type":"Point","coordinates":[19.9187,49.910213]}},{"type":"Feature","properties":{"NUMER_PORZ":"6","KOD_POCZT":"32-031","NAZWA_ULC":"Stroma","NAZWA_GMI":"Mogilany","NAZWA_MSC":"Włosań","odleglosc_m":93.3,"strefa":"50-200 m","warstwa":"adresy"},"geometry":{"type":"Point","coordinates":[19.919499,49.910627]}},{"type":"Feature","properties":{"NUMER_PORZ":"71","KOD_POCZT":"32-031","NAZWA_ULC":"Królowej Polski","NAZWA_GMI":"Mogilany","NAZWA_MSC":"Włosań","odleglosc_m":163.5,"strefa":"50-200 m","warstwa":"adresy"},"geometry":{"type":"Point","coordinates":[19.898771,49.911637]}},{"type":"Feature","properties":{"NUMER_PORZ":"65","KOD_POCZT":"32-031","NAZWA_ULC":"Królowej Polski","NAZWA_GMI":"Mogilany","NAZWA_MSC":"Włosań","odleglosc_m":176.9,"strefa":"50-200 m","warstwa":"adresy"},"geometry":{"type":"Point","coordinates":[19.900738,49.911879]}},{"type":"Feature","properties":{"NUMER_PORZ":"89","KOD_POCZT":"32-031","NAZWA_ULC":"Królowej Polski","NAZWA_GMI":"Mogilany","NAZWA_MSC":"Włosań","odleglosc_m":111.2,"strefa":"50-200 m","warstwa":"adresy"},"geometry":{"type":"Point","coordinates":[19.89656,49.910917]}},{"type":"Feature","properties":{"NUMER_PORZ":"9","KOD_POCZT":"32-031","NAZWA_ULC":"Kąty","NAZWA_GMI":"Mogilany","NAZWA_MSC":"Włosań","odleglosc_m":25.6,"strefa":"20-30 m","warstwa":"adresy"},"geometry":{"type":"Point","coordinates":[19.90221,49.909587]}},{"type":"Feature","properties":{"NUMER_PORZ":"3","KOD_POCZT":"32-031","NAZWA_ULC":"Kąty","NAZWA_GMI":"Mogilany","NAZWA_MSC":"Włosań","odleglosc_m":109.2,"strefa":"50-200 m","warstwa":"adresy"},"geometry":{"type":"Point","coordinates":[19.902293,49.911343]}},{"type":"Feature","properties":{"NUMER_PORZ":"4","KOD_POCZT":"32-031","NAZWA_ULC":"Kąty","NAZWA_GMI":"Mogilany","NAZWA_MSC":"Włosań","odleglosc_m":163.8,"strefa":"50-200 m","warstwa":"adresy"},"geometry":{"type":"Point","coordinates":[19.901728,49.911818]}},{"type":"Feature","properties":{"NUMER_PORZ":"2","KOD_POCZT":"32-031","NAZWA_ULC":"Kąty","NAZWA_GMI":"Mogilany","NAZWA_MSC":"Włosań","odleglosc_m":191.3,"strefa":"50-200 m","warstwa":"adresy"},"geometry":{"type":"Point","coordinates":[19.901539,49.912059]}},{"type":"Feature","properties":{"NUMER_PORZ":"5","KOD_POCZT":"32-031","NAZWA_ULC":"Kąty","NAZWA_GMI":"Mogilany","NAZWA_MSC":"Włosań","odleglosc_m":17.2,"strefa":"0-20 m","warstwa":"adresy"},"geometry":{"type":"Point","coordinates":[19.902199,49.910512]}},{"type":"Feature","properties":{"NUMER_PORZ":"14","KOD_POCZT":"32-031","NAZWA_ULC":"Kampinos","NAZWA_GMI":"Mogilany","NAZWA_MSC":"Włosań","odleglosc_m":25.8,"strefa":"20-30 m","warstwa":"adresy"},"geometry":{"type":"Point","coordinates":[19.90667,49.909747]}},{"type":"Feature","properties":{"NUMER_PORZ":"6","KOD_POCZT":"32-031","NAZWA_ULC":"Kąty","NAZWA_GMI":"Mogilany","NAZWA_MSC":"Włosań","odleglosc_m":175.9,"strefa":"50-200 m","warstwa":"adresy"},"geometry":{"type":"Point","coordinates":[19.901142,49.911895]}},{"type":"Feature","properties":{"NUMER_PORZ":"5","KOD_POCZT":"32-031","NAZWA_ULC":"Kampinos","NAZWA_GMI":"Mogilany","NAZWA_MSC":"Włosań","odleglosc_m":140.7,"strefa":"50-200 m","warstwa":"adresy"},"geometry":{"type":"Point","coordinates":[19.903157,49.911653]}},{"type":"Feature","properties":{"NUMER_PORZ":"6","KOD_POCZT":"32-031","NAZWA_ULC":"Kampinos","NAZWA_GMI":"Mogilany","NAZWA_MSC":"Włosań","odleglosc_m":108.5,"strefa":"50-200 m","warstwa":"adresy"},"geometry":{"type":"Point","coordinates":[19.902791,49.911352]}},{"type":"Feature","properties":{"NUMER_PORZ":"10","KOD_POCZT":"32-031","NAZWA_ULC":"Kampinos","NAZWA_GMI":"Mogilany","NAZWA_MSC":"Włosań","odleglosc_m":57.5,"strefa":"50-200 m","warstwa":"adresy"},"geometry":{"type":"Point","coordinates":[19.905324,49.909402]}},{"type":"Feature","properties":{"NUMER_PORZ":"5A","KOD_POCZT":"32-031","NAZWA_ULC":"Kampinos","NAZWA_GMI":"Mogilany","NAZWA_MSC":"Włosań","odleglosc_m":77.1,"strefa":"50-200 m","warstwa":"adresy"},"geometry":{"type":"Point","coordinates":[19.903675,49.911095]}},{"type":"Feature","properties":{"NUMER_PORZ":"5B","KOD_POCZT":"32-031","NAZWA_ULC":"Kampinos","NAZWA_GMI":"Mogilany","NAZWA_MSC":"Włosań","odleglosc_m":107.7,"strefa":"50-200 m","warstwa":"adresy"},"geometry":{"type":"Point","coordinates":[19.903405,49.911363]}},{"type":"Feature","properties":{"NUMER_PORZ":"7","KOD_POCZT":"32-031","NAZWA_ULC":"Kampinos","NAZWA_GMI":"Mogilany","NAZWA_MSC":"Włosań","odleglosc_m":7.9,"strefa":"0-20 m","warstwa":"adresy"},"geometry":{"type":"Point","coordinates":[19.905769,49.910433]}},{"type":"Feature","properties":{"NUMER_PORZ":"16A","KOD_POCZT":"32-031","NAZWA_ULC":"Kampinos","NAZWA_GMI":"Mogilany","NAZWA_MSC":"Włosań","odleglosc_m":179.2,"strefa":"50-200 m","warstwa":"adresy"},"geometry":{"type":"Point","coordinates":[19.907814,49.908359]}},{"type":"Feature","properties":{"NUMER_PORZ":"16","KOD_POCZT":"32-031","NAZWA_ULC":"Kampinos","NAZWA_GMI":"Mogilany","NAZWA_MSC":"Włosań","odleglosc_m":144.0,"strefa":"50-200 m","warstwa":"adresy"},"geometry":{"type":"Point","coordinates":[19.907303,49.908679]}},{"type":"Feature","properties":{"NUMER_PORZ":"12","KOD_POCZT":"32-031","NAZWA_ULC":"Leśna","NAZWA_GMI":"Mogilany","NAZWA_MSC":"Włosań","odleglosc_m":196.6,"strefa":"50-200 m","warstwa":"adresy"},"geometry":{"type":"Point","coordinates":[19.916805,49.907786]}},{"type":"Feature","properties":{"NUMER_PORZ":"9","KOD_POCZT":"32-031","NAZWA_ULC":"Kampinos","NAZWA_GMI":"Mogilany","NAZWA_MSC":"Włosań","odleglosc_m":53.7,"strefa":"50-200 m","warstwa":"adresy"},"geometry":{"type":"Point","coordinates":[19.906251,49.909499]}},{"type":"Feature","properties":{"NUMER_PORZ":"11","KOD_POCZT":"32-031","NAZWA_ULC":"Kampinos","NAZWA_GMI":"Mogilany","NAZWA_MSC":"Włosań","odleglosc_m":85.9,"strefa":"50-200 m","warstwa":"adresy"},"geometry":{"type":"Point","coordinates":[19.906611,49.909206]}},{"type":"Feature","properties":{"NUMER_PORZ":"11A","KOD_POCZT":"32-031","NAZWA_ULC":"Kampinos","NAZWA_GMI":"Mogilany","NAZWA_MSC":"Włosań","odleglosc_m":110.8,"strefa":"50-200 m","warstwa":"adresy"},"geometry":{"type":"Point","coordinates":[19.906927,49.908981]}},{"type":"Feature","properties":{"NUMER_PORZ":"29","KOD_POCZT":"32-031","NAZWA_ULC":"Kamienna","NAZWA_GMI":"Mogilany","NAZWA_MSC":"Włosań","odleglosc_m":15.7,"strefa":"0-20 m","warstwa":"adresy"},"geometry":{"type":"Point","coordinates":[19.913539,49.90961]}},{"type":"Feature","properties":{"NUMER_PORZ":"21","KOD_POCZT":"32-031","NAZWA_ULC":"Kamienna","NAZWA_GMI":"Mogilany","NAZWA_MSC":"Włosań","odleglosc_m":81.6,"strefa":"50-200 m","warstwa":"adresy"},"geometry":{"type":"Point","coordinates":[19.911851,49.910955]}},{"type":"Feature","properties":{"NUMER_PORZ":"18","KOD_POCZT":"32-031","NAZWA_ULC":"Kamienna","NAZWA_GMI":"Mogilany","NAZWA_MSC":"Włosań","odleglosc_m":165.6,"strefa":"50-200 m","warstwa":"adresy"},"geometry":{"type":"Point","coordinates":[19.90968,49.911802]}},{"type":"Feature","properties":{"NUMER_PORZ":"8","KOD_POCZT":"32-031","NAZWA_ULC":"Kamienna","NAZWA_GMI":"Mogilany","NAZWA_MSC":"Włosań","odleglosc_m":186.8,"strefa":"50-200 m","warstwa":"adresy"},"geometry":{"type":"Point","coordinates":[19.905885,49.912048]}},{"type":"Feature","properties":{"NUMER_PORZ":"28","KOD_POCZT":"32-031","NAZWA_ULC":"Kamienna","NAZWA_GMI":"Mogilany","NAZWA_MSC":"Włosań","odleglosc_m":26.1,"strefa":"20-30 m","warstwa":"adresy"},"geometry":{"type":"Point","coordinates":[19.912936,49.909552]}},{"type":"Feature","properties":{"NUMER_PORZ":"17","KOD_POCZT":"32-031","NAZWA_ULC":"Kamienna","NAZWA_GMI":"Mogilany","NAZWA_MSC":"Włosań","odleglosc_m":154.4,"strefa":"50-200 m","warstwa":"adresy"},"geometry":{"type":"Point","coordinates":[19.910994,49.911646]}},{"type":"Feature","properties":{"NUMER_PORZ":"33","KOD_POCZT":"32-031","NAZWA_ULC":"Kamienna","NAZWA_GMI":"Mogilany","NAZWA_MSC":"Włosań","odleglosc_m":182.2,"strefa":"50-200 m","warstwa":"adresy"},"geometry":{"type":"Point","coordinates":[19.916085,49.907958]}},{"type":"Feature","properties":{"NUMER_PORZ":"40","KOD_POCZT":"32-031","NAZWA_ULC":"Wspólna","NAZWA_GMI":"Mogilany","NAZWA_MSC":"Włosań","odleglosc_m":88.6,"strefa":"50-200 m","warstwa":"adresy"},"geometry":{"type":"Point","coordinates":[19.920774,49.91051]}},{"type":"Feature","properties":{"NUMER_PORZ":"54","KOD_POCZT":"32-031","NAZWA_ULC":"Wspólna","NAZWA_GMI":"Mogilany","NAZWA_MSC":"Włosań","odleglosc_m":18.3,"strefa":"0-20 m","warstwa":"adresy"},"geometry":{"type":"Point","coordinates":[19.923139,49.909028]}},{"type":"Feature","properties":{"NUMER_PORZ":"67","KOD_POCZT":"32-031","NAZWA_ULC":"Królowej Polski","NAZWA_GMI":"Mogilany","NAZWA_MSC":"Włosań","odleglosc_m":184.5,"strefa":"50-200 m","warstwa":"adresy"},"geometry":{"type":"Point","coordinates":[19.899571,49.911876]}},{"type":"Feature","properties":{"NUMER_PORZ":"58","KOD_POCZT":"32-031","NAZWA_ULC":"Wspólna","NAZWA_GMI":"Mogilany","NAZWA_MSC":"Włosań","odleglosc_m":134.2,"strefa":"50-200 m","warstwa":"adresy"},"geometry":{"type":"Point","coordinates":[19.924667,49.907893]}},{"type":"Feature","properties":{"NUMER_PORZ":"34","KOD_POCZT":"32-031","NAZWA_ULC":"Wspólna","NAZWA_GMI":"Mogilany","NAZWA_MSC":"Włosań","odleglosc_m":174.8,"strefa":"50-200 m","warstwa":"adresy"},"geometry":{"type":"Point","coordinates":[19.920247,49.911319]}},{"type":"Feature","properties":{"NUMER_PORZ":"36","KOD_POCZT":"32-031","NAZWA_ULC":"Wspólna","NAZWA_GMI":"Mogilany","NAZWA_MSC":"Włosań","odleglosc_m":157.3,"strefa":"50-200 m","warstwa":"adresy"},"geometry":{"type":"Point","coordinates":[19.920433,49.911151]}},{"type":"Feature","properties":{"NUMER_PORZ":"38","KOD_POCZT":"32-031","NAZWA_ULC":"Wspólna","NAZWA_GMI":"Mogilany","NAZWA_MSC":"Włosań","odleglosc_m":131.6,"strefa":"50-200 m","warstwa":"adresy"},"geometry":{"type":"Point","coordinates":[19.920496,49.910915]}}]}