{"type":"FeatureCollection","features":[{"type":"Feature","properties":{"warstwa":"dzialki"},"geometry":{"type":"MultiPolygon","coordinates":[[[[19.96951,49.999945],[19.969531,49.999942],[19.969534,49.999912],[19.969569,49.999544],[19.969636,49.998966],[19.969638,49.998955],[19.969659,49.998837],[19.969794,49.998216],[19.969776,49.998206],[19.969745,49.998351],[19.96968,49.998618],[19.969625,49.99892],[19.96962,49.998955],[19.969611,49.99902],[19.969556,49.999497],[19.969513,49.999912],[19.96951,49.999945]]]]}},{"type":"Feature","properties":{"warstwa":"dzialki"},"geometry":{"type":"MultiPolygon","coordinates":[[[[19.96235,49.981113],[19.962157,49.98108],[19.961727,49.981033],[19.961721,49.981069],[19.962146,49.981115],[19.962338,49.981148],[19.962343,49.981143],[19.96235,49.981113]]]]}},{"type":"Feature","properties":{"warstwa":"dzialki"},"geometry":{"type":"MultiPolygon","coordinates":[[[[19.963908,49.984118],[19.963826,49.984078],[19.963774,49.984038],[19.963526,49.983828],[19.963289,49.983609],[19.963136,49.983477],[19.963186,49.983526],[19.963593,49.983929],[19.963736,49.98407],[19.963908,49.984118]]]]}},{"type":"Feature","properties":{"warstwa":"dzialki"},"geometry":{"type":"MultiPolygon","coordinates":[[[[19.9698,49.994434],[19.969794,49.994453],[19.97,49.994457],[19.970321,49.994447],[19.970333,49.994421],[19.970246,49.994428],[19.970009,49.994438],[19.9698,49.994434]]]]}},{"type":"Feature","properties":{"warstwa":"dzialki"},"geometry":{"type":"MultiPolygon","coordinates":[[[[19.95748,49.978064],[19.957416,49.978048],[19.956962,49.978705],[19.956934,49.978745],[19.957156,49.978809],[19.957642,49.978106],[19.95748,49.978064]]]]}},{"type":"Feature","properties":{"warstwa":"dzialki"},"geometry":{"type":"MultiPolygon","coordinates":[[[[19.958229,49.978631],[19.958038,49.978864],[19.95784,49.979105],[19.95791,49.979133],[19.9581,49.978918],[19.958299,49.978707],[19.958338,49.978666],[19.958229,49.978631]]]]}},{"type":"Feature","properties":{"warstwa":"dzialki"},"geometry":{"type":"MultiPolygon","coordinates":[[[[19.969825,49.997629],[19.969743,49.996887],[19.969691,49.996721],[19.96965,49.996586],[19.969781,49.997692],[19.969825,49.997629]]]]}},{"type":"Feature","properties":{"warstwa":"dzialki"},"geometry":{"type":"MultiPolygon","coordinates":[[[[19.962033,49.981609],[19.961864,49.981785],[19.962065,49.981673],[19.962167,49.981582],[19.962196,49.981556],[19.962224,49.981534],[19.962327,49.981382],[19.962409,49.981147],[19.962512,49.980901],[19.96265,49.980614],[19.962662,49.980588],[19.962878,49.980137],[19.962911,49.980058],[19.962993,49.97984],[19.963043,49.979708],[19.96314,49.979511],[19.963183,49.979424],[19.963224,49.979358],[19.963365,49.979126],[19.963579,49.97873],[19.963575,49.978709],[19.963618,49.978661],[19.963771,49.978498],[19.963891,49.978409],[19.963917,49.978378],[19.963961,49.978324],[19.964021,49.978221],[19.964034,49.9782],[19.96412,49.978053],[19.964122,49.97805],[19.964325,49.977797],[19.964353,49.977763],[19.964406,49.977722],[19.9643,49.977747],[19.964206,49.977737],[19.963994,49.978022],[19.963956,49.978048],[19.963849,49.978157],[19.963787,49.978221],[19.963734,49.978306],[19.963692,49.97837],[19.963576,49.978552],[19.963572,49.97856],[19.963492,49.978644],[19.963409,49.978814],[19.963352,49.978876],[19.963259,49.979167],[19.963111,49.979342],[19.963001,49.979646],[19.962986,49.979708],[19.96287,49.979785],[19.962808,49.97988],[19.962702,49.980176],[19.962625,49.980311],[19.962511,49.980612],[19.962456,49.980652],[19.962399,49.980903],[19.96235,49.981113],[19.962343,49.981143],[19.962338,49.981148],[19.962313,49.981224],[19.962257,49.981316],[19.962231,49.981358],[19.962074,49.981581],[19.962033,49.981609]]]]}},{"type":"Feature","properties":{"warstwa":"dzialki"},"geometry":{"type":"MultiPolygon","coordinates":[[[[19.959889,49.980284],[19.96055,49.980299],[19.96081,49.980309],[19.960849,49.980139],[19.960847,49.980129],[19.960747,49.980127],[19.960598,49.980129],[19.960568,49.979973],[19.960386,49.979972],[19.960186,49.979966],[19.959962,49.979964],[19.959889,49.980284]]]]}},{"type":"Feature","properties":{"warstwa":"dzialki"},"geometry":{"type":"MultiPolygon","coordinates":[[[[19.970397,49.9939],[19.970386,49.993835],[19.970359,49.99372],[19.970326,49.993586],[19.9703,49.99356],[19.97025,49.993546],[19.970246,49.993545],[19.970161,49.993539],[19.970117,49.993533],[19.970113,49.993544],[19.969999,49.993863],[19.96991,49.994113],[19.970404,49.994152],[19.970404,49.99415],[19.970412,49.994068],[19.970412,49.994015],[19.970402,49.993924],[19.970397,49.9939]]]]}},{"type":"Feature","properties":{"warstwa":"dzialki"},"geometry":{"type":"MultiPolygon","coordinates":[[[[19.963081,49.984063],[19.963593,49.983929],[19.963186,49.983526],[19.96315,49.983538],[19.963118,49.983642],[19.963084,49.983672],[19.962962,49.983718],[19.963081,49.984063]]]]}},{"type":"Feature","properties":{"warstwa":"dzialki"},"geometry":{"type":"MultiPolygon","coordinates":[[[[19.968213,49.989614],[19.968168,49.989627],[19.96812,49.989641],[19.968164,49.989686],[19.968104,49.989854],[19.96812,49.99013],[19.968117,49.990235],[19.968058,49.990351],[19.968671,49.990261],[19.969083,49.990177],[19.969072,49.990141],[19.969077,49.990074],[19.969317,49.989871],[19.969148,49.989823],[19.969078,49.989723],[19.968962,49.989602],[19.968826,49.989553],[19.968678,49.989567],[19.968436,49.989577],[19.968213,49.989614]]]]}},{"type":"Feature","properties":{"warstwa":"dzialki"},"geometry":{"type":"MultiPolygon","coordinates":[[[[19.969894,49.993181],[19.97037,49.99325],[19.970454,49.993049],[19.970462,49.993013],[19.969974,49.992942],[19.969894,49.993181]]]]}},{"type":"Feature","properties":{"warstwa":"dzialki"},"geometry":{"type":"MultiPolygon","coordinates":[[[[19.970426,49.993902],[19.97042,49.993854],[19.97035,49.993555],[19.97025,49.993546],[19.9703,49.99356],[19.970326,49.993586],[19.970359,49.99372],[19.970386,49.993835],[19.970397,49.9939],[19.970426,49.993902]]]]}},{"type":"Feature","properties":{"warstwa":"dzialki"},"geometry":{"type":"MultiPolygon","coordinates":[[[[19.967825,49.987576],[19.967717,49.987591],[19.967605,49.987587],[19.967553,49.987574],[19.96747,49.987532],[19.967405,49.987504],[19.967336,49.987474],[19.967156,49.987314],[19.967092,49.987222],[19.966958,49.987057],[19.966796,49.986821],[19.96675,49.986724],[19.966717,49.98663],[19.966715,49.986544],[19.966676,49.986516],[19.966684,49.986448],[19.966714,49.986294],[19.966713,49.986207],[19.966705,49.986092],[19.966701,49.986002],[19.966694,49.985926],[19.966666,49.985882],[19.966592,49.985768],[19.966427,49.985662],[19.966317,49.985631],[19.966266,49.985615],[19.965984,49.985526],[19.965955,49.9855],[19.965939,49.985485],[19.96589,49.985445],[19.965702,49.985305],[19.965661,49.985276],[19.965525,49.985182],[19.965487,49.985151],[19.96541,49.985089],[19.965357,49.985042],[19.965255,49.984933],[19.965167,49.984833],[19.965109,49.984765],[19.965059,49.984714],[19.965052,49.984709],[19.964911,49.984606],[19.964763,49.984508],[19.964687,49.984459],[19.964562,49.984389],[19.964492,49.984349],[19.964475,49.984362],[19.96455,49.984403],[19.964673,49.984473],[19.964746,49.984522],[19.964893,49.98462],[19.96503,49.98472],[19.965087,49.984775],[19.965153,49.984848],[19.965236,49.984947],[19.965338,49.985052],[19.965386,49.985103],[19.965504,49.985195],[19.965646,49.985291],[19.965678,49.985315],[19.965953,49.98553],[19.965968,49.985542],[19.965978,49.985546],[19.966074,49.985584],[19.966409,49.985676],[19.96656,49.985769],[19.966642,49.98591],[19.966649,49.986107],[19.966651,49.986139],[19.96666,49.986241],[19.966644,49.986349],[19.966635,49.986458],[19.966632,49.986515],[19.966635,49.986562],[19.966647,49.986604],[19.966668,49.986678],[19.96671,49.986793],[19.966777,49.986905],[19.966818,49.986968],[19.966817,49.987018],[19.966977,49.987242],[19.967031,49.987293],[19.967073,49.987333],[19.967099,49.987358],[19.967234,49.987457],[19.967303,49.9875],[19.967377,49.987546],[19.967406,49.987586],[19.967329,49.98765],[19.967542,49.987636],[19.967825,49.987576]]]]}},{"type":"Feature","properties":{"warstwa":"dzialki"},"geometry":{"type":"MultiPolygon","coordinates":[[[[19.957516,49.978936],[19.957721,49.978652],[19.957816,49.978548],[19.958066,49.978278],[19.95789,49.978174],[19.957635,49.978476],[19.957498,49.978652],[19.957354,49.978853],[19.957516,49.978936]]]]}},{"type":"Feature","properties":{"warstwa":"dzialki"},"geometry":{"type":"MultiPolygon","coordinates":[[[[19.969073,50.001529],[19.969072,50.001534],[19.969094,50.001567],[19.969328,50.000871],[19.969442,50.000484],[19.969511,50.000258],[19.969578,49.999951],[19.96969,49.99897],[19.969636,49.998966],[19.969569,49.999544],[19.969534,49.999912],[19.969531,49.999942],[19.969512,50.000054],[19.969467,50.000273],[19.969314,50.00077],[19.969207,50.001116],[19.969073,50.001529]]]]}},{"type":"Feature","properties":{"warstwa":"dzialki"},"geometry":{"type":"MultiPolygon","coordinates":[[[[19.961651,49.981066],[19.961621,49.981251],[19.961607,49.981338],[19.961587,49.981424],[19.961572,49.981484],[19.961516,49.981615],[19.961482,49.981696],[19.961425,49.981784],[19.961253,49.982],[19.961396,49.981919],[19.961487,49.981804],[19.961549,49.981708],[19.96164,49.981496],[19.961676,49.981345],[19.961692,49.981244],[19.961721,49.981069],[19.961651,49.981066]]]]}},{"type":"Feature","properties":{"warstwa":"dzialki"},"geometry":{"type":"MultiPolygon","coordinates":[[[[19.96938,49.994422],[19.969451,49.994425],[19.969688,49.994431],[19.9698,49.994434],[19.970009,49.994438],[19.970246,49.994428],[19.970333,49.994421],[19.970339,49.994408],[19.970224,49.994413],[19.969999,49.994416],[19.969803,49.994413],[19.969692,49.99441],[19.969452,49.9944],[19.969387,49.994397],[19.96916,49.994388],[19.968983,49.994384],[19.968939,49.994384],[19.968826,49.994381],[19.968607,49.994382],[19.968522,49.994396],[19.968488,49.994409],[19.968436,49.994431],[19.968361,49.994475],[19.968338,49.994532],[19.968369,49.99451],[19.968454,49.994453],[19.968475,49.994421],[19.96855,49.994409],[19.968714,49.994411],[19.968789,49.994408],[19.968887,49.994405],[19.969157,49.994412],[19.96938,49.994422]]]]}},{"type":"Feature","properties":{"warstwa":"dzialki"},"geometry":{"type":"MultiPolygon","coordinates":[[[[19.964007,49.985128],[19.964091,49.985128],[19.964248,49.985125],[19.964746,49.985123],[19.964749,49.984946],[19.964747,49.984713],[19.963984,49.984705],[19.963912,49.984906],[19.963926,49.98492],[19.964016,49.984921],[19.964007,49.985128]]]]}},{"type":"Feature","properties":{"warstwa":"dzialki"},"geometry":{"type":"MultiPolygon","coordinates":[[[[19.959691,49.978881],[19.959751,49.978763],[19.959778,49.978726],[19.959345,49.978593],[19.958949,49.978465],[19.958802,49.978621],[19.958737,49.978754],[19.958739,49.978802],[19.959004,49.978896],[19.959178,49.978958],[19.959533,49.979069],[19.959609,49.978994],[19.959691,49.978881]]]]}},{"type":"Feature","properties":{"warstwa":"dzialki"},"geometry":{"type":"MultiPolygon","coordinates":[[[[19.958212,49.97755],[19.958102,49.977797],[19.958066,49.977871],[19.957943,49.978117],[19.95789,49.978174],[19.958066,49.978278],[19.958086,49.978292],[19.958188,49.978097],[19.958239,49.977992],[19.958258,49.977931],[19.958121,49.977901],[19.958172,49.977798],[19.958271,49.977545],[19.958277,49.977531],[19.958285,49.977509],[19.958227,49.977516],[19.958212,49.97755]]]]}},{"type":"Feature","properties":{"warstwa":"dzialki"},"geometry":{"type":"MultiPolygon","coordinates":[[[[19.959868,49.979801],[19.959857,49.979918],[19.959836,49.97995],[19.959962,49.979964],[19.960186,49.979966],[19.960386,49.979972],[19.960568,49.979973],[19.96052,49.979861],[19.960529,49.979805],[19.960489,49.979755],[19.96021,49.97979],[19.960082,49.979762],[19.959879,49.979713],[19.959868,49.979801]]]]}},{"type":"Feature","properties":{"warstwa":"dzialki"},"geometry":{"type":"MultiPolygon","coordinates":[[[[19.964696,49.985984],[19.964704,49.986018],[19.964707,49.986212],[19.964832,49.986203],[19.965342,49.986187],[19.965337,49.986157],[19.965312,49.985963],[19.965152,49.98597],[19.964696,49.985984]]]]}},{"type":"Feature","properties":{"warstwa":"dzialki"},"geometry":{"type":"MultiPolygon","coordinates":[[[[19.969169,49.990321],[19.969187,49.990348],[19.969211,49.990443],[19.969216,49.990516],[19.969234,49.990571],[19.969245,49.990642],[19.969239,49.990751],[19.969774,49.990644],[19.969999,49.990601],[19.969974,49.990515],[19.969874,49.990393],[19.969169,49.990321]]]]}},{"type":"Feature","properties":{"warstwa":"dzialki"},"geometry":{"type":"MultiPolygon","coordinates":[[[[19.971271,49.991458],[19.971338,49.991386],[19.971449,49.991354],[19.971544,49.991324],[19.971741,49.991192],[19.971943,49.99106],[19.971977,49.991039],[19.972017,49.991022],[19.97226,49.990883],[19.972071,49.990858],[19.972048,49.990876],[19.971975,49.99093],[19.971967,49.990935],[19.971814,49.991037],[19.971751,49.99107],[19.971736,49.991079],[19.971556,49.99119],[19.971547,49.991196],[19.97152,49.99121],[19.97144,49.991254],[19.971314,49.991283],[19.97128,49.991351],[19.971156,49.991518],[19.971105,49.991545],[19.971049,49.991591],[19.970974,49.991655],[19.970941,49.991688],[19.97086,49.991771],[19.970693,49.991979],[19.970687,49.992006],[19.970663,49.992112],[19.970658,49.99212],[19.970607,49.992204],[19.970547,49.992387],[19.970546,49.992397],[19.970546,49.992517],[19.970546,49.992578],[19.970546,49.992619],[19.970546,49.99265],[19.970518,49.99277],[19.970514,49.992789],[19.970503,49.992834],[19.970481,49.992931],[19.970469,49.992983],[19.970462,49.993013],[19.970454,49.993049],[19.97037,49.99325],[19.970351,49.993333],[19.970332,49.9935],[19.97035,49.993555],[19.97042,49.993854],[19.970426,49.993902],[19.970443,49.994066],[19.97043,49.994145],[19.970428,49.994154],[19.970412,49.994212],[19.970396,49.994275],[19.970339,49.994408],[19.970333,49.994421],[19.970321,49.994447],[19.970314,49.99446],[19.970242,49.994574],[19.970196,49.994641],[19.97013,49.994728],[19.970069,49.994816],[19.96998,49.99495],[19.969943,49.995058],[19.969898,49.995311],[19.969806,49.995482],[19.969726,49.995603],[19.969671,49.995763],[19.969672,49.995787],[19.96968,49.995881],[19.9697,49.995966],[19.9697,49.99606],[19.969693,49.996086],[19.969657,49.996203],[19.969618,49.996396],[19.969628,49.996514],[19.96965,49.996586],[19.969691,49.996721],[19.969743,49.996887],[19.969831,49.997165],[19.969871,49.997336],[19.969885,49.997463],[19.969865,49.997553],[19.969825,49.997629],[19.969781,49.997692],[19.969708,49.997798],[19.969694,49.997872],[19.969761,49.998144],[19.969763,49.998155],[19.969769,49.998181],[19.969776,49.998206],[19.969794,49.998216],[19.969827,49.99823],[19.969812,49.998142],[19.969803,49.998091],[19.969752,49.997957],[19.969735,49.997877],[19.96975,49.997807],[19.969788,49.997746],[19.969835,49.997673],[19.969909,49.997555],[19.969932,49.997456],[19.969913,49.997333],[19.969842,49.997066],[19.969721,49.996709],[19.969688,49.996587],[19.969675,49.996539],[19.969664,49.996381],[19.96969,49.99627],[19.969728,49.996141],[19.969751,49.995974],[19.969721,49.99582],[19.96973,49.995792],[19.96974,49.995758],[19.969855,49.995475],[19.969897,49.995387],[19.969927,49.995317],[19.969949,49.995212],[19.969992,49.995057],[19.970054,49.994895],[19.970098,49.994817],[19.970143,49.994756],[19.970266,49.994607],[19.970332,49.994502],[19.970382,49.994414],[19.970397,49.994387],[19.970404,49.994377],[19.970435,49.994296],[19.970464,49.994189],[19.970471,49.994126],[19.970477,49.99404],[19.970469,49.993927],[19.970432,49.993759],[19.970407,49.993614],[19.970385,49.993513],[19.970392,49.993403],[19.970413,49.99328],[19.970438,49.9932],[19.97048,49.993122],[19.970497,49.993093],[19.970549,49.992925],[19.970572,49.992852],[19.970599,49.992747],[19.970611,49.992533],[19.970674,49.992343],[19.970686,49.992299],[19.970733,49.992122],[19.970737,49.992108],[19.970769,49.992041],[19.970779,49.99202],[19.970882,49.991827],[19.97098,49.99171],[19.971141,49.991584],[19.971234,49.991498],[19.97125,49.99148],[19.971271,49.991458]]]]}},{"type":"Feature","properties":{"warstwa":"dzialki"},"geometry":{"type":"MultiPolygon","coordinates":[[[[19.970428,49.994154],[19.97043,49.994145],[19.970443,49.994066],[19.970426,49.993902],[19.970397,49.9939],[19.970402,49.993924],[19.970412,49.994015],[19.970412,49.994068],[19.970404,49.99415],[19.970404,49.994152],[19.970428,49.994154]]]]}},{"type":"Feature","properties":{"warstwa":"dzialki"},"geometry":{"type":"MultiPolygon","coordinates":[[[[19.963977,49.984486],[19.964077,49.984205],[19.963908,49.984118],[19.963757,49.984238],[19.963671,49.984268],[19.963488,49.984255],[19.963447,49.984252],[19.963425,49.984484],[19.963977,49.984486]]]]}},{"type":"Feature","properties":{"warstwa":"dzialki"},"geometry":{"type":"MultiPolygon","coordinates":[[[[19.965721,49.986174],[19.965899,49.986168],[19.96615,49.986159],[19.966346,49.986156],[19.966414,49.986152],[19.966651,49.986139],[19.966649,49.986107],[19.965977,49.986127],[19.965337,49.986157],[19.965342,49.986187],[19.965417,49.986185],[19.965721,49.986174]]]]}},{"type":"Feature","properties":{"warstwa":"dzialki"},"geometry":{"type":"MultiPolygon","coordinates":[[[[19.964746,49.984522],[19.964673,49.984473],[19.96455,49.984403],[19.964475,49.984362],[19.964459,49.984375],[19.96423,49.984274],[19.964151,49.984239],[19.963984,49.984705],[19.964747,49.984713],[19.964746,49.984522]]]]}},{"type":"Feature","properties":{"warstwa":"dzialki"},"geometry":{"type":"MultiPolygon","coordinates":[[[[19.959868,49.979801],[19.959879,49.979713],[19.959772,49.979683],[19.959546,49.979618],[19.959441,49.979577],[19.959391,49.979734],[19.959868,49.979801]]]]}},{"type":"Feature","properties":{"warstwa":"dzialki"},"geometry":{"type":"MultiPolygon","coordinates":[[[[19.969175,50.001135],[19.969207,50.001116],[19.969314,50.00077],[19.969467,50.000273],[19.969512,50.000054],[19.969531,49.999942],[19.96951,49.999945],[19.969383,50.000479],[19.969262,50.000865],[19.969204,50.001064],[19.969175,50.001135]]]]}},{"type":"Feature","properties":{"warstwa":"dzialki"},"geometry":{"type":"MultiPolygon","coordinates":[[[[19.970397,49.994387],[19.970382,49.994414],[19.970553,49.994405],[19.971299,49.994319],[19.971244,49.994287],[19.97055,49.994378],[19.970397,49.994387]]]]}},{"type":"Feature","properties":{"warstwa":"dzialki"},"geometry":{"type":"MultiPolygon","coordinates":[[[[19.970503,49.992834],[19.969606,49.992707],[19.969522,49.992879],[19.969974,49.992942],[19.970462,49.993013],[19.970469,49.992983],[19.970481,49.992931],[19.970503,49.992834]]]]}},{"type":"Feature","properties":{"warstwa":"dzialki"},"geometry":{"type":"MultiPolygon","coordinates":[[[[19.969743,49.996887],[19.969825,49.997629],[19.969865,49.997553],[19.969885,49.997463],[19.969871,49.997336],[19.969831,49.997165],[19.969743,49.996887]]]]}},{"type":"Feature","properties":{"warstwa":"dzialki"},"geometry":{"type":"MultiPolygon","coordinates":[[[[19.958021,49.979176],[19.958128,49.979054],[19.95823,49.978935],[19.958443,49.978701],[19.958338,49.978666],[19.958299,49.978707],[19.9581,49.978918],[19.95791,49.979133],[19.957939,49.979144],[19.958021,49.979176]]]]}},{"type":"Feature","properties":{"warstwa":"dzialki"},"geometry":{"type":"MultiPolygon","coordinates":[[[[19.965487,49.985151],[19.965901,49.984635],[19.965485,49.984545],[19.96538,49.984746],[19.965255,49.984933],[19.965357,49.985042],[19.96541,49.985089],[19.965487,49.985151]]]]}},{"type":"Feature","properties":{"warstwa":"dzialki"},"geometry":{"type":"MultiPolygon","coordinates":[[[[19.970625,49.991219],[19.970327,49.99126],[19.970068,49.991295],[19.969837,49.991331],[19.969625,49.991364],[19.969593,49.991401],[19.969576,49.991402],[19.969563,49.991424],[19.96956,49.991434],[19.970602,49.991626],[19.97081,49.991297],[19.970777,49.991289],[19.970692,49.991255],[19.970625,49.991219]]]]}},{"type":"Feature","properties":{"warstwa":"dzialki"},"geometry":{"type":"MultiPolygon","coordinates":[[[[19.969835,49.997673],[19.96989,49.998084],[19.969922,49.998019],[19.970022,49.99789],[19.970162,49.99793],[19.970333,49.997901],[19.970353,49.997554],[19.970379,49.997123],[19.970221,49.9969],[19.970015,49.996599],[19.969858,49.996389],[19.969664,49.996381],[19.969675,49.996539],[19.969688,49.996587],[19.969721,49.996709],[19.969842,49.997066],[19.969913,49.997333],[19.969932,49.997456],[19.969909,49.997555],[19.969835,49.997673]]]]}},{"type":"Feature","properties":{"warstwa":"dzialki"},"geometry":{"type":"MultiPolygon","coordinates":[[[[19.961887,49.982782],[19.961948,49.982811],[19.962135,49.982903],[19.962414,49.983053],[19.962599,49.983156],[19.962639,49.983182],[19.962757,49.983256],[19.96287,49.983329],[19.962969,49.983374],[19.963105,49.983452],[19.963113,49.983458],[19.963136,49.983477],[19.963289,49.983609],[19.963526,49.983828],[19.963774,49.984038],[19.963826,49.984078],[19.963908,49.984118],[19.964077,49.984205],[19.964111,49.984222],[19.964151,49.984239],[19.96423,49.984274],[19.964459,49.984375],[19.964475,49.984362],[19.964492,49.984349],[19.964507,49.984337],[19.964285,49.984232],[19.964105,49.984162],[19.963951,49.984089],[19.963885,49.984057],[19.963819,49.984008],[19.963798,49.983989],[19.963586,49.983804],[19.963569,49.983788],[19.963465,49.983693],[19.963393,49.983627],[19.963345,49.983582],[19.963191,49.983467],[19.963026,49.983366],[19.962628,49.983122],[19.962582,49.983083],[19.962439,49.983014],[19.962162,49.982873],[19.962149,49.982868],[19.962024,49.982813],[19.961997,49.982801],[19.961942,49.982776],[19.961896,49.982756],[19.961887,49.982782]]]]}},{"type":"Feature","properties":{"warstwa":"dzialki"},"geometry":{"type":"MultiPolygon","coordinates":[[[[19.960239,49.980824],[19.96049,49.980834],[19.960743,49.980838],[19.96122,49.980849],[19.961369,49.980858],[19.961468,49.980503],[19.961238,49.980506],[19.960962,49.980505],[19.96075,49.980498],[19.96053,49.98049],[19.960277,49.980466],[19.960258,49.980646],[19.960239,49.980824]]]]}},{"type":"Feature","properties":{"warstwa":"dzialki"},"geometry":{"type":"MultiPolygon","coordinates":[[[[19.962033,49.981609],[19.962074,49.981581],[19.962231,49.981358],[19.962257,49.981316],[19.961692,49.981244],[19.961676,49.981345],[19.96164,49.981496],[19.961549,49.981708],[19.961487,49.981804],[19.961396,49.981919],[19.961677,49.981817],[19.961926,49.981683],[19.962033,49.981609]]]]}},{"type":"Feature","properties":{"warstwa":"dzialki"},"geometry":{"type":"MultiPolygon","coordinates":[[[[19.969083,49.990177],[19.969101,49.990213],[19.969126,49.990257],[19.969169,49.990321],[19.969874,49.990393],[19.969713,49.990196],[19.969537,49.989984],[19.969317,49.989871],[19.969077,49.990074],[19.969072,49.990141],[19.969083,49.990177]]]]}},{"type":"Feature","properties":{"warstwa":"dzialki"},"geometry":{"type":"MultiPolygon","coordinates":[[[[19.961621,49.981251],[19.961651,49.981066],[19.960893,49.98103],[19.960803,49.981029],[19.960817,49.98121],[19.961621,49.981251]]]]}},{"type":"Feature","properties":{"warstwa":"dzialki"},"geometry":{"type":"MultiPolygon","coordinates":[[[[19.959879,49.979713],[19.960082,49.979762],[19.96021,49.97979],[19.960489,49.979755],[19.960302,49.979691],[19.960154,49.979639],[19.960064,49.979591],[19.959922,49.97956],[19.959834,49.979538],[19.95969,49.979484],[19.959629,49.979463],[19.959491,49.979431],[19.959481,49.97951],[19.959441,49.979577],[19.959546,49.979618],[19.959772,49.979683],[19.959879,49.979713]]]]}},{"type":"Feature","properties":{"warstwa":"dzialki"},"geometry":{"type":"MultiPolygon","coordinates":[[[[19.969377,49.989823],[19.969586,49.989975],[19.969739,49.990138],[19.970017,49.990502],[19.970075,49.990579],[19.970199,49.990768],[19.970281,49.990851],[19.970396,49.99099],[19.970433,49.991036],[19.970516,49.991141],[19.970562,49.991181],[19.970625,49.991219],[19.970692,49.991255],[19.970777,49.991289],[19.97081,49.991297],[19.970949,49.99133],[19.97128,49.991351],[19.971314,49.991283],[19.971235,49.991292],[19.971088,49.991282],[19.970946,49.991274],[19.970821,49.991253],[19.970687,49.991202],[19.970623,49.99116],[19.970546,49.99109],[19.970538,49.991084],[19.970378,49.990875],[19.970261,49.990724],[19.970099,49.990515],[19.970085,49.990497],[19.969887,49.99024],[19.969704,49.990004],[19.969689,49.989984],[19.969519,49.989823],[19.969032,49.989478],[19.968962,49.98945],[19.968739,49.989437],[19.968538,49.989469],[19.968299,49.989523],[19.968042,49.989604],[19.967993,49.989614],[19.967752,49.989643],[19.967704,49.989652],[19.967603,49.989657],[19.967537,49.989663],[19.967284,49.989673],[19.967095,49.989677],[19.96697,49.989674],[19.966846,49.989671],[19.966836,49.989671],[19.966783,49.989683],[19.96653,49.989659],[19.966513,49.989658],[19.966256,49.98965],[19.966109,49.989657],[19.966107,49.989658],[19.965828,49.989672],[19.965799,49.989667],[19.965778,49.989664],[19.965773,49.989663],[19.965617,49.989647],[19.965605,49.989646],[19.965358,49.989644],[19.965309,49.989644],[19.964929,49.989524],[19.964911,49.989519],[19.964783,49.989484],[19.964717,49.989473],[19.964613,49.989454],[19.964398,49.989414],[19.964273,49.989391],[19.964268,49.989391],[19.964203,49.989379],[19.964144,49.989362],[19.96395,49.989305],[19.963864,49.989273],[19.963855,49.98927],[19.963597,49.989175],[19.96354,49.989154],[19.963284,49.989058],[19.963136,49.988966],[19.96281,49.988747],[19.962633,49.988619],[19.962629,49.988612],[19.96259,49.988545],[19.962552,49.988641],[19.962622,49.988674],[19.962969,49.988921],[19.963145,49.989028],[19.96318,49.989047],[19.963336,49.989133],[19.963483,49.989198],[19.963755,49.989291],[19.963893,49.989339],[19.964084,49.989407],[19.964194,49.989437],[19.964389,49.989459],[19.964466,49.989464],[19.96459,49.989493],[19.964804,49.989543],[19.965154,49.989645],[19.965254,49.989669],[19.965358,49.98969],[19.965404,49.9897],[19.965506,49.989714],[19.965703,49.989721],[19.965955,49.989713],[19.966024,49.98971],[19.966251,49.989703],[19.966268,49.989703],[19.96638,49.989708],[19.966539,49.989715],[19.966995,49.989741],[19.967203,49.989734],[19.967643,49.989699],[19.967975,49.989681],[19.96812,49.989641],[19.968168,49.989627],[19.968213,49.989614],[19.968476,49.98954],[19.968713,49.989502],[19.968945,49.98953],[19.969082,49.989608],[19.969377,49.989823]]]]}},{"type":"Feature","properties":{"warstwa":"dzialki"},"geometry":{"type":"MultiPolygon","coordinates":[[[[19.964007,49.985128],[19.96353,49.985128],[19.963021,49.985125],[19.963044,49.985407],[19.963045,49.985431],[19.962949,49.985431],[19.963003,49.985591],[19.963281,49.985584],[19.963733,49.985567],[19.964284,49.985549],[19.964687,49.985544],[19.964702,49.985358],[19.964746,49.985123],[19.964248,49.985125],[19.964091,49.985128],[19.964007,49.985128]]]]}},{"type":"Feature","properties":{"warstwa":"dzialki"},"geometry":{"type":"MultiPolygon","coordinates":[[[[19.969606,49.992707],[19.970503,49.992834],[19.970514,49.992789],[19.970518,49.99277],[19.970546,49.99265],[19.970546,49.992619],[19.96972,49.992493],[19.969606,49.992707]]]]}},{"type":"Feature","properties":{"warstwa":"dzialki"},"geometry":{"type":"MultiPolygon","coordinates":[[[[19.958671,49.977947],[19.958521,49.977911],[19.958469,49.977899],[19.95844,49.977971],[19.958411,49.978043],[19.958386,49.978107],[19.958356,49.978183],[19.958348,49.978203],[19.958309,49.978262],[19.958261,49.978312],[19.958197,49.97837],[19.958228,49.978394],[19.958292,49.978425],[19.958454,49.978261],[19.958505,49.978188],[19.958671,49.977947]]]]}},{"type":"Feature","properties":{"warstwa":"dzialki"},"geometry":{"type":"MultiPolygon","coordinates":[[[[19.962439,49.983014],[19.962582,49.983083],[19.962807,49.982852],[19.962941,49.982713],[19.963354,49.982242],[19.963662,49.981882],[19.963953,49.981541],[19.964096,49.981371],[19.964182,49.981245],[19.964108,49.981074],[19.963908,49.981371],[19.963785,49.981523],[19.963408,49.981928],[19.963272,49.98207],[19.963266,49.982077],[19.962972,49.982403],[19.962932,49.982447],[19.962819,49.9826],[19.962598,49.982833],[19.962439,49.983014]]]]}},{"type":"Feature","properties":{"warstwa":"dzialki"},"geometry":{"type":"MultiPolygon","coordinates":[[[[19.958459,49.978494],[19.958597,49.978344],[19.9587,49.978195],[19.958744,49.978131],[19.958807,49.97804],[19.958845,49.977977],[19.958811,49.97797],[19.958671,49.977947],[19.958505,49.978188],[19.958454,49.978261],[19.958292,49.978425],[19.958346,49.978457],[19.958459,49.978494]]]]}},{"type":"Feature","properties":{"warstwa":"dzialki"},"geometry":{"type":"MultiPolygon","coordinates":[[[[19.959621,49.97932],[19.959491,49.979431],[19.959629,49.979463],[19.95969,49.979484],[19.959834,49.979538],[19.959922,49.97956],[19.960064,49.979591],[19.960154,49.979639],[19.960302,49.979691],[19.960489,49.979755],[19.96046,49.979682],[19.960411,49.979601],[19.960255,49.97954],[19.959869,49.979413],[19.959773,49.979377],[19.959621,49.97932]]]]}},{"type":"Feature","properties":{"warstwa":"dzialki"},"geometry":{"type":"MultiPolygon","coordinates":[[[[19.970433,49.991036],[19.970396,49.99099],[19.970281,49.990851],[19.970199,49.990768],[19.970117,49.990784],[19.969847,49.990846],[19.969493,49.990928],[19.969304,49.990973],[19.96939,49.991162],[19.969393,49.991212],[19.9698,49.991151],[19.970236,49.991085],[19.970287,49.991072],[19.970409,49.991042],[19.970433,49.991036]]]]}},{"type":"Feature","properties":{"warstwa":"dzialki"},"geometry":{"type":"MultiPolygon","coordinates":[[[[19.957852,49.978784],[19.957964,49.978679],[19.958171,49.978595],[19.958346,49.978457],[19.958292,49.978425],[19.958228,49.978394],[19.958197,49.97837],[19.958086,49.978292],[19.958066,49.978278],[19.957816,49.978548],[19.957721,49.978652],[19.957516,49.978936],[19.957638,49.979008],[19.957674,49.978913],[19.957726,49.978842],[19.957793,49.978791],[19.957852,49.978784]]]]}},{"type":"Feature","properties":{"warstwa":"dzialki"},"geometry":{"type":"MultiPolygon","coordinates":[[[[19.969387,49.994397],[19.969452,49.9944],[19.969692,49.99441],[19.969803,49.994413],[19.96991,49.994113],[19.9695,49.99408],[19.969387,49.994397]]]]}},{"type":"Feature","properties":{"warstwa":"dzialki"},"geometry":{"type":"MultiPolygon","coordinates":[[[[19.961727,49.981033],[19.962157,49.98108],[19.96235,49.981113],[19.962399,49.980903],[19.962456,49.980652],[19.962366,49.980637],[19.962196,49.980607],[19.961923,49.980558],[19.961844,49.980547],[19.961754,49.980879],[19.961727,49.981033]]]]}},{"type":"Feature","properties":{"warstwa":"dzialki"},"geometry":{"type":"MultiPolygon","coordinates":[[[[19.961864,49.981785],[19.962033,49.981609],[19.961926,49.981683],[19.961677,49.981817],[19.961396,49.981919],[19.961253,49.982],[19.961181,49.982042],[19.961013,49.982112],[19.960996,49.982119],[19.960951,49.982118],[19.960847,49.982108],[19.96075,49.982106],[19.960642,49.982089],[19.960747,49.982126],[19.960846,49.982161],[19.960928,49.982207],[19.960977,49.98224],[19.961002,49.98216],[19.96108,49.982138],[19.961128,49.982124],[19.961242,49.982065],[19.961419,49.981972],[19.961559,49.981911],[19.961864,49.981785]]]]}},{"type":"Feature","properties":{"warstwa":"dzialki"},"geometry":{"type":"MultiPolygon","coordinates":[[[[19.963798,49.983989],[19.963863,49.98387],[19.963921,49.983796],[19.963685,49.983742],[19.963567,49.983714],[19.963586,49.983804],[19.963798,49.983989]]]]}},{"type":"Feature","properties":{"warstwa":"dzialki"},"geometry":{"type":"MultiPolygon","coordinates":[[[[19.958913,49.979546],[19.958827,49.97934],[19.958846,49.979148],[19.959078,49.97917],[19.959144,49.979179],[19.959346,49.979225],[19.959621,49.97932],[19.959773,49.979377],[19.959737,49.979261],[19.959419,49.979128],[19.959513,49.979079],[19.959533,49.979069],[19.959178,49.978958],[19.959004,49.978896],[19.958753,49.97923],[19.958745,49.979834],[19.958869,49.979847],[19.959031,49.979858],[19.959012,49.979827],[19.958991,49.979806],[19.958913,49.979546]]]]}},{"type":"Feature","properties":{"warstwa":"dzialki"},"geometry":{"type":"MultiPolygon","coordinates":[[[[19.96871,50.002968],[19.968775,50.002786],[19.968771,50.002624],[19.968771,50.002595],[19.968768,50.002558],[19.968761,50.002389],[19.96876,50.002317],[19.968775,50.00224],[19.968882,50.001896],[19.9689,50.001802],[19.969003,50.001673],[19.969094,50.001567],[19.969072,50.001534],[19.968936,50.00168],[19.96886,50.001805],[19.968744,50.002203],[19.968714,50.002304],[19.968731,50.002559],[19.968742,50.002563],[19.968738,50.002597],[19.968738,50.002778],[19.968706,50.002887],[19.96865,50.002989],[19.968621,50.003035],[19.968556,50.003117],[19.968479,50.003226],[19.968357,50.003383],[19.968229,50.003549],[19.968212,50.003577],[19.968036,50.003858],[19.968016,50.003882],[19.967939,50.00404],[19.967715,50.004503],[19.967634,50.004694],[19.967573,50.004838],[19.967516,50.004972],[19.96757,50.004982],[19.967587,50.004941],[19.967678,50.004714],[19.967684,50.004693],[19.967711,50.004616],[19.967765,50.004511],[19.967797,50.004425],[19.967834,50.004353],[19.967914,50.004198],[19.968061,50.003927],[19.96821,50.003675],[19.968291,50.003548],[19.968466,50.003297],[19.968586,50.003132],[19.968603,50.003114],[19.968668,50.003045],[19.968699,50.002999],[19.96871,50.002968]]]]}},{"type":"Feature","properties":{"warstwa":"dzialki"},"geometry":{"type":"MultiPolygon","coordinates":[[[[19.970098,49.994817],[19.970517,49.994859],[19.970772,49.994871],[19.971137,49.994894],[19.971377,49.994911],[19.97146,49.994537],[19.971185,49.994526],[19.970773,49.99451],[19.970332,49.994502],[19.970266,49.994607],[19.970143,49.994756],[19.970098,49.994817]]]]}},{"type":"Feature","properties":{"warstwa":"dzialki"},"geometry":{"type":"MultiPolygon","coordinates":[[[[19.964077,49.984205],[19.963977,49.984486],[19.963899,49.984705],[19.963829,49.984901],[19.963793,49.984918],[19.963926,49.98492],[19.963912,49.984906],[19.963984,49.984705],[19.964151,49.984239],[19.964111,49.984222],[19.964077,49.984205]]]]}},{"type":"Feature","properties":{"warstwa":"dzialki"},"geometry":{"type":"MultiPolygon","coordinates":[[[[19.967642,49.988046],[19.968028,49.987989],[19.967788,49.987755],[19.967767,49.987733],[19.967528,49.987762],[19.967642,49.988046]]]]}},{"type":"Feature","properties":{"warstwa":"dzialki"},"geometry":{"type":"MultiPolygon","coordinates":[[[[19.966649,49.986107],[19.966642,49.98591],[19.966435,49.98592],[19.966144,49.985932],[19.965967,49.985938],[19.965977,49.986127],[19.966649,49.986107]]]]}},{"type":"Feature","properties":{"warstwa":"dzialki"},"geometry":{"type":"MultiPolygon","coordinates":[[[[19.963393,49.983627],[19.963522,49.983174],[19.963276,49.983094],[19.963054,49.983335],[19.963026,49.983366],[19.963191,49.983467],[19.963345,49.983582],[19.963393,49.983627]]]]}},{"type":"Feature","properties":{"warstwa":"dzialki"},"geometry":{"type":"MultiPolygon","coordinates":[[[[19.970332,49.9935],[19.970351,49.993333],[19.97037,49.99325],[19.969894,49.993181],[19.96986,49.993284],[19.96981,49.993432],[19.969985,49.993486],[19.970125,49.993512],[19.970245,49.993515],[19.970332,49.9935]]]]}},{"type":"Feature","properties":{"warstwa":"dzialki"},"geometry":{"type":"MultiPolygon","coordinates":[[[[19.962874,49.983015],[19.963026,49.983075],[19.963389,49.982653],[19.963234,49.982592],[19.962959,49.982915],[19.962874,49.983015]]]]}},{"type":"Feature","properties":{"warstwa":"dzialki"},"geometry":{"type":"MultiPolygon","coordinates":[[[[19.966649,49.988194],[19.966644,49.987817],[19.966223,49.987818],[19.966222,49.987982],[19.966222,49.988124],[19.96622,49.988257],[19.966649,49.988194]]]]}},{"type":"Feature","properties":{"warstwa":"dzialki"},"geometry":{"type":"MultiPolygon","coordinates":[[[[19.965337,49.986157],[19.965977,49.986127],[19.965967,49.985938],[19.965918,49.985939],[19.965669,49.985948],[19.965312,49.985963],[19.965337,49.986157]]]]}},{"type":"Feature","properties":{"warstwa":"dzialki"},"geometry":{"type":"MultiPolygon","coordinates":[[[[19.969803,49.994413],[19.969999,49.994416],[19.970224,49.994413],[19.970339,49.994408],[19.970396,49.994275],[19.970412,49.994212],[19.970394,49.994209],[19.970404,49.994152],[19.96991,49.994113],[19.969803,49.994413]]]]}},{"type":"Feature","properties":{"warstwa":"dzialki"},"geometry":{"type":"MultiPolygon","coordinates":[[[[19.962874,49.983015],[19.962959,49.982915],[19.963234,49.982592],[19.963294,49.982521],[19.96363,49.982126],[19.964198,49.981458],[19.964275,49.981336],[19.964182,49.981245],[19.964096,49.981371],[19.963953,49.981541],[19.963662,49.981882],[19.963354,49.982242],[19.962941,49.982713],[19.962807,49.982852],[19.962582,49.983083],[19.962628,49.983122],[19.962736,49.983176],[19.962874,49.983015]]]]}},{"type":"Feature","properties":{"warstwa":"dzialki"},"geometry":{"type":"MultiPolygon","coordinates":[[[[19.969608,49.991836],[19.969497,49.991872],[19.969608,49.992083],[19.9697,49.992252],[19.969806,49.992273],[19.969753,49.992154],[19.969723,49.992071],[19.969608,49.991836]]]]}},{"type":"Feature","properties":{"warstwa":"dzialki"},"geometry":{"type":"MultiPolygon","coordinates":[[[[19.969999,49.990601],[19.969774,49.990644],[19.969239,49.990751],[19.969304,49.990973],[19.969493,49.990928],[19.969847,49.990846],[19.970117,49.990784],[19.969999,49.990601]]]]}},{"type":"Feature","properties":{"warstwa":"dzialki"},"geometry":{"type":"MultiPolygon","coordinates":[[[[19.960277,49.980466],[19.96053,49.98049],[19.96075,49.980498],[19.96079,49.980401],[19.96081,49.980309],[19.96055,49.980299],[19.959889,49.980284],[19.959842,49.980447],[19.960277,49.980466]]]]}},{"type":"Feature","properties":{"warstwa":"dzialki"},"geometry":{"type":"MultiPolygon","coordinates":[[[[19.969497,49.991872],[19.969608,49.991836],[19.969672,49.991815],[19.969639,49.991742],[19.969602,49.991648],[19.969572,49.991549],[19.969554,49.991494],[19.969555,49.991454],[19.96956,49.991434],[19.969563,49.991424],[19.969576,49.991402],[19.969532,49.991403],[19.969469,49.991402],[19.969401,49.991404],[19.969391,49.991493],[19.969391,49.991547],[19.969397,49.991599],[19.969419,49.991649],[19.96945,49.991709],[19.96948,49.9918],[19.969497,49.991872]]]]}},{"type":"Feature","properties":{"warstwa":"dzialki"},"geometry":{"type":"MultiPolygon","coordinates":[[[[19.965939,49.985485],[19.965958,49.985472],[19.966122,49.985349],[19.966328,49.985097],[19.966521,49.984904],[19.96648,49.984762],[19.966362,49.984721],[19.966253,49.984734],[19.966187,49.984756],[19.966115,49.98479],[19.966046,49.984862],[19.966004,49.984924],[19.965876,49.985111],[19.965788,49.985222],[19.965702,49.985305],[19.96589,49.985445],[19.965939,49.985485]]]]}},{"type":"Feature","properties":{"warstwa":"dzialki"},"geometry":{"type":"MultiPolygon","coordinates":[[[[19.968245,49.997507],[19.968488,49.997608],[19.968708,49.997689],[19.969152,49.997894],[19.969285,49.997956],[19.969435,49.998033],[19.96969,49.998162],[19.969776,49.998206],[19.969769,49.998181],[19.969525,49.998062],[19.969272,49.997935],[19.969032,49.997825],[19.96872,49.997678],[19.968493,49.997589],[19.968247,49.997489],[19.968245,49.997507]]]]}},{"type":"Feature","properties":{"warstwa":"dzialki"},"geometry":{"type":"MultiPolygon","coordinates":[[[[19.96365,49.980999],[19.963551,49.981123],[19.963415,49.981245],[19.963219,49.981411],[19.963041,49.981562],[19.962893,49.981688],[19.962767,49.981789],[19.962196,49.981556],[19.962167,49.981582],[19.962462,49.981702],[19.962436,49.981729],[19.963272,49.98207],[19.963408,49.981928],[19.963785,49.981523],[19.963908,49.981371],[19.964108,49.981074],[19.96365,49.980999]]]]}},{"type":"Feature","properties":{"warstwa":"dzialki"},"geometry":{"type":"MultiPolygon","coordinates":[[[[19.969598,50.001945],[19.969571,50.002021],[19.969511,50.002135],[19.969691,50.00213],[19.970135,50.002163],[19.970407,50.002182],[19.970477,50.00191],[19.970449,50.001911],[19.970029,50.001925],[19.969598,50.001945]]]]}},{"type":"Feature","properties":{"warstwa":"dzialki"},"geometry":{"type":"MultiPolygon","coordinates":[[[[19.965232,49.987739],[19.965136,49.987535],[19.965114,49.987377],[19.96552,49.987353],[19.965542,49.987511],[19.965535,49.987698],[19.965684,49.987688],[19.965778,49.987692],[19.965859,49.987664],[19.965854,49.987449],[19.965854,49.987438],[19.965823,49.987356],[19.965807,49.98726],[19.965773,49.987064],[19.965749,49.98677],[19.965737,49.986616],[19.965721,49.986174],[19.965417,49.986185],[19.965342,49.986187],[19.964832,49.986203],[19.964707,49.986212],[19.964704,49.98628],[19.964692,49.986545],[19.964667,49.986755],[19.964665,49.986978],[19.964634,49.986981],[19.964674,49.987237],[19.964709,49.987324],[19.964744,49.98741],[19.964914,49.987791],[19.965011,49.987776],[19.965232,49.987739]]]]}},{"type":"Feature","properties":{"warstwa":"dzialki"},"geometry":{"type":"MultiPolygon","coordinates":[[[[19.964687,49.984459],[19.964763,49.984508],[19.964911,49.984606],[19.965052,49.984709],[19.965059,49.984714],[19.965178,49.984481],[19.965326,49.984156],[19.9654,49.983949],[19.96562,49.983755],[19.965742,49.983666],[19.965856,49.983588],[19.965589,49.983518],[19.965361,49.983447],[19.965225,49.983401],[19.965101,49.983663],[19.964882,49.984073],[19.964816,49.984236],[19.964687,49.984459]]]]}},{"type":"Feature","properties":{"warstwa":"dzialki"},"geometry":{"type":"MultiPolygon","coordinates":[[[[19.967099,49.987809],[19.967155,49.988118],[19.967642,49.988046],[19.967528,49.987762],[19.967143,49.987808],[19.967099,49.987809]]]]}},{"type":"Feature","properties":{"warstwa":"dzialki"},"geometry":{"type":"MultiPolygon","coordinates":[[[[19.965749,49.98677],[19.965773,49.987064],[19.965807,49.98726],[19.965823,49.987356],[19.965854,49.987438],[19.965854,49.987449],[19.965859,49.987664],[19.966083,49.987699],[19.966423,49.987707],[19.966384,49.987468],[19.966329,49.986902],[19.966334,49.986711],[19.965749,49.98677]]]]}},{"type":"Feature","properties":{"warstwa":"dzialki"},"geometry":{"type":"MultiPolygon","coordinates":[[[[19.962373,49.982296],[19.962972,49.982403],[19.963266,49.982077],[19.963272,49.98207],[19.962436,49.981729],[19.962462,49.981702],[19.962167,49.981582],[19.962065,49.981673],[19.962084,49.981686],[19.961959,49.981983],[19.961933,49.982218],[19.962289,49.982281],[19.962373,49.982296]]]]}},{"type":"Feature","properties":{"warstwa":"dzialki"},"geometry":{"type":"MultiPolygon","coordinates":[[[[19.971085,49.998714],[19.971155,49.998572],[19.971015,49.998426],[19.970877,49.998332],[19.970507,49.998081],[19.970162,49.99793],[19.970022,49.99789],[19.969922,49.998019],[19.96989,49.998084],[19.969841,49.998182],[19.969827,49.99823],[19.970195,49.998398],[19.970199,49.9984],[19.970445,49.998487],[19.970656,49.998562],[19.971085,49.998714]]]]}},{"type":"Feature","properties":{"warstwa":"dzialki"},"geometry":{"type":"MultiPolygon","coordinates":[[[[19.968286,49.991426],[19.968303,49.991362],[19.968334,49.991243],[19.968382,49.991118],[19.968546,49.991152],[19.968703,49.9912],[19.969012,49.991279],[19.969212,49.991315],[19.969399,49.991351],[19.969393,49.991212],[19.96939,49.991162],[19.969304,49.990973],[19.969239,49.990751],[19.969245,49.990642],[19.969234,49.990571],[19.969216,49.990516],[19.969211,49.990443],[19.969187,49.990348],[19.969169,49.990321],[19.969126,49.990257],[19.969101,49.990213],[19.969083,49.990177],[19.968671,49.990261],[19.968058,49.990351],[19.96806,49.990535],[19.968089,49.99061],[19.968095,49.990684],[19.967967,49.990674],[19.967889,49.990826],[19.96794,49.99092],[19.967897,49.991048],[19.967873,49.991152],[19.968286,49.991426]]]]}},{"type":"Feature","properties":{"warstwa":"dzialki"},"geometry":{"type":"MultiPolygon","coordinates":[[[[19.961531,49.980275],[19.961574,49.98013],[19.9616,49.980038],[19.96161,49.980001],[19.96106,49.97997],[19.961056,49.980039],[19.961039,49.980091],[19.961003,49.980127],[19.960847,49.980129],[19.960849,49.980139],[19.96081,49.980309],[19.961515,49.980327],[19.961519,49.980315],[19.961531,49.980275]]]]}},{"type":"Feature","properties":{"warstwa":"dzialki"},"geometry":{"type":"MultiPolygon","coordinates":[[[[19.969591,49.993825],[19.969728,49.99344],[19.969626,49.993412],[19.969494,49.993381],[19.969434,49.993367],[19.96939,49.993385],[19.969363,49.993399],[19.969353,49.993424],[19.969282,49.993604],[19.969216,49.993791],[19.969124,49.99405],[19.9695,49.99408],[19.969591,49.993825]]]]}},{"type":"Feature","properties":{"warstwa":"dzialki"},"geometry":{"type":"MultiPolygon","coordinates":[[[[19.969598,50.001945],[19.970029,50.001925],[19.970449,50.001911],[19.970477,50.00191],[19.970571,50.001549],[19.970411,50.001559],[19.969997,50.001572],[19.969701,50.00158],[19.969686,50.001623],[19.969651,50.001789],[19.969598,50.001945]]]]}},{"type":"Feature","properties":{"warstwa":"dzialki"},"geometry":{"type":"MultiPolygon","coordinates":[[[[19.963921,49.983796],[19.963863,49.98387],[19.963798,49.983989],[19.963819,49.984008],[19.963885,49.984057],[19.963951,49.984089],[19.964105,49.984162],[19.964272,49.983873],[19.96446,49.98331],[19.964366,49.983316],[19.964024,49.983325],[19.963921,49.983796]]]]}},{"type":"Feature","properties":{"warstwa":"dzialki"},"geometry":{"type":"MultiPolygon","coordinates":[[[[19.967336,49.987474],[19.967433,49.987399],[19.967532,49.987341],[19.967632,49.987288],[19.967229,49.986652],[19.967061,49.986604],[19.966894,49.986543],[19.966827,49.986522],[19.966715,49.986544],[19.966717,49.98663],[19.96675,49.986724],[19.966796,49.986821],[19.966958,49.987057],[19.967092,49.987222],[19.967156,49.987314],[19.967336,49.987474]]]]}},{"type":"Feature","properties":{"warstwa":"dzialki"},"geometry":{"type":"MultiPolygon","coordinates":[[[[19.967073,49.987333],[19.967031,49.987293],[19.966977,49.987242],[19.966817,49.987018],[19.966818,49.986968],[19.966777,49.986905],[19.96671,49.986793],[19.966668,49.986678],[19.966334,49.986711],[19.966329,49.986902],[19.966384,49.987468],[19.966423,49.987707],[19.966705,49.987709],[19.966908,49.987695],[19.96686,49.987409],[19.967073,49.987333]]]]}},{"type":"Feature","properties":{"warstwa":"dzialki"},"geometry":{"type":"MultiPolygon","coordinates":[[[[19.970098,49.994817],[19.970054,49.994895],[19.969992,49.995057],[19.969949,49.995212],[19.969927,49.995317],[19.97014,49.995343],[19.970423,49.995377],[19.97076,49.995414],[19.97107,49.995458],[19.97128,49.995481],[19.971377,49.994911],[19.971137,49.994894],[19.970772,49.994871],[19.970517,49.994859],[19.970098,49.994817]]]]}},{"type":"Feature","properties":{"warstwa":"dzialki"},"geometry":{"type":"MultiPolygon","coordinates":[[[[19.969894,49.993181],[19.969974,49.992942],[19.969522,49.992879],[19.969403,49.992865],[19.969389,49.993111],[19.969894,49.993181]]]]}},{"type":"Feature","properties":{"warstwa":"dzialki"},"geometry":{"type":"MultiPolygon","coordinates":[[[[19.96506,49.983189],[19.96503,49.983251],[19.965127,49.983246],[19.965046,49.983397],[19.964959,49.983408],[19.964609,49.984146],[19.964507,49.984337],[19.964492,49.984349],[19.964562,49.984389],[19.964687,49.984459],[19.964816,49.984236],[19.964882,49.984073],[19.965101,49.983663],[19.965225,49.983401],[19.965361,49.983447],[19.965491,49.983125],[19.965579,49.982938],[19.965624,49.982843],[19.965485,49.982801],[19.9654,49.98277],[19.965331,49.982739],[19.965272,49.98287],[19.965198,49.982861],[19.965185,49.982924],[19.965144,49.983123],[19.965125,49.983196],[19.96506,49.983189]]]]}},{"type":"Feature","properties":{"warstwa":"dzialki"},"geometry":{"type":"MultiPolygon","coordinates":[[[[19.970332,49.9935],[19.970245,49.993515],[19.970125,49.993512],[19.969985,49.993486],[19.96981,49.993432],[19.969521,49.993343],[19.969436,49.993303],[19.969394,49.993257],[19.969425,49.993331],[19.96941,49.993354],[19.96939,49.993385],[19.969434,49.993367],[19.969494,49.993381],[19.969626,49.993412],[19.969728,49.99344],[19.969808,49.993463],[19.969938,49.993497],[19.970057,49.993523],[19.970117,49.993533],[19.970161,49.993539],[19.970246,49.993545],[19.97025,49.993546],[19.97035,49.993555],[19.970332,49.9935]]]]}},{"type":"Feature","properties":{"warstwa":"dzialki"},"geometry":{"type":"MultiPolygon","coordinates":[[[[19.963405,49.984699],[19.963899,49.984705],[19.963977,49.984486],[19.963425,49.984484],[19.963405,49.984699]]]]}},{"type":"Feature","properties":{"warstwa":"dzialki"},"geometry":{"type":"MultiPolygon","coordinates":[[[[19.964747,49.984713],[19.964749,49.984946],[19.964746,49.985123],[19.964702,49.985358],[19.964687,49.985544],[19.964685,49.985589],[19.965385,49.985566],[19.965978,49.985546],[19.965968,49.985542],[19.965953,49.98553],[19.965678,49.985315],[19.965646,49.985291],[19.965504,49.985195],[19.965386,49.985103],[19.965338,49.985052],[19.965236,49.984947],[19.965153,49.984848],[19.965087,49.984775],[19.96503,49.98472],[19.964893,49.98462],[19.964746,49.984522],[19.964747,49.984713]]]]}},{"type":"Feature","properties":{"warstwa":"dzialki"},"geometry":{"type":"MultiPolygon","coordinates":[[[[19.958737,49.978754],[19.958663,49.978618],[19.958459,49.978494],[19.958346,49.978457],[19.958171,49.978595],[19.958229,49.978631],[19.958338,49.978666],[19.958443,49.978701],[19.958521,49.978735],[19.958564,49.97876],[19.958593,49.978777],[19.958689,49.978856],[19.958739,49.978802],[19.958737,49.978754]]]]}},{"type":"Feature","properties":{"warstwa":"dzialki"},"geometry":{"type":"MultiPolygon","coordinates":[[[[19.969701,50.00158],[19.969997,50.001572],[19.970411,50.001559],[19.970571,50.001549],[19.970649,50.001308],[19.969933,50.001242],[19.969765,50.001408],[19.969721,50.001524],[19.969701,50.00158]]]]}},{"type":"Feature","properties":{"warstwa":"dzialki"},"geometry":{"type":"MultiPolygon","coordinates":[[[[19.95779,49.979806],[19.95797,49.979909],[19.958107,49.979701],[19.958288,49.97941],[19.958376,49.979283],[19.958527,49.979077],[19.958611,49.978984],[19.958689,49.978856],[19.958593,49.978777],[19.958564,49.97876],[19.957774,49.979797],[19.95779,49.979806]]]]}},{"type":"Feature","properties":{"warstwa":"dzialki"},"geometry":{"type":"MultiPolygon","coordinates":[[[[19.961727,49.981033],[19.961754,49.980879],[19.961369,49.980858],[19.96122,49.980849],[19.960743,49.980838],[19.96049,49.980834],[19.960239,49.980824],[19.960265,49.981025],[19.960397,49.981027],[19.960711,49.981027],[19.960803,49.981029],[19.960893,49.98103],[19.961651,49.981066],[19.961721,49.981069],[19.961727,49.981033]]]]}},{"type":"Feature","properties":{"warstwa":"dzialki"},"geometry":{"type":"MultiPolygon","coordinates":[[[[19.95733,49.978871],[19.957354,49.978853],[19.957498,49.978652],[19.957635,49.978476],[19.95789,49.978174],[19.957856,49.978165],[19.957642,49.978106],[19.957156,49.978809],[19.95733,49.978871]]]]}},{"type":"Feature","properties":{"warstwa":"dzialki"},"geometry":{"type":"MultiPolygon","coordinates":[[[[19.96986,49.993284],[19.969392,49.993218],[19.969394,49.993252],[19.969394,49.993257],[19.969436,49.993303],[19.969521,49.993343],[19.96981,49.993432],[19.96986,49.993284]]]]}},{"type":"Feature","properties":{"warstwa":"dzialki"},"geometry":{"type":"MultiPolygon","coordinates":[[[[19.96075,49.980498],[19.960962,49.980505],[19.961238,49.980506],[19.961468,49.980503],[19.961515,49.980327],[19.96081,49.980309],[19.96079,49.980401],[19.96075,49.980498]]]]}},{"type":"Feature","properties":{"warstwa":"dzialki"},"geometry":{"type":"MultiPolygon","coordinates":[[[[19.969858,49.996389],[19.969778,49.996274],[19.969946,49.996215],[19.970419,49.996219],[19.970218,49.996433],[19.970614,49.99662],[19.970675,49.996648],[19.970694,49.996623],[19.970961,49.996271],[19.97122,49.995966],[19.970855,49.995928],[19.970575,49.9959],[19.970323,49.995869],[19.969989,49.99583],[19.96973,49.995792],[19.969721,49.99582],[19.969751,49.995974],[19.969728,49.996141],[19.96969,49.99627],[19.969664,49.996381],[19.969858,49.996389]]]]}},{"type":"Feature","properties":{"warstwa":"dzialki"},"geometry":{"type":"MultiPolygon","coordinates":[[[[19.958827,49.97934],[19.958913,49.979546],[19.959481,49.97951],[19.959491,49.979431],[19.958827,49.97934]]]]}},{"type":"Feature","properties":{"warstwa":"dzialki"},"geometry":{"type":"MultiPolygon","coordinates":[[[[19.964696,49.985984],[19.965152,49.98597],[19.965312,49.985963],[19.965669,49.985948],[19.965918,49.985939],[19.965967,49.985938],[19.966144,49.985932],[19.966435,49.98592],[19.966642,49.98591],[19.96656,49.985769],[19.966409,49.985676],[19.966074,49.985584],[19.965978,49.985546],[19.965385,49.985566],[19.964685,49.985589],[19.964682,49.985683],[19.964696,49.985984]]]]}},{"type":"Feature","properties":{"warstwa":"dzialki"},"geometry":{"type":"MultiPolygon","coordinates":[[[[19.96972,49.992493],[19.970546,49.992619],[19.970546,49.992578],[19.970546,49.992517],[19.970546,49.992397],[19.970476,49.992389],[19.970333,49.992364],[19.970075,49.992319],[19.969956,49.992299],[19.969806,49.992273],[19.969738,49.992457],[19.96972,49.992493]]]]}},{"type":"Feature","properties":{"warstwa":"dzialki"},"geometry":{"type":"MultiPolygon","coordinates":[[[[19.961369,49.980858],[19.961754,49.980879],[19.961844,49.980547],[19.961468,49.980503],[19.961369,49.980858]]]]}},{"type":"Feature","properties":{"warstwa":"dzialki"},"geometry":{"type":"MultiPolygon","coordinates":[[[[19.960847,49.980129],[19.960824,49.979995],[19.960773,49.979617],[19.960185,49.979417],[19.959802,49.979288],[19.959737,49.979261],[19.959773,49.979377],[19.959869,49.979413],[19.960255,49.97954],[19.960411,49.979601],[19.96046,49.979682],[19.960489,49.979755],[19.960529,49.979805],[19.96052,49.979861],[19.960568,49.979973],[19.960598,49.980129],[19.960747,49.980127],[19.960847,49.980129]]]]}},{"type":"Feature","properties":{"warstwa":"dzialki"},"geometry":{"type":"MultiPolygon","coordinates":[[[[19.95935,49.979876],[19.959783,49.979904],[19.959857,49.979918],[19.959868,49.979801],[19.959391,49.979734],[19.95935,49.979876]]]]}},{"type":"Feature","properties":{"warstwa":"dzialki"},"geometry":{"type":"MultiPolygon","coordinates":[[[[19.961973,49.980548],[19.962031,49.980319],[19.961531,49.980275],[19.961519,49.980315],[19.961515,49.980327],[19.961468,49.980503],[19.961844,49.980547],[19.961923,49.980558],[19.961973,49.980548]]]]}},{"type":"Feature","properties":{"warstwa":"dzialki"},"geometry":{"type":"MultiPolygon","coordinates":[[[[19.96446,49.98331],[19.964272,49.983873],[19.964105,49.984162],[19.964285,49.984232],[19.964507,49.984337],[19.964609,49.984146],[19.964959,49.983408],[19.96503,49.983251],[19.96506,49.983189],[19.964939,49.983184],[19.964772,49.983179],[19.964642,49.983172],[19.964616,49.983233],[19.964575,49.983286],[19.964508,49.983309],[19.96446,49.98331]]]]}},{"type":"Feature","properties":{"warstwa":"dzialki"},"geometry":{"type":"MultiPolygon","coordinates":[[[[19.965721,49.986174],[19.965737,49.986616],[19.965749,49.98677],[19.966334,49.986711],[19.966346,49.986156],[19.96615,49.986159],[19.965899,49.986168],[19.965721,49.986174]]]]}},{"type":"Feature","properties":{"warstwa":"dzialki"},"geometry":{"type":"MultiPolygon","coordinates":[[[[19.959513,49.979079],[19.95974,49.979176],[19.959953,49.979261],[19.960145,49.979311],[19.960389,49.97937],[19.960512,49.979405],[19.960609,49.979413],[19.960661,49.979321],[19.96029,49.979239],[19.960121,49.97919],[19.959886,49.979113],[19.959609,49.978994],[19.959533,49.979069],[19.959513,49.979079]]]]}},{"type":"Feature","properties":{"warstwa":"dzialki"},"geometry":{"type":"MultiPolygon","coordinates":[[[[19.966668,49.986678],[19.966647,49.986604],[19.966635,49.986562],[19.966632,49.986515],[19.966635,49.986458],[19.966644,49.986349],[19.96666,49.986241],[19.966651,49.986139],[19.966414,49.986152],[19.966346,49.986156],[19.966334,49.986711],[19.966668,49.986678]]]]}},{"type":"Feature","properties":{"warstwa":"dzialki"},"geometry":{"type":"MultiPolygon","coordinates":[[[[19.965059,49.984714],[19.965109,49.984765],[19.965167,49.984833],[19.965255,49.984933],[19.96538,49.984746],[19.965485,49.984545],[19.965605,49.984286],[19.965742,49.984004],[19.965633,49.984001],[19.965548,49.983986],[19.9654,49.983949],[19.965326,49.984156],[19.965178,49.984481],[19.965059,49.984714]]]]}},{"type":"Feature","properties":{"warstwa":"dzialki"},"geometry":{"type":"MultiPolygon","coordinates":[[[[19.963921,49.983796],[19.964024,49.983325],[19.963798,49.98326],[19.963685,49.983742],[19.963921,49.983796]]]]}},{"type":"Feature","properties":{"warstwa":"dzialki"},"geometry":{"type":"MultiPolygon","coordinates":[[[[19.969999,49.993863],[19.970113,49.993544],[19.970117,49.993533],[19.970057,49.993523],[19.969938,49.993497],[19.969808,49.993463],[19.969728,49.99344],[19.969591,49.993825],[19.9695,49.99408],[19.96991,49.994113],[19.969999,49.993863]]]]}},{"type":"Feature","properties":{"warstwa":"dzialki"},"geometry":{"type":"MultiPolygon","coordinates":[[[[19.958021,49.979176],[19.957821,49.979397],[19.957578,49.979686],[19.957619,49.979709],[19.957774,49.979797],[19.958564,49.97876],[19.958521,49.978735],[19.958443,49.978701],[19.95823,49.978935],[19.958128,49.979054],[19.958021,49.979176]]]]}},{"type":"Feature","properties":{"warstwa":"dzialki"},"geometry":{"type":"MultiPolygon","coordinates":[[[[19.96812,49.989641],[19.967975,49.989681],[19.967643,49.989699],[19.967203,49.989734],[19.967109,49.989967],[19.967366,49.990076],[19.967503,49.990145],[19.967649,49.990217],[19.967812,49.990285],[19.968003,49.990364],[19.968058,49.990351],[19.968117,49.990235],[19.96812,49.99013],[19.968104,49.989854],[19.968164,49.989686],[19.96812,49.989641]]]]}},{"type":"Feature","properties":{"warstwa":"dzialki"},"geometry":{"type":"MultiPolygon","coordinates":[[[[19.962373,49.982296],[19.962145,49.982625],[19.962079,49.98263],[19.961956,49.982622],[19.961954,49.982639],[19.962304,49.982662],[19.962425,49.982501],[19.962819,49.9826],[19.962932,49.982447],[19.962972,49.982403],[19.962373,49.982296]]]]}},{"type":"Feature","properties":{"warstwa":"dzialki"},"geometry":{"type":"MultiPolygon","coordinates":[[[[19.970332,49.994502],[19.970773,49.99451],[19.971185,49.994526],[19.97146,49.994537],[19.971299,49.994319],[19.970553,49.994405],[19.970382,49.994414],[19.970332,49.994502]]]]}},{"type":"Feature","properties":{"warstwa":"dzialki"},"geometry":{"type":"MultiPolygon","coordinates":[[[[19.966644,49.987817],[19.966649,49.988194],[19.967155,49.988118],[19.967099,49.987809],[19.966927,49.987816],[19.966644,49.987817]]]]}},{"type":"Feature","properties":{"warstwa":"dzialki"},"geometry":{"type":"MultiPolygon","coordinates":[[[[19.969686,49.994773],[19.969511,49.994752],[19.969271,49.994726],[19.969011,49.994698],[19.968802,49.994671],[19.968742,49.994665],[19.968724,49.994737],[19.968642,49.994911],[19.968642,49.994987],[19.96875,49.995103],[19.968887,49.995198],[19.969176,49.995229],[19.969396,49.99526],[19.969564,49.995278],[19.969898,49.995311],[19.969943,49.995058],[19.96998,49.99495],[19.970069,49.994816],[19.969838,49.994791],[19.969686,49.994773]]]]}},{"type":"Feature","properties":{"warstwa":"dzialki"},"geometry":{"type":"MultiPolygon","coordinates":[[[[19.958745,49.979834],[19.958753,49.97923],[19.959004,49.978896],[19.958739,49.978802],[19.958689,49.978856],[19.958611,49.978984],[19.958527,49.979077],[19.958376,49.979283],[19.958288,49.97941],[19.958107,49.979701],[19.958262,49.979747],[19.958378,49.979774],[19.958745,49.979834]]]]}},{"type":"Feature","properties":{"warstwa":"dzialki"},"geometry":{"type":"MultiPolygon","coordinates":[[[[19.9657,49.987824],[19.965759,49.987824],[19.965922,49.987822],[19.965972,49.987821],[19.966223,49.987818],[19.966644,49.987817],[19.966927,49.987816],[19.967099,49.987809],[19.967143,49.987808],[19.967528,49.987762],[19.967767,49.987733],[19.967788,49.987731],[19.967814,49.987728],[19.967871,49.987721],[19.96822,49.98759],[19.968337,49.987537],[19.968387,49.987514],[19.96865,49.987394],[19.968822,49.987358],[19.969027,49.987243],[19.969056,49.987237],[19.969223,49.987113],[19.969419,49.986932],[19.969469,49.986903],[19.969522,49.986873],[19.969524,49.986869],[19.969642,49.986723],[19.969737,49.986586],[19.969938,49.986466],[19.970118,49.986407],[19.970192,49.986392],[19.970368,49.986354],[19.970682,49.986289],[19.971007,49.986257],[19.971144,49.986243],[19.971257,49.986237],[19.971284,49.986238],[19.971612,49.986238],[19.972021,49.986262],[19.972179,49.986277],[19.9723,49.986288],[19.972331,49.986294],[19.972766,49.986372],[19.972939,49.986372],[19.973217,49.986386],[19.973311,49.986393],[19.973452,49.986403],[19.973544,49.986409],[19.973587,49.986411],[19.973845,49.986425],[19.974041,49.986419],[19.974059,49.986418],[19.974114,49.986418],[19.974187,49.986423],[19.974526,49.986377],[19.974604,49.98637],[19.975075,49.986247],[19.975432,49.986162],[19.975757,49.986064],[19.975897,49.986022],[19.9762,49.985931],[19.976413,49.985883],[19.976603,49.985833],[19.976881,49.985757],[19.976892,49.985755],[19.977111,49.985679],[19.977166,49.98566],[19.977535,49.985533],[19.977846,49.985411],[19.977912,49.985385],[19.978229,49.985278],[19.978261,49.985267],[19.978146,49.985147],[19.978086,49.985159],[19.977883,49.985235],[19.977616,49.985335],[19.977386,49.985435],[19.97731,49.98546],[19.977122,49.985545],[19.977009,49.985597],[19.976975,49.9856],[19.976743,49.985656],[19.976699,49.985669],[19.976249,49.985793],[19.976028,49.985882],[19.976014,49.985886],[19.975821,49.985939],[19.975255,49.986093],[19.975116,49.986129],[19.974705,49.986232],[19.974613,49.986253],[19.974271,49.986312],[19.973992,49.986364],[19.973788,49.986365],[19.973542,49.986331],[19.972928,49.98628],[19.972664,49.986243],[19.972616,49.986236],[19.97231,49.986193],[19.972262,49.986186],[19.972059,49.986164],[19.971244,49.986159],[19.971,49.986173],[19.970613,49.986224],[19.970283,49.986265],[19.970123,49.986301],[19.970035,49.986321],[19.9698,49.98638],[19.969723,49.986435],[19.969685,49.986463],[19.969645,49.986496],[19.969609,49.986531],[19.969569,49.986574],[19.969421,49.986731],[19.969328,49.98683],[19.969259,49.986897],[19.969011,49.987077],[19.968767,49.987157],[19.968716,49.987174],[19.968407,49.987327],[19.96837,49.987344],[19.968324,49.987365],[19.968062,49.987486],[19.967964,49.987523],[19.967825,49.987576],[19.967542,49.987636],[19.967406,49.987706],[19.966427,49.987755],[19.966423,49.987707],[19.966083,49.987699],[19.96586,49.987694],[19.96577,49.987695],[19.965579,49.987698],[19.96544,49.987713],[19.965012,49.987777],[19.964919,49.987804],[19.96486,49.987819],[19.964276,49.987963],[19.964014,49.988023],[19.963891,49.988051],[19.963391,49.988141],[19.9633,49.988158],[19.963306,49.988171],[19.962807,49.98824],[19.962706,49.988358],[19.963003,49.9883],[19.963475,49.988236],[19.963555,49.988229],[19.963984,49.988143],[19.964099,49.988114],[19.964446,49.988038],[19.964812,49.987952],[19.965199,49.987871],[19.965591,49.987826],[19.9657,49.987824]]]]}},{"type":"Feature","properties":{"warstwa":"dzialki"},"geometry":{"type":"MultiPolygon","coordinates":[[[[19.964336,49.981702],[19.964271,49.981928],[19.964269,49.982121],[19.964101,49.982485],[19.964058,49.98276],[19.96411,49.982887],[19.964024,49.983325],[19.964366,49.983316],[19.9644,49.983212],[19.964403,49.98319],[19.964447,49.982898],[19.964457,49.98284],[19.964464,49.982657],[19.964487,49.982539],[19.964625,49.982286],[19.964386,49.981731],[19.964336,49.981702]]]]}},{"type":"Feature","properties":{"warstwa":"dzialki"},"geometry":{"type":"MultiPolygon","coordinates":[[[[19.969608,49.991836],[19.969723,49.992071],[19.969753,49.992154],[19.969806,49.992273],[19.969956,49.992299],[19.970075,49.992319],[19.970333,49.992364],[19.970476,49.992389],[19.970546,49.992397],[19.970547,49.992387],[19.970607,49.992204],[19.970658,49.99212],[19.970663,49.992112],[19.970687,49.992006],[19.970608,49.99199],[19.970233,49.991923],[19.970029,49.991884],[19.969878,49.991849],[19.969829,49.991841],[19.969672,49.991815],[19.969608,49.991836]]]]}},{"type":"Feature","properties":{"warstwa":"dzialki"},"geometry":{"type":"MultiPolygon","coordinates":[[[[19.97122,49.995966],[19.971501,49.995571],[19.97128,49.995481],[19.97107,49.995458],[19.97076,49.995414],[19.970423,49.995377],[19.97014,49.995343],[19.969927,49.995317],[19.969897,49.995387],[19.969855,49.995475],[19.96974,49.995758],[19.96973,49.995792],[19.969989,49.99583],[19.970323,49.995869],[19.970575,49.9959],[19.970855,49.995928],[19.97122,49.995966]]]]}},{"type":"Feature","properties":{"warstwa":"dzialki"},"geometry":{"type":"MultiPolygon","coordinates":[[[[19.94303,49.825807],[19.94261,49.825277],[19.942191,49.825366],[19.942463,49.825505],[19.94303,49.825807]]]]}},{"type":"Feature","properties":{"warstwa":"dzialki"},"geometry":{"type":"MultiPolygon","coordinates":[[[[19.943333,49.825395],[19.943696,49.825503],[19.943699,49.825482],[19.943499,49.825439],[19.943343,49.825376],[19.943282,49.825307],[19.943106,49.825298],[19.943125,49.825307],[19.943333,49.825395]]]]}},{"type":"Feature","properties":{"warstwa":"dzialki"},"geometry":{"type":"MultiPolygon","coordinates":[[[[19.951466,49.83004],[19.951465,49.829984],[19.951429,49.830053],[19.951331,49.830102],[19.951446,49.830114],[19.951466,49.83004]]]]}},{"type":"Feature","properties":{"warstwa":"dzialki"},"geometry":{"type":"MultiPolygon","coordinates":[[[[19.944408,49.840993],[19.944398,49.840955],[19.944342,49.840978],[19.944352,49.841012],[19.944408,49.840993]]]]}},{"type":"Feature","properties":{"warstwa":"dzialki"},"geometry":{"type":"MultiPolygon","coordinates":[[[[19.94418,49.841072],[19.944175,49.841053],[19.944127,49.841073],[19.944132,49.841089],[19.94418,49.841072]]]]}},{"type":"Feature","properties":{"warstwa":"dzialki"},"geometry":{"type":"MultiPolygon","coordinates":[[[[19.969393,49.991212],[19.969399,49.991351],[19.969401,49.991404],[19.969469,49.991402],[19.969532,49.991403],[19.969576,49.991402],[19.969593,49.991401],[19.969625,49.991364],[19.969837,49.991331],[19.970068,49.991295],[19.970327,49.99126],[19.970625,49.991219],[19.970562,49.991181],[19.970516,49.991141],[19.970433,49.991036],[19.970409,49.991042],[19.970287,49.991072],[19.970236,49.991085],[19.9698,49.991151],[19.969393,49.991212]]]]}},{"type":"Feature","properties":{"warstwa":"dzialki"},"geometry":{"type":"MultiPolygon","coordinates":[[[[19.963393,49.983627],[19.963465,49.983693],[19.963567,49.983714],[19.963685,49.983742],[19.963798,49.98326],[19.963522,49.983174],[19.963393,49.983627]]]]}},{"type":"Feature","properties":{"warstwa":"dzialki"},"geometry":{"type":"MultiPolygon","coordinates":[[[[19.966649,49.988194],[19.96622,49.988257],[19.96629,49.989264],[19.967012,49.989355],[19.967163,49.989374],[19.967348,49.989397],[19.967727,49.989436],[19.967752,49.989643],[19.967993,49.989614],[19.968042,49.989604],[19.968299,49.989523],[19.968538,49.989469],[19.968739,49.989437],[19.968962,49.98945],[19.969032,49.989478],[19.969519,49.989823],[19.969722,49.989733],[19.96983,49.989686],[19.970124,49.990108],[19.970339,49.990709],[19.970261,49.990724],[19.970378,49.990875],[19.97038,49.990849],[19.970567,49.990744],[19.970755,49.990637],[19.97108,49.990452],[19.971284,49.990338],[19.971961,49.989958],[19.97195,49.989937],[19.971627,49.989216],[19.971513,49.988962],[19.97145,49.988856],[19.971263,49.988542],[19.97121,49.988452],[19.970979,49.988089],[19.970989,49.988048],[19.970891,49.988005],[19.970925,49.988073],[19.970845,49.988136],[19.97039,49.988054],[19.970043,49.98799],[19.969655,49.987933],[19.969254,49.987885],[19.969167,49.987907],[19.96878,49.988003],[19.968463,49.987988],[19.96827,49.987984],[19.968136,49.987973],[19.968093,49.987979],[19.968048,49.987986],[19.968028,49.987989],[19.967642,49.988046],[19.967155,49.988118],[19.966649,49.988194]]]]}},{"type":"Feature","properties":{"warstwa":"dzialki"},"geometry":{"type":"MultiPolygon","coordinates":[[[[19.967858,49.997398],[19.96818,49.997565],[19.96843,49.997669],[19.968532,49.997707],[19.968497,49.999975],[19.969182,49.999955],[19.969183,49.999921],[19.969202,49.999561],[19.969236,49.998931],[19.969254,49.998591],[19.969276,49.998182],[19.969285,49.997956],[19.969152,49.997894],[19.968708,49.997689],[19.968488,49.997608],[19.968245,49.997507],[19.967956,49.997357],[19.96786,49.997307],[19.967858,49.997398]]]]}},{"type":"Feature","properties":{"warstwa":"dzialki"},"geometry":{"type":"MultiPolygon","coordinates":[[[[19.969794,49.994453],[19.969686,49.994773],[19.969838,49.994791],[19.970069,49.994816],[19.97013,49.994728],[19.970196,49.994641],[19.970242,49.994574],[19.970314,49.99446],[19.970321,49.994447],[19.97,49.994457],[19.969794,49.994453]]]]}},{"type":"Feature","properties":{"warstwa":"dzialki"},"geometry":{"type":"MultiPolygon","coordinates":[[[[19.965487,49.985151],[19.965525,49.985182],[19.965661,49.985276],[19.965702,49.985305],[19.965788,49.985222],[19.965876,49.985111],[19.966004,49.984924],[19.966046,49.984862],[19.966115,49.98479],[19.966187,49.984756],[19.966253,49.984734],[19.966058,49.984678],[19.966026,49.984668],[19.965974,49.984651],[19.965901,49.984635],[19.965487,49.985151]]]]}},{"type":"Feature","properties":{"warstwa":"dzialki"},"geometry":{"type":"MultiPolygon","coordinates":[[[[19.963234,49.982592],[19.963389,49.982653],[19.963026,49.983075],[19.962874,49.983015],[19.962736,49.983176],[19.963054,49.983335],[19.963276,49.983094],[19.963308,49.983059],[19.963356,49.983036],[19.963506,49.982865],[19.963606,49.982752],[19.963848,49.98275],[19.963887,49.982591],[19.963906,49.982503],[19.963931,49.982438],[19.963967,49.982384],[19.964036,49.982314],[19.964083,49.982249],[19.964117,49.982156],[19.964151,49.981995],[19.964198,49.981859],[19.964252,49.981765],[19.964274,49.981705],[19.964275,49.981652],[19.964243,49.981551],[19.964198,49.981458],[19.96363,49.982126],[19.963294,49.982521],[19.963234,49.982592]]]]}},{"type":"Feature","properties":{"warstwa":"dzialki"},"geometry":{"type":"MultiPolygon","coordinates":[[[[19.963798,49.98326],[19.964024,49.983325],[19.96411,49.982887],[19.964058,49.98276],[19.964101,49.982485],[19.964269,49.982121],[19.964271,49.981928],[19.964336,49.981702],[19.964274,49.981705],[19.964252,49.981765],[19.964198,49.981859],[19.964151,49.981995],[19.964117,49.982156],[19.964083,49.982249],[19.964036,49.982314],[19.963967,49.982384],[19.963931,49.982438],[19.963906,49.982503],[19.963887,49.982591],[19.963848,49.98275],[19.963606,49.982752],[19.963506,49.982865],[19.963356,49.983036],[19.963308,49.983059],[19.963276,49.983094],[19.963522,49.983174],[19.963798,49.98326]]]]}},{"type":"Feature","properties":{"warstwa":"dzialki"},"geometry":{"type":"MultiPolygon","coordinates":[[[[19.97115,49.9934],[19.970923,49.993328],[19.970666,49.993148],[19.970595,49.993121],[19.970497,49.993093],[19.97048,49.993122],[19.970438,49.9932],[19.970413,49.99328],[19.970392,49.993403],[19.970385,49.993513],[19.970407,49.993614],[19.970432,49.993759],[19.970469,49.993927],[19.970477,49.99404],[19.970471,49.994126],[19.970608,49.994192],[19.970695,49.994021],[19.970829,49.993988],[19.97115,49.9934]]]]}},{"type":"Feature","properties":{"warstwa":"dzialki"},"geometry":{"type":"MultiPolygon","coordinates":[[[[19.961242,49.982065],[19.961297,49.982155],[19.961508,49.982183],[19.961932,49.982228],[19.961933,49.982218],[19.961959,49.981983],[19.962084,49.981686],[19.962065,49.981673],[19.961864,49.981785],[19.961559,49.981911],[19.961419,49.981972],[19.961242,49.982065]]]]}},{"type":"Feature","properties":{"warstwa":"dzialki"},"geometry":{"type":"MultiPolygon","coordinates":[[[[19.971998,49.99406],[19.971916,49.994053],[19.971756,49.994011],[19.971705,49.993991],[19.97163,49.993977],[19.971538,49.99397],[19.97147,49.993957],[19.971395,49.993938],[19.971344,49.993927],[19.971264,49.993915],[19.971278,49.994008],[19.971455,49.994303],[19.971299,49.994319],[19.97146,49.994537],[19.971377,49.994911],[19.97128,49.995481],[19.971501,49.995571],[19.97122,49.995966],[19.970961,49.996271],[19.970694,49.996623],[19.970675,49.996648],[19.970614,49.99662],[19.970218,49.996433],[19.970419,49.996219],[19.969946,49.996215],[19.969778,49.996274],[19.969858,49.996389],[19.970015,49.996599],[19.970221,49.9969],[19.970379,49.997123],[19.970353,49.997554],[19.970333,49.997901],[19.970162,49.99793],[19.970507,49.998081],[19.970877,49.998332],[19.971015,49.998426],[19.971155,49.998572],[19.971085,49.998714],[19.97123,49.998766],[19.971261,49.998777],[19.971372,49.998777],[19.972229,49.998778],[19.972615,49.998746],[19.972928,49.998686],[19.973424,49.9986],[19.973623,49.99852],[19.974033,49.998463],[19.974179,49.998442],[19.974221,49.99843],[19.974261,49.998419],[19.974411,49.998377],[19.974528,49.998344],[19.975054,49.998316],[19.97531,49.998285],[19.975475,49.998224],[19.975857,49.998216],[19.975877,49.998215],[19.976055,49.998218],[19.976472,49.998223],[19.976767,49.998228],[19.976787,49.998228],[19.977002,49.998234],[19.976847,49.997984],[19.977019,49.997542],[19.977218,49.997057],[19.977227,49.997032],[19.977298,49.996854],[19.977339,49.99675],[19.976785,49.996631],[19.976199,49.996503],[19.975808,49.996418],[19.975234,49.996299],[19.975338,49.996151],[19.975208,49.99592],[19.974905,49.995791],[19.974505,49.995624],[19.974411,49.99559],[19.974142,49.995495],[19.973874,49.9954],[19.973844,49.99539],[19.97365,49.995265],[19.973433,49.995126],[19.973429,49.995123],[19.973216,49.994985],[19.973069,49.994891],[19.973001,49.994827],[19.972844,49.994681],[19.972806,49.994614],[19.972699,49.994426],[19.972538,49.994273],[19.972467,49.994206],[19.972409,49.994173],[19.972328,49.994134],[19.972188,49.994095],[19.972171,49.99409],[19.972085,49.994073],[19.971998,49.99406]]]]}},{"type":"Feature","properties":{"warstwa":"dzialki"},"geometry":{"type":"MultiPolygon","coordinates":[[[[19.968286,49.991426],[19.968243,49.991585],[19.968226,49.991724],[19.968336,49.991732],[19.968455,49.991753],[19.968722,49.991801],[19.968896,49.991828],[19.968977,49.991842],[19.969256,49.991892],[19.969393,49.991909],[19.969497,49.991872],[19.96948,49.9918],[19.96945,49.991709],[19.969419,49.991649],[19.969397,49.991599],[19.969391,49.991547],[19.969391,49.991493],[19.969401,49.991404],[19.969399,49.991351],[19.969212,49.991315],[19.969012,49.991279],[19.968703,49.9912],[19.968546,49.991152],[19.968286,49.991426]]]]}},{"type":"Feature","properties":{"warstwa":"dzialki"},"geometry":{"type":"MultiPolygon","coordinates":[[[[19.969403,49.992865],[19.969522,49.992879],[19.969606,49.992707],[19.96972,49.992493],[19.969738,49.992457],[19.969806,49.992273],[19.9697,49.992252],[19.969608,49.992083],[19.969497,49.991872],[19.969393,49.991909],[19.969256,49.991892],[19.968977,49.991842],[19.969166,49.992036],[19.969237,49.99232],[19.969289,49.992513],[19.969328,49.992657],[19.969403,49.992865]]]]}},{"type":"Feature","properties":{"warstwa":"dzialki"},"geometry":{"type":"MultiPolygon","coordinates":[[[[19.969763,49.998155],[19.969761,49.998144],[19.969694,49.997872],[19.969708,49.997798],[19.969781,49.997692],[19.96965,49.996586],[19.969628,49.996514],[19.969618,49.996396],[19.969378,49.996395],[19.969027,49.996411],[19.968722,49.996419],[19.968551,49.996409],[19.968503,49.996546],[19.968388,49.996813],[19.968283,49.997058],[19.968249,49.997464],[19.968486,49.997565],[19.968679,49.997647],[19.968731,49.997668],[19.96879,49.997696],[19.969237,49.997906],[19.969307,49.997937],[19.969763,49.998155]]]]}},{"type":"Feature","properties":{"warstwa":"dzialki"},"geometry":{"type":"MultiPolygon","coordinates":[[[[19.969165,50.002588],[19.969293,50.002415],[19.969511,50.002135],[19.969571,50.002021],[19.969598,50.001945],[19.969651,50.001789],[19.969686,50.001623],[19.969701,50.00158],[19.969721,50.001524],[19.969765,50.001408],[19.969475,50.001477],[19.969367,50.001502],[19.969117,50.001562],[19.969112,50.001581],[19.96909,50.001604],[19.968952,50.001758],[19.968882,50.001896],[19.968775,50.00224],[19.96876,50.002317],[19.968761,50.002389],[19.968768,50.002558],[19.968771,50.002595],[19.969165,50.002588]]]]}},{"type":"Feature","properties":{"warstwa":"dzialki"},"geometry":{"type":"MultiPolygon","coordinates":[[[[19.968723,49.995704],[19.96872,49.996049],[19.968643,49.996182],[19.968605,49.996275],[19.968551,49.996409],[19.968722,49.996419],[19.969027,49.996411],[19.969378,49.996395],[19.969618,49.996396],[19.969657,49.996203],[19.969693,49.996086],[19.9697,49.99606],[19.9697,49.995966],[19.96968,49.995881],[19.969672,49.995787],[19.969372,49.99576],[19.969028,49.995724],[19.968723,49.995704]]]]}},{"type":"Feature","properties":{"warstwa":"dzialki"},"geometry":{"type":"MultiPolygon","coordinates":[[[[19.958459,49.978494],[19.958663,49.978618],[19.958737,49.978754],[19.958802,49.978621],[19.958949,49.978465],[19.958597,49.978344],[19.958459,49.978494]]]]}},{"type":"Feature","properties":{"warstwa":"dzialki"},"geometry":{"type":"MultiPolygon","coordinates":[[[[19.96107,49.979646],[19.961009,49.979628],[19.9609,49.979587],[19.960512,49.979405],[19.960389,49.97937],[19.960145,49.979311],[19.959953,49.979261],[19.95974,49.979176],[19.959513,49.979079],[19.959419,49.979128],[19.959737,49.979261],[19.959802,49.979288],[19.960185,49.979417],[19.960773,49.979617],[19.960824,49.979995],[19.960847,49.980129],[19.961003,49.980127],[19.961039,49.980091],[19.961056,49.980039],[19.96106,49.97997],[19.961062,49.979932],[19.96107,49.979646]]]]}},{"type":"Feature","properties":{"warstwa":"dzialki"},"geometry":{"type":"MultiPolygon","coordinates":[[[[19.95935,49.979876],[19.959391,49.979734],[19.959441,49.979577],[19.959481,49.97951],[19.958913,49.979546],[19.958991,49.979806],[19.959012,49.979827],[19.959031,49.979858],[19.95919,49.979864],[19.95935,49.979876]]]]}},{"type":"Feature","properties":{"warstwa":"dzialki"},"geometry":{"type":"MultiPolygon","coordinates":[[[[19.961621,49.981251],[19.960817,49.98121],[19.960818,49.981213],[19.960844,49.981389],[19.961587,49.981424],[19.961607,49.981338],[19.961621,49.981251]]]]}},{"type":"Feature","properties":{"warstwa":"dzialki"},"geometry":{"type":"MultiPolygon","coordinates":[[[[19.969182,49.999955],[19.968497,49.999975],[19.968355,49.999979],[19.967976,49.99999],[19.967819,49.999994],[19.967647,49.999999],[19.967356,50.000005],[19.967356,50.000016],[19.967356,50.000232],[19.967356,50.000468],[19.967355,50.00053],[19.967222,50.000534],[19.967227,50.001378],[19.969175,50.001135],[19.969204,50.001064],[19.969262,50.000865],[19.969383,50.000479],[19.96951,49.999945],[19.969182,49.999955]]]]}},{"type":"Feature","properties":{"warstwa":"dzialki"},"geometry":{"type":"MultiPolygon","coordinates":[[[[19.969037,50.001528],[19.969048,50.00151],[19.969175,50.001135],[19.967227,50.001378],[19.967229,50.001467],[19.967609,50.001505],[19.969037,50.001528]]]]}},{"type":"Feature","properties":{"warstwa":"dzialki"},"geometry":{"type":"MultiPolygon","coordinates":[[[[19.970263,50.000903],[19.970346,50.000677],[19.970411,50.000512],[19.970511,50.000234],[19.970599,50.000003],[19.970681,49.99982],[19.970716,49.999743],[19.970385,49.999386],[19.970329,49.999231],[19.970617,49.999185],[19.97056,49.999038],[19.970272,49.999082],[19.970193,49.998919],[19.970195,49.998398],[19.969827,49.99823],[19.969731,49.998623],[19.969681,49.998925],[19.96969,49.99897],[19.969702,49.999027],[19.969635,49.999504],[19.969578,49.999951],[19.969511,50.000258],[19.969442,50.000484],[19.969328,50.000871],[19.969264,50.001116],[19.969138,50.001486],[19.969475,50.001477],[19.969765,50.001408],[19.969933,50.001242],[19.970154,50.001013],[19.970239,50.000928],[19.970263,50.000903]]]]}},{"type":"Feature","properties":{"warstwa":"dzialki"},"geometry":{"type":"MultiPolygon","coordinates":[[[[19.969037,50.001528],[19.967609,50.001505],[19.967229,50.001467],[19.967231,50.001584],[19.967232,50.001652],[19.967233,50.001769],[19.967235,50.001929],[19.967239,50.00214],[19.967428,50.002152],[19.967438,50.002494],[19.968141,50.002503],[19.968159,50.002626],[19.968243,50.00262],[19.968228,50.002471],[19.968234,50.002173],[19.968716,50.002201],[19.968758,50.002006],[19.968786,50.001888],[19.968859,50.00175],[19.969014,50.001568],[19.969037,50.001528]]]]}},{"type":"Feature","properties":{"warstwa":"dzialki"},"geometry":{"type":"MultiPolygon","coordinates":[[[[19.963541,49.986135],[19.963666,49.986123],[19.964017,49.986083],[19.964704,49.986018],[19.964696,49.985984],[19.964682,49.985683],[19.964685,49.985589],[19.964687,49.985544],[19.964284,49.985549],[19.963733,49.985567],[19.963281,49.985584],[19.963003,49.985591],[19.963072,49.985747],[19.963092,49.985801],[19.963148,49.985957],[19.963193,49.986064],[19.963237,49.986164],[19.963541,49.986135]]]]}},{"type":"Feature","properties":{"warstwa":"dzialki"},"geometry":{"type":"MultiPolygon","coordinates":[[[[19.963947,49.980805],[19.962798,49.980611],[19.962588,49.980934],[19.962443,49.981148],[19.96235,49.981349],[19.962327,49.981382],[19.962224,49.981534],[19.962196,49.981556],[19.962767,49.981789],[19.962893,49.981688],[19.963041,49.981562],[19.963219,49.981411],[19.963415,49.981245],[19.963551,49.981123],[19.96365,49.980999],[19.963685,49.980953],[19.963761,49.98089],[19.963872,49.980841],[19.963947,49.980805]]]]}},{"type":"Feature","properties":{"warstwa":"dzialki"},"geometry":{"type":"MultiPolygon","coordinates":[[[[19.970687,49.992006],[19.970693,49.991979],[19.97086,49.991771],[19.970941,49.991688],[19.970602,49.991626],[19.96956,49.991434],[19.969555,49.991454],[19.969554,49.991494],[19.969572,49.991549],[19.969602,49.991648],[19.969639,49.991742],[19.969672,49.991815],[19.969829,49.991841],[19.969878,49.991849],[19.970029,49.991884],[19.970233,49.991923],[19.970608,49.99199],[19.970687,49.992006]]]]}},{"type":"Feature","properties":{"warstwa":"dzialki"},"geometry":{"type":"MultiPolygon","coordinates":[[[[19.958827,49.97934],[19.959491,49.979431],[19.959621,49.97932],[19.959346,49.979225],[19.959144,49.979179],[19.959078,49.97917],[19.958846,49.979148],[19.958827,49.97934]]]]}},{"type":"Feature","properties":{"warstwa":"dzialki"},"geometry":{"type":"MultiPolygon","coordinates":[[[[19.970828,50.002101],[19.970905,50.001884],[19.97094,50.001794],[19.971029,50.001521],[19.971077,50.001381],[19.97119,50.001114],[19.971216,50.001019],[19.970933,50.000967],[19.970263,50.000903],[19.970239,50.000928],[19.970154,50.001013],[19.969933,50.001242],[19.970649,50.001308],[19.970571,50.001549],[19.970477,50.00191],[19.970407,50.002182],[19.970504,50.002188],[19.970828,50.002101]]]]}},{"type":"Feature","properties":{"warstwa":"dzialki"},"geometry":{"type":"MultiPolygon","coordinates":[[[[19.966908,49.987695],[19.967329,49.98765],[19.967406,49.987586],[19.967377,49.987546],[19.967303,49.9875],[19.967234,49.987457],[19.967099,49.987358],[19.967073,49.987333],[19.96686,49.987409],[19.966908,49.987695]]]]}},{"type":"Feature","properties":{"warstwa":"dzialki"},"geometry":{"type":"MultiPolygon","coordinates":[[[[19.969182,49.999955],[19.96951,49.999945],[19.969513,49.999912],[19.969556,49.999497],[19.969611,49.99902],[19.96962,49.998955],[19.969625,49.99892],[19.96968,49.998618],[19.969745,49.998351],[19.969776,49.998206],[19.96969,49.998162],[19.969435,49.998033],[19.969285,49.997956],[19.969276,49.998182],[19.969254,49.998591],[19.969236,49.998931],[19.969202,49.999561],[19.969183,49.999921],[19.969182,49.999955]]]]}},{"type":"Feature","properties":{"warstwa":"dzialki"},"geometry":{"type":"MultiPolygon","coordinates":[[[[19.963137,49.984227],[19.963288,49.98424],[19.963447,49.984252],[19.963488,49.984255],[19.963671,49.984268],[19.963757,49.984238],[19.963908,49.984118],[19.963736,49.98407],[19.963593,49.983929],[19.963081,49.984063],[19.963137,49.984227]]]]}},{"type":"Feature","properties":{"warstwa":"dzialki"},"geometry":{"type":"MultiPolygon","coordinates":[[[[19.969898,49.995311],[19.969564,49.995278],[19.969396,49.99526],[19.969176,49.995229],[19.968887,49.995198],[19.968878,49.995224],[19.968759,49.99536],[19.968694,49.995463],[19.96867,49.995543],[19.968664,49.99564],[19.968723,49.995704],[19.969028,49.995724],[19.969372,49.99576],[19.969672,49.995787],[19.969671,49.995763],[19.969726,49.995603],[19.969806,49.995482],[19.969898,49.995311]]]]}},{"type":"Feature","properties":{"warstwa":"dzialki"},"geometry":{"type":"MultiPolygon","coordinates":[[[[19.90129,49.934902],[19.901683,49.934901],[19.901686,49.934721],[19.901295,49.934727],[19.90129,49.934902]]]]}},{"type":"Feature","properties":{"warstwa":"dzialki"},"geometry":{"type":"MultiPolygon","coordinates":[[[[19.901295,49.934727],[19.901686,49.934721],[19.90169,49.934542],[19.9013,49.934545],[19.901295,49.934727]]]]}},{"type":"Feature","properties":{"warstwa":"dzialki"},"geometry":{"type":"MultiPolygon","coordinates":[[[[19.898316,49.930734],[19.89874,49.929808],[19.899164,49.929906],[19.899299,49.929628],[19.899546,49.929117],[19.89969,49.928821],[19.899717,49.928766],[19.899267,49.928667],[19.899076,49.928987],[19.898635,49.929046],[19.898412,49.929083],[19.898016,49.929068],[19.897894,49.929091],[19.897839,49.929135],[19.897755,49.929269],[19.89758,49.929622],[19.897466,49.929883],[19.897617,49.930037],[19.898316,49.930734]]]]}},{"type":"Feature","properties":{"warstwa":"dzialki"},"geometry":{"type":"MultiPolygon","coordinates":[[[[19.898231,49.928227],[19.898126,49.92823],[19.898039,49.928253],[19.897861,49.928342],[19.89757,49.928347],[19.897479,49.928478],[19.897504,49.928597],[19.897934,49.92887],[19.897973,49.928792],[19.898204,49.92862],[19.89841,49.928772],[19.898336,49.928551],[19.899345,49.928428],[19.899369,49.928389],[19.898326,49.928517],[19.898231,49.928227]]]]}},{"type":"Feature","properties":{"warstwa":"dzialki"},"geometry":{"type":"MultiPolygon","coordinates":[[[[19.894326,49.926264],[19.894526,49.92628],[19.894529,49.927387],[19.895825,49.927453],[19.895819,49.927299],[19.895824,49.927059],[19.89583,49.926807],[19.895825,49.925965],[19.895521,49.925537],[19.895643,49.925314],[19.895616,49.924997],[19.89559,49.924679],[19.895678,49.924514],[19.895701,49.924472],[19.895154,49.924371],[19.894926,49.92431],[19.894555,49.925247],[19.894412,49.925224],[19.894272,49.92571],[19.893789,49.925947],[19.893777,49.926348],[19.894318,49.926397],[19.894326,49.926264]]]]}},{"type":"Feature","properties":{"warstwa":"dzialki"},"geometry":{"type":"MultiPolygon","coordinates":[[[[19.871818,49.912627],[19.872047,49.912875],[19.872028,49.912895],[19.872352,49.913311],[19.872403,49.913375],[19.872411,49.913384],[19.872472,49.913449],[19.872647,49.913636],[19.872749,49.913714],[19.873085,49.914043],[19.873107,49.91407],[19.873133,49.914097],[19.873344,49.914324],[19.873359,49.914337],[19.873523,49.914463],[19.873697,49.914614],[19.873963,49.91488],[19.873965,49.914922],[19.874163,49.915118],[19.874222,49.915172],[19.874453,49.915415],[19.87473,49.91569],[19.87464,49.915758],[19.874755,49.915847],[19.874841,49.915816],[19.87509,49.916072],[19.875271,49.916257],[19.875404,49.916401],[19.875636,49.916587],[19.875843,49.916752],[19.875914,49.916793],[19.876195,49.916957],[19.876206,49.916963],[19.876298,49.917024],[19.876385,49.917067],[19.876699,49.917224],[19.876759,49.917226],[19.876787,49.917233],[19.876986,49.917284],[19.877458,49.917512],[19.877764,49.917658],[19.878113,49.917831],[19.878528,49.918019],[19.878549,49.91805],[19.878592,49.918071],[19.878483,49.918175],[19.878601,49.918138],[19.878655,49.918164],[19.878861,49.918266],[19.879003,49.918376],[19.879183,49.918518],[19.879392,49.91875],[19.879615,49.919024],[19.879826,49.91929],[19.88011,49.919586],[19.880398,49.919944],[19.880437,49.920006],[19.880818,49.920338],[19.880869,49.92038],[19.880941,49.920447],[19.881,49.920503],[19.881132,49.920691],[19.881191,49.920775],[19.881501,49.921051],[19.88162,49.921195],[19.881655,49.921237],[19.882006,49.921662],[19.882045,49.921727],[19.882212,49.922008],[19.882266,49.922085],[19.882314,49.92218],[19.882361,49.922292],[19.882389,49.922413],[19.882434,49.922649],[19.882432,49.922736],[19.882422,49.923049],[19.882449,49.923577],[19.882407,49.923581],[19.882343,49.923588],[19.882335,49.92364],[19.882328,49.923683],[19.882331,49.923705],[19.882342,49.923855],[19.882325,49.923947],[19.882304,49.923965],[19.882286,49.924195],[19.882974,49.92412],[19.882969,49.924083],[19.882988,49.923887],[19.882993,49.923833],[19.882995,49.923776],[19.882997,49.923708],[19.883003,49.923515],[19.883167,49.92309],[19.88324,49.922638],[19.883254,49.922559],[19.88327,49.922431],[19.883114,49.922425],[19.883084,49.922359],[19.883067,49.922279],[19.883053,49.92226],[19.88294,49.922025],[19.882866,49.921924],[19.882767,49.921794],[19.882748,49.921769],[19.882635,49.921621],[19.882575,49.921525],[19.882518,49.921449],[19.882465,49.92133],[19.882358,49.921353],[19.882275,49.921271],[19.882008,49.920955],[19.881882,49.920627],[19.881863,49.920576],[19.881763,49.920499],[19.881319,49.920157],[19.881287,49.920035],[19.881013,49.919764],[19.880682,49.919382],[19.88062,49.919353],[19.880379,49.9191],[19.880383,49.919016],[19.880282,49.918914],[19.880279,49.918911],[19.879997,49.918631],[19.879795,49.918392],[19.87971,49.91829],[19.879374,49.917976],[19.879041,49.917699],[19.879137,49.917574],[19.879087,49.91754],[19.878928,49.917631],[19.878531,49.917553],[19.878083,49.917353],[19.877767,49.917211],[19.877221,49.91695],[19.876978,49.916838],[19.876589,49.916649],[19.876581,49.916645],[19.876572,49.916639],[19.876299,49.916454],[19.87627,49.916432],[19.875939,49.916182],[19.875692,49.915989],[19.87563,49.915941],[19.875404,49.915651],[19.875432,49.915579],[19.875452,49.915526],[19.87553,49.915448],[19.875538,49.915338],[19.875456,49.915263],[19.87502,49.915091],[19.874941,49.915014],[19.874676,49.914762],[19.874373,49.914424],[19.874353,49.914398],[19.874041,49.914155],[19.873545,49.913675],[19.873513,49.913556],[19.873418,49.913544],[19.873253,49.913368],[19.873091,49.913196],[19.873026,49.913126],[19.872939,49.913066],[19.872484,49.912724],[19.872437,49.912673],[19.872522,49.912639],[19.872502,49.912617],[19.872103,49.912173],[19.871929,49.911899],[19.871897,49.91185],[19.871803,49.911684],[19.871718,49.911385],[19.871647,49.911096],[19.871632,49.910631],[19.871617,49.910397],[19.871598,49.910096],[19.871582,49.909758],[19.871534,49.9095],[19.871492,49.909279],[19.87146,49.909109],[19.871336,49.909026],[19.871208,49.90894],[19.870958,49.908671],[19.87093,49.90864],[19.870679,49.908465],[19.870608,49.908419],[19.870455,49.908307],[19.870245,49.908161],[19.87008,49.908076],[19.87005,49.908043],[19.869813,49.907762],[19.869867,49.907386],[19.869928,49.906919],[19.869964,49.906797],[19.870048,49.906525],[19.870088,49.906395],[19.87014,49.906266],[19.870209,49.906099],[19.870405,49.905647],[19.8706,49.905163],[19.870772,49.904796],[19.870931,49.90454],[19.871007,49.904186],[19.871173,49.904201],[19.871207,49.904144],[19.871021,49.9041],[19.871115,49.903617],[19.871325,49.903093],[19.871333,49.903058],[19.87089,49.902992],[19.870731,49.903035],[19.870662,49.903031],[19.870585,49.903017],[19.870567,49.903054],[19.870679,49.903104],[19.870551,49.903415],[19.8705,49.903538],[19.870482,49.903587],[19.870399,49.903815],[19.870344,49.903968],[19.870237,49.904223],[19.870198,49.90431],[19.87014,49.904438],[19.870104,49.904707],[19.870009,49.904972],[19.869966,49.905117],[19.869892,49.905363],[19.869811,49.905556],[19.869715,49.905798],[19.869537,49.906252],[19.869529,49.906273],[19.869428,49.906469],[19.869413,49.906498],[19.869272,49.906698],[19.869132,49.906897],[19.868882,49.907065],[19.868743,49.907157],[19.86839,49.907264],[19.868236,49.907306],[19.868179,49.907322],[19.868144,49.907332],[19.867606,49.907453],[19.867268,49.907477],[19.867241,49.907479],[19.867164,49.907486],[19.867016,49.907481],[19.866785,49.907474],[19.866445,49.907861],[19.866534,49.907882],[19.866628,49.907904],[19.866845,49.907987],[19.866943,49.908027],[19.86719,49.908127],[19.867317,49.908179],[19.86737,49.908201],[19.86747,49.908241],[19.867495,49.908251],[19.867565,49.90828],[19.867775,49.908426],[19.867956,49.90857],[19.868003,49.908607],[19.868065,49.908656],[19.868099,49.908689],[19.868104,49.908694],[19.868241,49.908829],[19.86825,49.908838],[19.868288,49.908875],[19.868689,49.9093],[19.869118,49.909703],[19.869213,49.909797],[19.869262,49.909846],[19.869417,49.910024],[19.869584,49.910315],[19.86966,49.910408],[19.869673,49.910429],[19.86968,49.91044],[19.869696,49.910459],[19.869713,49.910475],[19.870039,49.91079],[19.870199,49.91095],[19.870688,49.911469],[19.870718,49.911497],[19.870911,49.911711],[19.871136,49.911936],[19.871348,49.912148],[19.87153,49.912331],[19.871623,49.912426],[19.871701,49.912507],[19.871707,49.912513],[19.871818,49.912627]]]]}},{"type":"Feature","properties":{"warstwa":"dzialki"},"geometry":{"type":"MultiPolygon","coordinates":[[[[19.882153,49.919218],[19.882191,49.919235],[19.882739,49.919472],[19.883443,49.918686],[19.883196,49.918649],[19.883068,49.918604],[19.88297,49.918524],[19.882819,49.91837],[19.882209,49.919147],[19.882153,49.919218]]]]}},{"type":"Feature","properties":{"warstwa":"dzialki"},"geometry":{"type":"MultiPolygon","coordinates":[[[[19.872939,49.913066],[19.874267,49.912248],[19.874345,49.912199],[19.874272,49.911903],[19.874189,49.911526],[19.874031,49.911441],[19.873265,49.911732],[19.873222,49.911748],[19.872868,49.911883],[19.872103,49.912173],[19.872502,49.912617],[19.872522,49.912639],[19.872437,49.912673],[19.872484,49.912724],[19.872939,49.913066]]]]}},{"type":"Feature","properties":{"warstwa":"dzialki"},"geometry":{"type":"MultiPolygon","coordinates":[[[[19.888523,49.92283],[19.888346,49.92285],[19.887963,49.922799],[19.88777,49.922999],[19.887014,49.923762],[19.886662,49.924046],[19.886408,49.924219],[19.886841,49.924549],[19.886277,49.92492],[19.886685,49.924817],[19.888773,49.92349],[19.889111,49.92322],[19.889323,49.922749],[19.888895,49.922807],[19.888523,49.92283]]]]}},{"type":"Feature","properties":{"warstwa":"dzialki"},"geometry":{"type":"MultiPolygon","coordinates":[[[[19.898477,49.927639],[19.898554,49.927262],[19.898565,49.927209],[19.898671,49.926723],[19.898711,49.926536],[19.898699,49.926328],[19.898686,49.926285],[19.898447,49.926176],[19.898328,49.925638],[19.897888,49.925697],[19.89806,49.926005],[19.898102,49.926282],[19.897961,49.926346],[19.89806,49.926644],[19.898032,49.926758],[19.897143,49.926705],[19.896954,49.927571],[19.897068,49.927578],[19.898477,49.927639]]]]}},{"type":"Feature","properties":{"warstwa":"dzialki"},"geometry":{"type":"MultiPolygon","coordinates":[[[[19.87916,49.917478],[19.87969,49.917023],[19.879753,49.916991],[19.879755,49.916958],[19.879595,49.916864],[19.879492,49.916791],[19.879474,49.916762],[19.879498,49.91672],[19.879518,49.916687],[19.879495,49.916658],[19.878734,49.916408],[19.87822,49.917154],[19.878987,49.917496],[19.87916,49.917478]]]]}},{"type":"Feature","properties":{"warstwa":"dzialki"},"geometry":{"type":"MultiPolygon","coordinates":[[[[19.889731,49.924035],[19.890071,49.924465],[19.891273,49.924549],[19.8913,49.924144],[19.889731,49.924035]]]]}},{"type":"Feature","properties":{"warstwa":"dzialki"},"geometry":{"type":"MultiPolygon","coordinates":[[[[19.881982,49.919043],[19.882209,49.919147],[19.882819,49.91837],[19.8826,49.918206],[19.881982,49.919043]]]]}},{"type":"Feature","properties":{"warstwa":"dzialki"},"geometry":{"type":"MultiPolygon","coordinates":[[[[19.880279,49.918911],[19.880282,49.918914],[19.880454,49.918725],[19.880619,49.918759],[19.880738,49.918776],[19.881505,49.917671],[19.880946,49.917488],[19.880818,49.917433],[19.879795,49.918392],[19.879997,49.918631],[19.880279,49.918911]]]]}},{"type":"Feature","properties":{"warstwa":"dzialki"},"geometry":{"type":"MultiPolygon","coordinates":[[[[19.87971,49.91829],[19.879795,49.918392],[19.880818,49.917433],[19.880759,49.917408],[19.880362,49.9172],[19.879904,49.917015],[19.879789,49.91701],[19.87972,49.917043],[19.879137,49.917574],[19.879041,49.917699],[19.879374,49.917976],[19.87971,49.91829]]]]}},{"type":"Feature","properties":{"warstwa":"dzialki"},"geometry":{"type":"MultiPolygon","coordinates":[[[[19.886072,49.922209],[19.88625,49.922283],[19.886845,49.922508],[19.887162,49.922665],[19.887187,49.922686],[19.887298,49.922614],[19.887523,49.921979],[19.886602,49.921724],[19.886501,49.921687],[19.886306,49.921895],[19.886072,49.922209]]]]}},{"type":"Feature","properties":{"warstwa":"dzialki"},"geometry":{"type":"MultiPolygon","coordinates":[[[[19.891258,49.925242],[19.891985,49.925328],[19.891954,49.925498],[19.89238,49.925487],[19.892424,49.924926],[19.89133,49.924914],[19.891258,49.925242]]]]}},{"type":"Feature","properties":{"warstwa":"dzialki"},"geometry":{"type":"MultiPolygon","coordinates":[[[[19.891368,49.923159],[19.890999,49.923144],[19.890805,49.923107],[19.890751,49.923082],[19.89062,49.923004],[19.890396,49.922894],[19.890216,49.92285],[19.889345,49.923546],[19.891332,49.923685],[19.891368,49.923159]]]]}},{"type":"Feature","properties":{"warstwa":"dzialki"},"geometry":{"type":"MultiPolygon","coordinates":[[[[19.871803,49.911684],[19.871897,49.91185],[19.872869,49.911469],[19.872766,49.911377],[19.87242,49.911069],[19.872352,49.91079],[19.872093,49.910903],[19.871647,49.911096],[19.871718,49.911385],[19.871803,49.911684]]]]}},{"type":"Feature","properties":{"warstwa":"dzialki"},"geometry":{"type":"MultiPolygon","coordinates":[[[[19.889111,49.92322],[19.889315,49.92351],[19.889345,49.923546],[19.890216,49.92285],[19.889602,49.922769],[19.889323,49.922749],[19.889111,49.92322]]]]}},{"type":"Feature","properties":{"warstwa":"dzialki"},"geometry":{"type":"MultiPolygon","coordinates":[[[[19.892424,49.924926],[19.892442,49.924561],[19.891342,49.92455],[19.89133,49.924914],[19.892424,49.924926]]]]}},{"type":"Feature","properties":{"warstwa":"dzialki"},"geometry":{"type":"MultiPolygon","coordinates":[[[[19.895498,49.92874],[19.895931,49.928668],[19.896363,49.928714],[19.896532,49.928697],[19.896583,49.928649],[19.896634,49.928455],[19.896706,49.928059],[19.896745,49.927828],[19.896725,49.92765],[19.896676,49.927607],[19.89582,49.927517],[19.895774,49.928089],[19.895738,49.928178],[19.895599,49.928521],[19.89558,49.928549],[19.895498,49.92874]]]]}},{"type":"Feature","properties":{"warstwa":"dzialki"},"geometry":{"type":"MultiPolygon","coordinates":[[[[19.878259,49.8787],[19.878232,49.878816],[19.877793,49.878806],[19.877565,49.878804],[19.877574,49.878721],[19.877527,49.878726],[19.87748,49.87873],[19.877461,49.878806],[19.87744,49.878806],[19.877304,49.8788],[19.877224,49.878721],[19.877111,49.878718],[19.877153,49.878809],[19.87657,49.8788],[19.876453,49.878902],[19.876823,49.878929],[19.876939,49.878938],[19.877088,49.878948],[19.877369,49.878964],[19.87753,49.878973],[19.877588,49.878976],[19.8777,49.878983],[19.877958,49.878997],[19.878241,49.879017],[19.878024,49.879209],[19.877859,49.879381],[19.877809,49.879434],[19.877786,49.879458],[19.877649,49.879612],[19.87754,49.879779],[19.877536,49.879794],[19.87748,49.879977],[19.877447,49.880218],[19.877458,49.880403],[19.877418,49.880852],[19.877395,49.881074],[19.877365,49.881422],[19.877265,49.881918],[19.877248,49.881959],[19.877117,49.882325],[19.877037,49.882563],[19.877163,49.88279],[19.877167,49.883228],[19.877058,49.88364],[19.877067,49.883724],[19.877067,49.883729],[19.877082,49.884037],[19.877157,49.884451],[19.877187,49.88456],[19.877253,49.884786],[19.877253,49.884798],[19.877261,49.884852],[19.877257,49.884969],[19.877288,49.885145],[19.87731,49.885423],[19.877536,49.885555],[19.877606,49.886199],[19.878518,49.886145],[19.878665,49.886464],[19.878721,49.886791],[19.878746,49.886886],[19.878773,49.887393],[19.878792,49.888005],[19.878794,49.888046],[19.878944,49.888165],[19.87885,49.888332],[19.878601,49.888633],[19.878554,49.88869],[19.878176,49.889186],[19.878172,49.889191],[19.878142,49.889235],[19.878063,49.889352],[19.878044,49.88938],[19.878064,49.889409],[19.877917,49.889607],[19.877844,49.889652],[19.87754,49.889812],[19.877532,49.889817],[19.877517,49.889841],[19.877476,49.88991],[19.877433,49.89022],[19.877459,49.890253],[19.877498,49.890302],[19.87743,49.890376],[19.877321,49.890492],[19.877237,49.890574],[19.877176,49.89063],[19.877125,49.890677],[19.876992,49.890792],[19.876891,49.890772],[19.876906,49.890792],[19.876453,49.891114],[19.876294,49.89126],[19.876201,49.891345],[19.876057,49.891367],[19.875707,49.891538],[19.875518,49.891633],[19.875493,49.891646],[19.875443,49.89167],[19.875416,49.891683],[19.875329,49.891724],[19.875113,49.891826],[19.875064,49.89185],[19.875028,49.891876],[19.874707,49.892116],[19.874644,49.892167],[19.874484,49.892296],[19.874265,49.892498],[19.874182,49.892608],[19.874024,49.892801],[19.873998,49.892838],[19.873991,49.892849],[19.873882,49.893034],[19.873827,49.893101],[19.873789,49.893148],[19.873696,49.893261],[19.873415,49.893696],[19.873516,49.893988],[19.873544,49.894103],[19.873419,49.894403],[19.873402,49.894477],[19.873358,49.894827],[19.873369,49.894907],[19.873385,49.895006],[19.873412,49.895133],[19.873305,49.895423],[19.873262,49.895541],[19.873205,49.895715],[19.873118,49.895992],[19.873015,49.896319],[19.872937,49.896592],[19.872908,49.896696],[19.872836,49.896947],[19.872798,49.897106],[19.872699,49.897545],[19.872683,49.897592],[19.872622,49.897773],[19.872535,49.897965],[19.872452,49.898123],[19.872419,49.898242],[19.872411,49.898266],[19.872251,49.898735],[19.872228,49.898845],[19.872208,49.898944],[19.872129,49.899163],[19.87208,49.899298],[19.871882,49.899752],[19.871763,49.900059],[19.871673,49.900299],[19.871568,49.900579],[19.871376,49.900614],[19.871088,49.9008],[19.870977,49.900872],[19.870711,49.900974],[19.870492,49.901063],[19.870321,49.90102],[19.870252,49.901066],[19.870318,49.901141],[19.869989,49.901305],[19.869937,49.901325],[19.869452,49.901499],[19.869554,49.901535],[19.870817,49.901143],[19.871262,49.90104],[19.872142,49.900869],[19.872244,49.900795],[19.872206,49.900733],[19.872344,49.900251],[19.872419,49.900075],[19.872434,49.900036],[19.87253,49.899811],[19.872658,49.899367],[19.872767,49.899037],[19.872808,49.898917],[19.872898,49.898685],[19.872977,49.898408],[19.873157,49.897975],[19.873269,49.89776],[19.873328,49.89762],[19.87345,49.897337],[19.873493,49.897218],[19.873583,49.896994],[19.873654,49.89681],[19.873676,49.89641],[19.873736,49.896278],[19.874062,49.896574],[19.874086,49.896561],[19.874176,49.896512],[19.873796,49.896225],[19.873816,49.896039],[19.873887,49.895601],[19.873905,49.895549],[19.873937,49.895457],[19.874011,49.895241],[19.874033,49.895169],[19.874142,49.894816],[19.874204,49.894615],[19.874401,49.894638],[19.874397,49.894565],[19.874209,49.894562],[19.87422,49.894461],[19.874241,49.894276],[19.874251,49.894186],[19.874418,49.893685],[19.874465,49.893554],[19.874489,49.893459],[19.874741,49.893481],[19.87467,49.89332],[19.875374,49.893192],[19.875379,49.893137],[19.875303,49.892997],[19.875279,49.892953],[19.875235,49.89287],[19.875298,49.892563],[19.875485,49.892369],[19.875602,49.892296],[19.875888,49.892117],[19.876299,49.891786],[19.876545,49.891638],[19.87659,49.891612],[19.876658,49.891571],[19.876874,49.891446],[19.877229,49.891209],[19.877275,49.89117],[19.877375,49.891083],[19.877464,49.891007],[19.877493,49.890912],[19.877519,49.890818],[19.877536,49.89077],[19.877563,49.890756],[19.877631,49.890723],[19.877845,49.890619],[19.87788,49.890602],[19.878002,49.890524],[19.878352,49.890098],[19.878399,49.890141],[19.878477,49.890126],[19.878464,49.889974],[19.878511,49.889794],[19.878864,49.889294],[19.878968,49.889126],[19.879082,49.889024],[19.879258,49.888896],[19.87925,49.888824],[19.879249,49.88881],[19.879242,49.888739],[19.879312,49.888625],[19.879416,49.888457],[19.879566,49.888235],[19.879695,49.88806],[19.879922,49.887743],[19.879974,49.887628],[19.879999,49.887571],[19.880004,49.887562],[19.880064,49.887427],[19.880179,49.887201],[19.880233,49.887095],[19.88017,49.886881],[19.880149,49.886834],[19.880062,49.886737],[19.879971,49.886636],[19.879875,49.886547],[19.879609,49.886289],[19.879507,49.886158],[19.879406,49.886079],[19.879208,49.886003],[19.879151,49.885944],[19.878948,49.885739],[19.878907,49.88572],[19.878627,49.885596],[19.878541,49.88551],[19.878472,49.885455],[19.87846,49.885377],[19.878446,49.885223],[19.878352,49.885156],[19.87826,49.885091],[19.878046,49.884859],[19.878008,49.884659],[19.87777,49.884185],[19.877723,49.883934],[19.877737,49.883562],[19.877752,49.883235],[19.877779,49.88289],[19.877805,49.882726],[19.878019,49.882726],[19.878009,49.882652],[19.877999,49.882603],[19.877937,49.882299],[19.877898,49.882088],[19.877873,49.881971],[19.877881,49.881908],[19.87789,49.881845],[19.877907,49.881685],[19.877921,49.881566],[19.877922,49.881548],[19.877943,49.881307],[19.877978,49.881117],[19.877986,49.880995],[19.878037,49.880825],[19.878092,49.880643],[19.878192,49.880551],[19.87824,49.880325],[19.878233,49.880236],[19.878292,49.880116],[19.878332,49.880025],[19.878509,49.879854],[19.87866,49.879879],[19.878758,49.879896],[19.878818,49.879861],[19.878799,49.879649],[19.878991,49.879565],[19.879403,49.879314],[19.879762,49.879167],[19.879907,49.879141],[19.880282,49.879072],[19.880441,49.879043],[19.881002,49.879076],[19.881369,49.879153],[19.881934,49.879243],[19.881963,49.879247],[19.882042,49.879251],[19.882463,49.8793],[19.882476,49.879304],[19.882569,49.879337],[19.882741,49.879383],[19.882861,49.879431],[19.883061,49.879471],[19.883466,49.879505],[19.883571,49.879509],[19.883914,49.879554],[19.884145,49.879584],[19.884365,49.879618],[19.884613,49.879664],[19.885092,49.879766],[19.885177,49.879784],[19.885189,49.879782],[19.885701,49.879887],[19.886153,49.879991],[19.886214,49.880002],[19.886359,49.880033],[19.88695,49.880175],[19.887031,49.880191],[19.887694,49.880342],[19.887842,49.880381],[19.888186,49.880465],[19.888669,49.880587],[19.888771,49.880096],[19.888464,49.880073],[19.888311,49.88006],[19.888065,49.880025],[19.887866,49.879998],[19.887207,49.879849],[19.886937,49.879784],[19.886744,49.879743],[19.886541,49.879696],[19.885891,49.879556],[19.885843,49.879548],[19.885654,49.879506],[19.885195,49.879403],[19.884875,49.879332],[19.884834,49.879322],[19.88471,49.879292],[19.883681,49.879096],[19.883482,49.879049],[19.88339,49.879031],[19.883117,49.87898],[19.883021,49.878962],[19.882672,49.878919],[19.882683,49.878956],[19.882532,49.878935],[19.882317,49.878897],[19.882299,49.878825],[19.882251,49.878825],[19.882213,49.87882],[19.881777,49.878768],[19.881736,49.878766],[19.881553,49.87876],[19.881398,49.878748],[19.881277,49.87872],[19.881239,49.87871],[19.881162,49.878699],[19.880889,49.878649],[19.880853,49.878648],[19.880731,49.878641],[19.880527,49.878621],[19.88034,49.878605],[19.880108,49.878581],[19.880056,49.878577],[19.879791,49.878599],[19.879331,49.878665],[19.879161,49.878695],[19.879017,49.878735],[19.878854,49.878788],[19.87855,49.878836],[19.878367,49.878841],[19.87834,49.87871],[19.878331,49.87869],[19.878259,49.8787]]]]}},{"type":"Feature","properties":{"warstwa":"dzialki"},"geometry":{"type":"MultiPolygon","coordinates":[[[[19.873067,49.90084],[19.873341,49.900633],[19.873568,49.900377],[19.873596,49.900346],[19.873608,49.900332],[19.873785,49.900086],[19.873896,49.899966],[19.874147,49.899525],[19.874142,49.899515],[19.874308,49.899254],[19.874489,49.899009],[19.87462,49.898842],[19.874631,49.898828],[19.874651,49.898807],[19.874797,49.89865],[19.874862,49.89853],[19.874984,49.89832],[19.875054,49.898138],[19.875125,49.897867],[19.875336,49.897407],[19.875454,49.897156],[19.87551,49.89704],[19.875637,49.896751],[19.875666,49.896684],[19.875685,49.896598],[19.875689,49.896514],[19.875832,49.896199],[19.875847,49.896165],[19.875854,49.896149],[19.875887,49.896079],[19.875958,49.895961],[19.876049,49.895809],[19.876073,49.895763],[19.876105,49.895638],[19.876131,49.895534],[19.876153,49.895447],[19.876139,49.895413],[19.876069,49.895039],[19.876187,49.894867],[19.876029,49.89478],[19.875936,49.894726],[19.875944,49.894515],[19.8759,49.89442],[19.875876,49.894365],[19.875744,49.894148],[19.87561,49.893996],[19.875488,49.893743],[19.875452,49.893669],[19.875445,49.893631],[19.875433,49.893569],[19.875081,49.89364],[19.875114,49.89371],[19.875134,49.893751],[19.875145,49.89375],[19.875156,49.89377],[19.875359,49.894153],[19.87546,49.894383],[19.875606,49.894663],[19.87565,49.894681],[19.875739,49.894836],[19.875756,49.894873],[19.875765,49.894871],[19.875833,49.895021],[19.875846,49.895054],[19.875854,49.895182],[19.875893,49.89527],[19.875895,49.895282],[19.875899,49.895362],[19.875897,49.895392],[19.875893,49.895462],[19.875878,49.895555],[19.875871,49.895574],[19.875864,49.895602],[19.87579,49.895812],[19.875779,49.895832],[19.87574,49.895922],[19.875739,49.895937],[19.875715,49.895982],[19.875722,49.895988],[19.875661,49.896088],[19.875545,49.89634],[19.875444,49.896473],[19.875261,49.896789],[19.875233,49.896912],[19.875128,49.897145],[19.875021,49.897383],[19.874992,49.89745],[19.874989,49.897456],[19.874896,49.897674],[19.874861,49.897734],[19.87484,49.897771],[19.874755,49.897944],[19.874621,49.89824],[19.874391,49.898506],[19.874383,49.898523],[19.874368,49.898558],[19.874215,49.898911],[19.87418,49.898991],[19.873839,49.899424],[19.87353,49.899837],[19.873349,49.900044],[19.873287,49.900123],[19.87313,49.900326],[19.873071,49.900402],[19.872732,49.900692],[19.8726,49.900817],[19.872384,49.901022],[19.872327,49.900929],[19.872107,49.901113],[19.87228,49.901233],[19.872173,49.901299],[19.872385,49.901404],[19.872711,49.901131],[19.872735,49.901111],[19.872774,49.901077],[19.873067,49.90084]]]]}},{"type":"Feature","properties":{"warstwa":"dzialki"},"geometry":{"type":"MultiPolygon","coordinates":[[[[19.884085,49.92076],[19.884078,49.920801],[19.886599,49.921407],[19.886674,49.921281],[19.886854,49.921184],[19.884277,49.920551],[19.884085,49.92076]]]]}},{"type":"Feature","properties":{"warstwa":"dzialki"},"geometry":{"type":"MultiPolygon","coordinates":[[[[19.884277,49.920551],[19.886854,49.921184],[19.886896,49.92116],[19.88725,49.920762],[19.887746,49.920431],[19.887872,49.920236],[19.887723,49.920207],[19.887401,49.920105],[19.886612,49.919892],[19.88656,49.919878],[19.886291,49.919824],[19.885661,49.919648],[19.885223,49.919474],[19.884277,49.920551]]]]}},{"type":"Feature","properties":{"warstwa":"dzialki"},"geometry":{"type":"MultiPolygon","coordinates":[[[[19.880682,49.919382],[19.881014,49.919755],[19.88132,49.920031],[19.881638,49.919751],[19.8819,49.91954],[19.880931,49.919089],[19.880682,49.919382]]]]}},{"type":"Feature","properties":{"warstwa":"dzialki"},"geometry":{"type":"MultiPolygon","coordinates":[[[[19.886126,49.925019],[19.888397,49.924427],[19.888332,49.924233],[19.889345,49.923546],[19.889315,49.92351],[19.889111,49.92322],[19.888773,49.92349],[19.886685,49.924817],[19.886277,49.92492],[19.886126,49.925019]]]]}},{"type":"Feature","properties":{"warstwa":"dzialki"},"geometry":{"type":"MultiPolygon","coordinates":[[[[19.873174,49.902784],[19.872264,49.902299],[19.872122,49.902342],[19.871971,49.902357],[19.871711,49.90235],[19.871569,49.902328],[19.871502,49.90247],[19.871884,49.902687],[19.871851,49.902726],[19.872075,49.902858],[19.871855,49.902938],[19.87179,49.903035],[19.872005,49.903023],[19.872079,49.903038],[19.87227,49.903144],[19.872305,49.903171],[19.872319,49.903284],[19.872287,49.903374],[19.872433,49.903402],[19.87264,49.903443],[19.872719,49.903455],[19.873096,49.903506],[19.87314,49.903429],[19.872678,49.903245],[19.872572,49.903201],[19.872614,49.903104],[19.872649,49.903117],[19.87307,49.903268],[19.873872,49.903555],[19.873722,49.903691],[19.874287,49.903896],[19.874439,49.90368],[19.874646,49.903388],[19.873923,49.903111],[19.873516,49.902956],[19.873174,49.902784]]]]}},{"type":"Feature","properties":{"warstwa":"dzialki"},"geometry":{"type":"MultiPolygon","coordinates":[[[[19.886501,49.921687],[19.886602,49.921724],[19.887523,49.921979],[19.887298,49.922614],[19.887963,49.922799],[19.888346,49.92285],[19.888523,49.92283],[19.888895,49.922807],[19.889323,49.922749],[19.889602,49.922769],[19.889605,49.922737],[19.889711,49.922244],[19.889882,49.921592],[19.889903,49.921405],[19.889876,49.921347],[19.889806,49.921312],[19.889703,49.921313],[19.889574,49.920941],[19.88957,49.920894],[19.889615,49.920865],[19.88962,49.920816],[19.889619,49.920742],[19.889624,49.920623],[19.88966,49.920522],[19.889655,49.92049],[19.889211,49.920447],[19.888704,49.92035],[19.888047,49.920267],[19.887921,49.920246],[19.887783,49.920464],[19.887272,49.920799],[19.886933,49.921184],[19.886713,49.921308],[19.886501,49.921687]]]]}},{"type":"Feature","properties":{"warstwa":"dzialki"},"geometry":{"type":"MultiPolygon","coordinates":[[[[19.895825,49.925965],[19.89583,49.926807],[19.896558,49.926856],[19.896539,49.926691],[19.896665,49.926391],[19.896713,49.926355],[19.897071,49.926154],[19.895825,49.925965]]]]}},{"type":"Feature","properties":{"warstwa":"dzialki"},"geometry":{"type":"MultiPolygon","coordinates":[[[[19.877209,49.916005],[19.877168,49.915967],[19.876802,49.915961],[19.876727,49.91596],[19.876724,49.916223],[19.876719,49.916275],[19.877207,49.916271],[19.877209,49.916005]]]]}},{"type":"Feature","properties":{"warstwa":"dzialki"},"geometry":{"type":"MultiPolygon","coordinates":[[[[19.88062,49.919353],[19.880682,49.919382],[19.880931,49.919089],[19.8819,49.91954],[19.882153,49.919218],[19.881926,49.91912],[19.881982,49.919043],[19.881225,49.918698],[19.88115,49.918663],[19.88062,49.919353]]]]}},{"type":"Feature","properties":{"warstwa":"dzialki"},"geometry":{"type":"MultiPolygon","coordinates":[[[[19.87234,49.906898],[19.872376,49.906785],[19.870088,49.906395],[19.870048,49.906525],[19.872331,49.906925],[19.87234,49.906898]]]]}},{"type":"Feature","properties":{"warstwa":"dzialki"},"geometry":{"type":"MultiPolygon","coordinates":[[[[19.875456,49.915263],[19.875538,49.915338],[19.876013,49.915306],[19.876697,49.915259],[19.876732,49.915257],[19.876733,49.915109],[19.876704,49.915092],[19.876649,49.915059],[19.876234,49.914919],[19.874941,49.915014],[19.87502,49.915091],[19.875456,49.915263]]]]}},{"type":"Feature","properties":{"warstwa":"dzialki"},"geometry":{"type":"MultiPolygon","coordinates":[[[[19.883107,49.924514],[19.883684,49.924451],[19.883847,49.924396],[19.884014,49.924242],[19.884115,49.924215],[19.884279,49.924243],[19.884579,49.924353],[19.884822,49.924495],[19.885017,49.924627],[19.885326,49.924876],[19.885425,49.924975],[19.885512,49.925075],[19.88558,49.925304],[19.885979,49.925738],[19.886223,49.925981],[19.886361,49.926095],[19.88659,49.926217],[19.887689,49.92627],[19.888177,49.926367],[19.88855,49.926465],[19.888604,49.926481],[19.88905,49.926542],[19.88953,49.926557],[19.8896,49.926557],[19.890027,49.926558],[19.890887,49.926564],[19.891281,49.926635],[19.891708,49.926796],[19.892069,49.926925],[19.892909,49.927172],[19.893005,49.927199],[19.893423,49.927294],[19.89373,49.927339],[19.894299,49.927416],[19.894517,49.927453],[19.894645,49.927464],[19.895156,49.927488],[19.895201,49.92749],[19.895309,49.927495],[19.89546,49.927502],[19.895507,49.927504],[19.89582,49.927517],[19.896676,49.927607],[19.896796,49.927626],[19.89706,49.927641],[19.897102,49.927643],[19.897693,49.927666],[19.899693,49.927753],[19.899815,49.927748],[19.899952,49.927551],[19.900032,49.927507],[19.900006,49.927402],[19.899872,49.927516],[19.899855,49.92754],[19.899778,49.927653],[19.899699,49.927688],[19.899355,49.927674],[19.898896,49.927656],[19.898477,49.927639],[19.897068,49.927578],[19.896954,49.927571],[19.89676,49.927544],[19.896611,49.927526],[19.895825,49.927453],[19.894529,49.927387],[19.893942,49.927298],[19.893664,49.927256],[19.893458,49.927225],[19.892941,49.927103],[19.892833,49.927071],[19.892512,49.926977],[19.892116,49.926857],[19.891591,49.926677],[19.891333,49.926578],[19.891211,49.92655],[19.891001,49.926501],[19.890834,49.926499],[19.889548,49.926496],[19.889066,49.926477],[19.888632,49.92642],[19.888214,49.926311],[19.887702,49.92621],[19.886615,49.926154],[19.886432,49.926061],[19.886135,49.925779],[19.886107,49.925756],[19.886057,49.925704],[19.88598,49.925626],[19.885721,49.925342],[19.885661,49.925279],[19.885639,49.925147],[19.885626,49.925067],[19.885521,49.924941],[19.885425,49.924838],[19.885104,49.924583],[19.884899,49.924442],[19.884672,49.924292],[19.884344,49.92417],[19.884131,49.924131],[19.883941,49.924166],[19.883755,49.924336],[19.883626,49.92438],[19.88322,49.924412],[19.883067,49.92442],[19.883074,49.924437],[19.883107,49.924514]]]]}},{"type":"Feature","properties":{"warstwa":"dzialki"},"geometry":{"type":"MultiPolygon","coordinates":[[[[19.885631,49.918606],[19.885136,49.918471],[19.885096,49.918426],[19.885076,49.918404],[19.884735,49.91836],[19.884399,49.918275],[19.884157,49.918265],[19.884081,49.918182],[19.884022,49.918116],[19.883794,49.918022],[19.883677,49.917925],[19.883411,49.917769],[19.88328,49.917558],[19.883107,49.917383],[19.883081,49.917336],[19.883059,49.917277],[19.883078,49.91709],[19.883059,49.917065],[19.882949,49.916941],[19.882816,49.916905],[19.882709,49.916808],[19.882629,49.916793],[19.882481,49.916818],[19.882315,49.916772],[19.882124,49.916719],[19.881989,49.916706],[19.881606,49.916728],[19.881471,49.916724],[19.881377,49.916703],[19.880861,49.916573],[19.880774,49.916509],[19.880558,49.916492],[19.880416,49.91643],[19.879917,49.916493],[19.879831,49.916451],[19.879779,49.916192],[19.879536,49.916222],[19.879356,49.916173],[19.8793,49.916093],[19.879216,49.916029],[19.879136,49.916059],[19.879081,49.916113],[19.878981,49.916105],[19.878941,49.916081],[19.878528,49.915895],[19.878413,49.915815],[19.878388,49.915838],[19.878491,49.915928],[19.878967,49.91614],[19.879103,49.916166],[19.879189,49.91608],[19.879246,49.916112],[19.879324,49.916205],[19.87953,49.916265],[19.879727,49.91624],[19.879771,49.91646],[19.879913,49.916525],[19.880095,49.916508],[19.880419,49.916475],[19.880532,49.916531],[19.880733,49.916541],[19.880846,49.916606],[19.881067,49.916666],[19.881361,49.916745],[19.881465,49.916766],[19.881625,49.91677],[19.881969,49.916738],[19.882137,49.91676],[19.882472,49.916861],[19.882618,49.916832],[19.882699,49.916847],[19.882735,49.916894],[19.882793,49.916931],[19.882921,49.916967],[19.883042,49.917087],[19.883026,49.91728],[19.883036,49.917362],[19.883053,49.917403],[19.883198,49.917541],[19.883256,49.917594],[19.883368,49.91778],[19.883645,49.917944],[19.88376,49.918037],[19.883912,49.918101],[19.883969,49.918127],[19.884115,49.918278],[19.884175,49.918299],[19.884375,49.918305],[19.884697,49.918386],[19.885039,49.918431],[19.885065,49.918481],[19.885578,49.918626],[19.885791,49.918643],[19.885915,49.918671],[19.885962,49.91868],[19.886033,49.918718],[19.886116,49.918766],[19.886434,49.918804],[19.886545,49.918861],[19.886725,49.919025],[19.886819,49.919058],[19.886856,49.919063],[19.886931,49.919073],[19.887282,49.919051],[19.887437,49.919089],[19.887671,49.919268],[19.887881,49.919376],[19.888061,49.919389],[19.888027,49.919497],[19.888021,49.91954],[19.888018,49.919672],[19.887956,49.920038],[19.887961,49.92008],[19.887935,49.920103],[19.887919,49.92012],[19.887927,49.920154],[19.887872,49.920236],[19.887746,49.920431],[19.88725,49.920762],[19.886896,49.92116],[19.886854,49.921184],[19.886674,49.921281],[19.886599,49.921407],[19.886479,49.921647],[19.886281,49.921861],[19.885965,49.922296],[19.885942,49.922313],[19.885613,49.922457],[19.88549,49.922531],[19.885313,49.922598],[19.885091,49.922802],[19.884832,49.922877],[19.884783,49.922891],[19.884657,49.922999],[19.884543,49.92306],[19.884359,49.923094],[19.883971,49.923227],[19.883839,49.923209],[19.88375,49.923256],[19.883711,49.923447],[19.883652,49.923519],[19.883558,49.923522],[19.883343,49.92359],[19.883227,49.923643],[19.883087,49.923649],[19.883029,49.923673],[19.882997,49.923708],[19.882995,49.923777],[19.882993,49.923785],[19.883051,49.923698],[19.883089,49.923671],[19.883224,49.923659],[19.88343,49.923582],[19.883559,49.92354],[19.883671,49.923532],[19.883753,49.923444],[19.883776,49.923269],[19.883858,49.923231],[19.883976,49.923247],[19.884386,49.923102],[19.884543,49.923082],[19.884639,49.923029],[19.884783,49.922918],[19.885079,49.922833],[19.885317,49.922622],[19.885376,49.922599],[19.885551,49.922528],[19.885658,49.922464],[19.885995,49.922317],[19.886072,49.922209],[19.886306,49.921895],[19.886501,49.921687],[19.886713,49.921308],[19.886933,49.921184],[19.887272,49.920799],[19.887783,49.920464],[19.887921,49.920246],[19.887975,49.920159],[19.887972,49.920128],[19.887988,49.920113],[19.88801,49.920092],[19.888008,49.920015],[19.88806,49.919754],[19.888108,49.919361],[19.888103,49.919343],[19.887896,49.919333],[19.887703,49.919239],[19.88742,49.919032],[19.887298,49.919012],[19.886931,49.919037],[19.886832,49.919032],[19.886758,49.919004],[19.886607,49.918862],[19.886441,49.918772],[19.886159,49.918745],[19.886046,49.918684],[19.885935,49.918643],[19.885874,49.918625],[19.885631,49.918606]]]]}},{"type":"Feature","properties":{"warstwa":"dzialki"},"geometry":{"type":"MultiPolygon","coordinates":[[[[19.884085,49.92076],[19.884277,49.920551],[19.885223,49.919474],[19.884897,49.919355],[19.884624,49.919269],[19.884509,49.91928],[19.884425,49.919304],[19.884301,49.919415],[19.884256,49.919764],[19.88409,49.92073],[19.884085,49.92076]]]]}},{"type":"Feature","properties":{"warstwa":"dzialki"},"geometry":{"type":"MultiPolygon","coordinates":[[[[19.880618,49.918759],[19.880379,49.9191],[19.88062,49.919353],[19.88115,49.918663],[19.881267,49.91851],[19.881822,49.917785],[19.881491,49.917671],[19.881101,49.918209],[19.88097,49.918412],[19.880855,49.918587],[19.880794,49.918687],[19.880738,49.918776],[19.880618,49.918759]]]]}},{"type":"Feature","properties":{"warstwa":"dzialki"},"geometry":{"type":"MultiPolygon","coordinates":[[[[19.893225,49.924092],[19.893277,49.923248],[19.892508,49.923204],[19.892482,49.923734],[19.89246,49.924194],[19.892442,49.924561],[19.892424,49.924926],[19.89238,49.925487],[19.893079,49.925513],[19.8931,49.925298],[19.893191,49.924644],[19.893225,49.924092]]]]}},{"type":"Feature","properties":{"warstwa":"dzialki"},"geometry":{"type":"MultiPolygon","coordinates":[[[[19.900236,49.937921],[19.90024,49.938511],[19.900859,49.938601],[19.901425,49.938622],[19.90162,49.938688],[19.901579,49.938514],[19.901485,49.93806],[19.900236,49.937921]]]]}},{"type":"Feature","properties":{"warstwa":"dzialki"},"geometry":{"type":"MultiPolygon","coordinates":[[[[19.901579,49.938704],[19.901418,49.938654],[19.901425,49.939231],[19.901515,49.939296],[19.901869,49.93934],[19.90193,49.939127],[19.90181,49.939065],[19.901579,49.938704]]]]}},{"type":"Feature","properties":{"warstwa":"dzialki"},"geometry":{"type":"MultiPolygon","coordinates":[[[[19.900778,49.938618],[19.900856,49.938628],[19.901418,49.938654],[19.901579,49.938704],[19.90181,49.939065],[19.90193,49.939127],[19.902018,49.939163],[19.902473,49.939054],[19.902612,49.939046],[19.903083,49.939017],[19.903473,49.93899],[19.903869,49.938968],[19.903982,49.938953],[19.904008,49.938584],[19.904091,49.938455],[19.90415,49.938432],[19.904054,49.938422],[19.903965,49.938569],[19.903941,49.938938],[19.90317,49.938981],[19.902469,49.939025],[19.902014,49.939131],[19.901842,49.93905],[19.90162,49.938688],[19.901425,49.938622],[19.900859,49.938601],[19.90024,49.938511],[19.899838,49.938465],[19.899851,49.938494],[19.900778,49.938618]]]]}},{"type":"Feature","properties":{"warstwa":"dzialki"},"geometry":{"type":"MultiPolygon","coordinates":[[[[19.915777,49.952676],[19.915853,49.952688],[19.915929,49.952513],[19.916073,49.952498],[19.916086,49.952528],[19.916107,49.95253],[19.916147,49.952513],[19.916406,49.952515],[19.916615,49.952566],[19.916634,49.952593],[19.916956,49.952043],[19.917161,49.9516],[19.917351,49.951296],[19.916687,49.951099],[19.916477,49.951398],[19.916212,49.951858],[19.915888,49.952504],[19.915777,49.952676]]]]}},{"type":"Feature","properties":{"warstwa":"dzialki"},"geometry":{"type":"MultiPolygon","coordinates":[[[[19.904134,49.945551],[19.90418,49.945575],[19.904283,49.946254],[19.904307,49.946438],[19.904132,49.946586],[19.90419,49.946581],[19.90436,49.946443],[19.904349,49.946303],[19.904934,49.946731],[19.905393,49.947224],[19.905726,49.947546],[19.90576,49.94753],[19.905427,49.94721],[19.904967,49.946715],[19.904332,49.94625],[19.904345,49.946218],[19.904225,49.945591],[19.904264,49.945561],[19.904134,49.945551]]]]}},{"type":"Feature","properties":{"warstwa":"dzialki"},"geometry":{"type":"MultiPolygon","coordinates":[[[[19.90063,49.934389],[19.900467,49.934394],[19.900371,49.935431],[19.900278,49.935446],[19.90014,49.935424],[19.900128,49.935719],[19.900106,49.936169],[19.900087,49.936579],[19.900374,49.936598],[19.90037,49.936182],[19.90037,49.935461],[19.900604,49.935494],[19.90063,49.934389]]]]}},{"type":"Feature","properties":{"warstwa":"dzialki"},"geometry":{"type":"MultiPolygon","coordinates":[[[[19.901225,49.936653],[19.901481,49.936644],[19.901714,49.936627],[19.901707,49.936309],[19.901701,49.936024],[19.901249,49.936008],[19.901225,49.936653]]]]}},{"type":"Feature","properties":{"warstwa":"dzialki"},"geometry":{"type":"MultiPolygon","coordinates":[[[[19.901842,49.93905],[19.902014,49.939131],[19.902469,49.939025],[19.902482,49.938533],[19.901579,49.938514],[19.90162,49.938688],[19.901842,49.93905]]]]}},{"type":"Feature","properties":{"warstwa":"dzialki"},"geometry":{"type":"MultiPolygon","coordinates":[[[[19.902949,49.943523],[19.902597,49.943481],[19.902539,49.943934],[19.902524,49.944008],[19.902617,49.944015],[19.902609,49.944051],[19.902592,49.944133],[19.902795,49.944171],[19.902949,49.943523]]]]}},{"type":"Feature","properties":{"warstwa":"dzialki"},"geometry":{"type":"MultiPolygon","coordinates":[[[[19.905501,49.946212],[19.906179,49.946125],[19.906096,49.945975],[19.906073,49.945933],[19.905357,49.946027],[19.905433,49.94622],[19.905501,49.946212]]]]}},{"type":"Feature","properties":{"warstwa":"dzialki"},"geometry":{"type":"MultiPolygon","coordinates":[[[[19.903709,49.945451],[19.903836,49.946186],[19.90385,49.946576],[19.904132,49.946586],[19.904307,49.946438],[19.904283,49.946254],[19.90418,49.945575],[19.904134,49.945551],[19.903974,49.94554],[19.903743,49.945456],[19.903709,49.945451]]]]}},{"type":"Feature","properties":{"warstwa":"dzialki"},"geometry":{"type":"MultiPolygon","coordinates":[[[[19.901111,49.937476],[19.901363,49.937478],[19.90145,49.936764],[19.901194,49.936763],[19.901111,49.937476]]]]}},{"type":"Feature","properties":{"warstwa":"dzialki"},"geometry":{"type":"MultiPolygon","coordinates":[[[[19.899694,49.936718],[19.899057,49.936798],[19.897989,49.936942],[19.897657,49.936978],[19.897442,49.937001],[19.897421,49.937002],[19.897393,49.937003],[19.89702,49.937013],[19.896748,49.936996],[19.896754,49.937064],[19.897384,49.937047],[19.897519,49.937042],[19.897849,49.937002],[19.898007,49.936983],[19.898282,49.936947],[19.898533,49.936915],[19.898804,49.936878],[19.899051,49.936844],[19.899264,49.936819],[19.899466,49.936795],[19.899707,49.936762],[19.900097,49.936765],[19.900495,49.936765],[19.90087,49.936765],[19.901194,49.936763],[19.900351,49.936723],[19.899694,49.936718]]]]}},{"type":"Feature","properties":{"warstwa":"dzialki"},"geometry":{"type":"MultiPolygon","coordinates":[[[[19.899649,49.932837],[19.899659,49.933063],[19.899669,49.933358],[19.900215,49.933369],[19.900269,49.932843],[19.899649,49.932837]]]]}},{"type":"Feature","properties":{"warstwa":"dzialki"},"geometry":{"type":"MultiPolygon","coordinates":[[[[19.901363,49.937478],[19.901611,49.937481],[19.901705,49.936765],[19.90145,49.936764],[19.901363,49.937478]]]]}},{"type":"Feature","properties":{"warstwa":"dzialki"},"geometry":{"type":"MultiPolygon","coordinates":[[[[19.900431,49.937468],[19.900816,49.937474],[19.90087,49.936765],[19.900495,49.936765],[19.900465,49.93709],[19.900431,49.937468]]]]}},{"type":"Feature","properties":{"warstwa":"dzialki"},"geometry":{"type":"MultiPolygon","coordinates":[[[[19.9013,49.934545],[19.90169,49.934542],[19.901694,49.934362],[19.901305,49.934363],[19.9013,49.934545]]]]}},{"type":"Feature","properties":{"warstwa":"dzialki"},"geometry":{"type":"MultiPolygon","coordinates":[[[[19.898338,49.940434],[19.898329,49.940478],[19.901301,49.940758],[19.90131,49.940711],[19.900991,49.940683],[19.898338,49.940434]]]]}},{"type":"Feature","properties":{"warstwa":"dzialki"},"geometry":{"type":"MultiPolygon","coordinates":[[[[19.901285,49.935084],[19.901679,49.935081],[19.901683,49.934901],[19.90129,49.934902],[19.901286,49.935057],[19.901285,49.935084]]]]}},{"type":"Feature","properties":{"warstwa":"dzialki"},"geometry":{"type":"MultiPolygon","coordinates":[[[[19.900215,49.933369],[19.900704,49.933392],[19.901424,49.933708],[19.901434,49.933533],[19.901432,49.933364],[19.901429,49.932947],[19.900784,49.932886],[19.900269,49.932843],[19.900215,49.933369]]]]}},{"type":"Feature","properties":{"warstwa":"dzialki"},"geometry":{"type":"MultiPolygon","coordinates":[[[[19.903377,49.940362],[19.903528,49.94039],[19.903543,49.940344],[19.903633,49.940075],[19.90369,49.939907],[19.903758,49.939725],[19.903821,49.939513],[19.903354,49.93947],[19.902971,49.939435],[19.902515,49.939396],[19.901869,49.93934],[19.901584,49.940219],[19.902422,49.940284],[19.903377,49.940362]]]]}},{"type":"Feature","properties":{"warstwa":"dzialki"},"geometry":{"type":"MultiPolygon","coordinates":[[[[19.90005,49.944689],[19.899631,49.944678],[19.899603,49.945076],[19.899838,49.945131],[19.900047,49.945162],[19.90117,49.94522],[19.901961,49.945246],[19.9025,49.945274],[19.903252,49.945368],[19.90376,49.945431],[19.903967,49.945508],[19.904016,49.945513],[19.903945,49.945431],[19.903941,49.945248],[19.90394,49.945178],[19.903894,49.945075],[19.90396,49.945097],[19.903982,49.945059],[19.903966,49.944996],[19.903968,49.944851],[19.90397,49.94484],[19.903916,49.944838],[19.903755,49.944834],[19.90282,49.944792],[19.902125,49.944757],[19.901415,49.944734],[19.900735,49.944712],[19.90005,49.944689]]]]}},{"type":"Feature","properties":{"warstwa":"dzialki"},"geometry":{"type":"MultiPolygon","coordinates":[[[[19.896715,49.942161],[19.897916,49.942224],[19.899228,49.942306],[19.900524,49.942411],[19.901325,49.942476],[19.901594,49.942504],[19.901583,49.942548],[19.902477,49.942637],[19.902942,49.942679],[19.904221,49.942763],[19.904285,49.942736],[19.905373,49.942827],[19.905799,49.942861],[19.906527,49.942922],[19.906563,49.942521],[19.90558,49.94245],[19.904555,49.942375],[19.904447,49.942367],[19.903701,49.942291],[19.90333,49.942253],[19.90252,49.942161],[19.902163,49.94214],[19.901493,49.94212],[19.901189,49.942086],[19.900475,49.941978],[19.899891,49.941907],[19.899228,49.94185],[19.899071,49.94184],[19.898391,49.941797],[19.896659,49.941626],[19.895727,49.941556],[19.895705,49.942059],[19.896156,49.942104],[19.896715,49.942161]]]]}},{"type":"Feature","properties":{"warstwa":"dzialki"},"geometry":{"type":"MultiPolygon","coordinates":[[[[19.911256,49.94912],[19.911279,49.949151],[19.911312,49.949166],[19.911008,49.949364],[19.911004,49.949648],[19.910908,49.949697],[19.910834,49.949735],[19.910829,49.949785],[19.910759,49.949948],[19.910773,49.949986],[19.910728,49.950064],[19.912585,49.949561],[19.912908,49.949608],[19.913074,49.949125],[19.912673,49.948888],[19.912762,49.948489],[19.912794,49.948401],[19.912477,49.948471],[19.912209,49.948446],[19.91146,49.948719],[19.911215,49.948899],[19.911177,49.948921],[19.911256,49.94912]]]]}},{"type":"Feature","properties":{"warstwa":"dzialki"},"geometry":{"type":"MultiPolygon","coordinates":[[[[19.9147,49.954885],[19.91517,49.954908],[19.915624,49.954921],[19.915768,49.953512],[19.915826,49.952949],[19.915851,49.952718],[19.915721,49.952696],[19.915734,49.952604],[19.915687,49.952601],[19.91568,49.952626],[19.915617,49.952656],[19.915573,49.952659],[19.91531,49.95252],[19.915186,49.95257],[19.914926,49.952626],[19.91492,49.952687],[19.914745,49.954433],[19.914819,49.954436],[19.914784,49.954863],[19.914703,49.95486],[19.9147,49.954885]]]]}},{"type":"Feature","properties":{"warstwa":"dzialki"},"geometry":{"type":"MultiPolygon","coordinates":[[[[19.916944,49.953223],[19.91764,49.953257],[19.918668,49.953305],[19.91873,49.952899],[19.918516,49.952925],[19.918433,49.952902],[19.918433,49.952866],[19.91838,49.952859],[19.918256,49.952917],[19.918106,49.95289],[19.918067,49.952854],[19.917709,49.952929],[19.917559,49.952837],[19.91757,49.95281],[19.917475,49.952811],[19.917503,49.952867],[19.917346,49.952932],[19.917322,49.952839],[19.917163,49.952748],[19.917055,49.952754],[19.91702,49.952704],[19.916995,49.952726],[19.916944,49.953223]]]]}},{"type":"Feature","properties":{"warstwa":"dzialki"},"geometry":{"type":"MultiPolygon","coordinates":[[[[19.894712,49.939908],[19.895749,49.939986],[19.895742,49.940026],[19.896502,49.940076],[19.896469,49.940272],[19.898265,49.940427],[19.898338,49.940434],[19.900991,49.940683],[19.90131,49.940711],[19.903288,49.940886],[19.903339,49.94089],[19.903336,49.940982],[19.90344,49.940992],[19.90424,49.941075],[19.904226,49.940945],[19.904204,49.940752],[19.904178,49.940509],[19.903528,49.94039],[19.903377,49.940362],[19.902422,49.940284],[19.901584,49.940219],[19.898482,49.939964],[19.896548,49.939797],[19.895687,49.93973],[19.894818,49.939643],[19.894712,49.939908]]]]}},{"type":"Feature","properties":{"warstwa":"dzialki"},"geometry":{"type":"MultiPolygon","coordinates":[[[[19.910127,49.950733],[19.910268,49.950932],[19.910262,49.951013],[19.910268,49.951046],[19.91026,49.951095],[19.91031,49.9512],[19.910459,49.951247],[19.910472,49.951298],[19.910569,49.951352],[19.910681,49.951393],[19.91077,49.951369],[19.910881,49.951448],[19.911047,49.951536],[19.911112,49.951615],[19.911207,49.951656],[19.911343,49.951666],[19.911396,49.951645],[19.911612,49.95166],[19.911831,49.951636],[19.912165,49.95164],[19.912193,49.951727],[19.9127,49.950413],[19.910728,49.950064],[19.9107,49.950116],[19.91073,49.950272],[19.910689,49.950336],[19.910663,49.950346],[19.910585,49.950393],[19.910432,49.950417],[19.91023,49.95059],[19.910183,49.950594],[19.91014,49.950655],[19.910127,49.950733]]]]}},{"type":"Feature","properties":{"warstwa":"dzialki"},"geometry":{"type":"MultiPolygon","coordinates":[[[[19.915589,49.952629],[19.915654,49.952607],[19.915663,49.952574],[19.915779,49.952582],[19.915765,49.952675],[19.915777,49.952676],[19.915888,49.952504],[19.916212,49.951858],[19.916477,49.951398],[19.916687,49.951099],[19.916845,49.950869],[19.916098,49.950682],[19.915864,49.951067],[19.915769,49.951255],[19.915591,49.951623],[19.915324,49.952098],[19.915074,49.952541],[19.915056,49.952573],[19.91518,49.95254],[19.915322,49.952483],[19.915529,49.952607],[19.915589,49.952629]]]]}},{"type":"Feature","properties":{"warstwa":"dzialki"},"geometry":{"type":"MultiPolygon","coordinates":[[[[19.907151,49.948187],[19.907313,49.948571],[19.907661,49.94851],[19.907627,49.94842],[19.907526,49.948196],[19.906917,49.946852],[19.90684,49.946706],[19.906526,49.946772],[19.906625,49.946962],[19.907151,49.948187]]]]}},{"type":"Feature","properties":{"warstwa":"dzialki"},"geometry":{"type":"MultiPolygon","coordinates":[[[[19.900332,49.932803],[19.90026,49.932797],[19.89966,49.932803],[19.8994,49.932762],[19.899031,49.932703],[19.898523,49.932569],[19.898308,49.932454],[19.898149,49.93232],[19.898066,49.932249],[19.89793,49.931994],[19.897815,49.931889],[19.897872,49.932],[19.898007,49.932262],[19.898268,49.93248],[19.898498,49.932597],[19.899004,49.932738],[19.899649,49.932837],[19.900269,49.932843],[19.900784,49.932886],[19.901429,49.932947],[19.901936,49.932965],[19.902224,49.932981],[19.902486,49.932999],[19.902541,49.932998],[19.902783,49.933017],[19.902968,49.933023],[19.903071,49.933081],[19.903172,49.933197],[19.903344,49.933258],[19.903684,49.933377],[19.90371,49.933395],[19.903959,49.933536],[19.903991,49.933555],[19.904018,49.933571],[19.904222,49.933698],[19.904426,49.93379],[19.904816,49.933956],[19.904929,49.934021],[19.90522,49.934312],[19.905239,49.934328],[19.905258,49.934397],[19.905228,49.9345],[19.905208,49.934567],[19.905174,49.934683],[19.905187,49.934717],[19.905219,49.934797],[19.905221,49.934802],[19.90532,49.934664],[19.905289,49.934659],[19.905268,49.934656],[19.905266,49.934572],[19.905342,49.934387],[19.905315,49.934293],[19.905313,49.934287],[19.9052,49.934195],[19.905145,49.934139],[19.905111,49.934108],[19.904868,49.933898],[19.904571,49.933775],[19.904317,49.933667],[19.90398,49.933486],[19.903738,49.933339],[19.903647,49.933306],[19.903317,49.933186],[19.903281,49.933173],[19.9031,49.933014],[19.902973,49.932984],[19.902671,49.932966],[19.902435,49.932952],[19.902202,49.932932],[19.901959,49.93292],[19.901903,49.932917],[19.901604,49.932904],[19.901434,49.932903],[19.901414,49.932901],[19.900791,49.932842],[19.900332,49.932803]]]]}},{"type":"Feature","properties":{"warstwa":"dzialki"},"geometry":{"type":"MultiPolygon","coordinates":[[[[19.910728,49.950064],[19.9127,49.950413],[19.913397,49.950536],[19.913426,49.950542],[19.913544,49.950057],[19.913698,49.949426],[19.913705,49.949399],[19.913757,49.949184],[19.913673,49.949177],[19.913908,49.948218],[19.913023,49.94835],[19.912794,49.948401],[19.912762,49.948489],[19.912673,49.948888],[19.913074,49.949125],[19.912908,49.949608],[19.912585,49.949561],[19.910728,49.950064]]]]}},{"type":"Feature","properties":{"warstwa":"dzialki"},"geometry":{"type":"MultiPolygon","coordinates":[[[[19.912803,49.951717],[19.912978,49.951725],[19.913003,49.951746],[19.912951,49.951797],[19.913073,49.951899],[19.913012,49.951923],[19.913071,49.951941],[19.913146,49.951976],[19.914244,49.950733],[19.914323,49.950688],[19.914276,49.950692],[19.913426,49.950542],[19.913397,49.950536],[19.913114,49.951053],[19.912803,49.951717]]]]}},{"type":"Feature","properties":{"warstwa":"dzialki"},"geometry":{"type":"MultiPolygon","coordinates":[[[[19.898022,49.940966],[19.898507,49.941008],[19.898324,49.941439],[19.899159,49.941506],[19.899086,49.941783],[19.899071,49.94184],[19.899228,49.94185],[19.899891,49.941907],[19.900475,49.941978],[19.901189,49.942086],[19.901493,49.94212],[19.902163,49.94214],[19.90252,49.942161],[19.90333,49.942253],[19.903151,49.941959],[19.902921,49.941552],[19.902967,49.941455],[19.903265,49.941464],[19.903265,49.941426],[19.903262,49.941191],[19.90275,49.941145],[19.901252,49.941008],[19.900889,49.940975],[19.898281,49.940723],[19.89815,49.94071],[19.898022,49.940966]]]]}},{"type":"Feature","properties":{"warstwa":"dzialki"},"geometry":{"type":"MultiPolygon","coordinates":[[[[19.9032,49.944387],[19.903388,49.944502],[19.903649,49.944607],[19.903856,49.944559],[19.903682,49.944393],[19.904229,49.944006],[19.904304,49.943752],[19.90416,49.943749],[19.903133,49.943546],[19.902949,49.943523],[19.902795,49.944171],[19.903064,49.944236],[19.9032,49.944387]]]]}},{"type":"Feature","properties":{"warstwa":"dzialki"},"geometry":{"type":"MultiPolygon","coordinates":[[[[19.896548,49.939797],[19.898482,49.939964],[19.901584,49.940219],[19.901869,49.93934],[19.901515,49.939296],[19.901141,49.93925],[19.898564,49.93893],[19.89744,49.938867],[19.896121,49.938812],[19.896118,49.938916],[19.895531,49.938913],[19.89549,49.93891],[19.89529,49.939078],[19.895003,49.939371],[19.894818,49.939643],[19.895687,49.93973],[19.896548,49.939797]]]]}},{"type":"Feature","properties":{"warstwa":"dzialki"},"geometry":{"type":"MultiPolygon","coordinates":[[[[19.898329,49.940478],[19.898281,49.940723],[19.900889,49.940975],[19.901252,49.941008],[19.901301,49.940758],[19.898329,49.940478]]]]}},{"type":"Feature","properties":{"warstwa":"dzialki"},"geometry":{"type":"MultiPolygon","coordinates":[[[[19.907382,49.946348],[19.907504,49.946523],[19.908255,49.948207],[19.908756,49.949506],[19.908808,49.949638],[19.909009,49.949683],[19.908923,49.949798],[19.909008,49.949839],[19.90906,49.949835],[19.909072,49.949855],[19.909064,49.949878],[19.908974,49.94988],[19.908945,49.949891],[19.908947,49.949965],[19.90899,49.950008],[19.909095,49.949942],[19.909113,49.949952],[19.909088,49.949522],[19.909064,49.949105],[19.909052,49.948889],[19.908685,49.947467],[19.908411,49.947494],[19.908186,49.946622],[19.908084,49.946031],[19.908033,49.945718],[19.907639,49.94572],[19.906976,49.945737],[19.906983,49.945749],[19.907382,49.946348]]]]}},{"type":"Feature","properties":{"warstwa":"dzialki"},"geometry":{"type":"MultiPolygon","coordinates":[[[[19.904046,49.945],[19.905411,49.945078],[19.905752,49.945097],[19.906089,49.945117],[19.906392,49.945135],[19.906698,49.945151],[19.908182,49.945188],[19.908189,49.944952],[19.908206,49.944816],[19.908148,49.944812],[19.906705,49.94473],[19.905499,49.94466],[19.904333,49.944593],[19.904027,49.944573],[19.903987,49.944571],[19.903977,49.944803],[19.90397,49.94484],[19.903968,49.944851],[19.903966,49.944996],[19.904046,49.945]]]]}},{"type":"Feature","properties":{"warstwa":"dzialki"},"geometry":{"type":"MultiPolygon","coordinates":[[[[19.893311,49.942208],[19.893862,49.942242],[19.894266,49.942262],[19.894774,49.942358],[19.895951,49.942507],[19.897794,49.94264],[19.899037,49.9427],[19.901182,49.942889],[19.902471,49.943024],[19.902476,49.943004],[19.902399,49.942981],[19.901528,49.942897],[19.901166,49.942853],[19.899039,49.942668],[19.897798,49.942606],[19.896091,49.942481],[19.896031,49.942477],[19.894778,49.942322],[19.894233,49.942228],[19.893712,49.942198],[19.893321,49.942173],[19.893311,49.942208]]]]}},{"type":"Feature","properties":{"warstwa":"dzialki"},"geometry":{"type":"MultiPolygon","coordinates":[[[[19.896093,49.937863],[19.899022,49.93787],[19.8994,49.937872],[19.89956,49.937874],[19.89969,49.937875],[19.899837,49.937876],[19.900236,49.937921],[19.901485,49.93806],[19.90159,49.938069],[19.901496,49.938025],[19.901356,49.938011],[19.900372,49.937906],[19.900249,49.937891],[19.899841,49.937841],[19.899335,49.93783],[19.897719,49.937836],[19.896219,49.937822],[19.896093,49.937863]]]]}},{"type":"Feature","properties":{"warstwa":"dzialki"},"geometry":{"type":"MultiPolygon","coordinates":[[[[19.916634,49.952593],[19.916675,49.952651],[19.916917,49.952742],[19.916997,49.952676],[19.917028,49.952675],[19.917045,49.952682],[19.917084,49.952726],[19.917185,49.95272],[19.91737,49.952833],[19.917387,49.95288],[19.917451,49.95285],[19.917418,49.952803],[19.91743,49.952787],[19.917472,49.952785],[19.91774,49.952361],[19.917853,49.952149],[19.918076,49.95148],[19.918081,49.951451],[19.917351,49.951296],[19.917161,49.9516],[19.916956,49.952043],[19.916634,49.952593]]]]}},{"type":"Feature","properties":{"warstwa":"dzialki"},"geometry":{"type":"MultiPolygon","coordinates":[[[[19.894681,49.942628],[19.895712,49.942739],[19.897097,49.942834],[19.898617,49.942879],[19.899982,49.942973],[19.90169,49.94315],[19.903649,49.943403],[19.90445,49.943467],[19.904536,49.943474],[19.904522,49.943448],[19.904521,49.943434],[19.904554,49.943402],[19.904603,49.943378],[19.904629,49.943333],[19.904607,49.943283],[19.904576,49.943265],[19.904361,49.943248],[19.904352,49.943247],[19.904331,49.943206],[19.904094,49.94318],[19.902476,49.943004],[19.902471,49.943024],[19.901182,49.942889],[19.899037,49.9427],[19.897794,49.94264],[19.895951,49.942507],[19.894774,49.942358],[19.894266,49.942262],[19.893862,49.942242],[19.893815,49.94235],[19.893796,49.942498],[19.894681,49.942628]]]]}},{"type":"Feature","properties":{"warstwa":"dzialki"},"geometry":{"type":"MultiPolygon","coordinates":[[[[19.901425,49.943344],[19.901276,49.943878],[19.901362,49.943884],[19.901779,49.943807],[19.901939,49.943834],[19.902089,49.943902],[19.90222,49.943436],[19.901961,49.943405],[19.901425,49.943344]]]]}},{"type":"Feature","properties":{"warstwa":"dzialki"},"geometry":{"type":"MultiPolygon","coordinates":[[[[19.902482,49.938533],[19.903194,49.93855],[19.903965,49.938569],[19.904054,49.938422],[19.903715,49.938385],[19.903649,49.938326],[19.902905,49.938193],[19.902104,49.938089],[19.90159,49.938069],[19.901485,49.93806],[19.901579,49.938514],[19.902482,49.938533]]]]}},{"type":"Feature","properties":{"warstwa":"dzialki"},"geometry":{"type":"MultiPolygon","coordinates":[[[[19.900603,49.934109],[19.90063,49.934389],[19.900604,49.935494],[19.90061,49.935921],[19.900611,49.936194],[19.900616,49.936613],[19.901225,49.936653],[19.901249,49.936008],[19.901263,49.935703],[19.901266,49.935669],[19.901285,49.935084],[19.901286,49.935057],[19.90129,49.934902],[19.901295,49.934727],[19.9013,49.934545],[19.901305,49.934363],[19.901304,49.934273],[19.901309,49.934237],[19.90132,49.934185],[19.901329,49.93414],[19.901392,49.933838],[19.901424,49.933708],[19.900704,49.933392],[19.900603,49.934109]]]]}},{"type":"Feature","properties":{"warstwa":"dzialki"},"geometry":{"type":"MultiPolygon","coordinates":[[[[19.899157,49.931356],[19.899289,49.931423],[19.899364,49.931461],[19.899435,49.931485],[19.899481,49.931483],[19.900333,49.929874],[19.899886,49.929775],[19.899904,49.929732],[19.899669,49.929692],[19.898938,49.931218],[19.899025,49.931305],[19.899157,49.931356]]]]}},{"type":"Feature","properties":{"warstwa":"dzialki"},"geometry":{"type":"MultiPolygon","coordinates":[[[[19.908331,49.945804],[19.908363,49.946018],[19.90846,49.946592],[19.908685,49.947467],[19.909052,49.948889],[19.909064,49.949105],[19.909088,49.949522],[19.909113,49.949952],[19.909192,49.949994],[19.909265,49.949974],[19.909209,49.950102],[19.909337,49.95013],[19.909421,49.950121],[19.909505,49.950137],[19.909595,49.950249],[19.909653,49.950259],[19.909734,49.950192],[19.909834,49.95025],[19.909828,49.950332],[19.910048,49.95038],[19.91013,49.950472],[19.910127,49.9506],[19.910183,49.950594],[19.91023,49.95059],[19.910432,49.950417],[19.910585,49.950393],[19.910663,49.950346],[19.910689,49.950336],[19.91073,49.950272],[19.9107,49.950116],[19.910728,49.950064],[19.910773,49.949986],[19.910759,49.949948],[19.910829,49.949785],[19.910834,49.949735],[19.910908,49.949697],[19.910464,49.948809],[19.910114,49.947444],[19.909914,49.946459],[19.909855,49.94611],[19.909863,49.945769],[19.909374,49.945769],[19.90952,49.946675],[19.909664,49.947264],[19.90888,49.947348],[19.908732,49.946742],[19.908582,49.94581],[19.908331,49.945804]]]]}},{"type":"Feature","properties":{"warstwa":"dzialki"},"geometry":{"type":"MultiPolygon","coordinates":[[[[19.896036,49.937862],[19.896037,49.937881],[19.896062,49.938249],[19.896159,49.938249],[19.896169,49.938313],[19.896569,49.938325],[19.89692,49.938337],[19.897487,49.938355],[19.89754,49.938591],[19.897461,49.938606],[19.89744,49.938867],[19.898564,49.93893],[19.901141,49.93925],[19.901515,49.939296],[19.901425,49.939231],[19.900938,49.939045],[19.900439,49.938912],[19.900189,49.938967],[19.900095,49.938962],[19.899897,49.93888],[19.899746,49.93881],[19.899547,49.938611],[19.899482,49.938721],[19.899369,49.938762],[19.8994,49.937872],[19.899022,49.93787],[19.896093,49.937863],[19.896036,49.937862]]]]}},{"type":"Feature","properties":{"warstwa":"dzialki"},"geometry":{"type":"MultiPolygon","coordinates":[[[[19.893638,49.942731],[19.89414,49.942824],[19.895634,49.942974],[19.896839,49.943078],[19.898419,49.943084],[19.899979,49.943183],[19.900165,49.943204],[19.900867,49.943283],[19.901425,49.943344],[19.901961,49.943405],[19.90222,49.943436],[19.902597,49.943481],[19.902949,49.943523],[19.903133,49.943546],[19.90416,49.943749],[19.904304,49.943752],[19.904551,49.943747],[19.904634,49.943756],[19.904669,49.943759],[19.904807,49.943769],[19.905278,49.943813],[19.905684,49.943856],[19.906442,49.943926],[19.907531,49.944028],[19.907907,49.944063],[19.908256,49.944095],[19.90829,49.944061],[19.908044,49.944041],[19.907109,49.943965],[19.906468,49.943902],[19.905302,49.943789],[19.904829,49.943744],[19.904766,49.943725],[19.904673,49.943699],[19.90465,49.943692],[19.904554,49.943723],[19.904168,49.94372],[19.903163,49.94352],[19.901966,49.943374],[19.899985,49.943149],[19.898421,49.943053],[19.89684,49.943044],[19.895641,49.942939],[19.894158,49.942789],[19.893643,49.942696],[19.892865,49.94268],[19.892838,49.942721],[19.893587,49.942732],[19.893638,49.942731]]]]}},{"type":"Feature","properties":{"warstwa":"dzialki"},"geometry":{"type":"MultiPolygon","coordinates":[[[[19.904842,49.945601],[19.905733,49.947424],[19.905808,49.947578],[19.906393,49.948163],[19.906298,49.947913],[19.905577,49.946494],[19.905433,49.94622],[19.905357,49.946027],[19.90521,49.945651],[19.905204,49.945623],[19.904842,49.945601]]]]}},{"type":"Feature","properties":{"warstwa":"dzialki"},"geometry":{"type":"MultiPolygon","coordinates":[[[[19.907255,49.949358],[19.907329,49.949374],[19.907328,49.949434],[19.907328,49.949463],[19.907435,49.949454],[19.907449,49.949471],[19.907504,49.949537],[19.907537,49.94955],[19.907631,49.949587],[19.907752,49.949611],[19.907313,49.948571],[19.907151,49.948187],[19.906625,49.946962],[19.906526,49.946772],[19.906331,49.946396],[19.905577,49.946494],[19.906298,49.947913],[19.906393,49.948163],[19.906497,49.948557],[19.906489,49.948715],[19.906488,49.948747],[19.906486,49.948786],[19.906544,49.948868],[19.906586,49.948929],[19.906702,49.948941],[19.906724,49.948947],[19.906954,49.949007],[19.906947,49.949035],[19.906931,49.9491],[19.906922,49.949136],[19.907031,49.949134],[19.907056,49.949182],[19.907082,49.949234],[19.907113,49.949248],[19.907157,49.949269],[19.907175,49.949277],[19.907198,49.949274],[19.907277,49.949263],[19.907256,49.949324],[19.907245,49.949355],[19.907255,49.949358]]]]}},{"type":"Feature","properties":{"warstwa":"dzialki"},"geometry":{"type":"MultiPolygon","coordinates":[[[[19.920252,49.954056],[19.920309,49.953881],[19.920487,49.953417],[19.920454,49.953367],[19.920182,49.953307],[19.920173,49.953275],[19.920206,49.953201],[19.920072,49.953176],[19.919983,49.953279],[19.919771,49.953188],[19.919522,49.953254],[19.919475,49.953208],[19.919473,49.953073],[19.919605,49.953025],[19.919482,49.952963],[19.919259,49.952891],[19.919012,49.952894],[19.918949,49.952813],[19.918837,49.952817],[19.918811,49.952875],[19.91869,49.953659],[19.918689,49.9538],[19.920252,49.954056]]]]}},{"type":"Feature","properties":{"warstwa":"dzialki"},"geometry":{"type":"MultiPolygon","coordinates":[[[[19.903894,49.945075],[19.90394,49.945178],[19.903941,49.945248],[19.903975,49.94525],[19.905285,49.945327],[19.905223,49.945588],[19.905222,49.945598],[19.905293,49.945602],[19.905292,49.94559],[19.905411,49.945078],[19.904046,49.945],[19.903966,49.944996],[19.903982,49.945059],[19.90396,49.945097],[19.903894,49.945075]]]]}},{"type":"Feature","properties":{"warstwa":"dzialki"},"geometry":{"type":"MultiPolygon","coordinates":[[[[19.899669,49.933358],[19.899672,49.933456],[19.899687,49.933899],[19.900238,49.9339],[19.900229,49.934403],[19.900467,49.934394],[19.90063,49.934389],[19.900603,49.934109],[19.900704,49.933392],[19.900215,49.933369],[19.899669,49.933358]]]]}},{"type":"Feature","properties":{"warstwa":"dzialki"},"geometry":{"type":"MultiPolygon","coordinates":[[[[19.902937,49.936564],[19.902544,49.936575],[19.902293,49.936582],[19.902223,49.936541],[19.902149,49.936595],[19.901714,49.936627],[19.901481,49.936644],[19.901225,49.936653],[19.900616,49.936613],[19.900374,49.936598],[19.900087,49.936579],[19.899851,49.936563],[19.8998,49.936563],[19.899532,49.936544],[19.899448,49.93654],[19.899077,49.936515],[19.898827,49.936496],[19.898461,49.936469],[19.898392,49.936464],[19.898099,49.936441],[19.897788,49.936416],[19.897711,49.936409],[19.897668,49.936408],[19.897146,49.936391],[19.897013,49.936387],[19.896834,49.936372],[19.896743,49.93639],[19.896704,49.9364],[19.896529,49.936437],[19.896439,49.936457],[19.89639,49.936468],[19.897016,49.936536],[19.897431,49.936536],[19.897652,49.936537],[19.897684,49.936537],[19.897989,49.936553],[19.898432,49.936586],[19.899062,49.936618],[19.900351,49.936723],[19.901194,49.936763],[19.90145,49.936764],[19.901705,49.936765],[19.902039,49.936761],[19.902303,49.936752],[19.902526,49.936744],[19.902631,49.93674],[19.902779,49.936745],[19.90303,49.936755],[19.903569,49.936744],[19.903571,49.936744],[19.903584,49.936743],[19.903643,49.936742],[19.903709,49.93674],[19.90383,49.936737],[19.903986,49.936733],[19.904057,49.936711],[19.904357,49.936602],[19.904516,49.936548],[19.904658,49.936464],[19.904741,49.936357],[19.904814,49.936282],[19.904826,49.936244],[19.904873,49.936099],[19.904936,49.935956],[19.904996,49.935813],[19.905057,49.935663],[19.905121,49.935514],[19.90523,49.935246],[19.905373,49.934895],[19.9055,49.934673],[19.905573,49.934575],[19.905617,49.934516],[19.905937,49.93414],[19.905987,49.934078],[19.906272,49.933731],[19.906445,49.933521],[19.906623,49.933334],[19.90664,49.933294],[19.90658,49.933308],[19.90661,49.933045],[19.906589,49.933038],[19.906494,49.93316],[19.906186,49.933548],[19.906105,49.933653],[19.905822,49.934014],[19.905777,49.934072],[19.905527,49.934395],[19.905307,49.934637],[19.90532,49.934664],[19.905221,49.934802],[19.905127,49.934993],[19.905114,49.935021],[19.90489,49.935475],[19.904615,49.936247],[19.904537,49.936331],[19.904416,49.936421],[19.90409,49.936471],[19.903865,49.936505],[19.903325,49.936567],[19.903191,49.936563],[19.902937,49.936564]]]]}},{"type":"Feature","properties":{"warstwa":"dzialki"},"geometry":{"type":"MultiPolygon","coordinates":[[[[19.900216,49.931555],[19.900221,49.931671],[19.900332,49.932803],[19.900791,49.932842],[19.901414,49.932901],[19.901298,49.931897],[19.901277,49.931687],[19.901062,49.931692],[19.901052,49.931693],[19.900973,49.931695],[19.900564,49.931623],[19.900389,49.93156],[19.900273,49.931559],[19.900248,49.931557],[19.900216,49.931555]]]]}},{"type":"Feature","properties":{"warstwa":"dzialki"},"geometry":{"type":"MultiPolygon","coordinates":[[[[19.916762,49.954968],[19.917453,49.954996],[19.917603,49.953598],[19.91764,49.953257],[19.916944,49.953223],[19.916908,49.953572],[19.916799,49.954617],[19.916762,49.954968]]]]}},{"type":"Feature","properties":{"warstwa":"dzialki"},"geometry":{"type":"MultiPolygon","coordinates":[[[[19.914366,49.952542],[19.914566,49.95259],[19.914595,49.952614],[19.91455,49.952698],[19.914563,49.952713],[19.914554,49.95274],[19.914605,49.952712],[19.914689,49.952703],[19.914883,49.952606],[19.915056,49.952573],[19.915074,49.952541],[19.915324,49.952098],[19.915591,49.951623],[19.915769,49.951255],[19.914971,49.951077],[19.914835,49.951315],[19.914535,49.951749],[19.914429,49.952187],[19.914366,49.952542]]]]}},{"type":"Feature","properties":{"warstwa":"dzialki"},"geometry":{"type":"MultiPolygon","coordinates":[[[[19.901252,49.941008],[19.90275,49.941145],[19.903262,49.941191],[19.903418,49.941205],[19.903412,49.941164],[19.903359,49.941056],[19.903336,49.940982],[19.903339,49.94089],[19.903288,49.940886],[19.90131,49.940711],[19.901301,49.940758],[19.901252,49.941008]]]]}},{"type":"Feature","properties":{"warstwa":"dzialki"},"geometry":{"type":"MultiPolygon","coordinates":[[[[19.906976,49.945737],[19.906611,49.94572],[19.907096,49.946453],[19.907975,49.948364],[19.907627,49.94842],[19.907661,49.94851],[19.908095,49.949665],[19.908151,49.949685],[19.908251,49.949703],[19.908287,49.949667],[19.908443,49.949604],[19.908531,49.949634],[19.908596,49.949641],[19.908637,49.949663],[19.908687,49.949648],[19.908713,49.949693],[19.908747,49.949701],[19.908808,49.949638],[19.908756,49.949506],[19.908255,49.948207],[19.907504,49.946523],[19.907382,49.946348],[19.906983,49.945749],[19.906976,49.945737]]]]}},{"type":"Feature","properties":{"warstwa":"dzialki"},"geometry":{"type":"MultiPolygon","coordinates":[[[[19.900389,49.93156],[19.900564,49.931623],[19.900973,49.931695],[19.901052,49.931693],[19.901062,49.931692],[19.90173,49.930988],[19.901845,49.931033],[19.902404,49.930316],[19.902022,49.930206],[19.902545,49.929447],[19.902517,49.929416],[19.902407,49.929226],[19.902204,49.928926],[19.90205,49.928718],[19.901807,49.92909],[19.901553,49.929019],[19.900976,49.92988],[19.901252,49.929944],[19.900832,49.930621],[19.90031,49.931456],[19.900248,49.931557],[19.900273,49.931559],[19.900389,49.93156]]]]}},{"type":"Feature","properties":{"warstwa":"dzialki"},"geometry":{"type":"MultiPolygon","coordinates":[[[[19.89966,49.932803],[19.90026,49.932797],[19.900332,49.932803],[19.900221,49.931671],[19.900216,49.931555],[19.900138,49.931549],[19.899895,49.931425],[19.899548,49.931481],[19.899481,49.931483],[19.899435,49.931485],[19.899364,49.931461],[19.899289,49.931423],[19.899283,49.931506],[19.8994,49.932762],[19.89966,49.932803]]]]}},{"type":"Feature","properties":{"warstwa":"dzialki"},"geometry":{"type":"MultiPolygon","coordinates":[[[[19.899895,49.931425],[19.900138,49.931549],[19.900216,49.931555],[19.900248,49.931557],[19.90031,49.931456],[19.900832,49.930621],[19.901252,49.929944],[19.900976,49.92988],[19.900721,49.929819],[19.900749,49.929777],[19.900433,49.929685],[19.900333,49.929874],[19.899481,49.931483],[19.899548,49.931481],[19.899895,49.931425]]]]}},{"type":"Feature","properties":{"warstwa":"dzialki"},"geometry":{"type":"MultiPolygon","coordinates":[[[[19.90014,49.935424],[19.900278,49.935446],[19.900371,49.935431],[19.900467,49.934394],[19.900229,49.934403],[19.900191,49.934799],[19.900148,49.935233],[19.90014,49.935424]]]]}},{"type":"Feature","properties":{"warstwa":"dzialki"},"geometry":{"type":"MultiPolygon","coordinates":[[[[19.906331,49.946396],[19.906229,49.946214],[19.906221,49.9462],[19.906179,49.946125],[19.905501,49.946212],[19.905433,49.94622],[19.905577,49.946494],[19.906331,49.946396]]]]}},{"type":"Feature","properties":{"warstwa":"dzialki"},"geometry":{"type":"MultiPolygon","coordinates":[[[[19.900778,49.938618],[19.900938,49.939045],[19.901425,49.939231],[19.901418,49.938654],[19.900856,49.938628],[19.900778,49.938618]]]]}},{"type":"Feature","properties":{"warstwa":"dzialki"},"geometry":{"type":"MultiPolygon","coordinates":[[[[19.904603,49.945587],[19.904842,49.945601],[19.905204,49.945623],[19.90521,49.945651],[19.905279,49.945656],[19.905939,49.94569],[19.906286,49.945707],[19.906611,49.94572],[19.906976,49.945737],[19.907639,49.94572],[19.908033,49.945718],[19.908317,49.945705],[19.90832,49.945667],[19.90826,49.9456],[19.908268,49.945372],[19.908281,49.945049],[19.908282,49.945004],[19.908284,49.944952],[19.908286,49.944876],[19.90829,49.944725],[19.908292,49.944635],[19.90832,49.944443],[19.908363,49.944145],[19.908424,49.944126],[19.908529,49.944133],[19.908673,49.944142],[19.90881,49.944152],[19.908816,49.944154],[19.908931,49.944192],[19.908903,49.944026],[19.908858,49.944071],[19.908752,49.94408],[19.908539,49.944053],[19.90829,49.944061],[19.908256,49.944095],[19.908278,49.944107],[19.908228,49.944451],[19.908205,49.944634],[19.908206,49.944816],[19.908189,49.944952],[19.908182,49.945188],[19.90817,49.945629],[19.908107,49.945661],[19.90764,49.945665],[19.906973,49.945685],[19.906696,49.945676],[19.906594,49.945672],[19.906392,49.945662],[19.906086,49.945649],[19.905944,49.945641],[19.905686,49.945625],[19.905293,49.945602],[19.905222,49.945598],[19.904604,49.945561],[19.904126,49.945524],[19.904016,49.945513],[19.903967,49.945508],[19.90376,49.945431],[19.903252,49.945368],[19.9025,49.945274],[19.901161,49.945244],[19.899987,49.945175],[19.899466,49.94506],[19.8984,49.944974],[19.896851,49.944756],[19.896457,49.944706],[19.89582,49.944684],[19.895993,49.944816],[19.896029,49.944791],[19.89643,49.944785],[19.89682,49.944845],[19.896821,49.944818],[19.897332,49.944894],[19.897617,49.944922],[19.89781,49.944942],[19.897896,49.944954],[19.89816,49.94499],[19.898355,49.945017],[19.899429,49.945115],[19.899949,49.945224],[19.901162,49.945293],[19.902501,49.945325],[19.9025,49.945301],[19.903709,49.945451],[19.903743,49.945456],[19.903974,49.94554],[19.904134,49.945551],[19.904264,49.945561],[19.904603,49.945587]]]]}},{"type":"Feature","properties":{"warstwa":"dzialki"},"geometry":{"type":"MultiPolygon","coordinates":[[[[19.909861,49.945735],[19.909863,49.945769],[19.909855,49.94611],[19.909914,49.946459],[19.910114,49.947444],[19.910464,49.948809],[19.910908,49.949697],[19.911004,49.949648],[19.911008,49.949364],[19.91098,49.949345],[19.910982,49.949264],[19.910936,49.94915],[19.910878,49.949091],[19.910861,49.949072],[19.910824,49.949004],[19.910843,49.948933],[19.911023,49.948856],[19.91098,49.948832],[19.910919,49.948777],[19.910845,49.948739],[19.910844,49.948693],[19.910881,49.948639],[19.910907,49.948627],[19.910871,49.948538],[19.910853,49.948528],[19.910841,49.948426],[19.91082,49.948358],[19.911012,49.948128],[19.911053,49.948035],[19.911116,49.947965],[19.91109,49.947877],[19.911172,49.947782],[19.911207,49.947773],[19.911426,49.94756],[19.911358,49.947342],[19.911362,49.947249],[19.911359,49.9472],[19.911489,49.947057],[19.911732,49.94656],[19.911847,49.946367],[19.911887,49.94623],[19.911901,49.94614],[19.911906,49.946103],[19.911973,49.94579],[19.911646,49.945754],[19.911273,49.945713],[19.910795,49.945656],[19.910604,49.945672],[19.909861,49.945735]]]]}},{"type":"Feature","properties":{"warstwa":"dzialki"},"geometry":{"type":"MultiPolygon","coordinates":[[[[19.896091,49.942481],[19.897798,49.942606],[19.899039,49.942668],[19.901166,49.942853],[19.901528,49.942897],[19.901583,49.942548],[19.901594,49.942504],[19.901325,49.942476],[19.900524,49.942411],[19.899228,49.942306],[19.897916,49.942224],[19.896715,49.942161],[19.896156,49.942104],[19.896091,49.942481]]]]}},{"type":"Feature","properties":{"warstwa":"dzialki"},"geometry":{"type":"MultiPolygon","coordinates":[[[[19.902399,49.942981],[19.902476,49.943004],[19.904094,49.94318],[19.904331,49.943206],[19.904324,49.943193],[19.904313,49.943185],[19.904308,49.943126],[19.904281,49.942768],[19.904221,49.942763],[19.902942,49.942679],[19.902477,49.942637],[19.902399,49.942981]]]]}},{"type":"Feature","properties":{"warstwa":"dzialki"},"geometry":{"type":"MultiPolygon","coordinates":[[[[19.894158,49.942789],[19.895641,49.942939],[19.89684,49.943044],[19.898421,49.943053],[19.899985,49.943149],[19.901966,49.943374],[19.903163,49.94352],[19.904168,49.94372],[19.904554,49.943723],[19.90465,49.943692],[19.904673,49.943699],[19.904668,49.943658],[19.904651,49.943639],[19.904627,49.943621],[19.904578,49.94359],[19.904537,49.943552],[19.904531,49.943527],[19.904539,49.943493],[19.904536,49.943474],[19.90445,49.943467],[19.903649,49.943403],[19.90169,49.94315],[19.899982,49.942973],[19.898617,49.942879],[19.897097,49.942834],[19.895712,49.942739],[19.894681,49.942628],[19.893796,49.942498],[19.893589,49.94245],[19.893048,49.942421],[19.892865,49.94268],[19.893643,49.942696],[19.894158,49.942789]]]]}},{"type":"Feature","properties":{"warstwa":"dzialki"},"geometry":{"type":"MultiPolygon","coordinates":[[[[19.901528,49.942897],[19.902399,49.942981],[19.902477,49.942637],[19.901583,49.942548],[19.901528,49.942897]]]]}},{"type":"Feature","properties":{"warstwa":"dzialki"},"geometry":{"type":"MultiPolygon","coordinates":[[[[19.901266,49.935669],[19.901683,49.935357],[19.901679,49.935081],[19.901285,49.935084],[19.901266,49.935669]]]]}},{"type":"Feature","properties":{"warstwa":"dzialki"},"geometry":{"type":"MultiPolygon","coordinates":[[[[19.910203,49.950995],[19.910216,49.951053],[19.910201,49.951084],[19.910255,49.951215],[19.910409,49.951264],[19.910431,49.951314],[19.910544,49.951379],[19.910679,49.951425],[19.91075,49.951411],[19.910851,49.951484],[19.911008,49.951553],[19.911035,49.95158],[19.911086,49.951645],[19.911208,49.951689],[19.911346,49.951696],[19.911341,49.951727],[19.911435,49.951751],[19.91151,49.951735],[19.911512,49.95169],[19.91159,49.951702],[19.911675,49.951717],[19.911788,49.951694],[19.911895,49.951661],[19.912005,49.951686],[19.912109,49.951722],[19.91215,49.95176],[19.912286,49.951827],[19.912361,49.95182],[19.912478,49.951786],[19.9128,49.951747],[19.912928,49.95175],[19.912891,49.951808],[19.912985,49.95189],[19.912945,49.951926],[19.913054,49.951969],[19.913151,49.952018],[19.913225,49.951986],[19.91331,49.95209],[19.913158,49.95214],[19.913268,49.952234],[19.913292,49.952208],[19.913358,49.952232],[19.913452,49.952215],[19.913671,49.952316],[19.913712,49.952364],[19.913804,49.952383],[19.91384,49.952473],[19.913805,49.952487],[19.913835,49.952543],[19.914061,49.952532],[19.914052,49.952598],[19.914099,49.952662],[19.914024,49.952692],[19.914018,49.952722],[19.914123,49.952749],[19.914131,49.952823],[19.914209,49.952841],[19.914243,49.952805],[19.914352,49.952801],[19.914404,49.952587],[19.914539,49.952613],[19.914512,49.952719],[19.914531,49.95274],[19.914528,49.952771],[19.914652,49.952727],[19.914724,49.95273],[19.914926,49.952626],[19.915186,49.95257],[19.91531,49.95252],[19.915573,49.952659],[19.915617,49.952656],[19.91568,49.952626],[19.915687,49.952601],[19.915734,49.952604],[19.915721,49.952696],[19.915851,49.952718],[19.915887,49.952724],[19.915972,49.952538],[19.916047,49.952529],[19.916078,49.952577],[19.916178,49.952542],[19.916427,49.952549],[19.91657,49.952586],[19.916639,49.952676],[19.916926,49.952784],[19.916995,49.952726],[19.91702,49.952704],[19.917055,49.952754],[19.917163,49.952748],[19.917322,49.952839],[19.917346,49.952932],[19.917503,49.952867],[19.917475,49.952811],[19.91757,49.95281],[19.917559,49.952837],[19.917709,49.952929],[19.918067,49.952854],[19.918106,49.95289],[19.918256,49.952917],[19.91838,49.952859],[19.918433,49.952866],[19.918433,49.952902],[19.918516,49.952925],[19.91873,49.952899],[19.918811,49.952875],[19.918837,49.952817],[19.918949,49.952813],[19.919012,49.952894],[19.919259,49.952891],[19.919482,49.952963],[19.919605,49.953025],[19.919473,49.953073],[19.919475,49.953208],[19.919522,49.953254],[19.919771,49.953188],[19.919983,49.953279],[19.920072,49.953176],[19.920206,49.953201],[19.920173,49.953275],[19.920182,49.953307],[19.920454,49.953367],[19.920487,49.953417],[19.920605,49.953426],[19.920728,49.953387],[19.920824,49.95346],[19.920858,49.953441],[19.920732,49.953349],[19.920709,49.953348],[19.920592,49.95339],[19.920534,49.953385],[19.920507,49.953342],[19.920229,49.953284],[19.920277,49.953187],[19.920045,49.953136],[19.919961,49.953232],[19.919772,49.953152],[19.919555,49.953207],[19.919526,49.953193],[19.91952,49.953088],[19.919654,49.95304],[19.919664,49.953015],[19.919481,49.95292],[19.919286,49.952865],[19.919055,49.952864],[19.918986,49.952788],[19.918797,49.95279],[19.918751,49.952863],[19.91852,49.952892],[19.918476,49.952881],[19.918474,49.952851],[19.918376,49.952833],[19.91825,49.952887],[19.918141,49.952874],[19.918076,49.95282],[19.917965,49.952844],[19.917717,49.952899],[19.917611,49.952831],[19.917619,49.952796],[19.917593,49.95278],[19.917472,49.952785],[19.91743,49.952787],[19.917418,49.952803],[19.917451,49.95285],[19.917387,49.95288],[19.91737,49.952833],[19.917185,49.95272],[19.917084,49.952726],[19.917045,49.952682],[19.917028,49.952675],[19.916997,49.952676],[19.916917,49.952742],[19.916675,49.952651],[19.916634,49.952593],[19.916615,49.952566],[19.916406,49.952515],[19.916147,49.952513],[19.916107,49.95253],[19.916086,49.952528],[19.916073,49.952498],[19.915929,49.952513],[19.915853,49.952688],[19.915777,49.952676],[19.915765,49.952675],[19.915779,49.952582],[19.915663,49.952574],[19.915654,49.952607],[19.915589,49.952629],[19.915529,49.952607],[19.915322,49.952483],[19.91518,49.95254],[19.915056,49.952573],[19.914883,49.952606],[19.914689,49.952703],[19.914605,49.952712],[19.914554,49.95274],[19.914563,49.952713],[19.91455,49.952698],[19.914595,49.952614],[19.914566,49.95259],[19.914366,49.952542],[19.914323,49.952775],[19.914233,49.95278],[19.914194,49.952809],[19.914181,49.952809],[19.914185,49.952742],[19.914079,49.952713],[19.914072,49.952702],[19.914147,49.952671],[19.914095,49.95259],[19.914104,49.952521],[19.914067,49.952507],[19.913862,49.952509],[19.913858,49.952496],[19.913897,49.952481],[19.913851,49.952364],[19.913733,49.952343],[19.913705,49.952296],[19.913456,49.952176],[19.91336,49.952199],[19.913286,49.952178],[19.913268,49.952189],[19.913219,49.952145],[19.913362,49.952119],[19.913363,49.952087],[19.913231,49.951942],[19.913146,49.951976],[19.913071,49.951941],[19.913012,49.951923],[19.913073,49.951899],[19.912951,49.951797],[19.913003,49.951746],[19.912978,49.951725],[19.912803,49.951717],[19.912429,49.951766],[19.912358,49.951788],[19.912297,49.951784],[19.912193,49.951727],[19.912165,49.95164],[19.911831,49.951636],[19.911612,49.95166],[19.911396,49.951645],[19.911343,49.951666],[19.911207,49.951656],[19.911112,49.951615],[19.911047,49.951536],[19.910881,49.951448],[19.91077,49.951369],[19.910681,49.951393],[19.910569,49.951352],[19.910472,49.951298],[19.910459,49.951247],[19.91031,49.9512],[19.91026,49.951095],[19.910268,49.951046],[19.910262,49.951013],[19.910268,49.950932],[19.910127,49.950733],[19.91014,49.950655],[19.910183,49.950594],[19.910127,49.9506],[19.910081,49.95075],[19.910207,49.950921],[19.910203,49.950995]]]]}},{"type":"Feature","properties":{"warstwa":"dzialki"},"geometry":{"type":"MultiPolygon","coordinates":[[[[19.913146,49.951976],[19.913231,49.951942],[19.913363,49.952087],[19.913362,49.952119],[19.913219,49.952145],[19.913268,49.952189],[19.913286,49.952178],[19.91336,49.952199],[19.913456,49.952176],[19.913705,49.952296],[19.913733,49.952343],[19.913851,49.952364],[19.913897,49.952481],[19.913858,49.952496],[19.913862,49.952509],[19.914067,49.952507],[19.914104,49.952521],[19.914095,49.95259],[19.914147,49.952671],[19.914072,49.952702],[19.914079,49.952713],[19.914185,49.952742],[19.914181,49.952809],[19.914194,49.952809],[19.914233,49.95278],[19.914323,49.952775],[19.914366,49.952542],[19.914429,49.952187],[19.914535,49.951749],[19.914835,49.951315],[19.914971,49.951077],[19.915144,49.950778],[19.914459,49.950616],[19.914396,49.950666],[19.914323,49.950688],[19.914244,49.950733],[19.913146,49.951976]]]]}},{"type":"Feature","properties":{"warstwa":"dzialki"},"geometry":{"type":"MultiPolygon","coordinates":[[[[19.900816,49.937474],[19.901111,49.937476],[19.901194,49.936763],[19.90087,49.936765],[19.900816,49.937474]]]]}},{"type":"Feature","properties":{"warstwa":"dzialki"},"geometry":{"type":"MultiPolygon","coordinates":[[[[19.901249,49.936008],[19.901701,49.936024],[19.902223,49.936036],[19.902233,49.935499],[19.901701,49.935491],[19.901263,49.935703],[19.901249,49.936008]]]]}},{"type":"Feature","properties":{"warstwa":"dzialki"},"geometry":{"type":"MultiPolygon","coordinates":[[[[19.912193,49.951727],[19.912297,49.951784],[19.912358,49.951788],[19.912429,49.951766],[19.912803,49.951717],[19.913114,49.951053],[19.913397,49.950536],[19.9127,49.950413],[19.912193,49.951727]]]]}},{"type":"Feature","properties":{"warstwa":"dzialki"},"geometry":{"type":"MultiPolygon","coordinates":[[[[19.904225,49.945591],[19.904345,49.946218],[19.904332,49.94625],[19.904967,49.946715],[19.905427,49.94721],[19.90576,49.94753],[19.905808,49.947578],[19.905733,49.947424],[19.904842,49.945601],[19.904603,49.945587],[19.904264,49.945561],[19.904225,49.945591]]]]}},{"type":"Feature","properties":{"warstwa":"dzialki"},"geometry":{"type":"MultiPolygon","coordinates":[[[[19.901263,49.935703],[19.901701,49.935491],[19.902233,49.935499],[19.902232,49.935253],[19.902163,49.935252],[19.901831,49.935249],[19.901683,49.935357],[19.901266,49.935669],[19.901263,49.935703]]]]}},{"type":"Feature","properties":{"warstwa":"dzialki"},"geometry":{"type":"MultiPolygon","coordinates":[[[[19.907975,49.948364],[19.907096,49.946453],[19.906611,49.94572],[19.906286,49.945707],[19.906291,49.945716],[19.906404,49.945912],[19.906436,49.945968],[19.906532,49.946134],[19.906645,49.946334],[19.90684,49.946706],[19.906917,49.946852],[19.907526,49.948196],[19.907627,49.94842],[19.907975,49.948364]]]]}},{"type":"Feature","properties":{"warstwa":"dzialki"},"geometry":{"type":"MultiPolygon","coordinates":[[[[19.898435,49.931066],[19.898725,49.931059],[19.898802,49.931082],[19.898938,49.931218],[19.899669,49.929692],[19.899439,49.929652],[19.899299,49.929628],[19.899164,49.929906],[19.89874,49.929808],[19.898316,49.930734],[19.898168,49.931057],[19.898186,49.931061],[19.898435,49.931066]]]]}},{"type":"Feature","properties":{"warstwa":"dzialki"},"geometry":{"type":"MultiPolygon","coordinates":[[[[19.903941,49.945248],[19.903945,49.945431],[19.904016,49.945513],[19.904126,49.945524],[19.904604,49.945561],[19.905222,49.945598],[19.905223,49.945588],[19.905285,49.945327],[19.903975,49.94525],[19.903941,49.945248]]]]}},{"type":"Feature","properties":{"warstwa":"dzialki"},"geometry":{"type":"MultiPolygon","coordinates":[[[[19.946951,49.974071],[19.947055,49.973705],[19.947071,49.973517],[19.947082,49.973335],[19.947084,49.973149],[19.94706,49.973149],[19.947056,49.973222],[19.947042,49.973221],[19.947046,49.973282],[19.94705,49.973331],[19.947041,49.973414],[19.947007,49.97372],[19.946991,49.973819],[19.946983,49.973863],[19.946951,49.974071]]]]}},{"type":"Feature","properties":{"warstwa":"dzialki"},"geometry":{"type":"MultiPolygon","coordinates":[[[[19.922161,49.956093],[19.921617,49.956155],[19.921617,49.956216],[19.921922,49.956184],[19.922129,49.956155],[19.922174,49.956147],[19.922161,49.956093]]]]}},{"type":"Feature","properties":{"warstwa":"dzialki"},"geometry":{"type":"MultiPolygon","coordinates":[[[[19.940646,49.970471],[19.940781,49.970468],[19.9411,49.9704],[19.941086,49.97037],[19.94062,49.970432],[19.940646,49.970471]]]]}},{"type":"Feature","properties":{"warstwa":"dzialki"},"geometry":{"type":"MultiPolygon","coordinates":[[[[19.956759,49.977919],[19.956483,49.977976],[19.956506,49.978035],[19.956767,49.977952],[19.956759,49.977919]]]]}},{"type":"Feature","properties":{"warstwa":"dzialki"},"geometry":{"type":"MultiPolygon","coordinates":[[[[19.94062,49.970432],[19.940271,49.970478],[19.940646,49.970471],[19.94062,49.970432]]]]}},{"type":"Feature","properties":{"warstwa":"dzialki"},"geometry":{"type":"MultiPolygon","coordinates":[[[[19.957519,49.977694],[19.957461,49.977708],[19.957222,49.977785],[19.956999,49.977829],[19.956949,49.977844],[19.956948,49.977871],[19.957235,49.977807],[19.957392,49.977761],[19.957519,49.977694]]]]}},{"type":"Feature","properties":{"warstwa":"dzialki"},"geometry":{"type":"MultiPolygon","coordinates":[[[[19.947092,49.974208],[19.947115,49.974209],[19.947121,49.97417],[19.947161,49.973993],[19.947125,49.973992],[19.947092,49.974208]]]]}},{"type":"Feature","properties":{"warstwa":"dzialki"},"geometry":{"type":"MultiPolygon","coordinates":[[[[19.937486,49.968709],[19.937517,49.968749],[19.937948,49.968608],[19.938001,49.968591],[19.937971,49.96855],[19.937621,49.968664],[19.937486,49.968709]]]]}},{"type":"Feature","properties":{"warstwa":"dzialki"},"geometry":{"type":"MultiPolygon","coordinates":[[[[19.926727,49.960879],[19.926874,49.960905],[19.926876,49.960863],[19.926866,49.960777],[19.926739,49.960785],[19.926727,49.960879]]]]}},{"type":"Feature","properties":{"warstwa":"dzialki"},"geometry":{"type":"MultiPolygon","coordinates":[[[[19.941176,49.970468],[19.941165,49.970442],[19.940816,49.970515],[19.94082,49.970525],[19.941176,49.970468]]]]}},{"type":"Feature","properties":{"warstwa":"dzialki"},"geometry":{"type":"MultiPolygon","coordinates":[[[[19.926324,49.961044],[19.926323,49.961089],[19.926867,49.961019],[19.926674,49.96102],[19.926324,49.961044]]]]}},{"type":"Feature","properties":{"warstwa":"dzialki"},"geometry":{"type":"MultiPolygon","coordinates":[[[[19.92131,49.956083],[19.921492,49.956107],[19.921493,49.956055],[19.921317,49.956059],[19.92131,49.956083]]]]}},{"type":"Feature","properties":{"warstwa":"dzialki"},"geometry":{"type":"MultiPolygon","coordinates":[[[[19.947092,49.974208],[19.947125,49.973992],[19.947084,49.974208],[19.947092,49.974208]]]]}},{"type":"Feature","properties":{"warstwa":"dzialki"},"geometry":{"type":"MultiPolygon","coordinates":[[[[19.957392,49.977761],[19.957235,49.977807],[19.956948,49.977871],[19.957247,49.977832],[19.957392,49.977761]]]]}},{"type":"Feature","properties":{"warstwa":"dzialki"},"geometry":{"type":"MultiPolygon","coordinates":[[[[19.94082,49.970525],[19.940816,49.970515],[19.94051,49.970535],[19.94052,49.970558],[19.94082,49.970525]]]]}},{"type":"Feature","properties":{"warstwa":"dzialki"},"geometry":{"type":"MultiPolygon","coordinates":[[[[19.921539,49.956224],[19.921617,49.956216],[19.921617,49.956155],[19.921542,49.956164],[19.921539,49.956224]]]]}},{"type":"Feature","properties":{"warstwa":"dzialki"},"geometry":{"type":"MultiPolygon","coordinates":[[[[19.947125,49.973992],[19.947171,49.973819],[19.947148,49.973818],[19.947125,49.973992]]]]}},{"type":"Feature","properties":{"warstwa":"dzialki"},"geometry":{"type":"MultiPolygon","coordinates":[[[[19.946991,49.973819],[19.947007,49.97372],[19.947041,49.973414],[19.947029,49.973414],[19.947004,49.973722],[19.946991,49.973819]]]]}},{"type":"Feature","properties":{"warstwa":"dzialki"},"geometry":{"type":"MultiPolygon","coordinates":[[[[19.946967,49.973863],[19.946983,49.973863],[19.946991,49.973819],[19.946967,49.973863]]]]}},{"type":"Feature","properties":{"warstwa":"dzialki"},"geometry":{"type":"MultiPolygon","coordinates":[[[[19.898746,49.937381],[19.898482,49.937376],[19.898245,49.937371],[19.897967,49.937365],[19.897828,49.937362],[19.89748,49.937355],[19.897519,49.937042],[19.897384,49.937047],[19.896754,49.937064],[19.896791,49.937513],[19.896629,49.937712],[19.896339,49.937783],[19.896219,49.937822],[19.897719,49.937836],[19.899335,49.93783],[19.899841,49.937841],[19.900249,49.937891],[19.900372,49.937906],[19.901356,49.938011],[19.901496,49.938025],[19.90159,49.938069],[19.902104,49.938089],[19.902905,49.938193],[19.903048,49.937455],[19.902912,49.937431],[19.902651,49.937441],[19.902419,49.93745],[19.902139,49.937461],[19.901922,49.937469],[19.901611,49.937481],[19.901363,49.937478],[19.901111,49.937476],[19.900816,49.937474],[19.900431,49.937468],[19.900021,49.937462],[19.900031,49.937404],[19.8994,49.937397],[19.899195,49.937392],[19.89899,49.937384],[19.898746,49.937381]]]]}},{"type":"Feature","properties":{"warstwa":"dzialki"},"geometry":{"type":"MultiPolygon","coordinates":[[[[19.916908,49.953572],[19.916944,49.953223],[19.916995,49.952726],[19.916926,49.952784],[19.916639,49.952676],[19.91657,49.952586],[19.916427,49.952549],[19.916178,49.952542],[19.916078,49.952577],[19.916047,49.952529],[19.915972,49.952538],[19.915887,49.952724],[19.915851,49.952718],[19.915826,49.952949],[19.915768,49.953512],[19.915624,49.954921],[19.915694,49.954924],[19.915729,49.954573],[19.916085,49.954588],[19.916799,49.954617],[19.916908,49.953572]]]]}},{"type":"Feature","properties":{"warstwa":"dzialki"},"geometry":{"type":"MultiPolygon","coordinates":[[[[19.90222,49.943436],[19.902089,49.943902],[19.902099,49.943907],[19.902286,49.944084],[19.902502,49.944116],[19.902592,49.944133],[19.902609,49.944051],[19.902617,49.944015],[19.902524,49.944008],[19.902539,49.943934],[19.902597,49.943481],[19.90222,49.943436]]]]}},{"type":"Feature","properties":{"warstwa":"dzialki"},"geometry":{"type":"MultiPolygon","coordinates":[[[[19.892171,49.944146],[19.893052,49.944224],[19.894241,49.944367],[19.895391,49.944521],[19.895814,49.94467],[19.89647,49.94469],[19.896844,49.944735],[19.896906,49.944023],[19.897455,49.944183],[19.897795,49.944283],[19.898135,49.944382],[19.899631,49.944678],[19.90005,49.944689],[19.900735,49.944712],[19.901415,49.944734],[19.902125,49.944757],[19.90282,49.944792],[19.903755,49.944834],[19.903916,49.944838],[19.90397,49.94484],[19.903977,49.944803],[19.903987,49.944571],[19.903934,49.944566],[19.903856,49.944559],[19.903649,49.944607],[19.903388,49.944502],[19.9032,49.944387],[19.903064,49.944236],[19.902795,49.944171],[19.902592,49.944133],[19.902502,49.944116],[19.902286,49.944084],[19.902099,49.943907],[19.902089,49.943902],[19.901939,49.943834],[19.901779,49.943807],[19.901362,49.943884],[19.901276,49.943878],[19.900781,49.943847],[19.90076,49.943944],[19.900688,49.943912],[19.900627,49.943847],[19.900515,49.943716],[19.900091,49.943536],[19.899894,49.943452],[19.899537,49.943686],[19.899499,49.943689],[19.899421,49.943667],[19.898845,49.943374],[19.898499,49.943261],[19.898353,49.943237],[19.898176,49.943221],[19.897634,49.943111],[19.896949,49.943192],[19.896263,49.943273],[19.895642,49.943347],[19.895416,49.943316],[19.894734,49.943222],[19.894228,49.94319],[19.893723,49.943159],[19.893587,49.942732],[19.892838,49.942721],[19.892684,49.942952],[19.892561,49.94317],[19.89244,49.943309],[19.892228,49.943664],[19.892108,49.944137],[19.892131,49.944129],[19.892171,49.944146]]]]}},{"type":"Feature","properties":{"warstwa":"dzialki"},"geometry":{"type":"MultiPolygon","coordinates":[[[[19.90037,49.935461],[19.90037,49.936182],[19.900611,49.936194],[19.90061,49.935921],[19.900604,49.935494],[19.90037,49.935461]]]]}},{"type":"Feature","properties":{"warstwa":"dzialki"},"geometry":{"type":"MultiPolygon","coordinates":[[[[19.948567,49.974999],[19.94875,49.975012],[19.94878,49.974745],[19.948712,49.974699],[19.948334,49.974681],[19.948326,49.974744],[19.948302,49.974979],[19.948567,49.974999]]]]}},{"type":"Feature","properties":{"warstwa":"dzialki"},"geometry":{"type":"MultiPolygon","coordinates":[[[[19.922195,49.956238],[19.922174,49.956147],[19.922129,49.956155],[19.921922,49.956184],[19.921617,49.956216],[19.921615,49.956338],[19.922195,49.956238]]]]}},{"type":"Feature","properties":{"warstwa":"dzialki"},"geometry":{"type":"MultiPolygon","coordinates":[[[[19.952461,49.976114],[19.952587,49.975773],[19.952748,49.975361],[19.952501,49.975325],[19.952377,49.975624],[19.9523,49.975812],[19.952201,49.976061],[19.952461,49.976114]]]]}},{"type":"Feature","properties":{"warstwa":"dzialki"},"geometry":{"type":"MultiPolygon","coordinates":[[[[19.952697,49.97655],[19.953008,49.976625],[19.953057,49.976633],[19.953214,49.976317],[19.953178,49.976309],[19.952841,49.976224],[19.952697,49.97655]]]]}},{"type":"Feature","properties":{"warstwa":"dzialki"},"geometry":{"type":"MultiPolygon","coordinates":[[[[19.940019,49.970656],[19.940169,49.970615],[19.940154,49.970599],[19.9401,49.970539],[19.940019,49.970545],[19.939794,49.97064],[19.939874,49.970737],[19.940019,49.970656]]]]}},{"type":"Feature","properties":{"warstwa":"dzialki"},"geometry":{"type":"MultiPolygon","coordinates":[[[[19.926631,49.960591],[19.926739,49.960587],[19.926766,49.960658],[19.926738,49.960665],[19.926743,49.960694],[19.926751,49.960695],[19.926848,49.960702],[19.926852,49.960617],[19.926836,49.960505],[19.926631,49.960591]]]]}},{"type":"Feature","properties":{"warstwa":"dzialki"},"geometry":{"type":"MultiPolygon","coordinates":[[[[19.956429,49.97795],[19.956415,49.977991],[19.956483,49.977976],[19.956759,49.977919],[19.956948,49.977871],[19.956949,49.977844],[19.956679,49.977896],[19.956668,49.977898],[19.956468,49.977943],[19.956429,49.97795]]]]}},{"type":"Feature","properties":{"warstwa":"dzialki"},"geometry":{"type":"MultiPolygon","coordinates":[[[[19.922161,49.956093],[19.922596,49.956002],[19.922744,49.955978],[19.922718,49.955868],[19.922136,49.955989],[19.922161,49.956093]]]]}},{"type":"Feature","properties":{"warstwa":"dzialki"},"geometry":{"type":"MultiPolygon","coordinates":[[[[19.937981,49.969438],[19.938469,49.970117],[19.938524,49.970101],[19.938034,49.969421],[19.9377,49.968984],[19.937667,49.968942],[19.937613,49.968958],[19.937981,49.969438]]]]}},{"type":"Feature","properties":{"warstwa":"dzialki"},"geometry":{"type":"MultiPolygon","coordinates":[[[[19.94052,49.970558],[19.94051,49.970535],[19.940154,49.970599],[19.940169,49.970615],[19.94052,49.970558]]]]}},{"type":"Feature","properties":{"warstwa":"dzialki"},"geometry":{"type":"MultiPolygon","coordinates":[[[[19.955952,49.978139],[19.95603,49.978101],[19.956139,49.978048],[19.956297,49.977614],[19.956353,49.977477],[19.956433,49.977244],[19.956303,49.977229],[19.956165,49.977586],[19.956065,49.977843],[19.955967,49.978099],[19.955952,49.978139]]]]}},{"type":"Feature","properties":{"warstwa":"dzialki"},"geometry":{"type":"MultiPolygon","coordinates":[[[[19.946951,49.974071],[19.946983,49.973863],[19.946967,49.973863],[19.946905,49.974176],[19.946934,49.974176],[19.946951,49.974071]]]]}},{"type":"Feature","properties":{"warstwa":"dzialki"},"geometry":{"type":"MultiPolygon","coordinates":[[[[19.937233,49.967973],[19.937774,49.967799],[19.93758,49.967643],[19.937274,49.967755],[19.937233,49.967973]]]]}},{"type":"Feature","properties":{"warstwa":"dzialki"},"geometry":{"type":"MultiPolygon","coordinates":[[[[19.936292,49.969637],[19.936308,49.969681],[19.937774,49.969283],[19.937869,49.969306],[19.937776,49.969185],[19.937743,49.969243],[19.936918,49.969467],[19.936825,49.969492],[19.936292,49.969637]]]]}},{"type":"Feature","properties":{"warstwa":"dzialki"},"geometry":{"type":"MultiPolygon","coordinates":[[[[19.922744,49.955978],[19.922596,49.956002],[19.922161,49.956093],[19.922174,49.956147],[19.9225,49.956083],[19.922756,49.956026],[19.922744,49.955978]]]]}},{"type":"Feature","properties":{"warstwa":"dzialki"},"geometry":{"type":"MultiPolygon","coordinates":[[[[19.937667,49.968942],[19.9377,49.968984],[19.93833,49.968799],[19.938297,49.968757],[19.937667,49.968942]]]]}},{"type":"Feature","properties":{"warstwa":"dzialki"},"geometry":{"type":"MultiPolygon","coordinates":[[[[19.957825,49.977626],[19.957854,49.977589],[19.957781,49.977619],[19.95769,49.977656],[19.957684,49.977659],[19.957416,49.978048],[19.95748,49.978064],[19.957701,49.977784],[19.957825,49.977626]]]]}},{"type":"Feature","properties":{"warstwa":"dzialki"},"geometry":{"type":"MultiPolygon","coordinates":[[[[19.926867,49.961019],[19.926905,49.961187],[19.926945,49.961182],[19.926904,49.961003],[19.926867,49.961019]]]]}},{"type":"Feature","properties":{"warstwa":"dzialki"},"geometry":{"type":"MultiPolygon","coordinates":[[[[19.92634,49.96017],[19.926488,49.960235],[19.92669,49.960342],[19.926989,49.960468],[19.927078,49.960366],[19.926596,49.960162],[19.926436,49.960077],[19.926416,49.960096],[19.92634,49.96017]]]]}},{"type":"Feature","properties":{"warstwa":"dzialki"},"geometry":{"type":"MultiPolygon","coordinates":[[[[19.936627,49.967932],[19.936642,49.967972],[19.937051,49.967837],[19.937062,49.967788],[19.936627,49.967932]]]]}},{"type":"Feature","properties":{"warstwa":"dzialki"},"geometry":{"type":"MultiPolygon","coordinates":[[[[19.947125,49.973992],[19.947161,49.973993],[19.947158,49.97398],[19.947176,49.973853],[19.94718,49.97382],[19.947182,49.973812],[19.947187,49.973756],[19.947171,49.973819],[19.947125,49.973992]]]]}},{"type":"Feature","properties":{"warstwa":"dzialki"},"geometry":{"type":"MultiPolygon","coordinates":[[[[19.925326,49.958821],[19.925542,49.958883],[19.92567,49.958907],[19.925671,49.958902],[19.925753,49.958596],[19.925724,49.958584],[19.925247,49.958386],[19.925266,49.958526],[19.925222,49.958709],[19.925227,49.958768],[19.925228,49.958782],[19.925326,49.958821]]]]}},{"type":"Feature","properties":{"warstwa":"dzialki"},"geometry":{"type":"MultiPolygon","coordinates":[[[[19.938416,49.967771],[19.938192,49.967862],[19.937963,49.96795],[19.937859,49.967989],[19.937534,49.968095],[19.937294,49.968163],[19.937193,49.968187],[19.937166,49.968242],[19.937432,49.968173],[19.937566,49.968135],[19.937814,49.968054],[19.937998,49.967988],[19.938241,49.967895],[19.938613,49.967739],[19.938576,49.967701],[19.938416,49.967771]]]]}},{"type":"Feature","properties":{"warstwa":"dzialki"},"geometry":{"type":"MultiPolygon","coordinates":[[[[19.952529,49.976922],[19.952697,49.97655],[19.952841,49.976224],[19.952583,49.976173],[19.952365,49.976642],[19.952301,49.976777],[19.952216,49.976966],[19.952168,49.977057],[19.952292,49.977096],[19.95243,49.977123],[19.952488,49.977012],[19.952529,49.976922]]]]}},{"type":"Feature","properties":{"warstwa":"dzialki"},"geometry":{"type":"MultiPolygon","coordinates":[[[[19.936816,49.96931],[19.936918,49.969467],[19.937743,49.969243],[19.937776,49.969185],[19.93769,49.969073],[19.937248,49.969193],[19.936816,49.96931]]]]}},{"type":"Feature","properties":{"warstwa":"dzialki"},"geometry":{"type":"MultiPolygon","coordinates":[[[[19.934919,49.968839],[19.934921,49.969134],[19.935663,49.969144],[19.93576,49.968819],[19.935832,49.968654],[19.935886,49.968655],[19.935889,49.968533],[19.935896,49.968241],[19.935904,49.967923],[19.935618,49.967971],[19.93562,49.968359],[19.935591,49.968635],[19.93506,49.968574],[19.934919,49.968839]]]]}},{"type":"Feature","properties":{"warstwa":"dzialki"},"geometry":{"type":"MultiPolygon","coordinates":[[[[19.953267,49.976729],[19.953459,49.97637],[19.953214,49.976317],[19.953057,49.976633],[19.953267,49.976729]]]]}},{"type":"Feature","properties":{"warstwa":"dzialki"},"geometry":{"type":"MultiPolygon","coordinates":[[[[19.946579,49.973868],[19.946967,49.973863],[19.946991,49.973819],[19.946734,49.973822],[19.946294,49.973827],[19.946038,49.97383],[19.946004,49.97383],[19.945946,49.973795],[19.945772,49.973797],[19.945787,49.973855],[19.945793,49.973877],[19.946203,49.973873],[19.946579,49.973868]]]]}},{"type":"Feature","properties":{"warstwa":"dzialki"},"geometry":{"type":"MultiPolygon","coordinates":[[[[19.937611,49.968382],[19.937801,49.96832],[19.937996,49.968257],[19.937814,49.968054],[19.937566,49.968135],[19.937432,49.968173],[19.937611,49.968382]]]]}},{"type":"Feature","properties":{"warstwa":"dzialki"},"geometry":{"type":"MultiPolygon","coordinates":[[[[19.951853,49.976052],[19.951883,49.97581],[19.951922,49.975638],[19.951971,49.9755],[19.952036,49.975379],[19.951873,49.975355],[19.951812,49.975462],[19.951763,49.975582],[19.951719,49.975765],[19.951701,49.975926],[19.951681,49.976048],[19.951853,49.976052]]]]}},{"type":"Feature","properties":{"warstwa":"dzialki"},"geometry":{"type":"MultiPolygon","coordinates":[[[[19.937517,49.968749],[19.937667,49.968942],[19.938297,49.968757],[19.938131,49.968547],[19.938001,49.968591],[19.937948,49.968608],[19.937517,49.968749]]]]}},{"type":"Feature","properties":{"warstwa":"dzialki"},"geometry":{"type":"MultiPolygon","coordinates":[[[[19.958066,49.977871],[19.957701,49.977784],[19.95748,49.978064],[19.957642,49.978106],[19.957856,49.978165],[19.95789,49.978174],[19.957943,49.978117],[19.958066,49.977871]]]]}},{"type":"Feature","properties":{"warstwa":"dzialki"},"geometry":{"type":"MultiPolygon","coordinates":[[[[19.955206,49.976597],[19.955139,49.976812],[19.955051,49.976991],[19.955187,49.977011],[19.955307,49.977062],[19.955341,49.97704],[19.95542,49.97686],[19.955496,49.976657],[19.955505,49.976628],[19.955206,49.976597]]]]}},{"type":"Feature","properties":{"warstwa":"dzialki"},"geometry":{"type":"MultiPolygon","coordinates":[[[[19.921544,49.956069],[19.921542,49.956164],[19.921617,49.956155],[19.921618,49.956061],[19.921544,49.956069]]]]}},{"type":"Feature","properties":{"warstwa":"dzialki"},"geometry":{"type":"MultiPolygon","coordinates":[[[[19.921699,49.955555],[19.921637,49.955673],[19.921576,49.955873],[19.921544,49.956069],[19.921618,49.956061],[19.921654,49.955871],[19.921664,49.955835],[19.921711,49.955681],[19.921744,49.955622],[19.921768,49.955578],[19.921772,49.955571],[19.921877,49.955421],[19.921933,49.955353],[19.922112,49.955138],[19.922038,49.955115],[19.921773,49.955444],[19.921699,49.955555]]]]}},{"type":"Feature","properties":{"warstwa":"dzialki"},"geometry":{"type":"MultiPolygon","coordinates":[[[[19.921971,49.956023],[19.921803,49.956042],[19.921618,49.956061],[19.921617,49.956155],[19.922161,49.956093],[19.922136,49.955989],[19.922123,49.955991],[19.921971,49.956023]]]]}},{"type":"Feature","properties":{"warstwa":"dzialki"},"geometry":{"type":"MultiPolygon","coordinates":[[[[19.924146,49.959205],[19.924477,49.959273],[19.924604,49.959154],[19.924536,49.958948],[19.924802,49.958729],[19.924767,49.958729],[19.924547,49.958751],[19.924369,49.958774],[19.924364,49.958783],[19.924146,49.959205]]]]}},{"type":"Feature","properties":{"warstwa":"dzialki"},"geometry":{"type":"MultiPolygon","coordinates":[[[[19.940398,49.970957],[19.940466,49.97094],[19.940169,49.970615],[19.940019,49.970656],[19.939874,49.970737],[19.940113,49.971027],[19.940398,49.970957]]]]}},{"type":"Feature","properties":{"warstwa":"dzialki"},"geometry":{"type":"MultiPolygon","coordinates":[[[[19.920986,49.954452],[19.921036,49.954425],[19.921077,49.95441],[19.921095,49.954409],[19.921205,49.954332],[19.921219,49.954289],[19.921213,49.954254],[19.921195,49.954251],[19.921147,49.954267],[19.921086,49.954278],[19.921038,49.954295],[19.920968,49.954299],[19.920889,49.954296],[19.920844,49.954275],[19.920798,49.954161],[19.920799,49.954146],[19.920252,49.954056],[19.918689,49.9538],[19.918647,49.954123],[19.920947,49.954498],[19.920986,49.954452]]]]}},{"type":"Feature","properties":{"warstwa":"dzialki"},"geometry":{"type":"MultiPolygon","coordinates":[[[[19.946038,49.97383],[19.946037,49.973618],[19.946035,49.973383],[19.945674,49.973406],[19.945707,49.973544],[19.945772,49.973797],[19.945946,49.973795],[19.946004,49.97383],[19.946038,49.97383]]]]}},{"type":"Feature","properties":{"warstwa":"dzialki"},"geometry":{"type":"MultiPolygon","coordinates":[[[[19.947889,49.973999],[19.947889,49.97399],[19.947906,49.973864],[19.94718,49.97382],[19.947176,49.973853],[19.947624,49.97388],[19.947606,49.973997],[19.947889,49.973999]]]]}},{"type":"Feature","properties":{"warstwa":"dzialki"},"geometry":{"type":"MultiPolygon","coordinates":[[[[19.952944,49.976211],[19.953092,49.97578],[19.953235,49.975413],[19.953044,49.975339],[19.952877,49.975728],[19.952716,49.976163],[19.952944,49.976211]]]]}},{"type":"Feature","properties":{"warstwa":"dzialki"},"geometry":{"type":"MultiPolygon","coordinates":[[[[19.951449,49.976028],[19.951506,49.975692],[19.951377,49.975674],[19.950929,49.975645],[19.950905,49.975973],[19.951449,49.976028]]]]}},{"type":"Feature","properties":{"warstwa":"dzialki"},"geometry":{"type":"MultiPolygon","coordinates":[[[[19.937057,49.9689],[19.937248,49.969193],[19.93769,49.969073],[19.937604,49.96896],[19.937492,49.968817],[19.937393,49.96879],[19.937057,49.9689]]]]}},{"type":"Feature","properties":{"warstwa":"dzialki"},"geometry":{"type":"MultiPolygon","coordinates":[[[[19.947161,49.973993],[19.947606,49.973997],[19.947624,49.97388],[19.947176,49.973853],[19.947158,49.97398],[19.947161,49.973993]]]]}},{"type":"Feature","properties":{"warstwa":"dzialki"},"geometry":{"type":"MultiPolygon","coordinates":[[[[19.922782,49.956136],[19.922756,49.956026],[19.9225,49.956083],[19.922174,49.956147],[19.922195,49.956238],[19.922782,49.956136]]]]}},{"type":"Feature","properties":{"warstwa":"dzialki"},"geometry":{"type":"MultiPolygon","coordinates":[[[[19.94082,49.970525],[19.941047,49.97102],[19.941382,49.970957],[19.941176,49.970468],[19.94082,49.970525]]]]}},{"type":"Feature","properties":{"warstwa":"dzialki"},"geometry":{"type":"MultiPolygon","coordinates":[[[[19.929546,49.963548],[19.929648,49.963609],[19.930241,49.963214],[19.930168,49.963131],[19.929546,49.963548]]]]}},{"type":"Feature","properties":{"warstwa":"dzialki"},"geometry":{"type":"MultiPolygon","coordinates":[[[[19.926713,49.96099],[19.926869,49.960978],[19.926874,49.960905],[19.926727,49.960879],[19.926713,49.96099]]]]}},{"type":"Feature","properties":{"warstwa":"dzialki"},"geometry":{"type":"MultiPolygon","coordinates":[[[[19.948834,49.974268],[19.948723,49.974265],[19.948761,49.974293],[19.948712,49.974699],[19.94878,49.974745],[19.94885,49.974707],[19.948791,49.974626],[19.948834,49.974268]]]]}},{"type":"Feature","properties":{"warstwa":"dzialki"},"geometry":{"type":"MultiPolygon","coordinates":[[[[19.917888,49.959635],[19.917857,49.959567],[19.917941,49.959116],[19.917996,49.958819],[19.918033,49.95862],[19.918039,49.958591],[19.918043,49.95857],[19.918059,49.958481],[19.918069,49.958425],[19.918082,49.958347],[19.918114,49.958159],[19.918117,49.958141],[19.918153,49.957936],[19.918161,49.957892],[19.918231,49.957481],[19.918265,49.957285],[19.918299,49.957088],[19.918309,49.957033],[19.918318,49.956901],[19.918435,49.956302],[19.918438,49.956286],[19.918533,49.955678],[19.918562,49.954995],[19.918572,49.95476],[19.918599,49.954491],[19.918647,49.954123],[19.918689,49.9538],[19.91869,49.953659],[19.918811,49.952875],[19.91873,49.952899],[19.918668,49.953305],[19.918599,49.953662],[19.918498,49.954757],[19.918475,49.955008],[19.918418,49.955035],[19.918408,49.955095],[19.918463,49.955128],[19.918439,49.955411],[19.918411,49.955726],[19.918383,49.95604],[19.918361,49.956285],[19.918234,49.957012],[19.918177,49.957339],[19.918081,49.957906],[19.918026,49.95823],[19.918012,49.958313],[19.917982,49.958491],[19.917974,49.958539],[19.917963,49.958605],[19.917922,49.958817],[19.917864,49.959116],[19.917836,49.959263],[19.917834,49.959275],[19.917824,49.959329],[19.917779,49.959568],[19.917719,49.959601],[19.917773,49.959604],[19.917888,49.959635]]]]}},{"type":"Feature","properties":{"warstwa":"dzialki"},"geometry":{"type":"MultiPolygon","coordinates":[[[[19.954443,49.97815],[19.954495,49.978047],[19.954581,49.977877],[19.954715,49.977594],[19.954757,49.977497],[19.954843,49.977336],[19.954879,49.977274],[19.954989,49.977092],[19.95489,49.977067],[19.954775,49.977254],[19.954631,49.977531],[19.954492,49.977825],[19.954376,49.978042],[19.954323,49.978144],[19.954443,49.97815]]]]}},{"type":"Feature","properties":{"warstwa":"dzialki"},"geometry":{"type":"MultiPolygon","coordinates":[[[[19.925269,49.959469],[19.925384,49.959462],[19.925608,49.959512],[19.925715,49.959378],[19.926063,49.959016],[19.926109,49.958971],[19.92588,49.958959],[19.925837,49.959048],[19.925755,49.959067],[19.925617,49.959122],[19.92544,49.959167],[19.925318,49.959316],[19.925269,49.959469]]]]}},{"type":"Feature","properties":{"warstwa":"dzialki"},"geometry":{"type":"MultiPolygon","coordinates":[[[[19.954415,49.97774],[19.954255,49.978038],[19.954208,49.978127],[19.954323,49.978144],[19.954376,49.978042],[19.954492,49.977825],[19.954631,49.977531],[19.954775,49.977254],[19.95489,49.977067],[19.954806,49.977034],[19.954666,49.977249],[19.954521,49.977524],[19.954415,49.97774]]]]}},{"type":"Feature","properties":{"warstwa":"dzialki"},"geometry":{"type":"MultiPolygon","coordinates":[[[[19.938883,49.968586],[19.938332,49.968802],[19.93853,49.969058],[19.939138,49.968819],[19.938973,49.968602],[19.938883,49.968586]]]]}},{"type":"Feature","properties":{"warstwa":"dzialki"},"geometry":{"type":"MultiPolygon","coordinates":[[[[19.940271,49.970478],[19.94062,49.970432],[19.940148,49.969731],[19.940048,49.969752],[19.939526,49.969861],[19.940055,49.970482],[19.940271,49.970478]]]]}},{"type":"Feature","properties":{"warstwa":"dzialki"},"geometry":{"type":"MultiPolygon","coordinates":[[[[19.946571,49.974173],[19.946579,49.973868],[19.946203,49.973873],[19.946209,49.974169],[19.94644,49.974171],[19.946571,49.974173]]]]}},{"type":"Feature","properties":{"warstwa":"dzialki"},"geometry":{"type":"MultiPolygon","coordinates":[[[[19.938426,49.968088],[19.938241,49.967895],[19.937998,49.967988],[19.937814,49.968054],[19.937996,49.968257],[19.938426,49.968088]]]]}},{"type":"Feature","properties":{"warstwa":"dzialki"},"geometry":{"type":"MultiPolygon","coordinates":[[[[19.955562,49.976505],[19.955542,49.976549],[19.955505,49.976628],[19.955496,49.976657],[19.95542,49.97686],[19.955341,49.97704],[19.955307,49.977062],[19.955496,49.977099],[19.955512,49.977102],[19.955762,49.977147],[19.955853,49.976825],[19.955951,49.976584],[19.955719,49.976536],[19.955562,49.976505]]]]}},{"type":"Feature","properties":{"warstwa":"dzialki"},"geometry":{"type":"MultiPolygon","coordinates":[[[[19.948017,49.974243],[19.947958,49.974728],[19.948009,49.974729],[19.948326,49.974744],[19.948334,49.974681],[19.948389,49.974252],[19.948017,49.974243]]]]}},{"type":"Feature","properties":{"warstwa":"dzialki"},"geometry":{"type":"MultiPolygon","coordinates":[[[[19.944712,49.972963],[19.944776,49.973202],[19.94488,49.973591],[19.944917,49.973741],[19.944973,49.973735],[19.944989,49.9738],[19.945304,49.973764],[19.945261,49.973565],[19.945238,49.973465],[19.945117,49.973214],[19.945042,49.973058],[19.944952,49.972882],[19.944899,49.972892],[19.94477,49.972867],[19.944748,49.972869],[19.944717,49.972889],[19.944718,49.972932],[19.944712,49.972963]]]]}},{"type":"Feature","properties":{"warstwa":"dzialki"},"geometry":{"type":"MultiPolygon","coordinates":[[[[19.955215,49.977692],[19.955442,49.977738],[19.955506,49.977751],[19.955667,49.977381],[19.955762,49.977147],[19.955512,49.977102],[19.955492,49.977143],[19.955467,49.977191],[19.95533,49.977456],[19.955215,49.977692]]]]}},{"type":"Feature","properties":{"warstwa":"dzialki"},"geometry":{"type":"MultiPolygon","coordinates":[[[[19.926512,49.960022],[19.926705,49.960122],[19.927112,49.960304],[19.927228,49.960057],[19.92727,49.960023],[19.927373,49.959999],[19.927249,49.959899],[19.926997,49.959734],[19.926904,49.959789],[19.926512,49.960022]]]]}},{"type":"Feature","properties":{"warstwa":"dzialki"},"geometry":{"type":"MultiPolygon","coordinates":[[[[19.937108,49.968528],[19.937281,49.968776],[19.937486,49.968709],[19.937621,49.968664],[19.937448,49.968429],[19.937108,49.968528]]]]}},{"type":"Feature","properties":{"warstwa":"dzialki"},"geometry":{"type":"MultiPolygon","coordinates":[[[[19.935889,49.968533],[19.936191,49.968527],[19.936192,49.968515],[19.936244,49.968516],[19.936234,49.968289],[19.936232,49.968235],[19.935896,49.968241],[19.935889,49.968533]]]]}},{"type":"Feature","properties":{"warstwa":"dzialki"},"geometry":{"type":"MultiPolygon","coordinates":[[[[19.93328,49.96556],[19.93334,49.965583],[19.933642,49.965695],[19.933962,49.965244],[19.933822,49.965184],[19.933545,49.965109],[19.93328,49.96556]]]]}},{"type":"Feature","properties":{"warstwa":"dzialki"},"geometry":{"type":"MultiPolygon","coordinates":[[[[19.928643,49.962791],[19.928665,49.962938],[19.928645,49.963],[19.928776,49.962985],[19.929076,49.962964],[19.929275,49.962954],[19.929432,49.962952],[19.929603,49.962858],[19.929725,49.962738],[19.929763,49.962651],[19.928981,49.962594],[19.928643,49.962791]]]]}},{"type":"Feature","properties":{"warstwa":"dzialki"},"geometry":{"type":"MultiPolygon","coordinates":[[[[19.946294,49.973827],[19.946734,49.973822],[19.9467,49.973589],[19.946383,49.973586],[19.946382,49.973621],[19.946037,49.973618],[19.946038,49.97383],[19.946294,49.973827]]]]}},{"type":"Feature","properties":{"warstwa":"dzialki"},"geometry":{"type":"MultiPolygon","coordinates":[[[[19.956913,49.978697],[19.956933,49.97867],[19.956863,49.97839],[19.956805,49.978128],[19.956767,49.977952],[19.956506,49.978035],[19.956539,49.978119],[19.956561,49.978173],[19.956631,49.978418],[19.956678,49.978659],[19.956913,49.978697]]]]}},{"type":"Feature","properties":{"warstwa":"dzialki"},"geometry":{"type":"MultiPolygon","coordinates":[[[[19.936889,49.968954],[19.937057,49.9689],[19.937393,49.96879],[19.937492,49.968817],[19.937604,49.96896],[19.93769,49.969073],[19.937776,49.969185],[19.937869,49.969306],[19.937972,49.96944],[19.937981,49.969438],[19.937613,49.968958],[19.937464,49.968766],[19.937517,49.968749],[19.937486,49.968709],[19.937281,49.968776],[19.936875,49.968909],[19.936668,49.968898],[19.936657,49.96891],[19.936648,49.96892],[19.936574,49.968985],[19.93655,49.969003],[19.93661,49.968995],[19.936889,49.968954]]]]}},{"type":"Feature","properties":{"warstwa":"dzialki"},"geometry":{"type":"MultiPolygon","coordinates":[[[[19.940398,49.970957],[19.940522,49.971098],[19.940757,49.971057],[19.94052,49.970558],[19.940169,49.970615],[19.940466,49.97094],[19.940398,49.970957]]]]}},{"type":"Feature","properties":{"warstwa":"dzialki"},"geometry":{"type":"MultiPolygon","coordinates":[[[[19.924627,49.959048],[19.925318,49.959316],[19.92544,49.959167],[19.925617,49.959122],[19.925755,49.959067],[19.925837,49.959048],[19.925726,49.95895],[19.925671,49.958949],[19.92544,49.9589],[19.925337,49.958867],[19.925113,49.958768],[19.924627,49.959048]]]]}},{"type":"Feature","properties":{"warstwa":"dzialki"},"geometry":{"type":"MultiPolygon","coordinates":[[[[19.924724,49.958043],[19.924736,49.958191],[19.924746,49.958271],[19.924759,49.958271],[19.925083,49.958263],[19.925236,49.958322],[19.925247,49.958386],[19.925291,49.958359],[19.925566,49.958248],[19.925407,49.958183],[19.925488,49.958101],[19.925343,49.958037],[19.925224,49.95798],[19.924945,49.957928],[19.924892,49.957997],[19.924724,49.958043]]]]}},{"type":"Feature","properties":{"warstwa":"dzialki"},"geometry":{"type":"MultiPolygon","coordinates":[[[[19.926739,49.960785],[19.926866,49.960777],[19.926848,49.960702],[19.926751,49.960695],[19.926739,49.960785]]]]}},{"type":"Feature","properties":{"warstwa":"dzialki"},"geometry":{"type":"MultiPolygon","coordinates":[[[[19.922195,49.956238],[19.921615,49.956338],[19.921611,49.956381],[19.921912,49.956329],[19.922416,49.956221],[19.92257,49.956197],[19.92279,49.956168],[19.922782,49.956136],[19.922195,49.956238]]]]}},{"type":"Feature","properties":{"warstwa":"dzialki"},"geometry":{"type":"MultiPolygon","coordinates":[[[[19.922331,49.955633],[19.922347,49.955588],[19.922277,49.955587],[19.921768,49.955578],[19.921744,49.955622],[19.922194,49.95563],[19.922278,49.955632],[19.922331,49.955633]]]]}},{"type":"Feature","properties":{"warstwa":"dzialki"},"geometry":{"type":"MultiPolygon","coordinates":[[[[19.95458,49.976201],[19.954445,49.976197],[19.954374,49.97619],[19.954239,49.976441],[19.954118,49.976651],[19.954194,49.976705],[19.95428,49.976747],[19.954432,49.976507],[19.95458,49.976201]]]]}},{"type":"Feature","properties":{"warstwa":"dzialki"},"geometry":{"type":"MultiPolygon","coordinates":[[[[19.951873,49.975355],[19.951894,49.975321],[19.952107,49.974984],[19.952224,49.974792],[19.952235,49.97476],[19.952105,49.974722],[19.95178,49.975193],[19.951648,49.975504],[19.951568,49.976038],[19.951681,49.976048],[19.951701,49.975926],[19.951719,49.975765],[19.951763,49.975582],[19.951812,49.975462],[19.951873,49.975355]]]]}},{"type":"Feature","properties":{"warstwa":"dzialki"},"geometry":{"type":"MultiPolygon","coordinates":[[[[19.936227,49.968109],[19.936232,49.968235],[19.936234,49.968289],[19.936874,49.968306],[19.936919,49.968208],[19.937051,49.967837],[19.936642,49.967972],[19.936227,49.968109]]]]}},{"type":"Feature","properties":{"warstwa":"dzialki"},"geometry":{"type":"MultiPolygon","coordinates":[[[[19.940055,49.970482],[19.939526,49.969861],[19.939205,49.969933],[19.939755,49.9706],[19.940055,49.970482]]]]}},{"type":"Feature","properties":{"warstwa":"dzialki"},"geometry":{"type":"MultiPolygon","coordinates":[[[[19.957684,49.977659],[19.95769,49.977656],[19.95754,49.977718],[19.957392,49.977761],[19.957247,49.977832],[19.956948,49.977871],[19.956759,49.977919],[19.956767,49.977952],[19.957216,49.977852],[19.95758,49.97771],[19.957684,49.977659]]]]}},{"type":"Feature","properties":{"warstwa":"dzialki"},"geometry":{"type":"MultiPolygon","coordinates":[[[[19.94875,49.975012],[19.948792,49.975015],[19.949251,49.975049],[19.949154,49.974722],[19.94885,49.974707],[19.94878,49.974745],[19.94875,49.975012]]]]}},{"type":"Feature","properties":{"warstwa":"dzialki"},"geometry":{"type":"MultiPolygon","coordinates":[[[[19.936002,49.96752],[19.936058,49.967662],[19.936152,49.967896],[19.936227,49.968109],[19.936642,49.967972],[19.936627,49.967932],[19.936384,49.96729],[19.936086,49.967415],[19.936067,49.967491],[19.936002,49.96752]]]]}},{"type":"Feature","properties":{"warstwa":"dzialki"},"geometry":{"type":"MultiPolygon","coordinates":[[[[19.921654,49.955871],[19.921618,49.956061],[19.921803,49.956042],[19.921971,49.956023],[19.922123,49.955991],[19.922169,49.955823],[19.921664,49.955835],[19.921654,49.955871]]]]}},{"type":"Feature","properties":{"warstwa":"dzialki"},"geometry":{"type":"MultiPolygon","coordinates":[[[[19.947958,49.974728],[19.948017,49.974243],[19.947886,49.974239],[19.947543,49.974231],[19.947535,49.974291],[19.947479,49.974714],[19.947647,49.974717],[19.947958,49.974728]]]]}},{"type":"Feature","properties":{"warstwa":"dzialki"},"geometry":{"type":"MultiPolygon","coordinates":[[[[19.935896,49.968241],[19.936232,49.968235],[19.936227,49.968109],[19.936152,49.967896],[19.935904,49.967923],[19.935896,49.968241]]]]}},{"type":"Feature","properties":{"warstwa":"dzialki"},"geometry":{"type":"MultiPolygon","coordinates":[[[[19.939334,49.969077],[19.939138,49.968819],[19.93853,49.969058],[19.938724,49.969316],[19.939334,49.969077]]]]}},{"type":"Feature","properties":{"warstwa":"dzialki"},"geometry":{"type":"MultiPolygon","coordinates":[[[[19.952716,49.976163],[19.952877,49.975728],[19.953044,49.975339],[19.95282,49.975356],[19.952748,49.975361],[19.952587,49.975773],[19.952461,49.976114],[19.952716,49.976163]]]]}},{"type":"Feature","properties":{"warstwa":"dzialki"},"geometry":{"type":"MultiPolygon","coordinates":[[[[19.938863,49.972197],[19.93887,49.972201],[19.939088,49.972085],[19.939264,49.97199],[19.939351,49.971985],[19.939661,49.971927],[19.939942,49.971873],[19.940242,49.971817],[19.940563,49.971774],[19.940915,49.971726],[19.94123,49.971684],[19.941261,49.971677],[19.9416,49.9716],[19.941508,49.971314],[19.939512,49.971675],[19.939367,49.971577],[19.93927,49.97165],[19.93918,49.97171],[19.939019,49.9718],[19.9386,49.971949],[19.938759,49.972136],[19.938863,49.972197]]]]}},{"type":"Feature","properties":{"warstwa":"dzialki"},"geometry":{"type":"MultiPolygon","coordinates":[[[[19.937448,49.968429],[19.937621,49.968664],[19.937971,49.96855],[19.937801,49.96832],[19.937611,49.968382],[19.937448,49.968429]]]]}},{"type":"Feature","properties":{"warstwa":"dzialki"},"geometry":{"type":"MultiPolygon","coordinates":[[[[19.924746,49.958271],[19.924798,49.958689],[19.924896,49.958686],[19.925031,49.958705],[19.925228,49.958782],[19.925227,49.958768],[19.925222,49.958709],[19.925266,49.958526],[19.925247,49.958386],[19.925236,49.958322],[19.925083,49.958263],[19.924759,49.958271],[19.924746,49.958271]]]]}},{"type":"Feature","properties":{"warstwa":"dzialki"},"geometry":{"type":"MultiPolygon","coordinates":[[[[19.943316,49.971312],[19.943612,49.972142],[19.943862,49.97284],[19.943949,49.972855],[19.943992,49.972884],[19.944169,49.973011],[19.944266,49.972986],[19.94431,49.973005],[19.944308,49.972998],[19.94403,49.972285],[19.94362,49.971235],[19.943316,49.971312]]]]}},{"type":"Feature","properties":{"warstwa":"dzialki"},"geometry":{"type":"MultiPolygon","coordinates":[[[[19.933642,49.965695],[19.933738,49.96573],[19.934011,49.965806],[19.93411,49.96567],[19.934401,49.965347],[19.934599,49.965127],[19.934394,49.965085],[19.934319,49.965047],[19.93413,49.964968],[19.934066,49.965288],[19.933962,49.965244],[19.933642,49.965695]]]]}},{"type":"Feature","properties":{"warstwa":"dzialki"},"geometry":{"type":"MultiPolygon","coordinates":[[[[19.92634,49.96017],[19.926416,49.960096],[19.925809,49.95982],[19.925733,49.959909],[19.92634,49.96017]]]]}},{"type":"Feature","properties":{"warstwa":"dzialki"},"geometry":{"type":"MultiPolygon","coordinates":[[[[19.9467,49.973589],[19.946675,49.973422],[19.946659,49.973312],[19.946405,49.973325],[19.946397,49.97336],[19.946035,49.973383],[19.946037,49.973618],[19.946382,49.973621],[19.946383,49.973586],[19.9467,49.973589]]]]}},{"type":"Feature","properties":{"warstwa":"dzialki"},"geometry":{"type":"MultiPolygon","coordinates":[[[[19.949614,49.975206],[19.949617,49.975137],[19.949458,49.975034],[19.94939,49.974969],[19.949338,49.974885],[19.94921,49.974809],[19.949192,49.974644],[19.949192,49.974453],[19.949104,49.974442],[19.949113,49.974587],[19.949154,49.974722],[19.949251,49.975049],[19.949272,49.975119],[19.94929,49.975202],[19.949614,49.975206]]]]}},{"type":"Feature","properties":{"warstwa":"dzialki"},"geometry":{"type":"MultiPolygon","coordinates":[[[[19.942029,49.970273],[19.942262,49.970911],[19.942222,49.970917],[19.942449,49.971536],[19.942621,49.971508],[19.942621,49.971449],[19.94272,49.971433],[19.942289,49.970233],[19.942029,49.970273]]]]}},{"type":"Feature","properties":{"warstwa":"dzialki"},"geometry":{"type":"MultiPolygon","coordinates":[[[[19.919948,49.955153],[19.920097,49.954936],[19.920248,49.954748],[19.920131,49.954731],[19.919243,49.954604],[19.918599,49.954491],[19.918572,49.95476],[19.918562,49.954995],[19.919995,49.955225],[19.919948,49.955153]]]]}},{"type":"Feature","properties":{"warstwa":"dzialki"},"geometry":{"type":"MultiPolygon","coordinates":[[[[19.928878,49.96502],[19.928976,49.965053],[19.929131,49.965062],[19.929971,49.96442],[19.930786,49.963847],[19.931016,49.963724],[19.930951,49.96374],[19.930817,49.96379],[19.93055,49.963891],[19.930272,49.963975],[19.930186,49.963981],[19.929628,49.964164],[19.929481,49.964283],[19.929477,49.964286],[19.92971,49.9645],[19.928878,49.96502]]]]}},{"type":"Feature","properties":{"warstwa":"dzialki"},"geometry":{"type":"MultiPolygon","coordinates":[[[[19.953007,49.977901],[19.953082,49.977936],[19.953148,49.977999],[19.953273,49.978171],[19.953349,49.978053],[19.953378,49.978007],[19.953554,49.977731],[19.953792,49.977215],[19.953925,49.976937],[19.95406,49.976647],[19.953693,49.976445],[19.95341,49.977049],[19.95316,49.977574],[19.953007,49.977901]]]]}},{"type":"Feature","properties":{"warstwa":"dzialki"},"geometry":{"type":"MultiPolygon","coordinates":[[[[19.938131,49.968547],[19.938297,49.968757],[19.93833,49.968799],[19.938332,49.968802],[19.938883,49.968586],[19.938934,49.968551],[19.938746,49.968303],[19.938131,49.968547]]]]}},{"type":"Feature","properties":{"warstwa":"dzialki"},"geometry":{"type":"MultiPolygon","coordinates":[[[[19.955051,49.976991],[19.955139,49.976812],[19.955206,49.976597],[19.955163,49.976589],[19.955064,49.97657],[19.954929,49.976558],[19.95491,49.976581],[19.954794,49.976555],[19.954628,49.976926],[19.954817,49.977017],[19.954951,49.977067],[19.954996,49.977066],[19.955051,49.976991]]]]}},{"type":"Feature","properties":{"warstwa":"dzialki"},"geometry":{"type":"MultiPolygon","coordinates":[[[[19.918668,49.953305],[19.91764,49.953257],[19.917603,49.953598],[19.917453,49.954996],[19.918418,49.955035],[19.918475,49.955008],[19.918498,49.954757],[19.918599,49.953662],[19.918668,49.953305]]]]}},{"type":"Feature","properties":{"warstwa":"dzialki"},"geometry":{"type":"MultiPolygon","coordinates":[[[[19.933007,49.964794],[19.933182,49.964916],[19.933513,49.964926],[19.933459,49.964748],[19.933378,49.964631],[19.933252,49.964526],[19.933235,49.964508],[19.933063,49.964724],[19.933007,49.964794]]]]}},{"type":"Feature","properties":{"warstwa":"dzialki"},"geometry":{"type":"MultiPolygon","coordinates":[[[[19.923336,49.958519],[19.923359,49.95857],[19.9234,49.958628],[19.923482,49.958695],[19.923457,49.958766],[19.923748,49.958792],[19.923928,49.958798],[19.924137,49.958783],[19.924524,49.958707],[19.924798,49.958689],[19.924746,49.958271],[19.924736,49.958191],[19.923913,49.958218],[19.923407,49.958241],[19.923356,49.95828],[19.923336,49.958519]]]]}},{"type":"Feature","properties":{"warstwa":"dzialki"},"geometry":{"type":"MultiPolygon","coordinates":[[[[19.954066,49.97616],[19.954044,49.976176],[19.953961,49.976327],[19.953832,49.976434],[19.953875,49.976486],[19.953957,49.976553],[19.954118,49.976651],[19.954239,49.976441],[19.954374,49.97619],[19.954183,49.976172],[19.954066,49.97616]]]]}},{"type":"Feature","properties":{"warstwa":"dzialki"},"geometry":{"type":"MultiPolygon","coordinates":[[[[19.939689,49.97096],[19.939757,49.970844],[19.939825,49.97077],[19.939874,49.970737],[19.939794,49.97064],[19.939701,49.970702],[19.939664,49.970752],[19.939528,49.971023],[19.939504,49.971103],[19.939486,49.971278],[19.939575,49.971263],[19.939689,49.97096]]]]}},{"type":"Feature","properties":{"warstwa":"dzialki"},"geometry":{"type":"MultiPolygon","coordinates":[[[[19.935592,49.966949],[19.935911,49.966995],[19.935988,49.96707],[19.936582,49.967098],[19.936398,49.966612],[19.936313,49.966642],[19.936272,49.966628],[19.936116,49.966643],[19.935993,49.966559],[19.935946,49.966527],[19.935816,49.966487],[19.935603,49.966603],[19.935592,49.966949]]]]}},{"type":"Feature","properties":{"warstwa":"dzialki"},"geometry":{"type":"MultiPolygon","coordinates":[[[[19.954225,49.976959],[19.954308,49.976789],[19.95406,49.976647],[19.953925,49.976937],[19.954225,49.976959]]]]}},{"type":"Feature","properties":{"warstwa":"dzialki"},"geometry":{"type":"MultiPolygon","coordinates":[[[[19.937193,49.968187],[19.937294,49.968163],[19.937534,49.968095],[19.937859,49.967989],[19.937963,49.96795],[19.937774,49.967799],[19.937233,49.967973],[19.937193,49.968187]]]]}},{"type":"Feature","properties":{"warstwa":"dzialki"},"geometry":{"type":"MultiPolygon","coordinates":[[[[19.945304,49.973764],[19.94537,49.974069],[19.945375,49.97409],[19.945383,49.974124],[19.945628,49.974106],[19.945843,49.97409],[19.945855,49.974096],[19.94581,49.973947],[19.945793,49.973877],[19.945787,49.973855],[19.945772,49.973797],[19.945707,49.973544],[19.94548,49.973549],[19.945261,49.973565],[19.945304,49.973764]]]]}},{"type":"Feature","properties":{"warstwa":"dzialki"},"geometry":{"type":"MultiPolygon","coordinates":[[[[19.946991,49.973819],[19.947004,49.973722],[19.947029,49.973414],[19.946675,49.973422],[19.9467,49.973589],[19.946734,49.973822],[19.946991,49.973819]]]]}},{"type":"Feature","properties":{"warstwa":"dzialki"},"geometry":{"type":"MultiPolygon","coordinates":[[[[19.953925,49.976937],[19.953792,49.977215],[19.953554,49.977731],[19.953378,49.978007],[19.953349,49.978053],[19.953273,49.978171],[19.953477,49.978388],[19.953541,49.978276],[19.953697,49.978019],[19.953795,49.977855],[19.953833,49.977782],[19.953869,49.977712],[19.954225,49.976959],[19.953925,49.976937]]]]}},{"type":"Feature","properties":{"warstwa":"dzialki"},"geometry":{"type":"MultiPolygon","coordinates":[[[[19.94986,49.975878],[19.949933,49.975884],[19.950081,49.97574],[19.950129,49.975606],[19.950213,49.975569],[19.950433,49.975592],[19.950681,49.975619],[19.950929,49.975645],[19.950951,49.975601],[19.950551,49.975559],[19.950152,49.975517],[19.950067,49.975554],[19.950014,49.975726],[19.94986,49.975878]]]]}},{"type":"Feature","properties":{"warstwa":"dzialki"},"geometry":{"type":"MultiPolygon","coordinates":[[[[19.936244,49.968516],[19.936307,49.968533],[19.936319,49.968766],[19.936458,49.968772],[19.936537,49.968776],[19.936729,49.968574],[19.936244,49.968516]]]]}},{"type":"Feature","properties":{"warstwa":"dzialki"},"geometry":{"type":"MultiPolygon","coordinates":[[[[19.950098,49.975204],[19.950074,49.975303],[19.950462,49.975297],[19.950441,49.974636],[19.950529,49.974636],[19.950535,49.974268],[19.950509,49.974245],[19.950418,49.974228],[19.950102,49.974209],[19.950094,49.974676],[19.950093,49.974965],[19.950098,49.975204]]]]}},{"type":"Feature","properties":{"warstwa":"dzialki"},"geometry":{"type":"MultiPolygon","coordinates":[[[[19.925661,49.95821],[19.925566,49.958248],[19.925291,49.958359],[19.925247,49.958386],[19.925724,49.958584],[19.925931,49.958301],[19.92582,49.958252],[19.925661,49.95821]]]]}},{"type":"Feature","properties":{"warstwa":"dzialki"},"geometry":{"type":"MultiPolygon","coordinates":[[[[19.951568,49.976038],[19.951648,49.975504],[19.95178,49.975193],[19.952105,49.974722],[19.952055,49.97471],[19.951925,49.974686],[19.951856,49.974803],[19.951724,49.974986],[19.951431,49.975477],[19.951377,49.975674],[19.951506,49.975692],[19.951449,49.976028],[19.951568,49.976038]]]]}},{"type":"Feature","properties":{"warstwa":"dzialki"},"geometry":{"type":"MultiPolygon","coordinates":[[[[19.941261,49.971677],[19.941653,49.972594],[19.941897,49.972543],[19.941799,49.972243],[19.941623,49.971671],[19.9416,49.9716],[19.941261,49.971677]]]]}},{"type":"Feature","properties":{"warstwa":"dzialki"},"geometry":{"type":"MultiPolygon","coordinates":[[[[19.950615,49.975947],[19.950905,49.975973],[19.950929,49.975645],[19.950681,49.975619],[19.950615,49.975947]]]]}},{"type":"Feature","properties":{"warstwa":"dzialki"},"geometry":{"type":"MultiPolygon","coordinates":[[[[19.956962,49.978705],[19.957416,49.978048],[19.957684,49.977659],[19.95758,49.97771],[19.957216,49.977852],[19.956767,49.977952],[19.956805,49.978128],[19.956863,49.97839],[19.956933,49.97867],[19.956913,49.978697],[19.956962,49.978705]]]]}},{"type":"Feature","properties":{"warstwa":"dzialki"},"geometry":{"type":"MultiPolygon","coordinates":[[[[19.929222,49.96535],[19.929268,49.965468],[19.930406,49.964548],[19.930703,49.964346],[19.931116,49.964053],[19.931446,49.963837],[19.931358,49.963774],[19.930803,49.964118],[19.929861,49.964839],[19.929222,49.96535]]]]}},{"type":"Feature","properties":{"warstwa":"dzialki"},"geometry":{"type":"MultiPolygon","coordinates":[[[[19.941733,49.970326],[19.94219,49.971571],[19.942319,49.971557],[19.942449,49.971536],[19.942222,49.970917],[19.942262,49.970911],[19.942029,49.970273],[19.941973,49.970282],[19.941733,49.970326]]]]}},{"type":"Feature","properties":{"warstwa":"dzialki"},"geometry":{"type":"MultiPolygon","coordinates":[[[[19.932647,49.966079],[19.932767,49.966111],[19.932932,49.96619],[19.932879,49.966314],[19.932994,49.966325],[19.933168,49.96629],[19.93332,49.966238],[19.933474,49.96638],[19.933515,49.966423],[19.933596,49.966416],[19.934011,49.965806],[19.933738,49.96573],[19.933642,49.965695],[19.93334,49.965583],[19.93328,49.96556],[19.932863,49.965982],[19.932748,49.966051],[19.932647,49.966079]]]]}},{"type":"Feature","properties":{"warstwa":"dzialki"},"geometry":{"type":"MultiPolygon","coordinates":[[[[19.956949,49.977844],[19.956973,49.977804],[19.957035,49.977599],[19.957137,49.977311],[19.956899,49.977287],[19.956874,49.977283],[19.95684,49.97728],[19.956819,49.977322],[19.956782,49.977394],[19.956756,49.977446],[19.956819,49.97746],[19.956668,49.977898],[19.956679,49.977896],[19.956949,49.977844]]]]}},{"type":"Feature","properties":{"warstwa":"dzialki"},"geometry":{"type":"MultiPolygon","coordinates":[[[[19.92901,49.959289],[19.928986,49.959317],[19.928982,49.959322],[19.928856,49.959447],[19.928757,49.959521],[19.928665,49.959581],[19.928467,49.959694],[19.928418,49.959712],[19.928323,49.959761],[19.928247,49.959793],[19.927987,49.959919],[19.92775,49.959991],[19.927526,49.959994],[19.927373,49.959999],[19.92727,49.960023],[19.927228,49.960057],[19.927112,49.960304],[19.927078,49.960366],[19.926989,49.960468],[19.926922,49.96053],[19.926852,49.960617],[19.926848,49.960702],[19.926866,49.960777],[19.926876,49.960863],[19.926874,49.960905],[19.926869,49.960978],[19.926713,49.96099],[19.926568,49.961011],[19.926206,49.961027],[19.926071,49.961029],[19.925708,49.961023],[19.925347,49.960951],[19.925246,49.960947],[19.925221,49.960951],[19.925145,49.960954],[19.925052,49.960989],[19.924727,49.961173],[19.924693,49.961193],[19.924395,49.961376],[19.92433,49.961417],[19.924296,49.96144],[19.924189,49.961513],[19.924012,49.96166],[19.923987,49.961681],[19.923927,49.961721],[19.923829,49.961787],[19.923742,49.96182],[19.923698,49.961852],[19.923579,49.961961],[19.923641,49.961939],[19.923762,49.961846],[19.923964,49.961762],[19.924012,49.961734],[19.924145,49.961604],[19.924273,49.961497],[19.924379,49.961424],[19.924703,49.961215],[19.925144,49.960997],[19.925214,49.960982],[19.925352,49.960981],[19.925638,49.961045],[19.925721,49.961049],[19.926324,49.961044],[19.926674,49.96102],[19.926867,49.961019],[19.926904,49.961003],[19.926921,49.960873],[19.92689,49.960632],[19.926968,49.960531],[19.927028,49.960489],[19.927145,49.96033],[19.927277,49.960067],[19.927299,49.960056],[19.927362,49.960035],[19.927752,49.96002],[19.92801,49.959961],[19.928304,49.959809],[19.928431,49.959756],[19.928505,49.95974],[19.928519,49.959731],[19.928664,49.959641],[19.929041,49.95935],[19.9291,49.959289],[19.929202,49.959194],[19.929138,49.95914],[19.92901,49.959289]]]]}},{"type":"Feature","properties":{"warstwa":"dzialki"},"geometry":{"type":"MultiPolygon","coordinates":[[[[19.937801,49.96832],[19.937971,49.96855],[19.938001,49.968591],[19.938131,49.968547],[19.938746,49.968303],[19.939353,49.968061],[19.939215,49.96791],[19.939115,49.967811],[19.938806,49.967935],[19.938426,49.968088],[19.937996,49.968257],[19.937801,49.96832]]]]}},{"type":"Feature","properties":{"warstwa":"dzialki"},"geometry":{"type":"MultiPolygon","coordinates":[[[[19.921664,49.955835],[19.922169,49.955823],[19.922217,49.955648],[19.922194,49.95563],[19.921744,49.955622],[19.921711,49.955681],[19.921664,49.955835]]]]}},{"type":"Feature","properties":{"warstwa":"dzialki"},"geometry":{"type":"MultiPolygon","coordinates":[[[[19.950615,49.975947],[19.950681,49.975619],[19.950433,49.975592],[19.950325,49.97592],[19.950379,49.975923],[19.950615,49.975947]]]]}},{"type":"Feature","properties":{"warstwa":"dzialki"},"geometry":{"type":"MultiPolygon","coordinates":[[[[19.933596,49.966416],[19.933883,49.966502],[19.933882,49.966567],[19.934197,49.966645],[19.934195,49.966604],[19.934247,49.966542],[19.934497,49.966378],[19.934219,49.966264],[19.934163,49.965957],[19.934192,49.96588],[19.934011,49.965806],[19.933596,49.966416]]]]}},{"type":"Feature","properties":{"warstwa":"dzialki"},"geometry":{"type":"MultiPolygon","coordinates":[[[[19.952168,49.977057],[19.952216,49.976966],[19.952301,49.976777],[19.952365,49.976642],[19.952583,49.976173],[19.952329,49.97612],[19.952059,49.976655],[19.951907,49.976962],[19.951859,49.977048],[19.952067,49.977237],[19.952107,49.977171],[19.952168,49.977057]]]]}},{"type":"Feature","properties":{"warstwa":"dzialki"},"geometry":{"type":"MultiPolygon","coordinates":[[[[19.949153,49.974279],[19.948975,49.974228],[19.948642,49.974217],[19.948394,49.974207],[19.948295,49.974204],[19.948334,49.973712],[19.947911,49.973721],[19.947906,49.973864],[19.947889,49.97399],[19.947889,49.973999],[19.947886,49.974239],[19.948017,49.974243],[19.948389,49.974252],[19.948638,49.974262],[19.948723,49.974265],[19.948834,49.974268],[19.948858,49.974269],[19.949153,49.974279]]]]}},{"type":"Feature","properties":{"warstwa":"dzialki"},"geometry":{"type":"MultiPolygon","coordinates":[[[[19.936668,49.968898],[19.936875,49.968909],[19.937281,49.968776],[19.937108,49.968528],[19.937007,49.968558],[19.936976,49.968567],[19.936954,49.968594],[19.936668,49.968898]]]]}},{"type":"Feature","properties":{"warstwa":"dzialki"},"geometry":{"type":"MultiPolygon","coordinates":[[[[19.950082,49.975439],[19.950084,49.97545],[19.950072,49.975538],[19.950067,49.975554],[19.950152,49.975517],[19.950551,49.975559],[19.950682,49.975334],[19.950866,49.974257],[19.950841,49.974242],[19.950778,49.97421],[19.950716,49.974176],[19.950636,49.974136],[19.950555,49.974105],[19.950455,49.974042],[19.950418,49.974228],[19.950509,49.974245],[19.950535,49.974268],[19.950529,49.974636],[19.950441,49.974636],[19.950462,49.975297],[19.950074,49.975303],[19.950082,49.975439]]]]}},{"type":"Feature","properties":{"warstwa":"dzialki"},"geometry":{"type":"MultiPolygon","coordinates":[[[[19.934163,49.965957],[19.934219,49.966264],[19.934497,49.966378],[19.934943,49.966092],[19.935351,49.965824],[19.935618,49.96565],[19.936057,49.965381],[19.936019,49.965337],[19.935654,49.965563],[19.935347,49.965392],[19.935332,49.965384],[19.93492,49.965609],[19.934476,49.965438],[19.934265,49.965682],[19.934192,49.96588],[19.934163,49.965957]]]]}},{"type":"Feature","properties":{"warstwa":"dzialki"},"geometry":{"type":"MultiPolygon","coordinates":[[[[19.953322,49.976304],[19.953391,49.976099],[19.953525,49.975697],[19.953602,49.975436],[19.953235,49.975413],[19.953092,49.97578],[19.952944,49.976211],[19.953322,49.976304]]]]}},{"type":"Feature","properties":{"warstwa":"dzialki"},"geometry":{"type":"MultiPolygon","coordinates":[[[[19.941086,49.97037],[19.940873,49.969912],[19.940829,49.96983],[19.940821,49.969743],[19.94077,49.9696],[19.940148,49.969731],[19.94062,49.970432],[19.941086,49.97037]]]]}},{"type":"Feature","properties":{"warstwa":"dzialki"},"geometry":{"type":"MultiPolygon","coordinates":[[[[19.949154,49.974722],[19.949113,49.974587],[19.949104,49.974442],[19.949153,49.974279],[19.948858,49.974269],[19.948834,49.974268],[19.948791,49.974626],[19.94885,49.974707],[19.949154,49.974722]]]]}},{"type":"Feature","properties":{"warstwa":"dzialki"},"geometry":{"type":"MultiPolygon","coordinates":[[[[19.949613,49.975217],[19.949872,49.975206],[19.949879,49.974604],[19.949896,49.974235],[19.949941,49.973817],[19.949953,49.973738],[19.949917,49.973719],[19.949861,49.973729],[19.949769,49.97374],[19.94974,49.973732],[19.949741,49.973769],[19.949715,49.974058],[19.949713,49.974081],[19.949662,49.974511],[19.94963,49.974794],[19.949619,49.975107],[19.949617,49.975137],[19.949614,49.975206],[19.949613,49.975217]]]]}},{"type":"Feature","properties":{"warstwa":"dzialki"},"geometry":{"type":"MultiPolygon","coordinates":[[[[19.94362,49.971235],[19.94403,49.972285],[19.944308,49.972998],[19.94431,49.973005],[19.944443,49.97306],[19.944471,49.972963],[19.944497,49.972919],[19.944428,49.972745],[19.943813,49.971197],[19.94362,49.971235]]]]}},{"type":"Feature","properties":{"warstwa":"dzialki"},"geometry":{"type":"MultiPolygon","coordinates":[[[[19.925093,49.815089],[19.924928,49.814987],[19.924905,49.815038],[19.924899,49.815093],[19.925072,49.815197],[19.925093,49.815089]]]]}},{"type":"Feature","properties":{"warstwa":"dzialki"},"geometry":{"type":"MultiPolygon","coordinates":[[[[19.924262,49.814768],[19.924262,49.814772],[19.924499,49.81492],[19.9245,49.814891],[19.924488,49.814833],[19.924467,49.814798],[19.924473,49.814794],[19.924397,49.814725],[19.924259,49.814641],[19.924255,49.814705],[19.924258,49.814741],[19.924262,49.814768]]]]}},{"type":"Feature","properties":{"warstwa":"dzialki"},"geometry":{"type":"MultiPolygon","coordinates":[[[[19.940483,49.823276],[19.940528,49.823281],[19.940584,49.82326],[19.940573,49.823245],[19.940509,49.823177],[19.940491,49.823185],[19.940383,49.823235],[19.94034,49.823195],[19.9403,49.823211],[19.940296,49.823213],[19.940191,49.823264],[19.940348,49.823366],[19.940483,49.823276]]]]}},{"type":"Feature","properties":{"warstwa":"dzialki"},"geometry":{"type":"MultiPolygon","coordinates":[[[[19.926849,49.816117],[19.9267,49.816027],[19.926693,49.816083],[19.926837,49.816173],[19.926849,49.816117]]]]}},{"type":"Feature","properties":{"warstwa":"dzialki"},"geometry":{"type":"MultiPolygon","coordinates":[[[[19.929556,49.817561],[19.929563,49.817489],[19.92946,49.817448],[19.929462,49.817528],[19.929556,49.817561]]]]}},{"type":"Feature","properties":{"warstwa":"dzialki"},"geometry":{"type":"MultiPolygon","coordinates":[[[[19.929462,49.817528],[19.92946,49.817448],[19.929328,49.817385],[19.929336,49.817471],[19.929462,49.817528]]]]}},{"type":"Feature","properties":{"warstwa":"dzialki"},"geometry":{"type":"MultiPolygon","coordinates":[[[[19.925599,49.815417],[19.925536,49.815361],[19.925511,49.81546],[19.925574,49.815559],[19.925599,49.815417]]]]}},{"type":"Feature","properties":{"warstwa":"dzialki"},"geometry":{"type":"MultiPolygon","coordinates":[[[[19.927309,49.816393],[19.927134,49.816298],[19.927131,49.816362],[19.927305,49.816459],[19.927309,49.816393]]]]}},{"type":"Feature","properties":{"warstwa":"dzialki"},"geometry":{"type":"MultiPolygon","coordinates":[[[[19.943744,49.825336],[19.943715,49.825334],[19.943699,49.825482],[19.943696,49.825503],[19.943718,49.825509],[19.943744,49.825336]]]]}},{"type":"Feature","properties":{"warstwa":"dzialki"},"geometry":{"type":"MultiPolygon","coordinates":[[[[19.925511,49.81546],[19.925536,49.815361],[19.925506,49.815333],[19.925481,49.815438],[19.925505,49.815451],[19.925511,49.81546]]]]}},{"type":"Feature","properties":{"warstwa":"dzialki"},"geometry":{"type":"MultiPolygon","coordinates":[[[[19.92416,49.814738],[19.924194,49.814729],[19.924262,49.814772],[19.924262,49.814768],[19.924258,49.814741],[19.924255,49.814705],[19.924259,49.814641],[19.924148,49.814573],[19.924159,49.814736],[19.92416,49.814738]]]]}},{"type":"Feature","properties":{"warstwa":"dzialki"},"geometry":{"type":"MultiPolygon","coordinates":[[[[19.927781,49.816643],[19.927705,49.816604],[19.927693,49.816671],[19.927776,49.81671],[19.927781,49.816643]]]]}},{"type":"Feature","properties":{"warstwa":"dzialki"},"geometry":{"type":"MultiPolygon","coordinates":[[[[19.927979,49.816742],[19.927781,49.816643],[19.927776,49.81671],[19.927969,49.816803],[19.927979,49.816742]]]]}},{"type":"Feature","properties":{"warstwa":"dzialki"},"geometry":{"type":"MultiPolygon","coordinates":[[[[19.929092,49.817256],[19.928954,49.817193],[19.928954,49.817255],[19.929094,49.817331],[19.929092,49.817256]]]]}},{"type":"Feature","properties":{"warstwa":"dzialki"},"geometry":{"type":"MultiPolygon","coordinates":[[[[19.927705,49.816604],[19.927645,49.816571],[19.927636,49.816641],[19.927693,49.816671],[19.927705,49.816604]]]]}},{"type":"Feature","properties":{"warstwa":"dzialki"},"geometry":{"type":"MultiPolygon","coordinates":[[[[19.928845,49.817208],[19.928849,49.817148],[19.92876,49.817112],[19.928763,49.817172],[19.928845,49.817208]]]]}},{"type":"Feature","properties":{"warstwa":"dzialki"},"geometry":{"type":"MultiPolygon","coordinates":[[[[19.915702,49.852751],[19.915703,49.852771],[19.915674,49.852912],[19.915641,49.853072],[19.91559,49.853169],[19.915506,49.853242],[19.915556,49.853318],[19.91557,49.853314],[19.915636,49.853297],[19.91586,49.853202],[19.915901,49.853173],[19.916055,49.853102],[19.916066,49.853058],[19.91639,49.852884],[19.916431,49.852872],[19.916521,49.852417],[19.916566,49.852041],[19.916615,49.851727],[19.916378,49.851693],[19.916325,49.851687],[19.916263,49.851678],[19.916156,49.851664],[19.916071,49.851659],[19.915805,49.851646],[19.915776,49.851641],[19.915776,49.851644],[19.91567,49.852406],[19.915676,49.852501],[19.915678,49.85253],[19.915695,49.852534],[19.915738,49.852543],[19.915702,49.852751]]]]}},{"type":"Feature","properties":{"warstwa":"dzialki"},"geometry":{"type":"MultiPolygon","coordinates":[[[[19.909623,49.86242],[19.909669,49.862439],[19.909708,49.862455],[19.909967,49.862455],[19.910109,49.862423],[19.910244,49.862406],[19.910312,49.862416],[19.910367,49.86245],[19.910434,49.862479],[19.910424,49.862379],[19.909921,49.861783],[19.909743,49.861555],[19.909606,49.861376],[19.909491,49.861664],[19.909424,49.861851],[19.909256,49.862251],[19.909419,49.862298],[19.909623,49.86242]]]]}},{"type":"Feature","properties":{"warstwa":"dzialki"},"geometry":{"type":"MultiPolygon","coordinates":[[[[19.910763,49.866187],[19.911312,49.86628],[19.912017,49.866402],[19.912046,49.866294],[19.912082,49.866107],[19.911955,49.866084],[19.911503,49.866002],[19.911013,49.865919],[19.910889,49.865899],[19.910689,49.865867],[19.910351,49.865815],[19.910186,49.86599],[19.910095,49.866071],[19.910343,49.866118],[19.910763,49.866187]]]]}},{"type":"Feature","properties":{"warstwa":"dzialki"},"geometry":{"type":"MultiPolygon","coordinates":[[[[19.909142,49.868525],[19.909121,49.868378],[19.909128,49.868234],[19.909175,49.86781],[19.909184,49.867621],[19.909185,49.867595],[19.909186,49.867582],[19.909167,49.867503],[19.909237,49.867211],[19.909292,49.867034],[19.90944,49.866754],[19.909478,49.86673],[19.909613,49.866644],[19.909632,49.866632],[19.909756,49.866549],[19.90996,49.866185],[19.910095,49.866071],[19.910186,49.86599],[19.910351,49.865815],[19.910574,49.865589],[19.910751,49.865417],[19.911044,49.865146],[19.911352,49.8648],[19.911542,49.864646],[19.911612,49.864588],[19.911736,49.864487],[19.91185,49.86405],[19.911874,49.863878],[19.911888,49.863743],[19.91185,49.863658],[19.911709,49.863342],[19.911687,49.863314],[19.911388,49.862935],[19.911433,49.862885],[19.911427,49.862873],[19.911416,49.862852],[19.911334,49.862854],[19.911195,49.862655],[19.910785,49.862783],[19.910733,49.862784],[19.910684,49.862779],[19.910637,49.862766],[19.910577,49.862715],[19.910482,49.862562],[19.910442,49.862546],[19.910456,49.862667],[19.9108,49.8631],[19.910903,49.863441],[19.910927,49.863591],[19.910915,49.863834],[19.910877,49.863999],[19.910709,49.864279],[19.910631,49.86447],[19.91062,49.864496],[19.910577,49.864603],[19.910483,49.86483],[19.910248,49.865175],[19.910136,49.8653],[19.910114,49.865325],[19.909976,49.865486],[19.909761,49.865715],[19.909525,49.865967],[19.909399,49.866106],[19.909164,49.866289],[19.909093,49.866344],[19.909073,49.86636],[19.909006,49.866412],[19.909067,49.866486],[19.908956,49.866633],[19.908844,49.866817],[19.90874,49.867048],[19.908737,49.867062],[19.908618,49.867605],[19.908583,49.867768],[19.90855,49.868218],[19.908452,49.868617],[19.90844,49.86876],[19.909169,49.868581],[19.909142,49.868525]]]]}},{"type":"Feature","properties":{"warstwa":"dzialki"},"geometry":{"type":"MultiPolygon","coordinates":[[[[19.910889,49.865899],[19.911013,49.865919],[19.911503,49.866002],[19.911955,49.866084],[19.912082,49.866107],[19.912089,49.866067],[19.912055,49.86582],[19.911598,49.865747],[19.911133,49.865672],[19.910938,49.865641],[19.910774,49.865617],[19.910574,49.865589],[19.910351,49.865815],[19.910689,49.865867],[19.910889,49.865899]]]]}},{"type":"Feature","properties":{"warstwa":"dzialki"},"geometry":{"type":"MultiPolygon","coordinates":[[[[19.943331,49.825914],[19.94279,49.825239],[19.942706,49.825257],[19.943193,49.825866],[19.943331,49.825914]]]]}},{"type":"Feature","properties":{"warstwa":"dzialki"},"geometry":{"type":"MultiPolygon","coordinates":[[[[19.946035,49.825905],[19.945599,49.825588],[19.945364,49.82572],[19.945271,49.825842],[19.945167,49.825816],[19.944883,49.825743],[19.944596,49.825652],[19.944593,49.825674],[19.944328,49.825642],[19.944004,49.825624],[19.943968,49.825929],[19.946309,49.826086],[19.946035,49.825905]]]]}},{"type":"Feature","properties":{"warstwa":"dzialki"},"geometry":{"type":"MultiPolygon","coordinates":[[[[19.93604,49.820016],[19.936045,49.819986],[19.93609,49.81996],[19.935861,49.819825],[19.935841,49.819813],[19.935658,49.819726],[19.935346,49.819608],[19.935339,49.81966],[19.935619,49.819798],[19.93604,49.820016]]]]}},{"type":"Feature","properties":{"warstwa":"dzialki"},"geometry":{"type":"MultiPolygon","coordinates":[[[[19.935299,49.819641],[19.935301,49.819634],[19.9353,49.81959],[19.935299,49.819555],[19.935031,49.819459],[19.935019,49.81955],[19.935254,49.819618],[19.935299,49.819641]]]]}},{"type":"Feature","properties":{"warstwa":"dzialki"},"geometry":{"type":"MultiPolygon","coordinates":[[[[19.942706,49.825257],[19.94279,49.825239],[19.942226,49.824627],[19.942202,49.824582],[19.942112,49.82451],[19.942026,49.824368],[19.941907,49.824193],[19.942141,49.824645],[19.942706,49.825257]]]]}},{"type":"Feature","properties":{"warstwa":"dzialki"},"geometry":{"type":"MultiPolygon","coordinates":[[[[19.942875,49.824816],[19.942744,49.824667],[19.942523,49.824661],[19.942458,49.824665],[19.942652,49.824882],[19.942875,49.824816]]]]}},{"type":"Feature","properties":{"warstwa":"dzialki"},"geometry":{"type":"MultiPolygon","coordinates":[[[[19.929779,49.817567],[19.929563,49.817489],[19.929556,49.817561],[19.929764,49.817635],[19.929779,49.817567]]]]}},{"type":"Feature","properties":{"warstwa":"dzialki"},"geometry":{"type":"MultiPolygon","coordinates":[[[[19.926815,49.816483],[19.926883,49.816524],[19.927031,49.816515],[19.927254,49.816627],[19.927323,49.816573],[19.9268,49.816297],[19.926813,49.816367],[19.926815,49.816483]]]]}},{"type":"Feature","properties":{"warstwa":"dzialki"},"geometry":{"type":"MultiPolygon","coordinates":[[[[19.935322,49.819373],[19.935396,49.81918],[19.935399,49.819165],[19.935116,49.819084],[19.935007,49.819268],[19.935219,49.819378],[19.935322,49.819373]]]]}},{"type":"Feature","properties":{"warstwa":"dzialki"},"geometry":{"type":"MultiPolygon","coordinates":[[[[19.934729,49.818944],[19.934918,49.819015],[19.935116,49.819084],[19.935328,49.819039],[19.934867,49.818917],[19.934603,49.818874],[19.934634,49.818901],[19.934729,49.818944]]]]}},{"type":"Feature","properties":{"warstwa":"dzialki"},"geometry":{"type":"MultiPolygon","coordinates":[[[[19.942026,49.824368],[19.942112,49.82451],[19.942202,49.824582],[19.942163,49.824506],[19.942433,49.824536],[19.942377,49.824514],[19.942353,49.824504],[19.942183,49.824341],[19.941921,49.823936],[19.941886,49.823887],[19.941874,49.82387],[19.94186,49.823851],[19.941836,49.824055],[19.941907,49.824193],[19.942026,49.824368]]]]}},{"type":"Feature","properties":{"warstwa":"dzialki"},"geometry":{"type":"MultiPolygon","coordinates":[[[[19.924779,49.815012],[19.924779,49.814978],[19.924813,49.814921],[19.924624,49.814812],[19.92462,49.814898],[19.924648,49.814918],[19.924779,49.815012]]]]}},{"type":"Feature","properties":{"warstwa":"dzialki"},"geometry":{"type":"MultiPolygon","coordinates":[[[[19.925574,49.815559],[19.925511,49.81546],[19.925481,49.815598],[19.925514,49.815627],[19.925574,49.815559]]]]}},{"type":"Feature","properties":{"warstwa":"dzialki"},"geometry":{"type":"MultiPolygon","coordinates":[[[[19.924852,49.815065],[19.924899,49.815093],[19.924905,49.815038],[19.924928,49.814987],[19.924813,49.814921],[19.924779,49.814978],[19.924779,49.815012],[19.924852,49.815065]]]]}},{"type":"Feature","properties":{"warstwa":"dzialki"},"geometry":{"type":"MultiPolygon","coordinates":[[[[19.929336,49.817471],[19.929328,49.817385],[19.929233,49.817336],[19.92925,49.817418],[19.929336,49.817471]]]]}},{"type":"Feature","properties":{"warstwa":"dzialki"},"geometry":{"type":"MultiPolygon","coordinates":[[[[19.941003,49.823764],[19.940921,49.823676],[19.940812,49.823703],[19.940774,49.823716],[19.940806,49.823838],[19.941003,49.823764]]]]}},{"type":"Feature","properties":{"warstwa":"dzialki"},"geometry":{"type":"MultiPolygon","coordinates":[[[[19.940174,49.823253],[19.940293,49.823204],[19.9403,49.823211],[19.94034,49.823195],[19.940383,49.823235],[19.940491,49.823185],[19.940509,49.823177],[19.940438,49.823099],[19.940356,49.823032],[19.940047,49.823192],[19.940132,49.823225],[19.940174,49.823253]]]]}},{"type":"Feature","properties":{"warstwa":"dzialki"},"geometry":{"type":"MultiPolygon","coordinates":[[[[19.927645,49.816571],[19.927309,49.816393],[19.927305,49.816459],[19.927636,49.816641],[19.927645,49.816571]]]]}},{"type":"Feature","properties":{"warstwa":"dzialki"},"geometry":{"type":"MultiPolygon","coordinates":[[[[19.93394,49.81883],[19.933982,49.818845],[19.934016,49.818773],[19.933766,49.818689],[19.933686,49.818797],[19.933742,49.818817],[19.93394,49.81883]]]]}},{"type":"Feature","properties":{"warstwa":"dzialki"},"geometry":{"type":"MultiPolygon","coordinates":[[[[19.928131,49.816818],[19.927979,49.816742],[19.927969,49.816803],[19.928122,49.816873],[19.928131,49.816818]]]]}},{"type":"Feature","properties":{"warstwa":"dzialki"},"geometry":{"type":"MultiPolygon","coordinates":[[[[19.93328,49.818526],[19.933102,49.818465],[19.933023,49.818567],[19.9332,49.818628],[19.93328,49.818526]]]]}},{"type":"Feature","properties":{"warstwa":"dzialki"},"geometry":{"type":"MultiPolygon","coordinates":[[[[19.928954,49.817193],[19.928849,49.817148],[19.928845,49.817208],[19.928954,49.817255],[19.928954,49.817193]]]]}},{"type":"Feature","properties":{"warstwa":"dzialki"},"geometry":{"type":"MultiPolygon","coordinates":[[[[19.927134,49.816298],[19.926849,49.816117],[19.926837,49.816173],[19.927131,49.816362],[19.927134,49.816298]]]]}},{"type":"Feature","properties":{"warstwa":"dzialki"},"geometry":{"type":"MultiPolygon","coordinates":[[[[19.925481,49.815598],[19.925511,49.81546],[19.925505,49.815451],[19.925481,49.815438],[19.925381,49.815387],[19.925364,49.815495],[19.925374,49.815503],[19.925481,49.815598]]]]}},{"type":"Feature","properties":{"warstwa":"dzialki"},"geometry":{"type":"MultiPolygon","coordinates":[[[[19.928258,49.816882],[19.928131,49.816818],[19.928122,49.816873],[19.928248,49.816937],[19.928258,49.816882]]]]}},{"type":"Feature","properties":{"warstwa":"dzialki"},"geometry":{"type":"MultiPolygon","coordinates":[[[[19.934326,49.818967],[19.934426,49.818842],[19.934016,49.818773],[19.933982,49.818845],[19.934083,49.818881],[19.934326,49.818967]]]]}},{"type":"Feature","properties":{"warstwa":"dzialki"},"geometry":{"type":"MultiPolygon","coordinates":[[[[19.940812,49.823703],[19.940921,49.823676],[19.940832,49.823586],[19.940756,49.823642],[19.940774,49.823716],[19.940812,49.823703]]]]}},{"type":"Feature","properties":{"warstwa":"dzialki"},"geometry":{"type":"MultiPolygon","coordinates":[[[[19.929853,49.817589],[19.929779,49.817567],[19.929764,49.817635],[19.929839,49.817658],[19.929853,49.817589]]]]}},{"type":"Feature","properties":{"warstwa":"dzialki"},"geometry":{"type":"MultiPolygon","coordinates":[[[[19.937886,49.820429],[19.93799,49.82023],[19.937847,49.820157],[19.93783,49.820196],[19.937804,49.820256],[19.937881,49.820272],[19.937852,49.820332],[19.937777,49.820317],[19.937723,49.820442],[19.937844,49.820525],[19.937886,49.820429]]]]}},{"type":"Feature","properties":{"warstwa":"dzialki"},"geometry":{"type":"MultiPolygon","coordinates":[[[[19.94279,49.825239],[19.943331,49.825914],[19.943445,49.825953],[19.943608,49.825971],[19.942965,49.825243],[19.942899,49.825209],[19.942776,49.825135],[19.942739,49.825109],[19.942684,49.825064],[19.942646,49.825031],[19.942614,49.825001],[19.94252,49.824906],[19.942477,49.824858],[19.942402,49.824765],[19.942364,49.824721],[19.942356,49.824713],[19.942322,49.824679],[19.942202,49.824582],[19.942226,49.824627],[19.94279,49.825239]]]]}},{"type":"Feature","properties":{"warstwa":"dzialki"},"geometry":{"type":"MultiPolygon","coordinates":[[[[19.943635,49.826476],[19.943634,49.826517],[19.94361,49.826779],[19.94359,49.826959],[19.943572,49.827139],[19.943565,49.827362],[19.943543,49.82748],[19.943519,49.827713],[19.943518,49.827728],[19.943502,49.827892],[19.943499,49.827934],[19.943481,49.828114],[19.943477,49.828151],[19.943447,49.828452],[19.943643,49.828424],[19.943778,49.828381],[19.943743,49.828137],[19.943738,49.828095],[19.94371,49.827897],[19.943724,49.82775],[19.943737,49.827617],[19.94374,49.82759],[19.94376,49.827384],[19.943781,49.827188],[19.943802,49.826988],[19.943818,49.826781],[19.943829,49.826635],[19.943834,49.826567],[19.943832,49.826526],[19.943884,49.826402],[19.94392,49.826315],[19.943946,49.826006],[19.943868,49.826],[19.943788,49.825991],[19.943653,49.825976],[19.943608,49.825971],[19.943445,49.825953],[19.943404,49.825995],[19.943379,49.82602],[19.943372,49.826066],[19.943357,49.82617],[19.943577,49.826411],[19.943635,49.826476]]]]}},{"type":"Feature","properties":{"warstwa":"dzialki"},"geometry":{"type":"MultiPolygon","coordinates":[[[[19.93891,49.82211],[19.938919,49.822092],[19.938937,49.822053],[19.938994,49.821921],[19.939039,49.821833],[19.939016,49.82182],[19.938972,49.821871],[19.938918,49.821985],[19.938722,49.821929],[19.938715,49.821927],[19.938677,49.822057],[19.938682,49.822058],[19.938765,49.822077],[19.938836,49.822093],[19.938906,49.822109],[19.93891,49.82211]]]]}},{"type":"Feature","properties":{"warstwa":"dzialki"},"geometry":{"type":"MultiPolygon","coordinates":[[[[19.943193,49.825866],[19.942706,49.825257],[19.94261,49.825277],[19.94303,49.825807],[19.943193,49.825866]]]]}},{"type":"Feature","properties":{"warstwa":"dzialki"},"geometry":{"type":"MultiPolygon","coordinates":[[[[19.931114,49.818033],[19.930944,49.817988],[19.930935,49.818072],[19.931111,49.818136],[19.931114,49.818033]]]]}},{"type":"Feature","properties":{"warstwa":"dzialki"},"geometry":{"type":"MultiPolygon","coordinates":[[[[19.932825,49.818369],[19.932838,49.818375],[19.933102,49.818465],[19.93328,49.818526],[19.933557,49.818621],[19.933766,49.818689],[19.934016,49.818773],[19.934426,49.818842],[19.934552,49.818865],[19.934078,49.8187],[19.933589,49.818529],[19.9331,49.818358],[19.932597,49.818204],[19.93223,49.818076],[19.932124,49.818038],[19.932215,49.818081],[19.932825,49.818369]]]]}},{"type":"Feature","properties":{"warstwa":"dzialki"},"geometry":{"type":"MultiPolygon","coordinates":[[[[19.9306,49.81775],[19.930373,49.817717],[19.93036,49.817779],[19.9306,49.817801],[19.9306,49.81775]]]]}},{"type":"Feature","properties":{"warstwa":"dzialki"},"geometry":{"type":"MultiPolygon","coordinates":[[[[19.930373,49.817717],[19.930109,49.817672],[19.930103,49.817735],[19.93036,49.817779],[19.930373,49.817717]]]]}},{"type":"Feature","properties":{"warstwa":"dzialki"},"geometry":{"type":"MultiPolygon","coordinates":[[[[19.943946,49.826006],[19.944818,49.826052],[19.94641,49.826153],[19.946309,49.826086],[19.943968,49.825929],[19.944004,49.825624],[19.943848,49.825562],[19.943788,49.825991],[19.943868,49.826],[19.943946,49.826006]]]]}},{"type":"Feature","properties":{"warstwa":"dzialki"},"geometry":{"type":"MultiPolygon","coordinates":[[[[19.939072,49.822794],[19.939085,49.82274],[19.939087,49.822732],[19.939158,49.822434],[19.939193,49.822343],[19.939252,49.822189],[19.939327,49.822113],[19.939337,49.822081],[19.939188,49.821941],[19.939123,49.822227],[19.939102,49.822294],[19.939088,49.822341],[19.938993,49.822682],[19.938988,49.822702],[19.938987,49.822708],[19.938972,49.8228],[19.939069,49.822804],[19.939072,49.822794]]]]}},{"type":"Feature","properties":{"warstwa":"dzialki"},"geometry":{"type":"MultiPolygon","coordinates":[[[[19.92925,49.817418],[19.929233,49.817336],[19.929092,49.817256],[19.929094,49.817331],[19.92925,49.817418]]]]}},{"type":"Feature","properties":{"warstwa":"dzialki"},"geometry":{"type":"MultiPolygon","coordinates":[[[[19.939377,49.822619],[19.939484,49.822566],[19.93964,49.822503],[19.939654,49.822485],[19.939779,49.822442],[19.939634,49.822294],[19.939428,49.822371],[19.939252,49.822189],[19.939193,49.822343],[19.939158,49.822434],[19.939087,49.822732],[19.939085,49.82274],[19.939239,49.822679],[19.939377,49.822619]]]]}},{"type":"Feature","properties":{"warstwa":"dzialki"},"geometry":{"type":"MultiPolygon","coordinates":[[[[19.931328,49.818214],[19.931348,49.818147],[19.931194,49.818058],[19.931114,49.818033],[19.931111,49.818136],[19.931328,49.818214]]]]}},{"type":"Feature","properties":{"warstwa":"dzialki"},"geometry":{"type":"MultiPolygon","coordinates":[[[[19.928763,49.817172],[19.92876,49.817112],[19.928647,49.817068],[19.928647,49.817124],[19.928763,49.817172]]]]}},{"type":"Feature","properties":{"warstwa":"dzialki"},"geometry":{"type":"MultiPolygon","coordinates":[[[[19.933766,49.818689],[19.933557,49.818621],[19.93328,49.818526],[19.9332,49.818628],[19.933686,49.818797],[19.933766,49.818689]]]]}},{"type":"Feature","properties":{"warstwa":"dzialki"},"geometry":{"type":"MultiPolygon","coordinates":[[[[19.926684,49.816404],[19.926815,49.816483],[19.926813,49.816367],[19.9268,49.816297],[19.926689,49.816239],[19.926684,49.816381],[19.926684,49.816404]]]]}},{"type":"Feature","properties":{"warstwa":"dzialki"},"geometry":{"type":"MultiPolygon","coordinates":[[[[19.928647,49.817124],[19.928647,49.817068],[19.928473,49.816991],[19.928344,49.816926],[19.928338,49.816982],[19.928473,49.817049],[19.928647,49.817124]]]]}},{"type":"Feature","properties":{"warstwa":"dzialki"},"geometry":{"type":"MultiPolygon","coordinates":[[[[19.9245,49.814891],[19.924499,49.81492],[19.924603,49.814985],[19.924617,49.814993],[19.924617,49.814962],[19.924648,49.814918],[19.92462,49.814898],[19.924527,49.814832],[19.924473,49.814794],[19.924467,49.814798],[19.924488,49.814833],[19.9245,49.814891]]]]}},{"type":"Feature","properties":{"warstwa":"dzialki"},"geometry":{"type":"MultiPolygon","coordinates":[[[[19.928344,49.816926],[19.928258,49.816882],[19.928248,49.816937],[19.928338,49.816982],[19.928344,49.816926]]]]}},{"type":"Feature","properties":{"warstwa":"dzialki"},"geometry":{"type":"MultiPolygon","coordinates":[[[[19.937163,49.820012],[19.936975,49.819758],[19.936926,49.819738],[19.936904,49.81977],[19.936783,49.819951],[19.937143,49.820048],[19.937163,49.820012]]]]}},{"type":"Feature","properties":{"warstwa":"dzialki"},"geometry":{"type":"MultiPolygon","coordinates":[[[[19.937777,49.820317],[19.93776,49.820314],[19.937768,49.820297],[19.937716,49.820286],[19.937736,49.820243],[19.937804,49.820256],[19.93783,49.820196],[19.937847,49.820157],[19.93771,49.820088],[19.937597,49.820356],[19.937723,49.820442],[19.937777,49.820317]]]]}},{"type":"Feature","properties":{"warstwa":"dzialki"},"geometry":{"type":"MultiPolygon","coordinates":[[[[19.942767,49.825011],[19.942927,49.8252],[19.943014,49.825249],[19.943034,49.825093],[19.942921,49.824968],[19.942909,49.824973],[19.942832,49.825001],[19.942822,49.824991],[19.942774,49.825009],[19.942767,49.825011]]]]}},{"type":"Feature","properties":{"warstwa":"dzialki"},"geometry":{"type":"MultiPolygon","coordinates":[[[[19.933102,49.818465],[19.932838,49.818375],[19.932825,49.818369],[19.932731,49.818471],[19.933023,49.818567],[19.933102,49.818465]]]]}},{"type":"Feature","properties":{"warstwa":"dzialki"},"geometry":{"type":"MultiPolygon","coordinates":[[[[19.923472,49.808813],[19.923721,49.808491],[19.923934,49.808177],[19.92365,49.808258],[19.923503,49.80845],[19.923224,49.808814],[19.923428,49.808873],[19.923472,49.808813]]]]}},{"type":"Feature","properties":{"warstwa":"dzialki"},"geometry":{"type":"MultiPolygon","coordinates":[[[[19.932731,49.818471],[19.932825,49.818369],[19.932215,49.818081],[19.932179,49.818128],[19.932081,49.818258],[19.932213,49.818304],[19.932731,49.818471]]]]}},{"type":"Feature","properties":{"warstwa":"dzialki"},"geometry":{"type":"MultiPolygon","coordinates":[[[[19.938465,49.820892],[19.938578,49.820621],[19.938633,49.82053],[19.938509,49.820469],[19.938272,49.820363],[19.938224,49.82034],[19.938214,49.820359],[19.938048,49.82067],[19.938064,49.820682],[19.938465,49.820892]]]]}},{"type":"Feature","properties":{"warstwa":"dzialki"},"geometry":{"type":"MultiPolygon","coordinates":[[[[19.937597,49.820356],[19.93771,49.820088],[19.93724,49.819868],[19.937163,49.820012],[19.937442,49.82025],[19.937597,49.820356]]]]}},{"type":"Feature","properties":{"warstwa":"dzialki"},"geometry":{"type":"MultiPolygon","coordinates":[[[[19.923116,49.813385],[19.923535,49.813979],[19.923718,49.814131],[19.924257,49.814424],[19.923533,49.813837],[19.923293,49.813417],[19.923276,49.813388],[19.923236,49.813361],[19.92294,49.81316],[19.922649,49.812917],[19.922321,49.812241],[19.922584,49.812965],[19.923116,49.813385]]]]}},{"type":"Feature","properties":{"warstwa":"dzialki"},"geometry":{"type":"MultiPolygon","coordinates":[[[[19.943499,49.825439],[19.943699,49.825482],[19.943715,49.825334],[19.943282,49.825307],[19.943343,49.825376],[19.943499,49.825439]]]]}},{"type":"Feature","properties":{"warstwa":"dzialki"},"geometry":{"type":"MultiPolygon","coordinates":[[[[19.944596,49.825652],[19.944883,49.825743],[19.944928,49.825384],[19.94488,49.825345],[19.944698,49.825183],[19.944672,49.82534],[19.944629,49.825338],[19.944037,49.825301],[19.94402,49.825464],[19.944004,49.825624],[19.944328,49.825642],[19.944596,49.825652]]]]}},{"type":"Feature","properties":{"warstwa":"dzialki"},"geometry":{"type":"MultiPolygon","coordinates":[[[[19.938465,49.820892],[19.938894,49.82111],[19.939047,49.820735],[19.938916,49.82067],[19.938633,49.82053],[19.938578,49.820621],[19.938465,49.820892]]]]}},{"type":"Feature","properties":{"warstwa":"dzialki"},"geometry":{"type":"MultiPolygon","coordinates":[[[[19.935116,49.819084],[19.934918,49.819015],[19.934826,49.819173],[19.935007,49.819268],[19.935116,49.819084]]]]}},{"type":"Feature","properties":{"warstwa":"dzialki"},"geometry":{"type":"MultiPolygon","coordinates":[[[[19.939336,49.822836],[19.939525,49.822816],[19.939665,49.822798],[19.939665,49.822789],[19.939732,49.822778],[19.939789,49.822777],[19.939848,49.822751],[19.939901,49.822684],[19.939923,49.82266],[19.939852,49.822595],[19.939779,49.822442],[19.939654,49.822485],[19.93964,49.822503],[19.939484,49.822566],[19.939377,49.822619],[19.939239,49.822679],[19.939085,49.82274],[19.939072,49.822794],[19.939144,49.822802],[19.939336,49.822836]]]]}},{"type":"Feature","properties":{"warstwa":"dzialki"},"geometry":{"type":"MultiPolygon","coordinates":[[[[19.926684,49.816404],[19.926684,49.816381],[19.926689,49.816239],[19.926576,49.81618],[19.926546,49.816161],[19.926552,49.816324],[19.926684,49.816404]]]]}},{"type":"Feature","properties":{"warstwa":"dzialki"},"geometry":{"type":"MultiPolygon","coordinates":[[[[19.944004,49.825624],[19.94402,49.825464],[19.944037,49.825301],[19.944057,49.825123],[19.944087,49.824884],[19.944089,49.824869],[19.944375,49.824525],[19.944226,49.824348],[19.944141,49.824407],[19.944089,49.824461],[19.943967,49.824586],[19.9439,49.824654],[19.943824,49.824736],[19.943812,49.824823],[19.943797,49.824927],[19.943771,49.825086],[19.943763,49.825135],[19.943744,49.825336],[19.943718,49.825509],[19.943848,49.825562],[19.944004,49.825624]]]]}},{"type":"Feature","properties":{"warstwa":"dzialki"},"geometry":{"type":"MultiPolygon","coordinates":[[[[19.926394,49.81762],[19.926467,49.817281],[19.92651,49.817091],[19.926559,49.816862],[19.926556,49.816599],[19.926553,49.81635],[19.926552,49.816324],[19.92651,49.816298],[19.926274,49.816152],[19.926275,49.816272],[19.926281,49.816419],[19.926294,49.816695],[19.926297,49.816784],[19.926277,49.817115],[19.926239,49.81724],[19.926119,49.817642],[19.926048,49.81789],[19.926377,49.817697],[19.926394,49.81762]]]]}},{"type":"Feature","properties":{"warstwa":"dzialki"},"geometry":{"type":"MultiPolygon","coordinates":[[[[19.926666,49.817453],[19.926676,49.817282],[19.926686,49.817152],[19.926689,49.817053],[19.92669,49.81691],[19.92669,49.816777],[19.926688,49.816682],[19.926686,49.816535],[19.926684,49.816404],[19.926552,49.816324],[19.926553,49.81635],[19.926556,49.816599],[19.926559,49.816862],[19.92651,49.817091],[19.926467,49.817281],[19.926394,49.81762],[19.926377,49.817697],[19.926656,49.817529],[19.926666,49.817453]]]]}},{"type":"Feature","properties":{"warstwa":"dzialki"},"geometry":{"type":"MultiPolygon","coordinates":[[[[19.930109,49.817672],[19.929853,49.817589],[19.929839,49.817658],[19.930103,49.817735],[19.930109,49.817672]]]]}},{"type":"Feature","properties":{"warstwa":"dzialki"},"geometry":{"type":"MultiPolygon","coordinates":[[[[19.93461,49.819115],[19.934729,49.818944],[19.934634,49.818901],[19.934603,49.818874],[19.934552,49.818865],[19.934426,49.818842],[19.934326,49.818967],[19.934444,49.819059],[19.93461,49.819115]]]]}},{"type":"Feature","properties":{"warstwa":"dzialki"},"geometry":{"type":"MultiPolygon","coordinates":[[[[19.94074,49.824223],[19.940976,49.824122],[19.940983,49.824119],[19.940974,49.824066],[19.940806,49.823838],[19.940666,49.823947],[19.940515,49.824201],[19.940432,49.8243],[19.940571,49.824322],[19.94074,49.824223]]]]}},{"type":"Feature","properties":{"warstwa":"dzialki"},"geometry":{"type":"MultiPolygon","coordinates":[[[[19.937143,49.820048],[19.936783,49.819951],[19.936904,49.81977],[19.936833,49.819737],[19.936718,49.819685],[19.936569,49.819871],[19.936537,49.819912],[19.936463,49.820001],[19.936837,49.820232],[19.937143,49.820048]]]]}},{"type":"Feature","properties":{"warstwa":"dzialki"},"geometry":{"type":"MultiPolygon","coordinates":[[[[19.92542,49.81516],[19.92537,49.815128],[19.924822,49.814769],[19.924257,49.814424],[19.923718,49.814131],[19.923535,49.813979],[19.923116,49.813385],[19.922584,49.812965],[19.922321,49.812241],[19.922124,49.811761],[19.921944,49.811287],[19.921858,49.811083],[19.921917,49.811459],[19.922457,49.813002],[19.922993,49.813531],[19.923045,49.813656],[19.92336,49.813957],[19.923527,49.814082],[19.925397,49.81525],[19.92542,49.81516]]]]}},{"type":"Feature","properties":{"warstwa":"dzialki"},"geometry":{"type":"MultiPolygon","coordinates":[[[[19.924257,49.814424],[19.924822,49.814769],[19.92537,49.815128],[19.92582,49.815362],[19.926327,49.815568],[19.926858,49.815851],[19.927024,49.815944],[19.926628,49.815698],[19.926228,49.815449],[19.925866,49.815173],[19.925466,49.814923],[19.925066,49.814674],[19.924685,49.814411],[19.924285,49.814162],[19.923894,49.813914],[19.923558,49.813651],[19.923293,49.813417],[19.923533,49.813837],[19.924257,49.814424]]]]}},{"type":"Feature","properties":{"warstwa":"dzialki"},"geometry":{"type":"MultiPolygon","coordinates":[[[[19.938918,49.821985],[19.938972,49.821871],[19.939016,49.82182],[19.938912,49.821759],[19.938798,49.821695],[19.938789,49.82169],[19.938715,49.821927],[19.938722,49.821929],[19.938918,49.821985]]]]}},{"type":"Feature","properties":{"warstwa":"dzialki"},"geometry":{"type":"MultiPolygon","coordinates":[[[[19.941013,49.824292],[19.940957,49.824534],[19.941106,49.824486],[19.941225,49.824465],[19.941353,49.824415],[19.941479,49.824385],[19.941451,49.824325],[19.941387,49.824188],[19.941375,49.824177],[19.941162,49.823985],[19.941003,49.823764],[19.940806,49.823838],[19.940974,49.824066],[19.940983,49.824119],[19.941013,49.824292]]]]}},{"type":"Feature","properties":{"warstwa":"dzialki"},"geometry":{"type":"MultiPolygon","coordinates":[[[[19.943282,49.825307],[19.943715,49.825334],[19.943744,49.825336],[19.943763,49.825135],[19.943737,49.825134],[19.943475,49.825118],[19.943034,49.825089],[19.943034,49.825093],[19.943014,49.825249],[19.943106,49.825298],[19.943282,49.825307]]]]}},{"type":"Feature","properties":{"warstwa":"dzialki"},"geometry":{"type":"MultiPolygon","coordinates":[[[[19.9267,49.816027],[19.926483,49.815892],[19.926474,49.815949],[19.926693,49.816083],[19.9267,49.816027]]]]}},{"type":"Feature","properties":{"warstwa":"dzialki"},"geometry":{"type":"MultiPolygon","coordinates":[[[[19.937306,49.820672],[19.93752,49.820791],[19.937525,49.820794],[19.93772,49.82091],[19.93784,49.820983],[19.93793,49.821036],[19.938012,49.821085],[19.938182,49.821184],[19.938383,49.821306],[19.938693,49.821496],[19.938937,49.821645],[19.939041,49.821712],[19.939121,49.821766],[19.939212,49.821832],[19.939281,49.82189],[19.939356,49.821957],[19.939424,49.822021],[19.939548,49.822142],[19.939623,49.822217],[19.939728,49.822322],[19.939792,49.822386],[19.940008,49.8226],[19.940121,49.822711],[19.940423,49.823015],[19.9405,49.823091],[19.940573,49.823163],[19.940648,49.823236],[19.940752,49.823343],[19.940871,49.823463],[19.94109,49.823688],[19.941164,49.823769],[19.941216,49.823827],[19.94126,49.823884],[19.941291,49.823929],[19.941347,49.824013],[19.941398,49.824095],[19.941535,49.824294],[19.941671,49.824517],[19.941662,49.824635],[19.94166,49.824731],[19.941632,49.824906],[19.94168,49.825028],[19.941818,49.825044],[19.941905,49.825145],[19.9419,49.825175],[19.941972,49.825223],[19.942085,49.825311],[19.942191,49.825366],[19.94261,49.825277],[19.942706,49.825257],[19.942141,49.824645],[19.941907,49.824193],[19.941887,49.824163],[19.941753,49.823981],[19.94161,49.823809],[19.941374,49.823565],[19.941284,49.823475],[19.941214,49.823406],[19.940875,49.823062],[19.940646,49.822835],[19.940481,49.822666],[19.940422,49.822601],[19.940262,49.822434],[19.939895,49.822006],[19.93985,49.821966],[19.939793,49.821918],[19.939578,49.821737],[19.939603,49.821725],[19.939545,49.821671],[19.939504,49.821629],[19.939451,49.821601],[19.939371,49.821529],[19.939259,49.821461],[19.939055,49.821347],[19.938843,49.821232],[19.938564,49.821081],[19.93848,49.821037],[19.938293,49.820932],[19.938178,49.820869],[19.938062,49.820803],[19.93782,49.820656],[19.937703,49.820583],[19.937258,49.820292],[19.937242,49.82028],[19.936782,49.820348],[19.937046,49.820508],[19.937306,49.820672]]]]}},{"type":"Feature","properties":{"warstwa":"dzialki"},"geometry":{"type":"MultiPolygon","coordinates":[[[[19.942767,49.825011],[19.942774,49.825009],[19.942822,49.824991],[19.942832,49.825001],[19.942909,49.824973],[19.942921,49.824968],[19.943034,49.825093],[19.943034,49.825089],[19.943057,49.824911],[19.943083,49.824686],[19.942813,49.824669],[19.942744,49.824667],[19.942875,49.824816],[19.942652,49.824882],[19.942741,49.824981],[19.942767,49.825011]]]]}},{"type":"Feature","properties":{"warstwa":"dzialki"},"geometry":{"type":"MultiPolygon","coordinates":[[[[19.939634,49.822294],[19.939541,49.822201],[19.939337,49.822081],[19.939327,49.822113],[19.939252,49.822189],[19.939428,49.822371],[19.939634,49.822294]]]]}},{"type":"Feature","properties":{"warstwa":"dzialki"},"geometry":{"type":"MultiPolygon","coordinates":[[[[19.926483,49.815892],[19.9267,49.816027],[19.926849,49.816117],[19.927134,49.816298],[19.927309,49.816393],[19.927645,49.816571],[19.927705,49.816604],[19.927781,49.816643],[19.927979,49.816742],[19.928131,49.816818],[19.928258,49.816882],[19.928344,49.816926],[19.928473,49.816991],[19.928647,49.817068],[19.92876,49.817112],[19.928849,49.817148],[19.928954,49.817193],[19.929092,49.817256],[19.929233,49.817336],[19.929328,49.817385],[19.92946,49.817448],[19.929563,49.817489],[19.929779,49.817567],[19.929853,49.817589],[19.930109,49.817672],[19.930373,49.817717],[19.9306,49.81775],[19.930583,49.817718],[19.929991,49.817519],[19.929189,49.817237],[19.928569,49.817012],[19.928159,49.8168],[19.927641,49.816533],[19.927249,49.816305],[19.926832,49.816047],[19.926367,49.81577],[19.92542,49.81516],[19.925397,49.81525],[19.926474,49.815949],[19.926483,49.815892]]]]}},{"type":"Feature","properties":{"warstwa":"dzialki"},"geometry":{"type":"MultiPolygon","coordinates":[[[[19.929991,49.817519],[19.930583,49.817718],[19.930917,49.817751],[19.931183,49.817777],[19.931405,49.817799],[19.932124,49.818038],[19.931739,49.817904],[19.931785,49.81776],[19.93086,49.817352],[19.930725,49.817263],[19.930422,49.817206],[19.93076,49.817016],[19.930711,49.816983],[19.930342,49.817191],[19.930269,49.817177],[19.929905,49.817048],[19.9297,49.817221],[19.929167,49.817033],[19.928776,49.816871],[19.929189,49.817237],[19.929991,49.817519]]]]}},{"type":"Feature","properties":{"warstwa":"dzialki"},"geometry":{"type":"MultiPolygon","coordinates":[[[[19.922321,49.812241],[19.922649,49.812917],[19.92294,49.81316],[19.923236,49.813361],[19.923014,49.813097],[19.922843,49.812786],[19.922675,49.81246],[19.922537,49.812115],[19.922481,49.811958],[19.922692,49.811909],[19.922759,49.811399],[19.922247,49.8111],[19.922273,49.810765],[19.922333,49.810558],[19.92206,49.810816],[19.922022,49.810973],[19.922017,49.810991],[19.921944,49.811287],[19.922124,49.811761],[19.922321,49.812241]]]]}},{"type":"Feature","properties":{"warstwa":"dzialki"},"geometry":{"type":"MultiPolygon","coordinates":[[[[19.92651,49.816298],[19.926552,49.816324],[19.926546,49.816161],[19.926272,49.815986],[19.926274,49.816152],[19.92651,49.816298]]]]}},{"type":"Feature","properties":{"warstwa":"dzialki"},"geometry":{"type":"MultiPolygon","coordinates":[[[[19.937242,49.82028],[19.937442,49.82025],[19.937143,49.820048],[19.936837,49.820232],[19.936709,49.820314],[19.936597,49.820375],[19.936782,49.820348],[19.937242,49.82028]]]]}},{"type":"Feature","properties":{"warstwa":"dzialki"},"geometry":{"type":"MultiPolygon","coordinates":[[[[19.923235,49.809138],[19.923428,49.808873],[19.923224,49.808814],[19.922947,49.809173],[19.922928,49.809204],[19.923142,49.809267],[19.923235,49.809138]]]]}},{"type":"Feature","properties":{"warstwa":"dzialki"},"geometry":{"type":"MultiPolygon","coordinates":[[[[19.936537,49.819912],[19.936235,49.819765],[19.935672,49.819503],[19.936463,49.820001],[19.936537,49.819912]]]]}},{"type":"Feature","properties":{"warstwa":"dzialki"},"geometry":{"type":"MultiPolygon","coordinates":[[[[19.923016,49.810179],[19.923028,49.810155],[19.923176,49.809881],[19.922954,49.809805],[19.922792,49.809749],[19.922914,49.809581],[19.922999,49.809464],[19.923142,49.809267],[19.922928,49.809204],[19.922824,49.809347],[19.922742,49.80946],[19.922395,49.809939],[19.92266,49.810046],[19.923016,49.810179]]]]}},{"type":"Feature","properties":{"warstwa":"dzialki"},"geometry":{"type":"MultiPolygon","coordinates":[[[[19.922862,49.810494],[19.923016,49.810179],[19.92266,49.810046],[19.922395,49.809939],[19.922138,49.810278],[19.922502,49.810399],[19.922862,49.810494]]]]}},{"type":"Feature","properties":{"warstwa":"dzialki"},"geometry":{"type":"MultiPolygon","coordinates":[[[[19.926119,49.817642],[19.926239,49.81724],[19.926277,49.817115],[19.926297,49.816784],[19.926294,49.816695],[19.926281,49.816419],[19.926275,49.816272],[19.926274,49.816152],[19.926188,49.816098],[19.926191,49.816271],[19.926196,49.816418],[19.926204,49.816764],[19.926165,49.81708],[19.926154,49.817135],[19.926133,49.817236],[19.926047,49.817553],[19.925939,49.817956],[19.926048,49.81789],[19.926119,49.817642]]]]}},{"type":"Feature","properties":{"warstwa":"dzialki"},"geometry":{"type":"MultiPolygon","coordinates":[[[[19.943608,49.825971],[19.943653,49.825976],[19.943718,49.825509],[19.943696,49.825503],[19.943333,49.825395],[19.943125,49.825307],[19.943106,49.825298],[19.943014,49.825249],[19.942927,49.8252],[19.942965,49.825243],[19.943608,49.825971]]]]}},{"type":"Feature","properties":{"warstwa":"dzialki"},"geometry":{"type":"MultiPolygon","coordinates":[[[[19.934918,49.819015],[19.934729,49.818944],[19.93461,49.819115],[19.934826,49.819173],[19.934918,49.819015]]]]}},{"type":"Feature","properties":{"warstwa":"dzialki"},"geometry":{"type":"MultiPolygon","coordinates":[[[[19.942322,49.824679],[19.942356,49.824713],[19.942364,49.824721],[19.942402,49.824765],[19.942477,49.824858],[19.94252,49.824906],[19.942614,49.825001],[19.942646,49.825031],[19.942684,49.825064],[19.942739,49.825109],[19.942776,49.825135],[19.942899,49.825209],[19.942965,49.825243],[19.942927,49.8252],[19.942767,49.825011],[19.942741,49.824981],[19.942652,49.824882],[19.942458,49.824665],[19.942431,49.824635],[19.942502,49.824639],[19.942516,49.824569],[19.942433,49.824536],[19.942163,49.824506],[19.942202,49.824582],[19.942322,49.824679]]]]}},{"type":"Feature","properties":{"warstwa":"dzialki"},"geometry":{"type":"MultiPolygon","coordinates":[[[[19.938972,49.8228],[19.938987,49.822708],[19.938988,49.822702],[19.938993,49.822682],[19.939088,49.822341],[19.939102,49.822294],[19.939123,49.822227],[19.939188,49.821941],[19.939121,49.821879],[19.939039,49.821833],[19.938994,49.821921],[19.938937,49.822053],[19.938919,49.822092],[19.93891,49.82211],[19.938834,49.822309],[19.93882,49.822345],[19.938766,49.822568],[19.938759,49.822647],[19.938755,49.822703],[19.938752,49.822733],[19.938741,49.822864],[19.938997,49.82285],[19.938972,49.8228]]]]}},{"type":"Feature","properties":{"warstwa":"dzialki"},"geometry":{"type":"MultiPolygon","coordinates":[[[[19.940356,49.823032],[19.940171,49.822884],[19.939953,49.822686],[19.939901,49.822747],[19.939887,49.822786],[19.939876,49.822868],[19.939833,49.822928],[19.939762,49.823095],[19.940047,49.823192],[19.940356,49.823032]]]]}},{"type":"Feature","properties":{"warstwa":"dzialki"},"geometry":{"type":"MultiPolygon","coordinates":[[[[19.930752,49.817794],[19.930884,49.817838],[19.930917,49.817751],[19.930583,49.817718],[19.9306,49.81775],[19.930752,49.817794]]]]}},{"type":"Feature","properties":{"warstwa":"dzialki"},"geometry":{"type":"MultiPolygon","coordinates":[[[[19.921843,49.81093],[19.921858,49.811083],[19.921944,49.811287],[19.922017,49.810991],[19.922022,49.810973],[19.92206,49.810816],[19.922333,49.810558],[19.922369,49.810433],[19.922454,49.810444],[19.922502,49.810399],[19.922138,49.810278],[19.922105,49.810339],[19.922005,49.810479],[19.921966,49.810521],[19.921942,49.810605],[19.921903,49.810713],[19.921849,49.810706],[19.921816,49.810737],[19.9218,49.810793],[19.921797,49.810831],[19.921838,49.810872],[19.921843,49.81093]]]]}},{"type":"Feature","properties":{"warstwa":"dzialki"},"geometry":{"type":"MultiPolygon","coordinates":[[[[19.936709,49.820314],[19.936837,49.820232],[19.936463,49.820001],[19.935672,49.819503],[19.935513,49.819414],[19.935322,49.819377],[19.935322,49.819373],[19.935219,49.819378],[19.935007,49.819268],[19.934826,49.819173],[19.93461,49.819115],[19.934444,49.819059],[19.934326,49.818967],[19.934083,49.818881],[19.93401,49.819108],[19.934097,49.819161],[19.934156,49.819196],[19.934211,49.819214],[19.934262,49.819231],[19.934364,49.819275],[19.934532,49.819301],[19.934657,49.819342],[19.934692,49.81936],[19.934928,49.81943],[19.935031,49.819459],[19.935299,49.819555],[19.9353,49.81959],[19.935346,49.819608],[19.935658,49.819726],[19.935841,49.819813],[19.935861,49.819825],[19.93609,49.81996],[19.93635,49.820127],[19.936386,49.820152],[19.936635,49.820276],[19.936709,49.820314]]]]}},{"type":"Feature","properties":{"warstwa":"dzialki"},"geometry":{"type":"MultiPolygon","coordinates":[[[[19.943848,49.825562],[19.943718,49.825509],[19.943653,49.825976],[19.943788,49.825991],[19.943848,49.825562]]]]}},{"type":"Feature","properties":{"warstwa":"dzialki"},"geometry":{"type":"MultiPolygon","coordinates":[[[[19.939541,49.822201],[19.939634,49.822294],[19.939779,49.822442],[19.939852,49.822595],[19.939923,49.82266],[19.939953,49.822686],[19.940171,49.822884],[19.940356,49.823032],[19.940438,49.823099],[19.940509,49.823177],[19.940573,49.823245],[19.940584,49.82326],[19.940726,49.823477],[19.940832,49.823586],[19.940921,49.823676],[19.941003,49.823764],[19.941162,49.823985],[19.941375,49.824177],[19.941387,49.824188],[19.941451,49.824325],[19.941479,49.824385],[19.941507,49.824446],[19.941513,49.824645],[19.941515,49.824721],[19.9415,49.824791],[19.941452,49.825003],[19.94168,49.825028],[19.941632,49.824906],[19.94166,49.824731],[19.941662,49.824635],[19.941671,49.824517],[19.941535,49.824294],[19.941398,49.824095],[19.941347,49.824013],[19.941291,49.823929],[19.94126,49.823884],[19.941216,49.823827],[19.941164,49.823769],[19.94109,49.823688],[19.940871,49.823463],[19.940752,49.823343],[19.940648,49.823236],[19.940573,49.823163],[19.9405,49.823091],[19.940423,49.823015],[19.940121,49.822711],[19.940008,49.8226],[19.939792,49.822386],[19.939728,49.822322],[19.939623,49.822217],[19.939548,49.822142],[19.939424,49.822021],[19.939356,49.821957],[19.939281,49.82189],[19.939212,49.821832],[19.939121,49.821766],[19.939041,49.821712],[19.938937,49.821645],[19.938693,49.821496],[19.938383,49.821306],[19.938182,49.821184],[19.938012,49.821085],[19.93793,49.821036],[19.93784,49.820983],[19.93772,49.82091],[19.937525,49.820794],[19.93752,49.820791],[19.937306,49.820672],[19.937046,49.820508],[19.936782,49.820348],[19.936597,49.820375],[19.936592,49.820388],[19.936753,49.820478],[19.936904,49.820563],[19.937032,49.820634],[19.937095,49.820669],[19.937247,49.820746],[19.937536,49.820894],[19.937564,49.820873],[19.937655,49.820924],[19.937623,49.820949],[19.937724,49.821014],[19.937901,49.82111],[19.938003,49.821166],[19.938027,49.821179],[19.938042,49.821189],[19.93817,49.821276],[19.93842,49.82145],[19.938492,49.8215],[19.938515,49.821514],[19.938685,49.821623],[19.938776,49.821682],[19.938789,49.82169],[19.938798,49.821695],[19.938912,49.821759],[19.939016,49.82182],[19.939039,49.821833],[19.939121,49.821879],[19.939188,49.821941],[19.939337,49.822081],[19.939541,49.822201]]]]}},{"type":"Feature","properties":{"warstwa":"dzialki"},"geometry":{"type":"MultiPolygon","coordinates":[[[[19.871381,49.904196],[19.871207,49.904144],[19.871173,49.904201],[19.871371,49.904227],[19.871381,49.904196]]]]}},{"type":"Feature","properties":{"warstwa":"dzialki"},"geometry":{"type":"MultiPolygon","coordinates":[[[[19.871319,49.90439],[19.871371,49.904227],[19.871173,49.904201],[19.871007,49.904186],[19.871034,49.904357],[19.871319,49.90439]]]]}},{"type":"Feature","properties":{"warstwa":"dzialki"},"geometry":{"type":"MultiPolygon","coordinates":[[[[19.870679,49.908465],[19.870809,49.908354],[19.870455,49.908307],[19.870608,49.908419],[19.870679,49.908465]]]]}},{"type":"Feature","properties":{"warstwa":"dzialki"},"geometry":{"type":"MultiPolygon","coordinates":[[[[19.877207,49.916271],[19.877308,49.916271],[19.877272,49.916251],[19.877271,49.916002],[19.877309,49.915966],[19.877241,49.915921],[19.877168,49.915967],[19.877209,49.916005],[19.877207,49.916271]]]]}},{"type":"Feature","properties":{"warstwa":"dzialki"},"geometry":{"type":"MultiPolygon","coordinates":[[[[19.876581,49.916645],[19.876622,49.916578],[19.876654,49.916476],[19.876687,49.916379],[19.876692,49.916302],[19.876677,49.916307],[19.876299,49.916454],[19.876572,49.916639],[19.876581,49.916645]]]]}},{"type":"Feature","properties":{"warstwa":"dzialki"},"geometry":{"type":"MultiPolygon","coordinates":[[[[19.871634,49.909224],[19.871647,49.909199],[19.87162,49.909118],[19.871593,49.909111],[19.87146,49.909109],[19.871492,49.909279],[19.871634,49.909224]]]]}},{"type":"Feature","properties":{"warstwa":"dzialki"},"geometry":{"type":"MultiPolygon","coordinates":[[[[19.870915,49.902596],[19.870953,49.902474],[19.870976,49.902376],[19.870846,49.902344],[19.870693,49.902632],[19.870869,49.902674],[19.870915,49.902596]]]]}},{"type":"Feature","properties":{"warstwa":"dzialki"},"geometry":{"type":"MultiPolygon","coordinates":[[[[19.871662,49.909693],[19.871788,49.90959],[19.871618,49.909496],[19.871568,49.90951],[19.871534,49.9095],[19.871582,49.909758],[19.871662,49.909693]]]]}},{"type":"Feature","properties":{"warstwa":"dzialki"},"geometry":{"type":"MultiPolygon","coordinates":[[[[19.871873,49.908442],[19.871925,49.908371],[19.871319,49.908494],[19.871714,49.908574],[19.871873,49.908442]]]]}},{"type":"Feature","properties":{"warstwa":"dzialki"},"geometry":{"type":"MultiPolygon","coordinates":[[[[19.880379,49.9191],[19.880619,49.918759],[19.880454,49.918725],[19.880282,49.918914],[19.880383,49.919016],[19.880379,49.9191]]]]}},{"type":"Feature","properties":{"warstwa":"dzialki"},"geometry":{"type":"MultiPolygon","coordinates":[[[[19.870731,49.903035],[19.87089,49.902992],[19.871333,49.903058],[19.871345,49.902998],[19.870881,49.902934],[19.870752,49.902957],[19.870722,49.903017],[19.870585,49.903017],[19.870662,49.903031],[19.870731,49.903035]]]]}},{"type":"Feature","properties":{"warstwa":"dzialki"},"geometry":{"type":"MultiPolygon","coordinates":[[[[19.88115,49.918663],[19.881225,49.918698],[19.881348,49.918536],[19.881267,49.91851],[19.88115,49.918663]]]]}},{"type":"Feature","properties":{"warstwa":"dzialki"},"geometry":{"type":"MultiPolygon","coordinates":[[[[19.882209,49.919147],[19.881982,49.919043],[19.881926,49.91912],[19.882153,49.919218],[19.882209,49.919147]]]]}},{"type":"Feature","properties":{"warstwa":"dzialki"},"geometry":{"type":"MultiPolygon","coordinates":[[[[19.965879,49.831536],[19.96585,49.831503],[19.965786,49.831433],[19.965722,49.831364],[19.96566,49.831296],[19.9656,49.83123],[19.965503,49.831124],[19.965489,49.831108],[19.96543,49.831043],[19.965366,49.830973],[19.965333,49.830937],[19.965316,49.830919],[19.965272,49.830871],[19.965246,49.830843],[19.96524,49.83084],[19.9651,49.830786],[19.965053,49.830768],[19.965008,49.830751],[19.964914,49.830715],[19.964821,49.830679],[19.96474,49.830648],[19.964686,49.830627],[19.964603,49.830595],[19.964413,49.830522],[19.964321,49.830486],[19.964351,49.830402],[19.963796,49.830288],[19.963069,49.830146],[19.962259,49.830103],[19.961389,49.830091],[19.960486,49.830138],[19.959553,49.829946],[19.95931,49.82991],[19.95901,49.829864],[19.958996,49.829862],[19.958819,49.829835],[19.958632,49.829721],[19.958422,49.829593],[19.957998,49.829332],[19.957953,49.82928],[19.957847,49.829153],[19.957735,49.829021],[19.957632,49.828898],[19.957528,49.828775],[19.957435,49.828683],[19.957375,49.828623],[19.957285,49.828535],[19.957072,49.828323],[19.957059,49.828309],[19.957004,49.828267],[19.956822,49.828134],[19.956671,49.828023],[19.956504,49.827899],[19.956357,49.827792],[19.956102,49.827633],[19.956006,49.827575],[19.956009,49.827566],[19.955708,49.827383],[19.955585,49.827307],[19.955562,49.827286],[19.955565,49.82731],[19.954903,49.826976],[19.953858,49.826614],[19.953849,49.826612],[19.95382,49.826605],[19.953092,49.826442],[19.952348,49.826339],[19.951195,49.826236],[19.950327,49.826191],[19.949704,49.826083],[19.949504,49.826067],[19.949288,49.82605],[19.949023,49.826029],[19.948214,49.825882],[19.947822,49.825682],[19.94775,49.825645],[19.947732,49.825636],[19.947172,49.825372],[19.946665,49.82505],[19.946119,49.824483],[19.945942,49.824261],[19.94564,49.823849],[19.945483,49.823491],[19.945476,49.823472],[19.945365,49.823286],[19.944975,49.822649],[19.944419,49.821955],[19.943672,49.821264],[19.94286,49.820696],[19.941991,49.820247],[19.940738,49.819743],[19.939245,49.819297],[19.937917,49.818912],[19.937288,49.818712],[19.936961,49.818627],[19.936921,49.818616],[19.935676,49.818252],[19.934765,49.818004],[19.933818,49.817787],[19.933259,49.817469],[19.933029,49.817334],[19.932537,49.817043],[19.931791,49.81661],[19.931726,49.816577],[19.931015,49.816209],[19.930099,49.815865],[19.929249,49.815575],[19.929018,49.815499],[19.928408,49.815298],[19.928299,49.815262],[19.928209,49.815228],[19.928049,49.815168],[19.927741,49.815052],[19.927333,49.814899],[19.927177,49.814842],[19.926428,49.814569],[19.926125,49.814397],[19.926104,49.814384],[19.925708,49.8142],[19.925491,49.8141],[19.925174,49.813831],[19.92501,49.813692],[19.924983,49.81367],[19.924445,49.813239],[19.924179,49.812906],[19.924157,49.812541],[19.924267,49.812142],[19.924329,49.81178],[19.924494,49.811296],[19.924582,49.810934],[19.924296,49.810878],[19.92288,49.810499],[19.922875,49.810498],[19.922862,49.810494],[19.922454,49.810444],[19.922333,49.810558],[19.922273,49.810765],[19.922247,49.8111],[19.922759,49.811399],[19.922692,49.811909],[19.922481,49.811958],[19.922537,49.812115],[19.922675,49.81246],[19.922843,49.812786],[19.923014,49.813097],[19.923236,49.813361],[19.923276,49.813388],[19.923293,49.813417],[19.923558,49.813651],[19.923894,49.813914],[19.924285,49.814162],[19.924685,49.814411],[19.925066,49.814674],[19.925466,49.814923],[19.925866,49.815173],[19.926228,49.815449],[19.926628,49.815698],[19.927024,49.815944],[19.927468,49.816196],[19.927656,49.816295],[19.927864,49.816175],[19.928873,49.816698],[19.928742,49.816842],[19.928776,49.816871],[19.929167,49.817033],[19.9297,49.817221],[19.929905,49.817048],[19.930269,49.817177],[19.930342,49.817191],[19.930711,49.816983],[19.93076,49.817016],[19.930422,49.817206],[19.930725,49.817263],[19.93086,49.817352],[19.931785,49.81776],[19.931739,49.817904],[19.932124,49.818038],[19.93223,49.818076],[19.932597,49.818204],[19.9331,49.818358],[19.933589,49.818529],[19.934078,49.8187],[19.934552,49.818865],[19.934603,49.818874],[19.934758,49.818878],[19.934951,49.818899],[19.935166,49.818958],[19.935601,49.819061],[19.936037,49.819182],[19.936079,49.819188],[19.936201,49.819212],[19.936448,49.819292],[19.936778,49.819352],[19.93685,49.81937],[19.93764,49.819573],[19.938295,49.819735],[19.939198,49.82002],[19.940359,49.820379],[19.940462,49.820419],[19.940989,49.820627],[19.941069,49.820658],[19.941122,49.820679],[19.941628,49.821031],[19.94185,49.821185],[19.941928,49.821239],[19.942213,49.821505],[19.942452,49.821728],[19.942526,49.821798],[19.943071,49.822497],[19.943267,49.822744],[19.943337,49.822833],[19.943513,49.823054],[19.943975,49.823643],[19.94443,49.824208],[19.944421,49.824469],[19.944759,49.824827],[19.94519,49.825213],[19.945372,49.825379],[19.945599,49.825588],[19.946035,49.825905],[19.946309,49.826086],[19.94641,49.826153],[19.94683,49.826316],[19.947149,49.826464],[19.947505,49.82661],[19.947745,49.826706],[19.948029,49.82682],[19.948116,49.826846],[19.948654,49.827011],[19.948699,49.827027],[19.948992,49.826997],[19.94973,49.827075],[19.95032,49.827171],[19.950517,49.827184],[19.950858,49.82721],[19.951405,49.827215],[19.951437,49.827212],[19.951961,49.827172],[19.952585,49.827358],[19.953042,49.827436],[19.953532,49.827562],[19.953997,49.827839],[19.954403,49.828026],[19.954783,49.82833],[19.955201,49.828595],[19.955456,49.828933],[19.955637,49.82918],[19.955948,49.829447],[19.95604,49.829441],[19.956154,49.829501],[19.956313,49.829583],[19.956375,49.829615],[19.956435,49.829647],[19.95656,49.829728],[19.956616,49.829764],[19.95668,49.829804],[19.956872,49.829923],[19.956914,49.829948],[19.956917,49.82995],[19.956954,49.829974],[19.957001,49.830004],[19.957108,49.830073],[19.957137,49.830092],[19.957175,49.830116],[19.95734,49.830221],[19.957422,49.83027],[19.957474,49.830301],[19.957518,49.830327],[19.957599,49.830374],[19.957682,49.830424],[19.957785,49.830447],[19.957909,49.830473],[19.958055,49.830504],[19.958174,49.830529],[19.958313,49.830559],[19.95845,49.830588],[19.958513,49.830601],[19.958599,49.830618],[19.958664,49.830631],[19.958703,49.830639],[19.958739,49.830646],[19.959157,49.830727],[19.959256,49.830747],[19.959378,49.830771],[19.959476,49.830791],[19.959715,49.830837],[19.959849,49.830984],[19.959875,49.831011],[19.959901,49.831036],[19.959946,49.831062],[19.959983,49.831087],[19.960009,49.831105],[19.960207,49.831224],[19.960235,49.831236],[19.960283,49.831254],[19.960438,49.831383],[19.96061,49.831406],[19.961087,49.831426],[19.961278,49.831433],[19.961351,49.831435],[19.961701,49.831443],[19.961748,49.831444],[19.961928,49.831448],[19.961966,49.831449],[19.962165,49.831412],[19.962489,49.83135],[19.963102,49.831347],[19.963929,49.831271],[19.964427,49.831569],[19.964698,49.831826],[19.964907,49.832094],[19.964974,49.83233],[19.965002,49.832428],[19.964997,49.83258],[19.96499,49.832816],[19.96497,49.832889],[19.964836,49.833379],[19.964738,49.833577],[19.964659,49.833736],[19.96456,49.834026],[19.964552,49.834049],[19.964527,49.834127],[19.964252,49.834553],[19.96422,49.834634],[19.964012,49.835198],[19.963794,49.836065],[19.963788,49.836095],[19.9636,49.83648],[19.96351,49.836744],[19.963487,49.836818],[19.963802,49.837212],[19.963845,49.837314],[19.963883,49.837402],[19.963941,49.837533],[19.964019,49.837722],[19.964122,49.837975],[19.964164,49.838033],[19.964293,49.838213],[19.964297,49.838218],[19.964369,49.838319],[19.964383,49.838339],[19.96441,49.838373],[19.964428,49.838391],[19.964476,49.838438],[19.96453,49.83849],[19.964603,49.83856],[19.964655,49.838612],[19.964757,49.838654],[19.96476,49.838655],[19.964846,49.838691],[19.965054,49.838776],[19.965199,49.838868],[19.965275,49.838916],[19.965348,49.838962],[19.965407,49.839],[19.965444,49.839025],[19.965812,49.839163],[19.965932,49.839209],[19.966756,49.839524],[19.96742,49.839721],[19.967692,49.839867],[19.967817,49.839766],[19.96815,49.839944],[19.968016,49.840042],[19.968092,49.840083],[19.968915,49.840757],[19.969372,49.841185],[19.969619,49.841405],[19.970132,49.842253],[19.970043,49.842684],[19.969892,49.842958],[19.969826,49.843511],[19.969784,49.844234],[19.970038,49.844824],[19.970484,49.845437],[19.970894,49.845849],[19.970979,49.845943],[19.97096,49.84588],[19.970647,49.845102],[19.970484,49.844954],[19.970612,49.84481],[19.970694,49.844262],[19.9705,49.843431],[19.970277,49.84229],[19.970083,49.841253],[19.970038,49.840999],[19.969937,49.840517],[19.969865,49.840183],[19.969615,49.839817],[19.969335,49.839406],[19.969078,49.839112],[19.968626,49.838447],[19.967794,49.837886],[19.967636,49.837832],[19.967603,49.837821],[19.967301,49.837692],[19.967294,49.83769],[19.966624,49.837778],[19.966389,49.837369],[19.966158,49.83696],[19.965704,49.836417],[19.965459,49.836055],[19.96532,49.835688],[19.965301,49.835638],[19.965309,49.835218],[19.965523,49.834818],[19.966078,49.834277],[19.966243,49.833832],[19.966651,49.833441],[19.966828,49.832979],[19.966633,49.832814],[19.966591,49.832777],[19.966503,49.832569],[19.96639,49.832303],[19.966309,49.83211],[19.966227,49.831916],[19.966147,49.831829],[19.96614,49.831821],[19.966087,49.831762],[19.966078,49.831753],[19.966022,49.831691],[19.966013,49.831682],[19.965934,49.831596],[19.965887,49.831544],[19.965879,49.831536]]]]}},{"type":"Feature","properties":{"warstwa":"dzialki"},"geometry":{"type":"MultiPolygon","coordinates":[[[[19.921557,49.810752],[19.921483,49.810879],[19.921497,49.811234],[19.921551,49.811512],[19.921632,49.811754],[19.921717,49.811889],[19.921816,49.812046],[19.921922,49.812187],[19.921799,49.812201],[19.921645,49.812218],[19.921605,49.812361],[19.921701,49.812622],[19.921915,49.812954],[19.92211,49.812981],[19.922264,49.813003],[19.922274,49.813118],[19.922411,49.81331],[19.922492,49.813422],[19.922716,49.813626],[19.922884,49.813848],[19.922804,49.813906],[19.922792,49.813916],[19.922822,49.813929],[19.922945,49.81397],[19.923,49.813742],[19.922886,49.813638],[19.922476,49.813244],[19.922147,49.81281],[19.922039,49.812322],[19.921683,49.811138],[19.921664,49.810798],[19.921557,49.810752]]]]}},{"type":"Feature","properties":{"warstwa":"dzialki"},"geometry":{"type":"MultiPolygon","coordinates":[[[[19.938214,49.820359],[19.938224,49.82034],[19.93799,49.82023],[19.937886,49.820429],[19.937844,49.820525],[19.938048,49.82067],[19.938214,49.820359]]]]}},{"type":"Feature","properties":{"warstwa":"dzialki"},"geometry":{"type":"MultiPolygon","coordinates":[[[[19.937703,49.820583],[19.93782,49.820656],[19.938062,49.820803],[19.938178,49.820869],[19.938293,49.820932],[19.93848,49.821037],[19.938564,49.821081],[19.938843,49.821232],[19.939055,49.821347],[19.939259,49.821461],[19.939371,49.821529],[19.939451,49.821601],[19.939504,49.821629],[19.939545,49.821671],[19.939603,49.821725],[19.939578,49.821737],[19.939793,49.821918],[19.93985,49.821966],[19.939895,49.822006],[19.940262,49.822434],[19.940422,49.822601],[19.940481,49.822666],[19.940646,49.822835],[19.940875,49.823062],[19.941214,49.823406],[19.941284,49.823475],[19.941374,49.823565],[19.94161,49.823809],[19.941753,49.823981],[19.941887,49.824163],[19.941907,49.824193],[19.941836,49.824055],[19.94186,49.823851],[19.941795,49.823763],[19.941684,49.823604],[19.941637,49.823536],[19.941461,49.823389],[19.941256,49.823216],[19.941085,49.823063],[19.940914,49.822909],[19.94089,49.822886],[19.940694,49.822698],[19.940616,49.82261],[19.940602,49.822595],[19.940514,49.822495],[19.940433,49.822403],[19.940363,49.822322],[19.940306,49.822257],[19.94026,49.82219],[19.940243,49.822164],[19.940192,49.822088],[19.939907,49.821803],[19.939611,49.821549],[19.939258,49.821317],[19.938901,49.821114],[19.938894,49.82111],[19.938465,49.820892],[19.938064,49.820682],[19.938048,49.82067],[19.937844,49.820525],[19.937723,49.820442],[19.937597,49.820356],[19.937442,49.82025],[19.937242,49.82028],[19.937258,49.820292],[19.937703,49.820583]]]]}},{"type":"Feature","properties":{"warstwa":"dzialki"},"geometry":{"type":"MultiPolygon","coordinates":[[[[19.9221,49.810256],[19.922138,49.810278],[19.922395,49.809939],[19.922742,49.80946],[19.922824,49.809347],[19.922928,49.809204],[19.922947,49.809173],[19.923224,49.808814],[19.923503,49.80845],[19.92365,49.808258],[19.923698,49.808194],[19.923977,49.807826],[19.924041,49.807741],[19.924431,49.807226],[19.924758,49.806792],[19.924785,49.806695],[19.924844,49.806475],[19.925003,49.806037],[19.925188,49.805559],[19.92526,49.805147],[19.925297,49.80476],[19.925303,49.804696],[19.925361,49.804267],[19.925468,49.803775],[19.92556,49.803247],[19.925405,49.802806],[19.925276,49.802316],[19.925169,49.801879],[19.925046,49.8014],[19.924946,49.800926],[19.924936,49.800882],[19.924868,49.800381],[19.924801,49.799774],[19.924799,49.799368],[19.924773,49.798839],[19.924734,49.798705],[19.924729,49.798688],[19.924676,49.798471],[19.924655,49.798383],[19.924598,49.798175],[19.924447,49.79781],[19.924406,49.797538],[19.92416,49.797147],[19.924081,49.796963],[19.924063,49.79692],[19.923895,49.796527],[19.923836,49.796229],[19.923782,49.796064],[19.92388,49.796009],[19.923845,49.795862],[19.923696,49.795691],[19.923669,49.795689],[19.923527,49.795679],[19.923386,49.795641],[19.923301,49.79562],[19.923204,49.795618],[19.923143,49.795586],[19.923192,49.795927],[19.92322,49.795986],[19.923304,49.796177],[19.923323,49.79624],[19.923348,49.796295],[19.923429,49.796527],[19.923492,49.79664],[19.923642,49.797016],[19.9237,49.797141],[19.923985,49.797715],[19.924203,49.798152],[19.924285,49.798299],[19.92432,49.79838],[19.924424,49.79866],[19.924389,49.79868],[19.924456,49.799027],[19.924492,49.799114],[19.924501,49.799284],[19.924512,49.799437],[19.924512,49.79963],[19.924521,49.799707],[19.924529,49.79977],[19.924607,49.800368],[19.924617,49.800427],[19.924658,49.800694],[19.924704,49.800955],[19.924713,49.801005],[19.924777,49.801375],[19.92481,49.801564],[19.924813,49.80158],[19.924919,49.802034],[19.925046,49.802532],[19.925134,49.802874],[19.925157,49.802966],[19.925161,49.802982],[19.925183,49.803078],[19.925213,49.803456],[19.925213,49.803467],[19.925214,49.803472],[19.9252,49.803827],[19.925189,49.803888],[19.925075,49.804386],[19.925059,49.804506],[19.925001,49.804911],[19.924996,49.804939],[19.924957,49.805178],[19.924937,49.805316],[19.924919,49.805451],[19.924851,49.805694],[19.924827,49.805797],[19.924814,49.805837],[19.924801,49.805867],[19.92471,49.806061],[19.924629,49.806226],[19.924613,49.806263],[19.924437,49.80662],[19.924432,49.806638],[19.924325,49.806832],[19.923941,49.807352],[19.92352,49.807919],[19.923497,49.807953],[19.923448,49.808011],[19.923302,49.808217],[19.923249,49.808321],[19.923214,49.808383],[19.923195,49.808422],[19.923052,49.808579],[19.92293,49.808711],[19.922734,49.808924],[19.922441,49.809334],[19.922344,49.809462],[19.922115,49.809769],[19.922083,49.809827],[19.921908,49.810158],[19.921955,49.810172],[19.921998,49.810197],[19.9221,49.810256]]]]}},{"type":"Feature","properties":{"warstwa":"dzialki"},"geometry":{"type":"MultiPolygon","coordinates":[[[[19.926367,49.81577],[19.926832,49.816047],[19.927249,49.816305],[19.927641,49.816533],[19.928159,49.8168],[19.928569,49.817012],[19.929189,49.817237],[19.928776,49.816871],[19.928742,49.816842],[19.928696,49.816801],[19.928042,49.816498],[19.927656,49.816295],[19.927468,49.816196],[19.927024,49.815944],[19.926858,49.815851],[19.926327,49.815568],[19.92582,49.815362],[19.92537,49.815128],[19.92542,49.81516],[19.926367,49.81577]]]]}},{"type":"Feature","properties":{"warstwa":"dzialki"},"geometry":{"type":"MultiPolygon","coordinates":[[[[19.931698,49.818138],[19.932081,49.818258],[19.932179,49.818128],[19.932215,49.818081],[19.932124,49.818038],[19.931405,49.817799],[19.931403,49.81781],[19.931375,49.817981],[19.931371,49.818005],[19.931678,49.81813],[19.931698,49.818138]]]]}},{"type":"Feature","properties":{"warstwa":"dzialki"},"geometry":{"type":"MultiPolygon","coordinates":[[[[19.931217,49.817954],[19.931371,49.818005],[19.931375,49.817981],[19.931403,49.81781],[19.931405,49.817799],[19.931183,49.817777],[19.930917,49.817751],[19.930884,49.817838],[19.931045,49.817894],[19.931217,49.817954]]]]}},{"type":"Feature","properties":{"warstwa":"dzialki"},"geometry":{"type":"MultiPolygon","coordinates":[[[[19.940646,49.82375],[19.940653,49.823754],[19.940654,49.823753],[19.940774,49.823716],[19.940756,49.823642],[19.940832,49.823586],[19.940726,49.823477],[19.940584,49.82326],[19.940528,49.823281],[19.940483,49.823276],[19.940348,49.823366],[19.940218,49.823449],[19.940212,49.823452],[19.940213,49.823453],[19.940646,49.82375]]]]}},{"type":"Feature","properties":{"warstwa":"dzialki"},"geometry":{"type":"MultiPolygon","coordinates":[[[[19.931194,49.818058],[19.931348,49.818147],[19.931612,49.818307],[19.93176,49.818356],[19.931964,49.818423],[19.93213,49.818449],[19.932331,49.818529],[19.932647,49.818655],[19.932664,49.818659],[19.933065,49.818806],[19.933108,49.818819],[19.933375,49.8189],[19.933606,49.818972],[19.933701,49.819002],[19.933861,49.819056],[19.93401,49.819108],[19.934083,49.818881],[19.933982,49.818845],[19.93394,49.81883],[19.933742,49.818817],[19.933686,49.818797],[19.9332,49.818628],[19.933023,49.818567],[19.932731,49.818471],[19.932213,49.818304],[19.932081,49.818258],[19.931698,49.818138],[19.931678,49.81813],[19.931371,49.818005],[19.931217,49.817954],[19.931045,49.817894],[19.930884,49.817838],[19.930752,49.817794],[19.9306,49.81775],[19.9306,49.817801],[19.93036,49.817779],[19.930103,49.817735],[19.929839,49.817658],[19.929764,49.817635],[19.929556,49.817561],[19.929462,49.817528],[19.929336,49.817471],[19.92925,49.817418],[19.929094,49.817331],[19.928954,49.817255],[19.928845,49.817208],[19.928763,49.817172],[19.928647,49.817124],[19.928473,49.817049],[19.928338,49.816982],[19.928248,49.816937],[19.928122,49.816873],[19.927969,49.816803],[19.927776,49.81671],[19.927693,49.816671],[19.927636,49.816641],[19.927305,49.816459],[19.927131,49.816362],[19.926837,49.816173],[19.926693,49.816083],[19.926474,49.815949],[19.925397,49.81525],[19.923527,49.814082],[19.92336,49.813957],[19.923045,49.813656],[19.922993,49.813531],[19.922457,49.813002],[19.921917,49.811459],[19.921858,49.811083],[19.921843,49.81093],[19.921838,49.810872],[19.921797,49.810831],[19.9218,49.810793],[19.921816,49.810737],[19.921849,49.810706],[19.921903,49.810713],[19.921942,49.810605],[19.921966,49.810521],[19.922005,49.810479],[19.922105,49.810339],[19.922138,49.810278],[19.9221,49.810256],[19.921998,49.810197],[19.921955,49.810172],[19.921908,49.810158],[19.921844,49.810249],[19.921741,49.810393],[19.921738,49.81042],[19.921732,49.810469],[19.921714,49.8105],[19.921719,49.81058],[19.92171,49.810624],[19.921694,49.810641],[19.921681,49.810697],[19.921676,49.810718],[19.921671,49.81074],[19.921649,49.810735],[19.921589,49.810697],[19.921557,49.810752],[19.921664,49.810798],[19.921683,49.811138],[19.922039,49.812322],[19.922147,49.81281],[19.922476,49.813244],[19.922886,49.813638],[19.923,49.813742],[19.922945,49.81397],[19.923082,49.814062],[19.923171,49.814127],[19.923263,49.814131],[19.92335,49.814134],[19.923429,49.814137],[19.92353,49.814204],[19.923554,49.814207],[19.92356,49.814207],[19.923624,49.814254],[19.923685,49.814298],[19.92376,49.814359],[19.923809,49.814385],[19.923991,49.814485],[19.924043,49.814515],[19.924148,49.814573],[19.924259,49.814641],[19.924397,49.814725],[19.924473,49.814794],[19.924527,49.814832],[19.92462,49.814898],[19.924624,49.814812],[19.924813,49.814921],[19.924928,49.814987],[19.925093,49.815089],[19.925072,49.815197],[19.92511,49.815211],[19.925171,49.815261],[19.925225,49.815305],[19.925381,49.815387],[19.925481,49.815438],[19.925506,49.815333],[19.925536,49.815361],[19.925599,49.815417],[19.925574,49.815559],[19.925605,49.815579],[19.925655,49.815612],[19.925666,49.815615],[19.925723,49.815648],[19.925762,49.815671],[19.925792,49.815689],[19.9259,49.815754],[19.926018,49.815824],[19.926188,49.815932],[19.926272,49.815986],[19.926546,49.816161],[19.926576,49.81618],[19.926689,49.816239],[19.9268,49.816297],[19.927323,49.816573],[19.927382,49.816604],[19.927572,49.816691],[19.927664,49.816734],[19.92769,49.816736],[19.927723,49.816757],[19.927757,49.816777],[19.927859,49.816836],[19.927922,49.816872],[19.927944,49.816884],[19.927975,49.816913],[19.928027,49.816957],[19.928052,49.817082],[19.928101,49.817108],[19.928133,49.817124],[19.92828,49.817124],[19.928425,49.817168],[19.928465,49.817193],[19.928591,49.817249],[19.928778,49.817322],[19.929032,49.81742],[19.929193,49.8175],[19.929351,49.817576],[19.929387,49.817594],[19.929427,49.817615],[19.929525,49.817665],[19.929636,49.81772],[19.929689,49.817748],[19.929728,49.817701],[19.929763,49.817658],[19.930173,49.817808],[19.93036,49.817875],[19.930562,49.817945],[19.930607,49.817953],[19.930773,49.81801],[19.930869,49.818049],[19.930935,49.818072],[19.930944,49.817988],[19.931114,49.818033],[19.931194,49.818058]]]]}},{"type":"Feature","properties":{"warstwa":"dzialki"},"geometry":{"type":"MultiPolygon","coordinates":[[[[19.935672,49.819503],[19.936235,49.819765],[19.936537,49.819912],[19.936569,49.819871],[19.936718,49.819685],[19.936648,49.819654],[19.936301,49.8195],[19.935879,49.819279],[19.935396,49.81918],[19.935322,49.819373],[19.935322,49.819377],[19.935513,49.819414],[19.935672,49.819503]]]]}},{"type":"Feature","properties":{"warstwa":"dzialki"},"geometry":{"type":"MultiPolygon","coordinates":[[[[19.874487,49.912674],[19.874381,49.91247],[19.873091,49.913196],[19.873253,49.913368],[19.874487,49.912674]]]]}},{"type":"Feature","properties":{"warstwa":"dzialki"},"geometry":{"type":"MultiPolygon","coordinates":[[[[19.891367,49.924183],[19.891342,49.92455],[19.892442,49.924561],[19.89246,49.924194],[19.891367,49.924183]]]]}},{"type":"Feature","properties":{"warstwa":"dzialki"},"geometry":{"type":"MultiPolygon","coordinates":[[[[19.892614,49.92002],[19.892657,49.920037],[19.892766,49.920405],[19.892892,49.921016],[19.892829,49.92132],[19.892841,49.921461],[19.892899,49.921541],[19.892889,49.921725],[19.892741,49.923134],[19.892693,49.923165],[19.892145,49.923137],[19.891912,49.923136],[19.891366,49.923118],[19.891002,49.923099],[19.890817,49.92308],[19.890645,49.922984],[19.890407,49.922871],[19.890222,49.922821],[19.889605,49.922737],[19.889602,49.922769],[19.890216,49.92285],[19.890396,49.922894],[19.89062,49.923004],[19.890751,49.923082],[19.890805,49.923107],[19.890999,49.923144],[19.891368,49.923159],[19.891646,49.923165],[19.891717,49.923166],[19.892123,49.923174],[19.892508,49.923204],[19.893277,49.923248],[19.893275,49.923201],[19.893118,49.923191],[19.892833,49.923174],[19.892792,49.923141],[19.892952,49.921726],[19.892973,49.921545],[19.892921,49.921454],[19.892913,49.921392],[19.892906,49.921306],[19.892939,49.921174],[19.89297,49.921036],[19.892938,49.920983],[19.892827,49.920393],[19.892722,49.920015],[19.892614,49.92002]]]]}},{"type":"Feature","properties":{"warstwa":"dzialki"},"geometry":{"type":"MultiPolygon","coordinates":[[[[19.87146,49.909109],[19.871593,49.909111],[19.87162,49.909118],[19.871647,49.909199],[19.871634,49.909224],[19.871492,49.909279],[19.871534,49.9095],[19.871568,49.90951],[19.871618,49.909496],[19.871668,49.909463],[19.871758,49.909432],[19.871866,49.909429],[19.871892,49.909462],[19.87186,49.909547],[19.871856,49.909579],[19.871935,49.909654],[19.871999,49.909966],[19.87208,49.910005],[19.872302,49.910111],[19.872981,49.910217],[19.873045,49.910266],[19.873102,49.910409],[19.873124,49.910551],[19.873152,49.910612],[19.873134,49.910753],[19.873054,49.910823],[19.873106,49.910913],[19.873307,49.91101],[19.873651,49.911084],[19.873847,49.911176],[19.873812,49.911257],[19.87383,49.911326],[19.874031,49.911441],[19.874189,49.911526],[19.874272,49.911903],[19.874345,49.912199],[19.874425,49.91245],[19.87467,49.912799],[19.874708,49.912818],[19.874757,49.912844],[19.87479,49.912858],[19.874977,49.913001],[19.875031,49.913188],[19.875228,49.913311],[19.875194,49.913394],[19.875253,49.913483],[19.875279,49.913529],[19.875433,49.913687],[19.875496,49.913798],[19.875506,49.913815],[19.875597,49.913977],[19.875503,49.914091],[19.875553,49.91416],[19.875617,49.914215],[19.875625,49.914232],[19.875829,49.914679],[19.875995,49.914825],[19.876234,49.914919],[19.876649,49.915059],[19.876704,49.915092],[19.876733,49.915109],[19.87697,49.915224],[19.87727,49.915183],[19.877568,49.915265],[19.877648,49.91536],[19.877697,49.915397],[19.877864,49.915495],[19.877919,49.915579],[19.87835,49.915835],[19.878378,49.915816],[19.87795,49.91556],[19.87789,49.915477],[19.877687,49.915349],[19.877602,49.915227],[19.877282,49.915162],[19.877,49.915202],[19.87667,49.915037],[19.87603,49.914809],[19.875861,49.914653],[19.87566,49.914201],[19.875601,49.914161],[19.875563,49.914099],[19.875672,49.913973],[19.875503,49.913677],[19.875311,49.913514],[19.875272,49.9133],[19.875068,49.913168],[19.875012,49.912981],[19.874849,49.912851],[19.87473,49.912784],[19.874471,49.912438],[19.874316,49.911908],[19.874242,49.911518],[19.873887,49.911332],[19.873937,49.911288],[19.873907,49.911162],[19.873664,49.911051],[19.873315,49.910979],[19.873166,49.910903],[19.873116,49.910829],[19.873198,49.910751],[19.873205,49.910609],[19.873177,49.910548],[19.873159,49.910409],[19.873076,49.910262],[19.872997,49.910187],[19.87233,49.910088],[19.872042,49.909951],[19.871988,49.909664],[19.871985,49.90965],[19.871915,49.909564],[19.871924,49.90948],[19.871925,49.909413],[19.87187,49.909383],[19.871781,49.909388],[19.871594,49.909457],[19.871555,49.909437],[19.871536,49.909354],[19.871542,49.909328],[19.871668,49.909264],[19.871698,49.909224],[19.871684,49.909176],[19.871678,49.909151],[19.871657,49.909107],[19.871627,49.909079],[19.87161,49.909071],[19.87144,49.909053],[19.871424,49.909051],[19.871395,49.909034],[19.871389,49.908995],[19.871454,49.90893],[19.87144,49.90888],[19.871447,49.908851],[19.871624,49.908811],[19.871704,49.908768],[19.871742,49.908728],[19.871722,49.908651],[19.871751,49.908598],[19.871948,49.908438],[19.87197,49.908387],[19.872023,49.908339],[19.872074,49.908323],[19.872077,49.908294],[19.87219,49.908158],[19.872194,49.908114],[19.872206,49.907886],[19.872226,49.907768],[19.872319,49.907654],[19.872464,49.907556],[19.872485,49.907509],[19.872474,49.907473],[19.872494,49.907437],[19.872564,49.907392],[19.872726,49.907279],[19.87275,49.907238],[19.872745,49.90721],[19.872674,49.907149],[19.872668,49.907104],[19.872701,49.907064],[19.872869,49.906866],[19.872869,49.906726],[19.872907,49.906659],[19.873039,49.906599],[19.87315,49.906491],[19.873202,49.906436],[19.873183,49.906378],[19.873162,49.9063],[19.873205,49.906249],[19.873367,49.906144],[19.873393,49.906062],[19.873461,49.90601],[19.873481,49.905891],[19.873519,49.905845],[19.873527,49.905777],[19.873503,49.905706],[19.873435,49.905633],[19.873278,49.905614],[19.873243,49.90558],[19.873286,49.905526],[19.873451,49.905462],[19.87354,49.905373],[19.873533,49.905293],[19.873554,49.905252],[19.873595,49.905255],[19.873747,49.905257],[19.87377,49.905252],[19.873822,49.905198],[19.873921,49.905047],[19.87393,49.904995],[19.873897,49.904936],[19.87379,49.904872],[19.873722,49.904759],[19.873604,49.904761],[19.87368,49.904854],[19.873717,49.904891],[19.873767,49.904922],[19.873836,49.904946],[19.873854,49.904982],[19.873849,49.90503],[19.873839,49.905068],[19.873812,49.905089],[19.873761,49.905159],[19.873736,49.905172],[19.873682,49.905163],[19.873615,49.905167],[19.873524,49.905211],[19.87348,49.905264],[19.87346,49.905347],[19.873396,49.905419],[19.873221,49.905512],[19.873179,49.905572],[19.873235,49.90566],[19.873394,49.905681],[19.873446,49.905749],[19.873388,49.905992],[19.873306,49.906063],[19.873297,49.906122],[19.873218,49.906158],[19.873159,49.906189],[19.873073,49.9063],[19.873075,49.906377],[19.8731,49.90645],[19.873055,49.906508],[19.872991,49.906558],[19.872848,49.906635],[19.872798,49.906719],[19.8728,49.906815],[19.872804,49.906841],[19.872722,49.906937],[19.872574,49.907077],[19.872591,49.907159],[19.872644,49.907211],[19.872665,49.907247],[19.872643,49.907273],[19.872421,49.907412],[19.872395,49.907533],[19.872292,49.9076],[19.872169,49.907689],[19.87213,49.907818],[19.872126,49.908077],[19.872122,49.908123],[19.871967,49.908314],[19.871925,49.908371],[19.871873,49.908442],[19.871714,49.908574],[19.871673,49.908655],[19.871686,49.908728],[19.871639,49.908773],[19.871397,49.908828],[19.87138,49.908844],[19.871399,49.908905],[19.871389,49.90894],[19.871347,49.908967],[19.871331,49.909002],[19.871336,49.909026],[19.87146,49.909109]]]]}},{"type":"Feature","properties":{"warstwa":"dzialki"},"geometry":{"type":"MultiPolygon","coordinates":[[[[19.88331,49.92061],[19.883525,49.920711],[19.883769,49.920807],[19.883915,49.92019],[19.883433,49.920091],[19.88331,49.92061]]]]}},{"type":"Feature","properties":{"warstwa":"dzialki"},"geometry":{"type":"MultiPolygon","coordinates":[[[[19.872103,49.912173],[19.872868,49.911883],[19.87301,49.911633],[19.872988,49.911544],[19.872869,49.911469],[19.871897,49.91185],[19.871929,49.911899],[19.872103,49.912173]]]]}},{"type":"Feature","properties":{"warstwa":"dzialki"},"geometry":{"type":"MultiPolygon","coordinates":[[[[19.899472,49.92821],[19.898231,49.928227],[19.898326,49.928517],[19.899369,49.928389],[19.899472,49.92821]]]]}},{"type":"Feature","properties":{"warstwa":"dzialki"},"geometry":{"type":"MultiPolygon","coordinates":[[[[19.873091,49.913196],[19.874381,49.91247],[19.874267,49.912248],[19.872939,49.913066],[19.873026,49.913126],[19.873091,49.913196]]]]}},{"type":"Feature","properties":{"warstwa":"dzialki"},"geometry":{"type":"MultiPolygon","coordinates":[[[[19.87673,49.915692],[19.876727,49.91596],[19.876802,49.915961],[19.877168,49.915967],[19.877241,49.915921],[19.877268,49.915225],[19.87727,49.915183],[19.87697,49.915224],[19.876733,49.915109],[19.876732,49.915257],[19.87673,49.915692]]]]}},{"type":"Feature","properties":{"warstwa":"dzialki"},"geometry":{"type":"MultiPolygon","coordinates":[[[[19.900433,49.929685],[19.90036,49.929664],[19.900023,49.929567],[19.899993,49.929537],[19.899904,49.929732],[19.899886,49.929775],[19.900333,49.929874],[19.900433,49.929685]]]]}},{"type":"Feature","properties":{"warstwa":"dzialki"},"geometry":{"type":"MultiPolygon","coordinates":[[[[19.871424,49.909051],[19.87144,49.909053],[19.871432,49.909008],[19.871751,49.90884],[19.871751,49.908598],[19.871722,49.908651],[19.871742,49.908728],[19.871704,49.908768],[19.871624,49.908811],[19.871447,49.908851],[19.87144,49.90888],[19.871454,49.90893],[19.871389,49.908995],[19.871395,49.909034],[19.871424,49.909051]]]]}},{"type":"Feature","properties":{"warstwa":"dzialki"},"geometry":{"type":"MultiPolygon","coordinates":[[[[19.876234,49.914919],[19.875995,49.914825],[19.875829,49.914679],[19.875625,49.914232],[19.875617,49.914215],[19.875532,49.914252],[19.875113,49.914503],[19.875014,49.914562],[19.874676,49.914762],[19.874941,49.915014],[19.876234,49.914919]]]]}},{"type":"Feature","properties":{"warstwa":"dzialki"},"geometry":{"type":"MultiPolygon","coordinates":[[[[19.869008,49.902344],[19.869038,49.902386],[19.869015,49.902488],[19.868924,49.902535],[19.868873,49.902544],[19.869072,49.902582],[19.869203,49.902625],[19.869411,49.902676],[19.86953,49.90277],[19.869568,49.902895],[19.869535,49.902994],[19.869458,49.903037],[19.869322,49.903111],[19.869246,49.903226],[19.869272,49.903267],[19.86932,49.90328],[19.869714,49.903317],[19.869759,49.903303],[19.869913,49.903057],[19.869957,49.902997],[19.870023,49.902964],[19.870324,49.902913],[19.870752,49.902957],[19.870791,49.902838],[19.870512,49.902822],[19.870486,49.902864],[19.870377,49.902838],[19.870002,49.902746],[19.870074,49.902607],[19.870138,49.902482],[19.868891,49.90216],[19.868842,49.902147],[19.868971,49.902294],[19.869008,49.902344]]]]}},{"type":"Feature","properties":{"warstwa":"dzialki"},"geometry":{"type":"MultiPolygon","coordinates":[[[[19.895819,49.927299],[19.895825,49.927453],[19.896611,49.927526],[19.89663,49.92751],[19.896615,49.927352],[19.895819,49.927299]]]]}},{"type":"Feature","properties":{"warstwa":"dzialki"},"geometry":{"type":"MultiPolygon","coordinates":[[[[19.881638,49.919751],[19.882291,49.920101],[19.882369,49.920168],[19.882677,49.919888],[19.883059,49.91961],[19.882739,49.919472],[19.882191,49.919235],[19.882153,49.919218],[19.8819,49.91954],[19.881638,49.919751]]]]}},{"type":"Feature","properties":{"warstwa":"dzialki"},"geometry":{"type":"MultiPolygon","coordinates":[[[[19.883057,49.919967],[19.883925,49.920145],[19.884023,49.919758],[19.884068,49.919589],[19.883735,49.919578],[19.88369,49.919535],[19.883697,49.919445],[19.883341,49.919378],[19.883059,49.91961],[19.882677,49.919888],[19.883057,49.919967]]]]}},{"type":"Feature","properties":{"warstwa":"dzialki"},"geometry":{"type":"MultiPolygon","coordinates":[[[[19.881225,49.918698],[19.881982,49.919043],[19.8826,49.918206],[19.882176,49.917939],[19.882086,49.91789],[19.881822,49.917785],[19.881267,49.91851],[19.881348,49.918536],[19.881225,49.918698]]]]}},{"type":"Feature","properties":{"warstwa":"dzialki"},"geometry":{"type":"MultiPolygon","coordinates":[[[[19.870953,49.904667],[19.871166,49.904496],[19.87167,49.904578],[19.871716,49.904585],[19.872418,49.904688],[19.8727,49.904732],[19.872795,49.904746],[19.873592,49.904761],[19.873604,49.904761],[19.873525,49.90463],[19.873456,49.904638],[19.872845,49.904612],[19.872721,49.904591],[19.872661,49.904583],[19.872466,49.904559],[19.871752,49.904466],[19.871647,49.904448],[19.871517,49.904425],[19.871319,49.90439],[19.871034,49.904357],[19.871007,49.904186],[19.870931,49.90454],[19.870772,49.904796],[19.87092,49.904687],[19.870953,49.904667]]]]}},{"type":"Feature","properties":{"warstwa":"dzialki"},"geometry":{"type":"MultiPolygon","coordinates":[[[[19.872591,49.907159],[19.872574,49.907077],[19.872722,49.906937],[19.872703,49.906942],[19.872284,49.907053],[19.872228,49.907179],[19.872168,49.907296],[19.87207,49.907409],[19.871808,49.907601],[19.87167,49.907699],[19.871437,49.907866],[19.871366,49.907914],[19.871585,49.90796],[19.871581,49.907974],[19.871542,49.908138],[19.871536,49.90816],[19.87151,49.908231],[19.871506,49.908254],[19.871471,49.908285],[19.871275,49.908454],[19.871967,49.908314],[19.872122,49.908123],[19.872126,49.908077],[19.87213,49.907818],[19.872169,49.907689],[19.872292,49.9076],[19.872395,49.907533],[19.872421,49.907412],[19.872643,49.907273],[19.872665,49.907247],[19.872644,49.907211],[19.872591,49.907159]]]]}},{"type":"Feature","properties":{"warstwa":"dzialki"},"geometry":{"type":"MultiPolygon","coordinates":[[[[19.89742,49.929875],[19.897466,49.929883],[19.89758,49.929622],[19.897755,49.929269],[19.897839,49.929135],[19.897894,49.929091],[19.898016,49.929068],[19.898412,49.929083],[19.898635,49.929046],[19.899076,49.928987],[19.899267,49.928667],[19.899448,49.928364],[19.899801,49.927772],[19.899815,49.927748],[19.899693,49.927753],[19.899737,49.927799],[19.899472,49.92821],[19.899369,49.928389],[19.899345,49.928428],[19.899203,49.928675],[19.899046,49.928942],[19.898995,49.928963],[19.898612,49.929015],[19.898397,49.929052],[19.898023,49.929036],[19.897836,49.929072],[19.897792,49.929124],[19.897713,49.929206],[19.897703,49.92926],[19.897537,49.929614],[19.89742,49.929875]]]]}},{"type":"Feature","properties":{"warstwa":"dzialki"},"geometry":{"type":"MultiPolygon","coordinates":[[[[19.870245,49.908161],[19.870455,49.908307],[19.870809,49.908354],[19.871023,49.908171],[19.87005,49.908043],[19.87008,49.908076],[19.870245,49.908161]]]]}},{"type":"Feature","properties":{"warstwa":"dzialki"},"geometry":{"type":"MultiPolygon","coordinates":[[[[19.868908,49.90262],[19.869024,49.902658],[19.869113,49.90268],[19.869164,49.902686],[19.869213,49.902693],[19.869262,49.902706],[19.869339,49.902738],[19.869379,49.902764],[19.869395,49.902782],[19.869419,49.902841],[19.869427,49.902876],[19.869418,49.902929],[19.869398,49.902953],[19.869276,49.903028],[19.869203,49.903084],[19.869171,49.903123],[19.869143,49.90318],[19.869129,49.903239],[19.86914,49.903275],[19.869155,49.903294],[19.869183,49.903314],[19.869234,49.903332],[19.869271,49.90334],[19.869354,49.903358],[19.869397,49.903363],[19.869638,49.903369],[19.869705,49.903364],[19.869757,49.903355],[19.86981,49.90334],[19.869847,49.903326],[19.869874,49.903288],[19.870009,49.903083],[19.870037,49.903049],[19.870085,49.903012],[19.87024,49.902986],[19.870414,49.902984],[19.870585,49.903017],[19.870722,49.903017],[19.870752,49.902957],[19.870324,49.902913],[19.870023,49.902964],[19.869957,49.902997],[19.869913,49.903057],[19.869759,49.903303],[19.869714,49.903317],[19.86932,49.90328],[19.869272,49.903267],[19.869246,49.903226],[19.869322,49.903111],[19.869458,49.903037],[19.869535,49.902994],[19.869568,49.902895],[19.86953,49.90277],[19.869411,49.902676],[19.869203,49.902625],[19.869072,49.902582],[19.868873,49.902544],[19.868802,49.90253],[19.868737,49.9026],[19.868808,49.902603],[19.868908,49.90262]]]]}},{"type":"Feature","properties":{"warstwa":"dzialki"},"geometry":{"type":"MultiPolygon","coordinates":[[[[19.872783,49.904394],[19.872696,49.904354],[19.872643,49.904301],[19.8726,49.904157],[19.872561,49.90408],[19.872471,49.904058],[19.872302,49.904064],[19.87219,49.904042],[19.872164,49.903991],[19.872158,49.903879],[19.872083,49.903835],[19.872096,49.903803],[19.872156,49.903752],[19.872141,49.903691],[19.872092,49.903606],[19.872114,49.903541],[19.872264,49.903408],[19.872287,49.903374],[19.872319,49.903284],[19.872305,49.903171],[19.87227,49.903144],[19.872079,49.903038],[19.872005,49.903023],[19.87179,49.903035],[19.871535,49.903009],[19.871345,49.902998],[19.871333,49.903058],[19.871519,49.903067],[19.871769,49.903096],[19.871815,49.903103],[19.872014,49.903073],[19.872117,49.90313],[19.872226,49.903194],[19.872194,49.903362],[19.872073,49.903471],[19.871966,49.903599],[19.87206,49.903736],[19.871951,49.903834],[19.872022,49.903889],[19.872071,49.903936],[19.872055,49.904021],[19.872104,49.904073],[19.872271,49.90414],[19.872467,49.904133],[19.872625,49.904386],[19.872667,49.904431],[19.872794,49.904469],[19.872833,49.904474],[19.872933,49.904479],[19.873019,49.904514],[19.873179,49.904493],[19.873381,49.904546],[19.873525,49.90463],[19.873656,49.904581],[19.873648,49.904559],[19.873508,49.904524],[19.873471,49.904516],[19.873403,49.904457],[19.873016,49.904415],[19.872783,49.904394]]]]}},{"type":"Feature","properties":{"warstwa":"dzialki"},"geometry":{"type":"MultiPolygon","coordinates":[[[[19.89166,49.923992],[19.891678,49.923725],[19.891717,49.923166],[19.891646,49.923165],[19.891611,49.923688],[19.891591,49.923971],[19.8913,49.924144],[19.891273,49.924549],[19.891248,49.924913],[19.89133,49.924914],[19.891342,49.92455],[19.891367,49.924183],[19.891369,49.924165],[19.89166,49.923992]]]]}},{"type":"Feature","properties":{"warstwa":"dzialki"},"geometry":{"type":"MultiPolygon","coordinates":[[[[19.899687,49.929143],[19.899546,49.929117],[19.899299,49.929628],[19.899439,49.929652],[19.899687,49.929143]]]]}},{"type":"Feature","properties":{"warstwa":"dzialki"},"geometry":{"type":"MultiPolygon","coordinates":[[[[19.871594,49.909457],[19.871781,49.909388],[19.87187,49.909383],[19.871925,49.909413],[19.871924,49.90948],[19.871956,49.909362],[19.872007,49.909236],[19.871824,49.909155],[19.871684,49.909176],[19.871698,49.909224],[19.871668,49.909264],[19.871542,49.909328],[19.871536,49.909354],[19.871555,49.909437],[19.871594,49.909457]]]]}},{"type":"Feature","properties":{"warstwa":"dzialki"},"geometry":{"type":"MultiPolygon","coordinates":[[[[19.876677,49.916307],[19.876692,49.916302],[19.876724,49.916302],[19.877346,49.916307],[19.877526,49.916312],[19.877673,49.916308],[19.878193,49.916272],[19.878357,49.916304],[19.878734,49.916408],[19.879495,49.916658],[19.879518,49.916687],[19.879498,49.91672],[19.879474,49.916762],[19.879492,49.916791],[19.879595,49.916864],[19.879755,49.916958],[19.879753,49.916991],[19.879778,49.916979],[19.879799,49.916942],[19.879571,49.916812],[19.879527,49.916775],[19.87952,49.916753],[19.87956,49.916679],[19.879551,49.916646],[19.879061,49.916472],[19.878354,49.916259],[19.878169,49.916244],[19.877685,49.916271],[19.877308,49.916271],[19.877207,49.916271],[19.876719,49.916275],[19.876687,49.916275],[19.87627,49.916432],[19.876299,49.916454],[19.876677,49.916307]]]]}},{"type":"Feature","properties":{"warstwa":"dzialki"},"geometry":{"type":"MultiPolygon","coordinates":[[[[19.878083,49.917353],[19.87822,49.917154],[19.87735,49.916767],[19.877221,49.91695],[19.877767,49.917211],[19.878083,49.917353]]]]}},{"type":"Feature","properties":{"warstwa":"dzialki"},"geometry":{"type":"MultiPolygon","coordinates":[[[[19.894202,49.929013],[19.89486,49.928882],[19.895304,49.928805],[19.895486,49.928774],[19.895556,49.928761],[19.895775,49.928729],[19.895919,49.928705],[19.896098,49.928716],[19.89636,49.92875],[19.896819,49.92869],[19.896825,49.928662],[19.896673,49.928679],[19.896638,49.928648],[19.896689,49.92846],[19.896758,49.928065],[19.896801,49.927825],[19.896779,49.927648],[19.896796,49.927626],[19.896676,49.927607],[19.896725,49.92765],[19.896745,49.927828],[19.896706,49.928059],[19.896634,49.928455],[19.896583,49.928649],[19.896532,49.928697],[19.896363,49.928714],[19.895931,49.928668],[19.895498,49.92874],[19.895319,49.928771],[19.894876,49.928841],[19.894219,49.928976],[19.894202,49.929013]]]]}},{"type":"Feature","properties":{"warstwa":"dzialki"},"geometry":{"type":"MultiPolygon","coordinates":[[[[19.895819,49.927299],[19.896615,49.927352],[19.896587,49.92711],[19.895824,49.927059],[19.895819,49.927299]]]]}},{"type":"Feature","properties":{"warstwa":"dzialki"},"geometry":{"type":"MultiPolygon","coordinates":[[[[19.87972,49.917043],[19.879789,49.91701],[19.879904,49.917015],[19.879778,49.916979],[19.879753,49.916991],[19.87969,49.917023],[19.87916,49.917478],[19.879087,49.91754],[19.879137,49.917574],[19.87972,49.917043]]]]}},{"type":"Feature","properties":{"warstwa":"dzialki"},"geometry":{"type":"MultiPolygon","coordinates":[[[[19.870486,49.902864],[19.870512,49.902822],[19.870791,49.902838],[19.87082,49.902763],[19.870074,49.902607],[19.870002,49.902746],[19.870377,49.902838],[19.870486,49.902864]]]]}},{"type":"Feature","properties":{"warstwa":"dzialki"},"geometry":{"type":"MultiPolygon","coordinates":[[[[19.871061,49.908636],[19.871192,49.908552],[19.871319,49.908494],[19.871925,49.908371],[19.871967,49.908314],[19.871275,49.908454],[19.871198,49.908484],[19.871082,49.90855],[19.870974,49.908629],[19.87093,49.90864],[19.870958,49.908671],[19.871061,49.908636]]]]}},{"type":"Feature","properties":{"warstwa":"dzialki"},"geometry":{"type":"MultiPolygon","coordinates":[[[[19.874668,49.91284],[19.874503,49.912705],[19.874487,49.912674],[19.873253,49.913368],[19.873418,49.913544],[19.874668,49.91284]]]]}},{"type":"Feature","properties":{"warstwa":"dzialki"},"geometry":{"type":"MultiPolygon","coordinates":[[[[19.871023,49.908171],[19.871255,49.907994],[19.869813,49.907762],[19.87005,49.908043],[19.871023,49.908171]]]]}},{"type":"Feature","properties":{"warstwa":"dzialki"},"geometry":{"type":"MultiPolygon","coordinates":[[[[19.870048,49.906525],[19.869964,49.906797],[19.872228,49.907179],[19.872284,49.907053],[19.872331,49.906925],[19.870048,49.906525]]]]}},{"type":"Feature","properties":{"warstwa":"dzialki"},"geometry":{"type":"MultiPolygon","coordinates":[[[[19.871647,49.911096],[19.872093,49.910903],[19.872352,49.91079],[19.872299,49.910593],[19.872247,49.91052],[19.872128,49.910543],[19.872103,49.910487],[19.871851,49.910421],[19.871617,49.910397],[19.871632,49.910631],[19.871647,49.911096]]]]}},{"type":"Feature","properties":{"warstwa":"dzialki"},"geometry":{"type":"MultiPolygon","coordinates":[[[[19.87161,49.909071],[19.871627,49.909079],[19.871657,49.909107],[19.871678,49.909151],[19.871684,49.909176],[19.871824,49.909155],[19.872007,49.909236],[19.871956,49.909362],[19.871924,49.90948],[19.872337,49.909244],[19.872247,49.90911],[19.872358,49.909003],[19.872066,49.908843],[19.871931,49.908755],[19.871829,49.908679],[19.871751,49.908598],[19.871751,49.90884],[19.871432,49.909008],[19.87144,49.909053],[19.87161,49.909071]]]]}},{"type":"Feature","properties":{"warstwa":"dzialki"},"geometry":{"type":"MultiPolygon","coordinates":[[[[19.896638,49.928648],[19.896673,49.928679],[19.896825,49.928662],[19.896868,49.928565],[19.89691,49.928571],[19.897102,49.927643],[19.89706,49.927641],[19.896796,49.927626],[19.896779,49.927648],[19.896801,49.927825],[19.896758,49.928065],[19.896689,49.92846],[19.896638,49.928648]]]]}},{"type":"Feature","properties":{"warstwa":"dzialki"},"geometry":{"type":"MultiPolygon","coordinates":[[[[19.891646,49.923165],[19.891368,49.923159],[19.891332,49.923685],[19.891611,49.923688],[19.891646,49.923165]]]]}},{"type":"Feature","properties":{"warstwa":"dzialki"},"geometry":{"type":"MultiPolygon","coordinates":[[[[19.870974,49.908629],[19.871082,49.90855],[19.871198,49.908484],[19.871275,49.908454],[19.871471,49.908285],[19.871506,49.908254],[19.87151,49.908231],[19.871536,49.90816],[19.871542,49.908138],[19.871581,49.907974],[19.871585,49.90796],[19.871366,49.907914],[19.871255,49.907994],[19.871023,49.908171],[19.870809,49.908354],[19.870679,49.908465],[19.87093,49.90864],[19.870974,49.908629]]]]}},{"type":"Feature","properties":{"warstwa":"dzialki"},"geometry":{"type":"MultiPolygon","coordinates":[[[[19.896539,49.926691],[19.896558,49.926856],[19.896587,49.92711],[19.896615,49.927352],[19.89663,49.92751],[19.896611,49.927526],[19.89676,49.927544],[19.89671,49.927458],[19.896693,49.927358],[19.896609,49.926694],[19.896703,49.926455],[19.896762,49.926399],[19.897107,49.926212],[19.897179,49.926202],[19.897189,49.92632],[19.89729,49.926281],[19.897287,49.926227],[19.897229,49.925999],[19.897181,49.925903],[19.897099,49.925756],[19.896982,49.925247],[19.896984,49.924802],[19.896984,49.924752],[19.897023,49.92462],[19.897036,49.924576],[19.897045,49.924541],[19.897064,49.92448],[19.897261,49.923854],[19.89734,49.923702],[19.897472,49.923502],[19.897677,49.923193],[19.897699,49.92316],[19.8978,49.922954],[19.897821,49.922913],[19.897899,49.922725],[19.897914,49.922556],[19.897917,49.922538],[19.897917,49.922153],[19.897929,49.922039],[19.897985,49.92193],[19.897993,49.921905],[19.897871,49.921827],[19.897835,49.922154],[19.897841,49.922213],[19.897841,49.922259],[19.89784,49.922282],[19.897833,49.922556],[19.897818,49.922714],[19.89774,49.922896],[19.897621,49.92314],[19.897453,49.923394],[19.897436,49.923419],[19.897263,49.923682],[19.89719,49.923841],[19.897095,49.924181],[19.896922,49.924712],[19.896911,49.924744],[19.896911,49.924886],[19.89691,49.924923],[19.896909,49.925239],[19.896909,49.925255],[19.89699,49.925592],[19.897031,49.925762],[19.897156,49.926015],[19.897071,49.926154],[19.896713,49.926355],[19.896665,49.926391],[19.896539,49.926691]]]]}},{"type":"Feature","properties":{"warstwa":"dzialki"},"geometry":{"type":"MultiPolygon","coordinates":[[[[19.875692,49.915989],[19.875939,49.916182],[19.87627,49.916432],[19.876687,49.916275],[19.876719,49.916275],[19.876724,49.916223],[19.876727,49.91596],[19.87673,49.915692],[19.876732,49.915257],[19.876697,49.915259],[19.876013,49.915306],[19.875538,49.915338],[19.87553,49.915448],[19.875452,49.915526],[19.875432,49.915579],[19.875404,49.915651],[19.87563,49.915941],[19.875692,49.915989]]]]}},{"type":"Feature","properties":{"warstwa":"dzialki"},"geometry":{"type":"MultiPolygon","coordinates":[[[[19.88331,49.92061],[19.883433,49.920091],[19.883915,49.92019],[19.883925,49.920145],[19.883057,49.919967],[19.882677,49.919888],[19.882369,49.920168],[19.882439,49.920213],[19.883017,49.920472],[19.883233,49.920573],[19.88331,49.92061]]]]}},{"type":"Feature","properties":{"warstwa":"dzialki"},"geometry":{"type":"MultiPolygon","coordinates":[[[[19.87254,49.906035],[19.873218,49.906158],[19.873297,49.906122],[19.873306,49.906063],[19.873388,49.905992],[19.873446,49.905749],[19.873394,49.905681],[19.873235,49.90566],[19.873179,49.905572],[19.873221,49.905512],[19.873396,49.905419],[19.87346,49.905347],[19.87348,49.905264],[19.873524,49.905211],[19.873615,49.905167],[19.873596,49.905164],[19.873563,49.905159],[19.873372,49.905123],[19.872811,49.905019],[19.872589,49.904977],[19.872226,49.904909],[19.871573,49.904786],[19.870953,49.904667],[19.87092,49.904687],[19.870772,49.904796],[19.8706,49.905163],[19.870405,49.905647],[19.872146,49.905963],[19.87254,49.906035]]]]}},{"type":"Feature","properties":{"warstwa":"dzialki"},"geometry":{"type":"MultiPolygon","coordinates":[[[[19.871381,49.904196],[19.871541,49.903712],[19.871769,49.903096],[19.871519,49.903067],[19.871333,49.903058],[19.871325,49.903093],[19.871115,49.903617],[19.871021,49.9041],[19.871207,49.904144],[19.871381,49.904196]]]]}},{"type":"Feature","properties":{"warstwa":"dzialki"},"geometry":{"type":"MultiPolygon","coordinates":[[[[19.872441,49.906663],[19.871894,49.906568],[19.87014,49.906266],[19.870088,49.906395],[19.872376,49.906785],[19.872441,49.906663]]]]}},{"type":"Feature","properties":{"warstwa":"dzialki"},"geometry":{"type":"MultiPolygon","coordinates":[[[[19.892482,49.923734],[19.891678,49.923725],[19.89166,49.923992],[19.891369,49.924165],[19.891367,49.924183],[19.89246,49.924194],[19.892482,49.923734]]]]}},{"type":"Feature","properties":{"warstwa":"dzialki"},"geometry":{"type":"MultiPolygon","coordinates":[[[[19.87179,49.903035],[19.871855,49.902938],[19.872075,49.902858],[19.871851,49.902726],[19.871884,49.902687],[19.871502,49.90247],[19.871459,49.902567],[19.871376,49.902844],[19.871345,49.902998],[19.871535,49.903009],[19.87179,49.903035]]]]}},{"type":"Feature","properties":{"warstwa":"dzialki"},"geometry":{"type":"MultiPolygon","coordinates":[[[[19.871808,49.907601],[19.87207,49.907409],[19.872168,49.907296],[19.869928,49.906919],[19.869867,49.907386],[19.87167,49.907699],[19.871808,49.907601]]]]}},{"type":"Feature","properties":{"warstwa":"dzialki"},"geometry":{"type":"MultiPolygon","coordinates":[[[[19.8913,49.924144],[19.891591,49.923971],[19.891611,49.923688],[19.891332,49.923685],[19.8913,49.924144]]]]}},{"type":"Feature","properties":{"warstwa":"dzialki"},"geometry":{"type":"MultiPolygon","coordinates":[[[[19.89757,49.928347],[19.897861,49.928342],[19.898039,49.928253],[19.898126,49.92823],[19.898231,49.928227],[19.899472,49.92821],[19.899737,49.927799],[19.899693,49.927753],[19.897693,49.927666],[19.89757,49.928347]]]]}},{"type":"Feature","properties":{"warstwa":"dzialki"},"geometry":{"type":"MultiPolygon","coordinates":[[[[19.899345,49.928428],[19.898336,49.928551],[19.89841,49.928772],[19.899203,49.928675],[19.899345,49.928428]]]]}},{"type":"Feature","properties":{"warstwa":"dzialki"},"geometry":{"type":"MultiPolygon","coordinates":[[[[19.875014,49.914562],[19.875113,49.914503],[19.875532,49.914252],[19.875617,49.914215],[19.875553,49.91416],[19.875503,49.914091],[19.875597,49.913977],[19.875506,49.913815],[19.875496,49.913798],[19.875421,49.913836],[19.874745,49.914215],[19.874373,49.914424],[19.874676,49.914762],[19.875014,49.914562]]]]}},{"type":"Feature","properties":{"warstwa":"dzialki"},"geometry":{"type":"MultiPolygon","coordinates":[[[[19.871366,49.907914],[19.871437,49.907866],[19.87167,49.907699],[19.869867,49.907386],[19.869813,49.907762],[19.871255,49.907994],[19.871366,49.907914]]]]}},{"type":"Feature","properties":{"warstwa":"dzialki"},"geometry":{"type":"MultiPolygon","coordinates":[[[[19.896609,49.926694],[19.896693,49.927358],[19.89671,49.927458],[19.89676,49.927544],[19.896954,49.927571],[19.897143,49.926705],[19.897189,49.92632],[19.897179,49.926202],[19.897107,49.926212],[19.896762,49.926399],[19.896703,49.926455],[19.896609,49.926694]]]]}},{"type":"Feature","properties":{"warstwa":"dzialki"},"geometry":{"type":"MultiPolygon","coordinates":[[[[19.878734,49.916408],[19.878357,49.916304],[19.878193,49.916272],[19.877673,49.916308],[19.87735,49.916767],[19.87822,49.917154],[19.878734,49.916408]]]]}},{"type":"Feature","properties":{"warstwa":"dzialki"},"geometry":{"type":"MultiPolygon","coordinates":[[[[19.894412,49.925224],[19.894555,49.925247],[19.894926,49.92431],[19.894538,49.92426],[19.893889,49.924221],[19.893825,49.924217],[19.893834,49.924124],[19.893558,49.924107],[19.893362,49.925336],[19.893352,49.925552],[19.894272,49.92571],[19.894412,49.925224]]]]}},{"type":"Feature","properties":{"warstwa":"dzialki"},"geometry":{"type":"MultiPolygon","coordinates":[[[[19.872228,49.907179],[19.869964,49.906797],[19.869928,49.906919],[19.872168,49.907296],[19.872228,49.907179]]]]}},{"type":"Feature","properties":{"warstwa":"dzialki"},"geometry":{"type":"MultiPolygon","coordinates":[[[[19.871617,49.910397],[19.871851,49.910421],[19.872103,49.910487],[19.872035,49.910249],[19.871952,49.909991],[19.871876,49.909805],[19.871788,49.90959],[19.871662,49.909693],[19.871582,49.909758],[19.871598,49.910096],[19.871617,49.910397]]]]}},{"type":"Feature","properties":{"warstwa":"dzialki"},"geometry":{"type":"MultiPolygon","coordinates":[[[[19.883978,49.92104],[19.884322,49.921119],[19.884458,49.92115],[19.884767,49.921221],[19.885172,49.921314],[19.885112,49.921406],[19.885062,49.921481],[19.885012,49.921556],[19.884962,49.921632],[19.884874,49.921765],[19.884742,49.921736],[19.88446,49.922136],[19.884316,49.922341],[19.884452,49.922378],[19.884718,49.922014],[19.88536,49.922164],[19.885942,49.922313],[19.885965,49.922296],[19.886281,49.921861],[19.886479,49.921647],[19.886599,49.921407],[19.884078,49.920801],[19.883978,49.92104]]]]}},{"type":"Feature","properties":{"warstwa":"dzialki"},"geometry":{"type":"MultiPolygon","coordinates":[[[[19.873859,49.913359],[19.874757,49.912844],[19.874708,49.912818],[19.874668,49.91284],[19.873418,49.913544],[19.873513,49.913556],[19.873859,49.913359]]]]}},{"type":"Feature","properties":{"warstwa":"dzialki"},"geometry":{"type":"MultiPolygon","coordinates":[[[[19.874373,49.914424],[19.874745,49.914215],[19.875421,49.913836],[19.875496,49.913798],[19.875433,49.913687],[19.875279,49.913529],[19.875253,49.913483],[19.874456,49.913941],[19.874425,49.913957],[19.874041,49.914155],[19.874353,49.914398],[19.874373,49.914424]]]]}},{"type":"Feature","properties":{"warstwa":"dzialki"},"geometry":{"type":"MultiPolygon","coordinates":[[[[19.876978,49.916838],[19.877286,49.916394],[19.877346,49.916307],[19.876724,49.916302],[19.876692,49.916302],[19.876687,49.916379],[19.876654,49.916476],[19.876622,49.916578],[19.876581,49.916645],[19.876589,49.916649],[19.876978,49.916838]]]]}},{"type":"Feature","properties":{"warstwa":"dzialki"},"geometry":{"type":"MultiPolygon","coordinates":[[[[19.87186,49.909547],[19.871892,49.909462],[19.871866,49.909429],[19.871758,49.909432],[19.871668,49.909463],[19.871618,49.909496],[19.871788,49.90959],[19.87186,49.909547]]]]}},{"type":"Feature","properties":{"warstwa":"dzialki"},"geometry":{"type":"MultiPolygon","coordinates":[[[[19.899904,49.929732],[19.899993,49.929537],[19.90009,49.929327],[19.900236,49.929012],[19.900271,49.928938],[19.900357,49.928754],[19.900582,49.928402],[19.900782,49.928089],[19.900807,49.928051],[19.900745,49.928028],[19.900423,49.928515],[19.900305,49.928694],[19.900279,49.928733],[19.90021,49.928875],[19.900184,49.928931],[19.900054,49.92921],[19.899687,49.929143],[19.899439,49.929652],[19.899669,49.929692],[19.899904,49.929732]]]]}},{"type":"Feature","properties":{"warstwa":"dzialki"},"geometry":{"type":"MultiPolygon","coordinates":[[[[19.873859,49.913359],[19.873513,49.913556],[19.873545,49.913675],[19.874041,49.914155],[19.874425,49.913957],[19.874456,49.913941],[19.875253,49.913483],[19.875194,49.913394],[19.875228,49.913311],[19.875031,49.913188],[19.874977,49.913001],[19.87479,49.912858],[19.874757,49.912844],[19.873859,49.913359]]]]}},{"type":"Feature","properties":{"warstwa":"dzialki"},"geometry":{"type":"MultiPolygon","coordinates":[[[[19.87735,49.916767],[19.877673,49.916308],[19.877526,49.916312],[19.877346,49.916307],[19.877286,49.916394],[19.876978,49.916838],[19.877221,49.91695],[19.87735,49.916767]]]]}},{"type":"Feature","properties":{"warstwa":"dzialki"},"geometry":{"type":"MultiPolygon","coordinates":[[[[19.889345,49.923546],[19.889731,49.924035],[19.8913,49.924144],[19.891332,49.923685],[19.889345,49.923546]]]]}},{"type":"Feature","properties":{"warstwa":"dzialki"},"geometry":{"type":"MultiPolygon","coordinates":[[[[19.87167,49.904578],[19.871166,49.904496],[19.870953,49.904667],[19.871573,49.904786],[19.87167,49.904578]]]]}},{"type":"Feature","properties":{"warstwa":"dzialki"},"geometry":{"type":"MultiPolygon","coordinates":[[[[19.897479,49.928478],[19.89757,49.928347],[19.897693,49.927666],[19.897102,49.927643],[19.89691,49.928571],[19.896994,49.928575],[19.897504,49.928597],[19.897479,49.928478]]]]}},{"type":"Feature","properties":{"warstwa":"dzialki"},"geometry":{"type":"MultiPolygon","coordinates":[[[[19.872441,49.906663],[19.872566,49.906514],[19.872862,49.906322],[19.872923,49.906338],[19.873075,49.906377],[19.873073,49.9063],[19.873159,49.906189],[19.873218,49.906158],[19.87254,49.906035],[19.872146,49.905963],[19.870405,49.905647],[19.870209,49.906099],[19.87014,49.906266],[19.871894,49.906568],[19.872441,49.906663]]]]}},{"type":"Feature","properties":{"warstwa":"dzialki"},"geometry":{"type":"MultiPolygon","coordinates":[[[[19.882739,49.919472],[19.883059,49.91961],[19.883341,49.919378],[19.883476,49.919266],[19.883869,49.919053],[19.884066,49.918868],[19.883975,49.918829],[19.883647,49.918716],[19.883443,49.918686],[19.882739,49.919472]]]]}},{"type":"Feature","properties":{"warstwa":"dzialki"},"geometry":{"type":"MultiPolygon","coordinates":[[[[19.870826,49.902747],[19.870869,49.902674],[19.870693,49.902632],[19.870846,49.902344],[19.870527,49.902264],[19.870453,49.902246],[19.870297,49.902523],[19.870138,49.902482],[19.870074,49.902607],[19.87082,49.902763],[19.870826,49.902747]]]]}},{"type":"Feature","properties":{"warstwa":"dzialki"},"geometry":{"type":"MultiPolygon","coordinates":[[[[19.898204,49.92862],[19.897973,49.928792],[19.897934,49.92887],[19.897836,49.929072],[19.898023,49.929036],[19.898397,49.929052],[19.898612,49.929015],[19.898995,49.928963],[19.899046,49.928942],[19.899203,49.928675],[19.89841,49.928772],[19.898204,49.92862]]]]}},{"type":"Feature","properties":{"warstwa":"dzialki"},"geometry":{"type":"MultiPolygon","coordinates":[[[[19.871686,49.908728],[19.871673,49.908655],[19.871714,49.908574],[19.871319,49.908494],[19.871192,49.908552],[19.871061,49.908636],[19.870958,49.908671],[19.871208,49.90894],[19.871336,49.909026],[19.871331,49.909002],[19.871347,49.908967],[19.871389,49.90894],[19.871399,49.908905],[19.87138,49.908844],[19.871397,49.908828],[19.871639,49.908773],[19.871686,49.908728]]]]}},{"type":"Feature","properties":{"warstwa":"dzialki"},"geometry":{"type":"MultiPolygon","coordinates":[[[[19.88334,49.922013],[19.883175,49.922359],[19.883125,49.922428],[19.883271,49.922431],[19.883254,49.922559],[19.8834,49.922699],[19.883408,49.922631],[19.883275,49.922503],[19.883484,49.922111],[19.883516,49.922046],[19.883586,49.921905],[19.883777,49.92152],[19.883796,49.921475],[19.883842,49.921366],[19.883875,49.921286],[19.883908,49.921207],[19.883942,49.921127],[19.883978,49.92104],[19.884078,49.920801],[19.884085,49.92076],[19.88409,49.92073],[19.884256,49.919764],[19.884301,49.919415],[19.884425,49.919304],[19.884509,49.91928],[19.884624,49.919269],[19.884897,49.919355],[19.885223,49.919474],[19.885661,49.919648],[19.886291,49.919824],[19.88656,49.919878],[19.886612,49.919892],[19.887401,49.920105],[19.887723,49.920207],[19.887872,49.920236],[19.887927,49.920154],[19.887919,49.92012],[19.887935,49.920103],[19.887788,49.920078],[19.887479,49.919996],[19.88637,49.919688],[19.886332,49.919667],[19.885746,49.919486],[19.885684,49.919466],[19.885476,49.919399],[19.885245,49.919324],[19.884479,49.919064],[19.884192,49.919252],[19.884139,49.919319],[19.884068,49.919589],[19.884023,49.919758],[19.883925,49.920145],[19.883915,49.92019],[19.883769,49.920807],[19.883449,49.921698],[19.88334,49.922013]]]]}},{"type":"Feature","properties":{"warstwa":"dzialki"},"geometry":{"type":"MultiPolygon","coordinates":[[[[19.89583,49.926807],[19.895824,49.927059],[19.896587,49.92711],[19.896558,49.926856],[19.89583,49.926807]]]]}},{"type":"Feature","properties":{"warstwa":"dzialki"},"geometry":{"type":"MultiPolygon","coordinates":[[[[19.878928,49.917631],[19.879087,49.91754],[19.87916,49.917478],[19.878987,49.917496],[19.87822,49.917154],[19.878083,49.917353],[19.878531,49.917553],[19.878928,49.917631]]]]}},{"type":"Feature","properties":{"warstwa":"dzialki"},"geometry":{"type":"MultiPolygon","coordinates":[[[[19.893789,49.925947],[19.894272,49.92571],[19.893352,49.925552],[19.893362,49.925336],[19.893558,49.924107],[19.893225,49.924092],[19.893191,49.924644],[19.8931,49.925298],[19.893079,49.925513],[19.893022,49.925997],[19.893318,49.925926],[19.893789,49.925947]]]]}},{"type":"Feature","properties":{"warstwa":"dzialki"},"geometry":{"type":"MultiPolygon","coordinates":[[[[19.87014,49.901747],[19.870624,49.901806],[19.871089,49.901817],[19.871024,49.902133],[19.870976,49.902376],[19.870953,49.902474],[19.870915,49.902596],[19.870869,49.902674],[19.870826,49.902747],[19.87082,49.902763],[19.870791,49.902838],[19.870752,49.902957],[19.870881,49.902934],[19.871345,49.902998],[19.871376,49.902844],[19.871459,49.902567],[19.871502,49.90247],[19.871569,49.902328],[19.871711,49.90235],[19.871717,49.902304],[19.871717,49.902303],[19.871721,49.902284],[19.871698,49.902063],[19.871964,49.901736],[19.87216,49.901533],[19.872351,49.901432],[19.872385,49.901404],[19.872173,49.901299],[19.871993,49.901209],[19.872107,49.901113],[19.872327,49.900929],[19.872306,49.900896],[19.872186,49.900985],[19.871325,49.901169],[19.870904,49.901272],[19.869708,49.901589],[19.869806,49.901624],[19.87014,49.901747]]]]}},{"type":"Feature","properties":{"warstwa":"dzialki"},"geometry":{"type":"MultiPolygon","coordinates":[[[[19.880912,49.882363],[19.881144,49.88286],[19.882085,49.882976],[19.882292,49.883002],[19.882829,49.883069],[19.882819,49.882966],[19.882772,49.882666],[19.882697,49.882384],[19.88088,49.882251],[19.8809,49.882321],[19.880912,49.882363]]]]}},{"type":"Feature","properties":{"warstwa":"dzialki"},"geometry":{"type":"MultiPolygon","coordinates":[[[[19.885415,49.881769],[19.88561,49.882002],[19.885796,49.881905],[19.886227,49.881552],[19.886259,49.881503],[19.88605,49.881266],[19.885868,49.881032],[19.885802,49.880889],[19.884964,49.881276],[19.885242,49.88158],[19.885415,49.881769]]]]}},{"type":"Feature","properties":{"warstwa":"dzialki"},"geometry":{"type":"MultiPolygon","coordinates":[[[[19.878446,49.885223],[19.87846,49.885377],[19.878472,49.885455],[19.878541,49.88551],[19.878627,49.885596],[19.878907,49.88572],[19.878948,49.885739],[19.879151,49.885944],[19.879208,49.886003],[19.879406,49.886079],[19.879507,49.886158],[19.879609,49.886289],[19.879875,49.886547],[19.88003,49.886549],[19.880016,49.885959],[19.879743,49.885968],[19.879354,49.886002],[19.879196,49.885231],[19.879162,49.885049],[19.879267,49.884909],[19.878819,49.884767],[19.878864,49.884939],[19.878576,49.885031],[19.87826,49.885091],[19.878352,49.885156],[19.878446,49.885223]]]]}},{"type":"Feature","properties":{"warstwa":"dzialki"},"geometry":{"type":"MultiPolygon","coordinates":[[[[19.886414,49.881588],[19.886447,49.881613],[19.886529,49.881675],[19.886827,49.882131],[19.886841,49.882152],[19.886905,49.882136],[19.886892,49.882114],[19.886662,49.881763],[19.886589,49.881651],[19.8865,49.881584],[19.886471,49.881562],[19.886331,49.881403],[19.886172,49.881223],[19.885994,49.880995],[19.885932,49.881016],[19.886111,49.881244],[19.886414,49.881588]]]]}},{"type":"Feature","properties":{"warstwa":"dzialki"},"geometry":{"type":"MultiPolygon","coordinates":[[[[19.881275,49.883478],[19.881505,49.883479],[19.881694,49.883479],[19.882051,49.88348],[19.882809,49.883482],[19.882818,49.883406],[19.88147,49.883272],[19.881259,49.883251],[19.881268,49.883376],[19.881275,49.883478]]]]}},{"type":"Feature","properties":{"warstwa":"dzialki"},"geometry":{"type":"MultiPolygon","coordinates":[[[[19.875692,49.889787],[19.876598,49.889548],[19.876518,49.889443],[19.876093,49.889543],[19.87593,49.889285],[19.876514,49.888867],[19.87648,49.888752],[19.876479,49.888622],[19.876409,49.888622],[19.875881,49.889061],[19.875725,49.888653],[19.87525,49.888733],[19.875447,49.889172],[19.875692,49.889787]]]]}},{"type":"Feature","properties":{"warstwa":"dzialki"},"geometry":{"type":"MultiPolygon","coordinates":[[[[19.870904,49.901272],[19.871325,49.901169],[19.872186,49.900985],[19.872306,49.900896],[19.872244,49.900795],[19.872142,49.900869],[19.871262,49.90104],[19.870817,49.901143],[19.869554,49.901535],[19.869708,49.901589],[19.870904,49.901272]]]]}},{"type":"Feature","properties":{"warstwa":"dzialki"},"geometry":{"type":"MultiPolygon","coordinates":[[[[19.874484,49.892296],[19.874644,49.892167],[19.874707,49.892116],[19.875028,49.891876],[19.874932,49.89162],[19.874178,49.891782],[19.874329,49.892039],[19.874484,49.892296]]]]}},{"type":"Feature","properties":{"warstwa":"dzialki"},"geometry":{"type":"MultiPolygon","coordinates":[[[[19.874224,49.887881],[19.874545,49.888193],[19.874642,49.888364],[19.874648,49.888523],[19.874438,49.888671],[19.874465,49.888824],[19.874469,49.888861],[19.874568,49.888923],[19.874746,49.889034],[19.875081,49.889278],[19.875135,49.889403],[19.875279,49.889735],[19.875388,49.889987],[19.875427,49.890097],[19.875493,49.890273],[19.875513,49.890271],[19.875582,49.89042],[19.875796,49.890891],[19.875843,49.890884],[19.875659,49.890472],[19.875625,49.890404],[19.875563,49.890266],[19.875511,49.890134],[19.875442,49.889988],[19.875268,49.88955],[19.875143,49.889239],[19.874832,49.889026],[19.874518,49.888848],[19.874513,49.888821],[19.874489,49.888682],[19.874697,49.888535],[19.874691,49.888358],[19.874589,49.888178],[19.874264,49.887864],[19.874215,49.887634],[19.874111,49.887198],[19.874061,49.887229],[19.874172,49.887674],[19.874224,49.887881]]]]}},{"type":"Feature","properties":{"warstwa":"dzialki"},"geometry":{"type":"MultiPolygon","coordinates":[[[[19.874997,49.890524],[19.875181,49.890941],[19.875227,49.891046],[19.875242,49.891078],[19.87542,49.891481],[19.875493,49.891646],[19.875518,49.891633],[19.875707,49.891538],[19.876057,49.891367],[19.876047,49.89134],[19.876023,49.891301],[19.875843,49.890884],[19.875796,49.890891],[19.875582,49.89042],[19.875535,49.89043],[19.875162,49.8905],[19.874997,49.890524]]]]}},{"type":"Feature","properties":{"warstwa":"dzialki"},"geometry":{"type":"MultiPolygon","coordinates":[[[[19.881738,49.899609],[19.88166,49.899638],[19.881275,49.899786],[19.880937,49.899947],[19.880674,49.90004],[19.880483,49.900108],[19.880357,49.900153],[19.88015,49.900244],[19.880075,49.90027],[19.879755,49.9004],[19.879489,49.900476],[19.879415,49.900497],[19.879195,49.900559],[19.878579,49.900736],[19.878362,49.90082],[19.878294,49.900848],[19.878271,49.900857],[19.877875,49.901016],[19.877811,49.901049],[19.877795,49.901055],[19.877639,49.901119],[19.877525,49.901164],[19.877508,49.901171],[19.877182,49.901299],[19.876924,49.901416],[19.876779,49.901471],[19.87672,49.901512],[19.876655,49.90157],[19.876604,49.901621],[19.876567,49.901696],[19.876424,49.90191],[19.876295,49.902042],[19.876231,49.902097],[19.876056,49.902229],[19.876011,49.902243],[19.87599,49.902237],[19.875869,49.902193],[19.87561,49.902219],[19.875534,49.902217],[19.87547,49.902208],[19.875397,49.902213],[19.875206,49.902267],[19.874936,49.902345],[19.87473,49.902404],[19.874735,49.902408],[19.874609,49.902422],[19.874446,49.902424],[19.874347,49.902409],[19.874216,49.902384],[19.874125,49.902343],[19.873688,49.902068],[19.873389,49.901901],[19.873183,49.901786],[19.873063,49.90173],[19.873005,49.90171],[19.872897,49.90169],[19.872671,49.901824],[19.872507,49.90198],[19.872442,49.902104],[19.872249,49.902261],[19.872201,49.902279],[19.872118,49.90231],[19.872023,49.902321],[19.871717,49.902303],[19.871717,49.902304],[19.871711,49.90235],[19.871971,49.902357],[19.872122,49.902342],[19.872264,49.902299],[19.872494,49.902122],[19.872532,49.902045],[19.872649,49.901916],[19.872715,49.901849],[19.872861,49.901759],[19.872932,49.901749],[19.873014,49.901765],[19.873544,49.902082],[19.87387,49.902272],[19.874059,49.902369],[19.874174,49.902418],[19.874309,49.90244],[19.874396,49.90245],[19.874554,49.902451],[19.874664,49.902442],[19.874715,49.902435],[19.874843,49.902406],[19.875016,49.902352],[19.875357,49.902256],[19.87545,49.90224],[19.875588,49.902247],[19.87582,49.902234],[19.875874,49.902238],[19.875922,49.902254],[19.876048,49.902316],[19.87613,49.902285],[19.8765,49.901929],[19.876695,49.901591],[19.876754,49.901535],[19.876815,49.9015],[19.876872,49.901476],[19.876916,49.901457],[19.876939,49.901447],[19.877226,49.901324],[19.877449,49.901234],[19.878202,49.900928],[19.878509,49.900805],[19.878861,49.900695],[19.87928,49.900572],[19.879518,49.900512],[19.879647,49.900479],[19.879745,49.900449],[19.879822,49.90042],[19.879886,49.900396],[19.879891,49.900399],[19.880169,49.900287],[19.880189,49.90026],[19.880461,49.90017],[19.880669,49.900093],[19.880934,49.899995],[19.880985,49.899979],[19.881295,49.899835],[19.88161,49.899701],[19.88183,49.899629],[19.881989,49.899613],[19.882065,49.899608],[19.882387,49.899595],[19.882587,49.899577],[19.882966,49.899527],[19.883436,49.899455],[19.883621,49.89944],[19.883953,49.899446],[19.884368,49.899485],[19.884858,49.899545],[19.885079,49.899561],[19.885343,49.899589],[19.885536,49.89959],[19.885627,49.899578],[19.885651,49.899574],[19.885763,49.899551],[19.885915,49.899531],[19.886013,49.899522],[19.886172,49.899525],[19.88631,49.899537],[19.886599,49.899584],[19.886868,49.899625],[19.886921,49.899632],[19.887056,49.899632],[19.88729,49.899577],[19.887876,49.899306],[19.888076,49.899221],[19.888218,49.899185],[19.888165,49.899142],[19.888042,49.899186],[19.887836,49.899273],[19.887262,49.899545],[19.887048,49.899596],[19.886993,49.899596],[19.886921,49.899596],[19.886515,49.899533],[19.886483,49.899528],[19.886178,49.899489],[19.88601,49.899486],[19.885906,49.899495],[19.885749,49.899516],[19.885531,49.899554],[19.885348,49.899553],[19.885085,49.899533],[19.885014,49.899528],[19.884259,49.899434],[19.884107,49.899423],[19.883886,49.899406],[19.883655,49.899401],[19.883426,49.899419],[19.882939,49.899491],[19.882462,49.899556],[19.882339,49.899567],[19.881991,49.89958],[19.881861,49.899593],[19.881738,49.899609]]]]}},{"type":"Feature","properties":{"warstwa":"dzialki"},"geometry":{"type":"MultiPolygon","coordinates":[[[[19.888443,49.881225],[19.888693,49.881154],[19.888634,49.881071],[19.888998,49.880948],[19.888785,49.880641],[19.888757,49.880607],[19.888372,49.880734],[19.888441,49.880833],[19.888206,49.880912],[19.888401,49.881237],[19.888443,49.881225]]]]}},{"type":"Feature","properties":{"warstwa":"dzialki"},"geometry":{"type":"MultiPolygon","coordinates":[[[[19.87733,49.885643],[19.8768,49.885665],[19.876808,49.885876],[19.877366,49.885865],[19.87733,49.885643]]]]}},{"type":"Feature","properties":{"warstwa":"dzialki"},"geometry":{"type":"MultiPolygon","coordinates":[[[[19.883462,49.88326],[19.883766,49.883141],[19.883841,49.883111],[19.883992,49.883052],[19.883925,49.882903],[19.88381,49.882644],[19.883723,49.882448],[19.883638,49.882211],[19.883393,49.881436],[19.882918,49.881525],[19.883343,49.88289],[19.883462,49.88326]]]]}},{"type":"Feature","properties":{"warstwa":"dzialki"},"geometry":{"type":"MultiPolygon","coordinates":[[[[19.879782,49.883183],[19.879707,49.883178],[19.879686,49.882801],[19.879191,49.882783],[19.879195,49.882743],[19.879104,49.882683],[19.87892,49.882647],[19.878901,49.883016],[19.878892,49.88319],[19.878889,49.883267],[19.878869,49.883765],[19.878825,49.884337],[19.878891,49.884627],[19.879158,49.884731],[19.879574,49.884721],[19.880067,49.884854],[19.880068,49.884822],[19.880065,49.884361],[19.880558,49.884361],[19.881057,49.884361],[19.881098,49.88436],[19.881156,49.884144],[19.88124,49.883855],[19.881251,49.883777],[19.88114,49.883779],[19.880998,49.883782],[19.880444,49.883796],[19.880421,49.88322],[19.879851,49.883187],[19.879782,49.883183]]]]}},{"type":"Feature","properties":{"warstwa":"dzialki"},"geometry":{"type":"MultiPolygon","coordinates":[[[[19.874265,49.88987],[19.874355,49.890062],[19.874586,49.890102],[19.874804,49.890102],[19.874579,49.889598],[19.874343,49.889072],[19.873919,49.88913],[19.874236,49.889808],[19.874265,49.88987]]]]}},{"type":"Feature","properties":{"warstwa":"dzialki"},"geometry":{"type":"MultiPolygon","coordinates":[[[[19.875268,49.88955],[19.875442,49.889988],[19.87575,49.889935],[19.875692,49.889787],[19.875447,49.889172],[19.87525,49.888733],[19.874958,49.888781],[19.875143,49.889239],[19.875268,49.88955]]]]}},{"type":"Feature","properties":{"warstwa":"dzialki"},"geometry":{"type":"MultiPolygon","coordinates":[[[[19.887998,49.881473],[19.88851,49.88132],[19.888759,49.881245],[19.888693,49.881154],[19.888443,49.881225],[19.888401,49.881237],[19.887918,49.881374],[19.887904,49.881377],[19.887983,49.881477],[19.887998,49.881473]]]]}},{"type":"Feature","properties":{"warstwa":"dzialki"},"geometry":{"type":"MultiPolygon","coordinates":[[[[19.875654,49.885636],[19.875684,49.885807],[19.875759,49.886235],[19.876011,49.886237],[19.876124,49.886253],[19.876476,49.886249],[19.876527,49.88628],[19.87654,49.886519],[19.876558,49.88685],[19.876577,49.887175],[19.876647,49.887189],[19.876625,49.886849],[19.876612,49.886517],[19.876584,49.886204],[19.876123,49.886208],[19.876119,49.886191],[19.875882,49.886194],[19.875803,49.88615],[19.875743,49.885802],[19.875696,49.885535],[19.875648,49.885265],[19.875646,49.885255],[19.875587,49.88525],[19.875637,49.88554],[19.875654,49.885636]]]]}},{"type":"Feature","properties":{"warstwa":"dzialki"},"geometry":{"type":"MultiPolygon","coordinates":[[[[19.876124,49.886253],[19.876011,49.886237],[19.875759,49.886235],[19.87577,49.886476],[19.875789,49.886692],[19.875813,49.886951],[19.875872,49.887009],[19.876017,49.887059],[19.876418,49.887144],[19.876449,49.88715],[19.876529,49.887167],[19.876577,49.887175],[19.876558,49.88685],[19.87654,49.886519],[19.876527,49.88628],[19.876476,49.886249],[19.876124,49.886253]]]]}},{"type":"Feature","properties":{"warstwa":"dzialki"},"geometry":{"type":"MultiPolygon","coordinates":[[[[19.87826,49.885091],[19.878576,49.885031],[19.878864,49.884939],[19.878819,49.884767],[19.879267,49.884909],[19.879539,49.884902],[19.879718,49.884976],[19.87981,49.885032],[19.880041,49.885049],[19.88021,49.884889],[19.880067,49.884854],[19.879574,49.884721],[19.879158,49.884731],[19.878891,49.884627],[19.878741,49.884562],[19.878736,49.884642],[19.878532,49.884605],[19.878313,49.884703],[19.878008,49.884659],[19.878046,49.884859],[19.87826,49.885091]]]]}},{"type":"Feature","properties":{"warstwa":"dzialki"},"geometry":{"type":"MultiPolygon","coordinates":[[[[19.876119,49.886191],[19.876123,49.886208],[19.876584,49.886204],[19.876821,49.886209],[19.87682,49.886174],[19.876813,49.885994],[19.876809,49.885912],[19.876808,49.885876],[19.8768,49.885665],[19.87645,49.885679],[19.876014,49.885695],[19.876058,49.88592],[19.876119,49.886191]]]]}},{"type":"Feature","properties":{"warstwa":"dzialki"},"geometry":{"type":"MultiPolygon","coordinates":[[[[19.876813,49.885994],[19.87682,49.886174],[19.877451,49.886162],[19.877373,49.88591],[19.877366,49.885865],[19.876808,49.885876],[19.876809,49.885912],[19.876813,49.885994]]]]}},{"type":"Feature","properties":{"warstwa":"dzialki"},"geometry":{"type":"MultiPolygon","coordinates":[[[[19.87565,49.888451],[19.875605,49.888289],[19.875597,49.888269],[19.875528,49.888058],[19.875454,49.887845],[19.875404,49.887577],[19.875131,49.887604],[19.874598,49.887657],[19.874898,49.88858],[19.87565,49.888451]]]]}},{"type":"Feature","properties":{"warstwa":"dzialki"},"geometry":{"type":"MultiPolygon","coordinates":[[[[19.885933,49.882389],[19.886763,49.882148],[19.886703,49.882056],[19.886465,49.881692],[19.886388,49.881637],[19.886237,49.881699],[19.886078,49.881784],[19.886014,49.881831],[19.88587,49.881988],[19.885672,49.882077],[19.885681,49.882086],[19.885933,49.882389]]]]}},{"type":"Feature","properties":{"warstwa":"dzialki"},"geometry":{"type":"MultiPolygon","coordinates":[[[[19.881259,49.883251],[19.88147,49.883272],[19.882818,49.883406],[19.882833,49.883212],[19.881191,49.883001],[19.881249,49.883188],[19.881259,49.883251]]]]}},{"type":"Feature","properties":{"warstwa":"dzialki"},"geometry":{"type":"MultiPolygon","coordinates":[[[[19.875081,49.89364],[19.875033,49.893538],[19.874843,49.893605],[19.874625,49.893711],[19.874523,49.893765],[19.874487,49.89381],[19.874463,49.893895],[19.874437,49.894021],[19.874416,49.894154],[19.874397,49.894565],[19.874401,49.894638],[19.874415,49.894736],[19.874424,49.894817],[19.874427,49.894841],[19.87448,49.894917],[19.874559,49.89498],[19.874737,49.895077],[19.875096,49.89521],[19.875186,49.895268],[19.875255,49.895344],[19.875286,49.895435],[19.875262,49.895602],[19.875226,49.895678],[19.875184,49.895722],[19.875142,49.895746],[19.874994,49.895778],[19.874978,49.895801],[19.875044,49.895938],[19.875107,49.896068],[19.875088,49.896145],[19.875001,49.896209],[19.874906,49.896239],[19.874819,49.896267],[19.874588,49.896339],[19.874333,49.896472],[19.874111,49.896584],[19.873997,49.896643],[19.873908,49.896715],[19.873871,49.897016],[19.873789,49.897139],[19.873653,49.897225],[19.873576,49.897316],[19.873559,49.897407],[19.873486,49.897542],[19.873483,49.897706],[19.873506,49.89787],[19.873551,49.897934],[19.873637,49.897999],[19.87377,49.898049],[19.873883,49.898082],[19.874009,49.898095],[19.874103,49.898123],[19.874146,49.89817],[19.874118,49.898249],[19.874116,49.898317],[19.874158,49.898719],[19.874131,49.898739],[19.874048,49.898775],[19.87378,49.898795],[19.873541,49.898904],[19.873418,49.899007],[19.873293,49.899118],[19.873227,49.899187],[19.873148,49.899336],[19.873122,49.899482],[19.873122,49.899611],[19.873162,49.899749],[19.873201,49.899928],[19.873173,49.900044],[19.872995,49.900156],[19.872949,49.900205],[19.872962,49.900237],[19.872996,49.90027],[19.872983,49.900296],[19.872943,49.900339],[19.872863,49.90037],[19.872783,49.900386],[19.872727,49.90042],[19.872634,49.900513],[19.872406,49.900665],[19.872244,49.900795],[19.872306,49.900896],[19.872443,49.90076],[19.87268,49.900633],[19.872805,49.900553],[19.872858,49.900481],[19.873071,49.900402],[19.87313,49.900326],[19.873118,49.900293],[19.873064,49.900228],[19.873066,49.900206],[19.873165,49.900154],[19.873275,49.900097],[19.873315,49.900049],[19.873342,49.899975],[19.873362,49.899885],[19.87331,49.899632],[19.873305,49.899472],[19.873306,49.899315],[19.873356,49.899192],[19.87342,49.899108],[19.873509,49.899037],[19.873612,49.898962],[19.873802,49.898877],[19.87388,49.898852],[19.874135,49.898807],[19.874242,49.898745],[19.874229,49.898483],[19.874237,49.898275],[19.874264,49.898178],[19.874277,49.898133],[19.874193,49.89806],[19.874102,49.898024],[19.873901,49.898018],[19.873777,49.897965],[19.873661,49.897885],[19.873613,49.897839],[19.87359,49.897725],[19.873594,49.897583],[19.873653,49.897442],[19.873664,49.897341],[19.873668,49.897313],[19.873702,49.897273],[19.873844,49.897181],[19.873912,49.897118],[19.873935,49.897082],[19.873967,49.897005],[19.873968,49.896802],[19.873976,49.896755],[19.874025,49.896702],[19.874067,49.896672],[19.874366,49.896527],[19.874628,49.896395],[19.874711,49.896371],[19.874935,49.896302],[19.875094,49.896252],[19.87516,49.896221],[19.875196,49.896191],[19.875219,49.896155],[19.87522,49.896123],[19.87522,49.896087],[19.875174,49.895959],[19.875138,49.895893],[19.875126,49.895859],[19.875155,49.895821],[19.875299,49.895732],[19.875344,49.895689],[19.875389,49.895611],[19.875392,49.895536],[19.875396,49.895442],[19.875374,49.895352],[19.875317,49.895243],[19.875215,49.895178],[19.875032,49.895099],[19.874911,49.895052],[19.874733,49.894978],[19.874657,49.894931],[19.874613,49.894876],[19.874564,49.894815],[19.874542,49.894765],[19.87454,49.894591],[19.874519,49.894245],[19.874541,49.894125],[19.874548,49.89393],[19.874552,49.893851],[19.874569,49.893822],[19.874671,49.893745],[19.874828,49.893674],[19.874907,49.893652],[19.875081,49.89364]]]]}},{"type":"Feature","properties":{"warstwa":"dzialki"},"geometry":{"type":"MultiPolygon","coordinates":[[[[19.874447,49.890286],[19.874468,49.890379],[19.87453,49.890529],[19.874553,49.890585],[19.874678,49.890568],[19.874905,49.890537],[19.874997,49.890524],[19.874825,49.890146],[19.874589,49.890147],[19.874375,49.890108],[19.874403,49.890169],[19.874439,49.890246],[19.874447,49.890286]]]]}},{"type":"Feature","properties":{"warstwa":"dzialki"},"geometry":{"type":"MultiPolygon","coordinates":[[[[19.88605,49.881266],[19.886259,49.881503],[19.886357,49.881614],[19.886388,49.881637],[19.886447,49.881613],[19.886414,49.881588],[19.886111,49.881244],[19.885932,49.881016],[19.885858,49.880863],[19.885802,49.880889],[19.885868,49.881032],[19.88605,49.881266]]]]}},{"type":"Feature","properties":{"warstwa":"dzialki"},"geometry":{"type":"MultiPolygon","coordinates":[[[[19.872406,49.900665],[19.872634,49.900513],[19.872727,49.90042],[19.872783,49.900386],[19.872863,49.90037],[19.872943,49.900339],[19.872983,49.900296],[19.872419,49.900075],[19.872344,49.900251],[19.872206,49.900733],[19.872244,49.900795],[19.872406,49.900665]]]]}},{"type":"Feature","properties":{"warstwa":"dzialki"},"geometry":{"type":"MultiPolygon","coordinates":[[[[19.873871,49.897016],[19.873908,49.896715],[19.873997,49.896643],[19.874111,49.896584],[19.874086,49.896561],[19.874062,49.896574],[19.873736,49.896278],[19.873676,49.89641],[19.873654,49.89681],[19.873583,49.896994],[19.873789,49.897139],[19.873871,49.897016]]]]}},{"type":"Feature","properties":{"warstwa":"dzialki"},"geometry":{"type":"MultiPolygon","coordinates":[[[[19.872527,49.896734],[19.872812,49.89693],[19.872836,49.896947],[19.872908,49.896696],[19.872937,49.896592],[19.872085,49.895948],[19.871931,49.896072],[19.871778,49.896276],[19.87227,49.89656],[19.872527,49.896734]]]]}},{"type":"Feature","properties":{"warstwa":"dzialki"},"geometry":{"type":"MultiPolygon","coordinates":[[[[19.88587,49.881988],[19.886014,49.881831],[19.886078,49.881784],[19.886237,49.881699],[19.886388,49.881637],[19.886357,49.881614],[19.886259,49.881503],[19.886227,49.881552],[19.885796,49.881905],[19.88561,49.882002],[19.885672,49.882077],[19.88587,49.881988]]]]}},{"type":"Feature","properties":{"warstwa":"dzialki"},"geometry":{"type":"MultiPolygon","coordinates":[[[[19.874741,49.891029],[19.874769,49.891094],[19.874911,49.891425],[19.87498,49.891441],[19.875113,49.891826],[19.875329,49.891724],[19.875416,49.891683],[19.875305,49.891512],[19.875325,49.891499],[19.875405,49.891484],[19.87542,49.891481],[19.875242,49.891078],[19.875227,49.891046],[19.875181,49.890941],[19.874997,49.890524],[19.874905,49.890537],[19.874678,49.890568],[19.874553,49.890585],[19.874668,49.890855],[19.874741,49.891029]]]]}},{"type":"Feature","properties":{"warstwa":"dzialki"},"geometry":{"type":"MultiPolygon","coordinates":[[[[19.875131,49.890099],[19.874983,49.889773],[19.87488,49.889546],[19.874579,49.889598],[19.874804,49.890102],[19.875131,49.890099]]]]}},{"type":"Feature","properties":{"warstwa":"dzialki"},"geometry":{"type":"MultiPolygon","coordinates":[[[[19.877465,49.886198],[19.877451,49.886162],[19.87682,49.886174],[19.876821,49.886209],[19.877465,49.886198]]]]}},{"type":"Feature","properties":{"warstwa":"dzialki"},"geometry":{"type":"MultiPolygon","coordinates":[[[[19.884093,49.881722],[19.884169,49.881871],[19.88429,49.882097],[19.885242,49.88158],[19.884964,49.881276],[19.884938,49.881247],[19.884673,49.881237],[19.884663,49.881335],[19.884663,49.881392],[19.884662,49.881433],[19.884104,49.881717],[19.884093,49.881722]],[[19.884662,49.881433],[19.884769,49.881409],[19.884987,49.88136],[19.885045,49.881421],[19.885101,49.881481],[19.885189,49.881574],[19.884863,49.881647],[19.88481,49.88159],[19.884779,49.881558],[19.884662,49.881433]]]]}},{"type":"Feature","properties":{"warstwa":"dzialki"},"geometry":{"type":"MultiPolygon","coordinates":[[[[19.872996,49.90027],[19.872962,49.900237],[19.872949,49.900205],[19.872995,49.900156],[19.873173,49.900044],[19.873201,49.899928],[19.873162,49.899749],[19.873122,49.899611],[19.873122,49.899482],[19.873148,49.899336],[19.873105,49.899205],[19.873126,49.899143],[19.873149,49.899116],[19.873107,49.899078],[19.872808,49.898917],[19.872767,49.899037],[19.872658,49.899367],[19.87253,49.899811],[19.872434,49.900036],[19.872983,49.900296],[19.872996,49.90027]]]]}},{"type":"Feature","properties":{"warstwa":"dzialki"},"geometry":{"type":"MultiPolygon","coordinates":[[[[19.87525,49.888733],[19.875725,49.888653],[19.87565,49.888451],[19.874898,49.88858],[19.874958,49.888781],[19.87525,49.888733]]]]}},{"type":"Feature","properties":{"warstwa":"dzialki"},"geometry":{"type":"MultiPolygon","coordinates":[[[[19.88464,49.882369],[19.88463,49.882404],[19.884663,49.88239],[19.885551,49.882027],[19.885357,49.881794],[19.884998,49.881957],[19.884614,49.882127],[19.884645,49.882261],[19.88464,49.882369]]]]}},{"type":"Feature","properties":{"warstwa":"dzialki"},"geometry":{"type":"MultiPolygon","coordinates":[[[[19.875942,49.887446],[19.875875,49.887105],[19.875878,49.887103],[19.875876,49.887081],[19.875749,49.887025],[19.875616,49.887028],[19.87559,49.887047],[19.875639,49.887472],[19.875942,49.887446]]]]}},{"type":"Feature","properties":{"warstwa":"dzialki"},"geometry":{"type":"MultiPolygon","coordinates":[[[[19.887918,49.881374],[19.888401,49.881237],[19.888206,49.880912],[19.888149,49.880838],[19.887614,49.881007],[19.887904,49.881377],[19.887918,49.881374]]]]}},{"type":"Feature","properties":{"warstwa":"dzialki"},"geometry":{"type":"MultiPolygon","coordinates":[[[[19.873015,49.896319],[19.873118,49.895992],[19.872626,49.895646],[19.872426,49.895757],[19.872217,49.895874],[19.872085,49.895948],[19.872937,49.896592],[19.873015,49.896319]]]]}},{"type":"Feature","properties":{"warstwa":"dzialki"},"geometry":{"type":"MultiPolygon","coordinates":[[[[19.885312,49.882254],[19.885605,49.882121],[19.885681,49.882086],[19.885672,49.882077],[19.88561,49.882002],[19.885551,49.882027],[19.884663,49.88239],[19.88463,49.882404],[19.884577,49.882594],[19.885244,49.882286],[19.885312,49.882254]]]]}},{"type":"Feature","properties":{"warstwa":"dzialki"},"geometry":{"type":"MultiPolygon","coordinates":[[[[19.909734,49.868553],[19.909756,49.86889],[19.909738,49.868476],[19.909682,49.868487],[19.909717,49.868511],[19.909734,49.868553]]]]}},{"type":"Feature","properties":{"warstwa":"dzialki"},"geometry":{"type":"MultiPolygon","coordinates":[[[[19.888759,49.881245],[19.889143,49.881133],[19.888998,49.880948],[19.888634,49.881071],[19.888693,49.881154],[19.888759,49.881245]]]]}},{"type":"Feature","properties":{"warstwa":"dzialki"},"geometry":{"type":"MultiPolygon","coordinates":[[[[19.888777,49.881439],[19.889279,49.881288],[19.889143,49.881133],[19.888759,49.881245],[19.88851,49.88132],[19.888619,49.881485],[19.888777,49.881439]]]]}},{"type":"Feature","properties":{"warstwa":"dzialki"},"geometry":{"type":"MultiPolygon","coordinates":[[[[19.873149,49.899116],[19.873209,49.899054],[19.873364,49.898946],[19.873541,49.898904],[19.87378,49.898795],[19.874041,49.898732],[19.874105,49.898636],[19.874116,49.898317],[19.874118,49.898249],[19.874146,49.89817],[19.874103,49.898123],[19.874009,49.898095],[19.873883,49.898082],[19.87377,49.898049],[19.873637,49.897999],[19.873551,49.897934],[19.873506,49.89787],[19.873483,49.897706],[19.873328,49.89762],[19.873269,49.89776],[19.873335,49.897796],[19.873012,49.898397],[19.872977,49.898408],[19.872898,49.898685],[19.872808,49.898917],[19.873107,49.899078],[19.873149,49.899116]]]]}},{"type":"Feature","properties":{"warstwa":"dzialki"},"geometry":{"type":"MultiPolygon","coordinates":[[[[19.877535,49.886522],[19.877528,49.886433],[19.877465,49.886198],[19.876821,49.886209],[19.876584,49.886204],[19.876612,49.886517],[19.877535,49.886522]]]]}},{"type":"Feature","properties":{"warstwa":"dzialki"},"geometry":{"type":"MultiPolygon","coordinates":[[[[19.883112,49.880213],[19.882882,49.879872],[19.882569,49.879337],[19.882476,49.879304],[19.882728,49.879736],[19.882817,49.879889],[19.883065,49.880256],[19.881989,49.880508],[19.882039,49.880617],[19.882128,49.880802],[19.882293,49.881145],[19.882343,49.881278],[19.882406,49.881444],[19.882474,49.881626],[19.882547,49.881871],[19.882605,49.882064],[19.882638,49.882175],[19.88267,49.882279],[19.882677,49.882306],[19.882697,49.882384],[19.882772,49.882666],[19.882819,49.882966],[19.882953,49.882946],[19.883196,49.882911],[19.883343,49.88289],[19.882918,49.881525],[19.883393,49.881436],[19.883638,49.882211],[19.883723,49.882448],[19.88381,49.882644],[19.883925,49.882903],[19.883992,49.883052],[19.884036,49.883034],[19.884466,49.882861],[19.884354,49.882417],[19.884315,49.882262],[19.884309,49.882146],[19.88429,49.882097],[19.884169,49.881871],[19.884093,49.881722],[19.884072,49.881685],[19.884015,49.881585],[19.883728,49.88116],[19.883643,49.881016],[19.883601,49.880945],[19.883574,49.880908],[19.883536,49.880854],[19.883489,49.880789],[19.883486,49.880785],[19.883428,49.8807],[19.88331,49.880459],[19.883287,49.880382],[19.883186,49.8803],[19.883112,49.880213]]]]}},{"type":"Feature","properties":{"warstwa":"dzialki"},"geometry":{"type":"MultiPolygon","coordinates":[[[[19.874129,49.892524],[19.874174,49.892464],[19.874265,49.892498],[19.874484,49.892296],[19.874329,49.892039],[19.874178,49.891782],[19.873725,49.891873],[19.874129,49.892524]]]]}},{"type":"Feature","properties":{"warstwa":"dzialki"},"geometry":{"type":"MultiPolygon","coordinates":[[[[19.870115,49.902162],[19.870282,49.902203],[19.870453,49.902246],[19.870527,49.902264],[19.870846,49.902344],[19.870976,49.902376],[19.871024,49.902133],[19.870407,49.901976],[19.869709,49.901798],[19.869384,49.901716],[19.869381,49.901719],[19.86931,49.901762],[19.869077,49.901835],[19.86901,49.901871],[19.869046,49.901884],[19.870115,49.902162]]]]}},{"type":"Feature","properties":{"warstwa":"dzialki"},"geometry":{"type":"MultiPolygon","coordinates":[[[[19.87645,49.885679],[19.8768,49.885665],[19.87733,49.885643],[19.87731,49.885423],[19.877288,49.885145],[19.877229,49.885144],[19.87645,49.885126],[19.876401,49.885125],[19.876405,49.885256],[19.876405,49.885297],[19.876389,49.885296],[19.876211,49.885297],[19.87594,49.885279],[19.876014,49.885695],[19.87645,49.885679]]]]}},{"type":"Feature","properties":{"warstwa":"dzialki"},"geometry":{"type":"MultiPolygon","coordinates":[[[[19.888981,49.883175],[19.888582,49.882323],[19.888565,49.882274],[19.888396,49.882046],[19.887983,49.881477],[19.887904,49.881377],[19.887614,49.881007],[19.887031,49.880191],[19.88695,49.880175],[19.887238,49.880577],[19.886734,49.880741],[19.886694,49.880755],[19.887012,49.881199],[19.887096,49.881318],[19.887283,49.881571],[19.887512,49.881882],[19.887565,49.881969],[19.88766,49.882125],[19.887766,49.882364],[19.887912,49.882702],[19.888064,49.883085],[19.888193,49.883496],[19.888316,49.88391],[19.888464,49.883859],[19.888568,49.883795],[19.888653,49.883711],[19.888756,49.883643],[19.888874,49.883595],[19.889113,49.883498],[19.889048,49.883318],[19.888981,49.883175]]]]}},{"type":"Feature","properties":{"warstwa":"dzialki"},"geometry":{"type":"MultiPolygon","coordinates":[[[[19.871001,49.898359],[19.871393,49.898652],[19.871481,49.898832],[19.871682,49.899036],[19.871806,49.899113],[19.872228,49.898845],[19.872251,49.898735],[19.872411,49.898266],[19.871806,49.897938],[19.871558,49.898063],[19.871202,49.89823],[19.87097,49.898336],[19.870978,49.898342],[19.871001,49.898359]]]]}},{"type":"Feature","properties":{"warstwa":"dzialki"},"geometry":{"type":"MultiPolygon","coordinates":[[[[19.870887,49.899592],[19.870425,49.899901],[19.870451,49.899918],[19.870315,49.900012],[19.870934,49.900364],[19.871376,49.900614],[19.871568,49.900579],[19.871673,49.900299],[19.871763,49.900059],[19.871882,49.899752],[19.87129,49.899447],[19.871266,49.899465],[19.870986,49.899312],[19.870722,49.899171],[19.870907,49.898874],[19.870849,49.898819],[19.870916,49.89876],[19.870715,49.898558],[19.870709,49.898552],[19.870515,49.898734],[19.87041,49.898856],[19.870371,49.898924],[19.870326,49.899013],[19.870195,49.899229],[19.870553,49.899394],[19.870887,49.899592]]]]}},{"type":"Feature","properties":{"warstwa":"dzialki"},"geometry":{"type":"MultiPolygon","coordinates":[[[[19.872201,49.902279],[19.872249,49.902261],[19.872442,49.902104],[19.872507,49.90198],[19.872436,49.901948],[19.872379,49.901995],[19.87214,49.901881],[19.872187,49.901838],[19.871964,49.901736],[19.871698,49.902063],[19.871946,49.902183],[19.872201,49.902279]]]]}},{"type":"Feature","properties":{"warstwa":"dzialki"},"geometry":{"type":"MultiPolygon","coordinates":[[[[19.877061,49.887264],[19.87729,49.887286],[19.877418,49.887294],[19.877551,49.887296],[19.877545,49.886982],[19.877544,49.886855],[19.876625,49.886849],[19.876647,49.887189],[19.877061,49.887264]]]]}},{"type":"Feature","properties":{"warstwa":"dzialki"},"geometry":{"type":"MultiPolygon","coordinates":[[[[19.873383,49.891151],[19.873394,49.891203],[19.87346,49.891402],[19.873493,49.891463],[19.873631,49.89172],[19.87389,49.891668],[19.874086,49.891632],[19.874875,49.891474],[19.874907,49.891468],[19.874911,49.891425],[19.874632,49.891463],[19.87449,49.891125],[19.874409,49.890907],[19.874174,49.890322],[19.873178,49.890451],[19.873312,49.890847],[19.873383,49.891151]]]]}},{"type":"Feature","properties":{"warstwa":"dzialki"},"geometry":{"type":"MultiPolygon","coordinates":[[[[19.875131,49.887604],[19.875404,49.887577],[19.875454,49.887845],[19.875528,49.888058],[19.876187,49.887798],[19.876208,49.887998],[19.876247,49.888082],[19.876395,49.888158],[19.876605,49.888153],[19.876567,49.887561],[19.876288,49.88757],[19.876272,49.887435],[19.876267,49.887349],[19.876405,49.887344],[19.876418,49.887147],[19.876418,49.887144],[19.876017,49.887059],[19.875878,49.887103],[19.875875,49.887105],[19.875942,49.887446],[19.875639,49.887472],[19.87559,49.887047],[19.875616,49.887028],[19.875749,49.887025],[19.875745,49.886954],[19.87561,49.886958],[19.875318,49.88697],[19.875028,49.886978],[19.875115,49.88751],[19.875131,49.887604]]]]}},{"type":"Feature","properties":{"warstwa":"dzialki"},"geometry":{"type":"MultiPolygon","coordinates":[[[[19.882833,49.883212],[19.882829,49.883069],[19.882292,49.883002],[19.882085,49.882976],[19.881144,49.88286],[19.881191,49.883001],[19.882833,49.883212]]]]}},{"type":"Feature","properties":{"warstwa":"dzialki"},"geometry":{"type":"MultiPolygon","coordinates":[[[[19.875605,49.888289],[19.876208,49.887998],[19.876187,49.887798],[19.875528,49.888058],[19.875597,49.888269],[19.875605,49.888289]]]]}},{"type":"Feature","properties":{"warstwa":"dzialki"},"geometry":{"type":"MultiPolygon","coordinates":[[[[19.877605,49.886532],[19.877683,49.886572],[19.877763,49.886599],[19.877972,49.886601],[19.877977,49.886498],[19.878452,49.886474],[19.878665,49.886464],[19.878518,49.886145],[19.877606,49.886199],[19.877605,49.886525],[19.877605,49.886532]]]]}},{"type":"Feature","properties":{"warstwa":"dzialki"},"geometry":{"type":"MultiPolygon","coordinates":[[[[19.878008,49.884659],[19.878313,49.884703],[19.878532,49.884605],[19.878736,49.884642],[19.878741,49.884562],[19.878891,49.884627],[19.878825,49.884337],[19.878869,49.883765],[19.878889,49.883267],[19.878654,49.883262],[19.87843,49.883256],[19.878434,49.883071],[19.878456,49.88271],[19.878261,49.882725],[19.878019,49.882726],[19.877805,49.882726],[19.877779,49.88289],[19.877752,49.883235],[19.877737,49.883562],[19.877723,49.883934],[19.87777,49.884185],[19.878008,49.884659]]]]}},{"type":"Feature","properties":{"warstwa":"dzialki"},"geometry":{"type":"MultiPolygon","coordinates":[[[[19.877061,49.887264],[19.876647,49.887189],[19.876577,49.887175],[19.876529,49.887167],[19.876555,49.887427],[19.876567,49.887561],[19.876605,49.888153],[19.877379,49.88815],[19.87729,49.887286],[19.877061,49.887264]]]]}},{"type":"Feature","properties":{"warstwa":"dzialki"},"geometry":{"type":"MultiPolygon","coordinates":[[[[19.87208,49.899298],[19.872129,49.899163],[19.872208,49.898944],[19.871873,49.899144],[19.871831,49.899149],[19.87179,49.899124],[19.87129,49.899447],[19.871882,49.899752],[19.87208,49.899298]]]]}},{"type":"Feature","properties":{"warstwa":"dzialki"},"geometry":{"type":"MultiPolygon","coordinates":[[[[19.880412,49.883002],[19.880503,49.883044],[19.880734,49.883153],[19.880845,49.883252],[19.880971,49.883483],[19.880985,49.883636],[19.880998,49.883782],[19.88114,49.883779],[19.881251,49.883777],[19.881269,49.883611],[19.881276,49.883562],[19.881275,49.883478],[19.881268,49.883376],[19.881259,49.883251],[19.881249,49.883188],[19.881191,49.883001],[19.881144,49.88286],[19.880402,49.882749],[19.880404,49.882824],[19.880412,49.883002]]]]}},{"type":"Feature","properties":{"warstwa":"dzialki"},"geometry":{"type":"MultiPolygon","coordinates":[[[[19.872622,49.897773],[19.872683,49.897592],[19.872699,49.897545],[19.872798,49.897106],[19.872836,49.896947],[19.872812,49.89693],[19.872527,49.896734],[19.872521,49.896739],[19.87221,49.89694],[19.872104,49.897009],[19.87217,49.897082],[19.87221,49.897143],[19.872217,49.897251],[19.872134,49.897552],[19.872035,49.897745],[19.872535,49.897965],[19.872622,49.897773]]]]}},{"type":"Feature","properties":{"warstwa":"dzialki"},"geometry":{"type":"MultiPolygon","coordinates":[[[[19.87449,49.891125],[19.874632,49.891463],[19.874911,49.891425],[19.874769,49.891094],[19.874741,49.891029],[19.874668,49.890855],[19.874553,49.890585],[19.87453,49.890529],[19.874468,49.890379],[19.874447,49.890286],[19.874174,49.890322],[19.874409,49.890907],[19.87449,49.891125]]]]}},{"type":"Feature","properties":{"warstwa":"dzialki"},"geometry":{"type":"MultiPolygon","coordinates":[[[[19.874589,49.888178],[19.874691,49.888358],[19.874697,49.888535],[19.874489,49.888682],[19.874513,49.888821],[19.874518,49.888848],[19.874832,49.889026],[19.875143,49.889239],[19.874958,49.888781],[19.874898,49.88858],[19.874598,49.887657],[19.874215,49.887634],[19.874264,49.887864],[19.874589,49.888178]]]]}},{"type":"Feature","properties":{"warstwa":"dzialki"},"geometry":{"type":"MultiPolygon","coordinates":[[[[19.887012,49.881199],[19.886331,49.881403],[19.886471,49.881562],[19.8865,49.881584],[19.886589,49.881651],[19.886662,49.881763],[19.887283,49.881571],[19.887096,49.881318],[19.887012,49.881199]]]]}},{"type":"Feature","properties":{"warstwa":"dzialki"},"geometry":{"type":"MultiPolygon","coordinates":[[[[19.88223,49.883779],[19.882478,49.883696],[19.882574,49.883663],[19.882798,49.883587],[19.882804,49.883507],[19.881276,49.883562],[19.881269,49.883611],[19.881251,49.883777],[19.88124,49.883855],[19.881156,49.884144],[19.882062,49.883836],[19.88223,49.883779]]]]}},{"type":"Feature","properties":{"warstwa":"dzialki"},"geometry":{"type":"MultiPolygon","coordinates":[[[[19.880444,49.883796],[19.880998,49.883782],[19.880985,49.883636],[19.880971,49.883483],[19.880845,49.883252],[19.880734,49.883153],[19.880503,49.883044],[19.880412,49.883002],[19.880421,49.88322],[19.880444,49.883796]]]]}},{"type":"Feature","properties":{"warstwa":"dzialki"},"geometry":{"type":"MultiPolygon","coordinates":[[[[19.875725,49.888653],[19.875881,49.889061],[19.876409,49.888622],[19.876272,49.888161],[19.876395,49.888158],[19.876247,49.888082],[19.876208,49.887998],[19.875605,49.888289],[19.87565,49.888451],[19.875725,49.888653]]]]}},{"type":"Feature","properties":{"warstwa":"dzialki"},"geometry":{"type":"MultiPolygon","coordinates":[[[[19.908936,49.870505],[19.908837,49.870502],[19.908884,49.870264],[19.908824,49.870266],[19.908764,49.870479],[19.90867,49.870793],[19.908717,49.870778],[19.908936,49.870505]]]]}},{"type":"Feature","properties":{"warstwa":"dzialki"},"geometry":{"type":"MultiPolygon","coordinates":[[[[19.909229,49.86891],[19.909756,49.86889],[19.909734,49.868553],[19.909717,49.868511],[19.909682,49.868487],[19.909485,49.868517],[19.9092,49.868561],[19.909203,49.86857],[19.909229,49.86891]]]]}},{"type":"Feature","properties":{"warstwa":"dzialki"},"geometry":{"type":"MultiPolygon","coordinates":[[[[19.903162,49.870775],[19.903321,49.87075],[19.903416,49.870823],[19.903513,49.870935],[19.903568,49.870941],[19.90373,49.870868],[19.903929,49.870913],[19.904002,49.870852],[19.904092,49.87091],[19.904176,49.870788],[19.904357,49.870829],[19.904478,49.870678],[19.904604,49.87069],[19.904624,49.87076],[19.904799,49.87076],[19.904942,49.870858],[19.905082,49.870918],[19.905127,49.870911],[19.905144,49.870909],[19.905158,49.870907],[19.905215,49.870899],[19.90531,49.870841],[19.905387,49.87083],[19.905455,49.87082],[19.905523,49.870852],[19.905555,49.870989],[19.905663,49.871032],[19.905739,49.871022],[19.905897,49.871001],[19.906107,49.870953],[19.906263,49.870876],[19.906246,49.870747],[19.90634,49.870708],[19.906389,49.870714],[19.906447,49.870721],[19.906511,49.870747],[19.906638,49.870773],[19.906764,49.870748],[19.906853,49.870711],[19.90705,49.870666],[19.907122,49.870673],[19.907138,49.870677],[19.907193,49.87069],[19.907247,49.870726],[19.907316,49.870785],[19.907415,49.870808],[19.907503,49.870799],[19.907642,49.870766],[19.907712,49.870734],[19.907798,49.870741],[19.908108,49.870834],[19.908189,49.870859],[19.908496,49.870934],[19.908627,49.870925],[19.90868,49.870922],[19.908903,49.870924],[19.90893,49.870931],[19.908993,49.870958],[19.909113,49.870981],[19.909194,49.871015],[19.90922,49.871059],[19.909206,49.8711],[19.909135,49.87121],[19.909201,49.871342],[19.909269,49.871414],[19.909254,49.871468],[19.909235,49.871481],[19.90919,49.871528],[19.909216,49.871677],[19.909271,49.871767],[19.909325,49.871748],[19.909269,49.871673],[19.909239,49.87153],[19.909302,49.871473],[19.909318,49.871404],[19.909243,49.871331],[19.909224,49.871297],[19.909178,49.871202],[19.909248,49.871102],[19.909262,49.871054],[19.909227,49.871005],[19.909188,49.870974],[19.909118,49.870947],[19.908975,49.870915],[19.908914,49.870892],[19.908686,49.87089],[19.908637,49.870892],[19.908513,49.870897],[19.908208,49.870821],[19.908151,49.870816],[19.908119,49.870806],[19.907797,49.870708],[19.907702,49.870706],[19.907609,49.870749],[19.907467,49.870782],[19.907406,49.870784],[19.907335,49.870769],[19.907281,49.870715],[19.907209,49.870669],[19.907112,49.870649],[19.907035,49.870646],[19.906835,49.870696],[19.906746,49.870736],[19.906635,49.870759],[19.906516,49.870734],[19.90644,49.870706],[19.906381,49.870699],[19.906322,49.870691],[19.906204,49.87074],[19.906236,49.870863],[19.906093,49.87093],[19.905856,49.870984],[19.905678,49.870999],[19.90559,49.870964],[19.905562,49.870848],[19.905471,49.870801],[19.905302,49.870818],[19.905171,49.870889],[19.905099,49.870894],[19.904958,49.870836],[19.904813,49.870732],[19.90473,49.870735],[19.90465,49.870737],[19.904628,49.87067],[19.904446,49.870652],[19.904318,49.870794],[19.904157,49.870756],[19.904066,49.870866],[19.904007,49.870802],[19.903921,49.87088],[19.90372,49.87083],[19.903557,49.870908],[19.903354,49.870712],[19.903185,49.870742],[19.903151,49.870614],[19.903112,49.870569],[19.903087,49.870581],[19.903119,49.87062],[19.903162,49.870775]]]]}},{"type":"Feature","properties":{"warstwa":"dzialki"},"geometry":{"type":"MultiPolygon","coordinates":[[[[19.906292,49.875158],[19.906161,49.87496],[19.905483,49.875225],[19.905456,49.875263],[19.905595,49.875377],[19.906292,49.875158]]]]}},{"type":"Feature","properties":{"warstwa":"dzialki"},"geometry":{"type":"MultiPolygon","coordinates":[[[[19.890668,49.881139],[19.890793,49.881111],[19.89081,49.881098],[19.891294,49.881024],[19.891651,49.880958],[19.891499,49.880552],[19.89114,49.88062],[19.890924,49.880647],[19.890989,49.880814],[19.890772,49.881043],[19.890668,49.881139]]]]}},{"type":"Feature","properties":{"warstwa":"dzialki"},"geometry":{"type":"MultiPolygon","coordinates":[[[[19.899964,49.878366],[19.899849,49.878255],[19.89961,49.878229],[19.899547,49.878213],[19.899503,49.878191],[19.899459,49.878151],[19.899368,49.878167],[19.899416,49.87821],[19.899456,49.878234],[19.899508,49.878259],[19.899572,49.878282],[19.899675,49.878326],[19.899745,49.878362],[19.899798,49.878396],[19.899829,49.878424],[19.899849,49.878456],[19.899854,49.878487],[19.89985,49.878519],[19.899825,49.878557],[19.899784,49.87859],[19.899738,49.878611],[19.899763,49.878711],[19.900447,49.878587],[19.900383,49.878497],[19.900034,49.878407],[19.899964,49.878366]]]]}},{"type":"Feature","properties":{"warstwa":"dzialki"},"geometry":{"type":"MultiPolygon","coordinates":[[[[19.890526,49.880683],[19.890463,49.880681],[19.890514,49.880855],[19.890734,49.880808],[19.890665,49.880672],[19.890526,49.880683]]]]}},{"type":"Feature","properties":{"warstwa":"dzialki"},"geometry":{"type":"MultiPolygon","coordinates":[[[[19.909109,49.870212],[19.909214,49.870203],[19.909231,49.870206],[19.90929,49.870164],[19.909345,49.870123],[19.909328,49.869874],[19.909272,49.869827],[19.90888,49.869829],[19.908846,49.869918],[19.908856,49.87001],[19.909109,49.870212]]]]}},{"type":"Feature","properties":{"warstwa":"dzialki"},"geometry":{"type":"MultiPolygon","coordinates":[[[[19.889732,49.880992],[19.889546,49.880687],[19.889334,49.880686],[19.889563,49.881038],[19.889732,49.880992]]]]}},{"type":"Feature","properties":{"warstwa":"dzialki"},"geometry":{"type":"MultiPolygon","coordinates":[[[[19.909163,49.870513],[19.909168,49.870415],[19.909457,49.870386],[19.90942,49.870325],[19.909375,49.870282],[19.909313,49.870256],[19.909258,49.870242],[19.90921,49.870239],[19.909146,49.870241],[19.909168,49.870258],[19.909161,49.870351],[19.908966,49.870354],[19.908971,49.870262],[19.908884,49.870264],[19.908837,49.870502],[19.908936,49.870505],[19.909163,49.870513]]]]}},{"type":"Feature","properties":{"warstwa":"dzialki"},"geometry":{"type":"MultiPolygon","coordinates":[[[[19.889563,49.881038],[19.889334,49.880686],[19.889235,49.880685],[19.888846,49.880618],[19.888833,49.880615],[19.889093,49.880984],[19.889216,49.881132],[19.889231,49.881128],[19.889563,49.881038]]]]}},{"type":"Feature","properties":{"warstwa":"dzialki"},"geometry":{"type":"MultiPolygon","coordinates":[[[[19.909265,49.86982],[19.908883,49.869822],[19.90888,49.869829],[19.909272,49.869827],[19.909265,49.86982]]]]}},{"type":"Feature","properties":{"warstwa":"dzialki"},"geometry":{"type":"MultiPolygon","coordinates":[[[[19.909168,49.870258],[19.908971,49.870262],[19.908966,49.870354],[19.909161,49.870351],[19.909168,49.870258]]]]}},{"type":"Feature","properties":{"warstwa":"dzialki"},"geometry":{"type":"MultiPolygon","coordinates":[[[[19.901275,49.878428],[19.901852,49.87831],[19.901694,49.878072],[19.901513,49.877834],[19.900892,49.877912],[19.900751,49.877935],[19.901139,49.878454],[19.901275,49.878428]]]]}},{"type":"Feature","properties":{"warstwa":"dzialki"},"geometry":{"type":"MultiPolygon","coordinates":[[[[19.910257,49.866958],[19.910163,49.867247],[19.910018,49.867687],[19.909794,49.867669],[19.909702,49.868435],[19.909701,49.868442],[19.910243,49.868353],[19.910263,49.868128],[19.910285,49.867908],[19.910307,49.867694],[19.910325,49.867514],[19.910648,49.867492],[19.910873,49.867558],[19.910926,49.867573],[19.911022,49.867601],[19.911055,49.86761],[19.910968,49.867572],[19.910952,49.867547],[19.910998,49.867336],[19.910986,49.867284],[19.91096,49.86722],[19.910949,49.867136],[19.910925,49.867112],[19.910851,49.867092],[19.910741,49.867051],[19.910595,49.867012],[19.910522,49.86697],[19.910462,49.866882],[19.910436,49.866863],[19.91041,49.866856],[19.910302,49.866825],[19.910257,49.866958]]]]}},{"type":"Feature","properties":{"warstwa":"dzialki"},"geometry":{"type":"MultiPolygon","coordinates":[[[[19.885855,49.874932],[19.885959,49.874833],[19.886342,49.874665],[19.886588,49.87453],[19.886698,49.874505],[19.886832,49.874523],[19.887069,49.874612],[19.887303,49.874599],[19.887537,49.874586],[19.887631,49.874607],[19.888001,49.874773],[19.888416,49.875062],[19.888836,49.875205],[19.8891,49.875313],[19.889533,49.875489],[19.889536,49.875456],[19.88969,49.875327],[19.889983,49.875162],[19.890273,49.875048],[19.89055,49.874913],[19.890766,49.874868],[19.891011,49.874878],[19.89121,49.87495],[19.891206,49.874974],[19.891334,49.875042],[19.891517,49.87512],[19.891579,49.875134],[19.891667,49.875142],[19.891871,49.875177],[19.89198,49.875187],[19.892293,49.87518],[19.892573,49.875181],[19.892942,49.875201],[19.893314,49.875235],[19.89416,49.875416],[19.894806,49.875436],[19.895026,49.8753],[19.895328,49.875064],[19.895643,49.874988],[19.895858,49.874768],[19.896211,49.874621],[19.896673,49.874747],[19.897141,49.87486],[19.897352,49.87492],[19.897486,49.874961],[19.897544,49.874978],[19.897727,49.874978],[19.898051,49.875142],[19.898888,49.875444],[19.898939,49.875467],[19.898953,49.875473],[19.899007,49.875487],[19.899317,49.875473],[19.899366,49.875457],[19.89957,49.875388],[19.899595,49.87538],[19.899749,49.875321],[19.900156,49.875187],[19.900211,49.875177],[19.900469,49.875254],[19.900571,49.875326],[19.90064,49.875368],[19.900703,49.875385],[19.900843,49.87539],[19.900967,49.875398],[19.901304,49.875422],[19.901358,49.875421],[19.901404,49.875413],[19.90157,49.875351],[19.901881,49.875249],[19.902193,49.875151],[19.902516,49.875071],[19.902596,49.87506],[19.902709,49.87505],[19.902858,49.875032],[19.902879,49.87503],[19.902941,49.875018],[19.903292,49.874922],[19.903323,49.874923],[19.903476,49.874962],[19.903768,49.875051],[19.903794,49.875053],[19.903871,49.875025],[19.904019,49.874962],[19.904186,49.8749],[19.904222,49.874879],[19.904323,49.874788],[19.904404,49.874726],[19.904544,49.874638],[19.904585,49.874614],[19.90461,49.874611],[19.904861,49.874603],[19.904911,49.8746],[19.904955,49.87459],[19.905277,49.874485],[19.905302,49.874483],[19.905411,49.874509],[19.905463,49.87452],[19.90555,49.874521],[19.905837,49.874623],[19.905907,49.874649],[19.906033,49.874697],[19.906344,49.874889],[19.906492,49.874844],[19.906678,49.874912],[19.907147,49.874928],[19.907271,49.874907],[19.907299,49.8749],[19.907451,49.874753],[19.907573,49.874594],[19.907583,49.87447],[19.907781,49.874443],[19.907865,49.874464],[19.907955,49.874544],[19.908086,49.874653],[19.908325,49.874719],[19.908395,49.874738],[19.908546,49.874748],[19.908659,49.874789],[19.908805,49.874842],[19.90918,49.874997],[19.909375,49.87498],[19.909665,49.875063],[19.910039,49.875041],[19.910085,49.875033],[19.910723,49.874931],[19.911011,49.874969],[19.911205,49.875096],[19.911361,49.875145],[19.911614,49.87537],[19.911699,49.875448],[19.911759,49.875546],[19.911772,49.875552],[19.912008,49.87544],[19.912048,49.875431],[19.912212,49.875392],[19.912307,49.875343],[19.912392,49.875287],[19.912128,49.875373],[19.911979,49.875421],[19.911776,49.875516],[19.911723,49.875436],[19.911646,49.875358],[19.911448,49.87517],[19.911407,49.875132],[19.911228,49.875071],[19.911046,49.87495],[19.910881,49.874925],[19.910724,49.874903],[19.910082,49.875004],[19.909685,49.875028],[19.909391,49.874942],[19.909203,49.874962],[19.909078,49.874905],[19.908818,49.874796],[19.908597,49.874714],[19.908489,49.874674],[19.908354,49.874677],[19.908287,49.874662],[19.908127,49.874616],[19.908012,49.874497],[19.907887,49.874408],[19.907772,49.874382],[19.907487,49.874419],[19.907499,49.874563],[19.907435,49.874669],[19.907403,49.87474],[19.907271,49.874868],[19.907143,49.874894],[19.906809,49.874877],[19.906691,49.874879],[19.906504,49.874809],[19.90648,49.8748],[19.906363,49.874856],[19.906076,49.874686],[19.905929,49.874617],[19.905864,49.874586],[19.905579,49.874492],[19.905485,49.874453],[19.905478,49.874427],[19.905456,49.874413],[19.905411,49.8744],[19.905341,49.874401],[19.905254,49.874422],[19.905122,49.874466],[19.905046,49.874497],[19.904962,49.874533],[19.904916,49.874548],[19.904867,49.874554],[19.90456,49.874563],[19.904511,49.874572],[19.904471,49.874594],[19.904311,49.874723],[19.904147,49.874859],[19.904112,49.874879],[19.903827,49.874991],[19.903787,49.875],[19.903746,49.874998],[19.903708,49.874986],[19.903381,49.874868],[19.903319,49.874853],[19.903264,49.874851],[19.903223,49.874856],[19.90305,49.874912],[19.902822,49.874973],[19.902591,49.874998],[19.902479,49.875014],[19.902199,49.875084],[19.902061,49.875114],[19.901971,49.875138],[19.901585,49.875282],[19.901391,49.875349],[19.901305,49.87536],[19.901224,49.875358],[19.900725,49.875315],[19.900684,49.875304],[19.900654,49.875291],[19.900632,49.875269],[19.900583,49.875231],[19.900447,49.875165],[19.900233,49.875102],[19.900027,49.875131],[19.89961,49.875263],[19.899248,49.875378],[19.899068,49.875389],[19.89899,49.875381],[19.898922,49.875358],[19.898814,49.875278],[19.89859,49.875211],[19.898327,49.875112],[19.898121,49.875073],[19.897907,49.874992],[19.897757,49.87496],[19.897528,49.874958],[19.89741,49.874922],[19.89722,49.87486],[19.897191,49.874836],[19.897006,49.87466],[19.897527,49.874427],[19.897408,49.874429],[19.8973,49.874339],[19.896809,49.874396],[19.896643,49.874294],[19.896378,49.874397],[19.896232,49.874428],[19.896087,49.87446],[19.895619,49.874591],[19.895483,49.874677],[19.895426,49.87474],[19.895378,49.874789],[19.895207,49.874896],[19.894833,49.87521],[19.894692,49.875283],[19.894495,49.875278],[19.894456,49.875276],[19.894358,49.875268],[19.894238,49.875258],[19.893745,49.875218],[19.893733,49.875217],[19.893132,49.875158],[19.893038,49.875148],[19.892525,49.875114],[19.892414,49.875111],[19.891935,49.875113],[19.891722,49.875073],[19.891641,49.875063],[19.891564,49.875054],[19.89132,49.874931],[19.891266,49.874904],[19.890946,49.874784],[19.890864,49.874778],[19.890785,49.874777],[19.890726,49.874783],[19.89066,49.874797],[19.890584,49.874821],[19.890534,49.874838],[19.890233,49.874985],[19.89005,49.875062],[19.890026,49.875072],[19.889652,49.875281],[19.88954,49.875368],[19.889501,49.87537],[19.889485,49.875364],[19.889282,49.87529],[19.888906,49.875153],[19.888542,49.875035],[19.888498,49.87502],[19.888237,49.874823],[19.888145,49.874754],[19.887592,49.874507],[19.887452,49.874515],[19.887089,49.874537],[19.887019,49.874512],[19.886884,49.874462],[19.8867,49.874432],[19.886604,49.874415],[19.886292,49.874622],[19.886188,49.874674],[19.885935,49.874821],[19.885844,49.87491],[19.88576,49.874945],[19.885767,49.874962],[19.885855,49.874932]]]]}},{"type":"Feature","properties":{"warstwa":"dzialki"},"geometry":{"type":"MultiPolygon","coordinates":[[[[19.906344,49.874889],[19.906033,49.874697],[19.905907,49.874649],[19.905875,49.874683],[19.90568,49.874954],[19.905483,49.875225],[19.906161,49.87496],[19.906344,49.874889]]]]}},{"type":"Feature","properties":{"warstwa":"dzialki"},"geometry":{"type":"MultiPolygon","coordinates":[[[[19.910012,49.866744],[19.909848,49.866717],[19.909632,49.866632],[19.909613,49.866644],[19.909478,49.86673],[19.90944,49.866754],[19.909292,49.867034],[19.909237,49.867211],[19.909167,49.867503],[19.909186,49.867582],[19.909185,49.867595],[19.909184,49.867621],[19.909175,49.86781],[19.909128,49.868234],[19.909121,49.868378],[19.909142,49.868525],[19.909248,49.86851],[19.909588,49.86846],[19.909701,49.868442],[19.909702,49.868435],[19.909794,49.867669],[19.910018,49.867687],[19.910163,49.867247],[19.910257,49.866958],[19.910302,49.866825],[19.910248,49.866811],[19.910012,49.866744]]]]}},{"type":"Feature","properties":{"warstwa":"dzialki"},"geometry":{"type":"MultiPolygon","coordinates":[[[[19.906071,49.875598],[19.906296,49.875898],[19.906573,49.875784],[19.906991,49.875599],[19.907223,49.875442],[19.907452,49.875316],[19.907384,49.875164],[19.906681,49.875195],[19.906908,49.875029],[19.90734,49.875055],[19.907271,49.874907],[19.907147,49.874928],[19.906678,49.874912],[19.906492,49.874844],[19.906344,49.874889],[19.906161,49.87496],[19.906292,49.875158],[19.905595,49.875377],[19.905456,49.875263],[19.905445,49.875279],[19.905214,49.875601],[19.904958,49.875964],[19.905395,49.875824],[19.906071,49.875598]]]]}},{"type":"Feature","properties":{"warstwa":"dzialki"},"geometry":{"type":"MultiPolygon","coordinates":[[[[19.906493,49.874402],[19.90641,49.874163],[19.906289,49.874138],[19.906147,49.874234],[19.906023,49.874471],[19.905951,49.874582],[19.906047,49.874606],[19.906336,49.874738],[19.906341,49.874801],[19.906614,49.874761],[19.906493,49.874402]]]]}},{"type":"Feature","properties":{"warstwa":"dzialki"},"geometry":{"type":"MultiPolygon","coordinates":[[[[19.903056,49.87536],[19.90343,49.875249],[19.903708,49.875158],[19.903977,49.875056],[19.904196,49.874944],[19.904548,49.874764],[19.904715,49.874694],[19.904795,49.874668],[19.904833,49.874644],[19.905261,49.874519],[19.905405,49.874517],[19.905411,49.874509],[19.905302,49.874483],[19.905277,49.874485],[19.904955,49.87459],[19.904911,49.8746],[19.904861,49.874603],[19.90461,49.874611],[19.904585,49.874614],[19.904544,49.874638],[19.904404,49.874726],[19.904323,49.874788],[19.904222,49.874879],[19.904186,49.8749],[19.904019,49.874962],[19.903871,49.875025],[19.903794,49.875053],[19.903768,49.875051],[19.903476,49.874962],[19.903323,49.874923],[19.903292,49.874922],[19.902941,49.875018],[19.902879,49.87503],[19.903057,49.87535],[19.903056,49.87536]]]]}},{"type":"Feature","properties":{"warstwa":"dzialki"},"geometry":{"type":"MultiPolygon","coordinates":[[[[19.902604,49.876811],[19.902931,49.876717],[19.903369,49.876587],[19.903792,49.876457],[19.903938,49.876307],[19.904284,49.875975],[19.904501,49.875671],[19.904415,49.87569],[19.904375,49.875703],[19.904214,49.875796],[19.904053,49.875871],[19.903909,49.875933],[19.903727,49.876003],[19.903458,49.876111],[19.902524,49.876396],[19.902222,49.876466],[19.902431,49.876855],[19.902604,49.876811]]]]}},{"type":"Feature","properties":{"warstwa":"dzialki"},"geometry":{"type":"MultiPolygon","coordinates":[[[[19.905046,49.874497],[19.905122,49.874466],[19.905254,49.874422],[19.905341,49.874401],[19.905411,49.8744],[19.905456,49.874413],[19.905478,49.874427],[19.905765,49.874076],[19.906088,49.873627],[19.906486,49.873118],[19.906052,49.87324],[19.90567,49.873385],[19.905211,49.873579],[19.904799,49.873764],[19.904675,49.87382],[19.90503,49.874468],[19.905046,49.874497]]]]}},{"type":"Feature","properties":{"warstwa":"dzialki"},"geometry":{"type":"MultiPolygon","coordinates":[[[[19.909272,49.869827],[19.909328,49.869874],[19.909345,49.870123],[19.909437,49.870056],[19.909616,49.870002],[19.909589,49.869881],[19.909584,49.869814],[19.909522,49.869296],[19.909497,49.869299],[19.909308,49.869318],[19.909308,49.869325],[19.909315,49.869469],[19.909369,49.869468],[19.909378,49.869653],[19.90892,49.869662],[19.908883,49.869822],[19.909265,49.86982],[19.909272,49.869827]]]]}},{"type":"Feature","properties":{"warstwa":"dzialki"},"geometry":{"type":"MultiPolygon","coordinates":[[[[19.895574,49.879593],[19.895837,49.879901],[19.896173,49.879836],[19.896395,49.879752],[19.89609,49.879388],[19.895924,49.87919],[19.895352,49.879333],[19.895492,49.879497],[19.895574,49.879593]]]]}},{"type":"Feature","properties":{"warstwa":"dzialki"},"geometry":{"type":"MultiPolygon","coordinates":[[[[19.90482,49.873014],[19.905053,49.873347],[19.905211,49.873579],[19.90567,49.873385],[19.906052,49.87324],[19.906486,49.873118],[19.906864,49.872634],[19.906784,49.872473],[19.906853,49.872351],[19.906508,49.872398],[19.906065,49.872442],[19.905794,49.872469],[19.905171,49.872578],[19.904931,49.872632],[19.90461,49.872707],[19.904664,49.872782],[19.90482,49.873014]]]]}},{"type":"Feature","properties":{"warstwa":"dzialki"},"geometry":{"type":"MultiPolygon","coordinates":[[[[19.906363,49.874856],[19.90648,49.8748],[19.906504,49.874809],[19.906564,49.874777],[19.906614,49.874761],[19.906341,49.874801],[19.906336,49.874738],[19.906047,49.874606],[19.905951,49.874582],[19.905929,49.874617],[19.906076,49.874686],[19.906363,49.874856]]]]}},{"type":"Feature","properties":{"warstwa":"dzialki"},"geometry":{"type":"MultiPolygon","coordinates":[[[[19.898219,49.879141],[19.898607,49.879028],[19.898427,49.878803],[19.89815,49.878468],[19.897765,49.878579],[19.898075,49.878969],[19.898219,49.879141]]]]}},{"type":"Feature","properties":{"warstwa":"dzialki"},"geometry":{"type":"MultiPolygon","coordinates":[[[[19.909203,49.86857],[19.9092,49.868561],[19.909485,49.868517],[19.909682,49.868487],[19.909738,49.868476],[19.909788,49.868468],[19.909798,49.868467],[19.910059,49.868426],[19.910216,49.868399],[19.910506,49.868348],[19.910716,49.868306],[19.9107,49.868275],[19.91064,49.868269],[19.910505,49.868312],[19.910243,49.868353],[19.909701,49.868442],[19.909588,49.86846],[19.909248,49.86851],[19.909142,49.868525],[19.909169,49.868581],[19.909203,49.86857]]]]}},{"type":"Feature","properties":{"warstwa":"dzialki"},"geometry":{"type":"MultiPolygon","coordinates":[[[[19.898607,49.879028],[19.898923,49.878936],[19.898973,49.878927],[19.899144,49.87887],[19.898919,49.87865],[19.898775,49.8785],[19.898634,49.878304],[19.89815,49.878468],[19.898427,49.878803],[19.898607,49.879028]]]]}},{"type":"Feature","properties":{"warstwa":"dzialki"},"geometry":{"type":"MultiPolygon","coordinates":[[[[19.909012,49.870687],[19.909102,49.870619],[19.909148,49.870585],[19.909163,49.870513],[19.908936,49.870505],[19.908717,49.870778],[19.909039,49.870795],[19.909012,49.870687]]]]}},{"type":"Feature","properties":{"warstwa":"dzialki"},"geometry":{"type":"MultiPolygon","coordinates":[[[[19.901852,49.87831],[19.902173,49.878256],[19.902642,49.87815],[19.902497,49.877962],[19.902271,49.877684],[19.901513,49.877834],[19.901694,49.878072],[19.901852,49.87831]]]]}},{"type":"Feature","properties":{"warstwa":"dzialki"},"geometry":{"type":"MultiPolygon","coordinates":[[[[19.899503,49.878191],[19.899547,49.878213],[19.89961,49.878229],[19.899849,49.878255],[19.899964,49.878366],[19.900034,49.878407],[19.900383,49.878497],[19.900447,49.878587],[19.900523,49.878582],[19.900446,49.878481],[19.90015,49.878033],[19.899459,49.878151],[19.899503,49.878191]]]]}},{"type":"Feature","properties":{"warstwa":"dzialki"},"geometry":{"type":"MultiPolygon","coordinates":[[[[19.909308,49.869318],[19.909497,49.869299],[19.909496,49.86929],[19.909518,49.869288],[19.909769,49.869255],[19.909758,49.86894],[19.909756,49.86889],[19.909229,49.86891],[19.909261,49.869323],[19.909308,49.869318]]]]}},{"type":"Feature","properties":{"warstwa":"dzialki"},"geometry":{"type":"MultiPolygon","coordinates":[[[[19.897588,49.87863],[19.897242,49.878712],[19.897392,49.878919],[19.897689,49.879302],[19.898153,49.879162],[19.898219,49.879141],[19.898075,49.878969],[19.897765,49.878579],[19.897588,49.87863]]]]}},{"type":"Feature","properties":{"warstwa":"dzialki"},"geometry":{"type":"MultiPolygon","coordinates":[[[[19.902616,49.877099],[19.903027,49.876946],[19.903364,49.876802],[19.903663,49.87659],[19.903792,49.876457],[19.903369,49.876587],[19.902931,49.876717],[19.902604,49.876811],[19.902431,49.876855],[19.902352,49.876874],[19.901986,49.876944],[19.902174,49.877249],[19.902616,49.877099]]]]}},{"type":"Feature","properties":{"warstwa":"dzialki"},"geometry":{"type":"MultiPolygon","coordinates":[[[[19.895468,49.879995],[19.895601,49.880002],[19.895827,49.879935],[19.895846,49.879959],[19.895872,49.879949],[19.895837,49.879901],[19.895574,49.879593],[19.895492,49.879497],[19.895352,49.879333],[19.89492,49.87952],[19.895384,49.879997],[19.895468,49.879995]]]]}},{"type":"Feature","properties":{"warstwa":"dzialki"},"geometry":{"type":"MultiPolygon","coordinates":[[[[19.896395,49.879752],[19.896868,49.879594],[19.896577,49.879229],[19.896404,49.879024],[19.895947,49.879185],[19.895924,49.87919],[19.89609,49.879388],[19.896395,49.879752]]]]}},{"type":"Feature","properties":{"warstwa":"dzialki"},"geometry":{"type":"MultiPolygon","coordinates":[[[[19.888785,49.880641],[19.888998,49.880948],[19.889143,49.881133],[19.889279,49.881288],[19.88942,49.881444],[19.889478,49.881495],[19.889682,49.881674],[19.8899,49.881885],[19.890061,49.882133],[19.890207,49.882386],[19.890346,49.88263],[19.890399,49.882734],[19.890455,49.882867],[19.890474,49.882957],[19.890495,49.883169],[19.890414,49.8832],[19.890434,49.883415],[19.890498,49.883626],[19.89053,49.883745],[19.890539,49.883779],[19.890564,49.883877],[19.890627,49.883816],[19.89057,49.883385],[19.890569,49.883355],[19.890563,49.8832],[19.890561,49.883146],[19.890543,49.882839],[19.89056,49.882764],[19.890564,49.882746],[19.89039,49.882538],[19.890361,49.882492],[19.890113,49.882097],[19.889985,49.881902],[19.889812,49.881718],[19.88979,49.881697],[19.889607,49.881541],[19.889499,49.881443],[19.889483,49.881427],[19.889456,49.881397],[19.889285,49.881214],[19.889216,49.881132],[19.889093,49.880984],[19.888833,49.880615],[19.888827,49.880607],[19.888751,49.880599],[19.888757,49.880607],[19.888785,49.880641]]]]}},{"type":"Feature","properties":{"warstwa":"dzialki"},"geometry":{"type":"MultiPolygon","coordinates":[[[[19.890668,49.881139],[19.890772,49.881043],[19.890989,49.880814],[19.890924,49.880647],[19.890665,49.880672],[19.890734,49.880808],[19.890514,49.880855],[19.890653,49.88111],[19.890668,49.881139]]]]}},{"type":"Feature","properties":{"warstwa":"dzialki"},"geometry":{"type":"MultiPolygon","coordinates":[[[[19.894885,49.88019],[19.895349,49.88],[19.895384,49.879997],[19.89492,49.87952],[19.894905,49.879527],[19.895094,49.87985],[19.894288,49.879825],[19.894263,49.879839],[19.894695,49.880262],[19.894885,49.88019]]]]}},{"type":"Feature","properties":{"warstwa":"dzialki"},"geometry":{"type":"MultiPolygon","coordinates":[[[[19.90867,49.870793],[19.908637,49.870892],[19.908686,49.87089],[19.908914,49.870892],[19.908975,49.870915],[19.909118,49.870947],[19.909188,49.870974],[19.909227,49.871005],[19.909262,49.871054],[19.909248,49.871102],[19.909178,49.871202],[19.909224,49.871297],[19.909743,49.871188],[19.909675,49.871137],[19.909635,49.871098],[19.909602,49.871049],[19.909582,49.871006],[19.90952,49.870782],[19.909507,49.870679],[19.909498,49.87052],[19.909488,49.870469],[19.909457,49.870386],[19.909168,49.870415],[19.909163,49.870513],[19.909148,49.870585],[19.909102,49.870619],[19.909012,49.870687],[19.909039,49.870795],[19.908717,49.870778],[19.90867,49.870793]]]]}},{"type":"Feature","properties":{"warstwa":"dzialki"},"geometry":{"type":"MultiPolygon","coordinates":[[[[19.924251,49.848771],[19.924261,49.848783],[19.92432,49.848761],[19.924309,49.848746],[19.924001,49.848319],[19.92394,49.848339],[19.924092,49.84855],[19.924251,49.848771]]]]}},{"type":"Feature","properties":{"warstwa":"dzialki"},"geometry":{"type":"MultiPolygon","coordinates":[[[[19.909081,49.859837],[19.90904,49.859844],[19.909066,49.859901],[19.909081,49.859837]]]]}},{"type":"Feature","properties":{"warstwa":"dzialki"},"geometry":{"type":"MultiPolygon","coordinates":[[[[19.888771,49.880096],[19.888669,49.880587],[19.888751,49.880599],[19.888827,49.880607],[19.888833,49.880615],[19.888846,49.880618],[19.889235,49.880685],[19.889334,49.880686],[19.889546,49.880687],[19.8898,49.88066],[19.890463,49.880681],[19.890526,49.880683],[19.890665,49.880672],[19.890924,49.880647],[19.89114,49.88062],[19.891499,49.880552],[19.891725,49.880494],[19.891897,49.880491],[19.891874,49.880443],[19.892052,49.880402],[19.892277,49.880494],[19.89243,49.880557],[19.892496,49.880568],[19.892535,49.88055],[19.892728,49.880349],[19.892869,49.8803],[19.893103,49.88029],[19.89335,49.880209],[19.893358,49.880206],[19.894047,49.879967],[19.894263,49.879839],[19.894288,49.879825],[19.895094,49.87985],[19.894905,49.879527],[19.89492,49.87952],[19.895352,49.879333],[19.895924,49.87919],[19.895947,49.879185],[19.896404,49.879024],[19.89668,49.87888],[19.897064,49.878754],[19.897242,49.878712],[19.897588,49.87863],[19.897765,49.878579],[19.89815,49.878468],[19.898634,49.878304],[19.898996,49.878232],[19.899323,49.878175],[19.899368,49.878167],[19.899459,49.878151],[19.90015,49.878033],[19.900751,49.877935],[19.900892,49.877912],[19.901513,49.877834],[19.902271,49.877684],[19.902668,49.877582],[19.903045,49.87746],[19.903765,49.877222],[19.903813,49.877186],[19.903993,49.877048],[19.904313,49.876849],[19.904752,49.876539],[19.904574,49.876473],[19.904958,49.875964],[19.905214,49.875601],[19.905445,49.875279],[19.905456,49.875263],[19.905483,49.875225],[19.90568,49.874954],[19.905875,49.874683],[19.905907,49.874649],[19.905837,49.874623],[19.90555,49.874521],[19.905463,49.87452],[19.905411,49.874509],[19.905405,49.874517],[19.905261,49.874519],[19.904833,49.874644],[19.904864,49.874688],[19.905089,49.874648],[19.905194,49.874635],[19.905206,49.874712],[19.904865,49.875156],[19.904743,49.875329],[19.90456,49.875573],[19.904428,49.875626],[19.904465,49.875649],[19.904501,49.875671],[19.904284,49.875975],[19.903938,49.876307],[19.903792,49.876457],[19.903663,49.87659],[19.903364,49.876802],[19.903027,49.876946],[19.902616,49.877099],[19.902174,49.877249],[19.901485,49.877394],[19.900715,49.87752],[19.90005,49.877639],[19.89937,49.877758],[19.898812,49.877856],[19.898772,49.877864],[19.898385,49.87794],[19.89784,49.878069],[19.897586,49.878136],[19.897336,49.878204],[19.896995,49.878303],[19.896788,49.878363],[19.896406,49.878483],[19.896118,49.878602],[19.895822,49.878732],[19.895807,49.878739],[19.895561,49.878829],[19.895273,49.878922],[19.895017,49.879038],[19.895008,49.879041],[19.894831,49.879102],[19.894413,49.879247],[19.894293,49.879289],[19.893997,49.879388],[19.893655,49.879503],[19.89302,49.879701],[19.892985,49.879712],[19.89297,49.879716],[19.892966,49.879709],[19.89256,49.87983],[19.89229,49.87991],[19.891696,49.880048],[19.891352,49.880122],[19.891156,49.880159],[19.890943,49.8802],[19.890592,49.88023],[19.890346,49.880251],[19.890206,49.880246],[19.890136,49.880245],[19.889965,49.88024],[19.889864,49.880237],[19.88974,49.880224],[19.889313,49.880179],[19.889349,49.880056],[19.889308,49.880053],[19.889269,49.88017],[19.888771,49.880096]]]]}},{"type":"Feature","properties":{"warstwa":"dzialki"},"geometry":{"type":"MultiPolygon","coordinates":[[[[19.905579,49.874492],[19.905864,49.874586],[19.905929,49.874617],[19.905951,49.874582],[19.906023,49.874471],[19.906147,49.874234],[19.906289,49.874138],[19.906415,49.874106],[19.906405,49.874074],[19.906392,49.874034],[19.906671,49.87368],[19.906773,49.873544],[19.906987,49.873262],[19.907145,49.87305],[19.907297,49.872846],[19.907404,49.872809],[19.907584,49.872738],[19.90755,49.872496],[19.90761,49.872358],[19.907621,49.872328],[19.907935,49.871924],[19.908163,49.871652],[19.908324,49.871455],[19.908377,49.871391],[19.90851,49.871328],[19.908521,49.871274],[19.908481,49.871239],[19.9086,49.871007],[19.908627,49.870925],[19.908496,49.870934],[19.908189,49.870859],[19.908108,49.870834],[19.908085,49.870892],[19.908043,49.870957],[19.908016,49.870999],[19.907997,49.87103],[19.907969,49.871074],[19.907916,49.871157],[19.907844,49.871271],[19.90763,49.871558],[19.907528,49.871689],[19.907408,49.871801],[19.907384,49.871876],[19.90737,49.871878],[19.907332,49.871883],[19.907252,49.871895],[19.90718,49.871994],[19.907216,49.872023],[19.907175,49.87207],[19.906991,49.872318],[19.906853,49.872351],[19.906784,49.872473],[19.906864,49.872634],[19.906486,49.873118],[19.906088,49.873627],[19.905765,49.874076],[19.905478,49.874427],[19.905485,49.874453],[19.905579,49.874492]]]]}},{"type":"Feature","properties":{"warstwa":"dzialki"},"geometry":{"type":"MultiPolygon","coordinates":[[[[19.900523,49.878582],[19.901139,49.878454],[19.900751,49.877935],[19.90015,49.878033],[19.900446,49.878481],[19.900523,49.878582]]]]}},{"type":"Feature","properties":{"warstwa":"dzialki"},"geometry":{"type":"MultiPolygon","coordinates":[[[[19.899849,49.878456],[19.899829,49.878424],[19.899798,49.878396],[19.899745,49.878362],[19.899675,49.878326],[19.899572,49.878282],[19.899508,49.878259],[19.899456,49.878234],[19.899416,49.87821],[19.899368,49.878167],[19.899323,49.878175],[19.898996,49.878232],[19.898634,49.878304],[19.898775,49.8785],[19.898919,49.87865],[19.899144,49.87887],[19.899763,49.878711],[19.899738,49.878611],[19.899784,49.87859],[19.899825,49.878557],[19.89985,49.878519],[19.899854,49.878487],[19.899849,49.878456]]]]}},{"type":"Feature","properties":{"warstwa":"dzialki"},"geometry":{"type":"MultiPolygon","coordinates":[[[[19.908208,49.870821],[19.908513,49.870897],[19.908637,49.870892],[19.90867,49.870793],[19.908764,49.870479],[19.908824,49.870266],[19.908884,49.870264],[19.908971,49.870262],[19.909168,49.870258],[19.909146,49.870241],[19.909109,49.870212],[19.908856,49.87001],[19.908846,49.869918],[19.90888,49.869829],[19.908883,49.869822],[19.90892,49.869662],[19.908942,49.869565],[19.908946,49.869536],[19.909001,49.869126],[19.909169,49.868581],[19.90844,49.86876],[19.908412,49.869101],[19.908366,49.869531],[19.908328,49.86989],[19.908327,49.869927],[19.908329,49.870169],[19.908302,49.870335],[19.908233,49.870509],[19.908165,49.87068],[19.908002,49.87049],[19.907968,49.870487],[19.90793,49.870484],[19.907899,49.870482],[19.908133,49.870773],[19.908119,49.870806],[19.908151,49.870816],[19.908208,49.870821]]]]}},{"type":"Feature","properties":{"warstwa":"dzialki"},"geometry":{"type":"MultiPolygon","coordinates":[[[[19.889456,49.881397],[19.890351,49.881192],[19.890653,49.88111],[19.890514,49.880855],[19.890463,49.880681],[19.8898,49.88066],[19.889546,49.880687],[19.889732,49.880992],[19.889563,49.881038],[19.889231,49.881128],[19.889216,49.881132],[19.889285,49.881214],[19.889456,49.881397]]]]}},{"type":"Feature","properties":{"warstwa":"dzialki"},"geometry":{"type":"MultiPolygon","coordinates":[[[[19.909378,49.869653],[19.909369,49.869468],[19.909315,49.869469],[19.909308,49.869325],[19.909308,49.869318],[19.909261,49.869323],[19.909229,49.86891],[19.909203,49.86857],[19.909169,49.868581],[19.909001,49.869126],[19.908946,49.869536],[19.908942,49.869565],[19.90892,49.869662],[19.909378,49.869653]]]]}},{"type":"Feature","properties":{"warstwa":"dzialki"},"geometry":{"type":"MultiPolygon","coordinates":[[[[19.896868,49.879594],[19.897261,49.879447],[19.897689,49.879302],[19.897392,49.878919],[19.897242,49.878712],[19.897064,49.878754],[19.89668,49.87888],[19.896404,49.879024],[19.896577,49.879229],[19.896868,49.879594]]]]}},{"type":"Feature","properties":{"warstwa":"dzialki"},"geometry":{"type":"MultiPolygon","coordinates":[[[[19.910723,49.866322],[19.911444,49.866455],[19.911978,49.866553],[19.912017,49.866402],[19.911312,49.86628],[19.910763,49.866187],[19.910343,49.866118],[19.910095,49.866071],[19.90996,49.866185],[19.910191,49.866224],[19.910723,49.866322]]]]}},{"type":"Feature","properties":{"warstwa":"dzialki"},"geometry":{"type":"MultiPolygon","coordinates":[[[[19.92432,49.848761],[19.92439,49.848735],[19.924625,49.848588],[19.924459,49.84843],[19.9243,49.848222],[19.924001,49.848319],[19.924309,49.848746],[19.92432,49.848761]]]]}},{"type":"Feature","properties":{"warstwa":"dzialki"},"geometry":{"type":"MultiPolygon","coordinates":[[[[19.90965,49.858185],[19.909756,49.85791],[19.909629,49.857995],[19.909413,49.858201],[19.909255,49.858369],[19.909569,49.85843],[19.90965,49.858185]]]]}},{"type":"Feature","properties":{"warstwa":"dzialki"},"geometry":{"type":"MultiPolygon","coordinates":[[[[19.909548,49.858494],[19.909569,49.85843],[19.909255,49.858369],[19.90919,49.858444],[19.909053,49.858652],[19.908933,49.858949],[19.909366,49.859028],[19.909548,49.858494]]]]}},{"type":"Feature","properties":{"warstwa":"dzialki"},"geometry":{"type":"MultiPolygon","coordinates":[[[[19.913491,49.854419],[19.913466,49.854483],[19.913456,49.854571],[19.913461,49.854654],[19.913446,49.854714],[19.913427,49.854792],[19.913746,49.854538],[19.913971,49.85436],[19.913554,49.854348],[19.913491,49.854419]]]]}},{"type":"Feature","properties":{"warstwa":"dzialki"},"geometry":{"type":"MultiPolygon","coordinates":[[[[19.911349,49.865521],[19.911618,49.865567],[19.911773,49.865595],[19.91203,49.865642],[19.912016,49.865537],[19.91194,49.865331],[19.911811,49.864916],[19.911777,49.864796],[19.911732,49.864739],[19.91167,49.864696],[19.911542,49.864646],[19.911352,49.8648],[19.911044,49.865146],[19.910751,49.865417],[19.911104,49.865479],[19.911349,49.865521]]]]}},{"type":"Feature","properties":{"warstwa":"dzialki"},"geometry":{"type":"MultiPolygon","coordinates":[[[[19.908471,49.86428],[19.908592,49.864284],[19.909793,49.8644],[19.910011,49.864422],[19.910304,49.864459],[19.91062,49.864496],[19.910631,49.86447],[19.910356,49.864433],[19.90983,49.864375],[19.908604,49.864262],[19.908369,49.864253],[19.908225,49.864251],[19.907811,49.864196],[19.907769,49.864243],[19.908233,49.864277],[19.908471,49.86428]]]]}},{"type":"Feature","properties":{"warstwa":"dzialki"},"geometry":{"type":"MultiPolygon","coordinates":[[[[19.908591,49.861939],[19.908671,49.861727],[19.908737,49.861527],[19.908748,49.861496],[19.908937,49.861011],[19.908764,49.860983],[19.908745,49.861071],[19.908691,49.86127],[19.908673,49.861322],[19.908635,49.861432],[19.908367,49.862049],[19.908529,49.862107],[19.908591,49.861939]]]]}},{"type":"Feature","properties":{"warstwa":"dzialki"},"geometry":{"type":"MultiPolygon","coordinates":[[[[19.912791,49.867848],[19.912815,49.867902],[19.912809,49.867925],[19.912775,49.867935],[19.912742,49.867946],[19.912672,49.86791],[19.91265,49.867895],[19.912585,49.867835],[19.912478,49.867801],[19.912426,49.867788],[19.912316,49.867785],[19.912204,49.867795],[19.912155,49.867795],[19.91213,49.867805],[19.912106,49.867864],[19.912082,49.867887],[19.912032,49.86792],[19.91198,49.867946],[19.911948,49.86796],[19.911861,49.868041],[19.911852,49.868076],[19.911861,49.868109],[19.911886,49.868164],[19.911991,49.868192],[19.91197,49.868175],[19.911927,49.868092],[19.911931,49.868038],[19.912016,49.867967],[19.912047,49.867947],[19.912123,49.867912],[19.91215,49.867897],[19.912188,49.867876],[19.91225,49.867857],[19.912331,49.867855],[19.91245,49.867869],[19.912529,49.867889],[19.912597,49.867944],[19.912628,49.867962],[19.912674,49.867988],[19.912733,49.867999],[19.912807,49.867982],[19.912872,49.867942],[19.912891,49.867914],[19.91287,49.867872],[19.912849,49.867823],[19.912811,49.867768],[19.912771,49.867717],[19.912748,49.867661],[19.912748,49.867607],[19.912782,49.867583],[19.912853,49.867565],[19.912921,49.867583],[19.912983,49.867613],[19.913042,49.867614],[19.913105,49.867594],[19.913146,49.867549],[19.913167,49.867493],[19.913212,49.86744],[19.913337,49.867426],[19.913365,49.867428],[19.913428,49.867453],[19.913475,49.867471],[19.913525,49.867464],[19.913562,49.867432],[19.913587,49.867354],[19.913602,49.867308],[19.913676,49.867246],[19.913752,49.8672],[19.913788,49.867157],[19.913818,49.867113],[19.91394,49.867084],[19.914071,49.867054],[19.914136,49.867052],[19.914177,49.867059],[19.914225,49.86709],[19.914221,49.867113],[19.914173,49.867168],[19.91416,49.867215],[19.914165,49.867253],[19.914181,49.867277],[19.914226,49.867297],[19.914294,49.867319],[19.91434,49.86731],[19.914408,49.867282],[19.914469,49.867232],[19.914508,49.867203],[19.91453,49.8672],[19.914566,49.867196],[19.91462,49.8672],[19.914668,49.867221],[19.914723,49.867259],[19.914801,49.867316],[19.914906,49.867404],[19.914987,49.86745],[19.915019,49.86748],[19.915065,49.867527],[19.915127,49.867559],[19.915193,49.867595],[19.915282,49.867657],[19.915367,49.867703],[19.915439,49.867737],[19.915513,49.867752],[19.915581,49.867746],[19.915659,49.867725],[19.915784,49.867677],[19.915926,49.867616],[19.91599,49.867604],[19.91611,49.867597],[19.916236,49.867583],[19.916286,49.867583],[19.916429,49.867593],[19.916571,49.867618],[19.916649,49.867645],[19.916703,49.867656],[19.916803,49.867655],[19.9169,49.867652],[19.916945,49.867639],[19.917006,49.867591],[19.917046,49.867559],[19.91712,49.867534],[19.917168,49.867498],[19.917212,49.867482],[19.917232,49.867462],[19.917224,49.867442],[19.917122,49.867361],[19.917031,49.86729],[19.917042,49.867207],[19.917128,49.867104],[19.917223,49.867067],[19.917332,49.867041],[19.917429,49.867002],[19.917526,49.866983],[19.917621,49.866978],[19.9177,49.866976],[19.917855,49.866949],[19.917932,49.866912],[19.918096,49.866824],[19.918145,49.866768],[19.918146,49.866711],[19.918106,49.866636],[19.918053,49.866523],[19.918003,49.866325],[19.91801,49.866215],[19.918097,49.86607],[19.918114,49.866031],[19.918115,49.865985],[19.918128,49.865976],[19.918178,49.865941],[19.918251,49.865911],[19.918457,49.865846],[19.918599,49.865811],[19.918817,49.865741],[19.91889,49.865724],[19.91893,49.865708],[19.919113,49.865623],[19.919239,49.865568],[19.919305,49.865515],[19.919354,49.865434],[19.919363,49.865404],[19.91935,49.86537],[19.91933,49.865348],[19.919299,49.865301],[19.919269,49.865257],[19.919273,49.865214],[19.919299,49.865186],[19.919344,49.865147],[19.919359,49.865112],[19.919374,49.86506],[19.919458,49.865036],[19.919491,49.865008],[19.919511,49.864964],[19.919508,49.864933],[19.919479,49.864904],[19.919203,49.864838],[19.919103,49.864819],[19.918891,49.864798],[19.918853,49.864783],[19.918807,49.864742],[19.918925,49.8647],[19.918921,49.864615],[19.918833,49.864549],[19.919026,49.864492],[19.919164,49.864529],[19.919275,49.864424],[19.919295,49.864318],[19.919163,49.864279],[19.919079,49.864265],[19.919008,49.864251],[19.918951,49.864245],[19.918889,49.864235],[19.918793,49.864249],[19.918722,49.864314],[19.918683,49.864339],[19.918629,49.864339],[19.918544,49.864285],[19.918591,49.864243],[19.918617,49.864123],[19.918618,49.86411],[19.918591,49.864086],[19.918477,49.864004],[19.918463,49.86399],[19.918366,49.863895],[19.918346,49.86386],[19.918316,49.863809],[19.918307,49.863782],[19.918293,49.863743],[19.918291,49.863728],[19.918274,49.863654],[19.918274,49.863601],[19.918275,49.863573],[19.918273,49.863525],[19.918257,49.863491],[19.918243,49.863463],[19.918238,49.863411],[19.918239,49.863391],[19.918236,49.863376],[19.918204,49.863336],[19.918191,49.863319],[19.918167,49.863272],[19.918146,49.863264],[19.918117,49.863263],[19.918067,49.86328],[19.918042,49.863283],[19.918016,49.863278],[19.917986,49.863252],[19.917969,49.863215],[19.917967,49.863168],[19.917966,49.863146],[19.917933,49.86311],[19.91791,49.863098],[19.917878,49.863091],[19.917848,49.863093],[19.917773,49.863084],[19.917739,49.863077],[19.91768,49.863077],[19.917659,49.863073],[19.917638,49.863051],[19.917635,49.863049],[19.917581,49.863013],[19.917568,49.862988],[19.917585,49.862966],[19.917596,49.862941],[19.917628,49.86294],[19.917648,49.862949],[19.917666,49.86295],[19.91768,49.862943],[19.917699,49.862921],[19.917711,49.862898],[19.917726,49.862868],[19.917745,49.862848],[19.91776,49.862833],[19.917759,49.862806],[19.917662,49.862797],[19.917609,49.8628],[19.917545,49.862823],[19.917483,49.862852],[19.917463,49.862862],[19.917423,49.862892],[19.91737,49.862922],[19.917298,49.862937],[19.917222,49.862946],[19.917199,49.862953],[19.917134,49.862972],[19.91709,49.862986],[19.917032,49.862996],[19.916938,49.863053],[19.916931,49.863058],[19.916935,49.863098],[19.91692,49.86312],[19.916895,49.863127],[19.916871,49.863123],[19.916854,49.863109],[19.916847,49.863092],[19.916855,49.863069],[19.916853,49.863049],[19.916837,49.863004],[19.916825,49.862927],[19.916821,49.8629],[19.9168,49.862831],[19.916785,49.862817],[19.91674,49.862798],[19.916659,49.86278],[19.916611,49.86277],[19.916565,49.862759],[19.916526,49.86275],[19.916402,49.862717],[19.91633,49.862689],[19.916282,49.86263],[19.916211,49.862582],[19.916166,49.862559],[19.916074,49.862551],[19.915947,49.862564],[19.915878,49.862557],[19.915793,49.862528],[19.915661,49.862478],[19.915644,49.862462],[19.915643,49.862448],[19.915689,49.862411],[19.915734,49.862351],[19.915739,49.862325],[19.915746,49.862289],[19.915738,49.862267],[19.915676,49.862222],[19.915662,49.862176],[19.915671,49.862148],[19.915662,49.862122],[19.915643,49.862111],[19.915611,49.862092],[19.915572,49.862093],[19.915474,49.862132],[19.915448,49.862129],[19.915446,49.862128],[19.915405,49.862087],[19.915401,49.862064],[19.915418,49.862041],[19.915451,49.862007],[19.915476,49.861965],[19.915521,49.861924],[19.915548,49.861899],[19.915553,49.861869],[19.915531,49.861854],[19.915414,49.861828],[19.915372,49.861817],[19.915293,49.861816],[19.915236,49.861829],[19.915166,49.861857],[19.915097,49.861879],[19.915001,49.861897],[19.914939,49.861889],[19.914895,49.861882],[19.914837,49.861881],[19.914773,49.861891],[19.914741,49.861898],[19.914702,49.8619],[19.914659,49.861896],[19.914599,49.861891],[19.914492,49.861873],[19.91437,49.861869],[19.914293,49.861871],[19.914154,49.861884],[19.914104,49.861894],[19.914046,49.861917],[19.914013,49.86193],[19.913916,49.861973],[19.913882,49.861987],[19.913852,49.861996],[19.913803,49.861993],[19.91378,49.861988],[19.91375,49.861977],[19.913746,49.861975],[19.913638,49.861929],[19.913548,49.861893],[19.913412,49.861856],[19.913327,49.861853],[19.913182,49.861853],[19.913091,49.861849],[19.91301,49.861877],[19.912954,49.86192],[19.912918,49.861964],[19.912878,49.861992],[19.912821,49.862013],[19.912749,49.862028],[19.912561,49.862103],[19.912326,49.862205],[19.912285,49.862236],[19.912233,49.862288],[19.912109,49.862383],[19.912084,49.862415],[19.911918,49.862418],[19.911888,49.862423],[19.911849,49.862453],[19.911791,49.862523],[19.911763,49.862545],[19.911661,49.862563],[19.911603,49.862579],[19.911495,49.862599],[19.911387,49.862606],[19.91134,49.862606],[19.911292,49.862605],[19.911168,49.862615],[19.911067,49.862641],[19.910772,49.862693],[19.910703,49.862704],[19.910646,49.862685],[19.910606,49.862664],[19.910574,49.862637],[19.910549,49.862596],[19.910547,49.862572],[19.910539,49.862531],[19.910517,49.86251],[19.910487,49.862495],[19.910434,49.862479],[19.910367,49.86245],[19.910312,49.862416],[19.910244,49.862406],[19.910109,49.862423],[19.909967,49.862455],[19.909708,49.862455],[19.909669,49.862439],[19.909623,49.86242],[19.909419,49.862298],[19.909256,49.862251],[19.909121,49.862233],[19.908953,49.862217],[19.908791,49.862183],[19.90867,49.862148],[19.908587,49.862124],[19.908529,49.862107],[19.908367,49.862049],[19.908313,49.862026],[19.90823,49.861991],[19.908139,49.861952],[19.908055,49.861909],[19.907976,49.861857],[19.907826,49.861757],[19.907701,49.861611],[19.907694,49.861603],[19.907608,49.861549],[19.90754,49.861489],[19.907445,49.861438],[19.906948,49.861199],[19.906876,49.861165],[19.906814,49.861142],[19.906509,49.861006],[19.906168,49.860854],[19.906146,49.860845],[19.90607,49.860817],[19.906023,49.860802],[19.905927,49.860773],[19.905826,49.860743],[19.905809,49.860737],[19.90574,49.860723],[19.905587,49.860685],[19.905468,49.860632],[19.905251,49.86052],[19.905114,49.860449],[19.904999,49.860365],[19.904951,49.86033],[19.904911,49.860348],[19.904966,49.860404],[19.905071,49.860481],[19.905277,49.860588],[19.905471,49.860679],[19.905632,49.860737],[19.906073,49.860851],[19.906186,49.860892],[19.906396,49.860988],[19.906639,49.861109],[19.906847,49.86122],[19.907255,49.86141],[19.907436,49.861506],[19.907653,49.861693],[19.907849,49.861865],[19.908069,49.862021],[19.908264,49.862143],[19.908314,49.862143],[19.908342,49.862097],[19.908515,49.862144],[19.908639,49.862179],[19.908839,49.862247],[19.908942,49.862267],[19.909018,49.862273],[19.909216,49.862283],[19.909291,49.862297],[19.909376,49.862327],[19.909444,49.86237],[19.909619,49.862472],[19.909694,49.862499],[19.909803,49.862506],[19.910022,49.862496],[19.910074,49.862485],[19.910149,49.86245],[19.910206,49.862448],[19.910343,49.862495],[19.910437,49.862503],[19.910442,49.862546],[19.910482,49.862562],[19.910577,49.862715],[19.910637,49.862766],[19.910684,49.862779],[19.910733,49.862784],[19.910785,49.862783],[19.911195,49.862655],[19.911319,49.862634],[19.911382,49.862633],[19.911498,49.862621],[19.911616,49.862598],[19.911665,49.862586],[19.911736,49.862576],[19.91178,49.86256],[19.911817,49.862532],[19.91186,49.862491],[19.911898,49.862466],[19.911999,49.862455],[19.912116,49.862437],[19.912161,49.862405],[19.912198,49.862364],[19.912265,49.862313],[19.912299,49.86228],[19.912364,49.862234],[19.912451,49.862184],[19.912689,49.862102],[19.912845,49.862054],[19.912896,49.862036],[19.912933,49.862014],[19.912963,49.861987],[19.912998,49.861933],[19.913033,49.861909],[19.913096,49.861894],[19.913167,49.861891],[19.913337,49.861892],[19.91341,49.861899],[19.913493,49.861914],[19.913561,49.861935],[19.913581,49.861943],[19.913681,49.861986],[19.913734,49.862011],[19.913779,49.862025],[19.913821,49.86203],[19.913865,49.862026],[19.914008,49.861972],[19.914128,49.861919],[19.914171,49.861907],[19.914238,49.861898],[19.914307,49.861897],[19.914342,49.861897],[19.914457,49.861894],[19.914512,49.861895],[19.914608,49.861911],[19.914706,49.861918],[19.91475,49.861916],[19.914827,49.861904],[19.914895,49.861905],[19.914978,49.86192],[19.914914,49.861931],[19.915034,49.861933],[19.91539,49.861865],[19.915499,49.86185],[19.91552,49.861912],[19.915497,49.861945],[19.915395,49.861978],[19.915327,49.862059],[19.915329,49.862081],[19.915405,49.862142],[19.915422,49.862184],[19.915463,49.86219],[19.915591,49.862204],[19.915603,49.86223],[19.915658,49.862253],[19.915684,49.862277],[19.915675,49.86234],[19.915625,49.86241],[19.915565,49.862479],[19.915571,49.862491],[19.915602,49.86251],[19.915739,49.862554],[19.915844,49.862591],[19.915888,49.862597],[19.915964,49.862594],[19.916071,49.862587],[19.916109,49.862588],[19.916144,49.862595],[19.916191,49.862616],[19.916226,49.862641],[19.916277,49.862698],[19.916309,49.862717],[19.916343,49.862734],[19.916391,49.862746],[19.916468,49.862772],[19.916566,49.862799],[19.916645,49.862811],[19.916714,49.862828],[19.91674,49.862841],[19.91676,49.862862],[19.916799,49.862974],[19.916815,49.863047],[19.916801,49.863103],[19.916811,49.863131],[19.916837,49.863151],[19.91688,49.863157],[19.916951,49.863135],[19.91697,49.863122],[19.916976,49.863099],[19.916996,49.863069],[19.917055,49.86303],[19.917087,49.863016],[19.917254,49.862985],[19.917274,49.862977],[19.917442,49.862914],[19.91749,49.862887],[19.917609,49.862836],[19.917678,49.862837],[19.917672,49.862872],[19.917653,49.862889],[19.917649,49.862914],[19.917616,49.862916],[19.917589,49.862909],[19.917559,49.862911],[19.91753,49.862927],[19.917504,49.862989],[19.917518,49.86302],[19.917611,49.863091],[19.917652,49.863102],[19.917701,49.863101],[19.917755,49.863104],[19.917825,49.863112],[19.917873,49.863122],[19.917898,49.863139],[19.917927,49.86319],[19.917935,49.863251],[19.917955,49.863279],[19.917995,49.863301],[19.918043,49.863306],[19.918106,49.863304],[19.918134,49.86332],[19.918181,49.863407],[19.91819,49.863474],[19.918203,49.863504],[19.918213,49.863628],[19.918232,49.863721],[19.918258,49.863857],[19.918297,49.863902],[19.918419,49.864019],[19.918546,49.864128],[19.918532,49.864214],[19.918495,49.864321],[19.918568,49.86437],[19.918665,49.864381],[19.91874,49.864366],[19.918819,49.864283],[19.918854,49.864275],[19.918898,49.864276],[19.918952,49.86428],[19.919065,49.864296],[19.919206,49.864328],[19.919219,49.864424],[19.919156,49.86448],[19.919034,49.864447],[19.918775,49.864523],[19.918761,49.86457],[19.918859,49.864621],[19.918845,49.864676],[19.918766,49.864701],[19.918729,49.864749],[19.918829,49.864825],[19.918861,49.864832],[19.918959,49.864843],[19.919075,49.864853],[19.919132,49.86486],[19.9192,49.86488],[19.919261,49.864891],[19.919414,49.864923],[19.919437,49.864957],[19.919417,49.864986],[19.919391,49.865009],[19.91933,49.865039],[19.919305,49.865062],[19.919295,49.865082],[19.919295,49.865122],[19.919283,49.865139],[19.919255,49.865163],[19.919233,49.865187],[19.919222,49.865217],[19.919215,49.865263],[19.919223,49.86529],[19.919236,49.865321],[19.919283,49.865384],[19.919268,49.865437],[19.919238,49.865489],[19.919207,49.865525],[19.919189,49.865546],[19.919155,49.865568],[19.919071,49.865607],[19.918583,49.865769],[19.918438,49.865812],[19.918375,49.86584],[19.918213,49.865891],[19.918154,49.865906],[19.918081,49.86594],[19.918041,49.86598],[19.918031,49.866024],[19.918032,49.866041],[19.918018,49.866082],[19.917969,49.866172],[19.917956,49.866214],[19.917948,49.86629],[19.917958,49.866398],[19.917978,49.866503],[19.918005,49.866592],[19.918033,49.866635],[19.918053,49.866652],[19.918087,49.866719],[19.918088,49.86675],[19.918053,49.866794],[19.917987,49.866841],[19.917889,49.866887],[19.917793,49.86692],[19.91772,49.866932],[19.917675,49.866934],[19.917642,49.866934],[19.917521,49.866937],[19.917481,49.866946],[19.917456,49.866947],[19.917388,49.866972],[19.91736,49.866987],[19.917085,49.867081],[19.917054,49.867101],[19.917038,49.867118],[19.917021,49.86715],[19.916974,49.867202],[19.916965,49.867254],[19.916966,49.867311],[19.917009,49.867358],[19.917093,49.867399],[19.917155,49.867457],[19.917143,49.867469],[19.917119,49.867477],[19.917076,49.86751],[19.91705,49.867539],[19.91698,49.867559],[19.916915,49.867594],[19.916802,49.867603],[19.916741,49.867611],[19.916686,49.867612],[19.916522,49.867556],[19.916411,49.867533],[19.916357,49.867527],[19.916296,49.867529],[19.916159,49.867547],[19.916057,49.867551],[19.915985,49.867562],[19.915913,49.86758],[19.915905,49.867582],[19.915747,49.867638],[19.915602,49.867695],[19.915548,49.867685],[19.915508,49.867677],[19.915484,49.867665],[19.915484,49.867649],[19.915524,49.867601],[19.91557,49.867562],[19.915624,49.867527],[19.915675,49.867475],[19.915701,49.867439],[19.91572,49.867395],[19.915736,49.867352],[19.915728,49.867341],[19.915721,49.867256],[19.915722,49.867223],[19.915684,49.867197],[19.915647,49.867184],[19.915612,49.86718],[19.915552,49.867179],[19.915509,49.867175],[19.915478,49.867181],[19.915439,49.867199],[19.915405,49.867206],[19.91535,49.867188],[19.91529,49.867201],[19.915169,49.86728],[19.915125,49.867324],[19.915125,49.867411],[19.915132,49.86744],[19.915148,49.867456],[19.915131,49.86747],[19.915101,49.867473],[19.915059,49.867441],[19.914955,49.867351],[19.914869,49.86728],[19.914827,49.867258],[19.914778,49.867231],[19.91473,49.867191],[19.914688,49.867167],[19.914643,49.867146],[19.914585,49.867133],[19.91454,49.867131],[19.914453,49.867149],[19.914425,49.86717],[19.914389,49.867214],[19.914337,49.867246],[19.914309,49.867249],[19.914274,49.867232],[19.91426,49.867211],[19.914261,49.867186],[19.914315,49.867149],[19.914343,49.867135],[19.914356,49.867111],[19.914333,49.867073],[19.914262,49.867002],[19.914239,49.866987],[19.914194,49.86698],[19.914114,49.866985],[19.914006,49.867],[19.913815,49.867052],[19.913745,49.867069],[19.91371,49.867095],[19.913692,49.867136],[19.913676,49.867153],[19.913646,49.867188],[19.91357,49.86724],[19.913528,49.867278],[19.91351,49.867304],[19.913498,49.867333],[19.913498,49.867361],[19.913479,49.867398],[19.913441,49.867401],[19.913383,49.867378],[19.913332,49.867359],[19.913308,49.867354],[19.913251,49.867356],[19.913172,49.867368],[19.913132,49.867383],[19.913107,49.867409],[19.913097,49.867433],[19.913079,49.867487],[19.913076,49.867493],[19.913034,49.867526],[19.912982,49.86754],[19.912948,49.867531],[19.912906,49.867502],[19.912864,49.867497],[19.912805,49.867496],[19.912765,49.867509],[19.912713,49.867537],[19.912662,49.867571],[19.912652,49.867601],[19.912666,49.867669],[19.912669,49.867699],[19.912688,49.867739],[19.912724,49.867788],[19.912791,49.867848]],[[19.915657,49.867424],[19.915639,49.867445],[19.915517,49.867544],[19.915417,49.867647],[19.915373,49.867634],[19.915309,49.867596],[19.91516,49.867507],[19.915173,49.867493],[19.915191,49.86749],[19.915206,49.867462],[19.915181,49.867436],[19.91518,49.867342],[19.915205,49.867302],[19.91528,49.867252],[19.91534,49.867228],[19.915386,49.867234],[19.91542,49.867251],[19.915458,49.867247],[19.915499,49.867229],[19.915548,49.867218],[19.915616,49.867221],[19.915667,49.867248],[19.91567,49.867362],[19.915657,49.867424]]]]}},{"type":"Feature","properties":{"warstwa":"dzialki"},"geometry":{"type":"MultiPolygon","coordinates":[[[[19.911133,49.865672],[19.911598,49.865747],[19.912055,49.86582],[19.91203,49.865642],[19.911773,49.865595],[19.911618,49.865567],[19.911349,49.865521],[19.911104,49.865479],[19.910751,49.865417],[19.910574,49.865589],[19.910774,49.865617],[19.910938,49.865641],[19.911133,49.865672]]]]}},{"type":"Feature","properties":{"warstwa":"dzialki"},"geometry":{"type":"MultiPolygon","coordinates":[[[[19.909491,49.861664],[19.908737,49.861527],[19.908671,49.861727],[19.909424,49.861851],[19.909491,49.861664]]]]}},{"type":"Feature","properties":{"warstwa":"dzialki"},"geometry":{"type":"MultiPolygon","coordinates":[[[[19.910483,49.86483],[19.910577,49.864603],[19.910302,49.864891],[19.910136,49.8653],[19.910248,49.865175],[19.910483,49.86483]]]]}},{"type":"Feature","properties":{"warstwa":"dzialki"},"geometry":{"type":"MultiPolygon","coordinates":[[[[19.924923,49.848288],[19.925,49.848191],[19.924983,49.848143],[19.924893,49.847924],[19.924807,49.847942],[19.924791,49.847946],[19.924828,49.84805],[19.924923,49.848288]]]]}},{"type":"Feature","properties":{"warstwa":"dzialki"},"geometry":{"type":"MultiPolygon","coordinates":[[[[19.916755,49.852703],[19.916825,49.852666],[19.916821,49.852533],[19.916529,49.852511],[19.916494,49.852656],[19.916475,49.852765],[19.916542,49.85281],[19.916755,49.852703]]]]}},{"type":"Feature","properties":{"warstwa":"dzialki"},"geometry":{"type":"MultiPolygon","coordinates":[[[[19.909606,49.861376],[19.909554,49.861308],[19.909425,49.861142],[19.90925,49.860933],[19.909206,49.860876],[19.909176,49.860868],[19.909072,49.860882],[19.908999,49.860923],[19.908948,49.860982],[19.908937,49.861011],[19.908748,49.861496],[19.908737,49.861527],[19.909491,49.861664],[19.909606,49.861376]]]]}},{"type":"Feature","properties":{"warstwa":"dzialki"},"geometry":{"type":"MultiPolygon","coordinates":[[[[19.910709,49.864279],[19.910877,49.863999],[19.910915,49.863834],[19.910927,49.863591],[19.910689,49.863553],[19.910545,49.863919],[19.910356,49.864433],[19.910631,49.86447],[19.910709,49.864279]]]]}},{"type":"Feature","properties":{"warstwa":"dzialki"},"geometry":{"type":"MultiPolygon","coordinates":[[[[19.917147,49.852097],[19.917038,49.85251],[19.917026,49.852555],[19.917349,49.852377],[19.917964,49.852039],[19.917167,49.852018],[19.917147,49.852097]]]]}},{"type":"Feature","properties":{"warstwa":"dzialki"},"geometry":{"type":"MultiPolygon","coordinates":[[[[19.910804,49.857276],[19.910988,49.85717],[19.911023,49.85714],[19.911043,49.857128],[19.911318,49.856942],[19.911517,49.856828],[19.911664,49.856821],[19.911685,49.856786],[19.911592,49.856757],[19.911748,49.856612],[19.911815,49.856615],[19.911834,49.856583],[19.911814,49.856574],[19.911794,49.856565],[19.912004,49.856401],[19.912309,49.856143],[19.912333,49.856122],[19.912478,49.856],[19.912485,49.855993],[19.912664,49.855818],[19.912836,49.855694],[19.913068,49.855525],[19.913163,49.855464],[19.913385,49.855322],[19.913437,49.855276],[19.913466,49.855261],[19.913784,49.855],[19.914044,49.854822],[19.914168,49.854736],[19.914563,49.854473],[19.91463,49.854429],[19.914779,49.854329],[19.914976,49.854197],[19.91528,49.854],[19.915434,49.853913],[19.91559,49.853832],[19.915627,49.853802],[19.915702,49.853746],[19.915802,49.853671],[19.915926,49.853596],[19.916098,49.853492],[19.91632,49.853377],[19.916882,49.853088],[19.916906,49.853088],[19.917043,49.853007],[19.917233,49.852908],[19.917546,49.852746],[19.917562,49.852738],[19.917737,49.852651],[19.918205,49.85241],[19.918232,49.8524],[19.918434,49.852327],[19.918477,49.852311],[19.918497,49.85235],[19.918578,49.85233],[19.918603,49.852283],[19.918655,49.852254],[19.918785,49.852184],[19.918903,49.852118],[19.919329,49.851826],[19.919598,49.851691],[19.919651,49.851664],[19.919906,49.851532],[19.920037,49.851448],[19.920178,49.851359],[19.920263,49.851296],[19.920363,49.851222],[19.920473,49.851174],[19.920913,49.850982],[19.920886,49.850867],[19.920984,49.850519],[19.920992,49.850496],[19.920502,49.850763],[19.920263,49.850893],[19.919835,49.851119],[19.919805,49.851131],[19.919531,49.851231],[19.919474,49.851267],[19.919379,49.851327],[19.919244,49.851412],[19.91896,49.851549],[19.918648,49.85165],[19.918568,49.851676],[19.918434,49.85173],[19.918258,49.851847],[19.918217,49.851873],[19.917964,49.852039],[19.917349,49.852377],[19.917026,49.852555],[19.916929,49.852611],[19.916825,49.852666],[19.916755,49.852703],[19.916542,49.85281],[19.916509,49.852832],[19.916431,49.852872],[19.91639,49.852884],[19.916066,49.853058],[19.916055,49.853102],[19.915901,49.853173],[19.91586,49.853202],[19.915636,49.853297],[19.91557,49.853314],[19.915556,49.853318],[19.915534,49.853324],[19.915159,49.853447],[19.9151,49.853458],[19.914588,49.853574],[19.914579,49.853763],[19.914167,49.853776],[19.913691,49.853812],[19.913928,49.853811],[19.914157,49.853816],[19.914268,49.853817],[19.914548,49.853836],[19.914496,49.853957],[19.914197,49.854183],[19.914022,49.854322],[19.913971,49.85436],[19.913746,49.854538],[19.913427,49.854792],[19.913446,49.854714],[19.913461,49.854654],[19.913438,49.854643],[19.913165,49.854872],[19.913084,49.85494],[19.913023,49.854992],[19.912973,49.855035],[19.912551,49.855366],[19.912376,49.855502],[19.912159,49.855669],[19.911764,49.855992],[19.911604,49.856118],[19.911339,49.856328],[19.911205,49.856423],[19.910729,49.856667],[19.910726,49.856692],[19.910709,49.856703],[19.91056,49.856804],[19.91052,49.856832],[19.91037,49.856934],[19.910074,49.857155],[19.909993,49.857212],[19.909913,49.857273],[19.909722,49.857232],[19.909453,49.857168],[19.909112,49.857087],[19.90913,49.857134],[19.909544,49.857228],[19.909883,49.857306],[19.909743,49.857408],[19.909476,49.857624],[19.909397,49.857754],[19.909394,49.85776],[19.909251,49.857787],[19.90898,49.858045],[19.908874,49.858168],[19.908697,49.858382],[19.908643,49.858453],[19.90853,49.858575],[19.908522,49.858599],[19.90849,49.858698],[19.908417,49.858924],[19.90838,49.859149],[19.908393,49.859264],[19.90841,49.859398],[19.908419,49.859492],[19.908507,49.859821],[19.908592,49.860026],[19.908657,49.860191],[19.908691,49.860276],[19.90876,49.860405],[19.908774,49.860414],[19.908853,49.860562],[19.90885,49.860618],[19.90879,49.860865],[19.908764,49.860983],[19.908937,49.861011],[19.908948,49.860982],[19.908999,49.860923],[19.909072,49.860882],[19.909176,49.860868],[19.909206,49.860876],[19.90925,49.860933],[19.909425,49.861142],[19.909554,49.861308],[19.909606,49.861376],[19.909743,49.861555],[19.909921,49.861783],[19.910424,49.862379],[19.910434,49.862479],[19.910487,49.862495],[19.910517,49.86251],[19.910539,49.862531],[19.910547,49.862572],[19.910549,49.862596],[19.910574,49.862637],[19.910606,49.862664],[19.910646,49.862685],[19.910703,49.862704],[19.910772,49.862693],[19.911067,49.862641],[19.911168,49.862615],[19.911146,49.862583],[19.910989,49.86236],[19.910806,49.862139],[19.910693,49.862004],[19.910604,49.861896],[19.910463,49.861741],[19.910375,49.861642],[19.910153,49.861383],[19.91003,49.861245],[19.909848,49.860941],[19.909737,49.860769],[19.909742,49.86075],[19.90975,49.860719],[19.909467,49.860448],[19.909416,49.860351],[19.909322,49.860191],[19.909339,49.86003],[19.909344,49.859993],[19.909368,49.859854],[19.909428,49.859689],[19.909443,49.859663],[19.9095,49.859486],[19.909528,49.859389],[19.909541,49.859345],[19.909559,49.859281],[19.909631,49.85906],[19.909703,49.85888],[19.909745,49.858772],[19.909834,49.858502],[19.909918,49.858267],[19.909929,49.858232],[19.910017,49.858023],[19.910039,49.85797],[19.910125,49.857809],[19.910202,49.857747],[19.910321,49.857638],[19.91042,49.85755],[19.910752,49.857313],[19.910804,49.857276]],[[19.9089,49.859146],[19.908933,49.858949],[19.909053,49.858652],[19.90919,49.858444],[19.909255,49.858369],[19.909413,49.858201],[19.909629,49.857995],[19.909756,49.85791],[19.90965,49.858185],[19.909569,49.85843],[19.909548,49.858494],[19.909366,49.859028],[19.909096,49.859773],[19.909081,49.859837],[19.909066,49.859901],[19.90904,49.859844],[19.908958,49.859669],[19.908894,49.85935],[19.9089,49.859146]]]]}},{"type":"Feature","properties":{"warstwa":"dzialki"},"geometry":{"type":"MultiPolygon","coordinates":[[[[19.908587,49.862124],[19.90867,49.862148],[19.908791,49.862183],[19.908953,49.862217],[19.909121,49.862233],[19.909256,49.862251],[19.909424,49.861851],[19.908671,49.861727],[19.908591,49.861939],[19.908588,49.862024],[19.908596,49.862103],[19.908587,49.862124]]]]}},{"type":"Feature","properties":{"warstwa":"dzialki"},"geometry":{"type":"MultiPolygon","coordinates":[[[[19.920905,49.851006],[19.921153,49.850913],[19.921232,49.85089],[19.921555,49.850735],[19.921723,49.850656],[19.921793,49.850725],[19.921834,49.850718],[19.921855,49.850715],[19.921863,49.850706],[19.921887,49.850675],[19.921929,49.850622],[19.921962,49.850581],[19.92229,49.850335],[19.922315,49.850316],[19.922324,49.850307],[19.922418,49.85025],[19.922431,49.850243],[19.922579,49.850153],[19.922694,49.850084],[19.922743,49.850054],[19.92284,49.849998],[19.922848,49.849993],[19.922984,49.849914],[19.923314,49.849759],[19.923659,49.849603],[19.923715,49.849576],[19.923763,49.849553],[19.923811,49.84953],[19.923994,49.849442],[19.924235,49.849323],[19.924599,49.849095],[19.92468,49.849045],[19.924724,49.849017],[19.924954,49.84887],[19.925006,49.848834],[19.925009,49.848832],[19.925197,49.848698],[19.925268,49.848639],[19.925451,49.848482],[19.925476,49.84846],[19.925506,49.848435],[19.925647,49.848298],[19.925678,49.848267],[19.925694,49.848248],[19.925784,49.848049],[19.925831,49.847915],[19.925903,49.847709],[19.925916,49.847652],[19.925985,49.847354],[19.926034,49.847193],[19.926095,49.84699],[19.926129,49.84689],[19.926165,49.846783],[19.926262,49.846486],[19.92635,49.846215],[19.926423,49.846114],[19.926548,49.845935],[19.926633,49.845799],[19.925876,49.845689],[19.925753,49.846062],[19.925617,49.846499],[19.925557,49.846748],[19.925492,49.847013],[19.925489,49.847023],[19.925374,49.847473],[19.925299,49.847643],[19.92519,49.847886],[19.925,49.848191],[19.924923,49.848288],[19.924941,49.848334],[19.924822,49.848465],[19.924625,49.848588],[19.92439,49.848735],[19.92432,49.848761],[19.924261,49.848783],[19.923906,49.848912],[19.923847,49.848931],[19.923666,49.84905],[19.923611,49.849088],[19.923318,49.849276],[19.923099,49.849386],[19.922954,49.849458],[19.922822,49.849534],[19.922786,49.849554],[19.922692,49.849613],[19.922647,49.849639],[19.922638,49.849645],[19.922602,49.849666],[19.922433,49.849767],[19.922359,49.849812],[19.92234,49.849823],[19.922031,49.849941],[19.921936,49.84998],[19.921708,49.850072],[19.921504,49.850057],[19.921442,49.850085],[19.921546,49.850197],[19.92112,49.85044],[19.920984,49.850519],[19.920886,49.850867],[19.920913,49.850982],[19.920905,49.851006]]]]}},{"type":"Feature","properties":{"warstwa":"dzialki"},"geometry":{"type":"MultiPolygon","coordinates":[[[[19.930659,49.842579],[19.930112,49.842669],[19.929516,49.842808],[19.929262,49.842812],[19.929248,49.842586],[19.928965,49.842631],[19.928912,49.842711],[19.928628,49.843163],[19.92813,49.843524],[19.927834,49.843705],[19.927591,49.843854],[19.927573,49.843841],[19.927219,49.844118],[19.927144,49.844183],[19.927085,49.844239],[19.926987,49.844339],[19.926919,49.844423],[19.926406,49.845068],[19.926247,49.845282],[19.926183,49.845398],[19.926009,49.845364],[19.925949,49.845525],[19.92586,49.845525],[19.925789,49.845524],[19.925771,49.845583],[19.925796,49.845592],[19.925896,49.845629],[19.925876,49.845689],[19.926633,49.845799],[19.926679,49.845725],[19.926718,49.845663],[19.926803,49.845528],[19.926869,49.845239],[19.926997,49.845136],[19.927002,49.845131],[19.927067,49.84507],[19.927008,49.845028],[19.927238,49.844726],[19.92727,49.844678],[19.927592,49.84434],[19.927624,49.84432],[19.927656,49.844299],[19.927834,49.844187],[19.928055,49.844004],[19.928447,49.843773],[19.928459,49.843766],[19.928753,49.843635],[19.928861,49.843587],[19.928969,49.843539],[19.929094,49.843482],[19.929103,49.84348],[19.929257,49.84342],[19.929374,49.843376],[19.929574,49.8433],[19.929788,49.843218],[19.930035,49.843124],[19.930248,49.843136],[19.93037,49.84316],[19.930487,49.843184],[19.930558,49.843227],[19.930898,49.84343],[19.930921,49.843436],[19.93094,49.843441],[19.930965,49.843448],[19.930985,49.843453],[19.931044,49.843469],[19.931126,49.843491],[19.931147,49.843496],[19.931348,49.84343],[19.93149,49.843399],[19.931487,49.843332],[19.931486,49.843318],[19.931322,49.843349],[19.931185,49.843364],[19.931167,49.843366],[19.931157,49.843367],[19.931011,49.843342],[19.930676,49.84312],[19.930548,49.843007],[19.930744,49.842971],[19.930752,49.84297],[19.9309,49.842943],[19.931133,49.842902],[19.931121,49.842857],[19.931301,49.842837],[19.931449,49.842819],[19.93158,49.842803],[19.931716,49.842791],[19.931845,49.842777],[19.932142,49.842754],[19.932246,49.842745],[19.932429,49.842736],[19.93255,49.842723],[19.932692,49.842715],[19.932848,49.842707],[19.932984,49.842699],[19.933175,49.84272],[19.933242,49.842728],[19.933204,49.84237],[19.932782,49.842393],[19.932091,49.842408],[19.931848,49.842419],[19.931677,49.842435],[19.931124,49.842506],[19.930928,49.842531],[19.930858,49.84254],[19.930654,49.842556],[19.930659,49.842579]]]]}},{"type":"Feature","properties":{"warstwa":"dzialki"},"geometry":{"type":"MultiPolygon","coordinates":[[[[19.908865,49.862779],[19.908985,49.862563],[19.909723,49.862724],[19.909791,49.862532],[19.909803,49.862506],[19.909694,49.862499],[19.909619,49.862472],[19.909444,49.86237],[19.909376,49.862327],[19.909291,49.862297],[19.909216,49.862283],[19.909018,49.862273],[19.908995,49.862293],[19.908916,49.862384],[19.908673,49.862662],[19.908644,49.862695],[19.908723,49.862725],[19.908865,49.862779]]]]}},{"type":"Feature","properties":{"warstwa":"dzialki"},"geometry":{"type":"MultiPolygon","coordinates":[[[[19.90904,49.859844],[19.909081,49.859837],[19.909096,49.859773],[19.909366,49.859028],[19.908933,49.858949],[19.9089,49.859146],[19.908894,49.85935],[19.908958,49.859669],[19.90904,49.859844]]]]}},{"type":"Feature","properties":{"warstwa":"dzialki"},"geometry":{"type":"MultiPolygon","coordinates":[[[[19.910012,49.866744],[19.910248,49.866811],[19.910302,49.866825],[19.91041,49.866856],[19.910415,49.866835],[19.910458,49.866765],[19.910636,49.866472],[19.910723,49.866322],[19.910191,49.866224],[19.90996,49.866185],[19.909756,49.866549],[19.909632,49.866632],[19.909848,49.866717],[19.910012,49.866744]]]]}},{"type":"Feature","properties":{"warstwa":"dzialki"},"geometry":{"type":"MultiPolygon","coordinates":[[[[19.916509,49.852832],[19.916542,49.85281],[19.916475,49.852765],[19.916494,49.852656],[19.916529,49.852511],[19.916821,49.852533],[19.916825,49.852666],[19.916929,49.852611],[19.917026,49.852555],[19.917038,49.85251],[19.917147,49.852097],[19.916623,49.852046],[19.916566,49.852041],[19.916521,49.852417],[19.916431,49.852872],[19.916509,49.852832]]]]}},{"type":"Feature","properties":{"warstwa":"dzialki"},"geometry":{"type":"MultiPolygon","coordinates":[[[[19.924857,49.847836],[19.924893,49.847924],[19.924983,49.848143],[19.925,49.848191],[19.92519,49.847886],[19.925015,49.847409],[19.924908,49.84712],[19.924807,49.846845],[19.924811,49.846534],[19.924518,49.84651],[19.924505,49.846816],[19.924637,49.847327],[19.924857,49.847836]]]]}},{"type":"Feature","properties":{"warstwa":"dzialki"},"geometry":{"type":"MultiPolygon","coordinates":[[[[19.910545,49.863919],[19.910689,49.863553],[19.910219,49.863476],[19.910148,49.86365],[19.910061,49.863845],[19.90983,49.864375],[19.910356,49.864433],[19.910545,49.863919]]]]}},{"type":"Feature","properties":{"warstwa":"dzialki"},"geometry":{"type":"MultiPolygon","coordinates":[[[[19.909633,49.863472],[19.909866,49.86343],[19.909948,49.863425],[19.909992,49.863428],[19.910219,49.863476],[19.910689,49.863553],[19.910927,49.863591],[19.910903,49.863441],[19.9108,49.8631],[19.910456,49.862667],[19.910442,49.862546],[19.910437,49.862503],[19.910343,49.862495],[19.910206,49.862448],[19.910149,49.86245],[19.910074,49.862485],[19.910022,49.862496],[19.909803,49.862506],[19.909791,49.862532],[19.909723,49.862724],[19.90958,49.863028],[19.909523,49.863152],[19.909351,49.863521],[19.909503,49.863489],[19.909633,49.863472]]]]}},{"type":"Feature","properties":{"warstwa":"dzialki"},"geometry":{"type":"MultiPolygon","coordinates":[[[[19.910136,49.8653],[19.910302,49.864891],[19.910577,49.864603],[19.91062,49.864496],[19.910304,49.864459],[19.910011,49.864422],[19.909732,49.864789],[19.909414,49.865207],[19.910114,49.865325],[19.910136,49.8653]]]]}},{"type":"Feature","properties":{"warstwa":"dzialki"},"geometry":{"type":"MultiPolygon","coordinates":[[[[19.926247,49.845282],[19.926406,49.845068],[19.926919,49.844423],[19.926987,49.844339],[19.927085,49.844239],[19.927144,49.844183],[19.927219,49.844118],[19.927573,49.843841],[19.92753,49.843811],[19.927404,49.843899],[19.927391,49.843907],[19.926848,49.844292],[19.926822,49.844332],[19.926703,49.844512],[19.926586,49.844669],[19.926453,49.844851],[19.926336,49.844953],[19.92624,49.845038],[19.926123,49.84517],[19.926051,49.845255],[19.926009,49.845364],[19.926183,49.845398],[19.926247,49.845282]]]]}},{"type":"Feature","properties":{"warstwa":"dzialki"},"geometry":{"type":"MultiPolygon","coordinates":[[[[19.924625,49.848588],[19.924822,49.848465],[19.924941,49.848334],[19.924923,49.848288],[19.924828,49.84805],[19.9243,49.848222],[19.924459,49.84843],[19.924625,49.848588]]]]}},{"type":"Feature","properties":{"warstwa":"dzialki"},"geometry":{"type":"MultiPolygon","coordinates":[[[[19.924908,49.84712],[19.925015,49.847409],[19.92519,49.847886],[19.925299,49.847643],[19.925258,49.847585],[19.92509,49.847146],[19.924961,49.84676],[19.925019,49.846299],[19.925093,49.845889],[19.925169,49.845533],[19.925173,49.845513],[19.925157,49.845511],[19.925003,49.845498],[19.925003,49.845502],[19.924905,49.84604],[19.924811,49.846534],[19.924807,49.846845],[19.924908,49.84712]]]]}},{"type":"Feature","properties":{"warstwa":"dzialki"},"geometry":{"type":"MultiPolygon","coordinates":[[[[19.910148,49.86365],[19.910219,49.863476],[19.909992,49.863428],[19.909948,49.863425],[19.909866,49.86343],[19.909633,49.863472],[19.909503,49.863489],[19.909351,49.863521],[19.909043,49.86353],[19.908912,49.863485],[19.908604,49.864262],[19.90983,49.864375],[19.910061,49.863845],[19.910148,49.86365]]]]}},{"type":"Feature","properties":{"warstwa":"dzialki"},"geometry":{"type":"MultiPolygon","coordinates":[[[[19.908654,49.861325],[19.908686,49.861239],[19.908718,49.861145],[19.908745,49.861071],[19.908764,49.860983],[19.90879,49.860865],[19.90885,49.860618],[19.908853,49.860562],[19.908774,49.860414],[19.90876,49.860405],[19.908662,49.860371],[19.908653,49.860399],[19.908486,49.860624],[19.908342,49.860738],[19.908411,49.860778],[19.908474,49.86084],[19.908513,49.8609],[19.908489,49.86096],[19.908434,49.861024],[19.908433,49.861214],[19.908412,49.861259],[19.908352,49.861314],[19.90823,49.861377],[19.908346,49.861365],[19.908654,49.861325]]]]}},{"type":"Feature","properties":{"warstwa":"dzialki"},"geometry":{"type":"MultiPolygon","coordinates":[[[[19.874981,49.891609],[19.874936,49.891486],[19.874907,49.891468],[19.874875,49.891474],[19.874932,49.89162],[19.874981,49.891609]]]]}},{"type":"Feature","properties":{"warstwa":"dzialki"},"geometry":{"type":"MultiPolygon","coordinates":[[[[19.872434,49.900036],[19.872419,49.900075],[19.872983,49.900296],[19.872434,49.900036]]]]}},{"type":"Feature","properties":{"warstwa":"dzialki"},"geometry":{"type":"MultiPolygon","coordinates":[[[[19.871873,49.899144],[19.872208,49.898944],[19.872228,49.898845],[19.871806,49.899113],[19.87179,49.899124],[19.871831,49.899149],[19.871873,49.899144]]]]}},{"type":"Feature","properties":{"warstwa":"dzialki"},"geometry":{"type":"MultiPolygon","coordinates":[[[[19.88561,49.882002],[19.885415,49.881769],[19.885357,49.881794],[19.885551,49.882027],[19.88561,49.882002]]]]}},{"type":"Feature","properties":{"warstwa":"dzialki"},"geometry":{"type":"MultiPolygon","coordinates":[[[[19.876411,49.887431],[19.876405,49.887344],[19.876267,49.887349],[19.876272,49.887435],[19.876411,49.887431]]]]}},{"type":"Feature","properties":{"warstwa":"dzialki"},"geometry":{"type":"MultiPolygon","coordinates":[[[[19.873385,49.895006],[19.873348,49.895065],[19.873412,49.895133],[19.873385,49.895006]]]]}},{"type":"Feature","properties":{"warstwa":"dzialki"},"geometry":{"type":"MultiPolygon","coordinates":[[[[19.87228,49.901233],[19.872107,49.901113],[19.871993,49.901209],[19.872173,49.901299],[19.87228,49.901233]]]]}},{"type":"Feature","properties":{"warstwa":"dzialki"},"geometry":{"type":"MultiPolygon","coordinates":[[[[19.874182,49.892608],[19.874265,49.892498],[19.874174,49.892464],[19.874129,49.892524],[19.874154,49.892563],[19.874182,49.892608]]]]}},{"type":"Feature","properties":{"warstwa":"dzialki"},"geometry":{"type":"MultiPolygon","coordinates":[[[[19.874182,49.892608],[19.874154,49.892563],[19.874129,49.892524],[19.874088,49.892577],[19.873965,49.892729],[19.874024,49.892801],[19.874182,49.892608]]]]}},{"type":"Feature","properties":{"warstwa":"dzialki"},"geometry":{"type":"MultiPolygon","coordinates":[[[[19.874589,49.890147],[19.874825,49.890146],[19.874997,49.890524],[19.875162,49.8905],[19.875535,49.89043],[19.875582,49.89042],[19.875513,49.890271],[19.875493,49.890273],[19.875457,49.890282],[19.875146,49.890136],[19.875131,49.890099],[19.874804,49.890102],[19.874586,49.890102],[19.874355,49.890062],[19.874375,49.890108],[19.874589,49.890147]]]]}},{"type":"Feature","properties":{"warstwa":"dzialki"},"geometry":{"type":"MultiPolygon","coordinates":[[[[19.874932,49.89162],[19.874875,49.891474],[19.874086,49.891632],[19.874178,49.891782],[19.874932,49.89162]]]]}},{"type":"Feature","properties":{"warstwa":"dzialki"},"geometry":{"type":"MultiPolygon","coordinates":[[[[19.874835,49.886625],[19.874845,49.886689],[19.874851,49.88676],[19.874995,49.886754],[19.875291,49.886746],[19.87549,49.88674],[19.875643,49.886737],[19.875674,49.886743],[19.875732,49.886779],[19.875745,49.886954],[19.875749,49.887025],[19.875876,49.887081],[19.875878,49.887103],[19.876017,49.887059],[19.875872,49.887009],[19.875813,49.886951],[19.875789,49.886692],[19.87573,49.886694],[19.875518,49.8867],[19.875323,49.886706],[19.875035,49.886716],[19.875,49.886711],[19.874963,49.886699],[19.874935,49.886681],[19.874878,49.886476],[19.874812,49.886475],[19.874789,49.886463],[19.874824,49.886558],[19.874835,49.886625]]]]}},{"type":"Feature","properties":{"warstwa":"dzialki"},"geometry":{"type":"MultiPolygon","coordinates":[[[[19.884466,49.882861],[19.885459,49.882525],[19.885244,49.882286],[19.884577,49.882594],[19.88463,49.882404],[19.88464,49.882369],[19.884645,49.882261],[19.884614,49.882127],[19.884426,49.88221],[19.884315,49.882262],[19.884354,49.882417],[19.884466,49.882861]]]]}},{"type":"Feature","properties":{"warstwa":"dzialki"},"geometry":{"type":"MultiPolygon","coordinates":[[[[19.877544,49.886855],[19.877535,49.886522],[19.876612,49.886517],[19.876625,49.886849],[19.877544,49.886855]]]]}},{"type":"Feature","properties":{"warstwa":"dzialki"},"geometry":{"type":"MultiPolygon","coordinates":[[[[19.886703,49.882056],[19.886763,49.882148],[19.886827,49.882131],[19.886529,49.881675],[19.886447,49.881613],[19.886388,49.881637],[19.886465,49.881692],[19.886703,49.882056]]]]}},{"type":"Feature","properties":{"warstwa":"dzialki"},"geometry":{"type":"MultiPolygon","coordinates":[[[[19.873305,49.895423],[19.873412,49.895133],[19.873348,49.895065],[19.873259,49.895204],[19.873153,49.895306],[19.873093,49.89535],[19.87318,49.895334],[19.873305,49.895423]]]]}},{"type":"Feature","properties":{"warstwa":"dzialki"},"geometry":{"type":"MultiPolygon","coordinates":[[[[19.884426,49.88221],[19.884614,49.882127],[19.884998,49.881957],[19.885357,49.881794],[19.885224,49.881649],[19.884309,49.882146],[19.884315,49.882262],[19.884426,49.88221]]]]}},{"type":"Feature","properties":{"warstwa":"dzialki"},"geometry":{"type":"MultiPolygon","coordinates":[[[[19.87731,49.885423],[19.87733,49.885643],[19.877366,49.885865],[19.877373,49.88591],[19.877451,49.886162],[19.877465,49.886198],[19.877528,49.886433],[19.877535,49.886522],[19.877544,49.886855],[19.877545,49.886982],[19.877551,49.887296],[19.877555,49.887485],[19.877555,49.887709],[19.877672,49.88799],[19.878008,49.888702],[19.878062,49.888753],[19.878099,49.888918],[19.878119,49.889099],[19.878142,49.889235],[19.878172,49.889191],[19.878176,49.889186],[19.87816,49.889097],[19.878141,49.888916],[19.878103,49.888748],[19.87805,49.888697],[19.877704,49.88796],[19.877614,49.887685],[19.877601,49.887484],[19.877594,49.887108],[19.877589,49.886843],[19.877602,49.886589],[19.877605,49.886532],[19.877605,49.886525],[19.877606,49.886199],[19.877536,49.885555],[19.87731,49.885423]]]]}},{"type":"Feature","properties":{"warstwa":"dzialki"},"geometry":{"type":"MultiPolygon","coordinates":[[[[19.885224,49.881649],[19.885357,49.881794],[19.885415,49.881769],[19.885242,49.88158],[19.88429,49.882097],[19.884309,49.882146],[19.885224,49.881649]]]]}},{"type":"Feature","properties":{"warstwa":"dzialki"},"geometry":{"type":"MultiPolygon","coordinates":[[[[19.870407,49.901976],[19.871024,49.902133],[19.871089,49.901817],[19.870624,49.901806],[19.87014,49.901747],[19.869806,49.901624],[19.869708,49.901589],[19.869384,49.901716],[19.869709,49.901798],[19.870407,49.901976]]]]}},{"type":"Feature","properties":{"warstwa":"dzialki"},"geometry":{"type":"MultiPolygon","coordinates":[[[[19.875279,49.889735],[19.874983,49.889773],[19.875131,49.890099],[19.875427,49.890097],[19.875388,49.889987],[19.875279,49.889735]]]]}},{"type":"Feature","properties":{"warstwa":"dzialki"},"geometry":{"type":"MultiPolygon","coordinates":[[[[19.873486,49.897542],[19.873559,49.897407],[19.87345,49.897337],[19.873328,49.89762],[19.873483,49.897706],[19.873486,49.897542]]]]}},{"type":"Feature","properties":{"warstwa":"dzialki"},"geometry":{"type":"MultiPolygon","coordinates":[[[[19.874983,49.889773],[19.875279,49.889735],[19.875135,49.889403],[19.875081,49.889278],[19.874746,49.889034],[19.874652,49.889043],[19.87488,49.889546],[19.874983,49.889773]]]]}},{"type":"Feature","properties":{"warstwa":"dzialki"},"geometry":{"type":"MultiPolygon","coordinates":[[[[19.87561,49.886958],[19.875745,49.886954],[19.875732,49.886779],[19.875674,49.886743],[19.875643,49.886737],[19.87549,49.88674],[19.875291,49.886746],[19.875318,49.88697],[19.87561,49.886958]]]]}},{"type":"Feature","properties":{"warstwa":"dzialki"},"geometry":{"type":"MultiPolygon","coordinates":[[[[19.882804,49.883507],[19.882809,49.883482],[19.882051,49.88348],[19.881694,49.883479],[19.881505,49.883479],[19.881275,49.883478],[19.881276,49.883562],[19.882804,49.883507]]]]}},{"type":"Feature","properties":{"warstwa":"dzialki"},"geometry":{"type":"MultiPolygon","coordinates":[[[[19.875457,49.890282],[19.875493,49.890273],[19.875427,49.890097],[19.875131,49.890099],[19.875146,49.890136],[19.875457,49.890282]]]]}},{"type":"Feature","properties":{"warstwa":"dzialki"},"geometry":{"type":"MultiPolygon","coordinates":[[[[19.876405,49.887344],[19.876411,49.887431],[19.876272,49.887435],[19.876288,49.88757],[19.876567,49.887561],[19.876555,49.887427],[19.876529,49.887167],[19.876449,49.88715],[19.876418,49.887144],[19.876418,49.887147],[19.876405,49.887344]]]]}},{"type":"Feature","properties":{"warstwa":"dzialki"},"geometry":{"type":"MultiPolygon","coordinates":[[[[19.872419,49.898242],[19.872452,49.898123],[19.871912,49.897855],[19.871806,49.897938],[19.872411,49.898266],[19.872419,49.898242]]]]}},{"type":"Feature","properties":{"warstwa":"dzialki"},"geometry":{"type":"MultiPolygon","coordinates":[[[[19.872535,49.897965],[19.872035,49.897745],[19.871912,49.897855],[19.872452,49.898123],[19.872535,49.897965]]]]}},{"type":"Feature","properties":{"warstwa":"dzialki"},"geometry":{"type":"MultiPolygon","coordinates":[[[[19.873335,49.897796],[19.873269,49.89776],[19.873157,49.897975],[19.872977,49.898408],[19.873012,49.898397],[19.873335,49.897796]]]]}},{"type":"Feature","properties":{"warstwa":"dzialki"},"geometry":{"type":"MultiPolygon","coordinates":[[[[19.871717,49.902303],[19.872023,49.902321],[19.872118,49.90231],[19.872201,49.902279],[19.871946,49.902183],[19.871698,49.902063],[19.871721,49.902284],[19.871717,49.902303]]]]}},{"type":"Feature","properties":{"warstwa":"dzialki"},"geometry":{"type":"MultiPolygon","coordinates":[[[[19.874981,49.891609],[19.875064,49.89185],[19.875113,49.891826],[19.87498,49.891441],[19.874911,49.891425],[19.874907,49.891468],[19.874936,49.891486],[19.874981,49.891609]]]]}},{"type":"Feature","properties":{"warstwa":"dzialki"},"geometry":{"type":"MultiPolygon","coordinates":[[[[19.951203,49.83082],[19.951002,49.830799],[19.951002,49.830802],[19.950976,49.830881],[19.951165,49.830903],[19.951203,49.83082]]]]}},{"type":"Feature","properties":{"warstwa":"dzialki"},"geometry":{"type":"MultiPolygon","coordinates":[[[[19.944589,49.840899],[19.944686,49.840849],[19.944658,49.840766],[19.944545,49.840767],[19.944551,49.840786],[19.944589,49.840899]]]]}},{"type":"Feature","properties":{"warstwa":"dzialki"},"geometry":{"type":"MultiPolygon","coordinates":[[[[19.946248,49.839576],[19.946253,49.839458],[19.946281,49.839436],[19.946284,49.839397],[19.946268,49.839374],[19.94632,49.839156],[19.946256,49.839156],[19.946231,49.839307],[19.946217,49.83939],[19.946211,49.839618],[19.946239,49.839584],[19.946248,49.839576]]]]}},{"type":"Feature","properties":{"warstwa":"dzialki"},"geometry":{"type":"MultiPolygon","coordinates":[[[[19.939887,49.84238],[19.939888,49.842366],[19.939892,49.842136],[19.939808,49.842144],[19.939883,49.842366],[19.939887,49.84238]]]]}},{"type":"Feature","properties":{"warstwa":"dzialki"},"geometry":{"type":"MultiPolygon","coordinates":[[[[19.946753,49.826789],[19.946736,49.826792],[19.946735,49.826848],[19.946861,49.826831],[19.946753,49.826789]]]]}},{"type":"Feature","properties":{"warstwa":"dzialki"},"geometry":{"type":"MultiPolygon","coordinates":[[[[19.927834,49.843705],[19.927834,49.843663],[19.927687,49.843756],[19.927573,49.843841],[19.927591,49.843854],[19.927834,49.843705]]]]}},{"type":"Feature","properties":{"warstwa":"dzialki"},"geometry":{"type":"MultiPolygon","coordinates":[[[[19.948032,49.827438],[19.948146,49.827405],[19.948185,49.827393],[19.948124,49.827368],[19.947914,49.827282],[19.948011,49.827443],[19.948032,49.827438]]]]}},{"type":"Feature","properties":{"warstwa":"dzialki"},"geometry":{"type":"MultiPolygon","coordinates":[[[[19.939425,49.842344],[19.939536,49.842333],[19.93952,49.842292],[19.939486,49.842177],[19.939386,49.842192],[19.939411,49.842299],[19.939425,49.842344]]]]}},{"type":"Feature","properties":{"warstwa":"dzialki"},"geometry":{"type":"MultiPolygon","coordinates":[[[[19.944367,49.840842],[19.944398,49.840955],[19.944408,49.840993],[19.944413,49.84099],[19.944518,49.840935],[19.944476,49.840801],[19.944116,49.839552],[19.944102,49.839392],[19.944103,49.83932],[19.944103,49.839262],[19.943989,49.839265],[19.944009,49.839562],[19.944367,49.840842]]]]}},{"type":"Feature","properties":{"warstwa":"dzialki"},"geometry":{"type":"MultiPolygon","coordinates":[[[[19.944156,49.82625],[19.944125,49.826226],[19.944152,49.82603],[19.944154,49.82602],[19.943946,49.826006],[19.94392,49.826315],[19.944,49.82636],[19.944156,49.82625]]]]}},{"type":"Feature","properties":{"warstwa":"dzialki"},"geometry":{"type":"MultiPolygon","coordinates":[[[[19.943705,49.839897],[19.944099,49.841102],[19.944132,49.841089],[19.944127,49.841073],[19.943755,49.839878],[19.943662,49.839584],[19.943655,49.839495],[19.943647,49.839395],[19.943651,49.839273],[19.94366,49.839015],[19.943675,49.83855],[19.943726,49.838192],[19.943696,49.838188],[19.943671,49.838187],[19.943639,49.838549],[19.943622,49.838982],[19.943607,49.839268],[19.9436,49.839394],[19.943598,49.839573],[19.943705,49.839897]]]]}},{"type":"Feature","properties":{"warstwa":"dzialki"},"geometry":{"type":"MultiPolygon","coordinates":[[[[19.94235,49.841876],[19.942352,49.841881],[19.942377,49.841937],[19.942546,49.842419],[19.942644,49.842714],[19.942651,49.842741],[19.942715,49.842999],[19.942786,49.843016],[19.942703,49.84273],[19.942699,49.842717],[19.942603,49.84243],[19.942597,49.842414],[19.942434,49.841918],[19.942406,49.841859],[19.942404,49.841854],[19.942368,49.841855],[19.942343,49.841857],[19.942346,49.841864],[19.94235,49.841876]]]]}},{"type":"Feature","properties":{"warstwa":"dzialki"},"geometry":{"type":"MultiPolygon","coordinates":[[[[19.951252,49.830713],[19.951037,49.830691],[19.951013,49.830767],[19.951002,49.830799],[19.951203,49.83082],[19.951252,49.830713]]]]}},{"type":"Feature","properties":{"warstwa":"dzialki"},"geometry":{"type":"MultiPolygon","coordinates":[[[[19.944708,49.840794],[19.944713,49.840835],[19.944762,49.84081],[19.94454,49.84014],[19.944464,49.839921],[19.944499,49.840144],[19.944708,49.840794]]]]}},{"type":"Feature","properties":{"warstwa":"dzialki"},"geometry":{"type":"MultiPolygon","coordinates":[[[[19.945089,49.826522],[19.945144,49.8262],[19.944971,49.82616],[19.944887,49.826645],[19.94505,49.826687],[19.945089,49.826522]]]]}},{"type":"Feature","properties":{"warstwa":"dzialki"},"geometry":{"type":"MultiPolygon","coordinates":[[[[19.951052,49.829782],[19.951053,49.829827],[19.951221,49.829828],[19.951223,49.829819],[19.951227,49.82972],[19.951217,49.829471],[19.951046,49.829467],[19.951051,49.829695],[19.951052,49.829782]]]]}},{"type":"Feature","properties":{"warstwa":"dzialki"},"geometry":{"type":"MultiPolygon","coordinates":[[[[19.950795,49.829219],[19.950813,49.829221],[19.950738,49.828614],[19.950708,49.828594],[19.95063,49.82854],[19.950679,49.829207],[19.950795,49.829219]]]]}},{"type":"Feature","properties":{"warstwa":"dzialki"},"geometry":{"type":"MultiPolygon","coordinates":[[[[19.949255,49.827852],[19.949258,49.827841],[19.949081,49.827765],[19.948889,49.827685],[19.948854,49.827814],[19.949232,49.827943],[19.949255,49.827852]]]]}},{"type":"Feature","properties":{"warstwa":"dzialki"},"geometry":{"type":"MultiPolygon","coordinates":[[[[19.945167,49.840534],[19.94517,49.840531],[19.945168,49.840523],[19.945062,49.840111],[19.944882,49.840119],[19.945026,49.840644],[19.945167,49.840534]]]]}},{"type":"Feature","properties":{"warstwa":"dzialki"},"geometry":{"type":"MultiPolygon","coordinates":[[[[19.947853,49.827256],[19.947595,49.827324],[19.947706,49.827514],[19.947969,49.827454],[19.948011,49.827443],[19.947914,49.827282],[19.947853,49.827256]]]]}},{"type":"Feature","properties":{"warstwa":"dzialki"},"geometry":{"type":"MultiPolygon","coordinates":[[[[19.936374,49.841741],[19.936426,49.842072],[19.936734,49.842044],[19.936606,49.841372],[19.936307,49.841397],[19.936335,49.841542],[19.936374,49.841741]]]]}},{"type":"Feature","properties":{"warstwa":"dzialki"},"geometry":{"type":"MultiPolygon","coordinates":[[[[19.94761,49.827477],[19.947637,49.827529],[19.947706,49.827514],[19.947595,49.827324],[19.947853,49.827256],[19.947651,49.827173],[19.947389,49.827046],[19.947403,49.827078],[19.94761,49.827477]]]]}},{"type":"Feature","properties":{"warstwa":"dzialki"},"geometry":{"type":"MultiPolygon","coordinates":[[[[19.927687,49.843756],[19.927834,49.843663],[19.927835,49.843573],[19.92753,49.843811],[19.927573,49.843841],[19.927687,49.843756]]]]}},{"type":"Feature","properties":{"warstwa":"dzialki"},"geometry":{"type":"MultiPolygon","coordinates":[[[[19.944729,49.826272],[19.944671,49.826592],[19.94472,49.826603],[19.944805,49.826122],[19.944811,49.826093],[19.944454,49.826042],[19.944408,49.826248],[19.944701,49.82627],[19.944729,49.826272]]]]}},{"type":"Feature","properties":{"warstwa":"dzialki"},"geometry":{"type":"MultiPolygon","coordinates":[[[[19.939536,49.842333],[19.939561,49.842396],[19.939564,49.842404],[19.939634,49.842578],[19.939902,49.842582],[19.939789,49.842381],[19.939786,49.842375],[19.939718,49.842281],[19.939681,49.842156],[19.939513,49.842172],[19.939486,49.842177],[19.93952,49.842292],[19.939536,49.842333]]]]}},{"type":"Feature","properties":{"warstwa":"dzialki"},"geometry":{"type":"MultiPolygon","coordinates":[[[[19.950246,49.828287],[19.949787,49.828067],[19.949837,49.82816],[19.950246,49.828287]]]]}},{"type":"Feature","properties":{"warstwa":"dzialki"},"geometry":{"type":"MultiPolygon","coordinates":[[[[19.92813,49.843524],[19.928628,49.843163],[19.928912,49.842711],[19.928965,49.842631],[19.92881,49.842661],[19.928722,49.842753],[19.928832,49.842796],[19.928557,49.843096],[19.928346,49.843318],[19.928254,49.843395],[19.928134,49.843481],[19.927834,49.843663],[19.927834,49.843705],[19.92813,49.843524]]]]}},{"type":"Feature","properties":{"warstwa":"dzialki"},"geometry":{"type":"MultiPolygon","coordinates":[[[[19.947237,49.8269],[19.948892,49.82729],[19.948752,49.827127],[19.948311,49.827026],[19.947305,49.826798],[19.946892,49.826843],[19.947096,49.826922],[19.947237,49.8269]]]]}},{"type":"Feature","properties":{"warstwa":"dzialki"},"geometry":{"type":"MultiPolygon","coordinates":[[[[19.94571,49.826914],[19.945729,49.826861],[19.94634,49.826851],[19.946736,49.826792],[19.946753,49.826789],[19.946717,49.826773],[19.946454,49.82665],[19.946055,49.826465],[19.945688,49.826773],[19.945685,49.826826],[19.945625,49.826913],[19.945644,49.826916],[19.94571,49.826914]]]]}},{"type":"Feature","properties":{"warstwa":"dzialki"},"geometry":{"type":"MultiPolygon","coordinates":[[[[19.944454,49.826042],[19.944811,49.826093],[19.944818,49.826052],[19.943946,49.826006],[19.944154,49.82602],[19.944454,49.826042]]]]}},{"type":"Feature","properties":{"warstwa":"dzialki"},"geometry":{"type":"MultiPolygon","coordinates":[[[[19.944545,49.840767],[19.944658,49.840766],[19.944686,49.840849],[19.944713,49.840835],[19.944708,49.840794],[19.944499,49.840144],[19.944464,49.839921],[19.944252,49.839834],[19.944275,49.839929],[19.944545,49.840767]]]]}},{"type":"Feature","properties":{"warstwa":"dzialki"},"geometry":{"type":"MultiPolygon","coordinates":[[[[19.944971,49.82616],[19.944805,49.826122],[19.94472,49.826603],[19.944887,49.826645],[19.944971,49.82616]]]]}},{"type":"Feature","properties":{"warstwa":"dzialki"},"geometry":{"type":"MultiPolygon","coordinates":[[[[19.950246,49.828287],[19.949837,49.82816],[19.949787,49.828067],[19.949775,49.828061],[19.949772,49.828071],[19.949738,49.828217],[19.949729,49.828284],[19.949722,49.828335],[19.949709,49.82842],[19.949708,49.828422],[19.949707,49.828424],[19.950516,49.828462],[19.950246,49.828287]]]]}},{"type":"Feature","properties":{"warstwa":"dzialki"},"geometry":{"type":"MultiPolygon","coordinates":[[[[19.949708,49.828422],[19.949709,49.82842],[19.949722,49.828335],[19.949729,49.828284],[19.949738,49.828217],[19.949772,49.828071],[19.949775,49.828061],[19.949771,49.828059],[19.949258,49.827841],[19.949255,49.827852],[19.949232,49.827943],[19.949224,49.827973],[19.949136,49.828396],[19.949707,49.828424],[19.949708,49.828422]]]]}},{"type":"Feature","properties":{"warstwa":"dzialki"},"geometry":{"type":"MultiPolygon","coordinates":[[[[19.93599,49.842095],[19.935991,49.842102],[19.936203,49.84209],[19.936201,49.84208],[19.936149,49.841779],[19.936113,49.841564],[19.936083,49.841408],[19.935858,49.84143],[19.935925,49.841746],[19.93599,49.842095]]]]}},{"type":"Feature","properties":{"warstwa":"dzialki"},"geometry":{"type":"MultiPolygon","coordinates":[[[[19.944399,49.826269],[19.944404,49.82627],[19.944408,49.826248],[19.944454,49.826042],[19.944154,49.82602],[19.944152,49.82603],[19.944125,49.826226],[19.944156,49.82625],[19.944399,49.826269]]]]}},{"type":"Feature","properties":{"warstwa":"dzialki"},"geometry":{"type":"MultiPolygon","coordinates":[[[[19.939329,49.842428],[19.939356,49.842558],[19.939403,49.842786],[19.939416,49.84285],[19.939516,49.843287],[19.939602,49.843581],[19.939621,49.843647],[19.93973,49.844043],[19.939749,49.844103],[19.939826,49.84435],[19.939916,49.844705],[19.940038,49.844687],[19.939956,49.844366],[19.939877,49.844126],[19.93982,49.843952],[19.939725,49.843565],[19.939708,49.843495],[19.939591,49.843028],[19.939532,49.842733],[19.939518,49.842659],[19.939503,49.842588],[19.939497,49.842568],[19.939448,49.842416],[19.939445,49.842407],[19.939425,49.842344],[19.939411,49.842299],[19.939386,49.842192],[19.939284,49.842208],[19.939328,49.842419],[19.939329,49.842428]]]]}},{"type":"Feature","properties":{"warstwa":"dzialki"},"geometry":{"type":"MultiPolygon","coordinates":[[[[19.948397,49.827481],[19.948316,49.827447],[19.94825,49.827474],[19.948219,49.827487],[19.948179,49.82751],[19.948113,49.827527],[19.94806,49.828039],[19.948337,49.828056],[19.948397,49.827481]]]]}},{"type":"Feature","properties":{"warstwa":"dzialki"},"geometry":{"type":"MultiPolygon","coordinates":[[[[19.945745,49.826347],[19.94545,49.826281],[19.94535,49.826758],[19.945635,49.826816],[19.945745,49.826347]]]]}},{"type":"Feature","properties":{"warstwa":"dzialki"},"geometry":{"type":"MultiPolygon","coordinates":[[[[19.944925,49.840707],[19.945026,49.840644],[19.944882,49.840119],[19.94477,49.840124],[19.944782,49.840194],[19.944925,49.840707]]]]}},{"type":"Feature","properties":{"warstwa":"dzialki"},"geometry":{"type":"MultiPolygon","coordinates":[[[[19.951195,49.82915],[19.951198,49.829174],[19.951204,49.829222],[19.951212,49.829347],[19.951217,49.829471],[19.951227,49.82972],[19.951223,49.829819],[19.951221,49.829828],[19.951206,49.8299],[19.951212,49.829944],[19.951194,49.830088],[19.951331,49.830102],[19.951367,49.82961],[19.951359,49.82944],[19.951228,49.829168],[19.951195,49.829115],[19.951191,49.829108],[19.951195,49.829145],[19.951195,49.82915]]]]}},{"type":"Feature","properties":{"warstwa":"dzialki"},"geometry":{"type":"MultiPolygon","coordinates":[[[[19.936201,49.84208],[19.936203,49.84209],[19.936258,49.842087],[19.936426,49.842072],[19.936374,49.841741],[19.936335,49.841542],[19.936157,49.84156],[19.936113,49.841564],[19.936149,49.841779],[19.936201,49.84208]]]]}},{"type":"Feature","properties":{"warstwa":"dzialki"},"geometry":{"type":"MultiPolygon","coordinates":[[[[19.950903,49.82923],[19.950902,49.829236],[19.9509,49.829248],[19.95091,49.829464],[19.950916,49.829464],[19.951046,49.829467],[19.951217,49.829471],[19.951212,49.829347],[19.951204,49.829222],[19.951198,49.829174],[19.951195,49.82915],[19.951195,49.829145],[19.951191,49.829108],[19.951117,49.828989],[19.950931,49.828791],[19.95083,49.828695],[19.950906,49.829207],[19.950903,49.82923]]]]}},{"type":"Feature","properties":{"warstwa":"dzialki"},"geometry":{"type":"MultiPolygon","coordinates":[[[[19.94874,49.828373],[19.948384,49.828352],[19.948029,49.828331],[19.947718,49.828315],[19.947665,49.828311],[19.947522,49.828302],[19.947518,49.828302],[19.947327,49.828291],[19.947316,49.82838],[19.948558,49.828453],[19.94867,49.828459],[19.948674,49.828439],[19.94885,49.828449],[19.948891,49.828459],[19.948911,49.828474],[19.949053,49.828482],[19.949295,49.828493],[19.949541,49.828505],[19.949545,49.828507],[19.949872,49.828522],[19.950183,49.828537],[19.950515,49.828562],[19.950516,49.828462],[19.949707,49.828424],[19.949136,49.828396],[19.94874,49.828373]]]]}},{"type":"Feature","properties":{"warstwa":"dzialki"},"geometry":{"type":"MultiPolygon","coordinates":[[[[19.953272,49.840314],[19.953608,49.84046],[19.953695,49.840497],[19.953881,49.840584],[19.954031,49.840649],[19.954181,49.840715],[19.954222,49.840732],[19.954431,49.84083],[19.954461,49.840835],[19.954513,49.840854],[19.954535,49.840885],[19.954557,49.840894],[19.954609,49.840916],[19.95477,49.840982],[19.954775,49.840984],[19.954819,49.840999],[19.955246,49.841178],[19.955254,49.841185],[19.955273,49.841201],[19.955279,49.841206],[19.955346,49.841229],[19.955399,49.841249],[19.955494,49.841289],[19.955625,49.841344],[19.955815,49.841424],[19.956008,49.841505],[19.956058,49.841523],[19.956169,49.841575],[19.956188,49.841549],[19.956274,49.841584],[19.956241,49.84159],[19.956229,49.841603],[19.95639,49.84167],[19.956432,49.841691],[19.956726,49.841826],[19.957006,49.841944],[19.957198,49.842023],[19.957249,49.84205],[19.957277,49.842064],[19.95743,49.842131],[19.957594,49.842202],[19.957895,49.842335],[19.958107,49.842429],[19.958309,49.842514],[19.958305,49.842521],[19.958466,49.842585],[19.958506,49.842595],[19.958706,49.842686],[19.958742,49.842708],[19.958751,49.84272],[19.958823,49.842752],[19.958887,49.842781],[19.95906,49.842856],[19.959189,49.842911],[19.959361,49.842985],[19.959485,49.843038],[19.959584,49.843082],[19.959654,49.843112],[19.959707,49.843137],[19.959902,49.843223],[19.959905,49.843229],[19.960125,49.843317],[19.960161,49.843331],[19.960181,49.843307],[19.960286,49.843193],[19.960226,49.843161],[19.960148,49.843128],[19.960121,49.843116],[19.960034,49.843081],[19.959919,49.843038],[19.959844,49.843003],[19.9598,49.842978],[19.95972,49.842945],[19.959686,49.842933],[19.95966,49.84293],[19.959587,49.842902],[19.959394,49.842805],[19.959256,49.842757],[19.959145,49.842709],[19.958971,49.842632],[19.958896,49.842587],[19.958781,49.842535],[19.958716,49.842507],[19.958533,49.842424],[19.958451,49.842379],[19.958423,49.842359],[19.958412,49.842356],[19.958353,49.842338],[19.958176,49.842279],[19.958014,49.842208],[19.957844,49.842131],[19.95779,49.842106],[19.957542,49.841996],[19.957458,49.841958],[19.957404,49.841941],[19.957359,49.841924],[19.957076,49.8418],[19.956853,49.841705],[19.956866,49.84169],[19.956735,49.841641],[19.956691,49.841619],[19.956552,49.841561],[19.956446,49.841518],[19.956422,49.841506],[19.95639,49.841494],[19.956266,49.841442],[19.956176,49.841407],[19.956145,49.841395],[19.956093,49.841361],[19.956004,49.841337],[19.955988,49.841323],[19.955909,49.841289],[19.955847,49.841262],[19.955648,49.841176],[19.955581,49.841147],[19.955398,49.841067],[19.955285,49.841015],[19.955228,49.84099],[19.955099,49.840933],[19.954927,49.840854],[19.954891,49.840839],[19.954815,49.840806],[19.954697,49.840754],[19.954554,49.840691],[19.954323,49.840589],[19.954284,49.840572],[19.954205,49.840537],[19.954151,49.840514],[19.953706,49.840319],[19.953245,49.840118],[19.952784,49.839917],[19.952597,49.839835],[19.952195,49.839658],[19.951697,49.839439],[19.951687,49.839443],[19.951613,49.839406],[19.951499,49.839348],[19.951422,49.839316],[19.951382,49.839298],[19.95113,49.83919],[19.95107,49.839164],[19.95095,49.839119],[19.950843,49.839074],[19.950621,49.838978],[19.950534,49.83894],[19.9503,49.838839],[19.9499,49.838663],[19.949759,49.838601],[19.949745,49.838591],[19.949516,49.838494],[19.949448,49.838464],[19.949427,49.838455],[19.948938,49.83824],[19.948741,49.838159],[19.948735,49.838156],[19.948555,49.838069],[19.948442,49.838019],[19.948304,49.838181],[19.948364,49.8382],[19.948542,49.838269],[19.948898,49.838409],[19.948905,49.8384],[19.949196,49.838527],[19.949421,49.838623],[19.949634,49.838722],[19.949714,49.838759],[19.949801,49.838799],[19.950006,49.838888],[19.950174,49.838962],[19.950205,49.838975],[19.950407,49.839065],[19.950485,49.8391],[19.950559,49.839132],[19.950725,49.839206],[19.95091,49.839289],[19.950965,49.839315],[19.950976,49.83932],[19.951033,49.839347],[19.951172,49.839406],[19.951394,49.839504],[19.951705,49.839639],[19.951753,49.839659],[19.951902,49.839724],[19.951963,49.83975],[19.952129,49.839825],[19.952342,49.839919],[19.952475,49.839978],[19.952532,49.840008],[19.952669,49.840065],[19.952743,49.840096],[19.95301,49.840208],[19.953059,49.840228],[19.953272,49.840314]]]]}},{"type":"Feature","properties":{"warstwa":"dzialki"},"geometry":{"type":"MultiPolygon","coordinates":[[[[19.941667,49.842056],[19.941661,49.842042],[19.941646,49.842],[19.941619,49.841921],[19.941378,49.841954],[19.941442,49.842095],[19.941452,49.842116],[19.941477,49.84217],[19.941611,49.842565],[19.941622,49.842598],[19.941639,49.842674],[19.941922,49.842803],[19.941922,49.842789],[19.941831,49.842494],[19.941828,49.842485],[19.941694,49.842129],[19.941675,49.842078],[19.941667,49.842056]]]]}},{"type":"Feature","properties":{"warstwa":"dzialki"},"geometry":{"type":"MultiPolygon","coordinates":[[[[19.951465,49.829984],[19.951458,49.829683],[19.951359,49.82944],[19.951367,49.82961],[19.951331,49.830102],[19.951429,49.830053],[19.951465,49.829984]]]]}},{"type":"Feature","properties":{"warstwa":"dzialki"},"geometry":{"type":"MultiPolygon","coordinates":[[[[19.936951,49.84202],[19.937311,49.841973],[19.937249,49.84173],[19.937171,49.841363],[19.937149,49.841266],[19.936808,49.841295],[19.936819,49.841351],[19.936951,49.84202]]]]}},{"type":"Feature","properties":{"warstwa":"dzialki"},"geometry":{"type":"MultiPolygon","coordinates":[[[[19.943726,49.838192],[19.943675,49.83855],[19.94366,49.839015],[19.943651,49.839273],[19.943647,49.839395],[19.943655,49.839495],[19.943662,49.839584],[19.943755,49.839878],[19.944127,49.841073],[19.944175,49.841053],[19.943753,49.839592],[19.943718,49.839396],[19.943722,49.83928],[19.943729,49.839105],[19.943726,49.838908],[19.943737,49.838608],[19.943749,49.838449],[19.943781,49.838197],[19.943726,49.838192]]]]}},{"type":"Feature","properties":{"warstwa":"dzialki"},"geometry":{"type":"MultiPolygon","coordinates":[[[[19.950749,49.834107],[19.950228,49.833966],[19.949903,49.833874],[19.949512,49.833765],[19.949452,49.834031],[19.950734,49.834329],[19.950749,49.834107]]]]}},{"type":"Feature","properties":{"warstwa":"dzialki"},"geometry":{"type":"MultiPolygon","coordinates":[[[[19.942134,49.841941],[19.942143,49.841961],[19.942145,49.841966],[19.942157,49.841995],[19.942165,49.842011],[19.942294,49.842348],[19.942329,49.842441],[19.942405,49.842679],[19.942435,49.842786],[19.942477,49.842937],[19.942577,49.842963],[19.942589,49.842966],[19.942532,49.842765],[19.942503,49.842666],[19.94243,49.842431],[19.942413,49.842381],[19.94236,49.84223],[19.942274,49.841974],[19.942263,49.84196],[19.942237,49.841928],[19.942233,49.841923],[19.942224,49.841908],[19.942221,49.841902],[19.942205,49.841864],[19.942106,49.84187],[19.942132,49.841936],[19.942134,49.841941]]]]}},{"type":"Feature","properties":{"warstwa":"dzialki"},"geometry":{"type":"MultiPolygon","coordinates":[[[[19.945688,49.826773],[19.946055,49.826465],[19.945745,49.826347],[19.945635,49.826816],[19.945685,49.826826],[19.945688,49.826773]]]]}},{"type":"Feature","properties":{"warstwa":"dzialki"},"geometry":{"type":"MultiPolygon","coordinates":[[[[19.944103,49.83932],[19.944102,49.839392],[19.944116,49.839552],[19.944476,49.840801],[19.944518,49.840935],[19.944589,49.840899],[19.944551,49.840786],[19.944545,49.840767],[19.944275,49.839929],[19.944252,49.839834],[19.944228,49.839732],[19.944201,49.839545],[19.944195,49.839329],[19.944189,49.839112],[19.944186,49.83874],[19.944108,49.838744],[19.944103,49.839262],[19.944103,49.83932]]]]}},{"type":"Feature","properties":{"warstwa":"dzialki"},"geometry":{"type":"MultiPolygon","coordinates":[[[[19.942565,49.84266],[19.942588,49.842754],[19.942643,49.842981],[19.942715,49.842999],[19.942651,49.842741],[19.942644,49.842714],[19.942546,49.842419],[19.942377,49.841937],[19.942352,49.841881],[19.94235,49.841876],[19.942346,49.841864],[19.942343,49.841857],[19.942267,49.841861],[19.942277,49.841884],[19.942279,49.841888],[19.942288,49.841902],[19.94229,49.841907],[19.942319,49.841957],[19.942474,49.842398],[19.942484,49.842429],[19.942565,49.84266]]]]}},{"type":"Feature","properties":{"warstwa":"dzialki"},"geometry":{"type":"MultiPolygon","coordinates":[[[[19.945404,49.839986],[19.945453,49.840272],[19.945571,49.840159],[19.945706,49.84003],[19.945696,49.839971],[19.945692,49.839947],[19.945686,49.839906],[19.945668,49.839679],[19.945699,49.839678],[19.945693,49.839612],[19.945631,49.839613],[19.945624,49.83946],[19.945507,49.839456],[19.94545,49.839454],[19.945449,49.839465],[19.945336,49.839467],[19.945345,49.839646],[19.945404,49.839986]]]]}},{"type":"Feature","properties":{"warstwa":"dzialki"},"geometry":{"type":"MultiPolygon","coordinates":[[[[19.945017,49.839839],[19.945022,49.839879],[19.945058,49.840095],[19.945062,49.840111],[19.945168,49.840523],[19.94517,49.840531],[19.945175,49.840527],[19.94535,49.84037],[19.945266,49.839969],[19.945253,49.839937],[19.945245,49.839868],[19.94522,49.839652],[19.945218,49.839462],[19.944969,49.839444],[19.944988,49.839597],[19.945017,49.839839]]]]}},{"type":"Feature","properties":{"warstwa":"dzialki"},"geometry":{"type":"MultiPolygon","coordinates":[[[[19.94587,49.827056],[19.946449,49.826986],[19.946533,49.826976],[19.946535,49.826983],[19.946587,49.826976],[19.946592,49.82701],[19.946739,49.826991],[19.946714,49.826892],[19.946515,49.826917],[19.946431,49.826926],[19.94588,49.826987],[19.94556,49.826905],[19.945069,49.826846],[19.945738,49.827022],[19.94587,49.827056]]]]}},{"type":"Feature","properties":{"warstwa":"dzialki"},"geometry":{"type":"MultiPolygon","coordinates":[[[[19.950515,49.828562],[19.950183,49.828537],[19.950136,49.828848],[19.950091,49.829156],[19.950552,49.829202],[19.950515,49.828562]]]]}},{"type":"Feature","properties":{"warstwa":"dzialki"},"geometry":{"type":"MultiPolygon","coordinates":[[[[19.943532,49.839972],[19.943901,49.841174],[19.944099,49.841102],[19.943705,49.839897],[19.943598,49.839573],[19.9436,49.839394],[19.943607,49.839268],[19.943622,49.838982],[19.943639,49.838549],[19.943671,49.838187],[19.943577,49.838177],[19.943548,49.83836],[19.943546,49.838383],[19.943531,49.838545],[19.943513,49.838751],[19.94349,49.839256],[19.943477,49.839558],[19.943474,49.839796],[19.943532,49.839972]]]]}},{"type":"Feature","properties":{"warstwa":"dzialki"},"geometry":{"type":"MultiPolygon","coordinates":[[[[19.942233,49.841923],[19.942237,49.841928],[19.942263,49.84196],[19.942274,49.841974],[19.94236,49.84223],[19.942413,49.842381],[19.94243,49.842431],[19.942503,49.842666],[19.942532,49.842765],[19.942589,49.842966],[19.942643,49.842981],[19.942588,49.842754],[19.942565,49.84266],[19.942484,49.842429],[19.942474,49.842398],[19.942319,49.841957],[19.94229,49.841907],[19.942288,49.841902],[19.942279,49.841888],[19.942277,49.841884],[19.942267,49.841861],[19.942205,49.841864],[19.942221,49.841902],[19.942224,49.841908],[19.942233,49.841923]]]]}},{"type":"Feature","properties":{"warstwa":"dzialki"},"geometry":{"type":"MultiPolygon","coordinates":[[[[19.944306,49.840848],[19.944342,49.840978],[19.944398,49.840955],[19.944367,49.840842],[19.944009,49.839562],[19.943989,49.839265],[19.943975,49.838839],[19.943935,49.83884],[19.943938,49.838943],[19.943909,49.839212],[19.94393,49.83957],[19.944306,49.840848]]]]}},{"type":"Feature","properties":{"warstwa":"dzialki"},"geometry":{"type":"MultiPolygon","coordinates":[[[[19.946717,49.826773],[19.946753,49.826789],[19.946861,49.826831],[19.946892,49.826843],[19.947305,49.826798],[19.947745,49.826706],[19.947505,49.82661],[19.947149,49.826464],[19.94683,49.826316],[19.94641,49.826153],[19.946723,49.826535],[19.946717,49.826773]]]]}},{"type":"Feature","properties":{"warstwa":"dzialki"},"geometry":{"type":"MultiPolygon","coordinates":[[[[19.935647,49.841889],[19.935665,49.841997],[19.935686,49.84212],[19.935991,49.842102],[19.93599,49.842095],[19.935925,49.841746],[19.935858,49.84143],[19.935574,49.841449],[19.935634,49.841778],[19.935647,49.841889]]]]}},{"type":"Feature","properties":{"warstwa":"dzialki"},"geometry":{"type":"MultiPolygon","coordinates":[[[[19.950832,49.829223],[19.950903,49.82923],[19.950906,49.829207],[19.95083,49.828695],[19.950759,49.828628],[19.950738,49.828614],[19.950813,49.829221],[19.950832,49.829223]]]]}},{"type":"Feature","properties":{"warstwa":"dzialki"},"geometry":{"type":"MultiPolygon","coordinates":[[[[19.94522,49.839652],[19.945245,49.839868],[19.945253,49.839937],[19.945266,49.839969],[19.94535,49.84037],[19.945453,49.840272],[19.945404,49.839986],[19.945345,49.839646],[19.945336,49.839467],[19.945369,49.839094],[19.945472,49.839095],[19.945485,49.839011],[19.94549,49.838982],[19.945353,49.838972],[19.945354,49.838961],[19.945289,49.838958],[19.945244,49.838955],[19.945228,49.839082],[19.945226,49.839099],[19.945218,49.839462],[19.94522,49.839652]]]]}},{"type":"Feature","properties":{"warstwa":"dzialki"},"geometry":{"type":"MultiPolygon","coordinates":[[[[19.951297,49.830614],[19.9514,49.830285],[19.951414,49.830239],[19.951419,49.830215],[19.95117,49.830188],[19.951092,49.830518],[19.951038,49.830687],[19.951037,49.830691],[19.951252,49.830713],[19.951297,49.830614]]]]}},{"type":"Feature","properties":{"warstwa":"dzialki"},"geometry":{"type":"MultiPolygon","coordinates":[[[[19.944426,49.839195],[19.944436,49.839383],[19.944464,49.839921],[19.94454,49.84014],[19.944762,49.84081],[19.944925,49.840707],[19.944782,49.840194],[19.944611,49.840207],[19.944521,49.839943],[19.944499,49.839823],[19.94446,49.83947],[19.944468,49.839392],[19.944488,49.83922],[19.944668,49.839085],[19.944425,49.839135],[19.944426,49.839194],[19.944426,49.839195]]]]}},{"type":"Feature","properties":{"warstwa":"dzialki"},"geometry":{"type":"MultiPolygon","coordinates":[[[[19.947403,49.827078],[19.947075,49.827149],[19.947077,49.827157],[19.94686,49.827182],[19.946728,49.827199],[19.946725,49.82719],[19.946723,49.827185],[19.946731,49.827167],[19.946723,49.827141],[19.946641,49.827151],[19.94664,49.827148],[19.946637,49.827137],[19.946613,49.827055],[19.946605,49.827052],[19.946592,49.82701],[19.946587,49.826976],[19.946535,49.826983],[19.946533,49.826976],[19.946449,49.826986],[19.94587,49.827056],[19.945911,49.827774],[19.946295,49.827727],[19.946332,49.827804],[19.946382,49.8278],[19.946383,49.827837],[19.946622,49.827781],[19.947155,49.827642],[19.947204,49.82763],[19.947637,49.827529],[19.94761,49.827477],[19.947403,49.827078]]]]}},{"type":"Feature","properties":{"warstwa":"dzialki"},"geometry":{"type":"MultiPolygon","coordinates":[[[[19.946721,49.838928],[19.946621,49.839055],[19.946542,49.839136],[19.946489,49.839151],[19.946419,49.839157],[19.94632,49.839156],[19.946268,49.839374],[19.946284,49.839397],[19.946281,49.839436],[19.946253,49.839458],[19.946248,49.839576],[19.946521,49.839321],[19.946721,49.838928]]]]}},{"type":"Feature","properties":{"warstwa":"dzialki"},"geometry":{"type":"MultiPolygon","coordinates":[[[[19.943749,49.838449],[19.943737,49.838608],[19.943726,49.838908],[19.943729,49.839105],[19.943722,49.83928],[19.943718,49.839396],[19.943753,49.839592],[19.944175,49.841053],[19.94418,49.841072],[19.944244,49.84105],[19.943825,49.839589],[19.9438,49.839389],[19.943803,49.839288],[19.943806,49.839197],[19.943807,49.839105],[19.943802,49.838945],[19.943798,49.838846],[19.943801,49.838618],[19.94381,49.838423],[19.943847,49.838188],[19.943781,49.838197],[19.943749,49.838449]]]]}},{"type":"Feature","properties":{"warstwa":"dzialki"},"geometry":{"type":"MultiPolygon","coordinates":[[[[19.944244,49.84105],[19.944352,49.841012],[19.944342,49.840978],[19.944306,49.840848],[19.94393,49.83957],[19.943909,49.839212],[19.943806,49.839197],[19.943803,49.839288],[19.9438,49.839389],[19.943825,49.839589],[19.944244,49.84105]]]]}},{"type":"Feature","properties":{"warstwa":"dzialki"},"geometry":{"type":"MultiPolygon","coordinates":[[[[19.941956,49.841992],[19.941967,49.842017],[19.941993,49.842073],[19.942113,49.84238],[19.942146,49.842465],[19.942253,49.842827],[19.94227,49.842884],[19.942437,49.842927],[19.942394,49.842795],[19.942357,49.842686],[19.942285,49.842448],[19.94224,49.842333],[19.942122,49.842025],[19.942111,49.842012],[19.942093,49.841988],[19.942089,49.841983],[19.942078,49.841961],[19.942076,49.841957],[19.942043,49.841874],[19.941915,49.841881],[19.941909,49.841882],[19.941954,49.841988],[19.941956,49.841992]]]]}},{"type":"Feature","properties":{"warstwa":"dzialki"},"geometry":{"type":"MultiPolygon","coordinates":[[[[19.941661,49.842042],[19.941667,49.842056],[19.941675,49.842078],[19.941694,49.842129],[19.941828,49.842485],[19.941831,49.842494],[19.941922,49.842789],[19.941922,49.842803],[19.942076,49.842835],[19.942141,49.842852],[19.94227,49.842884],[19.942253,49.842827],[19.942146,49.842465],[19.942113,49.84238],[19.941993,49.842073],[19.941967,49.842017],[19.941956,49.841992],[19.941954,49.841988],[19.941909,49.841882],[19.941619,49.841921],[19.941646,49.842],[19.941661,49.842042]]]]}},{"type":"Feature","properties":{"warstwa":"dzialki"},"geometry":{"type":"MultiPolygon","coordinates":[[[[19.94545,49.826281],[19.945144,49.8262],[19.945089,49.826522],[19.94505,49.826687],[19.94535,49.826758],[19.94545,49.826281]]]]}},{"type":"Feature","properties":{"warstwa":"dzialki"},"geometry":{"type":"MultiPolygon","coordinates":[[[[19.944729,49.826272],[19.944701,49.82627],[19.944408,49.826248],[19.944404,49.82627],[19.944349,49.82652],[19.944671,49.826592],[19.944729,49.826272]]]]}},{"type":"Feature","properties":{"warstwa":"dzialki"},"geometry":{"type":"MultiPolygon","coordinates":[[[[19.948799,49.828083],[19.948842,49.827859],[19.948854,49.827814],[19.948889,49.827685],[19.948566,49.827551],[19.948397,49.827481],[19.948337,49.828056],[19.94843,49.828061],[19.948799,49.828083]]]]}},{"type":"Feature","properties":{"warstwa":"dzialki"},"geometry":{"type":"MultiPolygon","coordinates":[[[[19.946504,49.82688],[19.946735,49.826848],[19.946736,49.826792],[19.94634,49.826851],[19.945729,49.826861],[19.94571,49.826914],[19.946339,49.826901],[19.946504,49.82688]]]]}},{"type":"Feature","properties":{"warstwa":"dzialki"},"geometry":{"type":"MultiPolygon","coordinates":[[[[19.942434,49.841918],[19.942597,49.842414],[19.942603,49.84243],[19.942699,49.842717],[19.942703,49.84273],[19.942786,49.843016],[19.942843,49.843032],[19.942938,49.843052],[19.943035,49.843101],[19.943021,49.843049],[19.942974,49.842877],[19.942911,49.842687],[19.942848,49.842496],[19.942844,49.842484],[19.942816,49.842395],[19.942657,49.841889],[19.942642,49.841843],[19.94242,49.841853],[19.942404,49.841854],[19.942406,49.841859],[19.942434,49.841918]]]]}},{"type":"Feature","properties":{"warstwa":"dzialki"},"geometry":{"type":"MultiPolygon","coordinates":[[[[19.945144,49.8262],[19.94545,49.826281],[19.945745,49.826347],[19.946055,49.826465],[19.946454,49.82665],[19.946717,49.826773],[19.946723,49.826535],[19.94641,49.826153],[19.944818,49.826052],[19.944811,49.826093],[19.944805,49.826122],[19.944971,49.82616],[19.945144,49.8262]]]]}},{"type":"Feature","properties":{"warstwa":"dzialki"},"geometry":{"type":"MultiPolygon","coordinates":[[[[19.936734,49.842044],[19.936835,49.842036],[19.936951,49.84202],[19.936819,49.841351],[19.936808,49.841295],[19.936756,49.841034],[19.936754,49.841027],[19.936538,49.841041],[19.936606,49.841372],[19.936734,49.842044]]]]}},{"type":"Feature","properties":{"warstwa":"dzialki"},"geometry":{"type":"MultiPolygon","coordinates":[[[[19.93331,49.842736],[19.933521,49.84272],[19.933747,49.842703],[19.933816,49.842697],[19.933864,49.842692],[19.934009,49.842701],[19.934118,49.842707],[19.934318,49.842718],[19.934415,49.842724],[19.934641,49.842736],[19.934653,49.842737],[19.934746,49.842741],[19.934854,49.842746],[19.935061,49.842755],[19.935284,49.842764],[19.935542,49.842731],[19.935788,49.842699],[19.935879,49.842688],[19.936086,49.842666],[19.936303,49.842644],[19.936313,49.842642],[19.936539,49.842617],[19.936841,49.842582],[19.936867,49.84258],[19.937058,49.842544],[19.937446,49.842476],[19.937504,49.842465],[19.937573,49.842454],[19.937705,49.84243],[19.937763,49.842419],[19.937771,49.842419],[19.93836,49.842361],[19.938382,49.842358],[19.938703,49.842302],[19.938828,49.842471],[19.938869,49.84246],[19.93883,49.842385],[19.938771,49.842288],[19.938823,49.84228],[19.938963,49.842254],[19.939002,49.842247],[19.939194,49.842222],[19.939284,49.842208],[19.939386,49.842192],[19.939486,49.842177],[19.939513,49.842172],[19.939681,49.842156],[19.939808,49.842144],[19.939892,49.842136],[19.939888,49.842366],[19.939887,49.84238],[19.939995,49.842547],[19.940044,49.842578],[19.940118,49.842627],[19.940293,49.842694],[19.940372,49.842724],[19.940404,49.842736],[19.940421,49.842736],[19.940771,49.842731],[19.940874,49.842729],[19.940888,49.842728],[19.941282,49.842801],[19.941344,49.842811],[19.941352,49.842813],[19.941879,49.842975],[19.941922,49.842803],[19.941639,49.842674],[19.941622,49.842598],[19.941611,49.842565],[19.941477,49.84217],[19.941452,49.842116],[19.941442,49.842095],[19.941378,49.841954],[19.941619,49.841921],[19.941909,49.841882],[19.941915,49.841881],[19.942043,49.841874],[19.942106,49.84187],[19.942205,49.841864],[19.942267,49.841861],[19.942343,49.841857],[19.942368,49.841855],[19.942404,49.841854],[19.94242,49.841853],[19.942642,49.841843],[19.942674,49.841842],[19.942863,49.841822],[19.943003,49.841808],[19.943128,49.841793],[19.943311,49.841774],[19.943461,49.841759],[19.943575,49.841722],[19.943583,49.84172],[19.943778,49.841663],[19.943805,49.841653],[19.94405,49.841594],[19.944157,49.841568],[19.944239,49.841547],[19.944284,49.841537],[19.944335,49.841525],[19.944354,49.84152],[19.944401,49.841503],[19.944507,49.841466],[19.944568,49.841404],[19.944671,49.841407],[19.944718,49.841392],[19.944779,49.841488],[19.944925,49.841719],[19.944985,49.841713],[19.945002,49.841711],[19.944975,49.84164],[19.945051,49.841628],[19.945027,49.841355],[19.945114,49.841256],[19.945199,49.841162],[19.945312,49.84107],[19.945319,49.841066],[19.945463,49.840969],[19.945496,49.840947],[19.945527,49.841107],[19.94556,49.841101],[19.945658,49.841083],[19.945596,49.840891],[19.945689,49.840787],[19.945715,49.840758],[19.945735,49.840738],[19.94583,49.840632],[19.945999,49.840445],[19.946014,49.84043],[19.946265,49.840161],[19.946286,49.840138],[19.946369,49.840047],[19.946477,49.839961],[19.946584,49.839875],[19.946693,49.83979],[19.946711,49.839777],[19.946789,49.839665],[19.946898,49.83951],[19.946945,49.839444],[19.94705,49.839371],[19.947185,49.839326],[19.947221,49.839307],[19.947549,49.838963],[19.947678,49.838966],[19.947749,49.838969],[19.947801,49.83888],[19.948088,49.838444],[19.948229,49.838264],[19.948304,49.838181],[19.948442,49.838019],[19.948498,49.837972],[19.948588,49.837876],[19.948724,49.83773],[19.948768,49.837663],[19.948808,49.837613],[19.948928,49.837464],[19.949078,49.83719],[19.949242,49.836835],[19.949405,49.836488],[19.94952,49.83632],[19.949614,49.836246],[19.949683,49.836193],[19.949903,49.835897],[19.950098,49.835585],[19.950215,49.835328],[19.950297,49.835148],[19.950476,49.834778],[19.950404,49.834746],[19.95041,49.834744],[19.950464,49.834645],[19.950491,49.834598],[19.950559,49.834482],[19.950567,49.834468],[19.950639,49.834354],[19.950734,49.834329],[19.949452,49.834031],[19.949374,49.83425],[19.949376,49.834357],[19.949373,49.834401],[19.94937,49.834438],[19.949251,49.834703],[19.949135,49.835052],[19.949021,49.835402],[19.948917,49.835736],[19.948905,49.835773],[19.948924,49.836115],[19.948837,49.8364],[19.948686,49.836743],[19.948589,49.836924],[19.948427,49.836895],[19.948419,49.83691],[19.948389,49.836978],[19.94828,49.83721],[19.948175,49.837429],[19.948144,49.837494],[19.948008,49.837704],[19.947663,49.837897],[19.947543,49.838058],[19.947459,49.83817],[19.947433,49.838207],[19.947353,49.838315],[19.947327,49.838351],[19.947134,49.838589],[19.947067,49.838645],[19.946721,49.838928],[19.946521,49.839321],[19.946248,49.839576],[19.946239,49.839584],[19.946211,49.839618],[19.946075,49.839784],[19.945914,49.839779],[19.94588,49.839862],[19.945851,49.83989],[19.945771,49.839967],[19.945765,49.839973],[19.945726,49.840011],[19.945706,49.84003],[19.945571,49.840159],[19.945453,49.840272],[19.94535,49.84037],[19.945175,49.840527],[19.94517,49.840531],[19.945167,49.840534],[19.945026,49.840644],[19.944925,49.840707],[19.944762,49.84081],[19.944713,49.840835],[19.944686,49.840849],[19.944589,49.840899],[19.944518,49.840935],[19.944413,49.84099],[19.944408,49.840993],[19.944352,49.841012],[19.944244,49.84105],[19.94418,49.841072],[19.944132,49.841089],[19.944099,49.841102],[19.943901,49.841174],[19.943443,49.841278],[19.943199,49.84132],[19.942982,49.841361],[19.942798,49.841397],[19.942546,49.841451],[19.942475,49.841464],[19.942397,49.84147],[19.942241,49.84148],[19.942181,49.841484],[19.942116,49.841489],[19.942058,49.841493],[19.941966,49.8415],[19.941906,49.841504],[19.941766,49.841514],[19.941493,49.841556],[19.94113,49.841611],[19.941148,49.841402],[19.940779,49.841375],[19.940655,49.841557],[19.940055,49.841702],[19.939574,49.841775],[19.939074,49.841844],[19.938599,49.841911],[19.937917,49.842014],[19.937478,49.842061],[19.936864,49.842142],[19.936281,49.842203],[19.935454,49.842259],[19.934828,49.842287],[19.934134,49.842322],[19.933476,49.842356],[19.933204,49.84237],[19.933242,49.842728],[19.93331,49.842736]]]]}},{"type":"Feature","properties":{"warstwa":"dzialki"},"geometry":{"type":"MultiPolygon","coordinates":[[[[19.946515,49.826917],[19.946714,49.826892],[19.946739,49.826991],[19.946592,49.82701],[19.946605,49.827052],[19.946613,49.827055],[19.946637,49.827137],[19.94664,49.827148],[19.946641,49.827151],[19.946723,49.827141],[19.946731,49.827167],[19.946723,49.827185],[19.946725,49.82719],[19.946728,49.827199],[19.94686,49.827182],[19.947077,49.827157],[19.947075,49.827149],[19.947403,49.827078],[19.947389,49.827046],[19.947266,49.826988],[19.947096,49.826922],[19.946892,49.826843],[19.946861,49.826831],[19.946735,49.826848],[19.946504,49.82688],[19.946509,49.826896],[19.946515,49.826917]]]]}},{"type":"Feature","properties":{"warstwa":"dzialki"},"geometry":{"type":"MultiPolygon","coordinates":[[[[19.947389,49.827046],[19.947651,49.827173],[19.947853,49.827256],[19.947914,49.827282],[19.948124,49.827368],[19.948185,49.827393],[19.948316,49.827447],[19.948397,49.827481],[19.948566,49.827551],[19.948889,49.827685],[19.949081,49.827765],[19.949258,49.827841],[19.949771,49.828059],[19.949775,49.828061],[19.949787,49.828067],[19.950246,49.828287],[19.950516,49.828462],[19.95063,49.82854],[19.950708,49.828594],[19.950738,49.828614],[19.950759,49.828628],[19.95083,49.828695],[19.950931,49.828791],[19.951117,49.828989],[19.951191,49.829108],[19.951195,49.829115],[19.951228,49.829168],[19.951359,49.82944],[19.951458,49.829683],[19.951465,49.829984],[19.951466,49.83004],[19.951446,49.830114],[19.951419,49.830215],[19.951414,49.830239],[19.9514,49.830285],[19.951297,49.830614],[19.951252,49.830713],[19.951203,49.83082],[19.951165,49.830903],[19.951147,49.830949],[19.951128,49.830996],[19.951116,49.831016],[19.950982,49.83123],[19.950897,49.831367],[19.950869,49.831412],[19.950789,49.831535],[19.950683,49.831698],[19.950644,49.831759],[19.950583,49.831861],[19.950487,49.832025],[19.950449,49.832089],[19.950397,49.832185],[19.950305,49.832353],[19.950257,49.832447],[19.950215,49.832519],[19.950114,49.832677],[19.95006,49.832769],[19.949997,49.832865],[19.949955,49.832927],[19.949826,49.833128],[19.949797,49.833173],[19.9497,49.833322],[19.949583,49.83349],[19.949543,49.833631],[19.950373,49.833866],[19.950767,49.833974],[19.950783,49.833826],[19.950765,49.833775],[19.950826,49.833686],[19.951129,49.83322],[19.950974,49.833188],[19.95109,49.832754],[19.951202,49.832482],[19.951129,49.832466],[19.95135,49.831898],[19.951442,49.831652],[19.951507,49.831515],[19.951559,49.831341],[19.951637,49.831084],[19.95181,49.830691],[19.951817,49.830668],[19.95195,49.830262],[19.951968,49.830207],[19.951966,49.830171],[19.951976,49.829992],[19.951978,49.829685],[19.951867,49.829351],[19.951841,49.829291],[19.951734,49.829046],[19.95161,49.828865],[19.951573,49.828811],[19.951504,49.828732],[19.951383,49.82859],[19.951364,49.828566],[19.951226,49.828414],[19.951121,49.828298],[19.951091,49.828282],[19.950805,49.828136],[19.950766,49.828117],[19.950657,49.828062],[19.950489,49.827977],[19.950445,49.827955],[19.950212,49.827834],[19.949842,49.827702],[19.949338,49.827501],[19.94931,49.827489],[19.948905,49.827305],[19.948892,49.82729],[19.947237,49.8269],[19.947096,49.826922],[19.947266,49.826988],[19.947389,49.827046]]]]}},{"type":"Feature","properties":{"warstwa":"dzialki"},"geometry":{"type":"MultiPolygon","coordinates":[[[[19.944182,49.828381],[19.944444,49.828334],[19.944768,49.82825],[19.945409,49.828083],[19.945518,49.828055],[19.945669,49.828018],[19.946027,49.827992],[19.946244,49.827982],[19.94636,49.827974],[19.947401,49.827688],[19.947422,49.827683],[19.947577,49.827647],[19.947808,49.827592],[19.948113,49.827527],[19.948179,49.82751],[19.948219,49.827487],[19.94825,49.827474],[19.948316,49.827447],[19.948185,49.827393],[19.948146,49.827405],[19.948032,49.827438],[19.948011,49.827443],[19.947969,49.827454],[19.947706,49.827514],[19.947637,49.827529],[19.947204,49.82763],[19.947155,49.827642],[19.946622,49.827781],[19.946383,49.827837],[19.946382,49.8278],[19.946332,49.827804],[19.946171,49.827818],[19.946176,49.827844],[19.946073,49.82785],[19.946073,49.82783],[19.945915,49.827844],[19.945753,49.827859],[19.945249,49.82798],[19.945088,49.828027],[19.944531,49.828189],[19.944259,49.828243],[19.944181,49.828264],[19.944176,49.828265],[19.944111,49.828284],[19.943965,49.828327],[19.943778,49.828381],[19.943643,49.828424],[19.943661,49.828476],[19.944182,49.828381]]]]}},{"type":"Feature","properties":{"warstwa":"dzialki"},"geometry":{"type":"MultiPolygon","coordinates":[[[[19.943871,49.833133],[19.943982,49.833104],[19.944067,49.833073],[19.944231,49.833011],[19.94464,49.832855],[19.944721,49.832834],[19.944816,49.832817],[19.94507,49.832828],[19.945166,49.832852],[19.946037,49.833049],[19.946656,49.833151],[19.947166,49.833244],[19.94767,49.833333],[19.948445,49.833475],[19.948959,49.833615],[19.94905,49.833635],[19.949512,49.833765],[19.949903,49.833874],[19.950228,49.833966],[19.950749,49.834107],[19.950767,49.833974],[19.950373,49.833866],[19.949543,49.833631],[19.949024,49.833476],[19.948811,49.833418],[19.948449,49.833336],[19.947589,49.83317],[19.946993,49.833069],[19.946107,49.832899],[19.945379,49.83277],[19.945314,49.832758],[19.945278,49.832756],[19.945245,49.832762],[19.945224,49.83278],[19.945127,49.832753],[19.944989,49.832741],[19.944957,49.832738],[19.944827,49.832742],[19.944747,49.83275],[19.94467,49.832766],[19.944625,49.832779],[19.944214,49.832932],[19.943822,49.833068],[19.943619,49.833103],[19.943281,49.833089],[19.943017,49.833049],[19.942938,49.833037],[19.942902,49.833032],[19.94274,49.833017],[19.942631,49.833001],[19.942552,49.832991],[19.942454,49.832988],[19.942357,49.832992],[19.942268,49.833004],[19.942208,49.833017],[19.942159,49.833029],[19.942108,49.833047],[19.941776,49.833174],[19.941703,49.8332],[19.941586,49.833229],[19.941485,49.833248],[19.941392,49.833259],[19.941076,49.833274],[19.940943,49.83328],[19.940623,49.83329],[19.940585,49.833292],[19.940475,49.833297],[19.939984,49.83332],[19.939664,49.833334],[19.939488,49.833341],[19.939414,49.833337],[19.939339,49.833322],[19.939274,49.833299],[19.939221,49.83327],[19.939173,49.833231],[19.939112,49.833171],[19.93907,49.833136],[19.939016,49.833103],[19.938954,49.833068],[19.938882,49.833037],[19.938804,49.833012],[19.93865,49.832991],[19.938577,49.832997],[19.938478,49.833002],[19.93841,49.833012],[19.938353,49.833026],[19.938284,49.833045],[19.938065,49.833118],[19.937745,49.833223],[19.937502,49.833303],[19.937404,49.833338],[19.937315,49.833367],[19.9372,49.833391],[19.937106,49.833404],[19.936966,49.833418],[19.936872,49.833423],[19.936775,49.833423],[19.936674,49.833417],[19.936542,49.833404],[19.936408,49.833394],[19.935984,49.83336],[19.935635,49.833332],[19.935427,49.833315],[19.935399,49.833313],[19.935173,49.833295],[19.935156,49.833293],[19.935049,49.833285],[19.934974,49.833279],[19.934942,49.833276],[19.93483,49.833267],[19.934657,49.833254],[19.934515,49.833242],[19.934475,49.833239],[19.934278,49.833224],[19.934058,49.833207],[19.933956,49.833199],[19.933942,49.833198],[19.93331,49.833148],[19.933133,49.833132],[19.932937,49.833131],[19.932736,49.833141],[19.93273,49.833142],[19.93266,49.833151],[19.932653,49.833152],[19.932359,49.833193],[19.931928,49.833253],[19.931729,49.83328],[19.931574,49.833302],[19.931389,49.833328],[19.931227,49.833351],[19.931133,49.833354],[19.931116,49.833356],[19.930687,49.833393],[19.930547,49.833391],[19.930344,49.833382],[19.930165,49.833362],[19.929933,49.833342],[19.929839,49.833336],[19.92974,49.833333],[19.929537,49.83333],[19.929404,49.833334],[19.929251,49.833342],[19.929038,49.833352],[19.928986,49.833356],[19.928947,49.833359],[19.928935,49.833359],[19.928912,49.83336],[19.928787,49.833367],[19.928726,49.833371],[19.928716,49.833372],[19.9283,49.833394],[19.928072,49.833406],[19.928057,49.833407],[19.927847,49.833419],[19.927838,49.833419],[19.927794,49.833422],[19.927602,49.833423],[19.927478,49.833424],[19.927328,49.83343],[19.927218,49.833426],[19.927202,49.833424],[19.92706,49.833412],[19.927014,49.833403],[19.926892,49.83339],[19.926741,49.83337],[19.92656,49.833345],[19.926319,49.833313],[19.926294,49.833309],[19.926123,49.833286],[19.925865,49.83325],[19.925852,49.833248],[19.92567,49.833222],[19.925446,49.833189],[19.925328,49.833172],[19.925185,49.833152],[19.92506,49.833135],[19.92499,49.833125],[19.924843,49.833104],[19.924716,49.833086],[19.92453,49.833059],[19.92437,49.833036],[19.924246,49.833019],[19.924199,49.833013],[19.923955,49.832977],[19.923757,49.832949],[19.923646,49.832932],[19.923556,49.832919],[19.923428,49.832898],[19.923336,49.832883],[19.923322,49.832881],[19.923279,49.832874],[19.923052,49.832822],[19.923032,49.832816],[19.922925,49.832783],[19.922856,49.832764],[19.92278,49.832747],[19.922656,49.832732],[19.922498,49.832728],[19.92235,49.832738],[19.922297,49.832743],[19.92224,49.832754],[19.922081,49.832781],[19.921936,49.832812],[19.921822,49.832843],[19.921596,49.832909],[19.921425,49.832956],[19.921366,49.832972],[19.921335,49.832981],[19.921174,49.833025],[19.921051,49.833026],[19.920871,49.833028],[19.920852,49.833027],[19.92078,49.833019],[19.920485,49.832963],[19.920329,49.832935],[19.920181,49.832903],[19.920031,49.832867],[19.91994,49.832849],[19.919724,49.832808],[19.919617,49.832788],[19.919434,49.832755],[19.919239,49.832723],[19.919109,49.832703],[19.91898,49.832683],[19.918896,49.832672],[19.918826,49.832664],[19.918759,49.832657],[19.91873,49.832649],[19.918634,49.832646],[19.918411,49.83263],[19.918392,49.832629],[19.918211,49.832622],[19.917793,49.832613],[19.917657,49.832588],[19.917518,49.832591],[19.917535,49.832551],[19.916896,49.832535],[19.916843,49.832534],[19.916782,49.832532],[19.916528,49.832499],[19.916353,49.832462],[19.916124,49.832414],[19.915995,49.832377],[19.915986,49.832375],[19.915891,49.832349],[19.915843,49.832336],[19.915575,49.832264],[19.915321,49.832232],[19.91529,49.832228],[19.915089,49.832189],[19.915047,49.832182],[19.914986,49.832174],[19.914928,49.832166],[19.914697,49.832144],[19.914449,49.832032],[19.914375,49.831999],[19.914093,49.831835],[19.91401,49.831803],[19.913651,49.831699],[19.913178,49.831584],[19.912844,49.831521],[19.912637,49.831507],[19.912345,49.831433],[19.911732,49.83135],[19.911517,49.831328],[19.911364,49.831379],[19.911265,49.831375],[19.911082,49.831407],[19.910832,49.831418],[19.910434,49.831434],[19.910256,49.831397],[19.910142,49.831374],[19.910006,49.831346],[19.909887,49.831321],[19.909871,49.831319],[19.909548,49.831225],[19.909509,49.831221],[19.908827,49.831156],[19.9087,49.831144],[19.908628,49.831145],[19.908276,49.831147],[19.907997,49.831149],[19.907942,49.831148],[19.907866,49.831145],[19.907269,49.831128],[19.907252,49.831116],[19.907122,49.831019],[19.907011,49.830935],[19.906883,49.830838],[19.906858,49.830819],[19.906774,49.830757],[19.906737,49.830704],[19.906631,49.830551],[19.906487,49.830317],[19.906327,49.830215],[19.906048,49.830032],[19.905825,49.830035],[19.905613,49.830043],[19.905426,49.830044],[19.905274,49.830046],[19.905121,49.830049],[19.904992,49.830091],[19.904914,49.830119],[19.904754,49.830168],[19.904716,49.830177],[19.904545,49.830226],[19.904371,49.830272],[19.904282,49.830295],[19.903799,49.830507],[19.90347,49.830422],[19.90312,49.830049],[19.903103,49.830044],[19.903024,49.830016],[19.903007,49.83001],[19.902568,49.82985],[19.902555,49.829848],[19.902392,49.829823],[19.902271,49.829804],[19.902248,49.829807],[19.902214,49.829811],[19.90203,49.829832],[19.901936,49.829839],[19.901723,49.830027],[19.902058,49.830063],[19.902329,49.830083],[19.902538,49.830069],[19.902658,49.830088],[19.902794,49.830125],[19.903022,49.830279],[19.903353,49.830523],[19.903616,49.830678],[19.903861,49.83069],[19.904098,49.83065],[19.904096,49.830634],[19.904255,49.830565],[19.904317,49.830501],[19.904377,49.83044],[19.904412,49.830405],[19.904546,49.830342],[19.904614,49.83031],[19.904684,49.830294],[19.904795,49.83029],[19.90482,49.830288],[19.905116,49.830272],[19.905125,49.830273],[19.905538,49.830263],[19.905669,49.830266],[19.905789,49.83027],[19.906099,49.830301],[19.906344,49.830607],[19.906427,49.830706],[19.906533,49.830839],[19.906507,49.830866],[19.906518,49.83087],[19.906577,49.8309],[19.906664,49.830948],[19.906718,49.831003],[19.906778,49.831079],[19.906822,49.831097],[19.907052,49.831205],[19.90732,49.831282],[19.907849,49.831301],[19.908104,49.831305],[19.908816,49.831343],[19.909381,49.83141],[19.909719,49.831481],[19.910095,49.83156],[19.910237,49.831582],[19.91042,49.831588],[19.911083,49.831614],[19.911176,49.83158],[19.91126,49.831548],[19.91136,49.831547],[19.911476,49.831542],[19.911485,49.831543],[19.911701,49.831555],[19.912281,49.831563],[19.91264,49.831646],[19.912892,49.831701],[19.91299,49.831723],[19.913102,49.831748],[19.913158,49.831761],[19.913193,49.831768],[19.913296,49.831805],[19.913471,49.83184],[19.91357,49.831868],[19.913794,49.831931],[19.914047,49.832],[19.914263,49.832062],[19.914283,49.832068],[19.914354,49.832095],[19.914426,49.832122],[19.914572,49.832178],[19.91472,49.832234],[19.914886,49.832301],[19.915086,49.832328],[19.915362,49.832368],[19.915589,49.832417],[19.9157,49.832441],[19.915907,49.832486],[19.915918,49.832489],[19.915996,49.832518],[19.916154,49.832577],[19.916305,49.832631],[19.916313,49.832638],[19.916511,49.832681],[19.916741,49.832731],[19.916787,49.832732],[19.916883,49.83273],[19.917164,49.832727],[19.91726,49.832726],[19.917396,49.832724],[19.917505,49.832723],[19.917519,49.832722],[19.917554,49.832725],[19.917645,49.832736],[19.917693,49.832729],[19.917784,49.832716],[19.917854,49.832717],[19.918097,49.832722],[19.918298,49.832733],[19.918417,49.83274],[19.918602,49.83275],[19.918662,49.832754],[19.918927,49.832783],[19.919016,49.832792],[19.919097,49.832806],[19.919258,49.832832],[19.919353,49.832849],[19.919457,49.832867],[19.919481,49.832872],[19.919669,49.832911],[19.919714,49.83292],[19.919944,49.832964],[19.920106,49.832997],[19.9202,49.833016],[19.920277,49.833032],[19.92033,49.833042],[19.920433,49.833063],[19.920457,49.833067],[19.920749,49.833114],[19.920984,49.833127],[19.921,49.833127],[19.921251,49.833105],[19.921457,49.833053],[19.921513,49.833037],[19.921772,49.832964],[19.922082,49.832878],[19.922154,49.832859],[19.922391,49.832826],[19.922404,49.832824],[19.92255,49.832832],[19.922714,49.832838],[19.922801,49.832858],[19.922992,49.832907],[19.923093,49.832933],[19.923106,49.832936],[19.923249,49.832964],[19.92344,49.832999],[19.923533,49.83301],[19.923532,49.833019],[19.923626,49.833032],[19.923628,49.833027],[19.923991,49.83308],[19.924196,49.833111],[19.924351,49.833134],[19.92455,49.833163],[19.924701,49.833184],[19.924859,49.833206],[19.925051,49.833232],[19.92506,49.833233],[19.925123,49.833241],[19.925183,49.83325],[19.925434,49.833285],[19.925627,49.833312],[19.925738,49.833329],[19.926401,49.833421],[19.926731,49.833464],[19.92686,49.833481],[19.927019,49.833501],[19.927042,49.833504],[19.927296,49.83352],[19.927579,49.833527],[19.927591,49.833526],[19.927863,49.833514],[19.928017,49.833505],[19.928258,49.833493],[19.928511,49.83348],[19.928715,49.833469],[19.929004,49.833453],[19.9292,49.833443],[19.929373,49.833434],[19.929407,49.833432],[19.929427,49.833426],[19.929737,49.833431],[19.929786,49.833427],[19.929933,49.833443],[19.930101,49.833456],[19.930222,49.833472],[19.930403,49.833486],[19.930551,49.833492],[19.930735,49.83349],[19.930753,49.83349],[19.930923,49.833479],[19.931091,49.833459],[19.931128,49.833456],[19.931242,49.833426],[19.931691,49.833362],[19.93217,49.833294],[19.932181,49.833292],[19.932197,49.83329],[19.932198,49.8333],[19.932672,49.833236],[19.932704,49.833234],[19.932931,49.833219],[19.933081,49.833218],[19.93327,49.833233],[19.933672,49.833267],[19.933671,49.833274],[19.933715,49.833279],[19.93393,49.833303],[19.933977,49.833308],[19.934077,49.833316],[19.9342,49.833309],[19.934459,49.833329],[19.934493,49.833332],[19.934677,49.833344],[19.93485,49.833357],[19.934954,49.833369],[19.935093,49.833382],[19.935108,49.833382],[19.935218,49.833388],[19.935327,49.833397],[19.935583,49.833417],[19.935754,49.833432],[19.936021,49.833456],[19.936397,49.833461],[19.936528,49.833473],[19.936707,49.833486],[19.93679,49.833489],[19.93685,49.83349],[19.936924,49.833487],[19.936988,49.833482],[19.937122,49.833467],[19.937214,49.833455],[19.937339,49.833428],[19.937443,49.833399],[19.937977,49.833218],[19.938136,49.833172],[19.938257,49.833132],[19.938372,49.833088],[19.938414,49.833078],[19.938457,49.833069],[19.9385,49.833061],[19.938542,49.833059],[19.938583,49.833058],[19.938627,49.833064],[19.938778,49.833094],[19.938783,49.833083],[19.93886,49.833109],[19.938937,49.833146],[19.938991,49.83318],[19.939037,49.833222],[19.93913,49.833309],[19.939164,49.833331],[19.939236,49.833366],[19.939288,49.833381],[19.939347,49.833394],[19.939427,49.833404],[19.939497,49.833406],[19.939717,49.833397],[19.940078,49.833382],[19.940483,49.833366],[19.940584,49.833362],[19.940972,49.833343],[19.941417,49.833323],[19.941624,49.833292],[19.94175,49.833258],[19.941916,49.8332],[19.942208,49.833093],[19.942268,49.833075],[19.942347,49.833062],[19.942429,49.833056],[19.942508,49.833058],[19.942574,49.833063],[19.94273,49.833082],[19.942892,49.833115],[19.943077,49.83314],[19.943166,49.833149],[19.943256,49.833161],[19.94334,49.83317],[19.943425,49.833175],[19.943507,49.833177],[19.94359,49.833175],[19.94368,49.833167],[19.943773,49.833153],[19.943871,49.833133]]]]}},{"type":"Feature","properties":{"warstwa":"dzialki"},"geometry":{"type":"MultiPolygon","coordinates":[[[[19.942078,49.841961],[19.942089,49.841983],[19.942093,49.841988],[19.942111,49.842012],[19.942122,49.842025],[19.94224,49.842333],[19.942285,49.842448],[19.942357,49.842686],[19.942394,49.842795],[19.942437,49.842927],[19.942477,49.842937],[19.942435,49.842786],[19.942405,49.842679],[19.942329,49.842441],[19.942294,49.842348],[19.942165,49.842011],[19.942157,49.841995],[19.942145,49.841966],[19.942143,49.841961],[19.942134,49.841941],[19.942132,49.841936],[19.942106,49.84187],[19.942043,49.841874],[19.942076,49.841957],[19.942078,49.841961]]]]}},{"type":"Feature","properties":{"warstwa":"dzialki"},"geometry":{"type":"MultiPolygon","coordinates":[[[[19.935454,49.842259],[19.936281,49.842203],[19.936864,49.842142],[19.937478,49.842061],[19.937917,49.842014],[19.938599,49.841911],[19.939074,49.841844],[19.939574,49.841775],[19.940055,49.841702],[19.940655,49.841557],[19.940779,49.841375],[19.940968,49.841094],[19.940827,49.841115],[19.940819,49.841118],[19.940802,49.841125],[19.940763,49.841139],[19.94067,49.841177],[19.940468,49.841306],[19.940396,49.841352],[19.94028,49.841436],[19.940149,49.841531],[19.939942,49.841592],[19.939894,49.841606],[19.93984,49.841614],[19.939648,49.841644],[19.93953,49.841662],[19.939329,49.841693],[19.939239,49.841707],[19.939126,49.841725],[19.939027,49.84174],[19.938847,49.841766],[19.938645,49.841795],[19.938177,49.841861],[19.937819,49.841912],[19.93763,49.841934],[19.93756,49.841942],[19.93745,49.841955],[19.937385,49.841964],[19.937311,49.841973],[19.936951,49.84202],[19.936835,49.842036],[19.936734,49.842044],[19.936426,49.842072],[19.936258,49.842087],[19.936203,49.84209],[19.935991,49.842102],[19.935686,49.84212],[19.935421,49.842135],[19.935169,49.842153],[19.934946,49.84217],[19.934816,49.84218],[19.934746,49.842183],[19.934545,49.842193],[19.934344,49.842204],[19.934236,49.842209],[19.934054,49.842218],[19.933949,49.842224],[19.933805,49.842231],[19.933758,49.842233],[19.933696,49.842236],[19.933575,49.842242],[19.933515,49.842245],[19.933154,49.842265],[19.932956,49.842276],[19.93282,49.842283],[19.932772,49.842286],[19.932657,49.842288],[19.932402,49.842293],[19.932221,49.842297],[19.932121,49.842299],[19.932082,49.8423],[19.931824,49.842312],[19.931649,49.842329],[19.93158,49.842338],[19.931431,49.842357],[19.931304,49.842373],[19.931101,49.842399],[19.931105,49.842443],[19.931124,49.842506],[19.931677,49.842435],[19.931848,49.842419],[19.932091,49.842408],[19.932782,49.842393],[19.933204,49.84237],[19.933476,49.842356],[19.934134,49.842322],[19.934828,49.842287],[19.935454,49.842259]]]]}},{"type":"Feature","properties":{"warstwa":"dzialki"},"geometry":{"type":"MultiPolygon","coordinates":[[[[19.942537,49.839775],[19.942642,49.840047],[19.942726,49.840211],[19.942969,49.840796],[19.943199,49.84132],[19.943443,49.841278],[19.943901,49.841174],[19.943532,49.839972],[19.943474,49.839796],[19.943477,49.839558],[19.94349,49.839256],[19.943235,49.83928],[19.943221,49.839282],[19.943239,49.839488],[19.942248,49.839585],[19.94228,49.839809],[19.942537,49.839775]]]]}},{"type":"Feature","properties":{"warstwa":"dzialki"},"geometry":{"type":"MultiPolygon","coordinates":[[[[19.946065,49.829688],[19.946108,49.829664],[19.946366,49.82969],[19.946582,49.829712],[19.946869,49.82974],[19.947105,49.829763],[19.947104,49.829772],[19.947359,49.829796],[19.94762,49.829821],[19.948011,49.829862],[19.948283,49.829888],[19.948803,49.829938],[19.949067,49.829964],[19.949323,49.829989],[19.949562,49.830014],[19.949849,49.830045],[19.950099,49.830073],[19.950537,49.830118],[19.95068,49.830133],[19.950791,49.830147],[19.950884,49.830158],[19.95117,49.830188],[19.951419,49.830215],[19.951446,49.830114],[19.951331,49.830102],[19.951194,49.830088],[19.950893,49.830055],[19.950785,49.830043],[19.950695,49.830033],[19.950551,49.830021],[19.950214,49.82998],[19.949869,49.829943],[19.949601,49.829916],[19.949341,49.829891],[19.949077,49.829863],[19.94882,49.829841],[19.948675,49.829825],[19.948156,49.829775],[19.947689,49.829733],[19.946905,49.829654],[19.946525,49.829616],[19.946205,49.829584],[19.94618,49.82958],[19.946165,49.829577],[19.946149,49.829572],[19.946133,49.829563],[19.946122,49.829553],[19.946117,49.829541],[19.946123,49.829495],[19.945932,49.829475],[19.94593,49.829492],[19.945904,49.829527],[19.945888,49.829539],[19.945902,49.829675],[19.946065,49.829688]]]]}},{"type":"Feature","properties":{"warstwa":"dzialki"},"geometry":{"type":"MultiPolygon","coordinates":[[[[19.928174,49.843309],[19.928112,49.843288],[19.927945,49.843468],[19.927912,49.843505],[19.927878,49.843541],[19.927835,49.843573],[19.927834,49.843663],[19.928134,49.843481],[19.928254,49.843395],[19.928346,49.843318],[19.928557,49.843096],[19.928832,49.842796],[19.928722,49.842753],[19.928693,49.842783],[19.928649,49.84283],[19.928596,49.842886],[19.928582,49.842901],[19.928457,49.843037],[19.928191,49.843315],[19.928174,49.843309]]]]}},{"type":"Feature","properties":{"warstwa":"dzialki"},"geometry":{"type":"MultiPolygon","coordinates":[[[[19.951212,49.829944],[19.951206,49.8299],[19.951221,49.829828],[19.951053,49.829827],[19.950911,49.829826],[19.950902,49.829826],[19.950893,49.830055],[19.951194,49.830088],[19.951212,49.829944]]]]}},{"type":"Feature","properties":{"warstwa":"dzialki"},"geometry":{"type":"MultiPolygon","coordinates":[[[[19.945914,49.839779],[19.946075,49.839784],[19.946211,49.839618],[19.946217,49.83939],[19.946231,49.839307],[19.94603,49.839301],[19.94603,49.839265],[19.945929,49.83926],[19.945925,49.8394],[19.945914,49.839779]]]]}},{"type":"Feature","properties":{"warstwa":"dzialki"},"geometry":{"type":"MultiPolygon","coordinates":[[[[19.950552,49.829202],[19.95056,49.829302],[19.950555,49.829664],[19.950551,49.830021],[19.950695,49.830033],[19.95069,49.829591],[19.950686,49.829307],[19.950684,49.829282],[19.950682,49.829254],[19.950679,49.829207],[19.95063,49.82854],[19.950516,49.828462],[19.950515,49.828562],[19.950552,49.829202]]]]}},{"type":"Feature","properties":{"warstwa":"dzialki"},"geometry":{"type":"MultiPolygon","coordinates":[[[[19.940314,49.843942],[19.940271,49.843723],[19.940231,49.843522],[19.940128,49.843013],[19.940054,49.842608],[19.940044,49.842578],[19.939995,49.842547],[19.939887,49.84238],[19.939883,49.842366],[19.939808,49.842144],[19.939681,49.842156],[19.939718,49.842281],[19.939786,49.842375],[19.939789,49.842381],[19.939902,49.842582],[19.93992,49.842608],[19.940022,49.843121],[19.940105,49.843509],[19.94011,49.843535],[19.940173,49.84385],[19.940194,49.843949],[19.940263,49.844213],[19.940303,49.844363],[19.940357,49.844632],[19.940471,49.844612],[19.940423,49.844363],[19.940392,49.844243],[19.940314,49.843942]]]]}},{"type":"Feature","properties":{"warstwa":"dzialki"},"geometry":{"type":"MultiPolygon","coordinates":[[[[19.94217,49.971573],[19.942807,49.973411],[19.942852,49.973338],[19.942932,49.973287],[19.943062,49.973235],[19.943208,49.973203],[19.942621,49.971508],[19.942449,49.971536],[19.942319,49.971557],[19.94219,49.971571],[19.94217,49.971573]]]]}},{"type":"Feature","properties":{"warstwa":"dzialki"},"geometry":{"type":"MultiPolygon","coordinates":[[[[19.953322,49.976304],[19.953621,49.976377],[19.953759,49.975904],[19.95371,49.975823],[19.95369,49.975776],[19.953697,49.975717],[19.953732,49.975659],[19.953834,49.97563],[19.953875,49.975571],[19.953901,49.975427],[19.953759,49.975422],[19.953602,49.975436],[19.953525,49.975697],[19.953391,49.976099],[19.953322,49.976304]]]]}},{"type":"Feature","properties":{"warstwa":"dzialki"},"geometry":{"type":"MultiPolygon","coordinates":[[[[19.932977,49.964225],[19.932822,49.964032],[19.932705,49.963949],[19.932668,49.963904],[19.932216,49.964194],[19.932688,49.964413],[19.932977,49.964225]]]]}},{"type":"Feature","properties":{"warstwa":"dzialki"},"geometry":{"type":"MultiPolygon","coordinates":[[[[19.949971,49.975205],[19.949981,49.974583],[19.949998,49.974198],[19.95004,49.973876],[19.950068,49.973779],[19.950041,49.973769],[19.949986,49.973756],[19.949953,49.973738],[19.949941,49.973817],[19.949896,49.974235],[19.949879,49.974604],[19.949872,49.975206],[19.949971,49.975205]]]]}},{"type":"Feature","properties":{"warstwa":"dzialki"},"geometry":{"type":"MultiPolygon","coordinates":[[[[19.924477,49.959273],[19.924787,49.959419],[19.92497,49.959489],[19.925093,49.959523],[19.92529,49.959525],[19.924836,49.960154],[19.925059,49.960238],[19.925608,49.959512],[19.925384,49.959462],[19.925269,49.959469],[19.925318,49.959316],[19.924627,49.959048],[19.925113,49.958768],[19.925015,49.958744],[19.924802,49.958729],[19.924536,49.958948],[19.924604,49.959154],[19.924477,49.959273]]]]}},{"type":"Feature","properties":{"warstwa":"dzialki"},"geometry":{"type":"MultiPolygon","coordinates":[[[[19.949617,49.975137],[19.949619,49.975107],[19.94963,49.974794],[19.949662,49.974511],[19.949192,49.974453],[19.949192,49.974644],[19.94921,49.974809],[19.949338,49.974885],[19.94939,49.974969],[19.949458,49.975034],[19.949617,49.975137]]]]}},{"type":"Feature","properties":{"warstwa":"dzialki"},"geometry":{"type":"MultiPolygon","coordinates":[[[[19.950905,49.975973],[19.950615,49.975947],[19.950379,49.975923],[19.950325,49.97592],[19.949933,49.975884],[19.94986,49.975878],[19.949712,49.975955],[19.949689,49.975999],[19.949611,49.97611],[19.949585,49.976147],[19.94964,49.976173],[19.949683,49.976057],[19.94971,49.976008],[19.949744,49.975976],[19.949788,49.975946],[19.949851,49.975926],[19.949948,49.975923],[19.950105,49.975934],[19.950262,49.975953],[19.950377,49.975953],[19.950783,49.97599],[19.951087,49.976029],[19.951316,49.976052],[19.951458,49.976066],[19.951574,49.976074],[19.951791,49.97608],[19.951912,49.976081],[19.952065,49.97609],[19.952329,49.97612],[19.952583,49.976173],[19.952841,49.976224],[19.953178,49.976309],[19.953214,49.976317],[19.953459,49.97637],[19.953693,49.976445],[19.95406,49.976647],[19.954308,49.976789],[19.954459,49.976864],[19.954591,49.976937],[19.954697,49.976992],[19.954806,49.977034],[19.95489,49.977067],[19.954989,49.977092],[19.955084,49.977055],[19.955163,49.977046],[19.955307,49.977062],[19.955187,49.977011],[19.955051,49.976991],[19.954996,49.977066],[19.954951,49.977067],[19.954817,49.977017],[19.954628,49.976926],[19.95428,49.976747],[19.954194,49.976705],[19.954118,49.976651],[19.953957,49.976553],[19.953875,49.976486],[19.953832,49.976434],[19.953726,49.976407],[19.953621,49.976377],[19.953322,49.976304],[19.952944,49.976211],[19.952716,49.976163],[19.952461,49.976114],[19.952201,49.976061],[19.952009,49.976053],[19.951853,49.976052],[19.951681,49.976048],[19.951568,49.976038],[19.951449,49.976028],[19.950905,49.975973]]]]}},{"type":"Feature","properties":{"warstwa":"dzialki"},"geometry":{"type":"MultiPolygon","coordinates":[[[[19.924277,49.960406],[19.924726,49.960613],[19.924923,49.960704],[19.925022,49.960749],[19.925094,49.96088],[19.925145,49.960954],[19.925221,49.960951],[19.925175,49.960879],[19.925172,49.960726],[19.9252,49.9606],[19.925268,49.960492],[19.925402,49.960342],[19.925733,49.959909],[19.925809,49.95982],[19.925904,49.95971],[19.925946,49.959675],[19.925608,49.959512],[19.925059,49.960238],[19.924836,49.960154],[19.924598,49.96006],[19.924277,49.960406]]]]}},{"type":"Feature","properties":{"warstwa":"dzialki"},"geometry":{"type":"MultiPolygon","coordinates":[[[[19.928813,49.963622],[19.928847,49.963641],[19.928854,49.963656],[19.929112,49.963456],[19.929121,49.963448],[19.929189,49.963388],[19.929194,49.963384],[19.929637,49.963024],[19.929564,49.962981],[19.929432,49.962952],[19.929275,49.962954],[19.929076,49.962964],[19.928813,49.963622]]]]}},{"type":"Feature","properties":{"warstwa":"dzialki"},"geometry":{"type":"MultiPolygon","coordinates":[[[[19.950866,49.974257],[19.950682,49.975334],[19.950551,49.975559],[19.950951,49.975601],[19.951464,49.974577],[19.95141,49.974573],[19.951381,49.974571],[19.951336,49.974565],[19.951283,49.974555],[19.951213,49.974532],[19.951185,49.974518],[19.951169,49.974502],[19.951147,49.974452],[19.951134,49.97443],[19.951108,49.974411],[19.951056,49.974382],[19.951017,49.974349],[19.950924,49.97429],[19.950866,49.974257]]]]}},{"type":"Feature","properties":{"warstwa":"dzialki"},"geometry":{"type":"MultiPolygon","coordinates":[[[[19.922277,49.955587],[19.922405,49.955432],[19.921933,49.955353],[19.921877,49.955421],[19.921772,49.955571],[19.921768,49.955578],[19.922277,49.955587]]]]}},{"type":"Feature","properties":{"warstwa":"dzialki"},"geometry":{"type":"MultiPolygon","coordinates":[[[[19.940398,49.970957],[19.940113,49.971027],[19.939874,49.970737],[19.939825,49.97077],[19.939757,49.970844],[19.939689,49.97096],[19.939575,49.971263],[19.940522,49.971098],[19.940398,49.970957]]]]}},{"type":"Feature","properties":{"warstwa":"dzialki"},"geometry":{"type":"MultiPolygon","coordinates":[[[[19.923121,49.958816],[19.923188,49.958785],[19.92324,49.958784],[19.923633,49.958817],[19.923768,49.958824],[19.923818,49.958827],[19.923988,49.958828],[19.924119,49.958814],[19.924369,49.958774],[19.924547,49.958751],[19.924767,49.958729],[19.924802,49.958729],[19.925015,49.958744],[19.925113,49.958768],[19.925337,49.958867],[19.92544,49.9589],[19.925671,49.958949],[19.925726,49.95895],[19.92588,49.958959],[19.926109,49.958971],[19.926496,49.958994],[19.926719,49.95899],[19.926777,49.95899],[19.926859,49.959004],[19.927105,49.959069],[19.927282,49.959165],[19.927349,49.959201],[19.927541,49.959327],[19.927576,49.959349],[19.927817,49.959504],[19.928046,49.959648],[19.928239,49.959741],[19.928323,49.959761],[19.928418,49.959712],[19.928351,49.95972],[19.928293,49.959715],[19.928233,49.959702],[19.928194,49.959676],[19.927979,49.959548],[19.927716,49.959386],[19.927434,49.959203],[19.927132,49.959044],[19.927002,49.95899],[19.926851,49.958968],[19.926727,49.958963],[19.926515,49.958964],[19.926319,49.958949],[19.926242,49.958943],[19.926235,49.958943],[19.926172,49.958935],[19.925912,49.958931],[19.92567,49.958907],[19.925542,49.958883],[19.925326,49.958821],[19.925228,49.958782],[19.925031,49.958705],[19.924896,49.958686],[19.924798,49.958689],[19.924524,49.958707],[19.924137,49.958783],[19.923928,49.958798],[19.923748,49.958792],[19.923457,49.958766],[19.923363,49.958758],[19.923263,49.958747],[19.923176,49.958714],[19.923121,49.958816]]]]}},{"type":"Feature","properties":{"warstwa":"dzialki"},"geometry":{"type":"MultiPolygon","coordinates":[[[[19.919467,49.956006],[19.919434,49.956151],[19.919505,49.956324],[19.91959,49.956484],[19.91955,49.956518],[19.919387,49.95652],[19.919342,49.95656],[19.919374,49.956656],[19.919311,49.956791],[19.919396,49.956925],[19.919414,49.957009],[19.919357,49.957091],[19.919365,49.957159],[19.919584,49.957211],[19.919659,49.957265],[19.919652,49.957319],[19.919589,49.957403],[19.919638,49.957464],[19.919793,49.957345],[19.91959,49.957013],[19.919575,49.956526],[19.919612,49.956526],[19.91982,49.955964],[19.920078,49.955986],[19.920097,49.956056],[19.921246,49.956322],[19.921284,49.956181],[19.92131,49.956083],[19.921317,49.956059],[19.921493,49.956055],[19.921502,49.95602],[19.919718,49.955594],[19.919688,49.95573],[19.919718,49.95594],[19.919705,49.955963],[19.919467,49.956006]]]]}},{"type":"Feature","properties":{"warstwa":"dzialki"},"geometry":{"type":"MultiPolygon","coordinates":[[[[19.948723,49.974265],[19.948638,49.974262],[19.948389,49.974252],[19.948334,49.974681],[19.948712,49.974699],[19.948761,49.974293],[19.948723,49.974265]]]]}},{"type":"Feature","properties":{"warstwa":"dzialki"},"geometry":{"type":"MultiPolygon","coordinates":[[[[19.923761,49.95748],[19.923758,49.957683],[19.924566,49.95769],[19.924572,49.957355],[19.923761,49.95748]]]]}},{"type":"Feature","properties":{"warstwa":"dzialki"},"geometry":{"type":"MultiPolygon","coordinates":[[[[19.944917,49.973741],[19.94488,49.973591],[19.944776,49.973202],[19.944712,49.972963],[19.944664,49.973126],[19.944642,49.973198],[19.944653,49.973258],[19.944672,49.973378],[19.944668,49.973643],[19.94462,49.973641],[19.944582,49.973639],[19.944499,49.973628],[19.944372,49.97361],[19.944306,49.973595],[19.944343,49.973672],[19.944398,49.973815],[19.944863,49.973749],[19.944917,49.973741]]]]}},{"type":"Feature","properties":{"warstwa":"dzialki"},"geometry":{"type":"MultiPolygon","coordinates":[[[[19.922338,49.96035],[19.922143,49.96044],[19.922041,49.960483],[19.921858,49.960548],[19.92178,49.96056],[19.921696,49.960569],[19.921642,49.960575],[19.92131,49.960527],[19.921218,49.960524],[19.921027,49.960518],[19.921013,49.960523],[19.920929,49.960557],[19.920683,49.960647],[19.920575,49.960695],[19.920479,49.960745],[19.920427,49.960775],[19.920393,49.960802],[19.920358,49.960837],[19.920342,49.960869],[19.920338,49.960933],[19.920346,49.960997],[19.920355,49.961033],[19.920418,49.960975],[19.920421,49.960901],[19.920436,49.960856],[19.920475,49.960806],[19.920601,49.960733],[19.920885,49.960613],[19.921026,49.960575],[19.921288,49.960562],[19.921418,49.960571],[19.921673,49.960616],[19.921751,49.960609],[19.921858,49.960593],[19.921905,49.960578],[19.922007,49.960536],[19.922273,49.960426],[19.92232,49.960404],[19.922396,49.960366],[19.922431,49.960332],[19.922509,49.960233],[19.922535,49.960072],[19.922548,49.959712],[19.922549,49.959674],[19.922551,49.959577],[19.922567,49.95951],[19.922593,49.959466],[19.92264,49.959413],[19.922699,49.95936],[19.922792,49.959286],[19.922852,49.959228],[19.922936,49.959152],[19.923076,49.958882],[19.923121,49.958816],[19.923176,49.958714],[19.9231,49.958598],[19.923074,49.95856],[19.923047,49.958521],[19.922956,49.958461],[19.922432,49.95815],[19.922122,49.958003],[19.922042,49.95795],[19.921991,49.957893],[19.921799,49.957552],[19.921745,49.957488],[19.92159,49.957262],[19.921545,49.957114],[19.921532,49.956985],[19.921544,49.956627],[19.921538,49.956394],[19.921539,49.956224],[19.921542,49.956164],[19.921544,49.956069],[19.921576,49.955873],[19.921637,49.955673],[19.921699,49.955555],[19.921773,49.955444],[19.922038,49.955115],[19.922122,49.954999],[19.922178,49.95496],[19.922335,49.954887],[19.92254,49.954791],[19.9226,49.954758],[19.922703,49.954694],[19.922769,49.954633],[19.922927,49.954457],[19.923016,49.954358],[19.923117,49.9542],[19.923121,49.95418],[19.923154,49.954116],[19.923218,49.954025],[19.923282,49.953957],[19.923314,49.953928],[19.923547,49.953733],[19.923693,49.953618],[19.923874,49.95353],[19.923905,49.953514],[19.92429,49.953398],[19.924487,49.953343],[19.925152,49.953361],[19.925214,49.953351],[19.925256,49.953343],[19.925418,49.953295],[19.925597,49.953225],[19.925729,49.953178],[19.925899,49.953147],[19.926036,49.953151],[19.926182,49.953195],[19.926303,49.953263],[19.926448,49.953357],[19.926524,49.953398],[19.92659,49.953422],[19.926663,49.953436],[19.926947,49.953464],[19.927185,49.953519],[19.92737,49.953616],[19.927563,49.953723],[19.927668,49.953781],[19.928031,49.954027],[19.928062,49.954049],[19.928159,49.954118],[19.928318,49.954191],[19.928428,49.954262],[19.928618,49.954357],[19.928657,49.954392],[19.928721,49.954426],[19.928747,49.954445],[19.928824,49.954507],[19.928943,49.954587],[19.929044,49.954662],[19.929143,49.954744],[19.929272,49.954865],[19.929307,49.954963],[19.929312,49.955001],[19.929351,49.955212],[19.929382,49.955289],[19.929484,49.955239],[19.929431,49.955192],[19.929396,49.955155],[19.929348,49.954935],[19.92935,49.954874],[19.929316,49.954833],[19.92919,49.954712],[19.92874,49.954377],[19.928118,49.954026],[19.927698,49.953749],[19.927526,49.953655],[19.927217,49.953493],[19.927123,49.95347],[19.926987,49.953447],[19.926725,49.953418],[19.926629,49.953401],[19.926549,49.953372],[19.926436,49.953318],[19.926286,49.953203],[19.926121,49.95312],[19.926079,49.953096],[19.926029,49.953085],[19.925997,49.953086],[19.925737,49.953113],[19.925579,49.953178],[19.925426,49.953241],[19.925294,49.95329],[19.925255,49.953305],[19.925186,49.953317],[19.925068,49.953316],[19.924738,49.953283],[19.92464,49.953273],[19.924381,49.953329],[19.924216,49.953371],[19.924108,49.953398],[19.923984,49.953435],[19.923742,49.953537],[19.92355,49.953661],[19.923357,49.953778],[19.9234,49.953802],[19.923209,49.953973],[19.92312,49.954083],[19.923088,49.954144],[19.92304,49.954236],[19.923015,49.954275],[19.922978,49.954333],[19.922913,49.954408],[19.922886,49.954439],[19.922671,49.954657],[19.922616,49.954708],[19.922529,49.954761],[19.9225,49.954776],[19.922286,49.954871],[19.92217,49.95492],[19.922118,49.95495],[19.922067,49.954999],[19.921991,49.955098],[19.921679,49.955497],[19.921571,49.955704],[19.921527,49.955851],[19.921502,49.95602],[19.921493,49.956055],[19.921492,49.956107],[19.921495,49.956209],[19.921483,49.956403],[19.921494,49.956612],[19.921477,49.957104],[19.921485,49.957196],[19.921519,49.957284],[19.921557,49.957349],[19.921631,49.957449],[19.921656,49.957483],[19.92168,49.957515],[19.921866,49.957757],[19.921926,49.957886],[19.922023,49.957985],[19.922124,49.958044],[19.922222,49.958093],[19.92236,49.958162],[19.922562,49.958288],[19.922901,49.958476],[19.922987,49.958527],[19.923024,49.958562],[19.923063,49.958629],[19.923091,49.958712],[19.923029,49.958826],[19.923018,49.958872],[19.922881,49.959122],[19.922865,49.95915],[19.92252,49.959441],[19.922508,49.959458],[19.922485,49.959518],[19.922475,49.959587],[19.922481,49.959649],[19.922499,49.95974],[19.922498,49.959807],[19.922495,49.959884],[19.922493,49.959917],[19.922482,49.960125],[19.922447,49.960234],[19.922394,49.960313],[19.922338,49.96035]]]]}},{"type":"Feature","properties":{"warstwa":"dzialki"},"geometry":{"type":"MultiPolygon","coordinates":[[[[19.934829,49.966506],[19.934979,49.96648],[19.935093,49.966485],[19.935274,49.966569],[19.935468,49.966558],[19.935623,49.96651],[19.936086,49.966262],[19.936557,49.965989],[19.936538,49.965965],[19.936248,49.965602],[19.934829,49.966506]]]]}},{"type":"Feature","properties":{"warstwa":"dzialki"},"geometry":{"type":"MultiPolygon","coordinates":[[[[19.936234,49.968289],[19.936244,49.968516],[19.936729,49.968574],[19.936874,49.968306],[19.936234,49.968289]]]]}},{"type":"Feature","properties":{"warstwa":"dzialki"},"geometry":{"type":"MultiPolygon","coordinates":[[[[19.941452,49.970379],[19.941741,49.971235],[19.941886,49.971615],[19.942003,49.97159],[19.94217,49.971573],[19.94219,49.971571],[19.941733,49.970326],[19.941452,49.970379]]]]}},{"type":"Feature","properties":{"warstwa":"dzialki"},"geometry":{"type":"MultiPolygon","coordinates":[[[[19.929216,49.965327],[19.929222,49.96535],[19.929861,49.964839],[19.930803,49.964118],[19.931358,49.963774],[19.931274,49.963719],[19.931239,49.963744],[19.930717,49.964085],[19.930191,49.96446],[19.929305,49.965144],[19.929328,49.965204],[19.929311,49.96523],[19.929231,49.96529],[19.929216,49.965327]]]]}},{"type":"Feature","properties":{"warstwa":"dzialki"},"geometry":{"type":"MultiPolygon","coordinates":[[[[19.926323,49.961089],[19.926317,49.961418],[19.926726,49.961437],[19.926736,49.961299],[19.926758,49.961239],[19.92683,49.9612],[19.926905,49.961187],[19.926867,49.961019],[19.926323,49.961089]]]]}},{"type":"Feature","properties":{"warstwa":"dzialki"},"geometry":{"type":"MultiPolygon","coordinates":[[[[19.938724,49.969316],[19.938889,49.969536],[19.939137,49.969847],[19.939205,49.969933],[19.939526,49.969861],[19.940048,49.969752],[19.940025,49.969727],[19.939437,49.969099],[19.939358,49.969109],[19.939334,49.969077],[19.938724,49.969316]]]]}},{"type":"Feature","properties":{"warstwa":"dzialki"},"geometry":{"type":"MultiPolygon","coordinates":[[[[19.922123,49.955991],[19.922136,49.955989],[19.922718,49.955868],[19.923134,49.955797],[19.923094,49.955734],[19.923093,49.955687],[19.922238,49.955781],[19.922278,49.955632],[19.922194,49.95563],[19.922217,49.955648],[19.922169,49.955823],[19.922123,49.955991]]]]}},{"type":"Feature","properties":{"warstwa":"dzialki"},"geometry":{"type":"MultiPolygon","coordinates":[[[[19.931281,49.964716],[19.931511,49.96493],[19.93154,49.964976],[19.931557,49.965024],[19.931542,49.965085],[19.931486,49.965147],[19.931527,49.965174],[19.931588,49.96514],[19.931664,49.965128],[19.932164,49.965063],[19.932233,49.965055],[19.932491,49.96499],[19.932578,49.964951],[19.933014,49.964683],[19.932688,49.964413],[19.932216,49.964194],[19.932049,49.964117],[19.931751,49.964338],[19.931419,49.964622],[19.931281,49.964716]]]]}},{"type":"Feature","properties":{"warstwa":"dzialki"},"geometry":{"type":"MultiPolygon","coordinates":[[[[19.943813,49.971197],[19.944428,49.972745],[19.944497,49.972919],[19.944517,49.972885],[19.944566,49.972766],[19.944616,49.972704],[19.944737,49.972679],[19.944776,49.972674],[19.944885,49.972662],[19.944925,49.972612],[19.94483,49.972493],[19.944829,49.972401],[19.944819,49.972335],[19.944838,49.972305],[19.944829,49.972286],[19.9446,49.971829],[19.944535,49.971701],[19.944481,49.971578],[19.944368,49.971328],[19.944268,49.971114],[19.943931,49.971174],[19.943813,49.971197]]]]}},{"type":"Feature","properties":{"warstwa":"dzialki"},"geometry":{"type":"MultiPolygon","coordinates":[[[[19.95578,49.978199],[19.955952,49.978139],[19.955967,49.978099],[19.956065,49.977843],[19.956165,49.977586],[19.956303,49.977229],[19.956179,49.977214],[19.95606,49.977539],[19.955919,49.977871],[19.955826,49.978094],[19.95578,49.978199]]]]}},{"type":"Feature","properties":{"warstwa":"dzialki"},"geometry":{"type":"MultiPolygon","coordinates":[[[[19.927524,49.961334],[19.927548,49.961765],[19.928162,49.962012],[19.928241,49.961954],[19.928513,49.961828],[19.928588,49.96172],[19.928711,49.961466],[19.928985,49.961288],[19.929028,49.961241],[19.928817,49.961089],[19.928665,49.961205],[19.92855,49.961146],[19.928101,49.961615],[19.927524,49.961334]]]]}},{"type":"Feature","properties":{"warstwa":"dzialki"},"geometry":{"type":"MultiPolygon","coordinates":[[[[19.947115,49.974209],[19.947543,49.974231],[19.947886,49.974239],[19.947889,49.973999],[19.947606,49.973997],[19.947161,49.973993],[19.947121,49.97417],[19.947115,49.974209]]]]}},{"type":"Feature","properties":{"warstwa":"dzialki"},"geometry":{"type":"MultiPolygon","coordinates":[[[[19.946967,49.973863],[19.946579,49.973868],[19.946571,49.974173],[19.946595,49.974173],[19.946789,49.974175],[19.946905,49.974176],[19.946967,49.973863]]]]}},{"type":"Feature","properties":{"warstwa":"dzialki"},"geometry":{"type":"MultiPolygon","coordinates":[[[[19.929229,49.965685],[19.929421,49.965674],[19.92982,49.965344],[19.929925,49.965236],[19.930462,49.96529],[19.930568,49.965207],[19.930749,49.965087],[19.931281,49.964716],[19.931419,49.964622],[19.931751,49.964338],[19.932049,49.964117],[19.9317,49.96396],[19.931581,49.963908],[19.93117,49.964181],[19.930875,49.964431],[19.929817,49.965223],[19.929775,49.965218],[19.929229,49.965685]]]]}},{"type":"Feature","properties":{"warstwa":"dzialki"},"geometry":{"type":"MultiPolygon","coordinates":[[[[19.954415,49.97774],[19.954521,49.977524],[19.954666,49.977249],[19.954806,49.977034],[19.954697,49.976992],[19.954591,49.976937],[19.954477,49.97716],[19.954309,49.977517],[19.954232,49.977681],[19.954311,49.977707],[19.954415,49.97774]]]]}},{"type":"Feature","properties":{"warstwa":"dzialki"},"geometry":{"type":"MultiPolygon","coordinates":[[[[19.951377,49.975674],[19.951431,49.975477],[19.951724,49.974986],[19.951856,49.974803],[19.951925,49.974686],[19.951761,49.974654],[19.951712,49.974642],[19.951646,49.974621],[19.951556,49.974595],[19.951502,49.97458],[19.951464,49.974577],[19.950951,49.975601],[19.950929,49.975645],[19.951377,49.975674]]]]}},{"type":"Feature","properties":{"warstwa":"dzialki"},"geometry":{"type":"MultiPolygon","coordinates":[[[[19.927514,49.961259],[19.927524,49.961334],[19.928101,49.961615],[19.92855,49.961146],[19.928209,49.960963],[19.92806,49.960865],[19.927816,49.961001],[19.927595,49.961113],[19.927557,49.961145],[19.927527,49.961192],[19.927514,49.961259]]]]}},{"type":"Feature","properties":{"warstwa":"dzialki"},"geometry":{"type":"MultiPolygon","coordinates":[[[[19.943093,49.971364],[19.94361,49.972922],[19.943652,49.97288],[19.943774,49.972845],[19.943842,49.972836],[19.943862,49.97284],[19.943612,49.972142],[19.943316,49.971312],[19.943093,49.971364]]]]}},{"type":"Feature","properties":{"warstwa":"dzialki"},"geometry":{"type":"MultiPolygon","coordinates":[[[[19.941508,49.971314],[19.941488,49.971251],[19.941465,49.971139],[19.939688,49.971463],[19.939436,49.97151],[19.939367,49.971577],[19.939512,49.971675],[19.941508,49.971314]]]]}},{"type":"Feature","properties":{"warstwa":"dzialki"},"geometry":{"type":"MultiPolygon","coordinates":[[[[19.928145,49.963173],[19.928246,49.963252],[19.928303,49.963326],[19.92836,49.963395],[19.928562,49.963495],[19.928776,49.962985],[19.928645,49.963],[19.928665,49.962938],[19.928643,49.962791],[19.928981,49.962594],[19.92862,49.962552],[19.92852,49.962597],[19.928413,49.962635],[19.928283,49.962821],[19.928229,49.96292],[19.928145,49.963173]]]]}},{"type":"Feature","properties":{"warstwa":"dzialki"},"geometry":{"type":"MultiPolygon","coordinates":[[[[19.954308,49.976789],[19.954225,49.976959],[19.953869,49.977712],[19.954048,49.977722],[19.954187,49.977417],[19.954298,49.977177],[19.954459,49.976864],[19.954308,49.976789]]]]}},{"type":"Feature","properties":{"warstwa":"dzialki"},"geometry":{"type":"MultiPolygon","coordinates":[[[[19.935077,49.972944],[19.935229,49.972901],[19.935375,49.97286],[19.935551,49.972816],[19.935874,49.972735],[19.936196,49.972648],[19.936472,49.972583],[19.936534,49.972569],[19.937073,49.972441],[19.938009,49.972142],[19.93858,49.971925],[19.939167,49.971696],[19.939246,49.971649],[19.939351,49.971567],[19.939405,49.971516],[19.939472,49.971405],[19.939486,49.971278],[19.939504,49.971103],[19.939528,49.971023],[19.939664,49.970752],[19.939701,49.970702],[19.939794,49.97064],[19.940019,49.970545],[19.9401,49.970539],[19.940154,49.970599],[19.94051,49.970535],[19.940816,49.970515],[19.941165,49.970442],[19.941153,49.970435],[19.9411,49.9704],[19.940781,49.970468],[19.940646,49.970471],[19.940271,49.970478],[19.940055,49.970482],[19.939755,49.9706],[19.939631,49.970683],[19.939473,49.970948],[19.939436,49.971031],[19.939427,49.971215],[19.93942,49.971345],[19.939404,49.971414],[19.939353,49.971496],[19.939264,49.971593],[19.939097,49.971692],[19.938698,49.971842],[19.938205,49.972033],[19.93798,49.972112],[19.937593,49.972218],[19.936989,49.972379],[19.936409,49.972532],[19.9355,49.972751],[19.934913,49.972893],[19.934868,49.972906],[19.934917,49.97299],[19.935077,49.972944]]]]}},{"type":"Feature","properties":{"warstwa":"dzialki"},"geometry":{"type":"MultiPolygon","coordinates":[[[[19.949613,49.975217],[19.949614,49.975446],[19.949614,49.975453],[19.950082,49.975439],[19.950074,49.975303],[19.950098,49.975204],[19.949971,49.975205],[19.949872,49.975206],[19.949613,49.975217]]]]}},{"type":"Feature","properties":{"warstwa":"dzialki"},"geometry":{"type":"MultiPolygon","coordinates":[[[[19.934195,49.966604],[19.934197,49.966645],[19.934262,49.966803],[19.93467,49.966741],[19.935211,49.966753],[19.935401,49.966922],[19.935592,49.966949],[19.935603,49.966603],[19.93539,49.966638],[19.935304,49.966621],[19.93496,49.966665],[19.934593,49.96669],[19.934553,49.96668],[19.934339,49.966624],[19.934321,49.966622],[19.934195,49.966604]]]]}},{"type":"Feature","properties":{"warstwa":"dzialki"},"geometry":{"type":"MultiPolygon","coordinates":[[[[19.941176,49.970468],[19.941382,49.970957],[19.941411,49.971],[19.94146,49.971113],[19.941465,49.971139],[19.941488,49.971251],[19.941508,49.971314],[19.9416,49.9716],[19.941623,49.971671],[19.941799,49.972243],[19.941897,49.972543],[19.942009,49.972884],[19.94215,49.973324],[19.942314,49.97381],[19.942394,49.974028],[19.942528,49.973998],[19.942669,49.973958],[19.942693,49.973954],[19.941876,49.971617],[19.941886,49.971615],[19.941741,49.971235],[19.941452,49.970379],[19.941153,49.970435],[19.941165,49.970442],[19.941176,49.970468]]]]}},{"type":"Feature","properties":{"warstwa":"dzialki"},"geometry":{"type":"MultiPolygon","coordinates":[[[[19.919687,49.955344],[19.919744,49.955463],[19.919718,49.955594],[19.921502,49.95602],[19.921527,49.955851],[19.921571,49.955704],[19.921679,49.955497],[19.921991,49.955098],[19.921393,49.954866],[19.920929,49.95465],[19.920874,49.954724],[19.920712,49.954772],[19.920514,49.954797],[19.920301,49.954753],[19.920151,49.954947],[19.920008,49.95515],[19.920069,49.955251],[19.920217,49.955301],[19.920241,49.955349],[19.920205,49.955372],[19.920013,49.955398],[19.919748,49.955302],[19.919687,49.955344]]]]}},{"type":"Feature","properties":{"warstwa":"dzialki"},"geometry":{"type":"MultiPolygon","coordinates":[[[[19.947228,49.973311],[19.94723,49.973289],[19.947232,49.973264],[19.947235,49.973238],[19.947236,49.973187],[19.947245,49.973052],[19.947255,49.972902],[19.947258,49.972848],[19.947253,49.97277],[19.947245,49.9727],[19.947247,49.972606],[19.947244,49.972602],[19.947213,49.972569],[19.947105,49.972456],[19.947097,49.972566],[19.947092,49.972643],[19.947099,49.972763],[19.94709,49.972898],[19.947088,49.972924],[19.947084,49.973149],[19.947082,49.973335],[19.947071,49.973517],[19.947055,49.973705],[19.946951,49.974071],[19.946934,49.974176],[19.94686,49.974487],[19.946778,49.974692],[19.946644,49.974905],[19.946635,49.974901],[19.946499,49.975081],[19.946368,49.975215],[19.946357,49.975227],[19.94631,49.975278],[19.946317,49.97528],[19.946257,49.975354],[19.946226,49.975389],[19.946158,49.975462],[19.946089,49.975536],[19.946071,49.975555],[19.946025,49.975606],[19.945999,49.975602],[19.945737,49.975863],[19.945685,49.975927],[19.945651,49.975967],[19.945532,49.976252],[19.945444,49.976486],[19.945438,49.976634],[19.945435,49.97681],[19.945432,49.976954],[19.945431,49.977013],[19.945416,49.977084],[19.945386,49.977286],[19.945368,49.977409],[19.945358,49.977497],[19.94526,49.977649],[19.945209,49.977795],[19.945155,49.977902],[19.944997,49.978137],[19.944951,49.978179],[19.94488,49.978301],[19.944814,49.978423],[19.944746,49.978541],[19.944672,49.978672],[19.94459,49.97881],[19.944574,49.978868],[19.944543,49.978989],[19.944447,49.979183],[19.944422,49.979247],[19.944353,49.979586],[19.944312,49.979902],[19.944413,49.979911],[19.944439,49.979635],[19.94453,49.979224],[19.944614,49.979022],[19.944666,49.978882],[19.944706,49.978786],[19.944925,49.978446],[19.944946,49.978414],[19.94505,49.978257],[19.945183,49.978056],[19.945203,49.978023],[19.945265,49.977926],[19.945385,49.977735],[19.945391,49.977726],[19.945468,49.977591],[19.945522,49.977387],[19.945532,49.977333],[19.945563,49.977056],[19.945582,49.976789],[19.945589,49.976691],[19.9456,49.976614],[19.945612,49.976534],[19.945593,49.976492],[19.945622,49.976348],[19.94569,49.976188],[19.945708,49.976154],[19.945721,49.976129],[19.945778,49.97604],[19.945809,49.975999],[19.94594,49.975864],[19.945979,49.975819],[19.946118,49.975681],[19.946201,49.975554],[19.946305,49.975406],[19.94673,49.975031],[19.946742,49.975013],[19.946747,49.975007],[19.946757,49.974993],[19.946769,49.974967],[19.946774,49.974957],[19.946793,49.974926],[19.946933,49.974706],[19.947047,49.974398],[19.947092,49.974208],[19.947084,49.974208],[19.947125,49.973992],[19.947148,49.973818],[19.947171,49.973819],[19.947187,49.973756],[19.947205,49.973547],[19.94722,49.97339],[19.947228,49.973311]]]]}},{"type":"Feature","properties":{"warstwa":"dzialki"},"geometry":{"type":"MultiPolygon","coordinates":[[[[19.925223,49.96226],[19.92527,49.962272],[19.925329,49.962306],[19.925411,49.96239],[19.925421,49.962417],[19.925593,49.962681],[19.925712,49.962843],[19.925839,49.962929],[19.925969,49.962982],[19.926167,49.963042],[19.926391,49.963142],[19.926515,49.96323],[19.926567,49.963292],[19.926841,49.963202],[19.927218,49.963147],[19.927357,49.96317],[19.927388,49.963027],[19.927688,49.962819],[19.927774,49.962812],[19.927924,49.962709],[19.927969,49.962583],[19.927942,49.962437],[19.927613,49.962198],[19.927548,49.961765],[19.927524,49.961334],[19.927514,49.961259],[19.927527,49.961192],[19.927557,49.961145],[19.926945,49.961182],[19.926905,49.961187],[19.92683,49.9612],[19.926758,49.961239],[19.926736,49.961299],[19.926726,49.961437],[19.926317,49.961418],[19.925438,49.961368],[19.925497,49.961509],[19.925562,49.961645],[19.925625,49.961756],[19.925768,49.961936],[19.925223,49.96226]]]]}},{"type":"Feature","properties":{"warstwa":"dzialki"},"geometry":{"type":"MultiPolygon","coordinates":[[[[19.95684,49.97728],[19.956806,49.977278],[19.956715,49.977271],[19.95667,49.97727],[19.956592,49.977469],[19.956429,49.97795],[19.956468,49.977943],[19.956668,49.977898],[19.956819,49.97746],[19.956756,49.977446],[19.956782,49.977394],[19.956819,49.977322],[19.95684,49.97728]]]]}},{"type":"Feature","properties":{"warstwa":"dzialki"},"geometry":{"type":"MultiPolygon","coordinates":[[[[19.928162,49.962012],[19.928487,49.962173],[19.928743,49.96234],[19.928807,49.962461],[19.929107,49.962447],[19.929297,49.962377],[19.929403,49.962302],[19.929485,49.96226],[19.929603,49.962246],[19.929846,49.962256],[19.929844,49.962251],[19.929889,49.962178],[19.929867,49.962003],[19.929869,49.961923],[19.929894,49.961862],[19.929944,49.961796],[19.930008,49.961707],[19.930105,49.961602],[19.929553,49.961475],[19.929387,49.96143],[19.928985,49.961288],[19.928711,49.961466],[19.928588,49.96172],[19.928513,49.961828],[19.928241,49.961954],[19.928162,49.962012]]]]}},{"type":"Feature","properties":{"warstwa":"dzialki"},"geometry":{"type":"MultiPolygon","coordinates":[[[[19.956179,49.977214],[19.956041,49.977194],[19.955762,49.977147],[19.955667,49.977381],[19.955506,49.977751],[19.955425,49.977933],[19.955396,49.978],[19.955371,49.978077],[19.955321,49.978236],[19.955398,49.978249],[19.95546,49.978258],[19.955596,49.978275],[19.955711,49.978229],[19.95578,49.978199],[19.955826,49.978094],[19.955919,49.977871],[19.95606,49.977539],[19.956179,49.977214]]]]}},{"type":"Feature","properties":{"warstwa":"dzialki"},"geometry":{"type":"MultiPolygon","coordinates":[[[[19.925172,49.960726],[19.925175,49.960879],[19.925743,49.960977],[19.92634,49.96017],[19.925733,49.959909],[19.925402,49.960342],[19.925268,49.960492],[19.9252,49.9606],[19.925172,49.960726]]]]}},{"type":"Feature","properties":{"warstwa":"dzialki"},"geometry":{"type":"MultiPolygon","coordinates":[[[[19.937464,49.968766],[19.937613,49.968958],[19.937667,49.968942],[19.937517,49.968749],[19.937464,49.968766]]]]}},{"type":"Feature","properties":{"warstwa":"dzialki"},"geometry":{"type":"MultiPolygon","coordinates":[[[[19.954628,49.976926],[19.954794,49.976555],[19.955007,49.976106],[19.95486,49.976091],[19.954768,49.976099],[19.95469,49.976137],[19.95458,49.976201],[19.954432,49.976507],[19.95428,49.976747],[19.954628,49.976926]]]]}},{"type":"Feature","properties":{"warstwa":"dzialki"},"geometry":{"type":"MultiPolygon","coordinates":[[[[19.954991,49.977652],[19.955098,49.977421],[19.955207,49.977221],[19.955307,49.977062],[19.955163,49.977046],[19.955084,49.977055],[19.954989,49.977092],[19.954879,49.977274],[19.954843,49.977336],[19.954757,49.977497],[19.954715,49.977594],[19.954903,49.977632],[19.954991,49.977652]]]]}},{"type":"Feature","properties":{"warstwa":"dzialki"},"geometry":{"type":"MultiPolygon","coordinates":[[[[19.919132,49.959082],[19.919233,49.959126],[19.919249,49.959218],[19.919371,49.959272],[19.919462,49.959268],[19.919692,49.95926],[19.919769,49.959239],[19.919914,49.959244],[19.919978,49.959261],[19.920049,49.959408],[19.920097,49.959579],[19.920123,49.95967],[19.920233,49.959811],[19.920234,49.959823],[19.920243,49.959963],[19.920185,49.960046],[19.92015,49.960096],[19.920203,49.960359],[19.920166,49.960626],[19.920193,49.96079],[19.92018,49.960818],[19.920115,49.960963],[19.920138,49.961008],[19.92022,49.961158],[19.920287,49.9612],[19.920365,49.961226],[19.920417,49.961235],[19.920497,49.961249],[19.920551,49.961276],[19.920764,49.961433],[19.920834,49.961467],[19.921006,49.961524],[19.921169,49.961546],[19.921236,49.961583],[19.921241,49.961626],[19.921297,49.961688],[19.921292,49.961702],[19.921091,49.961847],[19.920995,49.961874],[19.920774,49.961878],[19.920739,49.961895],[19.920722,49.961935],[19.920719,49.962201],[19.920766,49.962224],[19.920962,49.962143],[19.921015,49.962163],[19.921037,49.962185],[19.921055,49.962284],[19.921089,49.962304],[19.921348,49.962349],[19.92147,49.96236],[19.921687,49.962375],[19.921751,49.962394],[19.921846,49.962484],[19.921932,49.962484],[19.922119,49.962356],[19.922143,49.962354],[19.922189,49.962376],[19.922315,49.962438],[19.922362,49.96248],[19.922372,49.962489],[19.922413,49.96251],[19.922457,49.962533],[19.922486,49.962548],[19.922566,49.962589],[19.922618,49.962591],[19.922663,49.962582],[19.922701,49.962553],[19.922769,49.962441],[19.922766,49.962332],[19.922857,49.962359],[19.923002,49.96247],[19.923273,49.962501],[19.923346,49.96252],[19.923429,49.962608],[19.923717,49.962835],[19.923746,49.962879],[19.923612,49.963163],[19.923608,49.96321],[19.923738,49.963239],[19.923854,49.963225],[19.923924,49.963228],[19.923971,49.963238],[19.924018,49.963262],[19.924106,49.963262],[19.924194,49.963182],[19.924217,49.963104],[19.924163,49.963093],[19.924136,49.963042],[19.924144,49.963005],[19.924171,49.963004],[19.924344,49.963018],[19.924609,49.963018],[19.924667,49.963051],[19.924712,49.963094],[19.924721,49.963175],[19.924688,49.963223],[19.924605,49.963307],[19.924605,49.96332],[19.924644,49.963365],[19.9247,49.963412],[19.924817,49.963436],[19.924936,49.963448],[19.92502,49.963456],[19.925048,49.963398],[19.925064,49.96329],[19.9251,49.963289],[19.925137,49.96329],[19.925226,49.963348],[19.925222,49.963392],[19.925136,49.963488],[19.925138,49.963528],[19.925173,49.96358],[19.925204,49.96362],[19.92525,49.963616],[19.925322,49.963618],[19.925594,49.963584],[19.925618,49.963601],[19.925648,49.963634],[19.925648,49.963687],[19.925642,49.963724],[19.925619,49.963803],[19.925559,49.963937],[19.925576,49.963968],[19.925673,49.963989],[19.925828,49.963947],[19.92589,49.963889],[19.925937,49.963815],[19.926039,49.963865],[19.92611,49.96393],[19.9261,49.963973],[19.926046,49.964033],[19.926123,49.964093],[19.926244,49.964119],[19.926501,49.964097],[19.926515,49.964129],[19.926402,49.964208],[19.926453,49.964251],[19.926567,49.964277],[19.926726,49.964251],[19.926874,49.96425],[19.926994,49.964229],[19.926954,49.964132],[19.926872,49.964049],[19.926974,49.963968],[19.927094,49.964002],[19.927223,49.96412],[19.927232,49.964272],[19.927307,49.964314],[19.927504,49.964268],[19.92769,49.964138],[19.92781,49.964149],[19.927953,49.964151],[19.928032,49.964018],[19.928164,49.964015],[19.928233,49.964039],[19.928292,49.964106],[19.928386,49.964161],[19.928376,49.964197],[19.928175,49.96423],[19.928034,49.964374],[19.928037,49.964475],[19.928213,49.964585],[19.928168,49.964635],[19.928007,49.964615],[19.927942,49.964691],[19.927929,49.964827],[19.927847,49.964912],[19.927862,49.964931],[19.927883,49.964949],[19.927934,49.964967],[19.928347,49.965024],[19.928825,49.965049],[19.92895,49.965087],[19.929201,49.96511],[19.929262,49.965143],[19.929263,49.965197],[19.929187,49.96526],[19.929159,49.96533],[19.929169,49.965423],[19.928993,49.965499],[19.92888,49.9655],[19.928879,49.965454],[19.928947,49.965398],[19.928911,49.965337],[19.928816,49.965297],[19.928714,49.965262],[19.928698,49.965284],[19.928729,49.965308],[19.928708,49.965344],[19.928606,49.965377],[19.928543,49.965404],[19.928533,49.965431],[19.928581,49.965479],[19.928723,49.965587],[19.928889,49.965715],[19.928895,49.96572],[19.92911,49.965739],[19.929261,49.965724],[19.929451,49.965713],[19.929699,49.96589],[19.929778,49.965931],[19.929934,49.965975],[19.930035,49.965974],[19.930093,49.9659],[19.930172,49.965896],[19.930263,49.965956],[19.930326,49.965978],[19.930327,49.966016],[19.930197,49.966111],[19.930171,49.966184],[19.930174,49.966264],[19.93025,49.966358],[19.930422,49.966384],[19.930588,49.966355],[19.930657,49.96636],[19.930804,49.966369],[19.931032,49.9662],[19.931157,49.966237],[19.931334,49.966289],[19.931465,49.96648],[19.93161,49.966615],[19.931638,49.966637],[19.931755,49.966707],[19.931867,49.966773],[19.931931,49.966805],[19.931988,49.966835],[19.932138,49.967094],[19.932121,49.967269],[19.93207,49.967393],[19.93194,49.96748],[19.931809,49.967529],[19.931781,49.967567],[19.93181,49.967627],[19.931832,49.96766],[19.931944,49.967761],[19.932195,49.967787],[19.93222,49.967777],[19.932306,49.967735],[19.932463,49.967616],[19.932584,49.967609],[19.932684,49.967631],[19.93279,49.967671],[19.932849,49.967714],[19.932918,49.967819],[19.933214,49.968056],[19.933246,49.96812],[19.933196,49.968263],[19.932905,49.968425],[19.932851,49.968479],[19.932838,49.968874],[19.932855,49.96913],[19.932917,49.969204],[19.932922,49.969268],[19.932875,49.969366],[19.932687,49.969791],[19.932792,49.969878],[19.932764,49.969909],[19.932503,49.970007],[19.93243,49.970061],[19.932391,49.970235],[19.932306,49.970408],[19.932262,49.970431],[19.932274,49.970444],[19.932353,49.97048],[19.932437,49.970636],[19.93236,49.970771],[19.932042,49.970878],[19.931988,49.970924],[19.931991,49.970996],[19.932065,49.971079],[19.932073,49.971183],[19.931868,49.971413],[19.931738,49.971499],[19.931696,49.971584],[19.93164,49.971759],[19.931783,49.971869],[19.931814,49.97219],[19.931776,49.972317],[19.932039,49.9725],[19.932264,49.972686],[19.932686,49.972997],[19.932866,49.973114],[19.932904,49.973151],[19.932944,49.973196],[19.932987,49.973315],[19.932994,49.973321],[19.932728,49.973389],[19.932616,49.973396],[19.932474,49.973491],[19.932419,49.973546],[19.932297,49.973607],[19.932123,49.973759],[19.931869,49.974029],[19.93188,49.974127],[19.931969,49.974219],[19.931947,49.974354],[19.931898,49.974383],[19.931859,49.97448],[19.931511,49.974512],[19.931179,49.974652],[19.931146,49.974654],[19.931073,49.974654],[19.931019,49.974788],[19.931045,49.974818],[19.931174,49.974943],[19.931097,49.975155],[19.931086,49.97518],[19.931107,49.975381],[19.931132,49.975441],[19.931191,49.975564],[19.931161,49.975673],[19.931052,49.975866],[19.930991,49.97605],[19.930734,49.976302],[19.93078,49.97648],[19.930859,49.976654],[19.930871,49.97666],[19.930887,49.976668],[19.930916,49.976744],[19.931189,49.976881],[19.931304,49.977157],[19.931415,49.977262],[19.931485,49.977327],[19.931577,49.97745],[19.931528,49.977572],[19.931601,49.97764],[19.931582,49.977705],[19.931741,49.977879],[19.931768,49.977904],[19.931765,49.978018],[19.931834,49.978097],[19.931882,49.978268],[19.932002,49.978455],[19.931919,49.978513],[19.931743,49.978539],[19.931766,49.978567],[19.931949,49.978542],[19.932062,49.978465],[19.931939,49.97826],[19.931893,49.978081],[19.931818,49.978009],[19.931822,49.977906],[19.931646,49.977724],[19.931662,49.977634],[19.931598,49.977566],[19.931636,49.977444],[19.931568,49.977337],[19.931365,49.977152],[19.93123,49.976864],[19.930977,49.976732],[19.930934,49.976657],[19.930905,49.976637],[19.930845,49.976503],[19.930787,49.976304],[19.931029,49.976066],[19.9311,49.975898],[19.931215,49.975695],[19.931255,49.97556],[19.931178,49.975401],[19.931147,49.975204],[19.931227,49.974934],[19.931078,49.974793],[19.931116,49.974691],[19.931216,49.974686],[19.931507,49.974551],[19.931907,49.974516],[19.931967,49.974401],[19.932023,49.974385],[19.932034,49.974201],[19.931943,49.97411],[19.931932,49.974035],[19.932162,49.973791],[19.932341,49.973626],[19.932457,49.973569],[19.932518,49.973508],[19.932638,49.973428],[19.93275,49.973419],[19.933015,49.973361],[19.933044,49.973342],[19.933043,49.9733],[19.933005,49.973177],[19.93297,49.973137],[19.932919,49.973097],[19.932816,49.973027],[19.932329,49.972672],[19.932162,49.972514],[19.932051,49.972442],[19.931832,49.972296],[19.93187,49.972194],[19.931844,49.971853],[19.931709,49.971757],[19.931787,49.971509],[19.931811,49.971509],[19.93191,49.971438],[19.931988,49.971344],[19.932123,49.971181],[19.932118,49.971071],[19.932048,49.970988],[19.932045,49.970927],[19.932071,49.970902],[19.932417,49.970783],[19.932482,49.970679],[19.932493,49.970627],[19.932407,49.970456],[19.932364,49.970436],[19.932475,49.97022],[19.932488,49.970096],[19.932542,49.970038],[19.932809,49.969938],[19.932853,49.969868],[19.932749,49.969783],[19.932974,49.969272],[19.93297,49.969192],[19.932915,49.969129],[19.9329,49.968982],[19.932909,49.968511],[19.932936,49.968469],[19.933262,49.968274],[19.9333,49.968126],[19.93326,49.968043],[19.933051,49.967854],[19.932977,49.967813],[19.93287,49.967672],[19.9328,49.967631],[19.932623,49.967573],[19.932554,49.967569],[19.932417,49.967586],[19.93225,49.967719],[19.932179,49.96775],[19.931992,49.967731],[19.931954,49.967708],[19.931899,49.967631],[19.931878,49.967599],[19.93185,49.967573],[19.931858,49.967557],[19.931945,49.967532],[19.93208,49.967441],[19.932127,49.967392],[19.932171,49.967265],[19.932187,49.967088],[19.932167,49.967056],[19.93212,49.966971],[19.932071,49.966886],[19.932013,49.966805],[19.93172,49.966643],[19.931649,49.966584],[19.931511,49.966456],[19.931383,49.966267],[19.931014,49.966163],[19.930906,49.966241],[19.930781,49.966336],[19.930586,49.966316],[19.930445,49.966338],[19.930353,49.966337],[19.930275,49.966316],[19.93023,49.966254],[19.930231,49.966211],[19.930258,49.966118],[19.930342,49.966056],[19.930386,49.966014],[19.930398,49.966002],[19.930384,49.965951],[19.9303,49.965916],[19.930188,49.965862],[19.930102,49.965858],[19.930043,49.965872],[19.929993,49.965936],[19.929937,49.965939],[19.929775,49.965888],[19.92974,49.965862],[19.929455,49.965673],[19.929421,49.965674],[19.929229,49.965685],[19.929155,49.965693],[19.929005,49.965682],[19.928952,49.965678],[19.928767,49.965568],[19.928624,49.965459],[19.928599,49.965429],[19.928752,49.965371],[19.928782,49.965325],[19.928849,49.96535],[19.92886,49.965375],[19.928805,49.965427],[19.928786,49.965488],[19.928803,49.965533],[19.928852,49.965547],[19.929052,49.965531],[19.929268,49.965468],[19.929222,49.96535],[19.929216,49.965327],[19.929231,49.96529],[19.929311,49.96523],[19.929328,49.965204],[19.929305,49.965144],[19.929291,49.965109],[19.929213,49.965069],[19.929131,49.965062],[19.928976,49.965053],[19.928878,49.96502],[19.928381,49.964985],[19.927951,49.964934],[19.927925,49.964911],[19.927998,49.964832],[19.928002,49.964691],[19.928041,49.964661],[19.928191,49.964679],[19.928277,49.964595],[19.928281,49.964571],[19.928112,49.964455],[19.928114,49.964375],[19.928237,49.964256],[19.928432,49.964223],[19.928461,49.96418],[19.928455,49.964133],[19.928379,49.964091],[19.928314,49.964039],[19.928279,49.964014],[19.928176,49.963979],[19.928019,49.963977],[19.927972,49.964002],[19.927916,49.964092],[19.927657,49.964091],[19.927466,49.964229],[19.927329,49.964267],[19.92728,49.96423],[19.927297,49.964108],[19.927139,49.963948],[19.926999,49.963903],[19.92693,49.963919],[19.926813,49.96403],[19.926807,49.964069],[19.926906,49.964165],[19.926911,49.964191],[19.926866,49.96421],[19.92669,49.964208],[19.926562,49.964234],[19.926497,49.964224],[19.926473,49.964202],[19.926576,49.964137],[19.926581,49.964109],[19.926567,49.964084],[19.926514,49.96406],[19.926484,49.964058],[19.926318,49.96407],[19.926221,49.964076],[19.926187,49.964072],[19.926147,49.964054],[19.926119,49.964029],[19.926134,49.964011],[19.926185,49.963984],[19.926199,49.963961],[19.926157,49.963909],[19.926058,49.963827],[19.925985,49.96377],[19.925936,49.963763],[19.925905,49.963774],[19.925788,49.96392],[19.925726,49.963952],[19.925651,49.963942],[19.925636,49.963907],[19.925683,49.963817],[19.925686,49.963752],[19.925723,49.963679],[19.925717,49.963618],[19.925696,49.96359],[19.925682,49.963571],[19.925648,49.963553],[19.925607,49.963546],[19.925441,49.963568],[19.925261,49.963573],[19.925219,49.963552],[19.925206,49.963517],[19.925247,49.963439],[19.92532,49.963359],[19.925319,49.96334],[19.925259,49.963308],[19.925159,49.96325],[19.925117,49.963238],[19.92506,49.963247],[19.925014,49.963282],[19.924956,49.963426],[19.924728,49.963366],[19.924691,49.963333],[19.92469,49.9633],[19.924791,49.963229],[19.924805,49.963177],[19.924761,49.963074],[19.924717,49.96303],[19.924615,49.96298],[19.924388,49.962987],[19.924135,49.96296],[19.924065,49.962968],[19.924029,49.963018],[19.924056,49.963084],[19.924094,49.963126],[19.924128,49.963138],[19.924115,49.963172],[19.924068,49.963217],[19.924045,49.963222],[19.924016,49.963205],[19.923957,49.96319],[19.923862,49.963181],[19.923766,49.963194],[19.923707,49.96319],[19.923673,49.963167],[19.923726,49.963064],[19.923808,49.962886],[19.923795,49.962846],[19.923699,49.962763],[19.923506,49.962608],[19.923418,49.962512],[19.923392,49.962501],[19.923309,49.962471],[19.923061,49.962442],[19.922887,49.962324],[19.922803,49.962302],[19.922713,49.962295],[19.922716,49.962434],[19.922646,49.962555],[19.922585,49.962553],[19.922486,49.962498],[19.922458,49.962482],[19.922419,49.962459],[19.92236,49.962409],[19.922294,49.962377],[19.922141,49.962299],[19.922107,49.962302],[19.922087,49.962324],[19.921929,49.962445],[19.921903,49.96245],[19.921869,49.962441],[19.921835,49.962385],[19.921791,49.962356],[19.921613,49.96232],[19.921512,49.962314],[19.921311,49.962305],[19.921126,49.962273],[19.921098,49.96225],[19.921089,49.962151],[19.920959,49.962092],[19.920889,49.962115],[19.920802,49.962164],[19.920782,49.962161],[19.92077,49.962148],[19.920782,49.961943],[19.920816,49.961923],[19.920966,49.961915],[19.920991,49.961921],[19.921084,49.961893],[19.92117,49.961856],[19.92136,49.961715],[19.921347,49.961684],[19.921298,49.961638],[19.921287,49.961566],[19.921212,49.961523],[19.921056,49.961492],[19.920924,49.961448],[19.920824,49.961398],[19.920613,49.961253],[19.920532,49.961217],[19.920482,49.961208],[19.920408,49.961196],[19.920358,49.96119],[19.920302,49.961157],[19.920271,49.961139],[19.920175,49.960957],[19.92023,49.960827],[19.92024,49.960803],[19.92025,49.960779],[19.920231,49.960623],[19.920274,49.96037],[19.920229,49.960099],[19.920328,49.959946],[19.920313,49.959814],[19.920184,49.959648],[19.920126,49.959407],[19.920035,49.959237],[19.919947,49.959211],[19.919772,49.959207],[19.919751,49.959213],[19.919685,49.959232],[19.919398,49.959237],[19.919305,49.959198],[19.919289,49.959107],[19.919182,49.959055],[19.918946,49.959005],[19.918829,49.958932],[19.918861,49.958809],[19.919012,49.958666],[19.919249,49.958548],[19.919322,49.958544],[19.919564,49.95868],[19.919811,49.958677],[19.920034,49.958634],[19.920156,49.958518],[19.920237,49.958437],[19.920355,49.958294],[19.920277,49.958122],[19.92011,49.958045],[19.920051,49.958028],[19.919883,49.957991],[19.91968,49.957964],[19.919661,49.957941],[19.91974,49.957867],[19.919875,49.957778],[19.919892,49.957727],[19.919776,49.957596],[19.919665,49.9575],[19.919638,49.957464],[19.919589,49.957403],[19.919652,49.957319],[19.919659,49.957265],[19.919584,49.957211],[19.919365,49.957159],[19.919357,49.957091],[19.919414,49.957009],[19.919396,49.956925],[19.919311,49.956791],[19.919374,49.956656],[19.919342,49.95656],[19.919387,49.95652],[19.91955,49.956518],[19.91959,49.956484],[19.919505,49.956324],[19.919434,49.956151],[19.919467,49.956006],[19.919705,49.955963],[19.919718,49.95594],[19.919688,49.95573],[19.919718,49.955594],[19.919744,49.955463],[19.919687,49.955344],[19.919748,49.955302],[19.920013,49.955398],[19.920205,49.955372],[19.920241,49.955349],[19.920217,49.955301],[19.920069,49.955251],[19.920008,49.95515],[19.920151,49.954947],[19.920301,49.954753],[19.920514,49.954797],[19.920712,49.954772],[19.920874,49.954724],[19.920929,49.95465],[19.921014,49.95452],[19.921144,49.95443],[19.921276,49.954339],[19.92128,49.954331],[19.921294,49.954238],[19.921265,49.954149],[19.921176,49.954137],[19.920982,49.954161],[19.920928,49.954138],[19.921057,49.953971],[19.920945,49.953909],[19.920896,49.953853],[19.921016,49.953737],[19.921071,49.953681],[19.921197,49.953619],[19.921126,49.953532],[19.920902,49.953457],[19.920957,49.953426],[19.921015,49.953383],[19.921091,49.95332],[19.921199,49.953306],[19.921359,49.953204],[19.921469,49.953213],[19.921567,49.953206],[19.921935,49.953176],[19.92212,49.95323],[19.922338,49.953214],[19.922672,49.95301],[19.922704,49.95299],[19.922646,49.952908],[19.922759,49.952772],[19.922878,49.952626],[19.922951,49.952586],[19.923043,49.952607],[19.923257,49.952643],[19.923285,49.952635],[19.923285,49.952611],[19.923278,49.952579],[19.923274,49.952543],[19.923355,49.952489],[19.923367,49.952481],[19.923372,49.952359],[19.923355,49.952262],[19.923362,49.952256],[19.923391,49.952234],[19.92343,49.952167],[19.923458,49.952117],[19.923472,49.952058],[19.923484,49.952006],[19.923599,49.952016],[19.92369,49.952015],[19.923823,49.951977],[19.923837,49.951941],[19.923865,49.951858],[19.924008,49.951816],[19.924101,49.951753],[19.924207,49.951597],[19.924289,49.951539],[19.924409,49.951451],[19.924547,49.951414],[19.924579,49.951419],[19.924641,49.951418],[19.92475,49.951342],[19.92481,49.951319],[19.924842,49.951277],[19.924883,49.951215],[19.924849,49.951145],[19.924903,49.951143],[19.925053,49.951126],[19.925166,49.951103],[19.92521,49.95103],[19.92523,49.950997],[19.925219,49.950977],[19.925191,49.950928],[19.925229,49.950831],[19.925433,49.950726],[19.925441,49.950723],[19.925534,49.95073],[19.925812,49.950698],[19.925927,49.950731],[19.925965,49.95073],[19.926099,49.950681],[19.926177,49.95054],[19.926197,49.95054],[19.926269,49.950597],[19.926347,49.950632],[19.926347,49.950728],[19.926597,49.95076],[19.926667,49.950755],[19.926968,49.950589],[19.927014,49.950575],[19.927188,49.950587],[19.927242,49.950592],[19.92728,49.950588],[19.92734,49.950549],[19.927421,49.950516],[19.927466,49.950507],[19.927545,49.950525],[19.927573,49.950523],[19.927671,49.950432],[19.927682,49.950431],[19.927861,49.950398],[19.92787,49.950378],[19.927809,49.950254],[19.927846,49.950202],[19.927907,49.950184],[19.927985,49.950171],[19.928035,49.950195],[19.928085,49.950199],[19.928157,49.950185],[19.928258,49.950142],[19.928341,49.950078],[19.928339,49.950052],[19.928318,49.949997],[19.928373,49.949989],[19.928391,49.949981],[19.928441,49.949916],[19.928498,49.949895],[19.928513,49.949878],[19.928576,49.949644],[19.928599,49.949629],[19.928763,49.949596],[19.928854,49.949474],[19.928947,49.949452],[19.929047,49.949444],[19.929199,49.949487],[19.929261,49.949557],[19.929295,49.949561],[19.929338,49.949549],[19.929439,49.949483],[19.929505,49.949344],[19.929612,49.949345],[19.929728,49.949335],[19.929837,49.94932],[19.929954,49.949304],[19.930179,49.949341],[19.930225,49.949329],[19.930253,49.949306],[19.930271,49.949235],[19.930339,49.949164],[19.930341,49.949126],[19.930342,49.949053],[19.930295,49.948959],[19.930311,49.948881],[19.930424,49.948812],[19.930471,49.948735],[19.930411,49.948687],[19.930421,49.94867],[19.930442,49.94866],[19.930605,49.948752],[19.930636,49.948761],[19.930711,49.948757],[19.930956,49.948706],[19.931072,49.948615],[19.931106,49.948543],[19.931073,49.948505],[19.931029,49.948514],[19.931038,49.948552],[19.931005,49.948595],[19.930896,49.948674],[19.930624,49.948715],[19.930443,49.94861],[19.930336,49.94867],[19.930403,49.948729],[19.930366,49.948792],[19.93025,49.948857],[19.930229,49.948954],[19.930275,49.949027],[19.930278,49.949139],[19.930206,49.94922],[19.93018,49.94929],[19.929912,49.949255],[19.929688,49.949285],[19.929442,49.949316],[19.929376,49.949451],[19.929295,49.949499],[19.929286,49.949502],[19.929232,49.949443],[19.929057,49.949395],[19.928809,49.949426],[19.928711,49.949565],[19.928521,49.949615],[19.92845,49.949863],[19.928376,49.94989],[19.928336,49.949957],[19.928304,49.949958],[19.928262,49.949965],[19.928289,49.950046],[19.928182,49.950131],[19.928104,49.950153],[19.928041,49.950169],[19.927982,49.950142],[19.927932,49.950142],[19.927821,49.95017],[19.927793,49.950178],[19.927754,49.950234],[19.927744,49.950249],[19.927803,49.950371],[19.927624,49.950403],[19.92754,49.950485],[19.92745,49.950466],[19.927364,49.95049],[19.927247,49.950546],[19.927056,49.950535],[19.926961,49.95053],[19.92663,49.950728],[19.926392,49.950698],[19.926388,49.950602],[19.926301,49.950567],[19.92625,49.950521],[19.926186,49.950498],[19.926132,49.9505],[19.926059,49.950661],[19.92594,49.950699],[19.925823,49.950665],[19.925546,49.9507],[19.925459,49.950691],[19.925414,49.95069],[19.925176,49.950817],[19.925135,49.950923],[19.925177,49.951001],[19.925128,49.951076],[19.924964,49.951106],[19.924783,49.951116],[19.924828,49.951221],[19.924793,49.951275],[19.924779,49.951293],[19.924696,49.951316],[19.924614,49.951386],[19.924543,49.951382],[19.924503,49.951391],[19.924374,49.951425],[19.924249,49.951514],[19.924153,49.951585],[19.924056,49.95173],[19.924037,49.951745],[19.923989,49.951785],[19.923821,49.951835],[19.923788,49.951925],[19.923781,49.95195],[19.923759,49.951957],[19.923678,49.951978],[19.923637,49.951981],[19.923435,49.951958],[19.923406,49.952079],[19.92335,49.952212],[19.923296,49.952237],[19.923329,49.952347],[19.923322,49.952455],[19.923225,49.95251],[19.923209,49.952557],[19.923226,49.952593],[19.922956,49.952544],[19.922863,49.952588],[19.92282,49.95263],[19.922591,49.952912],[19.922646,49.952975],[19.922548,49.953033],[19.9223,49.953177],[19.922114,49.953178],[19.921975,49.953136],[19.921953,49.953131],[19.921634,49.953163],[19.921623,49.953157],[19.921478,49.95317],[19.921333,49.953161],[19.921178,49.953265],[19.921057,49.953279],[19.920939,49.95339],[19.920858,49.953441],[19.920824,49.95346],[19.921075,49.953557],[19.921125,49.953613],[19.921025,49.953658],[19.920831,49.953848],[19.920907,49.953944],[19.920982,49.95398],[19.920884,49.95416],[19.920799,49.954146],[19.920798,49.954161],[19.920844,49.954275],[19.920889,49.954296],[19.920968,49.954299],[19.921038,49.954295],[19.921086,49.954278],[19.921147,49.954267],[19.921195,49.954251],[19.921213,49.954254],[19.921219,49.954289],[19.921205,49.954332],[19.921095,49.954409],[19.921077,49.95441],[19.921036,49.954425],[19.920986,49.954452],[19.920947,49.954498],[19.920886,49.954556],[19.920863,49.954616],[19.920804,49.954664],[19.920768,49.954672],[19.920639,49.954685],[19.920532,49.95471],[19.920455,49.95471],[19.920412,49.954701],[19.92039,49.954686],[19.920341,49.954681],[19.920272,49.954683],[19.920222,49.954714],[19.920202,49.954728],[19.920145,49.954726],[19.920131,49.954731],[19.920248,49.954748],[19.920097,49.954936],[19.919948,49.955153],[19.919995,49.955225],[19.920033,49.955283],[19.920204,49.955336],[19.920016,49.955362],[19.919742,49.955267],[19.919639,49.955339],[19.919693,49.955457],[19.919637,49.95576],[19.919656,49.955938],[19.919407,49.955987],[19.919362,49.956151],[19.919472,49.95638],[19.919521,49.95648],[19.919347,49.956478],[19.919259,49.956546],[19.919309,49.956649],[19.919234,49.956787],[19.919329,49.956929],[19.919304,49.957051],[19.91928,49.957085],[19.919303,49.957148],[19.919312,49.957191],[19.91956,49.957244],[19.919599,49.95727],[19.919598,49.957316],[19.919534,49.957397],[19.919632,49.95753],[19.919657,49.957551],[19.919746,49.957626],[19.919832,49.957739],[19.919696,49.957828],[19.919599,49.957947],[19.919641,49.957992],[19.91993,49.958037],[19.92007,49.958074],[19.920186,49.958124],[19.920261,49.958215],[19.92029,49.958293],[19.920193,49.958423],[19.920011,49.958599],[19.919896,49.958623],[19.919788,49.958641],[19.919573,49.95864],[19.919345,49.958494],[19.919258,49.958505],[19.919218,49.95851],[19.918979,49.958621],[19.918858,49.958737],[19.918817,49.958776],[19.918783,49.958887],[19.918771,49.958926],[19.918768,49.958937],[19.918882,49.959023],[19.919132,49.959082]]]]}},{"type":"Feature","properties":{"warstwa":"dzialki"},"geometry":{"type":"MultiPolygon","coordinates":[[[[19.929386,49.963658],[19.929546,49.963548],[19.930168,49.963131],[19.930241,49.963214],[19.929648,49.963609],[19.930037,49.96387],[19.930074,49.963843],[19.930031,49.963815],[19.930165,49.963717],[19.930299,49.963608],[19.93049,49.963488],[19.930817,49.96379],[19.930951,49.96374],[19.931016,49.963724],[19.931166,49.96367],[19.931239,49.963744],[19.931274,49.963719],[19.931296,49.963705],[19.931342,49.963525],[19.931205,49.96348],[19.931059,49.963466],[19.93099,49.963426],[19.930946,49.963217],[19.930584,49.96292],[19.930512,49.962896],[19.930388,49.962874],[19.930348,49.962877],[19.930318,49.962887],[19.930023,49.963054],[19.929905,49.963108],[19.929841,49.963117],[19.929783,49.963104],[19.929637,49.963024],[19.929194,49.963384],[19.929189,49.963388],[19.929121,49.963448],[19.929112,49.963456],[19.928854,49.963656],[19.929005,49.963953],[19.929386,49.963658]]]]}},{"type":"Feature","properties":{"warstwa":"dzialki"},"geometry":{"type":"MultiPolygon","coordinates":[[[[19.929131,49.965062],[19.929213,49.965069],[19.929291,49.965109],[19.929305,49.965144],[19.930191,49.96446],[19.930717,49.964085],[19.931239,49.963744],[19.931166,49.96367],[19.931016,49.963724],[19.930786,49.963847],[19.929971,49.96442],[19.929131,49.965062]]]]}},{"type":"Feature","properties":{"warstwa":"dzialki"},"geometry":{"type":"MultiPolygon","coordinates":[[[[19.923776,49.956126],[19.923789,49.95646],[19.923774,49.956871],[19.923764,49.957215],[19.924574,49.957223],[19.925582,49.957233],[19.925755,49.957166],[19.925853,49.957086],[19.926032,49.95697],[19.92566,49.956709],[19.925313,49.956395],[19.925147,49.956302],[19.924585,49.956139],[19.924291,49.956039],[19.923816,49.95592],[19.923776,49.956126]]]]}},{"type":"Feature","properties":{"warstwa":"dzialki"},"geometry":{"type":"MultiPolygon","coordinates":[[[[19.931568,49.9658],[19.931586,49.96586],[19.931571,49.966008],[19.931573,49.9661],[19.931607,49.966188],[19.931688,49.966266],[19.931713,49.966316],[19.93168,49.966487],[19.931676,49.966567],[19.93172,49.966643],[19.932013,49.966805],[19.931959,49.966753],[19.931736,49.966605],[19.931717,49.966502],[19.931757,49.966314],[19.931726,49.966249],[19.931642,49.966175],[19.93161,49.966108],[19.931608,49.965992],[19.931617,49.965843],[19.931615,49.965794],[19.931624,49.965755],[19.931662,49.965737],[19.931831,49.965793],[19.931877,49.965844],[19.932068,49.965931],[19.932213,49.966017],[19.932363,49.966081],[19.93248,49.966096],[19.932535,49.966095],[19.932583,49.966094],[19.932647,49.966079],[19.932748,49.966051],[19.932863,49.965982],[19.93328,49.96556],[19.933545,49.965109],[19.933589,49.965028],[19.933564,49.964839],[19.933488,49.964689],[19.933462,49.964661],[19.933366,49.964548],[19.933339,49.964499],[19.933131,49.964336],[19.93285,49.964016],[19.932752,49.963944],[19.93271,49.9639],[19.932667,49.963833],[19.932699,49.963553],[19.932813,49.96325],[19.93331,49.962461],[19.933397,49.96232],[19.933514,49.962144],[19.933551,49.96204],[19.933566,49.96189],[19.933479,49.961843],[19.933479,49.961853],[19.933482,49.962048],[19.933454,49.962138],[19.933119,49.962633],[19.932937,49.962982],[19.932795,49.963218],[19.932677,49.963487],[19.932633,49.963676],[19.932624,49.963831],[19.932668,49.963904],[19.932705,49.963949],[19.932822,49.964032],[19.932977,49.964225],[19.933103,49.964376],[19.933235,49.964508],[19.933252,49.964526],[19.933378,49.964631],[19.933459,49.964748],[19.933513,49.964926],[19.933526,49.965043],[19.933512,49.965119],[19.9335,49.96515],[19.933435,49.965249],[19.933323,49.965393],[19.933195,49.965557],[19.932811,49.965981],[19.932717,49.966022],[19.932633,49.966052],[19.932535,49.966069],[19.932492,49.966069],[19.932412,49.966059],[19.932294,49.966015],[19.932129,49.965912],[19.93189,49.965809],[19.931797,49.965741],[19.931735,49.965717],[19.931642,49.965701],[19.931589,49.965746],[19.931568,49.9658]]]]}},{"type":"Feature","properties":{"warstwa":"dzialki"},"geometry":{"type":"MultiPolygon","coordinates":[[[[19.934321,49.966622],[19.934339,49.966624],[19.934553,49.96668],[19.934829,49.966506],[19.936248,49.965602],[19.93614,49.965477],[19.934321,49.966622]]]]}},{"type":"Feature","properties":{"warstwa":"dzialki"},"geometry":{"type":"MultiPolygon","coordinates":[[[[19.955307,49.977062],[19.955207,49.977221],[19.955098,49.977421],[19.954991,49.977652],[19.955124,49.977675],[19.955215,49.977692],[19.95533,49.977456],[19.955467,49.977191],[19.955492,49.977143],[19.955512,49.977102],[19.955496,49.977099],[19.955307,49.977062]]]]}},{"type":"Feature","properties":{"warstwa":"dzialki"},"geometry":{"type":"MultiPolygon","coordinates":[[[[19.936738,49.966915],[19.936597,49.96704],[19.936582,49.967098],[19.936671,49.967182],[19.936384,49.96729],[19.936627,49.967932],[19.937062,49.967788],[19.937167,49.967317],[19.937148,49.967058],[19.937054,49.966728],[19.93688,49.966431],[19.936339,49.966621],[19.936272,49.966628],[19.936313,49.966642],[19.936398,49.966612],[19.936532,49.966563],[19.936648,49.966587],[19.936699,49.966658],[19.936647,49.966801],[19.936738,49.966915]]]]}},{"type":"Feature","properties":{"warstwa":"dzialki"},"geometry":{"type":"MultiPolygon","coordinates":[[[[19.953044,49.977243],[19.9529,49.977528],[19.952812,49.977677],[19.95278,49.977718],[19.95275,49.977778],[19.953007,49.977901],[19.95316,49.977574],[19.95341,49.977049],[19.953693,49.976445],[19.953459,49.97637],[19.953267,49.976729],[19.95323,49.976799],[19.953116,49.977086],[19.953058,49.977214],[19.953044,49.977243]]]]}},{"type":"Feature","properties":{"warstwa":"dzialki"},"geometry":{"type":"MultiPolygon","coordinates":[[[[19.929461,49.964268],[19.929481,49.964283],[19.929628,49.964164],[19.930186,49.963981],[19.930272,49.963975],[19.93055,49.963891],[19.930817,49.96379],[19.93049,49.963488],[19.930299,49.963608],[19.930165,49.963717],[19.930031,49.963815],[19.930074,49.963843],[19.930037,49.96387],[19.929833,49.963954],[19.929602,49.96415],[19.929461,49.964268]]]]}},{"type":"Feature","properties":{"warstwa":"dzialki"},"geometry":{"type":"MultiPolygon","coordinates":[[[[19.953832,49.976434],[19.953961,49.976327],[19.954044,49.976176],[19.954066,49.97616],[19.953964,49.976095],[19.95394,49.975967],[19.953903,49.975872],[19.953913,49.975818],[19.954092,49.97549],[19.954169,49.975361],[19.953986,49.975312],[19.953877,49.975225],[19.953761,49.975012],[19.95377,49.974929],[19.953753,49.974939],[19.953705,49.974952],[19.953657,49.974945],[19.953619,49.974919],[19.95355,49.974883],[19.953501,49.97486],[19.953468,49.974841],[19.953268,49.974917],[19.952994,49.974914],[19.952792,49.97488],[19.952673,49.974851],[19.952614,49.97485],[19.952522,49.974977],[19.952573,49.974986],[19.952482,49.9751],[19.95297,49.975128],[19.953046,49.975014],[19.953402,49.975095],[19.953235,49.975413],[19.953602,49.975436],[19.953759,49.975422],[19.953901,49.975427],[19.953875,49.975571],[19.953834,49.97563],[19.953732,49.975659],[19.953697,49.975717],[19.95369,49.975776],[19.95371,49.975823],[19.953759,49.975904],[19.953621,49.976377],[19.953726,49.976407],[19.953832,49.976434]]]]}},{"type":"Feature","properties":{"warstwa":"dzialki"},"geometry":{"type":"MultiPolygon","coordinates":[[[[19.956139,49.978048],[19.956334,49.977984],[19.956429,49.97795],[19.956592,49.977469],[19.95667,49.97727],[19.956548,49.977257],[19.956433,49.977244],[19.956353,49.977477],[19.956297,49.977614],[19.956139,49.978048]]]]}},{"type":"Feature","properties":{"warstwa":"dzialki"},"geometry":{"type":"MultiPolygon","coordinates":[[[[19.942945,49.974192],[19.943045,49.974201],[19.943145,49.974212],[19.943193,49.974211],[19.943223,49.974218],[19.943274,49.974235],[19.943343,49.974238],[19.943455,49.974223],[19.943552,49.974183],[19.943582,49.974166],[19.943593,49.974143],[19.943622,49.974089],[19.943617,49.973985],[19.94359,49.973903],[19.943528,49.973816],[19.943491,49.973765],[19.943423,49.973713],[19.943452,49.973597],[19.943448,49.973557],[19.943422,49.973513],[19.943426,49.973437],[19.94343,49.973358],[19.943443,49.973287],[19.943451,49.973249],[19.943473,49.973229],[19.943532,49.973194],[19.943552,49.973189],[19.943633,49.973184],[19.943658,49.973163],[19.943696,49.97313],[19.943727,49.973066],[19.943758,49.97304],[19.943809,49.973039],[19.943843,49.973045],[19.943884,49.973071],[19.943899,49.973101],[19.944042,49.973176],[19.94408,49.973196],[19.944078,49.973238],[19.944079,49.97326],[19.944138,49.973333],[19.944176,49.973402],[19.944207,49.973423],[19.944224,49.973448],[19.944226,49.973484],[19.94429,49.973562],[19.944306,49.973595],[19.944372,49.97361],[19.944499,49.973628],[19.944582,49.973639],[19.94462,49.973641],[19.944668,49.973643],[19.944672,49.973378],[19.944653,49.973258],[19.944642,49.973198],[19.944664,49.973126],[19.944712,49.972963],[19.944718,49.972932],[19.944717,49.972889],[19.944748,49.972869],[19.94477,49.972867],[19.944899,49.972892],[19.944952,49.972882],[19.94506,49.972859],[19.945164,49.97287],[19.94521,49.972867],[19.945303,49.972836],[19.945336,49.972801],[19.945341,49.972783],[19.94533,49.972758],[19.945316,49.972691],[19.945302,49.972666],[19.945278,49.97263],[19.945259,49.972615],[19.945186,49.972482],[19.945066,49.972389],[19.945056,49.972374],[19.945067,49.972344],[19.945083,49.972328],[19.945117,49.972317],[19.945224,49.972299],[19.945394,49.972284],[19.945432,49.972281],[19.945524,49.97228],[19.945609,49.972287],[19.945834,49.972369],[19.945884,49.972381],[19.945954,49.972383],[19.946015,49.972376],[19.94607,49.972366],[19.946188,49.972335],[19.94623,49.972318],[19.946303,49.972289],[19.94638,49.972269],[19.946537,49.972245],[19.946619,49.972248],[19.94673,49.972252],[19.946845,49.972247],[19.94684,49.972237],[19.946835,49.972204],[19.946823,49.972121],[19.946597,49.972089],[19.946322,49.972153],[19.94619,49.972202],[19.946118,49.972228],[19.94608,49.972269],[19.945978,49.972282],[19.945716,49.972221],[19.945425,49.972196],[19.945172,49.972212],[19.944917,49.972214],[19.944873,49.972243],[19.944847,49.972291],[19.944819,49.972335],[19.944829,49.972401],[19.94483,49.972493],[19.944925,49.972612],[19.944885,49.972662],[19.944737,49.972679],[19.944701,49.972686],[19.944616,49.972704],[19.944566,49.972766],[19.944517,49.972885],[19.944471,49.972963],[19.944443,49.97306],[19.944266,49.972986],[19.944169,49.973011],[19.943992,49.972884],[19.943949,49.972855],[19.943842,49.972836],[19.943774,49.972845],[19.943652,49.97288],[19.94359,49.972943],[19.943497,49.973008],[19.943354,49.973105],[19.943288,49.97315],[19.943208,49.973203],[19.943062,49.973235],[19.942932,49.973287],[19.942852,49.973338],[19.942807,49.973411],[19.942836,49.973499],[19.942871,49.97359],[19.942927,49.973676],[19.943019,49.973735],[19.943121,49.973813],[19.9432,49.973879],[19.943271,49.973944],[19.943037,49.974148],[19.942986,49.974118],[19.942832,49.974113],[19.942762,49.974119],[19.942719,49.974099],[19.942712,49.974065],[19.94267,49.97404],[19.942602,49.974035],[19.942545,49.974041],[19.942495,49.974073],[19.942474,49.974074],[19.94241,49.974132],[19.942376,49.974155],[19.942351,49.974208],[19.942316,49.97429],[19.942301,49.974393],[19.94227,49.974459],[19.942286,49.974483],[19.942273,49.974575],[19.942283,49.974638],[19.942258,49.974697],[19.942214,49.974764],[19.94214,49.974778],[19.941985,49.974818],[19.941964,49.974813],[19.941909,49.974828],[19.941889,49.974859],[19.941861,49.974867],[19.941821,49.97488],[19.941719,49.974953],[19.94164,49.975009],[19.941523,49.97509],[19.941451,49.975149],[19.941389,49.97519],[19.941251,49.975259],[19.941157,49.975293],[19.941066,49.975298],[19.940984,49.975266],[19.940893,49.975183],[19.940832,49.975157],[19.940747,49.975174],[19.940639,49.975226],[19.940598,49.975256],[19.940537,49.975325],[19.940503,49.975389],[19.940492,49.975491],[19.94047,49.975601],[19.940407,49.975666],[19.940344,49.975723],[19.940255,49.975744],[19.940184,49.975742],[19.940115,49.975728],[19.939943,49.975733],[19.939881,49.975721],[19.939791,49.975715],[19.93966,49.975749],[19.93964,49.975769],[19.939643,49.975792],[19.93964,49.975824],[19.939657,49.975889],[19.939681,49.975948],[19.939709,49.976011],[19.93968,49.976118],[19.939611,49.976186],[19.93952,49.976228],[19.939471,49.976237],[19.939422,49.976238],[19.93933,49.976236],[19.93929,49.97625],[19.939251,49.976266],[19.93917,49.976274],[19.939079,49.976271],[19.938982,49.976298],[19.938897,49.976336],[19.938846,49.976364],[19.938776,49.976389],[19.938676,49.976447],[19.938551,49.976462],[19.938509,49.976503],[19.938463,49.976585],[19.938461,49.976648],[19.938459,49.976766],[19.938452,49.976784],[19.938426,49.97681],[19.938326,49.976878],[19.938276,49.976919],[19.938177,49.976958],[19.938041,49.976969],[19.937991,49.976972],[19.937862,49.976954],[19.937774,49.976919],[19.93768,49.976863],[19.937636,49.976835],[19.9375,49.976782],[19.937366,49.976738],[19.937285,49.976712],[19.93719,49.976669],[19.937089,49.97665],[19.93695,49.976665],[19.936797,49.976712],[19.936743,49.976719],[19.936646,49.976716],[19.936513,49.976772],[19.936457,49.976788],[19.936365,49.97679],[19.936275,49.976824],[19.936217,49.976869],[19.936197,49.976927],[19.936152,49.976958],[19.936042,49.976977],[19.935945,49.977],[19.935861,49.977008],[19.935804,49.977049],[19.935755,49.977108],[19.935753,49.97716],[19.93575,49.977292],[19.935812,49.977323],[19.93589,49.977359],[19.935927,49.977375],[19.935928,49.977391],[19.935928,49.977407],[19.935916,49.977423],[19.935899,49.977449],[19.935877,49.977482],[19.935873,49.9775],[19.935873,49.977516],[19.935881,49.977541],[19.935897,49.977556],[19.935949,49.977571],[19.935957,49.977599],[19.935932,49.977644],[19.935894,49.977689],[19.935872,49.977715],[19.935872,49.977734],[19.935884,49.977759],[19.935886,49.977785],[19.935878,49.977804],[19.935854,49.977828],[19.935849,49.977843],[19.935833,49.977867],[19.9358,49.977897],[19.935785,49.977923],[19.93578,49.977945],[19.935756,49.977958],[19.935721,49.977953],[19.935692,49.977937],[19.935568,49.977937],[19.935254,49.978097],[19.935113,49.978165],[19.934903,49.978264],[19.934672,49.978308],[19.934601,49.978318],[19.934239,49.978362],[19.934017,49.978435],[19.933969,49.978458],[19.933783,49.978558],[19.933542,49.97872],[19.93322,49.978751],[19.933136,49.97879],[19.933063,49.978824],[19.933007,49.978859],[19.932842,49.97884],[19.932473,49.978792],[19.932378,49.97877],[19.932431,49.978898],[19.932492,49.97891],[19.93255,49.978921],[19.932634,49.978936],[19.932687,49.978948],[19.932752,49.978961],[19.932811,49.978966],[19.932864,49.978964],[19.932917,49.978969],[19.932954,49.978973],[19.932998,49.978976],[19.933166,49.978988],[19.933298,49.978989],[19.933498,49.978908],[19.933609,49.978859],[19.933809,49.978785],[19.933939,49.97869],[19.934017,49.978634],[19.934008,49.978619],[19.933993,49.978579],[19.934081,49.978596],[19.934405,49.978477],[19.934504,49.978427],[19.934553,49.978428],[19.9346,49.978426],[19.93465,49.978414],[19.934671,49.978412],[19.934714,49.97841],[19.934762,49.978405],[19.934798,49.978399],[19.934834,49.97839],[19.934867,49.978379],[19.934897,49.978374],[19.934936,49.97837],[19.934998,49.978362],[19.935046,49.978352],[19.935091,49.978338],[19.935121,49.978326],[19.935147,49.978314],[19.935182,49.978292],[19.93521,49.978271],[19.935278,49.97822],[19.935316,49.978206],[19.935379,49.978181],[19.935435,49.978157],[19.935457,49.97814],[19.935543,49.978082],[19.935566,49.978065],[19.935605,49.978053],[19.93563,49.978032],[19.935656,49.978018],[19.935689,49.978025],[19.935724,49.978042],[19.93575,49.978064],[19.935788,49.978073],[19.935818,49.978066],[19.935842,49.978052],[19.935866,49.978014],[19.935874,49.978],[19.935903,49.977982],[19.935943,49.977964],[19.935976,49.977949],[19.93603,49.977928],[19.936069,49.977912],[19.936076,49.977904],[19.936083,49.977894],[19.936094,49.977874],[19.936089,49.97786],[19.936065,49.977842],[19.936055,49.97783],[19.936042,49.977801],[19.936037,49.977767],[19.936042,49.977722],[19.936045,49.977696],[19.936056,49.977669],[19.936074,49.97764],[19.936096,49.977621],[19.936163,49.97752],[19.936174,49.977521],[19.936168,49.977493],[19.936151,49.977469],[19.936101,49.977452],[19.936077,49.977419],[19.936056,49.977396],[19.936045,49.977384],[19.936025,49.977365],[19.935992,49.977342],[19.93597,49.977319],[19.935954,49.977295],[19.935943,49.977271],[19.935938,49.977246],[19.935939,49.977187],[19.935936,49.977135],[19.936003,49.977118],[19.93607,49.9771],[19.936151,49.977085],[19.936197,49.977072],[19.936243,49.97705],[19.936271,49.977026],[19.936315,49.976972],[19.936345,49.97695],[19.936377,49.976933],[19.936415,49.976922],[19.936465,49.97692],[19.936521,49.97694],[19.93654,49.976946],[19.936568,49.97694],[19.936602,49.976919],[19.936617,49.976903],[19.936631,49.976888],[19.936638,49.976865],[19.936642,49.976842],[19.936663,49.976825],[19.9367,49.976815],[19.936771,49.976811],[19.936827,49.976804],[19.936871,49.976798],[19.936973,49.976783],[19.937048,49.976784],[19.937089,49.976784],[19.937157,49.976789],[19.937207,49.976801],[19.93726,49.976816],[19.937259,49.976834],[19.937337,49.976871],[19.937403,49.976906],[19.937463,49.976952],[19.937563,49.977014],[19.937632,49.977053],[19.937733,49.977072],[19.937863,49.977114],[19.937893,49.977115],[19.937929,49.977123],[19.937987,49.977131],[19.938063,49.977141],[19.938117,49.977136],[19.938174,49.977136],[19.938293,49.977122],[19.938262,49.97706],[19.938214,49.976983],[19.938366,49.976956],[19.938397,49.976942],[19.938451,49.977013],[19.938483,49.977061],[19.93854,49.977026],[19.93862,49.976991],[19.938753,49.976931],[19.938879,49.976744],[19.938767,49.976571],[19.938785,49.976554],[19.938796,49.976527],[19.938808,49.97651],[19.938844,49.976486],[19.938924,49.976456],[19.93899,49.976436],[19.939019,49.976427],[19.939034,49.976429],[19.939045,49.976441],[19.939062,49.976459],[19.93908,49.976464],[19.939102,49.976463],[19.939248,49.976442],[19.93935,49.976414],[19.939458,49.976393],[19.939529,49.976379],[19.939613,49.976359],[19.939705,49.976327],[19.939748,49.976308],[19.939816,49.97626],[19.939831,49.976232],[19.93985,49.976198],[19.939883,49.976158],[19.939913,49.976135],[19.939946,49.976119],[19.939978,49.976109],[19.940003,49.976103],[19.940014,49.976088],[19.940016,49.976065],[19.94001,49.97606],[19.939967,49.976032],[19.939941,49.976006],[19.939934,49.975986],[19.939922,49.975961],[19.939897,49.975921],[19.939855,49.97588],[19.939844,49.975853],[19.939855,49.975837],[19.939869,49.975829],[19.939919,49.975832],[19.939969,49.975841],[19.940014,49.975849],[19.940052,49.975854],[19.940086,49.97586],[19.940116,49.97587],[19.940136,49.975875],[19.940158,49.975875],[19.940173,49.975877],[19.9402,49.975874],[19.940227,49.975877],[19.940254,49.975872],[19.940276,49.975867],[19.940294,49.975861],[19.940324,49.975854],[19.940355,49.975848],[19.940381,49.975836],[19.940389,49.975828],[19.940383,49.97582],[19.940363,49.975815],[19.940362,49.975806],[19.940374,49.97579],[19.940396,49.975773],[19.940407,49.975767],[19.940417,49.975767],[19.940469,49.975776],[19.940497,49.975776],[19.940524,49.975771],[19.940546,49.975762],[19.940575,49.975758],[19.940608,49.975753],[19.940657,49.975749],[19.940674,49.975737],[19.940681,49.97572],[19.940676,49.975704],[19.940665,49.975684],[19.94065,49.975656],[19.940642,49.975639],[19.94064,49.975609],[19.940642,49.975582],[19.940656,49.975532],[19.940708,49.975468],[19.940753,49.975361],[19.94077,49.975341],[19.94081,49.975315],[19.940832,49.97532],[19.940881,49.975338],[19.9409,49.975355],[19.94091,49.975377],[19.940911,49.975412],[19.940921,49.975419],[19.940945,49.975414],[19.940976,49.975394],[19.941012,49.975384],[19.941039,49.975381],[19.941069,49.975382],[19.9411,49.975394],[19.941133,49.975409],[19.941185,49.975435],[19.941211,49.97544],[19.941236,49.97543],[19.941248,49.975398],[19.941264,49.975383],[19.941303,49.975367],[19.941375,49.975325],[19.941426,49.975303],[19.941483,49.975287],[19.941525,49.975282],[19.941572,49.975258],[19.941612,49.975209],[19.941634,49.975153],[19.941713,49.975109],[19.941758,49.975075],[19.941803,49.975049],[19.941843,49.975005],[19.941873,49.974984],[19.941898,49.974972],[19.941942,49.974961],[19.942019,49.974942],[19.942055,49.974879],[19.942086,49.974858],[19.942166,49.974877],[19.942207,49.974878],[19.942363,49.974817],[19.942395,49.97479],[19.94242,49.974755],[19.942429,49.974746],[19.942437,49.974715],[19.942422,49.974667],[19.942427,49.974464],[19.942442,49.974386],[19.942496,49.974297],[19.942506,49.974252],[19.94251,49.974205],[19.94257,49.974191],[19.942602,49.97418],[19.942618,49.97416],[19.942679,49.974164],[19.94276,49.974195],[19.942835,49.974199],[19.942945,49.974192]]]]}},{"type":"Feature","properties":{"warstwa":"dzialki"},"geometry":{"type":"MultiPolygon","coordinates":[[[[19.939473,49.970948],[19.939631,49.970683],[19.939755,49.9706],[19.939205,49.969933],[19.939137,49.969847],[19.938877,49.970073],[19.938633,49.970242],[19.938949,49.970534],[19.939473,49.970948]]]]}},{"type":"Feature","properties":{"warstwa":"dzialki"},"geometry":{"type":"MultiPolygon","coordinates":[[[[19.934553,49.96668],[19.934593,49.96669],[19.93496,49.966665],[19.935304,49.966621],[19.93539,49.966638],[19.935603,49.966603],[19.935816,49.966487],[19.935879,49.966429],[19.936086,49.966262],[19.935623,49.96651],[19.935468,49.966558],[19.935274,49.966569],[19.935093,49.966485],[19.934979,49.96648],[19.934829,49.966506],[19.934553,49.96668]]]]}},{"type":"Feature","properties":{"warstwa":"dzialki"},"geometry":{"type":"MultiPolygon","coordinates":[[[[19.918533,49.955678],[19.919338,49.955738],[19.919637,49.95576],[19.919693,49.955457],[19.919639,49.955339],[19.919742,49.955267],[19.920016,49.955362],[19.920204,49.955336],[19.920033,49.955283],[19.919995,49.955225],[19.918562,49.954995],[19.918533,49.955678]]]]}},{"type":"Feature","properties":{"warstwa":"dzialki"},"geometry":{"type":"MultiPolygon","coordinates":[[[[19.954232,49.977681],[19.954309,49.977517],[19.954477,49.97716],[19.954591,49.976937],[19.954459,49.976864],[19.954298,49.977177],[19.954187,49.977417],[19.954048,49.977722],[19.954044,49.977742],[19.953874,49.978025],[19.953733,49.978259],[19.953587,49.978486],[19.953577,49.978501],[19.953704,49.978585],[19.953736,49.978536],[19.953935,49.9782],[19.954034,49.97803],[19.954121,49.977879],[19.954232,49.977681]]]]}},{"type":"Feature","properties":{"warstwa":"dzialki"},"geometry":{"type":"MultiPolygon","coordinates":[[[[19.957935,49.977537],[19.957996,49.97752],[19.957993,49.977519],[19.957851,49.977496],[19.95773,49.977465],[19.957446,49.977366],[19.957304,49.977332],[19.957157,49.977312],[19.957137,49.977311],[19.957035,49.977599],[19.956973,49.977804],[19.956949,49.977844],[19.956999,49.977829],[19.957222,49.977785],[19.957461,49.977708],[19.957519,49.977694],[19.957573,49.977672],[19.957858,49.977559],[19.957935,49.977537]]]]}},{"type":"Feature","properties":{"warstwa":"dzialki"},"geometry":{"type":"MultiPolygon","coordinates":[[[[19.941465,49.971139],[19.94146,49.971113],[19.941411,49.971],[19.941382,49.970957],[19.941047,49.97102],[19.94082,49.970525],[19.94052,49.970558],[19.940757,49.971057],[19.940522,49.971098],[19.939575,49.971263],[19.939532,49.971379],[19.939436,49.97151],[19.939688,49.971463],[19.941465,49.971139]]]]}},{"type":"Feature","properties":{"warstwa":"dzialki"},"geometry":{"type":"MultiPolygon","coordinates":[[[[19.936668,49.968898],[19.936954,49.968594],[19.936712,49.968798],[19.936601,49.968921],[19.936657,49.96891],[19.936668,49.968898]]]]}},{"type":"Feature","properties":{"warstwa":"dzialki"},"geometry":{"type":"MultiPolygon","coordinates":[[[[19.92862,49.962552],[19.928981,49.962594],[19.929763,49.962651],[19.929725,49.962738],[19.929603,49.962858],[19.929432,49.962952],[19.929564,49.962981],[19.929637,49.963024],[19.929783,49.963104],[19.929841,49.963117],[19.929905,49.963108],[19.930023,49.963054],[19.930318,49.962887],[19.930163,49.962652],[19.929875,49.962335],[19.929846,49.962256],[19.929603,49.962246],[19.929485,49.96226],[19.929403,49.962302],[19.929297,49.962377],[19.929107,49.962447],[19.928807,49.962461],[19.92862,49.962552]]]]}},{"type":"Feature","properties":{"warstwa":"dzialki"},"geometry":{"type":"MultiPolygon","coordinates":[[[[19.941876,49.971617],[19.942693,49.973954],[19.942825,49.973928],[19.942961,49.973924],[19.943101,49.973942],[19.943271,49.973944],[19.9432,49.973879],[19.943121,49.973813],[19.943019,49.973735],[19.942927,49.973676],[19.942871,49.97359],[19.942836,49.973499],[19.942807,49.973411],[19.94217,49.971573],[19.942003,49.97159],[19.941886,49.971615],[19.941876,49.971617]]]]}},{"type":"Feature","properties":{"warstwa":"dzialki"},"geometry":{"type":"MultiPolygon","coordinates":[[[[19.952009,49.976053],[19.952201,49.976061],[19.9523,49.975812],[19.952377,49.975624],[19.952501,49.975325],[19.952396,49.975206],[19.95237,49.975177],[19.952293,49.975297],[19.952235,49.975401],[19.952112,49.975634],[19.952067,49.975775],[19.952009,49.976053]]]]}},{"type":"Feature","properties":{"warstwa":"dzialki"},"geometry":{"type":"MultiPolygon","coordinates":[[[[19.935592,49.966949],[19.935606,49.967168],[19.935788,49.967532],[19.936002,49.96752],[19.936067,49.967491],[19.936086,49.967415],[19.936384,49.96729],[19.936671,49.967182],[19.936582,49.967098],[19.935988,49.96707],[19.935911,49.966995],[19.935592,49.966949]]]]}},{"type":"Feature","properties":{"warstwa":"dzialki"},"geometry":{"type":"MultiPolygon","coordinates":[[[[19.942621,49.971449],[19.942621,49.971508],[19.943208,49.973203],[19.943288,49.97315],[19.943354,49.973105],[19.943497,49.973008],[19.94359,49.972943],[19.94361,49.972922],[19.943093,49.971364],[19.942988,49.971389],[19.94272,49.971433],[19.942621,49.971449]]]]}},{"type":"Feature","properties":{"warstwa":"dzialki"},"geometry":{"type":"MultiPolygon","coordinates":[[[[19.951853,49.976052],[19.952009,49.976053],[19.952067,49.975775],[19.952112,49.975634],[19.952235,49.975401],[19.952036,49.975379],[19.951971,49.9755],[19.951922,49.975638],[19.951883,49.97581],[19.951853,49.976052]]]]}},{"type":"Feature","properties":{"warstwa":"dzialki"},"geometry":{"type":"MultiPolygon","coordinates":[[[[19.922918,49.957926],[19.923053,49.958393],[19.923019,49.958417],[19.922956,49.958461],[19.923047,49.958521],[19.923356,49.95828],[19.923407,49.958241],[19.923913,49.958218],[19.924736,49.958191],[19.924724,49.958043],[19.924892,49.957997],[19.924945,49.957928],[19.925224,49.95798],[19.925343,49.958037],[19.925709,49.957674],[19.925606,49.957544],[19.925595,49.957413],[19.925478,49.957273],[19.925582,49.957233],[19.924574,49.957223],[19.924572,49.957355],[19.924566,49.95769],[19.923758,49.957683],[19.92376,49.957762],[19.923739,49.957841],[19.923337,49.957643],[19.922918,49.957926]]]]}},{"type":"Feature","properties":{"warstwa":"dzialki"},"geometry":{"type":"MultiPolygon","coordinates":[[[[19.929005,49.965682],[19.929155,49.965693],[19.929229,49.965685],[19.929775,49.965218],[19.929817,49.965223],[19.930875,49.964431],[19.93117,49.964181],[19.931581,49.963908],[19.931489,49.963867],[19.931446,49.963837],[19.931116,49.964053],[19.930703,49.964346],[19.930406,49.964548],[19.929268,49.965468],[19.929028,49.965663],[19.929005,49.965682]]]]}},{"type":"Feature","properties":{"warstwa":"dzialki"},"geometry":{"type":"MultiPolygon","coordinates":[[[[19.95151,49.976791],[19.951859,49.977048],[19.951907,49.976962],[19.952059,49.976655],[19.952329,49.97612],[19.952065,49.97609],[19.951912,49.976081],[19.951791,49.97608],[19.951762,49.976219],[19.951714,49.976369],[19.951647,49.976526],[19.95151,49.976791]]]]}},{"type":"Feature","properties":{"warstwa":"dzialki"},"geometry":{"type":"MultiPolygon","coordinates":[[[[19.946034,49.972753],[19.945957,49.972803],[19.945728,49.972793],[19.945744,49.972636],[19.945859,49.972641],[19.945596,49.972474],[19.945607,49.972441],[19.945807,49.972426],[19.945923,49.972457],[19.945834,49.972369],[19.945609,49.972287],[19.945524,49.97228],[19.945432,49.972281],[19.945394,49.972284],[19.945522,49.972788],[19.945631,49.973232],[19.945674,49.973406],[19.946035,49.973383],[19.946397,49.97336],[19.946405,49.973325],[19.946354,49.973308],[19.946397,49.97314],[19.946246,49.972918],[19.94621,49.972883],[19.946078,49.972782],[19.946034,49.972753]]]]}},{"type":"Feature","properties":{"warstwa":"dzialki"},"geometry":{"type":"MultiPolygon","coordinates":[[[[19.926512,49.960022],[19.926904,49.959789],[19.926201,49.959464],[19.926603,49.959296],[19.926651,49.959272],[19.926744,49.95917],[19.926614,49.959124],[19.926719,49.95899],[19.926496,49.958994],[19.926432,49.959055],[19.926063,49.959016],[19.925715,49.959378],[19.925608,49.959512],[19.925946,49.959675],[19.925904,49.95971],[19.925809,49.95982],[19.926416,49.960096],[19.926436,49.960077],[19.926512,49.960022]]]]}},{"type":"Feature","properties":{"warstwa":"dzialki"},"geometry":{"type":"MultiPolygon","coordinates":[[[[19.950102,49.974209],[19.950149,49.973887],[19.950177,49.973839],[19.95011,49.973799],[19.950068,49.973779],[19.95004,49.973876],[19.949998,49.974198],[19.949981,49.974583],[19.949971,49.975205],[19.950098,49.975204],[19.950093,49.974965],[19.950094,49.974676],[19.950102,49.974209]]]]}},{"type":"Feature","properties":{"warstwa":"dzialki"},"geometry":{"type":"MultiPolygon","coordinates":[[[[19.947115,49.974209],[19.947104,49.974248],[19.946998,49.974606],[19.946992,49.974648],[19.946972,49.974706],[19.946992,49.974707],[19.947359,49.974712],[19.947479,49.974714],[19.947535,49.974291],[19.947543,49.974231],[19.947115,49.974209]]]]}},{"type":"Feature","properties":{"warstwa":"dzialki"},"geometry":{"type":"MultiPolygon","coordinates":[[[[19.934195,49.966604],[19.934321,49.966622],[19.93614,49.965477],[19.936057,49.965381],[19.935618,49.96565],[19.935351,49.965824],[19.934943,49.966092],[19.934497,49.966378],[19.934247,49.966542],[19.934195,49.966604]]]]}},{"type":"Feature","properties":{"warstwa":"dzialki"},"geometry":{"type":"MultiPolygon","coordinates":[[[[19.92689,49.960632],[19.926921,49.960873],[19.926904,49.961003],[19.926945,49.961182],[19.927557,49.961145],[19.927595,49.961113],[19.927816,49.961001],[19.927689,49.960884],[19.927484,49.960577],[19.927428,49.96042],[19.92745,49.960285],[19.927145,49.96033],[19.927028,49.960489],[19.926968,49.960531],[19.92689,49.960632]]]]}},{"type":"Feature","properties":{"warstwa":"dzialki"},"geometry":{"type":"MultiPolygon","coordinates":[[[[19.945707,49.973544],[19.945674,49.973406],[19.945631,49.973232],[19.945522,49.972788],[19.945394,49.972284],[19.945224,49.972299],[19.945117,49.972317],[19.945083,49.972328],[19.945067,49.972344],[19.945056,49.972374],[19.945066,49.972389],[19.945186,49.972482],[19.945259,49.972615],[19.945278,49.97263],[19.945302,49.972666],[19.945316,49.972691],[19.94533,49.972758],[19.945341,49.972783],[19.945336,49.972801],[19.945303,49.972836],[19.94521,49.972867],[19.945164,49.97287],[19.94506,49.972859],[19.944952,49.972882],[19.945042,49.973058],[19.945117,49.973214],[19.945238,49.973465],[19.945261,49.973565],[19.94548,49.973549],[19.945707,49.973544]]]]}},{"type":"Feature","properties":{"warstwa":"dzialki"},"geometry":{"type":"MultiPolygon","coordinates":[[[[19.937007,49.968558],[19.937108,49.968528],[19.937448,49.968429],[19.937611,49.968382],[19.937432,49.968173],[19.937166,49.968242],[19.937007,49.968558]]]]}},{"type":"Feature","properties":{"warstwa":"dzialki"},"geometry":{"type":"MultiPolygon","coordinates":[[[[19.925743,49.960977],[19.926206,49.961027],[19.926568,49.961011],[19.926713,49.96099],[19.926727,49.960879],[19.926739,49.960785],[19.926751,49.960695],[19.926743,49.960694],[19.926738,49.960665],[19.926766,49.960658],[19.926739,49.960587],[19.926631,49.960591],[19.926836,49.960505],[19.926852,49.960617],[19.926922,49.96053],[19.926989,49.960468],[19.92669,49.960342],[19.926488,49.960235],[19.92634,49.96017],[19.925743,49.960977]]]]}},{"type":"Feature","properties":{"warstwa":"dzialki"},"geometry":{"type":"MultiPolygon","coordinates":[[[[19.932977,49.967813],[19.933051,49.967854],[19.934167,49.967917],[19.93428,49.967763],[19.936058,49.967662],[19.936002,49.96752],[19.935788,49.967532],[19.935606,49.967168],[19.935592,49.966949],[19.935401,49.966922],[19.935211,49.966753],[19.93467,49.966741],[19.934262,49.966803],[19.934197,49.966645],[19.933882,49.966567],[19.933839,49.966871],[19.934244,49.966828],[19.934245,49.966992],[19.934985,49.966954],[19.935161,49.967023],[19.935278,49.967151],[19.934241,49.967168],[19.934235,49.967334],[19.934217,49.967396],[19.933911,49.967815],[19.933551,49.967799],[19.933157,49.967807],[19.932977,49.967813]]]]}},{"type":"Feature","properties":{"warstwa":"dzialki"},"geometry":{"type":"MultiPolygon","coordinates":[[[[19.931878,49.967599],[19.931899,49.967631],[19.932396,49.967532],[19.932538,49.967511],[19.9327,49.967509],[19.933017,49.967565],[19.933128,49.967568],[19.933157,49.967807],[19.933551,49.967799],[19.933911,49.967815],[19.934217,49.967396],[19.934235,49.967334],[19.934241,49.967168],[19.935278,49.967151],[19.935161,49.967023],[19.934985,49.966954],[19.934245,49.966992],[19.934244,49.966828],[19.933839,49.966871],[19.933374,49.96698],[19.933336,49.966898],[19.933466,49.966742],[19.933449,49.966645],[19.933515,49.966423],[19.933474,49.96638],[19.933039,49.96672],[19.933043,49.967027],[19.933147,49.967528],[19.932855,49.967488],[19.932751,49.967475],[19.932651,49.967476],[19.932514,49.967482],[19.932206,49.967533],[19.931878,49.967599]]]]}},{"type":"Feature","properties":{"warstwa":"dzialki"},"geometry":{"type":"MultiPolygon","coordinates":[[[[19.926596,49.960162],[19.927078,49.960366],[19.927112,49.960304],[19.926705,49.960122],[19.926512,49.960022],[19.926436,49.960077],[19.926596,49.960162]]]]}},{"type":"Feature","properties":{"warstwa":"dzialki"},"geometry":{"type":"MultiPolygon","coordinates":[[[[19.920131,49.954731],[19.920145,49.954726],[19.920202,49.954728],[19.920222,49.954714],[19.920272,49.954683],[19.920341,49.954681],[19.92039,49.954686],[19.920412,49.954701],[19.920455,49.95471],[19.920532,49.95471],[19.920639,49.954685],[19.920768,49.954672],[19.920804,49.954664],[19.920863,49.954616],[19.920886,49.954556],[19.920947,49.954498],[19.918647,49.954123],[19.918599,49.954491],[19.919243,49.954604],[19.920131,49.954731]]]]}},{"type":"Feature","properties":{"warstwa":"dzialki"},"geometry":{"type":"MultiPolygon","coordinates":[[[[19.9377,49.968984],[19.938034,49.969421],[19.938524,49.970101],[19.938469,49.970117],[19.938547,49.970226],[19.93859,49.970268],[19.938633,49.970242],[19.938877,49.970073],[19.939137,49.969847],[19.938889,49.969536],[19.938724,49.969316],[19.93853,49.969058],[19.938332,49.968802],[19.93833,49.968799],[19.9377,49.968984]]]]}},{"type":"Feature","properties":{"warstwa":"dzialki"},"geometry":{"type":"MultiPolygon","coordinates":[[[[19.969763,49.998155],[19.969307,49.997937],[19.969237,49.997906],[19.96879,49.997696],[19.968731,49.997668],[19.968679,49.997647],[19.968486,49.997565],[19.968249,49.997464],[19.968247,49.997489],[19.968493,49.997589],[19.96872,49.997678],[19.969032,49.997825],[19.969272,49.997935],[19.969525,49.998062],[19.969769,49.998181],[19.969763,49.998155]]]]}},{"type":"Feature","properties":{"warstwa":"dzialki"},"geometry":{"type":"MultiPolygon","coordinates":[[[[19.969636,49.998966],[19.96969,49.99897],[19.969681,49.998925],[19.969731,49.998623],[19.969827,49.99823],[19.969794,49.998216],[19.969659,49.998837],[19.969638,49.998955],[19.969636,49.998966]]]]}},{"type":"Feature","properties":{"warstwa":"dzialki"},"geometry":{"type":"MultiPolygon","coordinates":[[[[19.966423,49.987707],[19.966427,49.987755],[19.967406,49.987706],[19.967542,49.987636],[19.967329,49.98765],[19.966908,49.987695],[19.966705,49.987709],[19.966423,49.987707]]]]}},{"type":"Feature","properties":{"warstwa":"dzialki"},"geometry":{"type":"MultiPolygon","coordinates":[[[[19.969138,50.001486],[19.969123,50.001517],[19.969117,50.001562],[19.969367,50.001502],[19.969475,50.001477],[19.969138,50.001486]]]]}},{"type":"Feature","properties":{"warstwa":"dzialki"},"geometry":{"type":"MultiPolygon","coordinates":[[[[19.969037,50.001528],[19.969073,50.001529],[19.969207,50.001116],[19.969175,50.001135],[19.969048,50.00151],[19.969037,50.001528]]]]}},{"type":"Feature","properties":{"warstwa":"dzialki"},"geometry":{"type":"MultiPolygon","coordinates":[[[[19.969117,50.001562],[19.969094,50.001567],[19.969003,50.001673],[19.9689,50.001802],[19.968882,50.001896],[19.968952,50.001758],[19.96909,50.001604],[19.969112,50.001581],[19.969117,50.001562]]]]}},{"type":"Feature","properties":{"warstwa":"dzialki"},"geometry":{"type":"MultiPolygon","coordinates":[[[[19.96938,49.994422],[19.969374,49.994437],[19.96969,49.994451],[19.969794,49.994453],[19.9698,49.994434],[19.969688,49.994431],[19.969451,49.994425],[19.96938,49.994422]]]]}},{"type":"Feature","properties":{"warstwa":"dzialki"},"geometry":{"type":"MultiPolygon","coordinates":[[[[19.969138,50.001486],[19.969264,50.001116],[19.969328,50.000871],[19.969094,50.001567],[19.969117,50.001562],[19.969123,50.001517],[19.969138,50.001486]]]]}},{"type":"Feature","properties":{"warstwa":"dzialki"},"geometry":{"type":"MultiPolygon","coordinates":[[[[19.963586,49.983804],[19.963567,49.983714],[19.963465,49.983693],[19.963569,49.983788],[19.963586,49.983804]]]]}},{"type":"Feature","properties":{"warstwa":"dzialki"},"geometry":{"type":"MultiPolygon","coordinates":[[[[19.970412,49.994212],[19.970428,49.994154],[19.970404,49.994152],[19.970394,49.994209],[19.970412,49.994212]]]]}},{"type":"Feature","properties":{"warstwa":"dzialki"},"geometry":{"type":"MultiPolygon","coordinates":[[[[19.927548,49.961765],[19.927613,49.962198],[19.927942,49.962437],[19.927969,49.962583],[19.928413,49.962635],[19.92852,49.962597],[19.92862,49.962552],[19.928807,49.962461],[19.928743,49.96234],[19.928487,49.962173],[19.928162,49.962012],[19.927548,49.961765]]]]}},{"type":"Feature","properties":{"warstwa":"dzialki"},"geometry":{"type":"MultiPolygon","coordinates":[[[[19.931642,49.965701],[19.931735,49.965717],[19.931797,49.965741],[19.93189,49.965809],[19.932129,49.965912],[19.932294,49.966015],[19.932412,49.966059],[19.932492,49.966069],[19.932535,49.966069],[19.932633,49.966052],[19.932717,49.966022],[19.932811,49.965981],[19.933195,49.965557],[19.933323,49.965393],[19.933435,49.965249],[19.9335,49.96515],[19.933512,49.965119],[19.933526,49.965043],[19.933513,49.964926],[19.933182,49.964916],[19.933007,49.964794],[19.933063,49.964724],[19.933014,49.964683],[19.932578,49.964951],[19.932491,49.96499],[19.932233,49.965055],[19.932164,49.965063],[19.931846,49.965183],[19.931994,49.965486],[19.931642,49.965701]]]]}},{"type":"Feature","properties":{"warstwa":"dzialki"},"geometry":{"type":"MultiPolygon","coordinates":[[[[19.933051,49.967854],[19.93326,49.968043],[19.9333,49.968126],[19.933371,49.968087],[19.933412,49.96807],[19.933625,49.968085],[19.933737,49.968095],[19.933759,49.968143],[19.933809,49.96816],[19.934014,49.968135],[19.934146,49.968135],[19.934233,49.968135],[19.934433,49.968068],[19.934493,49.968065],[19.934479,49.968136],[19.93442,49.96844],[19.934379,49.968544],[19.934374,49.968566],[19.934349,49.968673],[19.934459,49.968729],[19.934659,49.968782],[19.934674,49.968783],[19.934919,49.968839],[19.93506,49.968574],[19.935591,49.968635],[19.93562,49.968359],[19.935618,49.967971],[19.935904,49.967923],[19.936152,49.967896],[19.936058,49.967662],[19.93428,49.967763],[19.934167,49.967917],[19.933051,49.967854]]]]}},{"type":"Feature","properties":{"warstwa":"dzialki"},"geometry":{"type":"MultiPolygon","coordinates":[[[[19.921603,49.956613],[19.921601,49.956836],[19.921599,49.956935],[19.921607,49.957011],[19.921627,49.957143],[19.921657,49.957228],[19.921728,49.957367],[19.921801,49.957464],[19.922433,49.957191],[19.922548,49.957395],[19.922701,49.957632],[19.922757,49.957712],[19.922918,49.957926],[19.923337,49.957643],[19.923739,49.957841],[19.92376,49.957762],[19.923758,49.957683],[19.923761,49.95748],[19.923764,49.957215],[19.923774,49.956871],[19.923789,49.95646],[19.923776,49.956126],[19.923816,49.95592],[19.924291,49.956039],[19.924451,49.955875],[19.924473,49.955686],[19.924527,49.955504],[19.924595,49.955104],[19.924645,49.954843],[19.924725,49.954563],[19.923818,49.954424],[19.923151,49.954211],[19.923107,49.954272],[19.923057,49.954344],[19.922966,49.954458],[19.922959,49.95447],[19.922973,49.954477],[19.922864,49.95465],[19.923118,49.954752],[19.922669,49.955312],[19.922891,49.955405],[19.922999,49.955476],[19.923092,49.955601],[19.923093,49.955687],[19.923094,49.955734],[19.923134,49.955797],[19.923259,49.955895],[19.923278,49.955907],[19.923306,49.955952],[19.923324,49.955995],[19.923302,49.956044],[19.923263,49.956085],[19.923211,49.956114],[19.92299,49.956142],[19.92279,49.956168],[19.92257,49.956197],[19.922416,49.956221],[19.921912,49.956329],[19.921611,49.956381],[19.921603,49.956613]]]]}},{"type":"Feature","properties":{"warstwa":"dzialki"},"geometry":{"type":"MultiPolygon","coordinates":[[[[19.928652,49.958384],[19.928673,49.958609],[19.928703,49.958466],[19.92874,49.958492],[19.928742,49.95889],[19.928754,49.958909],[19.928859,49.958986],[19.928903,49.959018],[19.929138,49.95914],[19.929202,49.959194],[19.929515,49.959387],[19.9298,49.959557],[19.929801,49.959557],[19.929833,49.959575],[19.930151,49.959751],[19.930179,49.959765],[19.930274,49.959811],[19.930572,49.959976],[19.930698,49.960045],[19.931064,49.960279],[19.931312,49.960433],[19.931564,49.960588],[19.931912,49.960816],[19.932172,49.961006],[19.932196,49.961024],[19.932392,49.961164],[19.93243,49.961187],[19.932503,49.961232],[19.932573,49.961275],[19.933271,49.961694],[19.933368,49.961759],[19.933479,49.961843],[19.933566,49.96189],[19.933621,49.961931],[19.933758,49.961961],[19.933943,49.962232],[19.934093,49.962525],[19.934303,49.962926],[19.934356,49.963028],[19.934381,49.963025],[19.934407,49.963066],[19.934378,49.963072],[19.93467,49.963638],[19.934717,49.963718],[19.934741,49.963717],[19.93474,49.963732],[19.934729,49.963737],[19.934739,49.963752],[19.934766,49.963794],[19.934787,49.963782],[19.93483,49.963754],[19.934954,49.96389],[19.935019,49.964051],[19.935109,49.964231],[19.935219,49.964414],[19.935374,49.964597],[19.935681,49.964939],[19.935721,49.96491],[19.935742,49.96493],[19.9359,49.965088],[19.935836,49.965124],[19.936019,49.965337],[19.936057,49.965381],[19.936119,49.965342],[19.936308,49.965569],[19.936248,49.965602],[19.936538,49.965965],[19.936631,49.965924],[19.936653,49.965954],[19.936565,49.965999],[19.936714,49.966204],[19.93688,49.966431],[19.937054,49.966728],[19.937148,49.967058],[19.937167,49.967317],[19.937062,49.967788],[19.937051,49.967837],[19.936919,49.968208],[19.936874,49.968306],[19.936729,49.968574],[19.936537,49.968776],[19.936429,49.96889],[19.936292,49.969012],[19.936209,49.969085],[19.935829,49.969395],[19.935783,49.96944],[19.935431,49.969725],[19.935114,49.969975],[19.935099,49.969976],[19.934983,49.970077],[19.934494,49.970472],[19.934383,49.970565],[19.934365,49.970561],[19.934227,49.970723],[19.934211,49.97075],[19.934201,49.970774],[19.934123,49.970966],[19.9341,49.971023],[19.934097,49.971144],[19.934093,49.971276],[19.934098,49.971307],[19.934123,49.971469],[19.93416,49.9717],[19.934167,49.971751],[19.934193,49.971913],[19.934286,49.972212],[19.934377,49.972507],[19.934392,49.972554],[19.934394,49.97256],[19.93451,49.972768],[19.934518,49.972787],[19.934522,49.9728],[19.934583,49.972997],[19.934238,49.973057],[19.933878,49.973081],[19.933389,49.973101],[19.933354,49.973103],[19.933421,49.973236],[19.93362,49.973222],[19.933996,49.973196],[19.934192,49.973157],[19.934459,49.973103],[19.934917,49.97299],[19.934868,49.972906],[19.934645,49.972979],[19.934527,49.972668],[19.934352,49.972255],[19.934297,49.971957],[19.934421,49.971926],[19.934412,49.971883],[19.934391,49.97178],[19.934368,49.971649],[19.934279,49.971673],[19.934241,49.97136],[19.934229,49.971261],[19.934333,49.971012],[19.934391,49.970827],[19.934446,49.970707],[19.934504,49.970566],[19.934644,49.970528],[19.934723,49.970507],[19.934953,49.970327],[19.934592,49.970426],[19.934721,49.970334],[19.935025,49.970205],[19.935216,49.970051],[19.935314,49.969961],[19.935414,49.969862],[19.935527,49.969663],[19.935678,49.969535],[19.935833,49.969454],[19.936029,49.969384],[19.936036,49.969397],[19.936073,49.969369],[19.936165,49.969298],[19.936473,49.969062],[19.936601,49.968921],[19.936712,49.968798],[19.936954,49.968594],[19.936976,49.968567],[19.937007,49.968558],[19.937166,49.968242],[19.937193,49.968187],[19.937233,49.967973],[19.937274,49.967755],[19.937282,49.967711],[19.937354,49.967331],[19.937352,49.967267],[19.937359,49.967012],[19.937199,49.96657],[19.937176,49.966537],[19.937123,49.96644],[19.937084,49.966367],[19.93704,49.966286],[19.936962,49.966172],[19.936836,49.965978],[19.936504,49.965628],[19.936409,49.965534],[19.935907,49.96494],[19.935732,49.964746],[19.93553,49.964513],[19.935425,49.964391],[19.935257,49.964181],[19.935235,49.964147],[19.935093,49.963928],[19.934999,49.963757],[19.934976,49.963719],[19.934859,49.963528],[19.934742,49.963337],[19.934618,49.963135],[19.934494,49.962932],[19.934406,49.962956],[19.934195,49.962624],[19.934053,49.962353],[19.934193,49.962316],[19.934094,49.962147],[19.93399,49.962211],[19.933833,49.961938],[19.933289,49.961656],[19.93267,49.961216],[19.932568,49.96115],[19.932521,49.961133],[19.932237,49.960979],[19.931793,49.96067],[19.931714,49.960617],[19.93139,49.960398],[19.931738,49.960602],[19.931823,49.960652],[19.932219,49.960856],[19.932147,49.96081],[19.932098,49.960778],[19.93209,49.960774],[19.931726,49.960548],[19.9317,49.960519],[19.931456,49.96036],[19.931266,49.960241],[19.931087,49.960114],[19.930932,49.96002],[19.930911,49.960032],[19.930885,49.960013],[19.930908,49.960001],[19.930666,49.959867],[19.930359,49.959702],[19.930336,49.959683],[19.92988,49.959453],[19.929771,49.959381],[19.92964,49.959294],[19.92959,49.959261],[19.929406,49.95914],[19.929399,49.959134],[19.9292,49.958991],[19.928997,49.958831],[19.928913,49.958768],[19.928842,49.958501],[19.928828,49.958397],[19.92883,49.958364],[19.928822,49.958302],[19.928831,49.958251],[19.928851,49.957949],[19.928872,49.957795],[19.928965,49.957332],[19.929032,49.957211],[19.929045,49.957193],[19.929241,49.957063],[19.929322,49.956931],[19.929349,49.956825],[19.929364,49.95679],[19.929532,49.95647],[19.929655,49.956264],[19.929686,49.956143],[19.929662,49.955697],[19.929648,49.955385],[19.929759,49.95527],[19.929989,49.955152],[19.930675,49.954783],[19.930913,49.954661],[19.931357,49.954434],[19.931681,49.954299],[19.932022,49.954158],[19.932179,49.954092],[19.932354,49.95404],[19.932442,49.954013],[19.932471,49.954004],[19.93253,49.953987],[19.93272,49.953931],[19.93273,49.953928],[19.932783,49.953915],[19.933237,49.953807],[19.933598,49.95372],[19.933698,49.953696],[19.933995,49.95361],[19.934046,49.953595],[19.934155,49.953563],[19.934213,49.953546],[19.93429,49.953524],[19.9343,49.953518],[19.934272,49.953405],[19.934148,49.953415],[19.934051,49.953352],[19.933674,49.95294],[19.933583,49.952848],[19.933358,49.952613],[19.932908,49.952136],[19.932293,49.951511],[19.932215,49.951583],[19.933544,49.952946],[19.934205,49.953521],[19.934051,49.953583],[19.93375,49.953661],[19.933376,49.953744],[19.933282,49.953662],[19.933213,49.953683],[19.932521,49.953873],[19.931963,49.954028],[19.931855,49.954073],[19.931643,49.954166],[19.931323,49.954307],[19.931201,49.954361],[19.930999,49.954469],[19.93057,49.954699],[19.93022,49.954882],[19.929991,49.955002],[19.929484,49.955239],[19.929382,49.955289],[19.929468,49.955907],[19.929491,49.956168],[19.929377,49.956356],[19.929047,49.956626],[19.928902,49.956795],[19.928826,49.956922],[19.928774,49.95711],[19.928766,49.957138],[19.928753,49.957183],[19.928749,49.957199],[19.928715,49.957313],[19.928709,49.957333],[19.928697,49.957503],[19.928692,49.957513],[19.928681,49.957678],[19.92867,49.957859],[19.928665,49.957941],[19.928661,49.958043],[19.928652,49.958339],[19.928652,49.958384]],[[19.936836,49.965978],[19.936781,49.965992],[19.936453,49.965641],[19.936302,49.965478],[19.936023,49.965159],[19.935835,49.964958],[19.935872,49.964949],[19.935963,49.965041],[19.936269,49.965402],[19.936485,49.965633],[19.936644,49.965808],[19.936836,49.965978]]]]}},{"type":"Feature","properties":{"warstwa":"dzialki"},"geometry":{"type":"MultiPolygon","coordinates":[[[[19.9317,49.96396],[19.932049,49.964117],[19.932216,49.964194],[19.932668,49.963904],[19.932624,49.963831],[19.932633,49.963676],[19.932677,49.963487],[19.932795,49.963218],[19.932937,49.962982],[19.932422,49.962825],[19.93233,49.962864],[19.932218,49.962935],[19.932115,49.963031],[19.932107,49.963036],[19.932248,49.963278],[19.932294,49.963465],[19.932336,49.96352],[19.931996,49.963493],[19.9317,49.96396]]]]}},{"type":"Feature","properties":{"warstwa":"dzialki"},"geometry":{"type":"MultiPolygon","coordinates":[[[[19.923764,49.957215],[19.923761,49.95748],[19.924572,49.957355],[19.924574,49.957223],[19.923764,49.957215]]]]}},{"type":"Feature","properties":{"warstwa":"dzialki"},"geometry":{"type":"MultiPolygon","coordinates":[[[[19.970471,49.994126],[19.970464,49.994189],[19.970435,49.994296],[19.970404,49.994377],[19.970397,49.994387],[19.97055,49.994378],[19.971244,49.994287],[19.970927,49.994125],[19.970823,49.994263],[19.970608,49.994192],[19.970471,49.994126]]]]}},{"type":"Feature","properties":{"warstwa":"dzialki"},"geometry":{"type":"MultiPolygon","coordinates":[[[[19.969894,49.993181],[19.969389,49.993111],[19.969388,49.993141],[19.969392,49.993218],[19.96986,49.993284],[19.969894,49.993181]]]]}},{"type":"Feature","properties":{"warstwa":"dzialki"},"geometry":{"type":"MultiPolygon","coordinates":[[[[19.969073,50.001529],[19.969037,50.001528],[19.969014,50.001568],[19.968859,50.00175],[19.968786,50.001888],[19.968758,50.002006],[19.968716,50.002201],[19.968744,50.002203],[19.96886,50.001805],[19.968936,50.00168],[19.969072,50.001534],[19.969073,50.001529]]]]}},{"type":"Feature","properties":{"warstwa":"dzialki"},"geometry":{"type":"MultiPolygon","coordinates":[[[[19.96989,49.998084],[19.969835,49.997673],[19.969788,49.997746],[19.969845,49.998084],[19.969812,49.998142],[19.969827,49.99823],[19.969841,49.998182],[19.96989,49.998084]]]]}},{"type":"Feature","properties":{"warstwa":"dzialki"},"geometry":{"type":"MultiPolygon","coordinates":[[[[19.957852,49.978784],[19.958038,49.978864],[19.958229,49.978631],[19.958171,49.978595],[19.957964,49.978679],[19.957852,49.978784]]]]}},{"type":"Feature","properties":{"warstwa":"dzialki"},"geometry":{"type":"MultiPolygon","coordinates":[[[[19.958258,49.977931],[19.958239,49.977992],[19.958188,49.978097],[19.958086,49.978292],[19.958197,49.97837],[19.958261,49.978312],[19.958309,49.978262],[19.958348,49.978203],[19.958356,49.978183],[19.958386,49.978107],[19.958411,49.978043],[19.95844,49.977971],[19.958258,49.977931]]]]}},{"type":"Feature","properties":{"warstwa":"dzialki"},"geometry":{"type":"MultiPolygon","coordinates":[[[[19.962257,49.981316],[19.962313,49.981224],[19.962338,49.981148],[19.962146,49.981115],[19.961721,49.981069],[19.961692,49.981244],[19.962257,49.981316]]]]}},{"type":"Feature","properties":{"warstwa":"dzialki"},"geometry":{"type":"MultiPolygon","coordinates":[[[[19.969578,49.999951],[19.969635,49.999504],[19.969702,49.999027],[19.96969,49.99897],[19.969578,49.999951]]]]}},{"type":"Feature","properties":{"warstwa":"dzialki"},"geometry":{"type":"MultiPolygon","coordinates":[[[[19.969374,49.994437],[19.969271,49.994726],[19.969511,49.994752],[19.969686,49.994773],[19.969794,49.994453],[19.96969,49.994451],[19.969374,49.994437]]]]}},{"type":"Feature","properties":{"warstwa":"dzialki"},"geometry":{"type":"MultiPolygon","coordinates":[[[[19.969317,49.989871],[19.969377,49.989823],[19.969082,49.989608],[19.968945,49.98953],[19.968713,49.989502],[19.968476,49.98954],[19.968213,49.989614],[19.968436,49.989577],[19.968678,49.989567],[19.968826,49.989553],[19.968962,49.989602],[19.969078,49.989723],[19.969148,49.989823],[19.969317,49.989871]]]]}},{"type":"Feature","properties":{"warstwa":"dzialki"},"geometry":{"type":"MultiPolygon","coordinates":[[[[19.969812,49.998142],[19.969845,49.998084],[19.969788,49.997746],[19.96975,49.997807],[19.969735,49.997877],[19.969752,49.997957],[19.969803,49.998091],[19.969812,49.998142]]]]}},{"type":"Feature","properties":{"warstwa":"dzialki"},"geometry":{"type":"MultiPolygon","coordinates":[[[[19.962798,49.980611],[19.962894,49.980462],[19.963058,49.980243],[19.963172,49.980101],[19.963134,49.980096],[19.963014,49.980237],[19.962865,49.98045],[19.962764,49.980605],[19.962558,49.980925],[19.962409,49.981147],[19.962327,49.981382],[19.96235,49.981349],[19.962443,49.981148],[19.962588,49.980934],[19.962798,49.980611]]]]}}]}