{"type":"FeatureCollection","features":[{"type":"Feature","properties":{"rodzaj":"powierzchnia","warstwa":"korytarz"},"geometry":{"type":"MultiPolygon","coordinates":[[[[19.922918,49.809472],[19.922919,49.809448],[19.92288,49.809447],[19.922639,49.809374],[19.922612,49.809355],[19.922584,49.809371],[19.921295,49.811156],[19.92116,49.811343],[19.921186,49.811342],[19.921267,49.811349],[19.921344,49.811367],[19.921414,49.811394],[19.921475,49.811429],[19.921493,49.811445],[19.922918,49.809472]]],[[[19.911027,49.830165],[19.911029,49.83029],[19.910871,49.830658],[19.910855,49.830767],[19.910859,49.830976],[19.910873,49.830995],[19.910945,49.831011],[19.911176,49.831204],[19.911202,49.831398],[19.91143,49.8324],[19.911756,49.833405],[19.912182,49.834407],[19.912569,49.835156],[19.912799,49.835546],[19.912724,49.835783],[19.912691,49.835805],[19.912692,49.835821],[19.913064,49.836276],[19.913169,49.836397],[19.914074,49.837435],[19.914083,49.837447],[19.914383,49.837847],[19.914752,49.838301],[19.914761,49.838312],[19.91493,49.838553],[19.915144,49.83879],[19.915165,49.838818],[19.915585,49.839479],[19.915587,49.839481],[19.915979,49.840121],[19.916158,49.840384],[19.91631,49.840586],[19.91643,49.840725],[19.916437,49.840733],[19.916742,49.841126],[19.916807,49.841196],[19.917131,49.841501],[19.917142,49.841512],[19.917255,49.841633],[19.91727,49.841651],[19.917389,49.84181],[19.917522,49.841964],[19.917703,49.842164],[19.917847,49.842305],[19.918308,49.842735],[19.918652,49.843033],[19.918664,49.843044],[19.918744,49.843122],[19.919056,49.84338],[19.919061,49.843385],[19.919386,49.843669],[19.919394,49.843677],[19.919596,49.843869],[19.919623,49.8439],[19.919823,49.844176],[19.919841,49.844206],[19.919918,49.844371],[19.920092,49.844648],[19.920248,49.844835],[19.920358,49.84492],[19.920376,49.844935],[19.920465,49.845017],[19.920492,49.845047],[19.920689,49.845306],[19.920722,49.845335],[19.920721,49.845335],[19.920826,49.845425],[19.920928,49.845485],[19.921012,49.84556],[19.921095,49.845683],[19.921134,49.845719],[19.921421,49.845906],[19.921452,49.84593],[19.921741,49.84618],[19.921775,49.846216],[19.921966,49.846469],[19.921966,49.846472],[19.921973,49.846482],[19.922101,49.846612],[19.922293,49.846787],[19.922462,49.846928],[19.923018,49.847334],[19.923042,49.847353],[19.923307,49.847596],[19.923316,49.847604],[19.923617,49.847909],[19.923633,49.847928],[19.923926,49.848296],[19.923935,49.848308],[19.923992,49.848391],[19.924216,49.84865],[19.924389,49.848829],[19.924415,49.848861],[19.924493,49.848982],[19.924548,49.849035],[19.924573,49.849064],[19.924741,49.849292],[19.924747,49.8493],[19.924897,49.849526],[19.924904,49.849537],[19.925159,49.849983],[19.925167,49.849998],[19.925335,49.850371],[19.925432,49.85056],[19.925658,49.850945],[19.92567,49.85097],[19.925907,49.851574],[19.925909,49.85158],[19.926054,49.852003],[19.926056,49.852011],[19.926115,49.852218],[19.926118,49.852231],[19.92616,49.852457],[19.926163,49.852476],[19.926173,49.85267],[19.92619,49.85278],[19.926177,49.85287],[19.926146,49.852933],[19.926172,49.853028],[19.926218,49.853129],[19.926231,49.853182],[19.926278,49.853842],[19.926278,49.853857],[19.926267,49.854175],[19.926266,49.854189],[19.926253,49.854288],[19.926246,49.854346],[19.926249,49.854441],[19.92624,49.854495],[19.926209,49.854586],[19.926189,49.854991],[19.92619,49.855],[19.926217,49.855054],[19.926232,49.855136],[19.92622,49.855265],[19.926216,49.855289],[19.926173,49.85545],[19.926154,49.855569],[19.926145,49.8556],[19.926125,49.855652],[19.926121,49.855695],[19.926113,49.85573],[19.926039,49.855936],[19.926024,49.856033],[19.92602,49.856051],[19.925969,49.856235],[19.925966,49.856245],[19.92591,49.856402],[19.925894,49.856434],[19.925863,49.856485],[19.925852,49.856522],[19.925836,49.856559],[19.925813,49.856599],[19.925737,49.856808],[19.92573,49.856861],[19.92572,49.856899],[19.925637,49.857102],[19.925636,49.857173],[19.925626,49.857225],[19.925417,49.857784],[19.925325,49.858094],[19.925323,49.8581],[19.925131,49.858663],[19.925127,49.858672],[19.924925,49.859163],[19.924922,49.859171],[19.924733,49.859571],[19.924729,49.85958],[19.924646,49.859733],[19.924542,49.859981],[19.924514,49.860029],[19.924451,49.860105],[19.92444,49.860134],[19.924435,49.860141],[19.924432,49.860228],[19.924424,49.860271],[19.924242,49.860808],[19.924168,49.861177],[19.924153,49.86122],[19.924071,49.861376],[19.923928,49.86172],[19.923864,49.861899],[19.923807,49.862123],[19.923774,49.862188],[19.923725,49.862251],[19.923279,49.862995],[19.923127,49.86331],[19.923094,49.863377],[19.923081,49.8634],[19.922953,49.863589],[19.922889,49.863712],[19.922892,49.863734],[19.922979,49.863779],[19.923099,49.864008],[19.922784,49.864836],[19.922506,49.865004],[19.922394,49.865016],[19.922364,49.865044],[19.922322,49.865165],[19.922322,49.865164],[19.922285,49.865268],[19.922198,49.865664],[19.922173,49.865857],[19.922164,49.866029],[19.922158,49.866063],[19.922095,49.866276],[19.921965,49.867004],[19.921959,49.867091],[19.921955,49.867115],[19.921927,49.867235],[19.92191,49.867278],[19.921866,49.867355],[19.921844,49.867414],[19.921822,49.867589],[19.921805,49.867641],[19.921711,49.867826],[19.921542,49.86821],[19.921443,49.86852],[19.921441,49.868526],[19.921232,49.869097],[19.921171,49.869352],[19.92113,49.869624],[19.921115,49.869887],[19.921134,49.870003],[19.921218,49.870186],[19.9212,49.870344],[19.921138,49.87043],[19.921076,49.870604],[19.921068,49.870691],[19.921074,49.871053],[19.921073,49.871069],[19.921054,49.871278],[19.92105,49.871301],[19.920934,49.871761],[19.920909,49.871815],[19.92085,49.871903],[19.920836,49.87195],[19.920843,49.872032],[19.920912,49.872267],[19.92093,49.872325],[19.920971,49.872461],[19.921013,49.872551],[19.92102,49.872567],[19.921081,49.872743],[19.921085,49.872755],[19.921181,49.873119],[19.921248,49.873319],[19.921256,49.873373],[19.921251,49.873468],[19.921284,49.873625],[19.921287,49.873658],[19.921282,49.873903],[19.92128,49.873925],[19.921248,49.874108],[19.921241,49.874133],[19.921189,49.87428],[19.921166,49.874466],[19.92116,49.874731],[19.921157,49.874761],[19.921139,49.874838],[19.921139,49.875129],[19.921182,49.875389],[19.921318,49.875768],[19.921354,49.875836],[19.921362,49.875855],[19.921461,49.876119],[19.92173,49.876662],[19.921788,49.876734],[19.921806,49.876761],[19.921897,49.876922],[19.922294,49.877488],[19.922333,49.877529],[19.922452,49.877613],[19.922536,49.877718],[19.922547,49.877753],[19.922562,49.877773],[19.922567,49.87778],[19.922594,49.87784],[19.922607,49.87789],[19.922657,49.877962],[19.922685,49.878079],[19.922681,49.878106],[19.922689,49.878175],[19.922752,49.87842],[19.922783,49.878487],[19.922845,49.87859],[19.92297,49.878748],[19.923111,49.878874],[19.923172,49.878967],[19.923308,49.879471],[19.92333,49.879529],[19.923352,49.879563],[19.923379,49.879644],[19.92338,49.879689],[19.923394,49.879717],[19.923405,49.879748],[19.923442,49.879898],[19.923537,49.880097],[19.923699,49.880391],[19.92384,49.88059],[19.924351,49.881173],[19.924355,49.881178],[19.924452,49.881294],[19.924448,49.881294],[19.924546,49.881408],[19.924557,49.881422],[19.924971,49.881991],[19.924991,49.882025],[19.925033,49.882122],[19.925192,49.882383],[19.925211,49.882428],[19.925223,49.882475],[19.925283,49.882547],[19.925305,49.882579],[19.925394,49.882747],[19.925464,49.882822],[19.925482,49.882845],[19.925521,49.882901],[19.925528,49.882913],[19.925602,49.883039],[19.925614,49.883064],[19.925642,49.883137],[19.925673,49.883178],[19.925704,49.883245],[19.925743,49.883422],[19.925869,49.883724],[19.925972,49.883893],[19.925983,49.883914],[19.926069,49.884108],[19.926205,49.884335],[19.92642,49.88464],[19.926464,49.884684],[19.926498,49.884726],[19.926683,49.885038],[19.926823,49.88523],[19.926848,49.885276],[19.926905,49.885436],[19.926933,49.885493],[19.927015,49.885613],[19.92703,49.885626],[19.927094,49.885718],[19.927117,49.885792],[19.927199,49.885912],[19.927227,49.885981],[19.927245,49.886103],[19.9273,49.886307],[19.927363,49.886483],[19.927447,49.88665],[19.927451,49.886658],[19.927603,49.887006],[19.927641,49.887065],[19.927712,49.887148],[19.92775,49.887218],[19.927803,49.887413],[19.927806,49.887426],[19.927835,49.887585],[19.927837,49.887607],[19.927841,49.887767],[19.927859,49.887892],[19.927956,49.888288],[19.928004,49.888417],[19.928032,49.888462],[19.928055,49.888532],[19.928058,49.888567],[19.928042,49.888649],[19.928038,49.888656],[19.928058,49.888728],[19.928057,49.888835],[19.928075,49.888948],[19.928074,49.888994],[19.928063,49.889064],[19.928062,49.889147],[19.928116,49.889673],[19.928115,49.889715],[19.928098,49.889804],[19.928108,49.890015],[19.928105,49.890052],[19.928079,49.890176],[19.928078,49.890231],[19.92807,49.890262],[19.928064,49.890291],[19.927774,49.89093],[19.927774,49.890932],[19.92778,49.89095],[19.927808,49.890961],[19.927842,49.890979],[19.927855,49.890955],[19.927897,49.89091],[19.927952,49.890871],[19.928017,49.890839],[19.928091,49.890816],[19.92817,49.890803],[19.928252,49.8908],[19.928333,49.890807],[19.92841,49.890825],[19.928481,49.890852],[19.928536,49.890884],[19.928519,49.890847],[19.928508,49.890812],[19.928492,49.890729],[19.928494,49.890663],[19.928513,49.890591],[19.92848,49.89041],[19.928477,49.890386],[19.928475,49.890259],[19.928475,49.890208],[19.928489,49.890143],[19.928547,49.890015],[19.928575,49.889843],[19.928595,49.889789],[19.928656,49.889683],[19.928658,49.889669],[19.928648,49.889601],[19.92866,49.889521],[19.928694,49.889443],[19.928711,49.889257],[19.928696,49.889026],[19.928675,49.888921],[19.928594,49.888759],[19.928583,49.888745],[19.928543,49.888624],[19.928551,49.888552],[19.928601,49.888496],[19.928579,49.888492],[19.92864,49.888375],[19.928633,49.888304],[19.928571,49.887976],[19.928473,49.887706],[19.928332,49.887448],[19.928318,49.887413],[19.928298,49.887342],[19.928315,49.887222],[19.928361,49.887144],[19.928383,49.887059],[19.928381,49.886635],[19.928364,49.886494],[19.928317,49.886287],[19.928251,49.886137],[19.928084,49.885889],[19.927998,49.885832],[19.927938,49.885779],[19.927917,49.885753],[19.927889,49.885707],[19.92772,49.885294],[19.92756,49.884994],[19.92736,49.884716],[19.92734,49.88468],[19.927322,49.884638],[19.927235,49.884492],[19.927223,49.884469],[19.927181,49.884368],[19.927026,49.884118],[19.926709,49.883728],[19.926575,49.883598],[19.926552,49.883572],[19.926442,49.883427],[19.926393,49.883381],[19.926315,49.88333],[19.926258,49.883281],[19.926214,49.883229],[19.926203,49.883223],[19.926119,49.883145],[19.926076,49.88308],[19.926055,49.883061],[19.926017,49.883014],[19.925752,49.882575],[19.92574,49.882551],[19.925711,49.88248],[19.92566,49.882416],[19.925647,49.882398],[19.925473,49.882119],[19.925379,49.881995],[19.92536,49.881966],[19.925229,49.881706],[19.925225,49.881697],[19.925048,49.881289],[19.924927,49.88101],[19.924923,49.881001],[19.924823,49.880726],[19.92482,49.880714],[19.924781,49.880573],[19.924712,49.880416],[19.924708,49.880404],[19.924535,49.879909],[19.924489,49.879804],[19.924345,49.879553],[19.92418,49.879345],[19.924111,49.879289],[19.924051,49.879216],[19.924047,49.879206],[19.924,49.87916],[19.923833,49.879032],[19.923698,49.878945],[19.923674,49.878928],[19.923521,49.878808],[19.923456,49.878727],[19.92335,49.87849],[19.923337,49.878441],[19.923317,49.878219],[19.923265,49.878088],[19.923244,49.878052],[19.923219,49.87803],[19.923148,49.877898],[19.923147,49.877883],[19.923117,49.877831],[19.923091,49.8778],[19.922991,49.877719],[19.922919,49.877609],[19.922882,49.877429],[19.922795,49.87728],[19.922716,49.87718],[19.922695,49.877147],[19.922642,49.87704],[19.922631,49.876931],[19.922702,49.876673],[19.922732,49.876394],[19.922724,49.876304],[19.92269,49.876169],[19.922687,49.876159],[19.922595,49.87566],[19.922517,49.875414],[19.922516,49.875411],[19.922136,49.874637],[19.92213,49.874624],[19.922097,49.874539],[19.922029,49.874424],[19.922024,49.874414],[19.921871,49.874111],[19.921824,49.874047],[19.921801,49.874026],[19.921739,49.873873],[19.921752,49.873799],[19.921742,49.873609],[19.921745,49.873574],[19.921761,49.873492],[19.92176,49.873478],[19.921722,49.873385],[19.921711,49.873331],[19.921708,49.873226],[19.92171,49.873203],[19.921813,49.872415],[19.921816,49.8724],[19.921836,49.872317],[19.92188,49.872131],[19.921894,49.871979],[19.921888,49.871927],[19.921858,49.871827],[19.921852,49.871771],[19.921869,49.87158],[19.921842,49.871333],[19.921845,49.871285],[19.921858,49.871226],[19.921828,49.871077],[19.921826,49.871037],[19.921834,49.870919],[19.921828,49.870851],[19.921809,49.870779],[19.921746,49.870645],[19.921737,49.870622],[19.921703,49.870506],[19.921647,49.87037],[19.921659,49.870232],[19.921847,49.869915],[19.921926,49.869722],[19.92198,49.869527],[19.922085,49.868973],[19.922086,49.868897],[19.922086,49.868882],[19.922149,49.868298],[19.922151,49.868284],[19.922183,49.868126],[19.922241,49.867613],[19.922245,49.867589],[19.922299,49.867393],[19.922344,49.867165],[19.922347,49.867149],[19.922359,49.867112],[19.922406,49.866955],[19.922416,49.86693],[19.922917,49.865908],[19.922925,49.865893],[19.923103,49.865602],[19.923199,49.865317],[19.92321,49.865292],[19.923278,49.865163],[19.923276,49.865145],[19.923243,49.865127],[19.923137,49.864905],[19.923452,49.864079],[19.923716,49.863913],[19.92375,49.863908],[19.923764,49.863893],[19.923772,49.863886],[19.923791,49.863701],[19.923797,49.863672],[19.923911,49.863304],[19.923958,49.863151],[19.924101,49.862537],[19.924142,49.862282],[19.924155,49.86224],[19.92435,49.861823],[19.924486,49.861442],[19.924553,49.861187],[19.924567,49.861151],[19.924779,49.860758],[19.92488,49.860533],[19.924929,49.860394],[19.924951,49.860352],[19.925035,49.860232],[19.925049,49.860178],[19.925045,49.860144],[19.925051,49.86008],[19.925146,49.85979],[19.925178,49.859732],[19.925189,49.859719],[19.925189,49.859685],[19.925221,49.859556],[19.925229,49.859532],[19.925351,49.859246],[19.925406,49.859041],[19.925409,49.85903],[19.925521,49.85871],[19.925531,49.858688],[19.925578,49.858598],[19.925579,49.858593],[19.925579,49.858585],[19.925586,49.858522],[19.925744,49.858052],[19.925747,49.858043],[19.925965,49.857509],[19.926027,49.857299],[19.926058,49.857239],[19.926093,49.857195],[19.926124,49.857114],[19.926124,49.857057],[19.92614,49.856989],[19.926202,49.856864],[19.926251,49.856705],[19.926297,49.856483],[19.926307,49.856452],[19.926335,49.856387],[19.926352,49.856274],[19.926357,49.856252],[19.926452,49.855941],[19.92647,49.855827],[19.926477,49.855798],[19.926527,49.855659],[19.926532,49.855587],[19.926535,49.855561],[19.926626,49.855184],[19.926686,49.85509],[19.926745,49.855035],[19.926745,49.855035],[19.926759,49.854992],[19.926761,49.854891],[19.926763,49.854874],[19.926786,49.854713],[19.926783,49.854644],[19.926785,49.854609],[19.926836,49.854353],[19.926845,49.854283],[19.926878,49.854022],[19.92689,49.853749],[19.926895,49.853716],[19.926926,49.853606],[19.926924,49.853502],[19.926906,49.853411],[19.926858,49.853303],[19.926846,49.853266],[19.926835,49.853201],[19.926766,49.853021],[19.926757,49.852972],[19.926751,49.852792],[19.926753,49.852766],[19.926784,49.852561],[19.926772,49.852284],[19.926739,49.852219],[19.92673,49.852198],[19.926649,49.851967],[19.926645,49.851953],[19.926581,49.851696],[19.926496,49.851448],[19.926253,49.850894],[19.926168,49.850732],[19.925952,49.850431],[19.925937,49.850405],[19.925792,49.850115],[19.92564,49.849855],[19.925508,49.849676],[19.925328,49.849479],[19.925322,49.849472],[19.92505,49.849148],[19.925039,49.849135],[19.924888,49.84892],[19.924868,49.848883],[19.924836,49.848804],[19.924822,49.848784],[19.92474,49.848693],[19.924621,49.848588],[19.924593,49.848559],[19.924269,49.848159],[19.924261,49.84815],[19.924143,49.847985],[19.924131,49.847966],[19.924087,49.847886],[19.924041,49.847834],[19.924026,49.847814],[19.923807,49.847495],[19.923803,49.847489],[19.923542,49.847077],[19.923534,49.847063],[19.92343,49.846863],[19.923229,49.846565],[19.923222,49.846554],[19.923146,49.846421],[19.922831,49.845988],[19.92282,49.845972],[19.922732,49.845818],[19.922566,49.845602],[19.922548,49.845574],[19.922514,49.845507],[19.922409,49.845363],[19.922374,49.845322],[19.922374,49.845322],[19.922292,49.845227],[19.922194,49.845135],[19.921937,49.844941],[19.921567,49.844663],[19.921559,49.844657],[19.920777,49.844029],[19.920766,49.844019],[19.920595,49.843866],[19.920582,49.843853],[19.920172,49.843424],[19.920164,49.843416],[19.91939,49.842521],[19.919383,49.842513],[19.919088,49.842139],[19.918958,49.841988],[19.918374,49.84145],[19.918102,49.841229],[19.918069,49.841198],[19.917853,49.840945],[19.917695,49.840785],[19.916137,49.839306],[19.915718,49.83893],[19.915668,49.838867],[19.915605,49.838738],[19.915526,49.838621],[19.915466,49.838549],[19.915288,49.838377],[19.915263,49.838349],[19.915064,49.838077],[19.914889,49.837889],[19.914878,49.837877],[19.914556,49.837472],[19.914546,49.837459],[19.914288,49.837081],[19.914283,49.837073],[19.914123,49.836811],[19.914117,49.836802],[19.913898,49.836392],[19.913784,49.836178],[19.913779,49.836167],[19.913548,49.835652],[19.913529,49.835638],[19.913468,49.835636],[19.913162,49.835492],[19.91292,49.835084],[19.912915,49.835075],[19.912534,49.834336],[19.912529,49.834325],[19.912119,49.833362],[19.912114,49.833348],[19.911796,49.832372],[19.911793,49.832358],[19.911568,49.831371],[19.911566,49.831357],[19.911541,49.831167],[19.911668,49.830973],[19.911765,49.830922],[19.911769,49.83091],[19.911647,49.830643],[19.911583,49.830528],[19.911497,49.830406],[19.911477,49.830371],[19.911449,49.830301],[19.911452,49.830179],[19.911512,49.830051],[19.911529,49.830022],[19.911533,49.830017],[19.911514,49.830032],[19.91145,49.830065],[19.911378,49.83009],[19.911299,49.830105],[19.911218,49.83011],[19.911137,49.830105],[19.911058,49.830089],[19.910987,49.830064],[19.910977,49.830059],[19.911027,49.830165]]],[[[19.928286,49.89895],[19.928288,49.899147],[19.928319,49.899257],[19.928322,49.899266],[19.928357,49.899331],[19.928375,49.89938],[19.928409,49.899565],[19.928481,49.899759],[19.928498,49.899788],[19.92854,49.899837],[19.928567,49.899878],[19.928701,49.90015],[19.92884,49.900362],[19.928865,49.900424],[19.928917,49.900722],[19.92892,49.900748],[19.928919,49.900843],[19.928937,49.900967],[19.929004,49.90128],[19.929007,49.901282],[19.929023,49.901296],[19.929051,49.901299],[19.929138,49.901314],[19.929226,49.901311],[19.929424,49.901443],[19.929533,49.901635],[19.930086,49.902454],[19.930727,49.903261],[19.931456,49.904053],[19.932236,49.904791],[19.932634,49.905122],[19.932694,49.905199],[19.932718,49.905251],[19.93273,49.905326],[19.93273,49.905332],[19.932733,49.905336],[19.932754,49.905347],[19.932765,49.905355],[19.932889,49.905394],[19.933028,49.905474],[19.933087,49.905533],[19.933394,49.905788],[19.933553,49.905901],[19.933581,49.905924],[19.933674,49.906011],[19.933732,49.906052],[19.933794,49.906111],[19.933887,49.906242],[19.93414,49.906481],[19.934366,49.906668],[19.93453,49.906783],[19.934713,49.906895],[19.934991,49.907031],[19.935172,49.907108],[19.935716,49.907302],[19.935743,49.907312],[19.935975,49.907414],[19.936108,49.907525],[19.936112,49.907666],[19.936094,49.907705],[19.936088,49.907753],[19.936097,49.907775],[19.936166,49.907795],[19.936175,49.907798],[19.936377,49.907785],[19.936408,49.907783],[19.936538,49.907782],[19.93681,49.907862],[19.936998,49.908006],[19.937027,49.908023],[19.93707,49.908042],[19.937188,49.908093],[19.937298,49.908125],[19.937373,49.908181],[19.937491,49.90827],[19.937545,49.908399],[19.937661,49.908564],[19.937744,49.908644],[19.937762,49.908651],[19.937764,49.908649],[19.937992,49.908549],[19.938262,49.908587],[19.93896,49.908912],[19.939599,49.909196],[19.939745,49.909343],[19.939728,49.909389],[19.939736,49.909419],[19.939735,49.909449],[19.939736,49.90945],[19.939782,49.909463],[19.939888,49.909479],[19.939923,49.909486],[19.940046,49.909513],[19.940118,49.909536],[19.940531,49.909705],[19.940563,49.909719],[19.940745,49.909815],[19.940787,49.90984],[19.940851,49.909886],[19.940875,49.909907],[19.940952,49.909977],[19.940991,49.910002],[19.941044,49.909987],[19.941061,49.909984],[19.941147,49.909946],[19.941412,49.909978],[19.942163,49.910298],[19.942237,49.91041],[19.942245,49.910406],[19.942314,49.910472],[19.942336,49.910474],[19.942427,49.910456],[19.942621,49.910493],[19.943085,49.910691],[19.943182,49.910752],[19.94323,49.910799],[19.943315,49.910809],[19.943441,49.910842],[19.943701,49.910953],[19.943705,49.910955],[19.943828,49.911009],[19.943897,49.911118],[19.943914,49.91111],[19.944012,49.911199],[19.944411,49.911355],[19.944459,49.911377],[19.944596,49.911454],[19.944979,49.911581],[19.945017,49.911595],[19.945675,49.911885],[19.945779,49.911958],[19.945839,49.912024],[19.945938,49.912094],[19.945964,49.912108],[19.946011,49.912121],[19.946126,49.912125],[19.946169,49.912118],[19.94636,49.912165],[19.946522,49.912247],[19.94665,49.912381],[19.946656,49.912403],[19.946654,49.912435],[19.946661,49.912447],[19.946712,49.912464],[19.946804,49.91251],[19.946932,49.912544],[19.947036,49.912586],[19.947127,49.91264],[19.947224,49.912685],[19.947291,49.912726],[19.947352,49.912775],[19.947354,49.912776],[19.947556,49.912859],[19.947747,49.912922],[19.947897,49.913017],[19.947928,49.913056],[19.947992,49.913112],[19.948295,49.913326],[19.948314,49.91334],[19.948539,49.913527],[19.948751,49.913673],[19.948834,49.913721],[19.948867,49.913742],[19.948973,49.913821],[19.949249,49.913985],[19.949472,49.914102],[19.949765,49.914234],[19.949782,49.914243],[19.950016,49.914364],[19.950106,49.914433],[19.950424,49.914818],[19.95051,49.914892],[19.950535,49.914916],[19.950716,49.915125],[19.950926,49.915272],[19.951146,49.915394],[19.951188,49.915417],[19.951223,49.915439],[19.951442,49.9156],[19.951641,49.915726],[19.9517,49.915755],[19.95175,49.915785],[19.951843,49.915853],[19.951868,49.915874],[19.95193,49.915932],[19.951948,49.915951],[19.952041,49.916059],[19.9526,49.916636],[19.952633,49.91668],[19.95267,49.916748],[19.952682,49.916775],[19.952715,49.916872],[19.952818,49.917053],[19.952857,49.917122],[19.952865,49.917139],[19.952944,49.917319],[19.953114,49.917584],[19.953239,49.917733],[19.953455,49.917916],[19.953505,49.917975],[19.953668,49.918264],[19.953781,49.918416],[19.953875,49.918493],[19.953914,49.918534],[19.954046,49.91871],[19.954373,49.919091],[19.954641,49.919377],[19.954819,49.919541],[19.954839,49.919562],[19.954863,49.91959],[19.9549,49.919618],[19.954983,49.919747],[19.954992,49.919823],[19.955064,49.919963],[19.955134,49.920045],[19.955137,49.920048],[19.955187,49.920074],[19.955305,49.920191],[19.955628,49.920975],[19.955752,49.921213],[19.956083,49.921649],[19.95623,49.921793],[19.956239,49.921802],[19.95643,49.922009],[19.956477,49.922098],[19.956487,49.922154],[19.956483,49.922224],[19.956452,49.922324],[19.956452,49.922364],[19.956483,49.922458],[19.956525,49.922505],[19.956549,49.922539],[19.956719,49.922839],[19.956793,49.922893],[19.956822,49.922903],[19.956978,49.923012],[19.95699,49.923028],[19.957054,49.923087],[19.957078,49.923112],[19.957188,49.923247],[19.957211,49.923284],[19.957452,49.923776],[19.957456,49.923785],[19.957565,49.924046],[19.957764,49.924467],[19.958129,49.9251],[19.958135,49.925111],[19.958195,49.925236],[19.958244,49.925306],[19.958313,49.925382],[19.958351,49.925412],[19.958403,49.925434],[19.958553,49.925575],[19.958622,49.925779],[19.958629,49.925823],[19.958631,49.925881],[19.958644,49.925934],[19.958663,49.925973],[19.958667,49.925977],[19.958682,49.926001],[19.958707,49.926043],[19.958736,49.926124],[19.95881,49.926253],[19.958987,49.926449],[19.959034,49.926556],[19.959043,49.926737],[19.959102,49.926954],[19.959105,49.927014],[19.959099,49.927056],[19.959109,49.927102],[19.959137,49.927144],[19.959158,49.927189],[19.95923,49.927422],[19.959321,49.927615],[19.959531,49.927979],[19.959601,49.928075],[19.95967,49.928117],[19.959744,49.928135],[19.95992,49.928227],[19.959971,49.928369],[19.959962,49.928428],[19.959968,49.928488],[19.959977,49.928517],[19.96022,49.928961],[19.960363,49.929139],[19.960617,49.92939],[19.960711,49.929466],[19.960729,49.929481],[19.960908,49.929653],[19.961035,49.92975],[19.961118,49.929897],[19.961117,49.929987],[19.961123,49.930015],[19.961149,49.930071],[19.961199,49.93015],[19.961332,49.930237],[19.961313,49.930249],[19.96145,49.930316],[19.961949,49.931144],[19.961879,49.931379],[19.96187,49.931385],[19.961871,49.931402],[19.961871,49.931409],[19.961934,49.931456],[19.962001,49.931533],[19.962046,49.931621],[19.962083,49.931671],[19.962182,49.931747],[19.962222,49.931785],[19.962594,49.932227],[19.962626,49.93228],[19.9627,49.932473],[19.962709,49.932505],[19.962716,49.932553],[19.962798,49.9328],[19.962835,49.932881],[19.962844,49.932907],[19.962879,49.933046],[19.962961,49.933216],[19.963034,49.933332],[19.96313,49.933439],[19.963198,49.933487],[19.963287,49.93362],[19.963301,49.933729],[19.963302,49.933757],[19.963301,49.933773],[19.963302,49.933775],[19.963312,49.933811],[19.963371,49.933819],[19.963386,49.933824],[19.963383,49.933799],[19.963393,49.933746],[19.963419,49.933696],[19.963459,49.93365],[19.963512,49.933609],[19.963577,49.933577],[19.96365,49.933553],[19.963729,49.933539],[19.96381,49.933535],[19.963892,49.933541],[19.963925,49.933548],[19.96388,49.933483],[19.963835,49.933364],[19.963826,49.933352],[19.963793,49.933271],[19.963787,49.933214],[19.963768,49.933173],[19.963668,49.933081],[19.963627,49.932964],[19.963584,49.932881],[19.963389,49.932618],[19.963239,49.93244],[19.963207,49.932386],[19.963035,49.931936],[19.962939,49.931728],[19.96293,49.931706],[19.962887,49.93156],[19.962777,49.931372],[19.962755,49.931305],[19.962744,49.931173],[19.962742,49.931168],[19.962723,49.931149],[19.962721,49.931146],[19.962651,49.931128],[19.962554,49.931128],[19.962364,49.931002],[19.961869,49.930181],[19.961935,49.929985],[19.961933,49.929978],[19.961929,49.92994],[19.96193,49.929931],[19.96188,49.929877],[19.961678,49.929726],[19.961651,49.929703],[19.96153,49.929585],[19.961494,49.92954],[19.961446,49.929458],[19.961429,49.929416],[19.96139,49.929265],[19.961312,49.929059],[19.96109,49.928607],[19.960981,49.928454],[19.960939,49.928408],[19.960896,49.928332],[19.960881,49.928274],[19.960872,49.928265],[19.960862,49.92825],[19.960816,49.92821],[19.960741,49.928162],[19.960655,49.927938],[19.960693,49.927856],[19.960691,49.927808],[19.960486,49.927366],[19.960337,49.927093],[19.959846,49.926459],[19.959394,49.925995],[19.959302,49.925902],[19.959271,49.925862],[19.959162,49.925674],[19.959155,49.925662],[19.958865,49.925061],[19.958831,49.92501],[19.958757,49.924947],[19.958698,49.924872],[19.95867,49.924809],[19.958602,49.924735],[19.958568,49.924684],[19.958456,49.924438],[19.958317,49.92419],[19.958218,49.92403],[19.957855,49.923507],[19.957838,49.923476],[19.957723,49.923217],[19.957625,49.923064],[19.957605,49.923018],[19.957545,49.92281],[19.957516,49.922752],[19.957501,49.922711],[19.957488,49.922644],[19.957454,49.92257],[19.957443,49.922539],[19.957422,49.922448],[19.957378,49.922344],[19.957222,49.922106],[19.957201,49.922034],[19.957197,49.922031],[19.957158,49.92201],[19.95714,49.922003],[19.957075,49.921989],[19.956846,49.921828],[19.956765,49.921609],[19.95664,49.921331],[19.95663,49.921304],[19.956617,49.921248],[19.95655,49.921105],[19.956383,49.920834],[19.956126,49.920478],[19.955783,49.920062],[19.955744,49.91993],[19.955757,49.919857],[19.955755,49.919847],[19.955694,49.919702],[19.955671,49.919671],[19.955619,49.919621],[19.955594,49.919603],[19.955504,49.919556],[19.955379,49.919427],[19.955344,49.919321],[19.955292,49.919208],[19.955004,49.918679],[19.954941,49.918592],[19.954932,49.918579],[19.954818,49.918389],[19.954638,49.918143],[19.954498,49.917981],[19.954377,49.917866],[19.95431,49.917814],[19.954238,49.917719],[19.954219,49.917665],[19.954211,49.917601],[19.954214,49.917576],[19.954199,49.917524],[19.954095,49.917374],[19.953928,49.917177],[19.953801,49.917045],[19.953661,49.916898],[19.953337,49.916634],[19.953097,49.916492],[19.953006,49.916404],[19.952945,49.916299],[19.952887,49.916222],[19.952876,49.91621],[19.952815,49.916167],[19.952785,49.916143],[19.952664,49.916029],[19.952659,49.916024],[19.952202,49.915568],[19.952171,49.915528],[19.951936,49.915143],[19.951756,49.91492],[19.951654,49.914853],[19.951394,49.914729],[19.951356,49.914708],[19.951279,49.914659],[19.951203,49.914621],[19.951167,49.914601],[19.95113,49.914577],[19.951042,49.914519],[19.950545,49.914267],[19.95046,49.914205],[19.950187,49.913909],[19.950069,49.913797],[19.949937,49.913693],[19.949858,49.913645],[19.949838,49.913632],[19.949587,49.913449],[19.94901,49.913138],[19.948544,49.912911],[19.948377,49.912839],[19.948282,49.912778],[19.948115,49.912618],[19.948099,49.912607],[19.94802,49.912567],[19.947954,49.912524],[19.94783,49.912415],[19.947803,49.912388],[19.947743,49.912315],[19.947715,49.91227],[19.947685,49.9122],[19.947667,49.912174],[19.947632,49.912135],[19.947605,49.912113],[19.947413,49.911989],[19.947382,49.911982],[19.947355,49.91199],[19.947346,49.911998],[19.947115,49.912081],[19.94686,49.912035],[19.946604,49.911906],[19.946476,49.911768],[19.946494,49.911708],[19.946494,49.911685],[19.946487,49.911674],[19.946445,49.911662],[19.946426,49.911655],[19.946282,49.911613],[19.945883,49.911411],[19.945779,49.911325],[19.945745,49.911276],[19.945734,49.911265],[19.94573,49.911263],[19.945687,49.911233],[19.945631,49.911217],[19.945624,49.911216],[19.945428,49.911135],[19.945187,49.910934],[19.945157,49.910915],[19.94503,49.910866],[19.944739,49.910786],[19.944706,49.910775],[19.944591,49.910733],[19.944547,49.910729],[19.944503,49.910751],[19.944302,49.910799],[19.944096,49.910762],[19.941694,49.909737],[19.941615,49.909625],[19.941611,49.909627],[19.941506,49.90953],[19.941361,49.909472],[19.941332,49.909459],[19.941223,49.909405],[19.941194,49.909389],[19.940989,49.909263],[19.940969,49.90925],[19.940868,49.909176],[19.940853,49.909164],[19.940536,49.908898],[19.94052,49.908889],[19.940506,49.908885],[19.940467,49.908896],[19.940449,49.908899],[19.940419,49.908917],[19.940279,49.908927],[19.940237,49.908945],[19.940042,49.908981],[19.939848,49.908942],[19.939234,49.908668],[19.939229,49.908665],[19.938511,49.908332],[19.938388,49.908227],[19.938387,49.908214],[19.938385,49.908212],[19.938376,49.908192],[19.938353,49.908173],[19.93834,49.908163],[19.938336,49.90816],[19.938331,49.908158],[19.938146,49.908112],[19.938059,49.908097],[19.937835,49.907978],[19.937747,49.907863],[19.937716,49.907837],[19.937567,49.907749],[19.93707,49.907542],[19.937061,49.907539],[19.936789,49.907438],[19.936639,49.907328],[19.936555,49.907196],[19.936429,49.907088],[19.935689,49.90659],[19.935129,49.906264],[19.934818,49.906113],[19.934537,49.905988],[19.934513,49.905976],[19.934014,49.905711],[19.933897,49.905668],[19.933721,49.905485],[19.933711,49.905372],[19.933698,49.905321],[19.933622,49.905176],[19.933614,49.905157],[19.933584,49.905079],[19.933578,49.905071],[19.933573,49.905069],[19.93357,49.905069],[19.933542,49.905079],[19.933516,49.905092],[19.933257,49.905141],[19.933022,49.905056],[19.932546,49.904661],[19.932533,49.90465],[19.931767,49.903925],[19.931755,49.903913],[19.93106,49.903158],[19.931049,49.903146],[19.930429,49.902365],[19.93042,49.902352],[19.929876,49.901547],[19.929868,49.901534],[19.929776,49.901371],[19.929848,49.901167],[19.929844,49.901126],[19.929844,49.901122],[19.929541,49.900806],[19.929525,49.900787],[19.929329,49.900532],[19.929293,49.90044],[19.929284,49.900279],[19.929285,49.900249],[19.929301,49.900137],[19.929313,49.89981],[19.929306,49.899748],[19.929152,49.89934],[19.929146,49.899319],[19.929131,49.899251],[19.929124,49.899216],[19.92912,49.899187],[19.929118,49.899082],[19.929092,49.899035],[19.929072,49.898971],[19.929049,49.898699],[19.929013,49.898653],[19.928904,49.898585],[19.928886,49.898425],[19.929034,49.898302],[19.92903,49.898301],[19.928886,49.898315],[19.928759,49.898294],[19.928762,49.89831],[19.928814,49.898523],[19.928824,49.898561],[19.92883,49.898614],[19.92882,49.898666],[19.928794,49.898716],[19.928753,49.898762],[19.9287,49.898802],[19.928635,49.898835],[19.928562,49.898859],[19.928483,49.898873],[19.928401,49.898876],[19.92832,49.89887],[19.928242,49.898853],[19.928241,49.898853],[19.928286,49.89895]]],[[[19.965491,49.936795],[19.965508,49.936821],[19.965577,49.936923],[19.96558,49.936944],[19.965612,49.937004],[19.965612,49.937005],[19.965689,49.937063],[19.965756,49.937141],[19.965924,49.937485],[19.965936,49.93752],[19.965948,49.937572],[19.966093,49.937925],[19.966222,49.938149],[19.966402,49.938369],[19.966643,49.938615],[19.967095,49.938991],[19.967365,49.939185],[19.967383,49.9392],[19.967541,49.939334],[19.967583,49.93938],[19.967685,49.939529],[19.967926,49.939823],[19.968149,49.940067],[19.968312,49.940216],[19.968324,49.940229],[19.968435,49.940346],[19.968453,49.940367],[19.968569,49.940527],[19.968854,49.940826],[19.968897,49.940894],[19.968922,49.940964],[19.968973,49.941035],[19.969128,49.941205],[19.96914,49.94122],[19.969182,49.941276],[19.969325,49.941394],[19.969711,49.941675],[19.969769,49.941734],[19.970315,49.942542],[19.970319,49.942543],[19.97034,49.942555],[19.970379,49.942552],[19.970419,49.942563],[19.970401,49.942525],[19.970393,49.942472],[19.970402,49.942419],[19.970426,49.942369],[19.970465,49.942322],[19.970517,49.942281],[19.970581,49.942248],[19.970653,49.942223],[19.970732,49.942208],[19.970814,49.942203],[19.970895,49.942209],[19.970974,49.942224],[19.971007,49.942236],[19.970378,49.941762],[19.970347,49.941734],[19.970318,49.941703],[19.970292,49.941671],[19.970192,49.941516],[19.970186,49.941506],[19.97001,49.941195],[19.969822,49.940964],[19.969741,49.940878],[19.969648,49.940817],[19.969604,49.940781],[19.969495,49.940673],[19.969446,49.940644],[19.969406,49.940617],[19.969275,49.94051],[19.969212,49.940429],[19.969211,49.940426],[19.969063,49.94024],[19.96904,49.940218],[19.968972,49.940166],[19.968955,49.940153],[19.968726,49.939951],[19.968578,49.939859],[19.968515,49.939806],[19.968122,49.939351],[19.968099,49.939319],[19.968049,49.939232],[19.968033,49.939195],[19.968021,49.939151],[19.967936,49.938977],[19.967929,49.93896],[19.967857,49.938761],[19.967742,49.938496],[19.967523,49.938184],[19.967009,49.937606],[19.96686,49.937475],[19.966845,49.93746],[19.966745,49.937355],[19.966667,49.937303],[19.966633,49.937276],[19.966528,49.937179],[19.96652,49.937171],[19.966423,49.937074],[19.966405,49.937052],[19.966305,49.936923],[19.966156,49.936851],[19.966056,49.936775],[19.966033,49.936746],[19.966028,49.93674],[19.966001,49.936705],[19.965973,49.936648],[19.965936,49.936522],[19.965923,49.936551],[19.965885,49.936597],[19.965834,49.936639],[19.965771,49.936673],[19.965699,49.936698],[19.965621,49.936714],[19.96554,49.93672],[19.965458,49.936715],[19.965379,49.9367],[19.965342,49.936687],[19.965491,49.936795]]],[[[19.98138,49.953276],[19.981382,49.953281],[19.981398,49.953316],[19.981604,49.953463],[19.981624,49.953479],[19.981923,49.953735],[19.981991,49.953777],[19.982065,49.953813],[19.982152,49.953874],[19.982166,49.953889],[19.982217,49.953984],[19.982234,49.95409],[19.982248,49.954126],[19.982281,49.954168],[19.982314,49.954196],[19.982352,49.95422],[19.982418,49.954249],[19.982483,49.954286],[19.982531,49.954322],[19.98256,49.954346],[19.98267,49.954454],[19.982807,49.954561],[19.982835,49.954586],[19.982888,49.954641],[19.982933,49.954713],[19.98298,49.954856],[19.983048,49.95499],[19.983072,49.955025],[19.983143,49.955098],[19.98318,49.95515],[19.983242,49.955276],[19.983317,49.955383],[19.983335,49.955393],[19.983533,49.955417],[19.983679,49.955509],[19.984152,49.956072],[19.984172,49.956044],[19.984219,49.956],[19.984278,49.955964],[19.984347,49.955935],[19.984424,49.955916],[19.984504,49.955907],[19.984544,49.955907],[19.98409,49.955366],[19.984097,49.955269],[19.984086,49.955271],[19.984049,49.955147],[19.983976,49.955078],[19.983766,49.954923],[19.983746,49.954906],[19.983532,49.954715],[19.983469,49.954614],[19.983461,49.954574],[19.983407,49.954491],[19.983394,49.954467],[19.983359,49.954391],[19.983299,49.954309],[19.983272,49.954254],[19.983252,49.954181],[19.983217,49.954116],[19.983201,49.954069],[19.983194,49.954033],[19.983164,49.953988],[19.983141,49.953976],[19.983072,49.953951],[19.982987,49.953907],[19.982873,49.953825],[19.982836,49.953806],[19.982683,49.953745],[19.9826,49.953698],[19.982514,49.953631],[19.982446,49.95355],[19.982417,49.953484],[19.98237,49.953416],[19.982351,49.95338],[19.982308,49.95327],[19.982139,49.95305],[19.982128,49.953035],[19.982095,49.952982],[19.98208,49.952974],[19.98206,49.952975],[19.982041,49.952974],[19.982055,49.953003],[19.982062,49.953056],[19.982054,49.953108],[19.982029,49.953159],[19.98199,49.953205],[19.981938,49.953246],[19.981874,49.953279],[19.981801,49.953304],[19.981723,49.953319],[19.981641,49.953324],[19.98156,49.953318],[19.981481,49.953302],[19.981409,49.953277],[19.981379,49.953261],[19.98138,49.953276]]],[[[19.988467,49.962585],[19.988478,49.962596],[19.988505,49.962629],[19.988557,49.96271],[19.98873,49.962904],[19.988746,49.962926],[19.988856,49.963088],[19.988919,49.963156],[19.988949,49.963199],[19.989001,49.963299],[19.989016,49.963345],[19.989044,49.963501],[19.989073,49.9636],[19.989079,49.963638],[19.989081,49.963725],[19.989159,49.964144],[19.989167,49.96415],[19.989189,49.964171],[19.989311,49.964214],[19.989425,49.964245],[19.989536,49.964358],[19.990433,49.966502],[19.990396,49.966676],[19.990177,49.966779],[19.989754,49.966845],[19.990182,49.966779],[19.990446,49.966806],[19.990602,49.966945],[19.991963,49.970626],[19.991927,49.970707],[19.991927,49.970707],[19.991867,49.97084],[19.99181,49.970875],[19.991786,49.970889],[19.991785,49.970893],[19.991781,49.970911],[19.991862,49.971042],[19.991925,49.971123],[19.991998,49.971195],[19.99203,49.971234],[19.99213,49.971393],[19.992248,49.97153],[19.992269,49.971561],[19.992357,49.971714],[19.992378,49.971787],[19.992384,49.971936],[19.99241,49.972036],[19.992408,49.972116],[19.992352,49.9723],[19.992343,49.972447],[19.992374,49.972667],[19.992487,49.973077],[19.992523,49.973171],[19.992585,49.973281],[19.992592,49.973296],[19.992668,49.973466],[19.993162,49.974336],[19.993219,49.974416],[19.993228,49.974591],[19.993174,49.974683],[19.993162,49.974718],[19.993162,49.974735],[19.993185,49.974935],[19.993248,49.975149],[19.993235,49.975263],[19.993235,49.975263],[19.993235,49.975284],[19.993227,49.975316],[19.99323,49.975325],[19.993318,49.975498],[19.99333,49.975531],[19.99339,49.975762],[19.993394,49.975794],[19.993399,49.975924],[19.993399,49.975941],[19.993384,49.976123],[19.993412,49.976454],[19.993412,49.976476],[19.993403,49.976611],[19.9934,49.97663],[19.99334,49.976932],[19.993328,49.976967],[19.993258,49.97712],[19.993225,49.977258],[19.993207,49.977302],[19.993153,49.977397],[19.993144,49.977421],[19.993138,49.977504],[19.993141,49.977537],[19.993158,49.977587],[19.993172,49.977608],[19.993191,49.977641],[19.993223,49.977719],[19.993233,49.977754],[19.993295,49.978124],[19.993297,49.978139],[19.993313,49.9784],[19.993307,49.978449],[19.993255,49.978631],[19.993217,49.978838],[19.993198,49.979167],[19.993191,49.979203],[19.993081,49.979556],[19.993078,49.979564],[19.99303,49.979695],[19.99292,49.979993],[19.992911,49.980099],[19.992915,49.98013],[19.992951,49.98023],[19.99296,49.980278],[19.992962,49.980405],[19.992962,49.980418],[19.992941,49.980696],[19.992939,49.980712],[19.992851,49.981178],[19.992858,49.981321],[19.992842,49.981395],[19.992428,49.982241],[19.992311,49.982585],[19.992254,49.982794],[19.992237,49.982905],[19.992239,49.982929],[19.992255,49.982977],[19.99224,49.983106],[19.99223,49.983123],[19.99221,49.983191],[19.992205,49.983355],[19.992245,49.983883],[19.992245,49.983896],[19.992241,49.984193],[19.992277,49.98442],[19.992278,49.98445],[19.992266,49.984671],[19.992271,49.984737],[19.992303,49.984848],[19.992308,49.984908],[19.992265,49.985245],[19.99226,49.98539],[19.992259,49.985407],[19.992236,49.985559],[19.99223,49.985587],[19.992196,49.985685],[19.992183,49.985715],[19.992095,49.985868],[19.991983,49.986141],[19.99195,49.986276],[19.99194,49.986305],[19.991882,49.986431],[19.991868,49.986515],[19.991883,49.986544],[19.991992,49.98658],[19.991988,49.986584],[19.992065,49.986592],[19.99221,49.986772],[19.992214,49.986999],[19.992283,49.987743],[19.992409,49.988473],[19.992463,49.988697],[19.992518,49.988927],[19.992374,49.989146],[19.992352,49.989156],[19.99235,49.989168],[19.992345,49.989181],[19.992528,49.98952],[19.992806,49.989946],[19.992828,49.989993],[19.992917,49.990312],[19.993001,49.9905],[19.993009,49.990521],[19.99306,49.990698],[19.993064,49.990718],[19.993085,49.990856],[19.993156,49.991085],[19.993163,49.991133],[19.993159,49.991254],[19.99318,49.99162],[19.993219,49.991848],[19.993288,49.992029],[19.993363,49.992185],[19.993444,49.992281],[19.993455,49.992295],[19.99359,49.992486],[19.993704,49.992615],[19.993751,49.992731],[19.993744,49.99295],[19.993774,49.993147],[19.993879,49.993568],[19.994008,49.993917],[19.994203,49.994365],[19.994215,49.994414],[19.994241,49.994741],[19.994283,49.994904],[19.994287,49.99496],[19.994282,49.994999],[19.994291,49.995045],[19.99429,49.995048],[19.994304,49.995077],[19.994314,49.995104],[19.994392,49.995403],[19.994605,49.995945],[19.994646,49.996051],[19.994788,49.99637],[19.995007,49.996749],[19.995019,49.996775],[19.995068,49.996907],[19.99513,49.997033],[19.995346,49.997356],[19.995367,49.997492],[19.995312,49.997657],[19.995299,49.997669],[19.995165,49.997796],[19.995134,49.99781],[19.995132,49.997812],[19.995084,49.997843],[19.995082,49.997896],[19.995123,49.997962],[19.995129,49.997968],[19.995136,49.997972],[19.995172,49.997995],[19.995223,49.997995],[19.995233,49.997997],[19.995234,49.997996],[19.995497,49.998026],[19.995651,49.998167],[19.996097,49.999463],[19.996119,49.999483],[19.996193,49.999449],[19.996454,49.999411],[19.996547,49.999422],[19.996553,49.999398],[19.996094,49.998066],[19.996163,49.997888],[19.996159,49.997853],[19.996159,49.997845],[19.996113,49.997787],[19.996,49.997667],[19.995999,49.997663],[19.995953,49.997515],[19.99598,49.997406],[19.995976,49.997255],[19.995923,49.996928],[19.995906,49.996885],[19.995902,49.996787],[19.99586,49.996533],[19.995807,49.996343],[19.995736,49.99613],[19.995627,49.995849],[19.995371,49.995288],[19.994888,49.994385],[19.994869,49.994327],[19.994855,49.994189],[19.994776,49.993973],[19.99477,49.993955],[19.994641,49.9934],[19.994587,49.993234],[19.994547,49.993136],[19.994482,49.992979],[19.994325,49.992693],[19.994221,49.99257],[19.994179,49.99246],[19.994181,49.992291],[19.994153,49.991974],[19.994154,49.991941],[19.994165,49.991863],[19.994157,49.991808],[19.994181,49.991684],[19.994178,49.991626],[19.994104,49.991381],[19.994098,49.991347],[19.994096,49.991324],[19.994077,49.991271],[19.99407,49.991258],[19.994048,49.991242],[19.994012,49.99121],[19.993956,49.991149],[19.993932,49.991118],[19.993771,49.990861],[19.993709,49.990793],[19.993702,49.990777],[19.99367,49.990733],[19.993636,49.990638],[19.993421,49.990228],[19.993415,49.990215],[19.99336,49.990087],[19.99335,49.990053],[19.993303,49.98979],[19.993301,49.989773],[19.99328,49.989423],[19.993281,49.989398],[19.99329,49.989317],[19.993284,49.989042],[19.993263,49.98901],[19.993178,49.988988],[19.992962,49.988813],[19.992933,49.988693],[19.992874,49.988442],[19.992872,49.988433],[19.992748,49.987718],[19.992747,49.987706],[19.992681,49.98699],[19.99268,49.986978],[19.992677,49.986732],[19.992842,49.986539],[19.992892,49.986519],[19.992904,49.986486],[19.992785,49.986017],[19.992714,49.985823],[19.992714,49.985718],[19.992743,49.985639],[19.992751,49.985623],[19.992863,49.985401],[19.992886,49.985324],[19.992885,49.985299],[19.992893,49.985243],[19.99294,49.985112],[19.992961,49.984831],[19.992962,49.984527],[19.992962,49.984517],[19.992973,49.984371],[19.992974,49.984358],[19.993007,49.984154],[19.993013,49.98413],[19.993126,49.983793],[19.99313,49.983784],[19.993276,49.983424],[19.993292,49.983351],[19.993292,49.983246],[19.993322,49.983153],[19.993356,49.983104],[19.9934,49.982986],[19.993456,49.982779],[19.993476,49.982641],[19.99349,49.982403],[19.993471,49.982043],[19.99342,49.981649],[19.993363,49.981441],[19.993359,49.981421],[19.993348,49.981336],[19.993358,49.981258],[19.993612,49.980647],[19.993687,49.980239],[19.99369,49.980226],[19.993745,49.980028],[19.993751,49.979886],[19.99372,49.979689],[19.993718,49.97968],[19.993717,49.979659],[19.993715,49.979536],[19.99372,49.979494],[19.99373,49.979458],[19.993716,49.979378],[19.993713,49.979354],[19.993712,49.979243],[19.993712,49.979238],[19.993718,49.978976],[19.993719,49.978964],[19.993739,49.978775],[19.993743,49.978755],[19.993809,49.978488],[19.993814,49.978472],[19.993957,49.978081],[19.993959,49.978075],[19.994062,49.977828],[19.994098,49.977773],[19.994122,49.977746],[19.994147,49.977667],[19.994168,49.977623],[19.994215,49.977552],[19.994225,49.977519],[19.994226,49.977514],[19.994231,49.977393],[19.994222,49.977357],[19.994219,49.977346],[19.994199,49.977306],[19.994183,49.977227],[19.994208,49.976898],[19.99421,49.976804],[19.994219,49.976468],[19.994218,49.976392],[19.994201,49.976336],[19.994206,49.976239],[19.994216,49.976214],[19.994216,49.976205],[19.99421,49.97606],[19.994196,49.975975],[19.994194,49.975942],[19.994198,49.975881],[19.994195,49.975855],[19.99419,49.97584],[19.994078,49.975466],[19.994005,49.975291],[19.993927,49.975165],[19.99391,49.975126],[19.993878,49.975023],[19.993837,49.974937],[19.993821,49.97487],[19.993822,49.974836],[19.993806,49.974786],[19.993799,49.974753],[19.993785,49.974594],[19.993803,49.97451],[19.993831,49.974456],[19.99385,49.974371],[19.993838,49.974243],[19.993804,49.974102],[19.993801,49.974047],[19.993825,49.973879],[19.993832,49.973689],[19.993813,49.973552],[19.993746,49.973376],[19.993723,49.973346],[19.993611,49.973246],[19.993571,49.973201],[19.993308,49.972796],[19.993296,49.972773],[19.993252,49.972678],[19.993239,49.972636],[19.993201,49.972384],[19.99315,49.972229],[19.993074,49.972093],[19.992976,49.971982],[19.992931,49.971889],[19.992918,49.971791],[19.992919,49.971746],[19.992944,49.971612],[19.992948,49.97127],[19.992933,49.971198],[19.992882,49.971044],[19.992875,49.970984],[19.992887,49.970856],[19.992881,49.970792],[19.992861,49.970723],[19.992836,49.970699],[19.99283,49.970694],[19.992709,49.97068],[19.992711,49.970673],[19.992619,49.970681],[19.992405,49.970523],[19.99094,49.966561],[19.989972,49.964245],[19.990078,49.964018],[19.990104,49.964003],[19.990105,49.963989],[19.990023,49.963867],[19.989867,49.963681],[19.989855,49.963664],[19.989815,49.963607],[19.989752,49.963544],[19.989736,49.963527],[19.989644,49.963417],[19.989636,49.963408],[19.989479,49.963197],[19.989445,49.963114],[19.989439,49.963053],[19.98936,49.962832],[19.989358,49.962824],[19.989228,49.962388],[19.989212,49.962373],[19.989214,49.962393],[19.989204,49.962445],[19.989178,49.962496],[19.989137,49.962541],[19.989083,49.962581],[19.989018,49.962614],[19.988945,49.962637],[19.988866,49.962651],[19.988784,49.962655],[19.988702,49.962648],[19.988625,49.962631],[19.988553,49.962605],[19.988492,49.96257],[19.988464,49.962547],[19.988467,49.962585]]],[[[19.879497,49.908126],[19.8795,49.90813],[19.879498,49.908126],[19.879497,49.908126]]],[[[19.869152,49.907732],[19.869238,49.907751],[19.86924,49.907752],[19.869308,49.907757],[19.869329,49.907762],[19.869351,49.90776],[19.869416,49.907765],[19.869438,49.907767],[19.869593,49.907783],[19.86963,49.907789],[19.870024,49.90786],[19.870591,49.907943],[19.871166,49.908017],[19.871189,49.90802],[19.871404,49.908057],[19.871431,49.908052],[19.871458,49.908021],[19.871605,49.907931],[19.871804,49.907908],[19.873615,49.908049],[19.87382,49.908163],[19.873935,49.908205],[19.874016,49.908208],[19.874174,49.908193],[19.874469,49.908148],[19.874705,49.908166],[19.875132,49.908303],[19.875618,49.908432],[19.875688,49.908458],[19.87575,49.908486],[19.875824,49.908511],[19.876471,49.908652],[19.876501,49.908657],[19.876644,49.908681],[19.876791,49.908695],[19.876995,49.908701],[19.87709,49.908698],[19.877208,49.90868],[19.877226,49.908675],[19.877377,49.908656],[19.877517,49.908659],[19.877628,49.908649],[19.877635,49.908648],[19.87769,49.908637],[19.877759,49.908627],[19.877939,49.908613],[19.877961,49.908605],[19.878039,49.908585],[19.878075,49.908578],[19.878123,49.908558],[19.87832,49.908519],[19.878472,49.908551],[19.878497,49.908554],[19.878639,49.908551],[19.878769,49.908538],[19.878816,49.908529],[19.878877,49.908512],[19.879082,49.908511],[19.879082,49.908509],[19.879114,49.908509],[19.87912,49.90851],[19.879155,49.90851],[19.879215,49.908527],[19.879213,49.90853],[19.879214,49.90853],[19.879215,49.908527],[19.879396,49.908554],[19.879483,49.908576],[19.879556,49.908601],[19.879557,49.908601],[19.879618,49.908614],[19.879674,49.908596],[19.879739,49.908585],[19.879743,49.908594],[19.879907,49.908541],[19.880965,49.908624],[19.880965,49.908624],[19.881356,49.908654],[19.881356,49.908654],[19.884922,49.908933],[19.885216,49.909095],[19.885225,49.909117],[19.885268,49.909132],[19.885269,49.909127],[19.885372,49.909134],[19.88544,49.909144],[19.885759,49.909209],[19.885758,49.909212],[19.885787,49.909216],[19.885856,49.909201],[19.885904,49.909194],[19.885935,49.909182],[19.885952,49.909178],[19.88615,49.909086],[19.886536,49.909069],[19.886687,49.909084],[19.887146,49.909199],[19.887159,49.909202],[19.887484,49.909295],[19.887486,49.909295],[19.88751,49.909293],[19.887529,49.909277],[19.887542,49.909269],[19.887537,49.909268],[19.88747,49.909237],[19.887413,49.909199],[19.887369,49.909154],[19.887339,49.909105],[19.887325,49.909053],[19.887327,49.909],[19.887345,49.908948],[19.887378,49.9089],[19.887425,49.908857],[19.887479,49.908823],[19.886908,49.908839],[19.886768,49.908825],[19.886498,49.908758],[19.886438,49.908739],[19.886157,49.908626],[19.88603,49.908585],[19.88586,49.908531],[19.885774,49.908514],[19.885697,49.90852],[19.885654,49.908528],[19.885605,49.908534],[19.885446,49.908546],[19.885419,49.908556],[19.885378,49.908567],[19.885352,49.90859],[19.885268,49.908665],[19.885033,49.908701],[19.883766,49.908602],[19.881352,49.908414],[19.881352,49.908414],[19.87993,49.908303],[19.879701,49.908221],[19.879662,49.908137],[19.879641,49.908111],[19.879584,49.908114],[19.879579,49.908114],[19.8795,49.90813],[19.8795,49.90813],[19.879315,49.90819],[19.879234,49.908208],[19.87914,49.908221],[19.878981,49.90822],[19.878744,49.908182],[19.878594,49.908172],[19.878461,49.908142],[19.878403,49.908126],[19.878403,49.908125],[19.878401,49.908126],[19.878359,49.908121],[19.87835,49.90812],[19.878339,49.908118],[19.878221,49.908104],[19.878158,49.908085],[19.878057,49.908036],[19.877827,49.907989],[19.877443,49.907935],[19.877424,49.907932],[19.877102,49.907876],[19.876819,49.907835],[19.876489,49.90779],[19.876201,49.907762],[19.876168,49.90776],[19.876123,49.907758],[19.875645,49.907788],[19.875631,49.907789],[19.875063,49.907809],[19.874912,49.907823],[19.874732,49.907853],[19.874429,49.907811],[19.874248,49.907719],[19.874124,49.907681],[19.874071,49.907679],[19.874016,49.907712],[19.873908,49.90775],[19.873845,49.907789],[19.873646,49.907812],[19.871894,49.907675],[19.871609,49.90753],[19.871582,49.907483],[19.871534,49.907469],[19.870751,49.90745],[19.869828,49.907453],[19.869793,49.907452],[19.869736,49.907449],[19.869642,49.907453],[19.869576,49.907453],[19.869295,49.907432],[19.868683,49.907421],[19.868646,49.907419],[19.867941,49.907359],[19.867713,49.907347],[19.867673,49.907344],[19.867501,49.907322],[19.867477,49.907325],[19.867494,49.907365],[19.867462,49.907535],[19.867438,49.907562],[19.867474,49.907576],[19.867819,49.907613],[19.868497,49.90765],[19.868527,49.907653],[19.86878,49.907681],[19.868793,49.907682],[19.869152,49.907732]]],[[[19.894985,49.909772],[19.895309,49.909795],[19.895365,49.909799],[19.89548,49.909861],[19.895489,49.909863],[19.895606,49.909885],[19.896115,49.909925],[19.896402,49.909927],[19.896421,49.909926],[19.896477,49.909917],[19.896504,49.90992],[19.896505,49.90992],[19.896535,49.909923],[19.896732,49.909943],[19.896808,49.909971],[19.896908,49.909997],[19.897036,49.910015],[19.89708,49.910016],[19.897183,49.909999],[19.897224,49.909999],[19.897393,49.910027],[19.897527,49.910075],[19.897565,49.910082],[19.897602,49.910054],[19.897614,49.910048],[19.897562,49.910024],[19.897505,49.909986],[19.897461,49.909941],[19.897432,49.909892],[19.897418,49.90984],[19.897419,49.909787],[19.897437,49.909735],[19.89747,49.909687],[19.897517,49.909644],[19.897576,49.909607],[19.897594,49.9096],[19.89756,49.909599],[19.897505,49.909604],[19.897474,49.909609],[19.897431,49.90962],[19.897237,49.909633],[19.897169,49.909624],[19.89714,49.909627],[19.89698,49.909615],[19.896861,49.909587],[19.896788,49.909578],[19.896735,49.909577],[19.89656,49.909597],[19.896264,49.909566],[19.896218,49.909559],[19.896063,49.909529],[19.895931,49.909532],[19.895765,49.90951],[19.895747,49.909504],[19.895717,49.909485],[19.895672,49.909475],[19.895617,49.909459],[19.895507,49.909462],[19.895506,49.909455],[19.895374,49.909463],[19.895302,49.909429],[19.895251,49.909406],[19.895246,49.90941],[19.895012,49.909307],[19.894998,49.909305],[19.89496,49.909296],[19.894901,49.909348],[19.894945,49.909368],[19.895002,49.909406],[19.895046,49.909451],[19.895076,49.9095],[19.89509,49.909552],[19.895088,49.909605],[19.89507,49.909657],[19.895037,49.909705],[19.89499,49.909749],[19.894931,49.909785],[19.894875,49.909808],[19.894985,49.909772]]],[[[19.905174,49.910736],[19.905333,49.91076],[19.905481,49.910809],[19.90558,49.910864],[19.905691,49.910982],[19.905692,49.910984],[19.905707,49.910997],[19.905717,49.911013],[19.90575,49.911035],[19.905755,49.911039],[19.905801,49.911044],[19.905815,49.911041],[19.905863,49.911036],[19.905889,49.911011],[19.906064,49.910928],[19.906281,49.910929],[19.907578,49.911203],[19.90759,49.911206],[19.908036,49.911312],[19.908253,49.911467],[19.908268,49.911506],[19.908286,49.911514],[19.908436,49.911531],[19.908459,49.911531],[19.90864,49.911508],[19.908901,49.911542],[19.909277,49.911705],[19.909287,49.91171],[19.909665,49.911844],[19.909882,49.911896],[19.910058,49.911924],[19.910091,49.91193],[19.910552,49.912035],[19.910993,49.912111],[19.91102,49.912117],[19.911228,49.912165],[19.911293,49.912185],[19.911562,49.912292],[19.911671,49.91236],[19.911689,49.912378],[19.911771,49.91242],[19.912011,49.912477],[19.912107,49.912485],[19.912203,49.912477],[19.912375,49.91249],[19.912516,49.912526],[19.912635,49.912576],[19.912768,49.912661],[19.912751,49.912623],[19.912745,49.91257],[19.912754,49.912518],[19.912779,49.912467],[19.912819,49.912421],[19.912872,49.912381],[19.912936,49.912348],[19.912972,49.912336],[19.912682,49.912296],[19.912548,49.912257],[19.912493,49.912231],[19.912411,49.912175],[19.912385,49.91215],[19.912321,49.912111],[19.912073,49.912006],[19.911897,49.911955],[19.911841,49.911944],[19.911767,49.911943],[19.911657,49.911959],[19.911479,49.911955],[19.911325,49.911925],[19.911258,49.911906],[19.910594,49.911669],[19.910251,49.911562],[19.910066,49.911515],[19.909682,49.911434],[19.90927,49.911359],[19.909267,49.911359],[19.909149,49.91132],[19.908954,49.911223],[19.908934,49.911213],[19.908709,49.911082],[19.908626,49.911042],[19.908625,49.911042],[19.908614,49.911042],[19.9086,49.911041],[19.90858,49.911053],[19.908218,49.911102],[19.907702,49.910979],[19.906434,49.91071],[19.906322,49.910671],[19.90629,49.910654],[19.9062,49.910576],[19.906179,49.91057],[19.906155,49.910561],[19.906044,49.910561],[19.905937,49.910568],[19.905811,49.910562],[19.905773,49.910555],[19.905733,49.910553],[19.905627,49.910537],[19.905473,49.910497],[19.905401,49.910472],[19.90524,49.910397],[19.905212,49.910383],[19.905186,49.910368],[19.905227,49.910401],[19.905264,49.910449],[19.905286,49.9105],[19.905292,49.910552],[19.905282,49.910605],[19.905257,49.910655],[19.905217,49.910701],[19.905171,49.910736],[19.905174,49.910736]]],[[[19.925229,49.914762],[19.925768,49.914682],[19.926151,49.914616],[19.926224,49.914609],[19.926938,49.914586],[19.92704,49.914592],[19.927162,49.914612],[19.927206,49.914613],[19.927321,49.914603],[19.927501,49.914572],[19.927538,49.914567],[19.927671,49.914554],[19.92818,49.914465],[19.928654,49.914369],[19.929273,49.914227],[19.929864,49.914074],[19.930448,49.913907],[19.930956,49.913747],[19.931316,49.913623],[19.931404,49.913582],[19.931503,49.91355],[19.931578,49.913535],[19.931639,49.913516],[19.93203,49.913362],[19.932466,49.913171],[19.932586,49.913111],[19.93265,49.913067],[19.932742,49.913022],[19.932866,49.912981],[19.933111,49.912864],[19.933135,49.912853],[19.933216,49.912821],[19.9336,49.912617],[19.933838,49.912483],[19.934571,49.91198],[19.935104,49.911517],[19.935126,49.9115],[19.935382,49.911318],[19.935718,49.911036],[19.935779,49.910997],[19.935901,49.910935],[19.935985,49.910875],[19.936187,49.910675],[19.936212,49.910654],[19.936387,49.910519],[19.936397,49.910497],[19.936334,49.910484],[19.936131,49.910376],[19.936085,49.910321],[19.936045,49.910313],[19.936003,49.910327],[19.935949,49.910386],[19.935862,49.910441],[19.935831,49.910465],[19.935796,49.910483],[19.935776,49.910507],[19.935752,49.910526],[19.935726,49.910566],[19.935672,49.910623],[19.935533,49.91073],[19.935493,49.910756],[19.935181,49.910928],[19.934807,49.911187],[19.934785,49.9112],[19.934601,49.911307],[19.934581,49.911318],[19.934278,49.911468],[19.93426,49.911476],[19.934119,49.911537],[19.933761,49.911766],[19.933751,49.911772],[19.933285,49.912047],[19.933276,49.912053],[19.932138,49.912679],[19.932108,49.912694],[19.931971,49.912754],[19.931941,49.912766],[19.93176,49.912829],[19.931415,49.912996],[19.931374,49.913012],[19.931145,49.913094],[19.931109,49.913105],[19.931006,49.913132],[19.930925,49.913162],[19.930855,49.913195],[19.930784,49.913221],[19.930704,49.913243],[19.930341,49.913389],[19.930309,49.913401],[19.930023,49.913491],[19.929998,49.913498],[19.929801,49.913547],[19.929628,49.913606],[19.929584,49.913619],[19.928839,49.913792],[19.928439,49.913912],[19.928397,49.913922],[19.928017,49.913999],[19.92799,49.914004],[19.92742,49.914088],[19.926737,49.914259],[19.926716,49.914264],[19.926292,49.91435],[19.926204,49.91436],[19.926011,49.914367],[19.925976,49.914367],[19.925442,49.914349],[19.925423,49.914348],[19.924891,49.914311],[19.924862,49.914318],[19.924855,49.914328],[19.92489,49.914334],[19.924963,49.914358],[19.925028,49.914391],[19.925081,49.914431],[19.925122,49.914477],[19.925148,49.914527],[19.925158,49.914579],[19.925152,49.914632],[19.92513,49.914683],[19.925093,49.91473],[19.925043,49.914772],[19.925024,49.914783],[19.925229,49.914762]]],[[[19.99433,49.992691],[19.994332,49.99269],[19.994331,49.99269],[19.99433,49.992691]]]]}},{"type":"Feature","properties":{"rodzaj":"tunel","warstwa":"korytarz"},"geometry":{"type":"MultiPolygon","coordinates":[[[[19.985748,49.958312],[19.98716,49.96037],[19.988405,49.962481],[19.988441,49.962528],[19.988492,49.96257],[19.988553,49.962605],[19.988625,49.962631],[19.988702,49.962648],[19.988784,49.962655],[19.988866,49.962651],[19.988945,49.962637],[19.989018,49.962614],[19.989083,49.962581],[19.989137,49.962541],[19.989178,49.962496],[19.989204,49.962445],[19.989214,49.962393],[19.989208,49.96234],[19.989187,49.962289],[19.987938,49.960172],[19.98793,49.960159],[19.986508,49.958087],[19.986499,49.958074],[19.98491,49.956054],[19.984865,49.956009],[19.984809,49.955971],[19.984741,49.955941],[19.984666,49.955919],[19.984586,49.955908],[19.984504,49.955907],[19.984424,49.955916],[19.984347,49.955935],[19.984278,49.955964],[19.984219,49.956],[19.984172,49.956044],[19.984139,49.956092],[19.984121,49.956144],[19.984119,49.956197],[19.984134,49.956249],[19.984163,49.956298],[19.985748,49.958312]]],[[[19.97116,49.942325],[19.971109,49.942283],[19.971046,49.94225],[19.970974,49.942224],[19.970895,49.942209],[19.970814,49.942203],[19.970732,49.942208],[19.970653,49.942223],[19.970581,49.942248],[19.970517,49.942281],[19.970465,49.942322],[19.970426,49.942369],[19.970402,49.942419],[19.970393,49.942472],[19.970401,49.942525],[19.970424,49.942575],[19.970462,49.942622],[19.981202,49.953112],[19.981295,49.953202],[19.981346,49.953243],[19.981409,49.953277],[19.981481,49.953302],[19.98156,49.953318],[19.981641,49.953324],[19.981723,49.953319],[19.981801,49.953304],[19.981874,49.953279],[19.981938,49.953246],[19.98199,49.953205],[19.982029,49.953159],[19.982054,49.953108],[19.982062,49.953056],[19.982055,49.953003],[19.982031,49.952952],[19.981993,49.952905],[19.981901,49.952815],[19.9819,49.952815],[19.9819,49.952814],[19.97116,49.942325]]],[[[19.964292,49.933874],[19.964191,49.933707],[19.964154,49.933659],[19.964103,49.933618],[19.964041,49.933583],[19.96397,49.933557],[19.963892,49.933541],[19.96381,49.933535],[19.963729,49.933539],[19.96365,49.933553],[19.963577,49.933577],[19.963512,49.933609],[19.963459,49.93365],[19.963419,49.933696],[19.963393,49.933746],[19.963383,49.933799],[19.96339,49.933851],[19.963412,49.933902],[19.963515,49.934074],[19.96352,49.934082],[19.965151,49.936555],[19.96519,49.936602],[19.965243,49.936642],[19.965307,49.936675],[19.965379,49.9367],[19.965458,49.936715],[19.96554,49.93672],[19.965621,49.936714],[19.965699,49.936698],[19.965771,49.936673],[19.965834,49.936639],[19.965885,49.936597],[19.965923,49.936551],[19.965946,49.9365],[19.965954,49.936447],[19.965945,49.936394],[19.96592,49.936344],[19.964292,49.933874]]],[[[19.928814,49.898523],[19.928762,49.89831],[19.928715,49.898097],[19.928672,49.897883],[19.928633,49.897668],[19.928599,49.897453],[19.928568,49.897238],[19.928541,49.897022],[19.928517,49.896806],[19.928497,49.89659],[19.928481,49.896374],[19.928467,49.896157],[19.928457,49.89594],[19.928449,49.895723],[19.928444,49.895506],[19.928441,49.895288],[19.928441,49.895071],[19.928443,49.894853],[19.928447,49.894635],[19.928452,49.894417],[19.92846,49.894199],[19.928468,49.893981],[19.928478,49.893763],[19.92849,49.893545],[19.928502,49.893326],[19.928515,49.893108],[19.928529,49.892889],[19.928543,49.89267],[19.928558,49.892451],[19.928573,49.892232],[19.928651,49.891081],[19.928647,49.891029],[19.928626,49.890977],[19.928591,49.89093],[19.928542,49.890887],[19.928481,49.890852],[19.92841,49.890825],[19.928333,49.890807],[19.928252,49.8908],[19.92817,49.890803],[19.928091,49.890816],[19.928017,49.890839],[19.927952,49.890871],[19.927897,49.89091],[19.927855,49.890955],[19.927828,49.891005],[19.927816,49.891058],[19.927738,49.892208],[19.927723,49.892428],[19.927709,49.892647],[19.927694,49.892866],[19.927694,49.892867],[19.92768,49.893086],[19.92768,49.893086],[19.927667,49.893306],[19.927667,49.893306],[19.927655,49.893525],[19.927655,49.893526],[19.927643,49.893745],[19.927643,49.893746],[19.927633,49.893966],[19.927633,49.893967],[19.927624,49.894186],[19.927624,49.894187],[19.927617,49.894406],[19.927617,49.894408],[19.927611,49.894627],[19.927611,49.894628],[19.927607,49.894848],[19.927607,49.894849],[19.927605,49.895069],[19.927605,49.89507],[19.927606,49.89529],[19.927606,49.895292],[19.927608,49.895511],[19.927608,49.895513],[19.927613,49.895732],[19.927614,49.895734],[19.927621,49.895954],[19.927621,49.895956],[19.927632,49.896175],[19.927632,49.896177],[19.927646,49.896397],[19.927646,49.896399],[19.927663,49.896618],[19.927663,49.896621],[19.927683,49.89684],[19.927684,49.896842],[19.927707,49.897061],[19.927708,49.897064],[19.927735,49.897283],[19.927735,49.897286],[19.927767,49.897504],[19.927767,49.897507],[19.927802,49.897726],[19.927803,49.897729],[19.927842,49.897947],[19.927843,49.89795],[19.927886,49.898168],[19.927887,49.898171],[19.927935,49.898388],[19.927936,49.898392],[19.927989,49.898609],[19.92799,49.898612],[19.928,49.898652],[19.928022,49.898703],[19.928059,49.898751],[19.928109,49.898792],[19.928171,49.898827],[19.928242,49.898853],[19.92832,49.89887],[19.928401,49.898876],[19.928483,49.898873],[19.928562,49.898859],[19.928635,49.898835],[19.9287,49.898802],[19.928753,49.898762],[19.928794,49.898716],[19.92882,49.898666],[19.92883,49.898614],[19.928824,49.898561],[19.928814,49.898523]]],[[[19.913998,49.913103],[19.914249,49.913173],[19.914501,49.913244],[19.914501,49.913244],[19.914752,49.913314],[19.914753,49.913314],[19.915005,49.913384],[19.915006,49.913384],[19.915257,49.913453],[19.915259,49.913454],[19.915511,49.913522],[19.915512,49.913523],[19.915765,49.913591],[19.915766,49.913591],[19.916019,49.913659],[19.916021,49.91366],[19.916275,49.913726],[19.916277,49.913727],[19.916531,49.913793],[19.916533,49.913793],[19.916788,49.913858],[19.91679,49.913859],[19.917046,49.913923],[19.917048,49.913923],[19.917305,49.913986],[19.917308,49.913987],[19.917564,49.914048],[19.917568,49.914049],[19.917825,49.914109],[19.917829,49.91411],[19.918087,49.914168],[19.918091,49.914169],[19.91835,49.914226],[19.918354,49.914226],[19.918614,49.914281],[19.918619,49.914282],[19.91888,49.914336],[19.918884,49.914336],[19.919146,49.914388],[19.919151,49.914389],[19.919414,49.914438],[19.919419,49.914439],[19.919683,49.914486],[19.919689,49.914487],[19.919953,49.914532],[19.919959,49.914533],[19.920225,49.914575],[19.920231,49.914576],[19.920497,49.914616],[19.920503,49.914617],[19.920771,49.914654],[19.920778,49.914655],[19.921046,49.914689],[19.921053,49.91469],[19.921322,49.914722],[19.921329,49.914723],[19.921599,49.914752],[19.921606,49.914752],[19.921877,49.914778],[19.921885,49.914779],[19.922156,49.914801],[19.922164,49.914802],[19.922172,49.914803],[19.923013,49.914852],[19.923037,49.914852],[19.923882,49.91487],[19.923906,49.91487],[19.924751,49.914856],[19.924832,49.91485],[19.92491,49.914833],[19.924981,49.914807],[19.925043,49.914772],[19.925093,49.91473],[19.92513,49.914683],[19.925152,49.914632],[19.925158,49.914579],[19.925148,49.914527],[19.925122,49.914477],[19.925081,49.914431],[19.925028,49.914391],[19.924963,49.914358],[19.92489,49.914334],[19.924811,49.91432],[19.924729,49.914316],[19.923897,49.91433],[19.923076,49.914313],[19.922255,49.914265],[19.921995,49.914244],[19.921732,49.914219],[19.921469,49.914191],[19.921206,49.91416],[19.920944,49.914126],[19.920683,49.914089],[19.920422,49.91405],[19.920162,49.914009],[19.919903,49.913965],[19.919644,49.913919],[19.919386,49.913871],[19.919129,49.91382],[19.918873,49.913768],[19.918617,49.913714],[19.918361,49.913658],[19.918107,49.9136],[19.917853,49.913541],[19.917599,49.913481],[19.917346,49.913419],[19.917093,49.913356],[19.916841,49.913292],[19.916589,49.913226],[19.916338,49.91316],[19.916087,49.913093],[19.915836,49.913025],[19.915585,49.912957],[19.915334,49.912887],[19.915083,49.912818],[19.914832,49.912748],[19.914582,49.912678],[19.914331,49.912608],[19.913329,49.912327],[19.913251,49.912311],[19.91317,49.912305],[19.913088,49.912309],[19.913009,49.912324],[19.912936,49.912348],[19.912872,49.912381],[19.912819,49.912421],[19.912779,49.912467],[19.912754,49.912518],[19.912745,49.91257],[19.912751,49.912623],[19.912774,49.912674],[19.912811,49.912721],[19.912862,49.912762],[19.912925,49.912797],[19.912996,49.912822],[19.913998,49.913103]]],[[[19.911643,49.82896],[19.91172,49.828087],[19.91187,49.827218],[19.912092,49.826353],[19.912171,49.8261],[19.912256,49.825845],[19.912348,49.825591],[19.912446,49.825338],[19.912548,49.825085],[19.912657,49.824833],[19.91277,49.824582],[19.912888,49.824332],[19.91301,49.824082],[19.913137,49.823834],[19.913269,49.823586],[19.913404,49.823338],[19.913543,49.823092],[19.913686,49.822846],[19.913832,49.822601],[19.913981,49.822357],[19.914133,49.822113],[19.914288,49.82187],[19.914446,49.821627],[19.914606,49.821385],[19.914768,49.821143],[19.914932,49.820902],[19.915098,49.820661],[19.915266,49.820421],[19.915435,49.82018],[19.915605,49.81994],[19.915777,49.8197],[19.915949,49.81946],[19.916122,49.81922],[19.916295,49.818981],[19.916468,49.818741],[19.921545,49.811726],[19.921572,49.811676],[19.921584,49.811624],[19.921579,49.811571],[19.921559,49.811519],[19.921524,49.811472],[19.921475,49.811429],[19.921414,49.811394],[19.921344,49.811367],[19.921267,49.811349],[19.921186,49.811342],[19.921104,49.811345],[19.921025,49.811358],[19.920951,49.81138],[19.920886,49.811412],[19.920831,49.811451],[19.920789,49.811497],[19.915713,49.818512],[19.915539,49.818752],[19.915366,49.818992],[19.915366,49.818992],[19.915193,49.819232],[19.915192,49.819233],[19.91502,49.819473],[19.915019,49.819474],[19.914848,49.819714],[19.914847,49.819715],[19.914676,49.819955],[19.914676,49.819956],[19.914506,49.820197],[19.914506,49.820198],[19.914337,49.82044],[19.914337,49.820441],[19.91417,49.820683],[19.914169,49.820684],[19.914004,49.820926],[19.914003,49.820928],[19.91384,49.821171],[19.913839,49.821172],[19.913678,49.821416],[19.913677,49.821417],[19.913519,49.821661],[19.913518,49.821663],[19.913361,49.821908],[19.91336,49.82191],[19.913207,49.822156],[19.913206,49.822157],[19.913055,49.822404],[19.913054,49.822406],[19.912907,49.822653],[19.912905,49.822655],[19.912761,49.822903],[19.91276,49.822906],[19.91262,49.823155],[19.912618,49.823157],[19.912482,49.823407],[19.91248,49.823409],[19.912347,49.82366],[19.912346,49.823663],[19.912217,49.823914],[19.912216,49.823917],[19.912092,49.82417],[19.91209,49.824173],[19.911971,49.824426],[19.911969,49.824429],[19.911855,49.824684],[19.911853,49.824687],[19.911744,49.824942],[19.911742,49.824946],[19.911638,49.825202],[19.911636,49.825206],[19.911538,49.825463],[19.911536,49.825467],[19.911443,49.825725],[19.911442,49.825728],[19.911355,49.825987],[19.911353,49.825991],[19.911272,49.826251],[19.91127,49.82626],[19.911045,49.827137],[19.911042,49.827151],[19.91089,49.828034],[19.910888,49.828049],[19.910809,49.828936],[19.910808,49.82895],[19.910803,49.829839],[19.91081,49.829892],[19.910834,49.829943],[19.910872,49.829989],[19.910923,49.83003],[19.910987,49.830064],[19.911058,49.830089],[19.911137,49.830105],[19.911218,49.83011],[19.911299,49.830105],[19.911378,49.83009],[19.91145,49.830065],[19.911514,49.830032],[19.911566,49.829991],[19.911605,49.829945],[19.911629,49.829894],[19.911637,49.829841],[19.911643,49.82896]]],[[[19.898947,49.910178],[19.899077,49.910188],[19.899207,49.910198],[19.899336,49.910208],[19.899466,49.910218],[19.899595,49.910229],[19.899724,49.910239],[19.899854,49.910249],[19.899983,49.91026],[19.900112,49.91027],[19.900241,49.910281],[19.90037,49.910291],[19.900499,49.910302],[19.900628,49.910313],[19.900757,49.910324],[19.900885,49.910335],[19.901014,49.910347],[19.901142,49.910358],[19.901271,49.91037],[19.901399,49.910382],[19.901527,49.910394],[19.901655,49.910407],[19.901783,49.910419],[19.901911,49.910432],[19.902038,49.910445],[19.902166,49.910459],[19.902293,49.910472],[19.902421,49.910486],[19.902548,49.910501],[19.902675,49.910515],[19.902802,49.91053],[19.902923,49.910545],[19.904784,49.91081],[19.904865,49.910817],[19.904947,49.910812],[19.905026,49.910798],[19.905099,49.910774],[19.905163,49.910741],[19.905217,49.910701],[19.905257,49.910655],[19.905282,49.910605],[19.905292,49.910552],[19.905286,49.9105],[19.905264,49.910449],[19.905227,49.910401],[19.905176,49.91036],[19.905114,49.910325],[19.905042,49.9103],[19.904964,49.910283],[19.903096,49.910017],[19.903082,49.910015],[19.902954,49.909999],[19.902952,49.909999],[19.902824,49.909984],[19.902822,49.909984],[19.902693,49.909969],[19.902692,49.909969],[19.902563,49.909955],[19.902562,49.909954],[19.902433,49.90994],[19.902431,49.90994],[19.902302,49.909926],[19.902301,49.909926],[19.902172,49.909913],[19.902171,49.909912],[19.902042,49.909899],[19.90204,49.909899],[19.901911,49.909886],[19.90191,49.909886],[19.901781,49.909873],[19.90178,49.909873],[19.90165,49.90986],[19.901649,49.90986],[19.90152,49.909848],[19.901519,49.909848],[19.90139,49.909836],[19.901389,49.909836],[19.901259,49.909824],[19.901258,49.909824],[19.901129,49.909812],[19.901128,49.909812],[19.900999,49.909801],[19.900998,49.909801],[19.900868,49.909789],[19.900868,49.909789],[19.900738,49.909778],[19.900737,49.909778],[19.900608,49.909767],[19.900607,49.909767],[19.900478,49.909756],[19.900477,49.909756],[19.900347,49.909745],[19.900347,49.909745],[19.900217,49.909735],[19.900217,49.909734],[19.900087,49.909724],[19.900087,49.909724],[19.899957,49.909713],[19.899827,49.909703],[19.899697,49.909693],[19.899567,49.909683],[19.899437,49.909672],[19.899307,49.909662],[19.899177,49.909652],[19.899047,49.909642],[19.897884,49.909551],[19.897802,49.90955],[19.897722,49.909559],[19.897645,49.909579],[19.897576,49.909607],[19.897517,49.909644],[19.89747,49.909687],[19.897437,49.909735],[19.897419,49.909787],[19.897418,49.90984],[19.897432,49.909892],[19.897461,49.909941],[19.897505,49.909986],[19.897562,49.910024],[19.897629,49.910054],[19.897704,49.910076],[19.897784,49.910087],[19.898947,49.910178]]],[[[19.894623,49.909841],[19.894705,49.909842],[19.894786,49.909833],[19.894862,49.909814],[19.894931,49.909785],[19.89499,49.909749],[19.895037,49.909705],[19.89507,49.909657],[19.895088,49.909605],[19.89509,49.909552],[19.895076,49.9095],[19.895046,49.909451],[19.895002,49.909406],[19.894945,49.909368],[19.894878,49.909338],[19.894803,49.909316],[19.894723,49.909305],[19.887792,49.908764],[19.88771,49.908763],[19.887629,49.908772],[19.887553,49.908792],[19.887484,49.90882],[19.887425,49.908857],[19.887378,49.9089],[19.887345,49.908948],[19.887327,49.909],[19.887325,49.909053],[19.887339,49.909105],[19.887369,49.909154],[19.887413,49.909199],[19.88747,49.909237],[19.887537,49.909268],[19.887612,49.909289],[19.887692,49.9093],[19.894623,49.909841]]]]}},{"type":"Feature","properties":{"gml_id":"budynki.120614_5.0002.388/2.1_BUD","ID_BUDYNKU":"120614_5.0002.388/2.1_BUD","RODZAJ":"m","KONDYGNACJE_NADZIEMNE":"None","KONDYGNACJE_PODZIEMNE":"None","strefa":"nad tunelem","warstwa":"budynki"},"geometry":{"type":"Polygon","coordinates":[[[19.976841,49.94775],[19.976823,49.9478],[19.976644,49.947774],[19.976662,49.947724],[19.976651,49.947722],[19.97668,49.947641],[19.976767,49.947654],[19.976768,49.947651],[19.976794,49.947655],[19.976793,49.947657],[19.97688,49.94767],[19.976852,49.947751],[19.976841,49.94775]]]}},{"type":"Feature","properties":{"gml_id":"budynki.120614_5.0004.741.1_BUD","ID_BUDYNKU":"120614_5.0004.741.1_BUD","RODZAJ":"m","KONDYGNACJE_NADZIEMNE":"None","KONDYGNACJE_PODZIEMNE":"None","strefa":"nad tunelem","warstwa":"budynki"},"geometry":{"type":"Polygon","coordinates":[[[19.979858,49.951351],[19.979829,49.951456],[19.979718,49.951444],[19.979745,49.951346],[19.979807,49.951353],[19.979809,49.951345],[19.979858,49.951351]]]}},{"type":"Feature","properties":{"gml_id":"budynki.120614_5.0004.741.2_BUD","ID_BUDYNKU":"120614_5.0004.741.2_BUD","RODZAJ":"m","KONDYGNACJE_NADZIEMNE":"None","KONDYGNACJE_PODZIEMNE":"None","strefa":"nad tunelem","warstwa":"budynki"},"geometry":{"type":"Polygon","coordinates":[[[19.979967,49.951371],[19.97994,49.951469],[19.979829,49.951456],[19.979858,49.951351],[19.979907,49.951357],[19.979905,49.951363],[19.979967,49.951371]]]}},{"type":"Feature","properties":{"gml_id":"budynki.120903_4.0002.481_BUD","ID_BUDYNKU":"120903_4.0002.481_BUD","RODZAJ":"g","KONDYGNACJE_NADZIEMNE":"1","KONDYGNACJE_PODZIEMNE":"0","strefa":"w śladzie","warstwa":"budynki"},"geometry":{"type":"Polygon","coordinates":[[[19.911589,49.831988],[19.911586,49.83204],[19.911528,49.832039],[19.911531,49.831987],[19.911589,49.831988]]]}},{"type":"Feature","properties":{"gml_id":"budynki.120903_4.0002.2153_BUD","ID_BUDYNKU":"120903_4.0002.2153_BUD","RODZAJ":"m","KONDYGNACJE_NADZIEMNE":"1","KONDYGNACJE_PODZIEMNE":"0","strefa":"w śladzie","warstwa":"budynki"},"geometry":{"type":"Polygon","coordinates":[[[19.911203,49.832172],[19.91121,49.832134],[19.911203,49.832133],[19.91121,49.832097],[19.911362,49.832109],[19.911393,49.832111],[19.91138,49.832186],[19.911302,49.832179],[19.911203,49.832172]]]}},{"type":"Feature","properties":{"gml_id":"budynki.120903_4.0002.509_BUD","ID_BUDYNKU":"120903_4.0002.509_BUD","RODZAJ":"m","KONDYGNACJE_NADZIEMNE":"2","KONDYGNACJE_PODZIEMNE":"0","strefa":"w śladzie","warstwa":"budynki"},"geometry":{"type":"Polygon","coordinates":[[[19.911515,49.832116],[19.91167,49.83211],[19.911675,49.832166],[19.911577,49.832169],[19.911532,49.83217],[19.911519,49.832163],[19.911515,49.832116]]]}},{"type":"Feature","properties":{"gml_id":"budynki.120903_4.0002.2720_BUD","ID_BUDYNKU":"120903_4.0002.2720_BUD","RODZAJ":"m","KONDYGNACJE_NADZIEMNE":"2","KONDYGNACJE_PODZIEMNE":"1","strefa":"w śladzie","warstwa":"budynki"},"geometry":{"type":"Polygon","coordinates":[[[19.911524,49.832231],[19.911553,49.83223],[19.911551,49.832201],[19.911579,49.832201],[19.911577,49.832169],[19.911675,49.832166],[19.911683,49.832277],[19.911528,49.832286],[19.911524,49.832231]]]}},{"type":"Feature","properties":{"gml_id":"budynki.120903_4.0002.512_BUD","ID_BUDYNKU":"120903_4.0002.512_BUD","RODZAJ":"g","KONDYGNACJE_NADZIEMNE":"1","KONDYGNACJE_PODZIEMNE":"0","strefa":"w śladzie","warstwa":"budynki"},"geometry":{"type":"Polygon","coordinates":[[[19.911996,49.832337],[19.911994,49.832401],[19.911808,49.832398],[19.911751,49.832397],[19.911754,49.832333],[19.911928,49.832335],[19.911996,49.832337]]]}},{"type":"Feature","properties":{"gml_id":"budynki.120903_4.0002.126_BUD","ID_BUDYNKU":"120903_4.0002.126_BUD","RODZAJ":"m","KONDYGNACJE_NADZIEMNE":"2","KONDYGNACJE_PODZIEMNE":"0","strefa":"w śladzie","warstwa":"budynki"},"geometry":{"type":"Polygon","coordinates":[[[19.911679,49.831943],[19.911526,49.831943],[19.911526,49.831859],[19.911679,49.831859],[19.911679,49.831943]]]}},{"type":"Feature","properties":{"gml_id":"budynki.120903_4.0003.2055_BUD","ID_BUDYNKU":"120903_4.0003.2055_BUD","RODZAJ":"m","KONDYGNACJE_NADZIEMNE":"2","KONDYGNACJE_PODZIEMNE":"1","strefa":"w śladzie","warstwa":"budynki"},"geometry":{"type":"Polygon","coordinates":[[[19.911712,49.830872],[19.911676,49.830953],[19.911557,49.830931],[19.911592,49.83085],[19.911712,49.830872]]]}},{"type":"Feature","properties":{"gml_id":"budynki.120903_4.0003.893_BUD","ID_BUDYNKU":"120903_4.0003.893_BUD","RODZAJ":"g","KONDYGNACJE_NADZIEMNE":"1","KONDYGNACJE_PODZIEMNE":"0","strefa":"w śladzie","warstwa":"budynki"},"geometry":{"type":"Polygon","coordinates":[[[19.911378,49.830788],[19.91136,49.830856],[19.911203,49.830838],[19.911221,49.83077],[19.911378,49.830788]]]}},{"type":"Feature","properties":{"gml_id":"budynki.120903_4.0003.892_BUD","ID_BUDYNKU":"120903_4.0003.892_BUD","RODZAJ":"m","KONDYGNACJE_NADZIEMNE":"1","KONDYGNACJE_PODZIEMNE":"1","strefa":"w śladzie","warstwa":"budynki"},"geometry":{"type":"Polygon","coordinates":[[[19.911271,49.830956],[19.911239,49.831037],[19.911099,49.831014],[19.91113,49.830933],[19.911271,49.830956]]]}},{"type":"Feature","properties":{"gml_id":"budynki.120903_4.0003.891_BUD","ID_BUDYNKU":"120903_4.0003.891_BUD","RODZAJ":"m","KONDYGNACJE_NADZIEMNE":"2","KONDYGNACJE_PODZIEMNE":"0","strefa":"w śladzie","warstwa":"budynki"},"geometry":{"type":"Polygon","coordinates":[[[19.911613,49.831065],[19.911577,49.831146],[19.911538,49.831139],[19.911443,49.831121],[19.911478,49.83104],[19.911613,49.831065]]]}},{"type":"Feature","properties":{"gml_id":"budynki.120903_4.0003.890_BUD","ID_BUDYNKU":"120903_4.0003.890_BUD","RODZAJ":"i","KONDYGNACJE_NADZIEMNE":"1","KONDYGNACJE_PODZIEMNE":"0","strefa":"w śladzie","warstwa":"budynki"},"geometry":{"type":"Polygon","coordinates":[[[19.911538,49.831139],[19.911524,49.83117],[19.911429,49.831153],[19.911443,49.831121],[19.911538,49.831139]]]}},{"type":"Feature","properties":{"gml_id":"budynki.120903_4.0003.2042_BUD","ID_BUDYNKU":"120903_4.0003.2042_BUD","RODZAJ":"m","KONDYGNACJE_NADZIEMNE":"2","KONDYGNACJE_PODZIEMNE":"1","strefa":"w śladzie","warstwa":"budynki"},"geometry":{"type":"Polygon","coordinates":[[[19.911059,49.830869],[19.911019,49.830963],[19.910876,49.830938],[19.910915,49.830844],[19.911059,49.830869]]]}},{"type":"Feature","properties":{"gml_id":"budynki.120903_4.0003.2043_BUD","ID_BUDYNKU":"120903_4.0003.2043_BUD","RODZAJ":"g","KONDYGNACJE_NADZIEMNE":"1","KONDYGNACJE_PODZIEMNE":"0","strefa":"w śladzie","warstwa":"budynki"},"geometry":{"type":"Polygon","coordinates":[[[19.910912,49.830626],[19.910903,49.830649],[19.910879,49.830704],[19.910712,49.830674],[19.910735,49.830619],[19.91083,49.830636],[19.91084,49.830613],[19.910912,49.830626]]]}},{"type":"Feature","properties":{"gml_id":"budynki.120903_4.0003.949_BUD","ID_BUDYNKU":"120903_4.0003.949_BUD","RODZAJ":"g","KONDYGNACJE_NADZIEMNE":"1","KONDYGNACJE_PODZIEMNE":"0","strefa":"w śladzie","warstwa":"budynki"},"geometry":{"type":"Polygon","coordinates":[[[19.911441,49.830478],[19.911422,49.830553],[19.911324,49.830543],[19.911343,49.830468],[19.911441,49.830478]]]}},{"type":"Feature","properties":{"gml_id":"budynki.120614_4.0001.1499.1_BUD","ID_BUDYNKU":"120614_4.0001.1499.1_BUD","RODZAJ":"m","KONDYGNACJE_NADZIEMNE":"None","KONDYGNACJE_PODZIEMNE":"None","strefa":"w śladzie","warstwa":"budynki"},"geometry":{"type":"Polygon","coordinates":[[[19.958622,49.926036],[19.95866,49.925977],[19.958706,49.925989],[19.958715,49.925975],[19.958748,49.925984],[19.95874,49.925998],[19.95879,49.926011],[19.958753,49.92607],[19.958622,49.926036]]]}},{"type":"Feature","properties":{"gml_id":"budynki.120614_4.0001.1483/14.1_BUD","ID_BUDYNKU":"120614_4.0001.1483/14.1_BUD","RODZAJ":"m","KONDYGNACJE_NADZIEMNE":"None","KONDYGNACJE_PODZIEMNE":"None","strefa":"w śladzie","warstwa":"budynki"},"geometry":{"type":"Polygon","coordinates":[[[19.959002,49.927264],[19.959007,49.92717],[19.95921,49.927173],[19.959206,49.927268],[19.959126,49.927266],[19.959083,49.927265],[19.959002,49.927264]]]}},{"type":"Feature","properties":{"gml_id":"budynki.120614_4.0001.1309/2.1_BUD","ID_BUDYNKU":"120614_4.0001.1309/2.1_BUD","RODZAJ":"m","KONDYGNACJE_NADZIEMNE":"None","KONDYGNACJE_PODZIEMNE":"None","strefa":"w śladzie","warstwa":"budynki"},"geometry":{"type":"Polygon","coordinates":[[[19.957499,49.9231],[19.957582,49.9231],[19.957582,49.923113],[19.957655,49.923114],[19.957654,49.923191],[19.957602,49.923191],[19.957602,49.923209],[19.957565,49.923208],[19.957565,49.923191],[19.957499,49.923191],[19.957499,49.9231]]]}},{"type":"Feature","properties":{"gml_id":"budynki.120614_4.0001.1302/4.1_BUD","ID_BUDYNKU":"120614_4.0001.1302/4.1_BUD","RODZAJ":"m","KONDYGNACJE_NADZIEMNE":"None","KONDYGNACJE_PODZIEMNE":"None","strefa":"w śladzie","warstwa":"budynki"},"geometry":{"type":"Polygon","coordinates":[[[19.957727,49.923623],[19.957895,49.923623],[19.957895,49.923713],[19.95783,49.923713],[19.95783,49.923731],[19.957727,49.923731],[19.957727,49.923713],[19.957727,49.923623]]]}},{"type":"Feature","properties":{"gml_id":"budynki.120614_4.0001.1302/4.2_BUD","ID_BUDYNKU":"120614_4.0001.1302/4.2_BUD","RODZAJ":"i","KONDYGNACJE_NADZIEMNE":"None","KONDYGNACJE_PODZIEMNE":"None","strefa":"w śladzie","warstwa":"budynki"},"geometry":{"type":"Polygon","coordinates":[[[19.95767,49.923844],[19.957866,49.923844],[19.957866,49.923933],[19.957671,49.923934],[19.95767,49.923844]]]}},{"type":"Feature","properties":{"gml_id":"budynki.120614_4.0001.1299/1.1_BUD","ID_BUDYNKU":"120614_4.0001.1299/1.1_BUD","RODZAJ":"m","KONDYGNACJE_NADZIEMNE":"None","KONDYGNACJE_PODZIEMNE":"None","strefa":"w śladzie","warstwa":"budynki"},"geometry":{"type":"Polygon","coordinates":[[[19.957802,49.924829],[19.957805,49.924767],[19.957845,49.924768],[19.957847,49.924725],[19.957905,49.924726],[19.957905,49.924722],[19.957905,49.924702],[19.957895,49.924702],[19.957895,49.924678],[19.957904,49.924678],[19.957905,49.924668],[19.957895,49.924668],[19.957896,49.924643],[19.957906,49.924643],[19.957906,49.924624],[19.958073,49.924626],[19.958072,49.924672],[19.958114,49.924672],[19.958113,49.924724],[19.958047,49.924724],[19.958047,49.924738],[19.957984,49.924737],[19.957985,49.924723],[19.95794,49.924723],[19.957938,49.92477],[19.957935,49.924831],[19.957802,49.924829]]]}},{"type":"Feature","properties":{"gml_id":"budynki.120614_4.0001.1416/1.2_BUD","ID_BUDYNKU":"120614_4.0001.1416/1.2_BUD","RODZAJ":"i","KONDYGNACJE_NADZIEMNE":"None","KONDYGNACJE_PODZIEMNE":"None","strefa":"w śladzie","warstwa":"budynki"},"geometry":{"type":"Polygon","coordinates":[[[19.956187,49.921597],[19.95622,49.92159],[19.956239,49.921628],[19.956207,49.921635],[19.956187,49.921597]]]}},{"type":"Feature","properties":{"gml_id":"budynki.120614_4.0001.1417/2.1_BUD","ID_BUDYNKU":"120614_4.0001.1417/2.1_BUD","RODZAJ":"m","KONDYGNACJE_NADZIEMNE":"None","KONDYGNACJE_PODZIEMNE":"None","strefa":"w śladzie","warstwa":"budynki"},"geometry":{"type":"Polygon","coordinates":[[[19.95594,49.921644],[19.95597,49.921639],[19.956004,49.921634],[19.956067,49.921625],[19.956069,49.921631],[19.956114,49.921625],[19.956142,49.921704],[19.956097,49.921711],[19.956096,49.921708],[19.956015,49.92172],[19.956009,49.921704],[19.955964,49.92171],[19.95594,49.921644]]]}},{"type":"Feature","properties":{"gml_id":"budynki.120614_4.0001.1416/2.1_BUD","ID_BUDYNKU":"120614_4.0001.1416/2.1_BUD","RODZAJ":"m","KONDYGNACJE_NADZIEMNE":"None","KONDYGNACJE_PODZIEMNE":"None","strefa":"w śladzie","warstwa":"budynki"},"geometry":{"type":"Polygon","coordinates":[[[19.956545,49.921774],[19.956582,49.921764],[19.956576,49.921754],[19.956621,49.921743],[19.956626,49.921753],[19.956659,49.921745],[19.956687,49.921792],[19.956574,49.921821],[19.956545,49.921774]]]}},{"type":"Feature","properties":{"gml_id":"budynki.120614_4.0001.1416/1.1_BUD","ID_BUDYNKU":"120614_4.0001.1416/1.1_BUD","RODZAJ":"m","KONDYGNACJE_NADZIEMNE":"None","KONDYGNACJE_PODZIEMNE":"None","strefa":"w śladzie","warstwa":"budynki"},"geometry":{"type":"Polygon","coordinates":[[[19.956152,49.9215],[19.95625,49.921471],[19.956238,49.921454],[19.956278,49.921443],[19.95629,49.921461],[19.956339,49.921447],[19.956386,49.921514],[19.9562,49.921568],[19.956152,49.9215]]]}},{"type":"Feature","properties":{"gml_id":"budynki.120906_2.0003.809_BUD","ID_BUDYNKU":"120906_2.0003.809_BUD","RODZAJ":"i","KONDYGNACJE_NADZIEMNE":"1","KONDYGNACJE_PODZIEMNE":"0","strefa":"w śladzie","warstwa":"budynki"},"geometry":{"type":"Polygon","coordinates":[[[19.955697,49.921111],[19.955823,49.921082],[19.955867,49.921162],[19.95574,49.921191],[19.955697,49.921111]]]}},{"type":"Feature","properties":{"gml_id":"budynki.120906_2.0003.825_BUD","ID_BUDYNKU":"120906_2.0003.825_BUD","RODZAJ":"m","KONDYGNACJE_NADZIEMNE":"2","KONDYGNACJE_PODZIEMNE":"0","strefa":"w śladzie","warstwa":"budynki"},"geometry":{"type":"Polygon","coordinates":[[[19.956077,49.921253],[19.95602,49.92126],[19.955993,49.921165],[19.956097,49.921153],[19.956098,49.921156],[19.956135,49.921152],[19.956134,49.921148],[19.956224,49.921138],[19.956231,49.921164],[19.95624,49.921195],[19.956224,49.921197],[19.956229,49.921214],[19.956239,49.921213],[19.956245,49.921216],[19.95626,49.921222],[19.956264,49.921237],[19.956249,49.921249],[19.956225,49.921252],[19.956204,49.921243],[19.956203,49.921239],[19.956168,49.921243],[19.956152,49.921245],[19.956148,49.921245],[19.956144,49.921232],[19.956074,49.92124],[19.956077,49.921253]]]}},{"type":"Feature","properties":{"gml_id":"budynki.120906_2.0003.747_BUD","ID_BUDYNKU":"120906_2.0003.747_BUD","RODZAJ":"i","KONDYGNACJE_NADZIEMNE":"1","KONDYGNACJE_PODZIEMNE":"0","strefa":"w śladzie","warstwa":"budynki"},"geometry":{"type":"Polygon","coordinates":[[[19.954578,49.918906],[19.954571,49.918968],[19.954458,49.918962],[19.954466,49.918901],[19.954578,49.918906]]]}},{"type":"Feature","properties":{"gml_id":"budynki.120906_2.0003.757_BUD","ID_BUDYNKU":"120906_2.0003.757_BUD","RODZAJ":"i","KONDYGNACJE_NADZIEMNE":"1","KONDYGNACJE_PODZIEMNE":"0","strefa":"w śladzie","warstwa":"budynki"},"geometry":{"type":"Polygon","coordinates":[[[19.95467,49.91885],[19.954666,49.918894],[19.954617,49.918892],[19.954621,49.918848],[19.95467,49.91885]]]}},{"type":"Feature","properties":{"gml_id":"budynki.120906_2.0003.751_BUD","ID_BUDYNKU":"120906_2.0003.751_BUD","RODZAJ":"i","KONDYGNACJE_NADZIEMNE":"1","KONDYGNACJE_PODZIEMNE":"0","strefa":"w śladzie","warstwa":"budynki"},"geometry":{"type":"Polygon","coordinates":[[[19.954621,49.918846],[19.954621,49.918848],[19.954617,49.918892],[19.954477,49.918886],[19.954482,49.918841],[19.954621,49.918846]]]}},{"type":"Feature","properties":{"gml_id":"budynki.120906_2.0003.775_BUD","ID_BUDYNKU":"120906_2.0003.775_BUD","RODZAJ":"m","KONDYGNACJE_NADZIEMNE":"1","KONDYGNACJE_PODZIEMNE":"0","strefa":"w śladzie","warstwa":"budynki"},"geometry":{"type":"Polygon","coordinates":[[[19.955072,49.918948],[19.955035,49.918947],[19.955,49.918947],[19.955003,49.918868],[19.955152,49.91887],[19.95515,49.918949],[19.955072,49.918948]]]}},{"type":"Feature","properties":{"gml_id":"budynki.120906_2.0003.743_BUD","ID_BUDYNKU":"120906_2.0003.743_BUD","RODZAJ":"i","KONDYGNACJE_NADZIEMNE":"1","KONDYGNACJE_PODZIEMNE":"0","strefa":"w śladzie","warstwa":"budynki"},"geometry":{"type":"Polygon","coordinates":[[[19.954392,49.918665],[19.954388,49.918693],[19.954319,49.91869],[19.954323,49.918661],[19.954392,49.918665]]]}},{"type":"Feature","properties":{"gml_id":"budynki.120906_2.0003.734_BUD","ID_BUDYNKU":"120906_2.0003.734_BUD","RODZAJ":"i","KONDYGNACJE_NADZIEMNE":"1","KONDYGNACJE_PODZIEMNE":"0","strefa":"w śladzie","warstwa":"budynki"},"geometry":{"type":"Polygon","coordinates":[[[19.954119,49.91866],[19.954117,49.918675],[19.954074,49.918672],[19.954076,49.918657],[19.954119,49.91866]]]}},{"type":"Feature","properties":{"gml_id":"budynki.120906_2.0003.730_BUD","ID_BUDYNKU":"120906_2.0003.730_BUD","RODZAJ":"m","KONDYGNACJE_NADZIEMNE":"1","KONDYGNACJE_PODZIEMNE":"0","strefa":"w śladzie","warstwa":"budynki"},"geometry":{"type":"Polygon","coordinates":[[[19.954002,49.918749],[19.954015,49.918668],[19.954074,49.918672],[19.954117,49.918675],[19.954182,49.91868],[19.954169,49.918761],[19.954002,49.918749]]]}},{"type":"Feature","properties":{"gml_id":"budynki.120906_2.0003.752_BUD","ID_BUDYNKU":"120906_2.0003.752_BUD","RODZAJ":"m","KONDYGNACJE_NADZIEMNE":"1","KONDYGNACJE_PODZIEMNE":"0","strefa":"w śladzie","warstwa":"budynki"},"geometry":{"type":"Polygon","coordinates":[[[19.954634,49.918687],[19.954623,49.918762],[19.95449,49.918754],[19.9545,49.918679],[19.954634,49.918687]]]}},{"type":"Feature","properties":{"gml_id":"budynki.120906_2.0003.773_BUD","ID_BUDYNKU":"120906_2.0003.773_BUD","RODZAJ":"i","KONDYGNACJE_NADZIEMNE":"1","KONDYGNACJE_PODZIEMNE":"0","strefa":"w śladzie","warstwa":"budynki"},"geometry":{"type":"Polygon","coordinates":[[[19.954976,49.919215],[19.954878,49.919215],[19.954878,49.919169],[19.954976,49.91917],[19.954976,49.919215]]]}},{"type":"Feature","properties":{"gml_id":"budynki.120609_2.0010.681.3_BUD","ID_BUDYNKU":"120609_2.0010.681.3_BUD","RODZAJ":"g","KONDYGNACJE_NADZIEMNE":"None","KONDYGNACJE_PODZIEMNE":"None","strefa":"w śladzie","warstwa":"budynki"},"geometry":{"type":"Polygon","coordinates":[[[19.905615,49.910632],[19.905685,49.9106],[19.905714,49.910626],[19.905644,49.910658],[19.905615,49.910632]]]}},{"type":"Feature","properties":{"gml_id":"budynki.120609_2.0010.681.2_BUD","ID_BUDYNKU":"120609_2.0010.681.2_BUD","RODZAJ":"g","KONDYGNACJE_NADZIEMNE":"None","KONDYGNACJE_PODZIEMNE":"None","strefa":"w śladzie","warstwa":"budynki"},"geometry":{"type":"Polygon","coordinates":[[[19.905512,49.910537],[19.905608,49.910493],[19.905657,49.910538],[19.905631,49.91055],[19.905685,49.9106],[19.905615,49.910632],[19.905512,49.910537]]]}},{"type":"Feature","properties":{"gml_id":"budynki.120609_2.0010.669/1.1_BUD","ID_BUDYNKU":"120609_2.0010.669/1.1_BUD","RODZAJ":"m","KONDYGNACJE_NADZIEMNE":"None","KONDYGNACJE_PODZIEMNE":"None","strefa":"nad tunelem","warstwa":"budynki"},"geometry":{"type":"Polygon","coordinates":[[[19.90227,49.910499],[19.902196,49.910534],[19.902152,49.910493],[19.902224,49.91046],[19.90227,49.910499]]]}},{"type":"Feature","properties":{"gml_id":"budynki.120903_5.0008.686_BUD","ID_BUDYNKU":"120903_5.0008.686_BUD","RODZAJ":"g","KONDYGNACJE_NADZIEMNE":"1","KONDYGNACJE_PODZIEMNE":"0","strefa":"nad tunelem","warstwa":"budynki"},"geometry":{"type":"Polygon","coordinates":[[[19.927785,49.893214],[19.927686,49.893249],[19.927654,49.893209],[19.927627,49.893176],[19.927726,49.893141],[19.927753,49.893175],[19.927785,49.893214]]]}},{"type":"Feature","properties":{"gml_id":"budynki.120903_5.0008.687_BUD","ID_BUDYNKU":"120903_5.0008.687_BUD","RODZAJ":"g","KONDYGNACJE_NADZIEMNE":"1","KONDYGNACJE_PODZIEMNE":"0","strefa":"nad tunelem","warstwa":"budynki"},"geometry":{"type":"Polygon","coordinates":[[[19.928103,49.89312],[19.928048,49.893138],[19.928037,49.893123],[19.928091,49.893105],[19.928103,49.89312]]]}},{"type":"Feature","properties":{"gml_id":"budynki.120903_5.0008.688_BUD","ID_BUDYNKU":"120903_5.0008.688_BUD","RODZAJ":"m","KONDYGNACJE_NADZIEMNE":"1","KONDYGNACJE_PODZIEMNE":"0","strefa":"nad tunelem","warstwa":"budynki"},"geometry":{"type":"Polygon","coordinates":[[[19.92789,49.89311],[19.927861,49.893121],[19.927789,49.893038],[19.927917,49.892992],[19.927969,49.892973],[19.928022,49.893034],[19.92797,49.893055],[19.927988,49.893075],[19.927943,49.893091],[19.927951,49.893102],[19.927916,49.893115],[19.927914,49.893113],[19.927907,49.893104],[19.92789,49.89311]]]}},{"type":"Feature","properties":{"gml_id":"budynki.120903_5.0008.684_BUD","ID_BUDYNKU":"120903_5.0008.684_BUD","RODZAJ":"g","KONDYGNACJE_NADZIEMNE":"1","KONDYGNACJE_PODZIEMNE":"0","strefa":"nad tunelem","warstwa":"budynki"},"geometry":{"type":"Polygon","coordinates":[[[19.927918,49.892839],[19.927853,49.892856],[19.927821,49.892806],[19.927886,49.892788],[19.927918,49.892839]]]}},{"type":"Feature","properties":{"gml_id":"budynki.120903_5.0008.1567_BUD","ID_BUDYNKU":"120903_5.0008.1567_BUD","RODZAJ":"m","KONDYGNACJE_NADZIEMNE":"1","KONDYGNACJE_PODZIEMNE":"1","strefa":"nad tunelem","warstwa":"budynki"},"geometry":{"type":"Polygon","coordinates":[[[19.928278,49.89452],[19.928421,49.894492],[19.928449,49.894554],[19.928306,49.894581],[19.928278,49.89452]]]}},{"type":"Feature","properties":{"gml_id":"budynki.120903_5.0008.273_BUD","ID_BUDYNKU":"120903_5.0008.273_BUD","RODZAJ":"i","KONDYGNACJE_NADZIEMNE":"1","KONDYGNACJE_PODZIEMNE":"0","strefa":"nad tunelem","warstwa":"budynki"},"geometry":{"type":"Polygon","coordinates":[[[19.928341,49.897326],[19.928331,49.897393],[19.928205,49.897385],[19.928215,49.897313],[19.928258,49.897316],[19.928254,49.897341],[19.928307,49.897344],[19.92831,49.897324],[19.928341,49.897326]]]}},{"type":"Feature","properties":{"gml_id":"budynki.120903_5.0008.276_BUD","ID_BUDYNKU":"120903_5.0008.276_BUD","RODZAJ":"m","KONDYGNACJE_NADZIEMNE":"2","KONDYGNACJE_PODZIEMNE":"1","strefa":"nad tunelem","warstwa":"budynki"},"geometry":{"type":"Polygon","coordinates":[[[19.928165,49.897214],[19.928169,49.897191],[19.928173,49.897164],[19.928179,49.897133],[19.928311,49.897142],[19.928298,49.897224],[19.928165,49.897214]]]}},{"type":"Feature","properties":{"gml_id":"budynki.120903_5.0008.1340_BUD","ID_BUDYNKU":"120903_5.0008.1340_BUD","RODZAJ":"m","KONDYGNACJE_NADZIEMNE":"2","KONDYGNACJE_PODZIEMNE":"1","strefa":"nad tunelem","warstwa":"budynki"},"geometry":{"type":"Polygon","coordinates":[[[19.928281,49.896342],[19.92828,49.896341],[19.928268,49.896329],[19.928273,49.896312],[19.928293,49.896303],[19.928301,49.896274],[19.92842,49.89629],[19.928392,49.896383],[19.928307,49.896372],[19.928315,49.896346],[19.928281,49.896342]]]}},{"type":"Feature","properties":{"gml_id":"budynki.120903_5.0008.1397_BUD","ID_BUDYNKU":"120903_5.0008.1397_BUD","RODZAJ":"m","KONDYGNACJE_NADZIEMNE":"2","KONDYGNACJE_PODZIEMNE":"1","strefa":"nad tunelem","warstwa":"budynki"},"geometry":{"type":"Polygon","coordinates":[[[19.928432,49.895876],[19.928478,49.895844],[19.928391,49.895791],[19.928424,49.895768],[19.928417,49.895764],[19.928456,49.895737],[19.928462,49.895741],[19.928495,49.895718],[19.928547,49.895749],[19.928594,49.895716],[19.928677,49.895766],[19.928478,49.895904],[19.928432,49.895876]]]}},{"type":"Feature","properties":{"gml_id":"budynki.121905_5.0020.160_BUD","ID_BUDYNKU":"121905_5.0020.160_BUD","RODZAJ":"m","KONDYGNACJE_NADZIEMNE":"None","KONDYGNACJE_PODZIEMNE":"None","strefa":"nad tunelem","warstwa":"budynki"},"geometry":{"type":"Polygon","coordinates":[[[19.984867,49.957031],[19.984871,49.957011],[19.984866,49.95701],[19.984885,49.956915],[19.985044,49.956928],[19.985025,49.957024],[19.98492,49.957015],[19.984915,49.957035],[19.984867,49.957031]]]}},{"type":"Feature","properties":{"gml_id":"budynki.121905_5.0006.1039_BUD","ID_BUDYNKU":"121905_5.0006.1039_BUD","RODZAJ":"m","KONDYGNACJE_NADZIEMNE":"None","KONDYGNACJE_PODZIEMNE":"None","strefa":"w śladzie","warstwa":"budynki"},"geometry":{"type":"Polygon","coordinates":[[[19.98858,49.962684],[19.988476,49.962692],[19.988466,49.962618],[19.988568,49.962611],[19.98858,49.962684]]]}},{"type":"Feature","properties":{"gml_id":"budynki.121905_5.0006.1040_BUD","ID_BUDYNKU":"121905_5.0006.1040_BUD","RODZAJ":"m","KONDYGNACJE_NADZIEMNE":"None","KONDYGNACJE_PODZIEMNE":"None","strefa":"w śladzie","warstwa":"budynki"},"geometry":{"type":"Polygon","coordinates":[[[19.988568,49.962611],[19.988674,49.962604],[19.988676,49.962618],[19.988711,49.962616],[19.98872,49.962676],[19.98858,49.962684],[19.988568,49.962611]]]}},{"type":"Feature","properties":{"gml_id":"budynki.121905_5.0006.1264_BUD","ID_BUDYNKU":"121905_5.0006.1264_BUD","RODZAJ":"m","KONDYGNACJE_NADZIEMNE":"None","KONDYGNACJE_PODZIEMNE":"None","strefa":"w śladzie","warstwa":"budynki"},"geometry":{"type":"Polygon","coordinates":[[[19.989231,49.962627],[19.989084,49.962661],[19.989045,49.962592],[19.989096,49.96258],[19.989094,49.962577],[19.989132,49.962568],[19.989134,49.962571],[19.989191,49.962558],[19.989231,49.962627]]]}},{"type":"Feature","properties":{"gml_id":"budynki.121905_5.0006.25_BUD","ID_BUDYNKU":"121905_5.0006.25_BUD","RODZAJ":"i","KONDYGNACJE_NADZIEMNE":"None","KONDYGNACJE_PODZIEMNE":"None","strefa":"nad tunelem","warstwa":"budynki"},"geometry":{"type":"Polygon","coordinates":[[[19.988907,49.961808],[19.988906,49.961817],[19.988863,49.96183],[19.988794,49.961738],[19.988847,49.961723],[19.988907,49.961808]]]}},{"type":"Feature","properties":{"gml_id":"budynki.121905_5.0006.24_BUD","ID_BUDYNKU":"121905_5.0006.24_BUD","RODZAJ":"m","KONDYGNACJE_NADZIEMNE":"None","KONDYGNACJE_PODZIEMNE":"None","strefa":"nad tunelem","warstwa":"budynki"},"geometry":{"type":"Polygon","coordinates":[[[19.989034,49.961769],[19.988907,49.961808],[19.988847,49.961723],[19.988973,49.961685],[19.989034,49.961769]]]}},{"type":"Feature","properties":{"gml_id":"budynki.121905_5.0006.19_BUD","ID_BUDYNKU":"121905_5.0006.19_BUD","RODZAJ":"m","KONDYGNACJE_NADZIEMNE":"None","KONDYGNACJE_PODZIEMNE":"None","strefa":"nad tunelem","warstwa":"budynki"},"geometry":{"type":"Polygon","coordinates":[[[19.987843,49.961503],[19.987731,49.961519],[19.987706,49.961449],[19.987817,49.961431],[19.987843,49.961503]]]}},{"type":"Feature","properties":{"gml_id":"budynki.121905_5.0006.11_BUD","ID_BUDYNKU":"121905_5.0006.11_BUD","RODZAJ":"m","KONDYGNACJE_NADZIEMNE":"None","KONDYGNACJE_PODZIEMNE":"None","strefa":"nad tunelem","warstwa":"budynki"},"geometry":{"type":"Polygon","coordinates":[[[19.988265,49.961904],[19.988167,49.961919],[19.988145,49.961863],[19.988205,49.961853],[19.988195,49.961827],[19.988338,49.961804],[19.988367,49.961888],[19.9883,49.961898],[19.988303,49.96191],[19.98827,49.961915],[19.988265,49.961904]]]}},{"type":"Feature","properties":{"gml_id":"budynki.120903_5.0011.931_BUD","ID_BUDYNKU":"120903_5.0011.931_BUD","RODZAJ":"p","KONDYGNACJE_NADZIEMNE":"1","KONDYGNACJE_PODZIEMNE":"0","strefa":"w śladzie","warstwa":"budynki"},"geometry":{"type":"Polygon","coordinates":[[[19.924658,49.857444],[19.924573,49.857439],[19.924544,49.85737],[19.924563,49.857231],[19.924686,49.857238],[19.924689,49.857215],[19.925762,49.857277],[19.925753,49.857339],[19.925743,49.857414],[19.925725,49.857546],[19.925661,49.857543],[19.925635,49.857511],[19.925573,49.857532],[19.925572,49.857538],[19.925559,49.857537],[19.925533,49.857505],[19.925456,49.857531],[19.924951,49.857502],[19.924925,49.85747],[19.924864,49.857491],[19.924864,49.857497],[19.92485,49.857497],[19.924824,49.857464],[19.924748,49.85749],[19.924652,49.857485],[19.924658,49.857444]]]}},{"type":"Feature","properties":{"gml_id":"budynki.120903_5.0011.963_BUD","ID_BUDYNKU":"120903_5.0011.963_BUD","RODZAJ":"p","KONDYGNACJE_NADZIEMNE":"1","KONDYGNACJE_PODZIEMNE":"0","strefa":"w śladzie","warstwa":"budynki"},"geometry":{"type":"Polygon","coordinates":[[[19.925868,49.857346],[19.925858,49.85742],[19.925743,49.857414],[19.925753,49.857339],[19.925868,49.857346]]]}},{"type":"Feature","properties":{"gml_id":"budynki.120903_4.0002.146_BUD","ID_BUDYNKU":"120903_4.0002.146_BUD","RODZAJ":"m","KONDYGNACJE_NADZIEMNE":"2","KONDYGNACJE_PODZIEMNE":"1","strefa":"w śladzie","warstwa":"budynki"},"geometry":{"type":"Polygon","coordinates":[[[19.922641,49.845653],[19.92262,49.845735],[19.922489,49.845721],[19.922511,49.845639],[19.922641,49.845653]]]}},{"type":"Feature","properties":{"gml_id":"budynki.120903_4.0002.2898_BUD","ID_BUDYNKU":"120903_4.0002.2898_BUD","RODZAJ":"i","KONDYGNACJE_NADZIEMNE":"1","KONDYGNACJE_PODZIEMNE":"0","strefa":"w śladzie","warstwa":"budynki"},"geometry":{"type":"Polygon","coordinates":[[[19.924243,49.848617],[19.924459,49.848503],[19.924594,49.848607],[19.924377,49.848722],[19.924243,49.848617]]]}},{"type":"Feature","properties":{"gml_id":"budynki.120903_4.0001.1734_BUD","ID_BUDYNKU":"120903_4.0001.1734_BUD","RODZAJ":"m","KONDYGNACJE_NADZIEMNE":"3","KONDYGNACJE_PODZIEMNE":"0","strefa":"w śladzie","warstwa":"budynki"},"geometry":{"type":"Polygon","coordinates":[[[19.925073,49.849328],[19.925009,49.849339],[19.924977,49.849345],[19.924981,49.849356],[19.924885,49.849373],[19.924843,49.849276],[19.924965,49.849254],[19.924968,49.84926],[19.925016,49.849252],[19.925019,49.84925],[19.925043,49.849245],[19.925066,49.849253],[19.925075,49.849269],[19.925059,49.849282],[19.925054,49.849283],[19.925072,49.849324],[19.925073,49.849328]]]}},{"type":"Feature","properties":{"gml_id":"budynki.120903_4.0001.1789_BUD","ID_BUDYNKU":"120903_4.0001.1789_BUD","RODZAJ":"i","KONDYGNACJE_NADZIEMNE":"1","KONDYGNACJE_PODZIEMNE":"0","strefa":"w śladzie","warstwa":"budynki"},"geometry":{"type":"Polygon","coordinates":[[[19.925115,49.849367],[19.925027,49.849383],[19.925009,49.849339],[19.925073,49.849328],[19.925072,49.849324],[19.925095,49.84932],[19.925115,49.849367]]]}},{"type":"Feature","properties":{"gml_id":"budynki.120903_4.0001.2301_BUD","ID_BUDYNKU":"120903_4.0001.2301_BUD","RODZAJ":"m","KONDYGNACJE_NADZIEMNE":"2","KONDYGNACJE_PODZIEMNE":"0","strefa":"w śladzie","warstwa":"budynki"},"geometry":{"type":"Polygon","coordinates":[[[19.925407,49.8496],[19.925536,49.849578],[19.925531,49.849567],[19.925539,49.849565],[19.9256,49.84971],[19.925573,49.849715],[19.925563,49.849717],[19.925465,49.849734],[19.925407,49.8496]]]}},{"type":"Feature","properties":{"gml_id":"budynki.120903_4.0001.2388_BUD","ID_BUDYNKU":"120903_4.0001.2388_BUD","RODZAJ":"m","KONDYGNACJE_NADZIEMNE":"2","KONDYGNACJE_PODZIEMNE":"0","strefa":"w śladzie","warstwa":"budynki"},"geometry":{"type":"Polygon","coordinates":[[[19.925588,49.851001],[19.925582,49.851002],[19.925558,49.850912],[19.925595,49.850908],[19.925647,49.850902],[19.925659,49.850901],[19.925684,49.850898],[19.925686,49.850902],[19.925687,49.85091],[19.925708,49.850988],[19.925701,49.850989],[19.925588,49.851001]]]}},{"type":"Feature","properties":{"gml_id":"budynki.120903_4.0001.78_BUD","ID_BUDYNKU":"120903_4.0001.78_BUD","RODZAJ":"m","KONDYGNACJE_NADZIEMNE":"1","KONDYGNACJE_PODZIEMNE":"0","strefa":"w śladzie","warstwa":"budynki"},"geometry":{"type":"Polygon","coordinates":[[[19.925344,49.850031],[19.925288,49.850041],[19.925256,49.849971],[19.92527,49.849968],[19.925264,49.849953],[19.92534,49.849939],[19.925371,49.850005],[19.925403,49.849999],[19.925419,49.850035],[19.925352,49.850048],[19.925344,49.850031]]]}},{"type":"Feature","properties":{"gml_id":"budynki.120903_5.0005.1591_BUD","ID_BUDYNKU":"120903_5.0005.1591_BUD","RODZAJ":"g","KONDYGNACJE_NADZIEMNE":"1","KONDYGNACJE_PODZIEMNE":"0","strefa":"w śladzie","warstwa":"budynki"},"geometry":{"type":"Polygon","coordinates":[[[19.871466,49.908019],[19.871471,49.907986],[19.871568,49.907992],[19.871563,49.908025],[19.871466,49.908019]]]}},{"type":"Feature","properties":{"gml_id":"budynki.120903_5.0005.1626_BUD","ID_BUDYNKU":"120903_5.0005.1626_BUD","RODZAJ":"m","KONDYGNACJE_NADZIEMNE":"2","KONDYGNACJE_PODZIEMNE":"0","strefa":"w śladzie","warstwa":"budynki"},"geometry":{"type":"Polygon","coordinates":[[[19.877264,49.908468],[19.877304,49.908392],[19.877353,49.908403],[19.877387,49.90841],[19.877449,49.908424],[19.877409,49.908501],[19.877352,49.908488],[19.877312,49.908479],[19.87728,49.908472],[19.877264,49.908468]]]}},{"type":"Feature","properties":{"gml_id":"budynki.120903_5.0005.1627_BUD","ID_BUDYNKU":"120903_5.0005.1627_BUD","RODZAJ":"g","KONDYGNACJE_NADZIEMNE":"1","KONDYGNACJE_PODZIEMNE":"0","strefa":"w śladzie","warstwa":"budynki"},"geometry":{"type":"Polygon","coordinates":[[[19.877349,49.908665],[19.877357,49.908632],[19.877386,49.908635],[19.877395,49.908597],[19.877365,49.908594],[19.877375,49.908549],[19.877526,49.908563],[19.8775,49.908679],[19.877495,49.908704],[19.87737,49.908693],[19.877376,49.908667],[19.877349,49.908665]]]}},{"type":"Feature","properties":{"gml_id":"budynki.120903_5.0005.22_BUD","ID_BUDYNKU":"120903_5.0005.22_BUD","RODZAJ":"m","KONDYGNACJE_NADZIEMNE":"2","KONDYGNACJE_PODZIEMNE":"0","strefa":"w śladzie","warstwa":"budynki"},"geometry":{"type":"Polygon","coordinates":[[[19.876371,49.907893],[19.876375,49.907807],[19.876537,49.90781],[19.876535,49.907871],[19.876651,49.907874],[19.876649,49.907937],[19.876551,49.907935],[19.876553,49.907888],[19.876533,49.907888],[19.876533,49.907896],[19.876371,49.907893]]]}},{"type":"Feature","properties":{"gml_id":"budynki.120903_5.0005.2406_BUD","ID_BUDYNKU":"120903_5.0005.2406_BUD","RODZAJ":"m","KONDYGNACJE_NADZIEMNE":"2","KONDYGNACJE_PODZIEMNE":"0","strefa":"w śladzie","warstwa":"budynki"},"geometry":{"type":"Polygon","coordinates":[[[19.876833,49.907918],[19.876849,49.907815],[19.877007,49.907825],[19.877003,49.907857],[19.877,49.907878],[19.876993,49.907928],[19.876891,49.907922],[19.876851,49.907919],[19.876833,49.907918]]]}},{"type":"Feature","properties":{"gml_id":"budynki.120903_5.0005.1956_BUD","ID_BUDYNKU":"120903_5.0005.1956_BUD","RODZAJ":"m","KONDYGNACJE_NADZIEMNE":"2","KONDYGNACJE_PODZIEMNE":"0","strefa":"nad tunelem","warstwa":"budynki"},"geometry":{"type":"Polygon","coordinates":[[[19.890866,49.908954],[19.890998,49.908932],[19.891016,49.908976],[19.891028,49.90898],[19.891037,49.909],[19.89103,49.909007],[19.891041,49.909035],[19.890994,49.909043],[19.890955,49.90905],[19.890908,49.909058],[19.890866,49.908954]]]}},{"type":"Feature","properties":{"gml_id":"budynki.120903_5.0005.1869_BUD","ID_BUDYNKU":"120903_5.0005.1869_BUD","RODZAJ":"g","KONDYGNACJE_NADZIEMNE":"1","KONDYGNACJE_PODZIEMNE":"0","strefa":"nad tunelem","warstwa":"budynki"},"geometry":{"type":"Polygon","coordinates":[[[19.890945,49.909155],[19.890992,49.90915],[19.891004,49.909195],[19.890957,49.9092],[19.890945,49.909155]]]}},{"type":"Feature","properties":{"gml_id":"budynki.120903_5.0005.2353_BUD","ID_BUDYNKU":"120903_5.0005.2353_BUD","RODZAJ":"g","KONDYGNACJE_NADZIEMNE":"1","KONDYGNACJE_PODZIEMNE":"0","strefa":"nad tunelem","warstwa":"budynki"},"geometry":{"type":"Polygon","coordinates":[[[19.890989,49.909142],[19.89105,49.909135],[19.891066,49.909197],[19.891006,49.909204],[19.891004,49.909195],[19.890992,49.90915],[19.890989,49.909142]]]}},{"type":"Feature","properties":{"gml_id":"budynki.120903_5.0005.1870_BUD","ID_BUDYNKU":"120903_5.0005.1870_BUD","RODZAJ":"g","KONDYGNACJE_NADZIEMNE":"1","KONDYGNACJE_PODZIEMNE":"0","strefa":"nad tunelem","warstwa":"budynki"},"geometry":{"type":"Polygon","coordinates":[[[19.890743,49.9092],[19.890869,49.90918],[19.890891,49.909237],[19.890879,49.909239],[19.890899,49.909291],[19.890785,49.909309],[19.890743,49.9092]]]}},{"type":"Feature","properties":{"gml_id":"budynki.120903_5.0005.2354_BUD","ID_BUDYNKU":"120903_5.0005.2354_BUD","RODZAJ":"m","KONDYGNACJE_NADZIEMNE":"2","KONDYGNACJE_PODZIEMNE":"1","strefa":"nad tunelem","warstwa":"budynki"},"geometry":{"type":"Polygon","coordinates":[[[19.891111,49.909398],[19.891053,49.909402],[19.891042,49.909318],[19.891096,49.909315],[19.891094,49.909298],[19.891144,49.909295],[19.891147,49.909313],[19.891163,49.909312],[19.891196,49.90931],[19.891208,49.909393],[19.891131,49.909397],[19.891111,49.909398]]]}},{"type":"Feature","properties":{"gml_id":"budynki.120903_5.0005.1871_BUD","ID_BUDYNKU":"120903_5.0005.1871_BUD","RODZAJ":"g","KONDYGNACJE_NADZIEMNE":"1","KONDYGNACJE_PODZIEMNE":"0","strefa":"nad tunelem","warstwa":"budynki"},"geometry":{"type":"Polygon","coordinates":[[[19.890785,49.909309],[19.890899,49.909291],[19.890916,49.909288],[19.89094,49.90935],[19.890906,49.909355],[19.890809,49.909371],[19.890785,49.909309]]]}},{"type":"Feature","properties":{"gml_id":"budynki.120903_5.0005.1872_BUD","ID_BUDYNKU":"120903_5.0005.1872_BUD","RODZAJ":"m","KONDYGNACJE_NADZIEMNE":"2","KONDYGNACJE_PODZIEMNE":"0","strefa":"nad tunelem","warstwa":"budynki"},"geometry":{"type":"Polygon","coordinates":[[[19.891612,49.909355],[19.891608,49.909355],[19.891606,49.909305],[19.891655,49.909304],[19.891655,49.909295],[19.891721,49.909293],[19.891722,49.909303],[19.891727,49.909303],[19.891729,49.909325],[19.891746,49.909336],[19.891767,49.909335],[19.891771,49.909335],[19.891772,49.909342],[19.891784,49.909342],[19.891786,49.909393],[19.891774,49.909393],[19.891776,49.909434],[19.891759,49.909434],[19.891761,49.909492],[19.89163,49.909494],[19.891628,49.909437],[19.891611,49.909437],[19.89161,49.909389],[19.89161,49.909387],[19.891614,49.909387],[19.891613,49.909381],[19.891617,49.909381],[19.891616,49.909362],[19.891612,49.909362],[19.891612,49.909355]]]}},{"type":"Feature","properties":{"gml_id":"budynki.120903_5.0005.1996_BUD","ID_BUDYNKU":"120903_5.0005.1996_BUD","RODZAJ":"g","KONDYGNACJE_NADZIEMNE":"1","KONDYGNACJE_PODZIEMNE":"0","strefa":"nad tunelem","warstwa":"budynki"},"geometry":{"type":"Polygon","coordinates":[[[19.892175,49.909581],[19.892102,49.909597],[19.892047,49.90949],[19.892139,49.90947],[19.892161,49.909512],[19.892141,49.909516],[19.892175,49.909581]]]}},{"type":"Feature","properties":{"gml_id":"budynki.120903_5.0005.1873_BUD","ID_BUDYNKU":"120903_5.0005.1873_BUD","RODZAJ":"m","KONDYGNACJE_NADZIEMNE":"1","KONDYGNACJE_PODZIEMNE":"1","strefa":"nad tunelem","warstwa":"budynki"},"geometry":{"type":"Polygon","coordinates":[[[19.892185,49.909651],[19.892259,49.909623],[19.892293,49.90961],[19.892328,49.909596],[19.892458,49.909546],[19.892524,49.909617],[19.892325,49.909694],[19.892251,49.909722],[19.892185,49.909651]]]}},{"type":"Feature","properties":{"gml_id":"budynki.126104_9.0096.327/6.2_BUD","ID_BUDYNKU":"126104_9.0096.327/6.2_BUD","RODZAJ":"m","KONDYGNACJE_NADZIEMNE":"brak_uprawnień","KONDYGNACJE_PODZIEMNE":"brak_uprawnień","strefa":"w śladzie","warstwa":"budynki"},"geometry":{"type":"Polygon","coordinates":[[[19.992337,49.984384],[19.992194,49.984385],[19.992194,49.984293],[19.992289,49.984293],[19.992337,49.984292],[19.992337,49.984324],[19.992337,49.984384]]]}},{"type":"Feature","properties":{"gml_id":"budynki.126104_9.0096.327/5.1_BUD","ID_BUDYNKU":"126104_9.0096.327/5.1_BUD","RODZAJ":"m","KONDYGNACJE_NADZIEMNE":"brak_uprawnień","KONDYGNACJE_PODZIEMNE":"brak_uprawnień","strefa":"w śladzie","warstwa":"budynki"},"geometry":{"type":"Polygon","coordinates":[[[19.992247,49.984582],[19.992247,49.984521],[19.992387,49.984521],[19.992387,49.984582],[19.992247,49.984582]]]}},{"type":"Feature","properties":{"gml_id":"budynki.126104_9.0096.337/2.1_BUD","ID_BUDYNKU":"126104_9.0096.337/2.1_BUD","RODZAJ":"m","KONDYGNACJE_NADZIEMNE":"brak_uprawnień","KONDYGNACJE_PODZIEMNE":"brak_uprawnień","strefa":"w śladzie","warstwa":"budynki"},"geometry":{"type":"Polygon","coordinates":[[[19.993026,49.984446],[19.993006,49.984528],[19.99297,49.984524],[19.992967,49.984542],[19.992913,49.984537],[19.992917,49.984519],[19.992884,49.984515],[19.992904,49.984432],[19.993026,49.984446]]]}},{"type":"Feature","properties":{"gml_id":"budynki.126104_9.0097.363/2.1_BUD","ID_BUDYNKU":"126104_9.0097.363/2.1_BUD","RODZAJ":"m","KONDYGNACJE_NADZIEMNE":"brak_uprawnień","KONDYGNACJE_PODZIEMNE":"brak_uprawnień","strefa":"w śladzie","warstwa":"budynki"},"geometry":{"type":"Polygon","coordinates":[[[19.992163,49.982671],[19.992266,49.982688],[19.992257,49.982713],[19.992316,49.982722],[19.99229,49.982794],[19.992214,49.982783],[19.99221,49.982794],[19.99212,49.98278],[19.992163,49.982671]]]}},{"type":"Feature","properties":{"gml_id":"budynki.126104_9.0097.365/2.2_BUD","ID_BUDYNKU":"126104_9.0097.365/2.2_BUD","RODZAJ":"i","KONDYGNACJE_NADZIEMNE":"brak_uprawnień","KONDYGNACJE_PODZIEMNE":"brak_uprawnień","strefa":"w śladzie","warstwa":"budynki"},"geometry":{"type":"Polygon","coordinates":[[[19.993064,49.98287],[19.993071,49.982846],[19.993126,49.982852],[19.99312,49.982876],[19.993064,49.98287]]]}},{"type":"Feature","properties":{"gml_id":"budynki.126104_9.0097.365/2.1_BUD","ID_BUDYNKU":"126104_9.0097.365/2.1_BUD","RODZAJ":"m","KONDYGNACJE_NADZIEMNE":"brak_uprawnień","KONDYGNACJE_PODZIEMNE":"brak_uprawnień","strefa":"w śladzie","warstwa":"budynki"},"geometry":{"type":"Polygon","coordinates":[[[19.993,49.982939],[19.992859,49.982915],[19.99287,49.982888],[19.992838,49.982882],[19.992855,49.982843],[19.992886,49.982849],[19.992901,49.982814],[19.993043,49.982839],[19.993,49.982939]]]}},{"type":"Feature","properties":{"gml_id":"budynki.126104_9.0097.220/3.3_BUD","ID_BUDYNKU":"126104_9.0097.220/3.3_BUD","RODZAJ":"i","KONDYGNACJE_NADZIEMNE":"brak_uprawnień","KONDYGNACJE_PODZIEMNE":"brak_uprawnień","strefa":"w śladzie","warstwa":"budynki"},"geometry":{"type":"Polygon","coordinates":[[[19.993321,49.973732],[19.993326,49.973641],[19.99342,49.973643],[19.993416,49.973734],[19.993321,49.973732]]]}},{"type":"Feature","properties":{"gml_id":"budynki.126104_9.0097.220/4.1_BUD","ID_BUDYNKU":"126104_9.0097.220/4.1_BUD","RODZAJ":"m","KONDYGNACJE_NADZIEMNE":"brak_uprawnień","KONDYGNACJE_PODZIEMNE":"brak_uprawnień","strefa":"w śladzie","warstwa":"budynki"},"geometry":{"type":"Polygon","coordinates":[[[19.993484,49.973631],[19.993638,49.973644],[19.993622,49.973722],[19.993468,49.973709],[19.993484,49.973631]]]}},{"type":"Feature","properties":{"gml_id":"budynki.126104_9.0097.221/3.1_BUD","ID_BUDYNKU":"126104_9.0097.221/3.1_BUD","RODZAJ":"m","KONDYGNACJE_NADZIEMNE":"brak_uprawnień","KONDYGNACJE_PODZIEMNE":"brak_uprawnień","strefa":"w śladzie","warstwa":"budynki"},"geometry":{"type":"Polygon","coordinates":[[[19.993929,49.973766],[19.993749,49.973751],[19.993767,49.973658],[19.993918,49.97367],[19.99391,49.973714],[19.99394,49.973716],[19.993929,49.973766]]]}},{"type":"Feature","properties":{"gml_id":"budynki.126104_9.0097.220/1.1_BUD","ID_BUDYNKU":"126104_9.0097.220/1.1_BUD","RODZAJ":"m","KONDYGNACJE_NADZIEMNE":"brak_uprawnień","KONDYGNACJE_PODZIEMNE":"brak_uprawnień","strefa":"w śladzie","warstwa":"budynki"},"geometry":{"type":"Polygon","coordinates":[[[19.992894,49.973635],[19.992919,49.973554],[19.993058,49.973572],[19.993033,49.973653],[19.992894,49.973635]]]}},{"type":"Feature","properties":{"gml_id":"budynki.126104_9.0097.200.2_BUD","ID_BUDYNKU":"126104_9.0097.200.2_BUD","RODZAJ":"i","KONDYGNACJE_NADZIEMNE":"brak_uprawnień","KONDYGNACJE_PODZIEMNE":"brak_uprawnień","strefa":"w śladzie","warstwa":"budynki"},"geometry":{"type":"Polygon","coordinates":[[[19.992769,49.973665],[19.992698,49.973655],[19.992733,49.973549],[19.992804,49.973559],[19.992769,49.973665]]]}},{"type":"Feature","properties":{"gml_id":"budynki.126104_9.0097.220/3.1_BUD","ID_BUDYNKU":"126104_9.0097.220/3.1_BUD","RODZAJ":"g","KONDYGNACJE_NADZIEMNE":"brak_uprawnień","KONDYGNACJE_PODZIEMNE":"brak_uprawnień","strefa":"w śladzie","warstwa":"budynki"},"geometry":{"type":"Polygon","coordinates":[[[19.993194,49.973888],[19.993208,49.973817],[19.993382,49.973832],[19.993368,49.973903],[19.993194,49.973888]]]}},{"type":"Feature","properties":{"gml_id":"budynki.126104_9.0097.221/3.2_BUD","ID_BUDYNKU":"126104_9.0097.221/3.2_BUD","RODZAJ":"g","KONDYGNACJE_NADZIEMNE":"brak_uprawnień","KONDYGNACJE_PODZIEMNE":"brak_uprawnień","strefa":"w śladzie","warstwa":"budynki"},"geometry":{"type":"Polygon","coordinates":[[[19.9937,49.973861],[19.993712,49.973816],[19.993795,49.973824],[19.993784,49.973869],[19.9937,49.973861]]]}},{"type":"Feature","properties":{"gml_id":"budynki.126104_9.0099.60/2.3_BUD","ID_BUDYNKU":"126104_9.0099.60/2.3_BUD","RODZAJ":"m","KONDYGNACJE_NADZIEMNE":"brak_uprawnień","KONDYGNACJE_PODZIEMNE":"brak_uprawnień","strefa":"w śladzie","warstwa":"budynki"},"geometry":{"type":"Polygon","coordinates":[[[19.996073,49.999392],[19.996083,49.999358],[19.996055,49.999354],[19.996064,49.999327],[19.996081,49.999268],[19.99622,49.999285],[19.996246,49.999288],[19.996238,49.999316],[19.996221,49.999375],[19.996194,49.999372],[19.996183,49.999405],[19.996073,49.999392]]]}},{"type":"Feature","properties":{"gml_id":"budynki.126104_9.0099.60/6.1_BUD","ID_BUDYNKU":"126104_9.0099.60/6.1_BUD","RODZAJ":"m","KONDYGNACJE_NADZIEMNE":"brak_uprawnień","KONDYGNACJE_PODZIEMNE":"brak_uprawnień","strefa":"w śladzie","warstwa":"budynki"},"geometry":{"type":"Polygon","coordinates":[[[19.996085,49.999115],[19.99611,49.999033],[19.996301,49.999057],[19.996289,49.999099],[19.99627,49.999097],[19.996258,49.999136],[19.996085,49.999115]]]}},{"type":"Feature","properties":{"gml_id":"budynki.126104_9.0099.60/6.4_BUD","ID_BUDYNKU":"126104_9.0099.60/6.4_BUD","RODZAJ":"i","KONDYGNACJE_NADZIEMNE":"brak_uprawnień","KONDYGNACJE_PODZIEMNE":"brak_uprawnień","strefa":"w śladzie","warstwa":"budynki"},"geometry":{"type":"Polygon","coordinates":[[[19.996086,49.998884],[19.996163,49.998895],[19.996153,49.998929],[19.996136,49.998977],[19.996122,49.998983],[19.996067,49.998976],[19.996085,49.99892],[19.996074,49.998918],[19.996086,49.998884]]]}},{"type":"Feature","properties":{"gml_id":"budynki.126104_9.0099.60/6.3_BUD","ID_BUDYNKU":"126104_9.0099.60/6.3_BUD","RODZAJ":"i","KONDYGNACJE_NADZIEMNE":"brak_uprawnień","KONDYGNACJE_PODZIEMNE":"brak_uprawnień","strefa":"w śladzie","warstwa":"budynki"},"geometry":{"type":"Polygon","coordinates":[[[19.996329,49.99884],[19.996367,49.998774],[19.996473,49.998799],[19.996434,49.998867],[19.996327,49.998843],[19.996329,49.99884]]]}},{"type":"Feature","properties":{"gml_id":"budynki.126104_9.0099.60/6.2_BUD","ID_BUDYNKU":"126104_9.0099.60/6.2_BUD","RODZAJ":"i","KONDYGNACJE_NADZIEMNE":"brak_uprawnień","KONDYGNACJE_PODZIEMNE":"brak_uprawnień","strefa":"w śladzie","warstwa":"budynki"},"geometry":{"type":"Polygon","coordinates":[[[19.996367,49.998774],[19.996329,49.99884],[19.996159,49.9988],[19.996197,49.998734],[19.996367,49.998774]]]}},{"type":"Feature","properties":{"gml_id":"budynki.126104_9.0099.60/3.1_BUD","ID_BUDYNKU":"126104_9.0099.60/3.1_BUD","RODZAJ":"m","KONDYGNACJE_NADZIEMNE":"brak_uprawnień","KONDYGNACJE_PODZIEMNE":"brak_uprawnień","strefa":"w śladzie","warstwa":"budynki"},"geometry":{"type":"Polygon","coordinates":[[[19.996405,49.999372],[19.996473,49.999385],[19.996475,49.999381],[19.996508,49.999387],[19.996506,49.999391],[19.996585,49.999406],[19.996545,49.999494],[19.996467,49.999479],[19.996465,49.999484],[19.996432,49.999478],[19.996434,49.999473],[19.996365,49.99946],[19.996405,49.999372]]]}},{"type":"Feature","properties":{"gml_id":"budynki.126104_9.0096.230.2_BUD","ID_BUDYNKU":"126104_9.0096.230.2_BUD","RODZAJ":"m","KONDYGNACJE_NADZIEMNE":"brak_uprawnień","KONDYGNACJE_PODZIEMNE":"brak_uprawnień","strefa":"w śladzie","warstwa":"budynki"},"geometry":{"type":"Polygon","coordinates":[[[19.994228,49.993239],[19.994198,49.993169],[19.994292,49.993152],[19.994323,49.993221],[19.994228,49.993239]]]}},{"type":"Feature","properties":{"gml_id":"budynki.126104_9.0096.231/2.2_BUD","ID_BUDYNKU":"126104_9.0096.231/2.2_BUD","RODZAJ":"i","KONDYGNACJE_NADZIEMNE":"brak_uprawnień","KONDYGNACJE_PODZIEMNE":"brak_uprawnień","strefa":"w śladzie","warstwa":"budynki"},"geometry":{"type":"Polygon","coordinates":[[[19.994537,49.993288],[19.994616,49.993274],[19.994634,49.993312],[19.994602,49.993318],[19.9946,49.993313],[19.994552,49.993323],[19.994537,49.993288]]]}},{"type":"Feature","properties":{"gml_id":"budynki.126104_9.0096.231/2.1_BUD","ID_BUDYNKU":"126104_9.0096.231/2.1_BUD","RODZAJ":"i","KONDYGNACJE_NADZIEMNE":"brak_uprawnień","KONDYGNACJE_PODZIEMNE":"brak_uprawnień","strefa":"w śladzie","warstwa":"budynki"},"geometry":{"type":"Polygon","coordinates":[[[19.994538,49.993325],[19.994552,49.993323],[19.9946,49.993313],[19.994602,49.993318],[19.994623,49.993364],[19.994625,49.993367],[19.994563,49.993379],[19.994538,49.993325]]]}},{"type":"Feature","properties":{"gml_id":"budynki.126104_9.0096.230.3_BUD","ID_BUDYNKU":"126104_9.0096.230.3_BUD","RODZAJ":"g","KONDYGNACJE_NADZIEMNE":"brak_uprawnień","KONDYGNACJE_PODZIEMNE":"brak_uprawnień","strefa":"w śladzie","warstwa":"budynki"},"geometry":{"type":"Polygon","coordinates":[[[19.994411,49.993581],[19.99438,49.993527],[19.994489,49.9935],[19.99452,49.993555],[19.994411,49.993581]]]}},{"type":"Feature","properties":{"gml_id":"budynki.126104_9.0096.229.3_BUD","ID_BUDYNKU":"126104_9.0096.229.3_BUD","RODZAJ":"g","KONDYGNACJE_NADZIEMNE":"brak_uprawnień","KONDYGNACJE_PODZIEMNE":"brak_uprawnień","strefa":"w śladzie","warstwa":"budynki"},"geometry":{"type":"Polygon","coordinates":[[[19.993825,49.993435],[19.993917,49.993424],[19.993927,49.993457],[19.993835,49.993468],[19.993825,49.993435]]]}},{"type":"Feature","properties":{"gml_id":"budynki.126104_9.0096.369/2.1_BUD","ID_BUDYNKU":"126104_9.0096.369/2.1_BUD","RODZAJ":"m","KONDYGNACJE_NADZIEMNE":"brak_uprawnień","KONDYGNACJE_PODZIEMNE":"brak_uprawnień","strefa":"w śladzie","warstwa":"budynki"},"geometry":{"type":"Polygon","coordinates":[[[19.994215,49.993822],[19.994262,49.993906],[19.994106,49.993942],[19.99406,49.993859],[19.994215,49.993822]]]}},{"type":"Feature","properties":{"gml_id":"budynki.126104_9.0096.230.1_BUD","ID_BUDYNKU":"126104_9.0096.230.1_BUD","RODZAJ":"m","KONDYGNACJE_NADZIEMNE":"brak_uprawnień","KONDYGNACJE_PODZIEMNE":"brak_uprawnień","strefa":"w śladzie","warstwa":"budynki"},"geometry":{"type":"Polygon","coordinates":[[[19.994646,49.993765],[19.994589,49.993778],[19.9946,49.993797],[19.994551,49.993809],[19.99454,49.99379],[19.994493,49.993801],[19.994446,49.993721],[19.994598,49.993684],[19.994646,49.993765]]]}},{"type":"Feature","properties":{"gml_id":"budynki.126104_9.0096.230/1.1_BUD","ID_BUDYNKU":"126104_9.0096.230/1.1_BUD","RODZAJ":"m","KONDYGNACJE_NADZIEMNE":"brak_uprawnień","KONDYGNACJE_PODZIEMNE":"brak_uprawnień","strefa":"w śladzie","warstwa":"budynki"},"geometry":{"type":"Polygon","coordinates":[[[19.994493,49.994113],[19.994444,49.994028],[19.994475,49.994021],[19.99447,49.994011],[19.99454,49.993993],[19.994546,49.994004],[19.994577,49.993996],[19.994621,49.994073],[19.994554,49.994089],[19.994547,49.994099],[19.994493,49.994113]]]}},{"type":"Feature","properties":{"gml_id":"budynki.126104_9.0099.99.3_BUD","ID_BUDYNKU":"126104_9.0099.99.3_BUD","RODZAJ":"g","KONDYGNACJE_NADZIEMNE":"brak_uprawnień","KONDYGNACJE_PODZIEMNE":"brak_uprawnień","strefa":"w śladzie","warstwa":"budynki"},"geometry":{"type":"Polygon","coordinates":[[[19.994221,49.995092],[19.994098,49.995056],[19.994187,49.994928],[19.99431,49.994964],[19.994221,49.995092]]]}},{"type":"Feature","properties":{"gml_id":"budynki.120614_5.0002.1250.1_BUD","ID_BUDYNKU":"120614_5.0002.1250.1_BUD","RODZAJ":"m","KONDYGNACJE_NADZIEMNE":"None","KONDYGNACJE_PODZIEMNE":"None","strefa":"w śladzie","warstwa":"budynki"},"geometry":{"type":"Polygon","coordinates":[[[19.96634,49.938107],[19.966132,49.938143],[19.96609,49.938048],[19.966298,49.938011],[19.96634,49.938107]]]}},{"type":"Feature","properties":{"gml_id":"budynki.120614_5.0002.440/2.2_BUD","ID_BUDYNKU":"120614_5.0002.440/2.2_BUD","RODZAJ":"i","KONDYGNACJE_NADZIEMNE":"None","KONDYGNACJE_PODZIEMNE":"None","strefa":"nad tunelem","warstwa":"budynki"},"geometry":{"type":"Polygon","coordinates":[[[19.974658,49.946465],[19.974669,49.946425],[19.974705,49.946429],[19.974696,49.946468],[19.974658,49.946465]]]}},{"type":"Feature","properties":{"gml_id":"budynki.120614_5.0002.440/2.1_BUD","ID_BUDYNKU":"120614_5.0002.440/2.1_BUD","RODZAJ":"m","KONDYGNACJE_NADZIEMNE":"None","KONDYGNACJE_PODZIEMNE":"None","strefa":"nad tunelem","warstwa":"budynki"},"geometry":{"type":"Polygon","coordinates":[[[19.974503,49.946498],[19.974527,49.946402],[19.97458,49.946408],[19.974579,49.946414],[19.974662,49.946422],[19.974663,49.946418],[19.974671,49.946418],[19.974669,49.946425],[19.974658,49.946465],[19.974648,49.946502],[19.974575,49.946494],[19.974572,49.946505],[19.974503,49.946498]]]}},{"type":"Feature","properties":{"gml_id":"budynki.120614_5.0002.443/1.2_BUD","ID_BUDYNKU":"120614_5.0002.443/1.2_BUD","RODZAJ":"i","KONDYGNACJE_NADZIEMNE":"None","KONDYGNACJE_PODZIEMNE":"None","strefa":"nad tunelem","warstwa":"budynki"},"geometry":{"type":"Polygon","coordinates":[[[19.975193,49.946523],[19.975216,49.946451],[19.975298,49.946461],[19.975276,49.946534],[19.975193,49.946523]]]}},{"type":"Feature","properties":{"gml_id":"budynki.120614_5.0002.443/1.1_BUD","ID_BUDYNKU":"120614_5.0002.443/1.1_BUD","RODZAJ":"m","KONDYGNACJE_NADZIEMNE":"None","KONDYGNACJE_PODZIEMNE":"None","strefa":"nad tunelem","warstwa":"budynki"},"geometry":{"type":"Polygon","coordinates":[[[19.975295,49.946551],[19.975319,49.946453],[19.975288,49.94645],[19.975308,49.946369],[19.97534,49.946372],[19.975349,49.946336],[19.975439,49.946346],[19.975428,49.946388],[19.975414,49.946386],[19.975406,49.946421],[19.97542,49.946422],[19.975406,49.946477],[19.975392,49.946475],[19.975378,49.946533],[19.975391,49.946534],[19.975385,49.94656],[19.975295,49.946551]]]}},{"type":"Feature","properties":{"gml_id":"budynki.120614_5.0002.442/1.1_BUD","ID_BUDYNKU":"120614_5.0002.442/1.1_BUD","RODZAJ":"m","KONDYGNACJE_NADZIEMNE":"None","KONDYGNACJE_PODZIEMNE":"None","strefa":"nad tunelem","warstwa":"budynki"},"geometry":{"type":"Polygon","coordinates":[[[19.975047,49.946463],[19.97504,49.946448],[19.975016,49.946445],[19.975039,49.946367],[19.975141,49.94638],[19.975118,49.946457],[19.975094,49.946454],[19.975078,49.946466],[19.975047,49.946463]]]}},{"type":"Feature","properties":{"gml_id":"budynki.120903_5.0008.1246_BUD","ID_BUDYNKU":"120903_5.0008.1246_BUD","RODZAJ":"g","KONDYGNACJE_NADZIEMNE":"1","KONDYGNACJE_PODZIEMNE":"0","strefa":"w śladzie","warstwa":"budynki"},"geometry":{"type":"Polygon","coordinates":[[[19.922181,49.876947],[19.922079,49.876981],[19.922068,49.876967],[19.922047,49.876941],[19.922148,49.876906],[19.922181,49.876947]]]}},{"type":"Feature","properties":{"gml_id":"budynki.120903_5.0008.1245_BUD","ID_BUDYNKU":"120903_5.0008.1245_BUD","RODZAJ":"g","KONDYGNACJE_NADZIEMNE":"1","KONDYGNACJE_PODZIEMNE":"0","strefa":"w śladzie","warstwa":"budynki"},"geometry":{"type":"Polygon","coordinates":[[[19.922068,49.876967],[19.921951,49.877006],[19.921946,49.877],[19.921936,49.877004],[19.921925,49.876991],[19.92199,49.876969],[19.921967,49.87694],[19.922029,49.876918],[19.922047,49.876941],[19.922068,49.876967]]]}},{"type":"Feature","properties":{"gml_id":"budynki.120903_5.0008.1057_BUD","ID_BUDYNKU":"120903_5.0008.1057_BUD","RODZAJ":"m","KONDYGNACJE_NADZIEMNE":"1","KONDYGNACJE_PODZIEMNE":"0","strefa":"w śladzie","warstwa":"budynki"},"geometry":{"type":"Polygon","coordinates":[[[19.921694,49.876917],[19.92172,49.87691],[19.921694,49.876868],[19.921826,49.876835],[19.921844,49.876865],[19.921976,49.876832],[19.922004,49.876877],[19.921921,49.876898],[19.921928,49.876909],[19.921898,49.876917],[19.921891,49.876906],[19.921714,49.876951],[19.921694,49.876917]]]}},{"type":"Feature","properties":{"gml_id":"budynki.120903_5.0008.1053_BUD","ID_BUDYNKU":"120903_5.0008.1053_BUD","RODZAJ":"g","KONDYGNACJE_NADZIEMNE":"1","KONDYGNACJE_PODZIEMNE":"0","strefa":"w śladzie","warstwa":"budynki"},"geometry":{"type":"Polygon","coordinates":[[[19.922209,49.876815],[19.922097,49.876852],[19.922076,49.876824],[19.922091,49.876819],[19.922062,49.876782],[19.922047,49.876787],[19.922022,49.876756],[19.922134,49.876719],[19.922209,49.876815]]]}},{"type":"Feature","properties":{"gml_id":"budynki.120903_5.0008.1065_BUD","ID_BUDYNKU":"120903_5.0008.1065_BUD","RODZAJ":"g","KONDYGNACJE_NADZIEMNE":"1","KONDYGNACJE_PODZIEMNE":"0","strefa":"w śladzie","warstwa":"budynki"},"geometry":{"type":"Polygon","coordinates":[[[19.921743,49.87628],[19.921569,49.876312],[19.921537,49.876238],[19.921711,49.876206],[19.921743,49.87628]]]}},{"type":"Feature","properties":{"gml_id":"budynki.120903_5.0008.1066_BUD","ID_BUDYNKU":"120903_5.0008.1066_BUD","RODZAJ":"m","KONDYGNACJE_NADZIEMNE":"2","KONDYGNACJE_PODZIEMNE":"0","strefa":"w śladzie","warstwa":"budynki"},"geometry":{"type":"Polygon","coordinates":[[[19.921461,49.876012],[19.921315,49.876032],[19.921287,49.875951],[19.921433,49.87593],[19.921461,49.876012]]]}},{"type":"Feature","properties":{"gml_id":"budynki.120903_5.0008.1077_BUD","ID_BUDYNKU":"120903_5.0008.1077_BUD","RODZAJ":"m","KONDYGNACJE_NADZIEMNE":"2","KONDYGNACJE_PODZIEMNE":"0","strefa":"w śladzie","warstwa":"budynki"},"geometry":{"type":"Polygon","coordinates":[[[19.921871,49.875444],[19.921777,49.875452],[19.921759,49.875364],[19.921901,49.875353],[19.921921,49.875455],[19.921874,49.875459],[19.921871,49.875444]]]}},{"type":"Feature","properties":{"gml_id":"budynki.120903_5.0008.1075_BUD","ID_BUDYNKU":"120903_5.0008.1075_BUD","RODZAJ":"g","KONDYGNACJE_NADZIEMNE":"1","KONDYGNACJE_PODZIEMNE":"0","strefa":"w śladzie","warstwa":"budynki"},"geometry":{"type":"Polygon","coordinates":[[[19.921751,49.875445],[19.921625,49.875455],[19.921612,49.87539],[19.921738,49.87538],[19.921751,49.875445]]]}},{"type":"Feature","properties":{"gml_id":"budynki.120903_5.0008.1076_BUD","ID_BUDYNKU":"120903_5.0008.1076_BUD","RODZAJ":"g","KONDYGNACJE_NADZIEMNE":"1","KONDYGNACJE_PODZIEMNE":"0","strefa":"w śladzie","warstwa":"budynki"},"geometry":{"type":"Polygon","coordinates":[[[19.921509,49.875589],[19.921419,49.875614],[19.921369,49.875539],[19.92146,49.875514],[19.921509,49.875589]]]}},{"type":"Feature","properties":{"gml_id":"budynki.120903_5.0008.1468_BUD","ID_BUDYNKU":"120903_5.0008.1468_BUD","RODZAJ":"m","KONDYGNACJE_NADZIEMNE":"2","KONDYGNACJE_PODZIEMNE":"0","strefa":"w śladzie","warstwa":"budynki"},"geometry":{"type":"Polygon","coordinates":[[[19.921061,49.874995],[19.921053,49.874985],[19.921026,49.874952],[19.921135,49.874915],[19.921205,49.875001],[19.921096,49.875038],[19.92108,49.875043],[19.921078,49.87504],[19.921093,49.875035],[19.921078,49.875016],[19.921061,49.874995]]]}},{"type":"Feature","properties":{"gml_id":"budynki.120614_5.0002.378/6.1_BUD","ID_BUDYNKU":"120614_5.0002.378/6.1_BUD","RODZAJ":"m","KONDYGNACJE_NADZIEMNE":"None","KONDYGNACJE_PODZIEMNE":"None","strefa":"nad tunelem","warstwa":"budynki"},"geometry":{"type":"Polygon","coordinates":[[[19.975527,49.946876],[19.975534,49.946819],[19.975586,49.946822],[19.975592,49.946768],[19.975759,49.946777],[19.975753,49.946831],[19.975861,49.946837],[19.975854,49.946894],[19.975527,49.946876]]]}},{"type":"Feature","properties":{"gml_id":"budynki.120614_5.0002.377/1.1_BUD","ID_BUDYNKU":"120614_5.0002.377/1.1_BUD","RODZAJ":"m","KONDYGNACJE_NADZIEMNE":"None","KONDYGNACJE_PODZIEMNE":"None","strefa":"nad tunelem","warstwa":"budynki"},"geometry":{"type":"Polygon","coordinates":[[[19.974899,49.946857],[19.974904,49.946813],[19.974917,49.946813],[19.97492,49.946784],[19.974982,49.946787],[19.974982,49.946782],[19.975042,49.946785],[19.975034,49.946858],[19.975059,49.946859],[19.975059,49.946853],[19.975164,49.946857],[19.975157,49.946923],[19.975053,49.946918],[19.975053,49.946914],[19.974907,49.946907],[19.974912,49.946857],[19.974899,49.946857]]]}},{"type":"Feature","properties":{"gml_id":"budynki.120614_5.0002.544/65.1_BUD","ID_BUDYNKU":"120614_5.0002.544/65.1_BUD","RODZAJ":"m","KONDYGNACJE_NADZIEMNE":"None","KONDYGNACJE_PODZIEMNE":"None","strefa":"nad tunelem","warstwa":"budynki"},"geometry":{"type":"Polygon","coordinates":[[[19.97109,49.942591],[19.9711,49.942513],[19.97115,49.942516],[19.971164,49.942509],[19.971186,49.94251],[19.971198,49.942519],[19.971247,49.942522],[19.971243,49.942555],[19.97125,49.942555],[19.971249,49.942561],[19.971242,49.942561],[19.97124,49.942576],[19.971288,49.942578],[19.971282,49.942616],[19.971186,49.942611],[19.971188,49.942597],[19.97109,49.942591]]]}},{"type":"Feature","properties":{"gml_id":"budynki.120614_5.0002.544/64.1_BUD","ID_BUDYNKU":"120614_5.0002.544/64.1_BUD","RODZAJ":"m","KONDYGNACJE_NADZIEMNE":"None","KONDYGNACJE_PODZIEMNE":"None","strefa":"nad tunelem","warstwa":"budynki"},"geometry":{"type":"Polygon","coordinates":[[[19.971065,49.94277],[19.971076,49.942692],[19.971126,49.942695],[19.97114,49.942687],[19.971162,49.942689],[19.971173,49.942698],[19.971223,49.9427],[19.971218,49.942734],[19.971225,49.942734],[19.971224,49.94274],[19.971217,49.94274],[19.971215,49.942755],[19.971263,49.942758],[19.971258,49.942796],[19.971161,49.94279],[19.971163,49.942776],[19.971065,49.94277]]]}},{"type":"Feature","properties":{"gml_id":"budynki.120614_5.0002.1567.1_BUD","ID_BUDYNKU":"120614_5.0002.1567.1_BUD","RODZAJ":"m","KONDYGNACJE_NADZIEMNE":"None","KONDYGNACJE_PODZIEMNE":"None","strefa":"nad tunelem","warstwa":"budynki"},"geometry":{"type":"Polygon","coordinates":[[[19.971781,49.94273],[19.97177,49.942812],[19.971539,49.942798],[19.971544,49.942759],[19.971561,49.94276],[19.971564,49.942731],[19.971548,49.94273],[19.971553,49.94269],[19.971721,49.9427],[19.971717,49.942727],[19.971781,49.94273]]]}},{"type":"Feature","properties":{"gml_id":"budynki.120614_5.0002.544/36.1_BUD","ID_BUDYNKU":"120614_5.0002.544/36.1_BUD","RODZAJ":"m","KONDYGNACJE_NADZIEMNE":"None","KONDYGNACJE_PODZIEMNE":"None","strefa":"nad tunelem","warstwa":"budynki"},"geometry":{"type":"Polygon","coordinates":[[[19.97163,49.943146],[19.971585,49.943143],[19.971546,49.943141],[19.971556,49.94307],[19.971612,49.943073],[19.971726,49.94308],[19.971716,49.943151],[19.97163,49.943146]]]}},{"type":"Feature","properties":{"gml_id":"budynki.120614_5.0002.544/35.1_BUD","ID_BUDYNKU":"120614_5.0002.544/35.1_BUD","RODZAJ":"m","KONDYGNACJE_NADZIEMNE":"None","KONDYGNACJE_PODZIEMNE":"None","strefa":"nad tunelem","warstwa":"budynki"},"geometry":{"type":"Polygon","coordinates":[[[19.971119,49.943023],[19.971111,49.943085],[19.970939,49.943076],[19.970957,49.942931],[19.971032,49.942936],[19.97103,49.942956],[19.971075,49.942958],[19.971069,49.943005],[19.971054,49.943005],[19.971052,49.94302],[19.971119,49.943023]]]}},{"type":"Feature","properties":{"gml_id":"budynki.120614_5.0002.544/34.1_BUD","ID_BUDYNKU":"120614_5.0002.544/34.1_BUD","RODZAJ":"m","KONDYGNACJE_NADZIEMNE":"None","KONDYGNACJE_PODZIEMNE":"None","strefa":"nad tunelem","warstwa":"budynki"},"geometry":{"type":"Polygon","coordinates":[[[19.970537,49.943001],[19.970545,49.942944],[19.97059,49.942947],[19.970595,49.942914],[19.970705,49.942921],[19.970703,49.942934],[19.97073,49.942936],[19.970735,49.942896],[19.970833,49.942901],[19.970811,49.94306],[19.970713,49.943055],[19.970722,49.942998],[19.970694,49.942997],[19.970692,49.94301],[19.970537,49.943001]]]}},{"type":"Feature","properties":{"gml_id":"budynki.120614_5.0002.549/3.1_BUD","ID_BUDYNKU":"120614_5.0002.549/3.1_BUD","RODZAJ":"m","KONDYGNACJE_NADZIEMNE":"None","KONDYGNACJE_PODZIEMNE":"None","strefa":"nad tunelem","warstwa":"budynki"},"geometry":{"type":"Polygon","coordinates":[[[19.972031,49.944355],[19.97202,49.944402],[19.971931,49.944395],[19.971959,49.944268],[19.972097,49.94428],[19.972174,49.944289],[19.972156,49.944366],[19.97213,49.944364],[19.972126,49.944383],[19.972091,49.94438],[19.972094,49.944361],[19.97208,49.944359],[19.972031,49.944355]]]}},{"type":"Feature","properties":{"gml_id":"budynki.120614_5.0002.556.2_BUD","ID_BUDYNKU":"120614_5.0002.556.2_BUD","RODZAJ":"i","KONDYGNACJE_NADZIEMNE":"None","KONDYGNACJE_PODZIEMNE":"None","strefa":"nad tunelem","warstwa":"budynki"},"geometry":{"type":"Polygon","coordinates":[[[19.972502,49.944665],[19.972521,49.944636],[19.972586,49.944654],[19.972567,49.944683],[19.972502,49.944665]]]}},{"type":"Feature","properties":{"gml_id":"budynki.120614_5.0002.578/4.2_BUD","ID_BUDYNKU":"120614_5.0002.578/4.2_BUD","RODZAJ":"t","KONDYGNACJE_NADZIEMNE":"None","KONDYGNACJE_PODZIEMNE":"None","strefa":"nad tunelem","warstwa":"budynki"},"geometry":{"type":"Polygon","coordinates":[[[19.972935,49.944682],[19.972947,49.944637],[19.972996,49.944642],[19.972983,49.944688],[19.972935,49.944682]]]}},{"type":"Feature","properties":{"gml_id":"budynki.120614_5.0002.584.2_BUD","ID_BUDYNKU":"120614_5.0002.584.2_BUD","RODZAJ":"i","KONDYGNACJE_NADZIEMNE":"None","KONDYGNACJE_PODZIEMNE":"None","strefa":"nad tunelem","warstwa":"budynki"},"geometry":{"type":"Polygon","coordinates":[[[19.973536,49.944876],[19.973568,49.944761],[19.973679,49.944774],[19.973667,49.944816],[19.973632,49.944812],[19.973611,49.944884],[19.973536,49.944876]]]}},{"type":"Feature","properties":{"gml_id":"budynki.120614_5.0002.577/12.1_BUD","ID_BUDYNKU":"120614_5.0002.577/12.1_BUD","RODZAJ":"m","KONDYGNACJE_NADZIEMNE":"None","KONDYGNACJE_PODZIEMNE":"None","strefa":"nad tunelem","warstwa":"budynki"},"geometry":{"type":"Polygon","coordinates":[[[19.973138,49.944549],[19.97316,49.944456],[19.973277,49.944468],[19.973255,49.944561],[19.973138,49.944549]]]}},{"type":"Feature","properties":{"gml_id":"budynki.120614_5.0002.578/4.1_BUD","ID_BUDYNKU":"120614_5.0002.578/4.1_BUD","RODZAJ":"m","KONDYGNACJE_NADZIEMNE":"None","KONDYGNACJE_PODZIEMNE":"None","strefa":"nad tunelem","warstwa":"budynki"},"geometry":{"type":"Polygon","coordinates":[[[19.972901,49.944589],[19.972906,49.944568],[19.972865,49.944565],[19.972887,49.944463],[19.973001,49.944474],[19.972977,49.944575],[19.97294,49.944572],[19.972936,49.944592],[19.972901,49.944589]]]}},{"type":"Feature","properties":{"gml_id":"budynki.120614_5.0002.578/6.1_BUD","ID_BUDYNKU":"120614_5.0002.578/6.1_BUD","RODZAJ":"m","KONDYGNACJE_NADZIEMNE":"None","KONDYGNACJE_PODZIEMNE":"None","strefa":"nad tunelem","warstwa":"budynki"},"geometry":{"type":"Polygon","coordinates":[[[19.973086,49.944171],[19.973089,49.94416],[19.972989,49.94415],[19.973012,49.944056],[19.97312,49.944067],[19.973094,49.944172],[19.973086,49.944171]]]}},{"type":"Feature","properties":{"gml_id":"budynki.120614_5.0002.549/3.2_BUD","ID_BUDYNKU":"120614_5.0002.549/3.2_BUD","RODZAJ":"g","KONDYGNACJE_NADZIEMNE":"None","KONDYGNACJE_PODZIEMNE":"None","strefa":"nad tunelem","warstwa":"budynki"},"geometry":{"type":"Polygon","coordinates":[[[19.971996,49.944133],[19.972004,49.944093],[19.972129,49.944102],[19.972121,49.944142],[19.971996,49.944133]]]}},{"type":"Feature","properties":{"gml_id":"budynki.120614_5.0002.586.2_BUD","ID_BUDYNKU":"120614_5.0002.586.2_BUD","RODZAJ":"i","KONDYGNACJE_NADZIEMNE":"None","KONDYGNACJE_PODZIEMNE":"None","strefa":"nad tunelem","warstwa":"budynki"},"geometry":{"type":"Polygon","coordinates":[[[19.973905,49.945246],[19.973945,49.945171],[19.974019,49.945187],[19.973979,49.945263],[19.97396,49.945258],[19.973905,49.945246]]]}},{"type":"Feature","properties":{"gml_id":"budynki.120614_5.0002.586.4_BUD","ID_BUDYNKU":"120614_5.0002.586.4_BUD","RODZAJ":"m","KONDYGNACJE_NADZIEMNE":"None","KONDYGNACJE_PODZIEMNE":"None","strefa":"nad tunelem","warstwa":"budynki"},"geometry":{"type":"Polygon","coordinates":[[[19.973889,49.945273],[19.973905,49.945246],[19.97396,49.945258],[19.973959,49.945259],[19.973936,49.945298],[19.973903,49.94529],[19.973889,49.945273]]]}},{"type":"Feature","properties":{"gml_id":"budynki.120614_5.0002.586.1_BUD","ID_BUDYNKU":"120614_5.0002.586.1_BUD","RODZAJ":"m","KONDYGNACJE_NADZIEMNE":"None","KONDYGNACJE_PODZIEMNE":"None","strefa":"nad tunelem","warstwa":"budynki"},"geometry":{"type":"Polygon","coordinates":[[[19.97392,49.945325],[19.973936,49.945298],[19.973959,49.945259],[19.974082,49.945288],[19.974045,49.945354],[19.97392,49.945325]]]}},{"type":"Feature","properties":{"gml_id":"budynki.120614_5.0002.587/2.2_BUD","ID_BUDYNKU":"120614_5.0002.587/2.2_BUD","RODZAJ":"m","KONDYGNACJE_NADZIEMNE":"None","KONDYGNACJE_PODZIEMNE":"None","strefa":"nad tunelem","warstwa":"budynki"},"geometry":{"type":"Polygon","coordinates":[[[19.974171,49.945309],[19.974134,49.945374],[19.974045,49.945354],[19.974082,49.945288],[19.974171,49.945309]]]}},{"type":"Feature","properties":{"gml_id":"budynki.120614_5.0002.587/2.3_BUD","ID_BUDYNKU":"120614_5.0002.587/2.3_BUD","RODZAJ":"g","KONDYGNACJE_NADZIEMNE":"None","KONDYGNACJE_PODZIEMNE":"None","strefa":"nad tunelem","warstwa":"budynki"},"geometry":{"type":"Polygon","coordinates":[[[19.974119,49.9454],[19.974134,49.945374],[19.974171,49.945309],[19.974177,49.945298],[19.97427,49.94532],[19.974213,49.945422],[19.974119,49.9454]]]}},{"type":"Feature","properties":{"gml_id":"budynki.120614_5.0002.596.2_BUD","ID_BUDYNKU":"120614_5.0002.596.2_BUD","RODZAJ":"g","KONDYGNACJE_NADZIEMNE":"None","KONDYGNACJE_PODZIEMNE":"None","strefa":"nad tunelem","warstwa":"budynki"},"geometry":{"type":"Polygon","coordinates":[[[19.974494,49.945593],[19.974556,49.945415],[19.97464,49.945428],[19.974578,49.945605],[19.974494,49.945593]]]}},{"type":"Feature","properties":{"gml_id":"budynki.120614_5.0002.596.1_BUD","ID_BUDYNKU":"120614_5.0002.596.1_BUD","RODZAJ":"m","KONDYGNACJE_NADZIEMNE":"None","KONDYGNACJE_PODZIEMNE":"None","strefa":"nad tunelem","warstwa":"budynki"},"geometry":{"type":"Polygon","coordinates":[[[19.974317,49.945572],[19.974322,49.945557],[19.97427,49.945549],[19.974302,49.945465],[19.97446,49.945491],[19.974426,49.945574],[19.974369,49.945565],[19.974363,49.945579],[19.974317,49.945572]]]}},{"type":"Feature","properties":{"gml_id":"budynki.120614_5.0002.439/2.1_BUD","ID_BUDYNKU":"120614_5.0002.439/2.1_BUD","RODZAJ":"m","KONDYGNACJE_NADZIEMNE":"None","KONDYGNACJE_PODZIEMNE":"None","strefa":"nad tunelem","warstwa":"budynki"},"geometry":{"type":"Polygon","coordinates":[[[19.974328,49.945794],[19.97433,49.945777],[19.974256,49.945772],[19.97427,49.945686],[19.974429,49.945696],[19.974415,49.945783],[19.97437,49.94578],[19.974367,49.945797],[19.974328,49.945794]]]}},{"type":"Feature","properties":{"gml_id":"budynki.120614_5.0002.436.1_BUD","ID_BUDYNKU":"120614_5.0002.436.1_BUD","RODZAJ":"m","KONDYGNACJE_NADZIEMNE":"None","KONDYGNACJE_PODZIEMNE":"None","strefa":"nad tunelem","warstwa":"budynki"},"geometry":{"type":"Polygon","coordinates":[[[19.973917,49.945884],[19.973918,49.94587],[19.973889,49.94587],[19.973891,49.945836],[19.973919,49.945836],[19.97392,49.9458],[19.974068,49.945802],[19.974066,49.945886],[19.973917,49.945884]]]}},{"type":"Feature","properties":{"gml_id":"budynki.120614_5.0002.440/1.1_BUD","ID_BUDYNKU":"120614_5.0002.440/1.1_BUD","RODZAJ":"m","KONDYGNACJE_NADZIEMNE":"None","KONDYGNACJE_PODZIEMNE":"None","strefa":"nad tunelem","warstwa":"budynki"},"geometry":{"type":"Polygon","coordinates":[[[19.974511,49.945869],[19.974529,49.945789],[19.974669,49.945803],[19.97465,49.945883],[19.974604,49.945879],[19.974599,49.945899],[19.97455,49.945894],[19.974555,49.945874],[19.974511,49.945869]]]}},{"type":"Feature","properties":{"gml_id":"budynki.120614_5.0002.440/1.3_BUD","ID_BUDYNKU":"120614_5.0002.440/1.3_BUD","RODZAJ":"p","KONDYGNACJE_NADZIEMNE":"None","KONDYGNACJE_PODZIEMNE":"None","strefa":"nad tunelem","warstwa":"budynki"},"geometry":{"type":"Polygon","coordinates":[[[19.974714,49.945865],[19.974734,49.945784],[19.974832,49.945794],[19.974812,49.945875],[19.974714,49.945865]]]}},{"type":"Feature","properties":{"gml_id":"budynki.120614_5.0002.441.2_BUD","ID_BUDYNKU":"120614_5.0002.441.2_BUD","RODZAJ":"i","KONDYGNACJE_NADZIEMNE":"None","KONDYGNACJE_PODZIEMNE":"None","strefa":"nad tunelem","warstwa":"budynki"},"geometry":{"type":"Polygon","coordinates":[[[19.974867,49.945994],[19.974898,49.945898],[19.974965,49.945907],[19.974934,49.946003],[19.974867,49.945994]]]}},{"type":"Feature","properties":{"gml_id":"budynki.120614_5.0002.440/1.2_BUD","ID_BUDYNKU":"120614_5.0002.440/1.2_BUD","RODZAJ":"i","KONDYGNACJE_NADZIEMNE":"None","KONDYGNACJE_PODZIEMNE":"None","strefa":"nad tunelem","warstwa":"budynki"},"geometry":{"type":"Polygon","coordinates":[[[19.974468,49.945968],[19.974474,49.94593],[19.974517,49.945932],[19.974511,49.94597],[19.974468,49.945968]]]}},{"type":"Feature","properties":{"gml_id":"budynki.120614_5.0002.439/2.2_BUD","ID_BUDYNKU":"120614_5.0002.439/2.2_BUD","RODZAJ":"g","KONDYGNACJE_NADZIEMNE":"None","KONDYGNACJE_PODZIEMNE":"None","strefa":"nad tunelem","warstwa":"budynki"},"geometry":{"type":"Polygon","coordinates":[[[19.974212,49.945928],[19.974228,49.945865],[19.974327,49.945877],[19.97433,49.945865],[19.974396,49.945871],[19.974376,49.945946],[19.974212,49.945928]]]}},{"type":"Feature","properties":{"gml_id":"budynki.120614_5.0002.436.2_BUD","ID_BUDYNKU":"120614_5.0002.436.2_BUD","RODZAJ":"i","KONDYGNACJE_NADZIEMNE":"None","KONDYGNACJE_PODZIEMNE":"None","strefa":"nad tunelem","warstwa":"budynki"},"geometry":{"type":"Polygon","coordinates":[[[19.973944,49.946008],[19.973954,49.945976],[19.974051,49.945987],[19.974041,49.946019],[19.973944,49.946008]]]}},{"type":"Feature","properties":{"gml_id":"budynki.120614_5.0002.484.1_BUD","ID_BUDYNKU":"120614_5.0002.484.1_BUD","RODZAJ":"m","KONDYGNACJE_NADZIEMNE":"None","KONDYGNACJE_PODZIEMNE":"None","strefa":"nad tunelem","warstwa":"budynki"},"geometry":{"type":"Polygon","coordinates":[[[19.973548,49.945662],[19.973559,49.945601],[19.973749,49.945615],[19.973738,49.945676],[19.973548,49.945662]]]}},{"type":"Feature","properties":{"gml_id":"budynki.120614_5.0002.483.1_BUD","ID_BUDYNKU":"120614_5.0002.483.1_BUD","RODZAJ":"m","KONDYGNACJE_NADZIEMNE":"None","KONDYGNACJE_PODZIEMNE":"None","strefa":"nad tunelem","warstwa":"budynki"},"geometry":{"type":"Polygon","coordinates":[[[19.973756,49.945521],[19.973778,49.945432],[19.973999,49.945457],[19.973977,49.945546],[19.973756,49.945521]]]}},{"type":"Feature","properties":{"gml_id":"budynki.120614_5.0002.481.1_BUD","ID_BUDYNKU":"120614_5.0002.481.1_BUD","RODZAJ":"b","KONDYGNACJE_NADZIEMNE":"None","KONDYGNACJE_PODZIEMNE":"None","strefa":"nad tunelem","warstwa":"budynki"},"geometry":{"type":"Polygon","coordinates":[[[19.973267,49.945306],[19.973169,49.945458],[19.973023,49.945419],[19.973121,49.945267],[19.973267,49.945306]]]}},{"type":"Feature","properties":{"gml_id":"budynki.120614_5.0002.586.3_BUD","ID_BUDYNKU":"120614_5.0002.586.3_BUD","RODZAJ":"i","KONDYGNACJE_NADZIEMNE":"None","KONDYGNACJE_PODZIEMNE":"None","strefa":"nad tunelem","warstwa":"budynki"},"geometry":{"type":"Polygon","coordinates":[[[19.973854,49.945203],[19.973832,49.945246],[19.973795,49.945238],[19.973817,49.945195],[19.973854,49.945203]]]}},{"type":"Feature","properties":{"gml_id":"budynki.120614_5.0002.583/1.1_BUD","ID_BUDYNKU":"120614_5.0002.583/1.1_BUD","RODZAJ":"m","KONDYGNACJE_NADZIEMNE":"None","KONDYGNACJE_PODZIEMNE":"None","strefa":"nad tunelem","warstwa":"budynki"},"geometry":{"type":"Polygon","coordinates":[[[19.973288,49.945078],[19.973279,49.945095],[19.973165,49.945072],[19.973197,49.945003],[19.973339,49.945031],[19.973314,49.945083],[19.973288,49.945078]]]}},{"type":"Feature","properties":{"gml_id":"budynki.120614_5.0002.584.1_BUD","ID_BUDYNKU":"120614_5.0002.584.1_BUD","RODZAJ":"m","KONDYGNACJE_NADZIEMNE":"None","KONDYGNACJE_PODZIEMNE":"None","strefa":"nad tunelem","warstwa":"budynki"},"geometry":{"type":"Polygon","coordinates":[[[19.973424,49.944957],[19.973434,49.944919],[19.973417,49.944917],[19.973429,49.944874],[19.973608,49.944895],[19.973591,49.944955],[19.973546,49.94495],[19.973541,49.944969],[19.973424,49.944957]]]}},{"type":"Feature","properties":{"gml_id":"budynki.120614_5.0002.582/1.1_BUD","ID_BUDYNKU":"120614_5.0002.582/1.1_BUD","RODZAJ":"m","KONDYGNACJE_NADZIEMNE":"None","KONDYGNACJE_PODZIEMNE":"None","strefa":"nad tunelem","warstwa":"budynki"},"geometry":{"type":"Polygon","coordinates":[[[19.973081,49.945029],[19.973045,49.945111],[19.972905,49.945085],[19.972941,49.945003],[19.973081,49.945029]]]}},{"type":"Feature","properties":{"gml_id":"budynki.120906_2.0003.16_BUD","ID_BUDYNKU":"120906_2.0003.16_BUD","RODZAJ":"m","KONDYGNACJE_NADZIEMNE":"1","KONDYGNACJE_PODZIEMNE":"0","strefa":"w śladzie","warstwa":"budynki"},"geometry":{"type":"Polygon","coordinates":[[[19.935361,49.906229],[19.935338,49.906318],[19.935283,49.906313],[19.93525,49.906309],[19.935186,49.906302],[19.935209,49.906213],[19.935361,49.906229]]]}},{"type":"Feature","properties":{"gml_id":"budynki.120906_2.0003.3454_BUD","ID_BUDYNKU":"120906_2.0003.3454_BUD","RODZAJ":"i","KONDYGNACJE_NADZIEMNE":"1","KONDYGNACJE_PODZIEMNE":"0","strefa":"w śladzie","warstwa":"budynki"},"geometry":{"type":"Polygon","coordinates":[[[19.935295,49.90653],[19.935394,49.906529],[19.935395,49.906662],[19.935295,49.906663],[19.935295,49.90653]]]}},{"type":"Feature","properties":{"gml_id":"budynki.120906_2.0003.14_BUD","ID_BUDYNKU":"120906_2.0003.14_BUD","RODZAJ":"m","KONDYGNACJE_NADZIEMNE":"1","KONDYGNACJE_PODZIEMNE":"0","strefa":"w śladzie","warstwa":"budynki"},"geometry":{"type":"Polygon","coordinates":[[[19.934895,49.906803],[19.934896,49.906783],[19.93481,49.906782],[19.934813,49.906713],[19.934938,49.906715],[19.934967,49.906699],[19.935,49.906722],[19.935026,49.906723],[19.935026,49.906717],[19.935092,49.906719],[19.935091,49.906751],[19.935104,49.906751],[19.935102,49.906784],[19.935088,49.906784],[19.935087,49.906822],[19.934998,49.906821],[19.934998,49.906832],[19.934933,49.906832],[19.934934,49.906804],[19.934895,49.906803]]]}},{"type":"Feature","properties":{"gml_id":"budynki.120906_2.0003.26_BUD","ID_BUDYNKU":"120906_2.0003.26_BUD","RODZAJ":"m","KONDYGNACJE_NADZIEMNE":"1","KONDYGNACJE_PODZIEMNE":"0","strefa":"w śladzie","warstwa":"budynki"},"geometry":{"type":"Polygon","coordinates":[[[19.935859,49.906834],[19.935873,49.906774],[19.935923,49.906779],[19.935926,49.906765],[19.935997,49.906772],[19.935981,49.906845],[19.935859,49.906834]]]}},{"type":"Feature","properties":{"gml_id":"budynki.120906_2.0003.3843_BUD","ID_BUDYNKU":"120906_2.0003.3843_BUD","RODZAJ":"g","KONDYGNACJE_NADZIEMNE":"1","KONDYGNACJE_PODZIEMNE":"0","strefa":"w śladzie","warstwa":"budynki"},"geometry":{"type":"Polygon","coordinates":[[[19.936149,49.906989],[19.936153,49.906944],[19.936266,49.906949],[19.936261,49.906994],[19.936149,49.906989]]]}},{"type":"Feature","properties":{"gml_id":"budynki.120906_2.0003.3506_BUD","ID_BUDYNKU":"120906_2.0003.3506_BUD","RODZAJ":"m","KONDYGNACJE_NADZIEMNE":"2","KONDYGNACJE_PODZIEMNE":"0","strefa":"w śladzie","warstwa":"budynki"},"geometry":{"type":"Polygon","coordinates":[[[19.949801,49.913832],[19.949818,49.913831],[19.949813,49.913802],[19.949982,49.913789],[19.949984,49.913798],[19.949997,49.913874],[19.949998,49.91388],[19.94983,49.913893],[19.949824,49.913864],[19.949807,49.913866],[19.949801,49.913832]]]}},{"type":"Feature","properties":{"gml_id":"budynki.120906_2.0003.3847_BUD","ID_BUDYNKU":"120906_2.0003.3847_BUD","RODZAJ":"g","KONDYGNACJE_NADZIEMNE":"1","KONDYGNACJE_PODZIEMNE":"0","strefa":"w śladzie","warstwa":"budynki"},"geometry":{"type":"Polygon","coordinates":[[[19.949984,49.913798],[19.950075,49.913791],[19.950089,49.913867],[19.949997,49.913874],[19.949984,49.913798]]]}},{"type":"Feature","properties":{"gml_id":"budynki.120906_2.0003.4056_BUD","ID_BUDYNKU":"120906_2.0003.4056_BUD","RODZAJ":"i","KONDYGNACJE_NADZIEMNE":"1","KONDYGNACJE_PODZIEMNE":"0","strefa":"w śladzie","warstwa":"budynki"},"geometry":{"type":"Polygon","coordinates":[[[19.948929,49.91353],[19.948941,49.913464],[19.949028,49.913471],[19.949016,49.913536],[19.948929,49.91353]]]}},{"type":"Feature","properties":{"gml_id":"budynki.120906_2.0003.497_BUD","ID_BUDYNKU":"120906_2.0003.497_BUD","RODZAJ":"h","KONDYGNACJE_NADZIEMNE":"2","KONDYGNACJE_PODZIEMNE":"1","strefa":"w śladzie","warstwa":"budynki"},"geometry":{"type":"Polygon","coordinates":[[[19.948364,49.913537],[19.948373,49.913467],[19.948426,49.91347],[19.948459,49.913473],[19.948461,49.913462],[19.948465,49.913436],[19.948465,49.913433],[19.948573,49.913439],[19.948558,49.91355],[19.948533,49.913548],[19.948515,49.913562],[19.948485,49.913561],[19.948473,49.913544],[19.948364,49.913537]]]}},{"type":"Feature","properties":{"gml_id":"budynki.120906_2.0003.3582_BUD","ID_BUDYNKU":"120906_2.0003.3582_BUD","RODZAJ":"m","KONDYGNACJE_NADZIEMNE":"1","KONDYGNACJE_PODZIEMNE":"0","strefa":"w śladzie","warstwa":"budynki"},"geometry":{"type":"Polygon","coordinates":[[[19.948746,49.913022],[19.948755,49.912933],[19.948897,49.91294],[19.948888,49.913028],[19.948746,49.913022]]]}},{"type":"Feature","properties":{"gml_id":"budynki.120906_2.0003.524_BUD","ID_BUDYNKU":"120906_2.0003.524_BUD","RODZAJ":"m","KONDYGNACJE_NADZIEMNE":"1","KONDYGNACJE_PODZIEMNE":"0","strefa":"w śladzie","warstwa":"budynki"},"geometry":{"type":"Polygon","coordinates":[[[19.949218,49.913132],[19.949212,49.91317],[19.949026,49.913157],[19.949044,49.91305],[19.949175,49.913059],[19.949164,49.913129],[19.949218,49.913132]]]}},{"type":"Feature","properties":{"gml_id":"budynki.120906_2.0003.523_BUD","ID_BUDYNKU":"120906_2.0003.523_BUD","RODZAJ":"m","KONDYGNACJE_NADZIEMNE":"2","KONDYGNACJE_PODZIEMNE":"0","strefa":"w śladzie","warstwa":"budynki"},"geometry":{"type":"Polygon","coordinates":[[[19.949064,49.91345],[19.949067,49.913428],[19.949014,49.913424],[19.949027,49.913339],[19.949164,49.913348],[19.949161,49.913365],[19.949156,49.913399],[19.949182,49.9134],[19.949175,49.913446],[19.949093,49.91344],[19.949092,49.913452],[19.949064,49.91345]]]}},{"type":"Feature","properties":{"gml_id":"budynki.120906_2.0003.507_BUD","ID_BUDYNKU":"120906_2.0003.507_BUD","RODZAJ":"m","KONDYGNACJE_NADZIEMNE":"2","KONDYGNACJE_PODZIEMNE":"1","strefa":"w śladzie","warstwa":"budynki"},"geometry":{"type":"Polygon","coordinates":[[[19.948637,49.913388],[19.948646,49.913331],[19.948649,49.913307],[19.94865,49.913294],[19.948712,49.913298],[19.948723,49.913288],[19.948753,49.91329],[19.948761,49.913302],[19.948758,49.913322],[19.948756,49.913333],[19.948873,49.913339],[19.948863,49.913411],[19.948745,49.913404],[19.948738,49.913395],[19.948696,49.913393],[19.948686,49.913401],[19.948645,49.913398],[19.948637,49.913388]]]}},{"type":"Feature","properties":{"gml_id":"budynki.120906_2.0003.493_BUD","ID_BUDYNKU":"120906_2.0003.493_BUD","RODZAJ":"i","KONDYGNACJE_NADZIEMNE":"1","KONDYGNACJE_PODZIEMNE":"0","strefa":"w śladzie","warstwa":"budynki"},"geometry":{"type":"Polygon","coordinates":[[[19.948246,49.913366],[19.948252,49.913323],[19.948331,49.913328],[19.948324,49.913371],[19.948246,49.913366]]]}},{"type":"Feature","properties":{"gml_id":"budynki.120609_2.0010.708.1_BUD","ID_BUDYNKU":"120609_2.0010.708.1_BUD","RODZAJ":"m","KONDYGNACJE_NADZIEMNE":"None","KONDYGNACJE_PODZIEMNE":"None","strefa":"w śladzie","warstwa":"budynki"},"geometry":{"type":"Polygon","coordinates":[[[19.909567,49.911772],[19.909649,49.91171],[19.909745,49.911764],[19.909662,49.911825],[19.909567,49.911772]]]}},{"type":"Feature","properties":{"gml_id":"budynki.120614_5.0005.343/1.2_BUD","ID_BUDYNKU":"120614_5.0005.343/1.2_BUD","RODZAJ":"g","KONDYGNACJE_NADZIEMNE":"None","KONDYGNACJE_PODZIEMNE":"None","strefa":"w śladzie","warstwa":"budynki"},"geometry":{"type":"Polygon","coordinates":[[[19.932034,49.912764],[19.931962,49.912776],[19.931928,49.912688],[19.932,49.912676],[19.932034,49.912764]]]}},{"type":"Feature","properties":{"gml_id":"budynki.120903_5.0008.926_BUD","ID_BUDYNKU":"120903_5.0008.926_BUD","RODZAJ":"m","KONDYGNACJE_NADZIEMNE":"1","KONDYGNACJE_PODZIEMNE":"0","strefa":"w śladzie","warstwa":"budynki"},"geometry":{"type":"Polygon","coordinates":[[[19.927688,49.885081],[19.92765,49.885157],[19.927525,49.885131],[19.927543,49.885096],[19.927563,49.885055],[19.927688,49.885081]]]}},{"type":"Feature","properties":{"gml_id":"budynki.120903_5.0008.927_BUD","ID_BUDYNKU":"120903_5.0008.927_BUD","RODZAJ":"m","KONDYGNACJE_NADZIEMNE":"2","KONDYGNACJE_PODZIEMNE":"1","strefa":"w śladzie","warstwa":"budynki"},"geometry":{"type":"Polygon","coordinates":[[[19.927524,49.884912],[19.927481,49.884994],[19.927347,49.884965],[19.92739,49.884883],[19.927524,49.884912]]]}},{"type":"Feature","properties":{"gml_id":"budynki.120903_5.0008.1515_BUD","ID_BUDYNKU":"120903_5.0008.1515_BUD","RODZAJ":"m","KONDYGNACJE_NADZIEMNE":"2","KONDYGNACJE_PODZIEMNE":"0","strefa":"w śladzie","warstwa":"budynki"},"geometry":{"type":"Polygon","coordinates":[[[19.927112,49.884392],[19.927127,49.88433],[19.927175,49.884335],[19.927184,49.884299],[19.92728,49.884309],[19.927257,49.884406],[19.927193,49.8844],[19.927194,49.884397],[19.927176,49.884395],[19.927175,49.884398],[19.927112,49.884392]]]}},{"type":"Feature","properties":{"gml_id":"budynki.120903_5.0008.933_BUD","ID_BUDYNKU":"120903_5.0008.933_BUD","RODZAJ":"m","KONDYGNACJE_NADZIEMNE":"1","KONDYGNACJE_PODZIEMNE":"0","strefa":"w śladzie","warstwa":"budynki"},"geometry":{"type":"Polygon","coordinates":[[[19.928261,49.88593],[19.928258,49.886025],[19.928097,49.886023],[19.9281,49.885928],[19.928261,49.88593]]]}},{"type":"Feature","properties":{"gml_id":"budynki.120903_5.0008.967_BUD","ID_BUDYNKU":"120903_5.0008.967_BUD","RODZAJ":"m","KONDYGNACJE_NADZIEMNE":"2","KONDYGNACJE_PODZIEMNE":"0","strefa":"w śladzie","warstwa":"budynki"},"geometry":{"type":"Polygon","coordinates":[[[19.925943,49.8835],[19.925889,49.883462],[19.925848,49.883433],[19.925863,49.883424],[19.925911,49.883396],[19.925922,49.883404],[19.925971,49.883375],[19.925995,49.883392],[19.926009,49.883384],[19.926069,49.883427],[19.925943,49.8835]]]}},{"type":"Feature","properties":{"gml_id":"budynki.120903_5.0008.1332_BUD","ID_BUDYNKU":"120903_5.0008.1332_BUD","RODZAJ":"m","KONDYGNACJE_NADZIEMNE":"2","KONDYGNACJE_PODZIEMNE":"0","strefa":"w śladzie","warstwa":"budynki"},"geometry":{"type":"Polygon","coordinates":[[[19.92614,49.883653],[19.926149,49.883643],[19.926138,49.883614],[19.92626,49.883595],[19.92626,49.883597],[19.926309,49.883589],[19.926338,49.883662],[19.926289,49.88367],[19.92629,49.883673],[19.926169,49.883693],[19.926161,49.883672],[19.926145,49.883667],[19.92614,49.883653]]]}},{"type":"Feature","properties":{"gml_id":"budynki.120903_5.0008.942_BUD","ID_BUDYNKU":"120903_5.0008.942_BUD","RODZAJ":"m","KONDYGNACJE_NADZIEMNE":"2","KONDYGNACJE_PODZIEMNE":"1","strefa":"w śladzie","warstwa":"budynki"},"geometry":{"type":"Polygon","coordinates":[[[19.926115,49.884139],[19.926109,49.884157],[19.925994,49.88414],[19.926007,49.8841],[19.926024,49.884103],[19.926041,49.884053],[19.92614,49.884067],[19.926123,49.884115],[19.926151,49.884119],[19.926143,49.884143],[19.926115,49.884139]]]}},{"type":"Feature","properties":{"gml_id":"budynki.120903_5.0008.943_BUD","ID_BUDYNKU":"120903_5.0008.943_BUD","RODZAJ":"m","KONDYGNACJE_NADZIEMNE":"1","KONDYGNACJE_PODZIEMNE":"0","strefa":"w śladzie","warstwa":"budynki"},"geometry":{"type":"Polygon","coordinates":[[[19.926372,49.883941],[19.926251,49.883942],[19.92625,49.883872],[19.926371,49.883872],[19.926372,49.883941]]]}},{"type":"Feature","properties":{"gml_id":"budynki.120903_5.0008.941_BUD","ID_BUDYNKU":"120903_5.0008.941_BUD","RODZAJ":"m","KONDYGNACJE_NADZIEMNE":"1","KONDYGNACJE_PODZIEMNE":"0","strefa":"w śladzie","warstwa":"budynki"},"geometry":{"type":"Polygon","coordinates":[[[19.926768,49.884186],[19.926749,49.884221],[19.926706,49.884212],[19.926684,49.884251],[19.926706,49.884255],[19.926698,49.884269],[19.926682,49.884265],[19.926667,49.884292],[19.926621,49.884282],[19.926641,49.884245],[19.92653,49.88422],[19.926572,49.884142],[19.926768,49.884186]]]}},{"type":"Feature","properties":{"gml_id":"budynki.120903_5.0008.947_BUD","ID_BUDYNKU":"120903_5.0008.947_BUD","RODZAJ":"m","KONDYGNACJE_NADZIEMNE":"3","KONDYGNACJE_PODZIEMNE":"0","strefa":"w śladzie","warstwa":"budynki"},"geometry":{"type":"Polygon","coordinates":[[[19.926498,49.883522],[19.926363,49.88354],[19.926347,49.88349],[19.926632,49.883451],[19.926659,49.883536],[19.926509,49.883556],[19.926498,49.883522]]]}},{"type":"Feature","properties":{"gml_id":"budynki.120903_5.0008.1649_BUD","ID_BUDYNKU":"120903_5.0008.1649_BUD","RODZAJ":"m","KONDYGNACJE_NADZIEMNE":"2","KONDYGNACJE_PODZIEMNE":"0","strefa":"w śladzie","warstwa":"budynki"},"geometry":{"type":"Polygon","coordinates":[[[19.925077,49.881507],[19.924916,49.881554],[19.924874,49.881495],[19.925034,49.881447],[19.925036,49.88145],[19.925034,49.881451],[19.925041,49.881461],[19.925045,49.881465],[19.925056,49.881481],[19.925067,49.881497],[19.925073,49.881505],[19.925075,49.881505],[19.925077,49.881507]]]}},{"type":"Feature","properties":{"gml_id":"budynki.120903_5.0008.1648_BUD","ID_BUDYNKU":"120903_5.0008.1648_BUD","RODZAJ":"m","KONDYGNACJE_NADZIEMNE":"2","KONDYGNACJE_PODZIEMNE":"0","strefa":"w śladzie","warstwa":"budynki"},"geometry":{"type":"Polygon","coordinates":[[[19.925034,49.881447],[19.924874,49.881495],[19.924831,49.881434],[19.92499,49.881387],[19.924994,49.881393],[19.925016,49.881425],[19.92502,49.881431],[19.925024,49.881435],[19.925031,49.881446],[19.925033,49.881445],[19.925034,49.881447]]]}},{"type":"Feature","properties":{"gml_id":"budynki.120903_5.0008.979_BUD","ID_BUDYNKU":"120903_5.0008.979_BUD","RODZAJ":"g","KONDYGNACJE_NADZIEMNE":"1","KONDYGNACJE_PODZIEMNE":"0","strefa":"w śladzie","warstwa":"budynki"},"geometry":{"type":"Polygon","coordinates":[[[19.924462,49.881529],[19.924618,49.881494],[19.924663,49.881578],[19.924549,49.881603],[19.924528,49.881563],[19.924486,49.881573],[19.924462,49.881529]]]}},{"type":"Feature","properties":{"gml_id":"budynki.120903_5.0008.1650_BUD","ID_BUDYNKU":"120903_5.0008.1650_BUD","RODZAJ":"m","KONDYGNACJE_NADZIEMNE":"2","KONDYGNACJE_PODZIEMNE":"0","strefa":"w śladzie","warstwa":"budynki"},"geometry":{"type":"Polygon","coordinates":[[[19.92512,49.881567],[19.924959,49.881615],[19.924916,49.881554],[19.925077,49.881507],[19.925078,49.881509],[19.925076,49.881509],[19.92508,49.881516],[19.925097,49.88154],[19.925104,49.88155],[19.925108,49.881555],[19.925115,49.881564],[19.925117,49.881564],[19.92512,49.881567]]]}},{"type":"Feature","properties":{"gml_id":"budynki.120903_5.0008.1651_BUD","ID_BUDYNKU":"120903_5.0008.1651_BUD","RODZAJ":"m","KONDYGNACJE_NADZIEMNE":"2","KONDYGNACJE_PODZIEMNE":"0","strefa":"w śladzie","warstwa":"budynki"},"geometry":{"type":"Polygon","coordinates":[[[19.92516,49.881628],[19.925002,49.881675],[19.924959,49.881615],[19.92512,49.881567],[19.925121,49.881568],[19.925118,49.881569],[19.925125,49.881579],[19.925129,49.881584],[19.925138,49.881597],[19.925152,49.881618],[19.92516,49.881628]]]}},{"type":"Feature","properties":{"gml_id":"budynki.120903_5.0008.1060_BUD","ID_BUDYNKU":"120903_5.0008.1060_BUD","RODZAJ":"m","KONDYGNACJE_NADZIEMNE":"3","KONDYGNACJE_PODZIEMNE":"1","strefa":"w śladzie","warstwa":"budynki"},"geometry":{"type":"Polygon","coordinates":[[[19.922791,49.876041],[19.922652,49.876063],[19.922624,49.875989],[19.922681,49.87598],[19.922685,49.875991],[19.922767,49.875978],[19.922791,49.876041]]]}},{"type":"Feature","properties":{"gml_id":"budynki.120906_2.0003.701_BUD","ID_BUDYNKU":"120906_2.0003.701_BUD","RODZAJ":"i","KONDYGNACJE_NADZIEMNE":"1","KONDYGNACJE_PODZIEMNE":"0","strefa":"w śladzie","warstwa":"budynki"},"geometry":{"type":"Polygon","coordinates":[[[19.953398,49.917034],[19.953383,49.917081],[19.95333,49.917074],[19.953346,49.917027],[19.953398,49.917034]]]}},{"type":"Feature","properties":{"gml_id":"budynki.120906_2.0003.698_BUD","ID_BUDYNKU":"120906_2.0003.698_BUD","RODZAJ":"i","KONDYGNACJE_NADZIEMNE":"1","KONDYGNACJE_PODZIEMNE":"0","strefa":"w śladzie","warstwa":"budynki"},"geometry":{"type":"Polygon","coordinates":[[[19.953346,49.917027],[19.95333,49.917074],[19.953298,49.91707],[19.953313,49.917023],[19.953346,49.917027]]]}},{"type":"Feature","properties":{"gml_id":"budynki.120906_2.0003.714_BUD","ID_BUDYNKU":"120906_2.0003.714_BUD","RODZAJ":"m","KONDYGNACJE_NADZIEMNE":"2","KONDYGNACJE_PODZIEMNE":"0","strefa":"w śladzie","warstwa":"budynki"},"geometry":{"type":"Polygon","coordinates":[[[19.95359,49.917093],[19.953586,49.917108],[19.953524,49.9171],[19.95356,49.916983],[19.953725,49.917004],[19.953693,49.917106],[19.95359,49.917093]]]}},{"type":"Feature","properties":{"gml_id":"budynki.120906_2.0003.702_BUD","ID_BUDYNKU":"120906_2.0003.702_BUD","RODZAJ":"m","KONDYGNACJE_NADZIEMNE":"1","KONDYGNACJE_PODZIEMNE":"0","strefa":"w śladzie","warstwa":"budynki"},"geometry":{"type":"Polygon","coordinates":[[[19.953492,49.916843],[19.953467,49.916905],[19.95334,49.916883],[19.953365,49.916822],[19.953492,49.916843]]]}},{"type":"Feature","properties":{"gml_id":"budynki.120906_2.0003.686_BUD","ID_BUDYNKU":"120906_2.0003.686_BUD","RODZAJ":"m","KONDYGNACJE_NADZIEMNE":"1","KONDYGNACJE_PODZIEMNE":"0","strefa":"w śladzie","warstwa":"budynki"},"geometry":{"type":"Polygon","coordinates":[[[19.953296,49.917126],[19.953274,49.91722],[19.953092,49.917202],[19.953114,49.917108],[19.953296,49.917126]]]}},{"type":"Feature","properties":{"gml_id":"budynki.120906_2.0003.683_BUD","ID_BUDYNKU":"120906_2.0003.683_BUD","RODZAJ":"m","KONDYGNACJE_NADZIEMNE":"1","KONDYGNACJE_PODZIEMNE":"0","strefa":"w śladzie","warstwa":"budynki"},"geometry":{"type":"Polygon","coordinates":[[[19.952997,49.91755],[19.95317,49.917543],[19.953191,49.917755],[19.953111,49.917758],[19.953098,49.917624],[19.953004,49.917628],[19.952997,49.91755]]]}},{"type":"Feature","properties":{"gml_id":"budynki.120906_2.0003.705_BUD","ID_BUDYNKU":"120906_2.0003.705_BUD","RODZAJ":"m","KONDYGNACJE_NADZIEMNE":"2","KONDYGNACJE_PODZIEMNE":"0","strefa":"w śladzie","warstwa":"budynki"},"geometry":{"type":"Polygon","coordinates":[[[19.953532,49.917628],[19.953527,49.917713],[19.953376,49.91771],[19.953381,49.917625],[19.953532,49.917628]]]}},{"type":"Feature","properties":{"gml_id":"budynki.120906_2.0003.3737_BUD","ID_BUDYNKU":"120906_2.0003.3737_BUD","RODZAJ":"m","KONDYGNACJE_NADZIEMNE":"1","KONDYGNACJE_PODZIEMNE":"0","strefa":"w śladzie","warstwa":"budynki"},"geometry":{"type":"Polygon","coordinates":[[[19.953744,49.917532],[19.95361,49.917536],[19.953605,49.917446],[19.953739,49.917443],[19.953741,49.917467],[19.953743,49.917509],[19.953744,49.917532]]]}},{"type":"Feature","properties":{"gml_id":"budynki.120906_2.0003.736_BUD","ID_BUDYNKU":"120906_2.0003.736_BUD","RODZAJ":"i","KONDYGNACJE_NADZIEMNE":"1","KONDYGNACJE_PODZIEMNE":"0","strefa":"w śladzie","warstwa":"budynki"},"geometry":{"type":"Polygon","coordinates":[[[19.954146,49.917482],[19.954255,49.91748],[19.954258,49.917544],[19.954148,49.917546],[19.954146,49.917482]]]}},{"type":"Feature","properties":{"gml_id":"budynki.120906_2.0003.703_BUD","ID_BUDYNKU":"120906_2.0003.703_BUD","RODZAJ":"i","KONDYGNACJE_NADZIEMNE":"1","KONDYGNACJE_PODZIEMNE":"0","strefa":"w śladzie","warstwa":"budynki"},"geometry":{"type":"Polygon","coordinates":[[[19.953281,49.917793],[19.953334,49.917793],[19.953335,49.917806],[19.95342,49.917806],[19.95342,49.917793],[19.953483,49.917793],[19.953484,49.917869],[19.953282,49.91787],[19.953281,49.917793]]]}},{"type":"Feature","properties":{"gml_id":"budynki.120906_2.0003.748_BUD","ID_BUDYNKU":"120906_2.0003.748_BUD","RODZAJ":"m","KONDYGNACJE_NADZIEMNE":"1","KONDYGNACJE_PODZIEMNE":"0","strefa":"w śladzie","warstwa":"budynki"},"geometry":{"type":"Polygon","coordinates":[[[19.954475,49.918425],[19.95449,49.918363],[19.954539,49.918369],[19.954549,49.918328],[19.954628,49.918336],[19.954616,49.918387],[19.954666,49.918392],[19.954677,49.918402],[19.954674,49.918412],[19.954659,49.91842],[19.954651,49.918454],[19.954572,49.918446],[19.954569,49.918462],[19.954518,49.918456],[19.954525,49.91843],[19.954475,49.918425]]]}},{"type":"Feature","properties":{"gml_id":"budynki.120906_2.0003.738_BUD","ID_BUDYNKU":"120906_2.0003.738_BUD","RODZAJ":"m","KONDYGNACJE_NADZIEMNE":"1","KONDYGNACJE_PODZIEMNE":"0","strefa":"w śladzie","warstwa":"budynki"},"geometry":{"type":"Polygon","coordinates":[[[19.954372,49.918372],[19.954361,49.918448],[19.954235,49.91844],[19.954233,49.91845],[19.954148,49.918445],[19.954158,49.91837],[19.954235,49.918374],[19.954236,49.918365],[19.954372,49.918372]]]}},{"type":"Feature","properties":{"gml_id":"budynki.126104_9.0097.326/1.1_BUD","ID_BUDYNKU":"126104_9.0097.326/1.1_BUD","RODZAJ":"m","KONDYGNACJE_NADZIEMNE":"brak_uprawnień","KONDYGNACJE_PODZIEMNE":"brak_uprawnień","strefa":"w śladzie","warstwa":"budynki"},"geometry":{"type":"Polygon","coordinates":[[[19.993624,49.97884],[19.993626,49.978918],[19.993568,49.978919],[19.993568,49.978939],[19.993489,49.97894],[19.993486,49.978841],[19.993624,49.97884]]]}},{"type":"Feature","properties":{"gml_id":"budynki.120614_5.0005.288/8.2_BUD","ID_BUDYNKU":"120614_5.0005.288/8.2_BUD","RODZAJ":"g","KONDYGNACJE_NADZIEMNE":"None","KONDYGNACJE_PODZIEMNE":"None","strefa":"nad tunelem","warstwa":"budynki"},"geometry":{"type":"Polygon","coordinates":[[[19.92039,49.914096],[19.920475,49.914087],[19.920485,49.914123],[19.920401,49.914133],[19.92039,49.914096]]]}},{"type":"Feature","properties":{"gml_id":"budynki.120614_5.0005.288/8.1_BUD","ID_BUDYNKU":"120614_5.0005.288/8.1_BUD","RODZAJ":"m","KONDYGNACJE_NADZIEMNE":"None","KONDYGNACJE_PODZIEMNE":"None","strefa":"nad tunelem","warstwa":"budynki"},"geometry":{"type":"Polygon","coordinates":[[[19.920301,49.914181],[19.920149,49.914197],[19.92013,49.914127],[19.920283,49.91411],[19.920301,49.914181]]]}},{"type":"Feature","properties":{"gml_id":"budynki.120614_5.0005.289/12.3_BUD","ID_BUDYNKU":"120614_5.0005.289/12.3_BUD","RODZAJ":"m","KONDYGNACJE_NADZIEMNE":"None","KONDYGNACJE_PODZIEMNE":"None","strefa":"nad tunelem","warstwa":"budynki"},"geometry":{"type":"Polygon","coordinates":[[[19.918012,49.914137],[19.9181,49.914114],[19.918107,49.914125],[19.918184,49.914105],[19.918235,49.914189],[19.91807,49.914231],[19.918012,49.914137]]]}},{"type":"Feature","properties":{"gml_id":"budynki.120614_5.0005.289/12.6_BUD","ID_BUDYNKU":"120614_5.0005.289/12.6_BUD","RODZAJ":"s","KONDYGNACJE_NADZIEMNE":"None","KONDYGNACJE_PODZIEMNE":"None","strefa":"nad tunelem","warstwa":"budynki"},"geometry":{"type":"Polygon","coordinates":[[[19.917834,49.91413],[19.917913,49.914111],[19.917937,49.914154],[19.917858,49.914172],[19.917834,49.91413]]]}},{"type":"Feature","properties":{"gml_id":"budynki.120614_5.0005.289/12.5_BUD","ID_BUDYNKU":"120614_5.0005.289/12.5_BUD","RODZAJ":"s","KONDYGNACJE_NADZIEMNE":"None","KONDYGNACJE_PODZIEMNE":"None","strefa":"nad tunelem","warstwa":"budynki"},"geometry":{"type":"Polygon","coordinates":[[[19.9178,49.914097],[19.917894,49.914077],[19.91791,49.914105],[19.917815,49.914126],[19.9178,49.914097]]]}},{"type":"Feature","properties":{"gml_id":"budynki.120614_5.0005.289/12.4_BUD","ID_BUDYNKU":"120614_5.0005.289/12.4_BUD","RODZAJ":"s","KONDYGNACJE_NADZIEMNE":"None","KONDYGNACJE_PODZIEMNE":"None","strefa":"nad tunelem","warstwa":"budynki"},"geometry":{"type":"Polygon","coordinates":[[[19.917679,49.913951],[19.917782,49.913919],[19.917893,49.914066],[19.917789,49.914098],[19.917679,49.913951]]]}},{"type":"Feature","properties":{"gml_id":"budynki.120614_5.0005.289/16.1_BUD","ID_BUDYNKU":"120614_5.0005.289/16.1_BUD","RODZAJ":"m","KONDYGNACJE_NADZIEMNE":"None","KONDYGNACJE_PODZIEMNE":"None","strefa":"nad tunelem","warstwa":"budynki"},"geometry":{"type":"Polygon","coordinates":[[[19.918512,49.913894],[19.918394,49.913922],[19.918343,49.913837],[19.91846,49.913807],[19.918512,49.913894]]]}},{"type":"Feature","properties":{"gml_id":"budynki.120614_5.0005.289/17.1_BUD","ID_BUDYNKU":"120614_5.0005.289/17.1_BUD","RODZAJ":"m","KONDYGNACJE_NADZIEMNE":"None","KONDYGNACJE_PODZIEMNE":"None","strefa":"nad tunelem","warstwa":"budynki"},"geometry":{"type":"Polygon","coordinates":[[[19.918584,49.913646],[19.918692,49.913618],[19.918684,49.913605],[19.918737,49.913591],[19.918787,49.913671],[19.91874,49.913683],[19.918746,49.913693],[19.918631,49.913723],[19.918584,49.913646]]]}},{"type":"Feature","properties":{"gml_id":"budynki.120609_2.0010.768.1_BUD","ID_BUDYNKU":"120609_2.0010.768.1_BUD","RODZAJ":"m","KONDYGNACJE_NADZIEMNE":"None","KONDYGNACJE_PODZIEMNE":"None","strefa":"nad tunelem","warstwa":"budynki"},"geometry":{"type":"Polygon","coordinates":[[[19.917401,49.91365],[19.917494,49.913606],[19.917509,49.913619],[19.917539,49.913605],[19.917603,49.913662],[19.917481,49.91372],[19.917463,49.913729],[19.917404,49.913676],[19.917422,49.913669],[19.917401,49.91365]]]}},{"type":"Feature","properties":{"gml_id":"budynki.120614_5.0005.289/21.1_BUD","ID_BUDYNKU":"120614_5.0005.289/21.1_BUD","RODZAJ":"m","KONDYGNACJE_NADZIEMNE":"None","KONDYGNACJE_PODZIEMNE":"None","strefa":"nad tunelem","warstwa":"budynki"},"geometry":{"type":"Polygon","coordinates":[[[19.918987,49.91436],[19.919127,49.91434],[19.91913,49.914349],[19.919188,49.914341],[19.91921,49.9144],[19.919151,49.914409],[19.919154,49.914417],[19.919014,49.914438],[19.918987,49.91436]]]}},{"type":"Feature","properties":{"gml_id":"budynki.120614_5.0005.289/12.9_BUD","ID_BUDYNKU":"120614_5.0005.289/12.9_BUD","RODZAJ":"i","KONDYGNACJE_NADZIEMNE":"None","KONDYGNACJE_PODZIEMNE":"None","strefa":"nad tunelem","warstwa":"budynki"},"geometry":{"type":"Polygon","coordinates":[[[19.918532,49.914259],[19.918608,49.914241],[19.918616,49.914257],[19.918637,49.914295],[19.91856,49.914312],[19.918532,49.914259]]]}},{"type":"Feature","properties":{"gml_id":"budynki.120614_5.0005.289/12.10_BUD","ID_BUDYNKU":"120614_5.0005.289/12.10_BUD","RODZAJ":"i","KONDYGNACJE_NADZIEMNE":"None","KONDYGNACJE_PODZIEMNE":"None","strefa":"nad tunelem","warstwa":"budynki"},"geometry":{"type":"Polygon","coordinates":[[[19.918653,49.914247],[19.918813,49.914206],[19.918839,49.914248],[19.918677,49.914285],[19.918653,49.914247]]]}},{"type":"Feature","properties":{"gml_id":"budynki.120614_5.0005.292/2.1_BUD","ID_BUDYNKU":"120614_5.0005.292/2.1_BUD","RODZAJ":"m","KONDYGNACJE_NADZIEMNE":"None","KONDYGNACJE_PODZIEMNE":"None","strefa":"nad tunelem","warstwa":"budynki"},"geometry":{"type":"Polygon","coordinates":[[[19.921973,49.914343],[19.921894,49.914355],[19.921863,49.914271],[19.921987,49.914251],[19.921997,49.914279],[19.922,49.914288],[19.922024,49.914355],[19.92198,49.914362],[19.921977,49.914353],[19.921973,49.914343]]]}},{"type":"Feature","properties":{"gml_id":"budynki.120614_5.0005.293.1_BUD","ID_BUDYNKU":"120614_5.0005.293.1_BUD","RODZAJ":"m","KONDYGNACJE_NADZIEMNE":"None","KONDYGNACJE_PODZIEMNE":"None","strefa":"nad tunelem","warstwa":"budynki"},"geometry":{"type":"Polygon","coordinates":[[[19.922625,49.914396],[19.922504,49.914412],[19.922463,49.914282],[19.922584,49.914267],[19.922586,49.914272],[19.922565,49.914275],[19.922578,49.914317],[19.922601,49.914314],[19.922717,49.914299],[19.922743,49.914381],[19.922625,49.914396]]]}},{"type":"Feature","properties":{"gml_id":"budynki.120614_5.0005.298/1.1_BUD","ID_BUDYNKU":"120614_5.0005.298/1.1_BUD","RODZAJ":"m","KONDYGNACJE_NADZIEMNE":"None","KONDYGNACJE_PODZIEMNE":"None","strefa":"nad tunelem","warstwa":"budynki"},"geometry":{"type":"Polygon","coordinates":[[[19.923118,49.914495],[19.923061,49.914502],[19.92303,49.914398],[19.923132,49.914386],[19.923136,49.914399],[19.923227,49.914388],[19.92325,49.914464],[19.923113,49.914481],[19.923118,49.914495]]]}},{"type":"Feature","properties":{"gml_id":"budynki.120614_5.0005.291.2_BUD","ID_BUDYNKU":"120614_5.0005.291.2_BUD","RODZAJ":"g","KONDYGNACJE_NADZIEMNE":"None","KONDYGNACJE_PODZIEMNE":"None","strefa":"nad tunelem","warstwa":"budynki"},"geometry":{"type":"Polygon","coordinates":[[[19.921616,49.914416],[19.921685,49.91441],[19.921701,49.91448],[19.921631,49.914486],[19.921616,49.914416]]]}},{"type":"Feature","properties":{"gml_id":"budynki.120614_5.0005.291.1_BUD","ID_BUDYNKU":"120614_5.0005.291.1_BUD","RODZAJ":"g","KONDYGNACJE_NADZIEMNE":"None","KONDYGNACJE_PODZIEMNE":"None","strefa":"nad tunelem","warstwa":"budynki"},"geometry":{"type":"Polygon","coordinates":[[[19.921804,49.914463],[19.921936,49.914451],[19.921959,49.914559],[19.921826,49.91457],[19.921819,49.914534],[19.921844,49.914532],[19.921837,49.914497],[19.921812,49.914499],[19.921804,49.914463]]]}},{"type":"Feature","properties":{"gml_id":"budynki.120614_5.0005.298/4.2_BUD","ID_BUDYNKU":"120614_5.0005.298/4.2_BUD","RODZAJ":"i","KONDYGNACJE_NADZIEMNE":"None","KONDYGNACJE_PODZIEMNE":"None","strefa":"nad tunelem","warstwa":"budynki"},"geometry":{"type":"Polygon","coordinates":[[[19.923452,49.914657],[19.923541,49.914646],[19.923556,49.914692],[19.923467,49.914704],[19.923452,49.914657]]]}},{"type":"Feature","properties":{"gml_id":"budynki.120614_5.0005.299.4_BUD","ID_BUDYNKU":"120614_5.0005.299.4_BUD","RODZAJ":"g","KONDYGNACJE_NADZIEMNE":"None","KONDYGNACJE_PODZIEMNE":"None","strefa":"nad tunelem","warstwa":"budynki"},"geometry":{"type":"Polygon","coordinates":[[[19.923897,49.914421],[19.923958,49.914412],[19.923975,49.914409],[19.923991,49.91445],[19.923914,49.914463],[19.923897,49.914421]]]}},{"type":"Feature","properties":{"gml_id":"budynki.120614_5.0005.298/4.1_BUD","ID_BUDYNKU":"120614_5.0005.298/4.1_BUD","RODZAJ":"m","KONDYGNACJE_NADZIEMNE":"None","KONDYGNACJE_PODZIEMNE":"None","strefa":"nad tunelem","warstwa":"budynki"},"geometry":{"type":"Polygon","coordinates":[[[19.923396,49.914368],[19.923402,49.914367],[19.923392,49.914331],[19.923493,49.914319],[19.923502,49.91435],[19.923547,49.914345],[19.923564,49.914406],[19.923417,49.914423],[19.92341,49.914395],[19.923404,49.914396],[19.923396,49.914368]]]}},{"type":"Feature","properties":{"gml_id":"budynki.120614_5.0005.298/5.1_BUD","ID_BUDYNKU":"120614_5.0005.298/5.1_BUD","RODZAJ":"m","KONDYGNACJE_NADZIEMNE":"None","KONDYGNACJE_PODZIEMNE":"None","strefa":"nad tunelem","warstwa":"budynki"},"geometry":{"type":"Polygon","coordinates":[[[19.92366,49.9143],[19.923698,49.914296],[19.923704,49.914282],[19.923721,49.914275],[19.923744,49.914276],[19.92376,49.914289],[19.923798,49.914285],[19.923817,49.914354],[19.923789,49.914357],[19.923793,49.914375],[19.923769,49.914378],[19.923775,49.914398],[19.923716,49.914404],[19.923705,49.914367],[19.923678,49.914369],[19.92366,49.9143]]]}},{"type":"Feature","properties":{"gml_id":"budynki.120614_5.0005.299.3_BUD","ID_BUDYNKU":"120614_5.0005.299.3_BUD","RODZAJ":"g","KONDYGNACJE_NADZIEMNE":"None","KONDYGNACJE_PODZIEMNE":"None","strefa":"nad tunelem","warstwa":"budynki"},"geometry":{"type":"Polygon","coordinates":[[[19.923884,49.914391],[19.923944,49.914382],[19.923958,49.914412],[19.923897,49.914421],[19.923884,49.914391]]]}},{"type":"Feature","properties":{"gml_id":"budynki.120614_5.0005.299.1_BUD","ID_BUDYNKU":"120614_5.0005.299.1_BUD","RODZAJ":"m","KONDYGNACJE_NADZIEMNE":"None","KONDYGNACJE_PODZIEMNE":"None","strefa":"nad tunelem","warstwa":"budynki"},"geometry":{"type":"Polygon","coordinates":[[[19.924086,49.914258],[19.924255,49.914254],[19.924261,49.914351],[19.924125,49.914354],[19.924116,49.914307],[19.924093,49.91431],[19.924086,49.914258]]]}},{"type":"Feature","properties":{"gml_id":"budynki.120614_5.0005.279/2.1_BUD","ID_BUDYNKU":"120614_5.0005.279/2.1_BUD","RODZAJ":"g","KONDYGNACJE_NADZIEMNE":"None","KONDYGNACJE_PODZIEMNE":"None","strefa":"w śladzie","warstwa":"budynki"},"geometry":{"type":"Polygon","coordinates":[[[19.925254,49.914389],[19.925299,49.914377],[19.925319,49.914411],[19.925273,49.914422],[19.925254,49.914389]]]}},{"type":"Feature","properties":{"gml_id":"budynki.120614_5.0002.1259/1.1_BUD","ID_BUDYNKU":"120614_5.0002.1259/1.1_BUD","RODZAJ":"m","KONDYGNACJE_NADZIEMNE":"None","KONDYGNACJE_PODZIEMNE":"None","strefa":"w śladzie","warstwa":"budynki"},"geometry":{"type":"Polygon","coordinates":[[[19.967297,49.937881],[19.967156,49.937881],[19.967156,49.937786],[19.967298,49.937786],[19.967298,49.937817],[19.967357,49.937817],[19.967357,49.937882],[19.967297,49.937881]]]}},{"type":"Feature","properties":{"gml_id":"budynki.120614_5.0002.1258/2.1_BUD","ID_BUDYNKU":"120614_5.0002.1258/2.1_BUD","RODZAJ":"m","KONDYGNACJE_NADZIEMNE":"None","KONDYGNACJE_PODZIEMNE":"None","strefa":"w śladzie","warstwa":"budynki"},"geometry":{"type":"Polygon","coordinates":[[[19.966869,49.938043],[19.966725,49.938042],[19.966727,49.937946],[19.96687,49.937947],[19.966869,49.938043]]]}},{"type":"Feature","properties":{"gml_id":"budynki.120614_5.0002.1261.1_BUD","ID_BUDYNKU":"120614_5.0002.1261.1_BUD","RODZAJ":"m","KONDYGNACJE_NADZIEMNE":"None","KONDYGNACJE_PODZIEMNE":"None","strefa":"w śladzie","warstwa":"budynki"},"geometry":{"type":"Polygon","coordinates":[[[19.967493,49.938129],[19.967632,49.938111],[19.967651,49.938176],[19.96758,49.938185],[19.967583,49.938195],[19.96758,49.938195],[19.967588,49.938221],[19.967517,49.938228],[19.967493,49.938129]]]}},{"type":"Feature","properties":{"gml_id":"budynki.120614_5.0002.1258/1.1_BUD","ID_BUDYNKU":"120614_5.0002.1258/1.1_BUD","RODZAJ":"m","KONDYGNACJE_NADZIEMNE":"None","KONDYGNACJE_PODZIEMNE":"None","strefa":"w śladzie","warstwa":"budynki"},"geometry":{"type":"Polygon","coordinates":[[[19.966941,49.938322],[19.966669,49.938334],[19.966663,49.938267],[19.966788,49.938262],[19.966785,49.938239],[19.966831,49.938237],[19.966834,49.93826],[19.966935,49.938256],[19.966941,49.938322]]]}},{"type":"Feature","properties":{"gml_id":"budynki.120614_5.0002.677/1.1_BUD","ID_BUDYNKU":"120614_5.0002.677/1.1_BUD","RODZAJ":"m","KONDYGNACJE_NADZIEMNE":"None","KONDYGNACJE_PODZIEMNE":"None","strefa":"w śladzie","warstwa":"budynki"},"geometry":{"type":"Polygon","coordinates":[[[19.967278,49.938673],[19.967285,49.938673],[19.967278,49.938611],[19.967341,49.938608],[19.967338,49.938583],[19.967441,49.938578],[19.967452,49.938669],[19.96737,49.938673],[19.967374,49.938705],[19.967282,49.938709],[19.967278,49.938673]]]}},{"type":"Feature","properties":{"gml_id":"budynki.120614_5.0002.272/2.2_BUD","ID_BUDYNKU":"120614_5.0002.272/2.2_BUD","RODZAJ":"i","KONDYGNACJE_NADZIEMNE":"None","KONDYGNACJE_PODZIEMNE":"None","strefa":"w śladzie","warstwa":"budynki"},"geometry":{"type":"Polygon","coordinates":[[[19.968051,49.939602],[19.968128,49.939578],[19.968142,49.939597],[19.968065,49.939621],[19.968051,49.939602]]]}},{"type":"Feature","properties":{"gml_id":"budynki.120614_5.0002.272/2.1_BUD","ID_BUDYNKU":"120614_5.0002.272/2.1_BUD","RODZAJ":"h","KONDYGNACJE_NADZIEMNE":"None","KONDYGNACJE_PODZIEMNE":"None","strefa":"w śladzie","warstwa":"budynki"},"geometry":{"type":"Polygon","coordinates":[[[19.968015,49.939997],[19.968016,49.939991],[19.96802,49.939991],[19.968024,49.939905],[19.968236,49.93991],[19.968231,49.939997],[19.968235,49.939997],[19.968234,49.940002],[19.968015,49.939997]]]}},{"type":"Feature","properties":{"gml_id":"budynki.120614_5.0002.544/3.1_BUD","ID_BUDYNKU":"120614_5.0002.544/3.1_BUD","RODZAJ":"p","KONDYGNACJE_NADZIEMNE":"None","KONDYGNACJE_PODZIEMNE":"None","strefa":"w śladzie","warstwa":"budynki"},"geometry":{"type":"Polygon","coordinates":[[[19.969259,49.940904],[19.969341,49.940426],[19.969434,49.940432],[19.969351,49.940911],[19.969259,49.940904]]]}},{"type":"Feature","properties":{"gml_id":"budynki.120614_5.0002.506/1.1_BUD","ID_BUDYNKU":"120614_5.0002.506/1.1_BUD","RODZAJ":"p","KONDYGNACJE_NADZIEMNE":"None","KONDYGNACJE_PODZIEMNE":"None","strefa":"w śladzie","warstwa":"budynki"},"geometry":{"type":"Polygon","coordinates":[[[19.968946,49.940873],[19.969,49.94056],[19.968815,49.940547],[19.968842,49.94039],[19.969027,49.940403],[19.969206,49.940416],[19.969126,49.940886],[19.969117,49.940885],[19.969114,49.940905],[19.969053,49.940901],[19.969013,49.940898],[19.969016,49.940878],[19.968946,49.940873]]]}},{"type":"Feature","properties":{"gml_id":"budynki.120614_5.0002.544/3.2_BUD","ID_BUDYNKU":"120614_5.0002.544/3.2_BUD","RODZAJ":"i","KONDYGNACJE_NADZIEMNE":"None","KONDYGNACJE_PODZIEMNE":"None","strefa":"w śladzie","warstwa":"budynki"},"geometry":{"type":"Polygon","coordinates":[[[19.969887,49.940772],[19.969857,49.940946],[19.969706,49.940936],[19.969735,49.940761],[19.969887,49.940772]]]}},{"type":"Feature","properties":{"gml_id":"budynki.121905_5.0006.784_BUD","ID_BUDYNKU":"121905_5.0006.784_BUD","RODZAJ":"m","KONDYGNACJE_NADZIEMNE":"None","KONDYGNACJE_PODZIEMNE":"None","strefa":"w śladzie","warstwa":"budynki"},"geometry":{"type":"Polygon","coordinates":[[[19.99147,49.967468],[19.991454,49.967542],[19.991284,49.967527],[19.991301,49.967452],[19.99147,49.967468]]]}},{"type":"Feature","properties":{"gml_id":"budynki.121905_5.0006.1139_BUD","ID_BUDYNKU":"121905_5.0006.1139_BUD","RODZAJ":"m","KONDYGNACJE_NADZIEMNE":"None","KONDYGNACJE_PODZIEMNE":"None","strefa":"w śladzie","warstwa":"budynki"},"geometry":{"type":"Polygon","coordinates":[[[19.991171,49.967265],[19.991167,49.967351],[19.99103,49.967348],[19.991035,49.967254],[19.991108,49.967255],[19.991107,49.967264],[19.991171,49.967265]]]}},{"type":"Feature","properties":{"gml_id":"budynki.121905_5.0006.719_BUD","ID_BUDYNKU":"121905_5.0006.719_BUD","RODZAJ":"g","KONDYGNACJE_NADZIEMNE":"None","KONDYGNACJE_PODZIEMNE":"None","strefa":"w śladzie","warstwa":"budynki"},"geometry":{"type":"Polygon","coordinates":[[[19.992419,49.973001],[19.992436,49.972956],[19.992533,49.97297],[19.992518,49.973016],[19.992419,49.973001]]]}},{"type":"Feature","properties":{"gml_id":"budynki.121905_5.0006.717_BUD","ID_BUDYNKU":"121905_5.0006.717_BUD","RODZAJ":"m","KONDYGNACJE_NADZIEMNE":"None","KONDYGNACJE_PODZIEMNE":"None","strefa":"w śladzie","warstwa":"budynki"},"geometry":{"type":"Polygon","coordinates":[[[19.992391,49.973157],[19.992396,49.973139],[19.992364,49.973135],[19.992387,49.973066],[19.992568,49.973092],[19.992546,49.973159],[19.992482,49.973151],[19.992476,49.973168],[19.992391,49.973157]]]}},{"type":"Feature","properties":{"gml_id":"budynki.121905_5.0006.723_BUD","ID_BUDYNKU":"121905_5.0006.723_BUD","RODZAJ":"m","KONDYGNACJE_NADZIEMNE":"None","KONDYGNACJE_PODZIEMNE":"None","strefa":"w śladzie","warstwa":"budynki"},"geometry":{"type":"Polygon","coordinates":[[[19.993193,49.97327],[19.99318,49.973286],[19.993126,49.973268],[19.993191,49.973187],[19.993303,49.973224],[19.993252,49.973289],[19.993193,49.97327]]]}},{"type":"Feature","properties":{"gml_id":"budynki.121905_5.0006.725_BUD","ID_BUDYNKU":"121905_5.0006.725_BUD","RODZAJ":"m","KONDYGNACJE_NADZIEMNE":"None","KONDYGNACJE_PODZIEMNE":"None","strefa":"w śladzie","warstwa":"budynki"},"geometry":{"type":"Polygon","coordinates":[[[19.993787,49.973447],[19.993791,49.973433],[19.993722,49.973424],[19.99375,49.97332],[19.993824,49.973327],[19.99381,49.973373],[19.993949,49.97339],[19.993943,49.97341],[19.993999,49.973417],[19.993988,49.973452],[19.993934,49.973445],[19.993929,49.973464],[19.993787,49.973447]]]}},{"type":"Feature","properties":{"gml_id":"budynki.121905_5.0006.740_BUD","ID_BUDYNKU":"121905_5.0006.740_BUD","RODZAJ":"m","KONDYGNACJE_NADZIEMNE":"None","KONDYGNACJE_PODZIEMNE":"None","strefa":"w śladzie","warstwa":"budynki"},"geometry":{"type":"Polygon","coordinates":[[[19.992466,49.972786],[19.992339,49.972799],[19.992318,49.972718],[19.992371,49.972712],[19.992365,49.972691],[19.992415,49.972686],[19.992421,49.972707],[19.992445,49.972704],[19.992466,49.972786]]]}},{"type":"Feature","properties":{"gml_id":"budynki.121905_5.0006.743_BUD","ID_BUDYNKU":"121905_5.0006.743_BUD","RODZAJ":"i","KONDYGNACJE_NADZIEMNE":"None","KONDYGNACJE_PODZIEMNE":"None","strefa":"w śladzie","warstwa":"budynki"},"geometry":{"type":"Polygon","coordinates":[[[19.99246,49.972568],[19.992548,49.97256],[19.992556,49.972604],[19.992471,49.972612],[19.99246,49.972568]]]}},{"type":"Feature","properties":{"gml_id":"budynki.121905_5.0006.1298_BUD","ID_BUDYNKU":"121905_5.0006.1298_BUD","RODZAJ":"m","KONDYGNACJE_NADZIEMNE":"None","KONDYGNACJE_PODZIEMNE":"None","strefa":"w śladzie","warstwa":"budynki"},"geometry":{"type":"Polygon","coordinates":[[[19.992827,49.972478],[19.992815,49.972479],[19.992803,49.972403],[19.992929,49.972396],[19.992952,49.97255],[19.992826,49.972557],[19.992818,49.972501],[19.99283,49.972501],[19.992827,49.972478]]]}},{"type":"Feature","properties":{"gml_id":"budynki.121905_5.0006.744_BUD","ID_BUDYNKU":"121905_5.0006.744_BUD","RODZAJ":"m","KONDYGNACJE_NADZIEMNE":"None","KONDYGNACJE_PODZIEMNE":"None","strefa":"w śladzie","warstwa":"budynki"},"geometry":{"type":"Polygon","coordinates":[[[19.992649,49.972524],[19.992507,49.972532],[19.992492,49.972424],[19.992633,49.972415],[19.992649,49.972524]]]}},{"type":"Feature","properties":{"gml_id":"budynki.120614_4.0001.852/8.1_BUD","ID_BUDYNKU":"120614_4.0001.852/8.1_BUD","RODZAJ":"m","KONDYGNACJE_NADZIEMNE":"None","KONDYGNACJE_PODZIEMNE":"None","strefa":"nad tunelem","warstwa":"budynki"},"geometry":{"type":"Polygon","coordinates":[[[19.965667,49.935723],[19.965666,49.93576],[19.965515,49.935759],[19.965517,49.935688],[19.965681,49.935689],[19.965681,49.935723],[19.965667,49.935723]]]}},{"type":"Feature","properties":{"gml_id":"budynki.120614_4.0001.851/3.2_BUD","ID_BUDYNKU":"120614_4.0001.851/3.2_BUD","RODZAJ":"i","KONDYGNACJE_NADZIEMNE":"None","KONDYGNACJE_PODZIEMNE":"None","strefa":"nad tunelem","warstwa":"budynki"},"geometry":{"type":"Polygon","coordinates":[[[19.964582,49.935166],[19.964677,49.935155],[19.964686,49.935187],[19.96459,49.935197],[19.964582,49.935166]]]}},{"type":"Feature","properties":{"gml_id":"budynki.120614_4.0001.850/3.1_BUD","ID_BUDYNKU":"120614_4.0001.850/3.1_BUD","RODZAJ":"m","KONDYGNACJE_NADZIEMNE":"None","KONDYGNACJE_PODZIEMNE":"None","strefa":"nad tunelem","warstwa":"budynki"},"geometry":{"type":"Polygon","coordinates":[[[19.964265,49.935165],[19.964341,49.935162],[19.96434,49.935153],[19.964485,49.935146],[19.964495,49.935246],[19.96435,49.935252],[19.964274,49.935255],[19.964265,49.935165]]]}},{"type":"Feature","properties":{"gml_id":"budynki.120614_4.0001.870/1.1_BUD","ID_BUDYNKU":"120614_4.0001.870/1.1_BUD","RODZAJ":"m","KONDYGNACJE_NADZIEMNE":"None","KONDYGNACJE_PODZIEMNE":"None","strefa":"nad tunelem","warstwa":"budynki"},"geometry":{"type":"Polygon","coordinates":[[[19.96434,49.934634],[19.964474,49.934629],[19.964481,49.934708],[19.964348,49.934713],[19.96434,49.934634]]]}},{"type":"Feature","properties":{"gml_id":"budynki.120614_4.0001.870/5.1_BUD","ID_BUDYNKU":"120614_4.0001.870/5.1_BUD","RODZAJ":"m","KONDYGNACJE_NADZIEMNE":"None","KONDYGNACJE_PODZIEMNE":"None","strefa":"nad tunelem","warstwa":"budynki"},"geometry":{"type":"Polygon","coordinates":[[[19.964174,49.934839],[19.964141,49.934803],[19.96414,49.934784],[19.964154,49.934784],[19.964149,49.934698],[19.964242,49.934696],[19.964249,49.934786],[19.964191,49.934787],[19.964191,49.934796],[19.964216,49.934823],[19.964174,49.934839]]]}},{"type":"Feature","properties":{"gml_id":"budynki.120614_4.0001.866/1.2_BUD","ID_BUDYNKU":"120614_4.0001.866/1.2_BUD","RODZAJ":"h","KONDYGNACJE_NADZIEMNE":"None","KONDYGNACJE_PODZIEMNE":"None","strefa":"nad tunelem","warstwa":"budynki"},"geometry":{"type":"Polygon","coordinates":[[[19.964717,49.934772],[19.964791,49.934757],[19.964807,49.934791],[19.964734,49.934806],[19.964717,49.934772]]]}},{"type":"Feature","properties":{"gml_id":"budynki.120614_4.0001.871/2.1_BUD","ID_BUDYNKU":"120614_4.0001.871/2.1_BUD","RODZAJ":"m","KONDYGNACJE_NADZIEMNE":"None","KONDYGNACJE_PODZIEMNE":"None","strefa":"nad tunelem","warstwa":"budynki"},"geometry":{"type":"Polygon","coordinates":[[[19.963958,49.934857],[19.963964,49.934771],[19.96404,49.934773],[19.96404,49.934777],[19.964072,49.934778],[19.964069,49.934812],[19.964038,49.934811],[19.964034,49.934859],[19.963958,49.934857]]]}},{"type":"Feature","properties":{"gml_id":"budynki.120614_4.0001.851/3.1_BUD","ID_BUDYNKU":"120614_4.0001.851/3.1_BUD","RODZAJ":"m","KONDYGNACJE_NADZIEMNE":"None","KONDYGNACJE_PODZIEMNE":"None","strefa":"nad tunelem","warstwa":"budynki"},"geometry":{"type":"Polygon","coordinates":[[[19.964804,49.935138],[19.964792,49.935139],[19.964774,49.935061],[19.964865,49.935052],[19.964862,49.935041],[19.96493,49.935034],[19.964951,49.935123],[19.964888,49.93513],[19.964894,49.935156],[19.964811,49.935164],[19.964804,49.935138]]]}},{"type":"Feature","properties":{"gml_id":"budynki.120614_4.0001.866/1.1_BUD","ID_BUDYNKU":"120614_4.0001.866/1.1_BUD","RODZAJ":"b","KONDYGNACJE_NADZIEMNE":"None","KONDYGNACJE_PODZIEMNE":"None","strefa":"nad tunelem","warstwa":"budynki"},"geometry":{"type":"Polygon","coordinates":[[[19.964728,49.934681],[19.964861,49.934648],[19.9649,49.934714],[19.964873,49.93472],[19.964865,49.934706],[19.964824,49.934716],[19.964831,49.934731],[19.964782,49.934741],[19.964781,49.934739],[19.964765,49.934743],[19.964728,49.934681]]]}},{"type":"Feature","properties":{"gml_id":"budynki.120614_4.0001.939.1_BUD","ID_BUDYNKU":"120614_4.0001.939.1_BUD","RODZAJ":"m","KONDYGNACJE_NADZIEMNE":"None","KONDYGNACJE_PODZIEMNE":"None","strefa":"w śladzie","warstwa":"budynki"},"geometry":{"type":"Polygon","coordinates":[[[19.962966,49.933106],[19.962993,49.933026],[19.963163,49.93305],[19.963136,49.933129],[19.963079,49.933122],[19.963073,49.93314],[19.963029,49.933134],[19.963035,49.933115],[19.962966,49.933106]]]}},{"type":"Feature","properties":{"gml_id":"budynki.120614_4.0001.939.2_BUD","ID_BUDYNKU":"120614_4.0001.939.2_BUD","RODZAJ":"g","KONDYGNACJE_NADZIEMNE":"None","KONDYGNACJE_PODZIEMNE":"None","strefa":"w śladzie","warstwa":"budynki"},"geometry":{"type":"Polygon","coordinates":[[[19.963194,49.933212],[19.963207,49.933177],[19.96323,49.933181],[19.963242,49.933148],[19.96322,49.933144],[19.963234,49.933107],[19.963356,49.933126],[19.963316,49.933231],[19.963194,49.933212]]]}},{"type":"Feature","properties":{"gml_id":"budynki.120614_4.0001.1569/5.2_BUD","ID_BUDYNKU":"120614_4.0001.1569/5.2_BUD","RODZAJ":"i","KONDYGNACJE_NADZIEMNE":"None","KONDYGNACJE_PODZIEMNE":"None","strefa":"w śladzie","warstwa":"budynki"},"geometry":{"type":"Polygon","coordinates":[[[19.962451,49.931366],[19.962504,49.931359],[19.962515,49.931397],[19.962463,49.931404],[19.962451,49.931366]]]}},{"type":"Feature","properties":{"gml_id":"budynki.120614_4.0001.1569/5.1_BUD","ID_BUDYNKU":"120614_4.0001.1569/5.1_BUD","RODZAJ":"i","KONDYGNACJE_NADZIEMNE":"None","KONDYGNACJE_PODZIEMNE":"None","strefa":"w śladzie","warstwa":"budynki"},"geometry":{"type":"Polygon","coordinates":[[[19.962513,49.931376],[19.962745,49.931347],[19.962758,49.931393],[19.962526,49.931421],[19.962513,49.931376]]]}},{"type":"Feature","properties":{"gml_id":"budynki.120614_4.0001.1532.1_BUD","ID_BUDYNKU":"120614_4.0001.1532.1_BUD","RODZAJ":"i","KONDYGNACJE_NADZIEMNE":"None","KONDYGNACJE_PODZIEMNE":"None","strefa":"w śladzie","warstwa":"budynki"},"geometry":{"type":"Polygon","coordinates":[[[19.960626,49.927826],[19.960634,49.927818],[19.960687,49.927789],[19.960712,49.927807],[19.960657,49.927837],[19.960644,49.92784],[19.960631,49.927835],[19.960626,49.927826]]]}},{"type":"Feature","properties":{"NUMER_PORZ":"321","KOD_POCZT":"32-445","NAZWA_GMI":"Myślenice","NAZWA_MSC":"Krzyszkowice","odleglosc_m":176.1,"strefa":"50-200 m","warstwa":"adresy"},"geometry":{"type":"Point","coordinates":[19.930921,49.896135]}},{"type":"Feature","properties":{"NUMER_PORZ":"284","KOD_POCZT":"32-445","NAZWA_GMI":"Myślenice","NAZWA_MSC":"Krzyszkowice","odleglosc_m":22.7,"strefa":"20-30 m","warstwa":"adresy"},"geometry":{"type":"Point","coordinates":[19.927406,49.88418]}},{"type":"Feature","properties":{"NUMER_PORZ":"323","KOD_POCZT":"32-445","NAZWA_GMI":"Myślenice","NAZWA_MSC":"Krzyszkowice","odleglosc_m":140.4,"strefa":"50-200 m","warstwa":"adresy"},"geometry":{"type":"Point","coordinates":[19.926145,49.889756]}},{"type":"Feature","properties":{"NUMER_PORZ":"537","KOD_POCZT":"32-445","NAZWA_GMI":"Myślenice","NAZWA_MSC":"Krzyszkowice","odleglosc_m":85.7,"strefa":"50-200 m","warstwa":"adresy"},"geometry":{"type":"Point","coordinates":[19.926866,49.888891]}},{"type":"Feature","properties":{"NUMER_PORZ":"505","KOD_POCZT":"32-445","NAZWA_GMI":"Myślenice","NAZWA_MSC":"Krzyszkowice","odleglosc_m":159.1,"strefa":"50-200 m","warstwa":"adresy"},"geometry":{"type":"Point","coordinates":[19.92539,49.894911]}},{"type":"Feature","properties":{"NUMER_PORZ":"576","KOD_POCZT":"32-445","NAZWA_GMI":"Myślenice","NAZWA_MSC":"Krzyszkowice","odleglosc_m":103.1,"strefa":"50-200 m","warstwa":"adresy"},"geometry":{"type":"Point","coordinates":[19.926344,49.891582]}},{"type":"Feature","properties":{"NUMER_PORZ":"744","KOD_POCZT":"32-445","NAZWA_GMI":"Myślenice","NAZWA_MSC":"Krzyszkowice","odleglosc_m":134.5,"strefa":"50-200 m","warstwa":"adresy"},"geometry":{"type":"Point","coordinates":[19.919205,49.870546]}},{"type":"Feature","properties":{"NUMER_PORZ":"373","KOD_POCZT":"32-445","NAZWA_GMI":"Myślenice","NAZWA_MSC":"Krzyszkowice","odleglosc_m":179.7,"strefa":"50-200 m","warstwa":"adresy"},"geometry":{"type":"Point","coordinates":[19.922383,49.882233]}},{"type":"Feature","properties":{"NUMER_PORZ":"247","KOD_POCZT":"32-445","NAZWA_GMI":"Myślenice","NAZWA_MSC":"Krzyszkowice","odleglosc_m":0.0,"strefa":"nad tunelem","warstwa":"adresy"},"geometry":{"type":"Point","coordinates":[19.928238,49.897147]}},{"type":"Feature","properties":{"NUMER_PORZ":"461","KOD_POCZT":"32-445","NAZWA_GMI":"Myślenice","NAZWA_MSC":"Krzyszkowice","odleglosc_m":56.8,"strefa":"50-200 m","warstwa":"adresy"},"geometry":{"type":"Point","coordinates":[19.929249,49.895964]}},{"type":"Feature","properties":{"NUMER_PORZ":"263","KOD_POCZT":"32-445","NAZWA_GMI":"Myślenice","NAZWA_MSC":"Krzyszkowice","odleglosc_m":188.9,"strefa":"50-200 m","warstwa":"adresy"},"geometry":{"type":"Point","coordinates":[19.925471,49.889586]}},{"type":"Feature","properties":{"NUMER_PORZ":"369","KOD_POCZT":"32-445","NAZWA_GMI":"Myślenice","NAZWA_MSC":"Krzyszkowice","odleglosc_m":3.8,"strefa":"0-20 m","warstwa":"adresy"},"geometry":{"type":"Point","coordinates":[19.92272,49.876046]}},{"type":"Feature","properties":{"NUMER_PORZ":"305","KOD_POCZT":"32-445","NAZWA_GMI":"Myślenice","NAZWA_MSC":"Krzyszkowice","odleglosc_m":28.3,"strefa":"20-30 m","warstwa":"adresy"},"geometry":{"type":"Point","coordinates":[19.924265,49.881619]}},{"type":"Feature","properties":{"NUMER_PORZ":"272","KOD_POCZT":"32-445","NAZWA_GMI":"Myślenice","NAZWA_MSC":"Krzyszkowice","odleglosc_m":92.3,"strefa":"50-200 m","warstwa":"adresy"},"geometry":{"type":"Point","coordinates":[19.92976,49.896255]}},{"type":"Feature","properties":{"NUMER_PORZ":"746","KOD_POCZT":"32-445","NAZWA_GMI":"Myślenice","NAZWA_MSC":"Krzyszkowice","odleglosc_m":197.5,"strefa":"50-200 m","warstwa":"adresy"},"geometry":{"type":"Point","coordinates":[19.931109,49.886387]}},{"type":"Feature","properties":{"NUMER_PORZ":"96","KOD_POCZT":"32-445","NAZWA_GMI":"Myślenice","NAZWA_MSC":"Krzyszkowice","odleglosc_m":170.5,"strefa":"50-200 m","warstwa":"adresy"},"geometry":{"type":"Point","coordinates":[19.925726,49.889863]}},{"type":"Feature","properties":{"NUMER_PORZ":"463","KOD_POCZT":"32-445","NAZWA_GMI":"Myślenice","NAZWA_MSC":"Krzyszkowice","odleglosc_m":122.3,"strefa":"50-200 m","warstwa":"adresy"},"geometry":{"type":"Point","coordinates":[19.926162,49.887979]}},{"type":"Feature","properties":{"NUMER_PORZ":"168","KOD_POCZT":"32-445","NAZWA_GMI":"Myślenice","NAZWA_MSC":"Krzyszkowice","odleglosc_m":197.0,"strefa":"50-200 m","warstwa":"adresy"},"geometry":{"type":"Point","coordinates":[19.931212,49.896144]}},{"type":"Feature","properties":{"NUMER_PORZ":"301","KOD_POCZT":"32-445","NAZWA_GMI":"Myślenice","NAZWA_MSC":"Krzyszkowice","odleglosc_m":43.1,"strefa":"30-50 m","warstwa":"adresy"},"geometry":{"type":"Point","coordinates":[19.925756,49.881483]}},{"type":"Feature","properties":{"NUMER_PORZ":"306A","KOD_POCZT":"32-444","NAZWA_GMI":"Myślenice","NAZWA_MSC":"Głogoczów","odleglosc_m":102.6,"strefa":"50-200 m","warstwa":"adresy"},"geometry":{"type":"Point","coordinates":[19.874584,49.906807]}},{"type":"Feature","properties":{"NUMER_PORZ":"48","KOD_POCZT":"32-445","NAZWA_GMI":"Myślenice","NAZWA_MSC":"Krzyszkowice","odleglosc_m":6.8,"strefa":"0-20 m","warstwa":"adresy"},"geometry":{"type":"Point","coordinates":[19.921762,49.876861]}},{"type":"Feature","properties":{"NUMER_PORZ":"67","KOD_POCZT":"32-445","NAZWA_GMI":"Myślenice","NAZWA_MSC":"Krzyszkowice","odleglosc_m":85.1,"strefa":"50-200 m","warstwa":"adresy"},"geometry":{"type":"Point","coordinates":[19.929813,49.888244]}},{"type":"Feature","properties":{"NUMER_PORZ":"84","KOD_POCZT":"32-445","NAZWA_GMI":"Myślenice","NAZWA_MSC":"Krzyszkowice","odleglosc_m":180.7,"strefa":"50-200 m","warstwa":"adresy"},"geometry":{"type":"Point","coordinates":[19.930966,49.895713]}},{"type":"Feature","properties":{"NUMER_PORZ":"402","KOD_POCZT":"32-445","NAZWA_GMI":"Myślenice","NAZWA_MSC":"Krzyszkowice","odleglosc_m":122.5,"strefa":"50-200 m","warstwa":"adresy"},"geometry":{"type":"Point","coordinates":[19.926393,49.890007]}},{"type":"Feature","properties":{"NUMER_PORZ":"103","KOD_POCZT":"32-445","NAZWA_GMI":"Myślenice","NAZWA_MSC":"Krzyszkowice","odleglosc_m":55.9,"strefa":"50-200 m","warstwa":"adresy"},"geometry":{"type":"Point","coordinates":[19.925625,49.884725]}},{"type":"Feature","properties":{"NUMER_PORZ":"63","KOD_POCZT":"32-445","NAZWA_GMI":"Myślenice","NAZWA_MSC":"Krzyszkowice","odleglosc_m":4.3,"strefa":"0-20 m","warstwa":"adresy"},"geometry":{"type":"Point","coordinates":[19.928183,49.885939]}},{"type":"Feature","properties":{"NUMER_PORZ":"60a","KOD_POCZT":"32-445","NAZWA_GMI":"Myślenice","NAZWA_MSC":"Krzyszkowice","odleglosc_m":0.0,"strefa":"w śladzie","warstwa":"adresy"},"geometry":{"type":"Point","coordinates":[19.927448,49.884908]}},{"type":"Feature","properties":{"NUMER_PORZ":"48B","KOD_POCZT":"32-445","NAZWA_GMI":"Myślenice","NAZWA_MSC":"Krzyszkowice","odleglosc_m":51.9,"strefa":"50-200 m","warstwa":"adresy"},"geometry":{"type":"Point","coordinates":[19.921287,49.877184]}},{"type":"Feature","properties":{"NUMER_PORZ":"484","KOD_POCZT":"32-445","NAZWA_GMI":"Myślenice","NAZWA_MSC":"Krzyszkowice","odleglosc_m":122.9,"strefa":"50-200 m","warstwa":"adresy"},"geometry":{"type":"Point","coordinates":[19.926395,49.889613]}},{"type":"Feature","properties":{"NUMER_PORZ":"473","KOD_POCZT":"32-445","NAZWA_GMI":"Myślenice","NAZWA_MSC":"Krzyszkowice","odleglosc_m":160.8,"strefa":"50-200 m","warstwa":"adresy"},"geometry":{"type":"Point","coordinates":[19.919757,49.877353]}},{"type":"Feature","properties":{"NUMER_PORZ":"59","KOD_POCZT":"32-445","NAZWA_GMI":"Myślenice","NAZWA_MSC":"Krzyszkowice","odleglosc_m":0.0,"strefa":"w śladzie","warstwa":"adresy"},"geometry":{"type":"Point","coordinates":[19.926648,49.884279]}},{"type":"Feature","properties":{"NUMER_PORZ":"62","KOD_POCZT":"32-445","NAZWA_GMI":"Myślenice","NAZWA_MSC":"Krzyszkowice","odleglosc_m":102.6,"strefa":"50-200 m","warstwa":"adresy"},"geometry":{"type":"Point","coordinates":[19.929097,49.885048]}},{"type":"Feature","properties":{"NUMER_PORZ":"60","KOD_POCZT":"32-445","NAZWA_GMI":"Myślenice","NAZWA_MSC":"Krzyszkowice","odleglosc_m":1.0,"strefa":"0-20 m","warstwa":"adresy"},"geometry":{"type":"Point","coordinates":[19.927619,49.885078]}},{"type":"Feature","properties":{"NUMER_PORZ":"472","KOD_POCZT":"32-445","NAZWA_GMI":"Myślenice","NAZWA_MSC":"Krzyszkowice","odleglosc_m":79.4,"strefa":"50-200 m","warstwa":"adresy"},"geometry":{"type":"Point","coordinates":[19.920723,49.876956]}},{"type":"Feature","properties":{"NUMER_PORZ":"660","KOD_POCZT":"32-445","NAZWA_GMI":"Myślenice","NAZWA_MSC":"Krzyszkowice","odleglosc_m":26.3,"strefa":"20-30 m","warstwa":"adresy"},"geometry":{"type":"Point","coordinates":[19.927344,49.892624]}},{"type":"Feature","properties":{"NUMER_PORZ":"195","KOD_POCZT":"32-445","NAZWA_GMI":"Myślenice","NAZWA_MSC":"Krzyszkowice","odleglosc_m":140.1,"strefa":"50-200 m","warstwa":"adresy"},"geometry":{"type":"Point","coordinates":[19.930424,49.896227]}},{"type":"Feature","properties":{"NUMER_PORZ":"596","KOD_POCZT":"32-445","NAZWA_GMI":"Myślenice","NAZWA_MSC":"Krzyszkowice","odleglosc_m":157.9,"strefa":"50-200 m","warstwa":"adresy"},"geometry":{"type":"Point","coordinates":[19.925421,49.895953]}},{"type":"Feature","properties":{"NUMER_PORZ":"243","KOD_POCZT":"32-445","NAZWA_GMI":"Myślenice","NAZWA_MSC":"Krzyszkowice","odleglosc_m":85.9,"strefa":"50-200 m","warstwa":"adresy"},"geometry":{"type":"Point","coordinates":[19.930832,49.900685]}},{"type":"Feature","properties":{"NUMER_PORZ":"471","KOD_POCZT":"32-445","NAZWA_GMI":"Myślenice","NAZWA_MSC":"Krzyszkowice","odleglosc_m":105.6,"strefa":"50-200 m","warstwa":"adresy"},"geometry":{"type":"Point","coordinates":[19.920402,49.877069]}},{"type":"Feature","properties":{"NUMER_PORZ":"553","KOD_POCZT":"32-445","NAZWA_GMI":"Myślenice","NAZWA_MSC":"Krzyszkowice","odleglosc_m":56.8,"strefa":"50-200 m","warstwa":"adresy"},"geometry":{"type":"Point","coordinates":[19.923894,49.881711]}},{"type":"Feature","properties":{"NUMER_PORZ":"476","KOD_POCZT":"32-445","NAZWA_GMI":"Myślenice","NAZWA_MSC":"Krzyszkowice","odleglosc_m":161.7,"strefa":"50-200 m","warstwa":"adresy"},"geometry":{"type":"Point","coordinates":[19.924819,49.875434]}},{"type":"Feature","properties":{"NUMER_PORZ":"585","KOD_POCZT":"32-445","NAZWA_GMI":"Myślenice","NAZWA_MSC":"Krzyszkowice","odleglosc_m":71.2,"strefa":"50-200 m","warstwa":"adresy"},"geometry":{"type":"Point","coordinates":[19.920126,49.869839]}},{"type":"Feature","properties":{"NUMER_PORZ":"725","KOD_POCZT":"32-445","NAZWA_GMI":"Myślenice","NAZWA_MSC":"Krzyszkowice","odleglosc_m":50.9,"strefa":"50-200 m","warstwa":"adresy"},"geometry":{"type":"Point","coordinates":[19.920418,49.869679]}},{"type":"Feature","properties":{"NUMER_PORZ":"691","KOD_POCZT":"32-445","NAZWA_GMI":"Myślenice","NAZWA_MSC":"Krzyszkowice","odleglosc_m":68.8,"strefa":"50-200 m","warstwa":"adresy"},"geometry":{"type":"Point","coordinates":[19.925211,49.88439]}},{"type":"Feature","properties":{"NUMER_PORZ":"608","KOD_POCZT":"32-445","NAZWA_GMI":"Myślenice","NAZWA_MSC":"Krzyszkowice","odleglosc_m":0.0,"strefa":"nad tunelem","warstwa":"adresy"},"geometry":{"type":"Point","coordinates":[19.92836,49.896293]}},{"type":"Feature","properties":{"NUMER_PORZ":"469","KOD_POCZT":"32-445","NAZWA_GMI":"Myślenice","NAZWA_MSC":"Krzyszkowice","odleglosc_m":69.3,"strefa":"50-200 m","warstwa":"adresy"},"geometry":{"type":"Point","coordinates":[19.928557,49.88495]}},{"type":"Feature","properties":{"NUMER_PORZ":"55","KOD_POCZT":"32-445","NAZWA_GMI":"Myślenice","NAZWA_MSC":"Krzyszkowice","odleglosc_m":75.4,"strefa":"50-200 m","warstwa":"adresy"},"geometry":{"type":"Point","coordinates":[19.925261,49.884631]}},{"type":"Feature","properties":{"NUMER_PORZ":"560","KOD_POCZT":"32-445","NAZWA_GMI":"Myślenice","NAZWA_MSC":"Krzyszkowice","odleglosc_m":24.0,"strefa":"20-30 m","warstwa":"adresy"},"geometry":{"type":"Point","coordinates":[19.927632,49.884557]}},{"type":"Feature","properties":{"NUMER_PORZ":"350","KOD_POCZT":"32-400","NAZWA_GMI":"Myślenice","NAZWA_MSC":"Polanka","odleglosc_m":0.0,"strefa":"w śladzie","warstwa":"adresy"},"geometry":{"type":"Point","coordinates":[19.925778,49.857437]}},{"type":"Feature","properties":{"NUMER_PORZ":"715","KOD_POCZT":"32-445","NAZWA_GMI":"Myślenice","NAZWA_MSC":"Krzyszkowice","odleglosc_m":3.4,"strefa":"0-20 m","warstwa":"adresy"},"geometry":{"type":"Point","coordinates":[19.928497,49.895734]}},{"type":"Feature","properties":{"NUMER_PORZ":"105","KOD_POCZT":"32-445","NAZWA_GMI":"Myślenice","NAZWA_MSC":"Krzyszkowice","odleglosc_m":196.2,"strefa":"50-200 m","warstwa":"adresy"},"geometry":{"type":"Point","coordinates":[19.924011,49.885473]}},{"type":"Feature","properties":{"NUMER_PORZ":"568","KOD_POCZT":"32-445","NAZWA_GMI":"Myślenice","NAZWA_MSC":"Krzyszkowice","odleglosc_m":175.3,"strefa":"50-200 m","warstwa":"adresy"},"geometry":{"type":"Point","coordinates":[19.925633,49.889311]}},{"type":"Feature","properties":{"NUMER_PORZ":"240","KOD_POCZT":"32-445","NAZWA_GMI":"Myślenice","NAZWA_MSC":"Krzyszkowice","odleglosc_m":0.0,"strefa":"w śladzie","warstwa":"adresy"},"geometry":{"type":"Point","coordinates":[19.921846,49.875441]}},{"type":"Feature","properties":{"NUMER_PORZ":"530","KOD_POCZT":"32-445","NAZWA_GMI":"Myślenice","NAZWA_MSC":"Krzyszkowice","odleglosc_m":116.6,"strefa":"50-200 m","warstwa":"adresy"},"geometry":{"type":"Point","coordinates":[19.924218,49.875596]}},{"type":"Feature","properties":{"NUMER_PORZ":"371","KOD_POCZT":"32-445","NAZWA_GMI":"Myślenice","NAZWA_MSC":"Krzyszkowice","odleglosc_m":48.7,"strefa":"30-50 m","warstwa":"adresy"},"geometry":{"type":"Point","coordinates":[19.927425,49.883667]}},{"type":"Feature","properties":{"NUMER_PORZ":"202","KOD_POCZT":"32-445","NAZWA_GMI":"Myślenice","NAZWA_MSC":"Krzyszkowice","odleglosc_m":2.4,"strefa":"0-20 m","warstwa":"adresy"},"geometry":{"type":"Point","coordinates":[19.921389,49.876017]}},{"type":"Feature","properties":{"NUMER_PORZ":"590","KOD_POCZT":"32-445","NAZWA_GMI":"Myślenice","NAZWA_MSC":"Krzyszkowice","odleglosc_m":76.5,"strefa":"50-200 m","warstwa":"adresy"},"geometry":{"type":"Point","coordinates":[19.926562,49.896068]}},{"type":"Feature","properties":{"NUMER_PORZ":"642","KOD_POCZT":"32-445","NAZWA_GMI":"Myślenice","NAZWA_MSC":"Krzyszkowice","odleglosc_m":190.4,"strefa":"50-200 m","warstwa":"adresy"},"geometry":{"type":"Point","coordinates":[19.919392,49.877482]}},{"type":"Feature","properties":{"NUMER_PORZ":"542","KOD_POCZT":"32-445","NAZWA_GMI":"Myślenice","NAZWA_MSC":"Krzyszkowice","odleglosc_m":7.1,"strefa":"0-20 m","warstwa":"adresy"},"geometry":{"type":"Point","coordinates":[19.922097,49.869432]}},{"type":"Feature","properties":{"NUMER_PORZ":"464","KOD_POCZT":"32-445","NAZWA_GMI":"Myślenice","NAZWA_MSC":"Krzyszkowice","odleglosc_m":150.4,"strefa":"50-200 m","warstwa":"adresy"},"geometry":{"type":"Point","coordinates":[19.927155,49.881136]}},{"type":"Feature","properties":{"NUMER_PORZ":"249","KOD_POCZT":"32-445","NAZWA_GMI":"Myślenice","NAZWA_MSC":"Krzyszkowice","odleglosc_m":49.6,"strefa":"30-50 m","warstwa":"adresy"},"geometry":{"type":"Point","coordinates":[19.924128,49.88188]}},{"type":"Feature","properties":{"NUMER_PORZ":"730A","KOD_POCZT":"32-454","NAZWA_GMI":"Myślenice","NAZWA_MSC":"Krzyszkowice","odleglosc_m":157.4,"strefa":"50-200 m","warstwa":"adresy"},"geometry":{"type":"Point","coordinates":[19.925431,49.894216]}},{"type":"Feature","properties":{"NUMER_PORZ":"95","KOD_POCZT":"32-445","NAZWA_GMI":"Myślenice","NAZWA_MSC":"Krzyszkowice","odleglosc_m":133.5,"strefa":"50-200 m","warstwa":"adresy"},"geometry":{"type":"Point","coordinates":[19.926127,49.890289]}},{"type":"Feature","properties":{"NUMER_PORZ":"399","KOD_POCZT":"32-445","NAZWA_GMI":"Myślenice","NAZWA_MSC":"Krzyszkowice","odleglosc_m":123.4,"strefa":"50-200 m","warstwa":"adresy"},"geometry":{"type":"Point","coordinates":[19.923039,49.881943]}},{"type":"Feature","properties":{"NUMER_PORZ":"214","KOD_POCZT":"32-445","NAZWA_GMI":"Myślenice","NAZWA_MSC":"Krzyszkowice","odleglosc_m":46.4,"strefa":"30-50 m","warstwa":"adresy"},"geometry":{"type":"Point","coordinates":[19.930487,49.901079]}},{"type":"Feature","properties":{"NUMER_PORZ":"357","KOD_POCZT":"32-445","NAZWA_GMI":"Myślenice","NAZWA_MSC":"Krzyszkowice","odleglosc_m":113.8,"strefa":"50-200 m","warstwa":"adresy"},"geometry":{"type":"Point","coordinates":[19.922671,49.881333]}},{"type":"Feature","properties":{"NUMER_PORZ":"177","KOD_POCZT":"32-445","NAZWA_GMI":"Myślenice","NAZWA_MSC":"Krzyszkowice","odleglosc_m":162.8,"strefa":"50-200 m","warstwa":"adresy"},"geometry":{"type":"Point","coordinates":[19.926711,49.901257]}},{"type":"Feature","properties":{"NUMER_PORZ":"436","KOD_POCZT":"32-445","NAZWA_GMI":"Myślenice","NAZWA_MSC":"Krzyszkowice","odleglosc_m":175.1,"strefa":"50-200 m","warstwa":"adresy"},"geometry":{"type":"Point","coordinates":[19.923365,49.883772]}},{"type":"Feature","properties":{"NUMER_PORZ":"306","KOD_POCZT":"32-445","NAZWA_GMI":"Myślenice","NAZWA_MSC":"Krzyszkowice","odleglosc_m":171.4,"strefa":"50-200 m","warstwa":"adresy"},"geometry":{"type":"Point","coordinates":[19.925015,49.886768]}},{"type":"Feature","properties":{"NUMER_PORZ":"1087D","KOD_POCZT":"32-444","NAZWA_GMI":"Myślenice","NAZWA_MSC":"Głogoczów","odleglosc_m":148.5,"strefa":"50-200 m","warstwa":"adresy"},"geometry":{"type":"Point","coordinates":[19.891403,49.910936]}},{"type":"Feature","properties":{"NUMER_PORZ":"276","KOD_POCZT":"32-445","NAZWA_GMI":"Myślenice","NAZWA_MSC":"Krzyszkowice","odleglosc_m":103.6,"strefa":"50-200 m","warstwa":"adresy"},"geometry":{"type":"Point","coordinates":[19.926163,49.89504]}},{"type":"Feature","properties":{"NUMER_PORZ":"158","KOD_POCZT":"32-444","NAZWA_GMI":"Myślenice","NAZWA_MSC":"Głogoczów","odleglosc_m":72.5,"strefa":"50-200 m","warstwa":"adresy"},"geometry":{"type":"Point","coordinates":[19.876102,49.90926]}},{"type":"Feature","properties":{"NUMER_PORZ":"551","KOD_POCZT":"32-445","NAZWA_GMI":"Myślenice","NAZWA_MSC":"Krzyszkowice","odleglosc_m":138.5,"strefa":"50-200 m","warstwa":"adresy"},"geometry":{"type":"Point","coordinates":[19.92612,49.888787]}},{"type":"Feature","properties":{"NUMER_PORZ":"102","KOD_POCZT":"32-445","NAZWA_GMI":"Myślenice","NAZWA_MSC":"Krzyszkowice","odleglosc_m":171.3,"strefa":"50-200 m","warstwa":"adresy"},"geometry":{"type":"Point","coordinates":[19.924923,49.886472]}},{"type":"Feature","properties":{"NUMER_PORZ":"2","KOD_POCZT":"32-445","NAZWA_GMI":"Myślenice","NAZWA_MSC":"Krzyszkowice","odleglosc_m":148.6,"strefa":"50-200 m","warstwa":"adresy"},"geometry":{"type":"Point","coordinates":[19.923818,49.883946]}},{"type":"Feature","properties":{"NUMER_PORZ":"97","KOD_POCZT":"32-445","NAZWA_GMI":"Myślenice","NAZWA_MSC":"Krzyszkowice","odleglosc_m":153.5,"strefa":"50-200 m","warstwa":"adresy"},"geometry":{"type":"Point","coordinates":[19.925945,49.889383]}},{"type":"Feature","properties":{"NUMER_PORZ":"94","KOD_POCZT":"32-445","NAZWA_GMI":"Myślenice","NAZWA_MSC":"Krzyszkowice","odleglosc_m":115.9,"strefa":"50-200 m","warstwa":"adresy"},"geometry":{"type":"Point","coordinates":[19.926177,49.891085]}},{"type":"Feature","properties":{"NUMER_PORZ":"400","KOD_POCZT":"32-445","NAZWA_GMI":"Myślenice","NAZWA_MSC":"Krzyszkowice","odleglosc_m":175.4,"strefa":"50-200 m","warstwa":"adresy"},"geometry":{"type":"Point","coordinates":[19.918626,49.870705]}},{"type":"Feature","properties":{"NUMER_PORZ":"589","KOD_POCZT":"32-445","NAZWA_GMI":"Myślenice","NAZWA_MSC":"Krzyszkowice","odleglosc_m":108.8,"strefa":"50-200 m","warstwa":"adresy"},"geometry":{"type":"Point","coordinates":[19.93,49.896399]}},{"type":"Feature","properties":{"NUMER_PORZ":"804","KOD_POCZT":"32-445","NAZWA_GMI":"Myślenice","NAZWA_MSC":"Krzyszkowice","odleglosc_m":92.7,"strefa":"50-200 m","warstwa":"adresy"},"geometry":{"type":"Point","coordinates":[19.926469,49.891866]}},{"type":"Feature","properties":{"NUMER_PORZ":"664","KOD_POCZT":"32-444","NAZWA_GMI":"Myślenice","NAZWA_MSC":"Głogoczów","odleglosc_m":130.0,"strefa":"50-200 m","warstwa":"adresy"},"geometry":{"type":"Point","coordinates":[19.876086,49.909796]}},{"type":"Feature","properties":{"NUMER_PORZ":"532","KOD_POCZT":"32-445","NAZWA_GMI":"Myślenice","NAZWA_MSC":"Krzyszkowice","odleglosc_m":180.2,"strefa":"50-200 m","warstwa":"adresy"},"geometry":{"type":"Point","coordinates":[19.924619,49.868712]}},{"type":"Feature","properties":{"NUMER_PORZ":"438","KOD_POCZT":"32-445","NAZWA_GMI":"Myślenice","NAZWA_MSC":"Krzyszkowice","odleglosc_m":188.9,"strefa":"50-200 m","warstwa":"adresy"},"geometry":{"type":"Point","coordinates":[19.924978,49.887255]}},{"type":"Feature","properties":{"NUMER_PORZ":"397","KOD_POCZT":"32-445","NAZWA_GMI":"Myślenice","NAZWA_MSC":"Krzyszkowice","odleglosc_m":96.6,"strefa":"50-200 m","warstwa":"adresy"},"geometry":{"type":"Point","coordinates":[19.926277,49.896006]}},{"type":"Feature","properties":{"NUMER_PORZ":"127","KOD_POCZT":"32-445","NAZWA_GMI":"Myślenice","NAZWA_MSC":"Krzyszkowice","odleglosc_m":55.5,"strefa":"50-200 m","warstwa":"adresy"},"geometry":{"type":"Point","coordinates":[19.926933,49.892667]}},{"type":"Feature","properties":{"NUMER_PORZ":"53","KOD_POCZT":"32-445","NAZWA_GMI":"Myślenice","NAZWA_MSC":"Krzyszkowice","odleglosc_m":150.0,"strefa":"50-200 m","warstwa":"adresy"},"geometry":{"type":"Point","coordinates":[19.922777,49.882146]}},{"type":"Feature","properties":{"NUMER_PORZ":"634","KOD_POCZT":"32-445","NAZWA_GMI":"Myślenice","NAZWA_MSC":"Krzyszkowice","odleglosc_m":60.8,"strefa":"50-200 m","warstwa":"adresy"},"geometry":{"type":"Point","coordinates":[19.927823,49.883933]}},{"type":"Feature","properties":{"NUMER_PORZ":"649","KOD_POCZT":"32-445","NAZWA_GMI":"Myślenice","NAZWA_MSC":"Krzyszkowice","odleglosc_m":172.6,"strefa":"50-200 m","warstwa":"adresy"},"geometry":{"type":"Point","coordinates":[19.924712,49.886087]}},{"type":"Feature","properties":{"NUMER_PORZ":"684","KOD_POCZT":"32-445","NAZWA_GMI":"Myślenice","NAZWA_MSC":"Krzyszkowice","odleglosc_m":0.0,"strefa":"w śladzie","warstwa":"adresy"},"geometry":{"type":"Point","coordinates":[19.926208,49.883616]}},{"type":"Feature","properties":{"NUMER_PORZ":"99","KOD_POCZT":"32-445","NAZWA_GMI":"Myślenice","NAZWA_MSC":"Krzyszkowice","odleglosc_m":175.0,"strefa":"50-200 m","warstwa":"adresy"},"geometry":{"type":"Point","coordinates":[19.925578,49.888631]}},{"type":"Feature","properties":{"NUMER_PORZ":"14","KOD_POCZT":"32-445","NAZWA_GMI":"Myślenice","NAZWA_MSC":"Krzyszkowice","odleglosc_m":121.4,"strefa":"50-200 m","warstwa":"adresy"},"geometry":{"type":"Point","coordinates":[19.924598,49.884679]}},{"type":"Feature","properties":{"NUMER_PORZ":"424","KOD_POCZT":"32-445","NAZWA_GMI":"Myślenice","NAZWA_MSC":"Krzyszkowice","odleglosc_m":77.2,"strefa":"50-200 m","warstwa":"adresy"},"geometry":{"type":"Point","coordinates":[19.920935,49.877234]}},{"type":"Feature","properties":{"NUMER_PORZ":"423","KOD_POCZT":"32-445","NAZWA_GMI":"Myślenice","NAZWA_MSC":"Krzyszkowice","odleglosc_m":116.3,"strefa":"50-200 m","warstwa":"adresy"},"geometry":{"type":"Point","coordinates":[19.92048,49.877436]}},{"type":"Feature","properties":{"NUMER_PORZ":"564","KOD_POCZT":"32-445","NAZWA_GMI":"Myślenice","NAZWA_MSC":"Krzyszkowice","odleglosc_m":68.1,"strefa":"50-200 m","warstwa":"adresy"},"geometry":{"type":"Point","coordinates":[19.926848,49.891348]}},{"type":"Feature","properties":{"NUMER_PORZ":"386","KOD_POCZT":"32-445","NAZWA_GMI":"Myślenice","NAZWA_MSC":"Krzyszkowice","odleglosc_m":0.0,"strefa":"w śladzie","warstwa":"adresy"},"geometry":{"type":"Point","coordinates":[19.925993,49.883462]}},{"type":"Feature","properties":{"NUMER_PORZ":"137","KOD_POCZT":"32-445","NAZWA_GMI":"Myślenice","NAZWA_MSC":"Krzyszkowice","odleglosc_m":34.0,"strefa":"30-50 m","warstwa":"adresy"},"geometry":{"type":"Point","coordinates":[19.928944,49.89394]}},{"type":"Feature","properties":{"NUMER_PORZ":"58","KOD_POCZT":"32-445","NAZWA_GMI":"Myślenice","NAZWA_MSC":"Krzyszkowice","odleglosc_m":0.0,"strefa":"w śladzie","warstwa":"adresy"},"geometry":{"type":"Point","coordinates":[19.926264,49.883907]}},{"type":"Feature","properties":{"NUMER_PORZ":"90","KOD_POCZT":"32-445","NAZWA_GMI":"Myślenice","NAZWA_MSC":"Krzyszkowice","odleglosc_m":0.0,"strefa":"nad tunelem","warstwa":"adresy"},"geometry":{"type":"Point","coordinates":[19.927837,49.893081]}},{"type":"Feature","properties":{"NUMER_PORZ":"247A","KOD_POCZT":"32-445","NAZWA_GMI":"Myślenice","NAZWA_MSC":"Krzyszkowice","odleglosc_m":10.4,"strefa":"0-20 m","warstwa":"adresy"},"geometry":{"type":"Point","coordinates":[19.928684,49.897005]}},{"type":"Feature","properties":{"NUMER_PORZ":"291","KOD_POCZT":"32-445","NAZWA_GMI":"Myślenice","NAZWA_MSC":"Krzyszkowice","odleglosc_m":0.0,"strefa":"nad tunelem","warstwa":"adresy"},"geometry":{"type":"Point","coordinates":[19.928404,49.894506]}},{"type":"Feature","properties":{"NUMER_PORZ":"101","KOD_POCZT":"32-445","NAZWA_GMI":"Myślenice","NAZWA_MSC":"Krzyszkowice","odleglosc_m":192.6,"strefa":"50-200 m","warstwa":"adresy"},"geometry":{"type":"Point","coordinates":[19.925089,49.887607]}},{"type":"Feature","properties":{"NUMER_PORZ":"651","KOD_POCZT":"32-445","NAZWA_GMI":"Myślenice","NAZWA_MSC":"Krzyszkowice","odleglosc_m":2.1,"strefa":"0-20 m","warstwa":"adresy"},"geometry":{"type":"Point","coordinates":[19.926035,49.8841]}},{"type":"Feature","properties":{"NUMER_PORZ":"357a","KOD_POCZT":"32-445","NAZWA_GMI":"Myślenice","NAZWA_MSC":"Krzyszkowice","odleglosc_m":95.8,"strefa":"50-200 m","warstwa":"adresy"},"geometry":{"type":"Point","coordinates":[19.923305,49.881739]}},{"type":"Feature","properties":{"NUMER_PORZ":"277","KOD_POCZT":"32-445","NAZWA_GMI":"Myślenice","NAZWA_MSC":"Krzyszkowice","odleglosc_m":74.8,"strefa":"50-200 m","warstwa":"adresy"},"geometry":{"type":"Point","coordinates":[19.929495,49.894367]}},{"type":"Feature","properties":{"NUMER_PORZ":"744A","KOD_POCZT":"32-445","NAZWA_GMI":"Myślenice","NAZWA_MSC":"Krzyszkowice","odleglosc_m":153.8,"strefa":"50-200 m","warstwa":"adresy"},"geometry":{"type":"Point","coordinates":[19.918934,49.870571]}},{"type":"Feature","properties":{"NUMER_PORZ":"907","KOD_POCZT":"32-444","NAZWA_GMI":"Myślenice","NAZWA_MSC":"Głogoczów","odleglosc_m":128.1,"strefa":"50-200 m","warstwa":"adresy"},"geometry":{"type":"Point","coordinates":[19.865694,49.907805]}},{"type":"Feature","properties":{"NUMER_PORZ":"917","KOD_POCZT":"32-444","NAZWA_GMI":"Myślenice","NAZWA_MSC":"Głogoczów","odleglosc_m":112.7,"strefa":"50-200 m","warstwa":"adresy"},"geometry":{"type":"Point","coordinates":[19.893312,49.908173]}},{"type":"Feature","properties":{"NUMER_PORZ":"523","KOD_POCZT":"32-444","NAZWA_GMI":"Myślenice","NAZWA_MSC":"Głogoczów","odleglosc_m":111.8,"strefa":"50-200 m","warstwa":"adresy"},"geometry":{"type":"Point","coordinates":[19.877543,49.906911]}},{"type":"Feature","properties":{"NUMER_PORZ":"894","KOD_POCZT":"32-444","NAZWA_GMI":"Myślenice","NAZWA_MSC":"Głogoczów","odleglosc_m":95.4,"strefa":"50-200 m","warstwa":"adresy"},"geometry":{"type":"Point","coordinates":[19.869174,49.906571]}},{"type":"Feature","properties":{"NUMER_PORZ":"702","KOD_POCZT":"32-444","NAZWA_GMI":"Myślenice","NAZWA_MSC":"Głogoczów","odleglosc_m":178.0,"strefa":"50-200 m","warstwa":"adresy"},"geometry":{"type":"Point","coordinates":[19.878633,49.910153]}},{"type":"Feature","properties":{"NUMER_PORZ":"783","KOD_POCZT":"32-445","NAZWA_GMI":"Myślenice","NAZWA_MSC":"Krzyszkowice","odleglosc_m":20.6,"strefa":"20-30 m","warstwa":"adresy"},"geometry":{"type":"Point","coordinates":[19.920842,49.869634]}},{"type":"Feature","properties":{"NUMER_PORZ":"82A","KOD_POCZT":"32-445","NAZWA_GMI":"Myślenice","NAZWA_MSC":"Krzyszkowice","odleglosc_m":164.6,"strefa":"50-200 m","warstwa":"adresy"},"geometry":{"type":"Point","coordinates":[19.930801,49.896668]}},{"type":"Feature","properties":{"NUMER_PORZ":"785","KOD_POCZT":"32-445","NAZWA_GMI":"Myślenice","NAZWA_MSC":"Krzyszkowice","odleglosc_m":0.0,"strefa":"nad tunelem","warstwa":"adresy"},"geometry":{"type":"Point","coordinates":[19.927807,49.895625]}},{"type":"Feature","properties":{"NUMER_PORZ":"309","KOD_POCZT":"32-445","NAZWA_GMI":"Myślenice","NAZWA_MSC":"Krzyszkowice","odleglosc_m":61.2,"strefa":"50-200 m","warstwa":"adresy"},"geometry":{"type":"Point","coordinates":[19.92933,49.89631]}},{"type":"Feature","properties":{"NUMER_PORZ":"315","KOD_POCZT":"32-400","NAZWA_GMI":"Myślenice","NAZWA_MSC":"Polanka","odleglosc_m":184.1,"strefa":"50-200 m","warstwa":"adresy"},"geometry":{"type":"Point","coordinates":[19.92351,49.855676]}},{"type":"Feature","properties":{"NUMER_PORZ":"150","KOD_POCZT":"32-444","NAZWA_GMI":"Myślenice","NAZWA_MSC":"Głogoczów","odleglosc_m":193.2,"strefa":"50-200 m","warstwa":"adresy"},"geometry":{"type":"Point","coordinates":[19.892277,49.911409]}},{"type":"Feature","properties":{"NUMER_PORZ":"185","KOD_POCZT":"32-444","NAZWA_GMI":"Myślenice","NAZWA_MSC":"Głogoczów","odleglosc_m":155.8,"strefa":"50-200 m","warstwa":"adresy"},"geometry":{"type":"Point","coordinates":[19.884459,49.907244]}},{"type":"Feature","properties":{"NUMER_PORZ":"506","KOD_POCZT":"32-444","NAZWA_GMI":"Myślenice","NAZWA_MSC":"Głogoczów","odleglosc_m":138.5,"strefa":"50-200 m","warstwa":"adresy"},"geometry":{"type":"Point","coordinates":[19.877597,49.906672]}},{"type":"Feature","properties":{"NUMER_PORZ":"94","KOD_POCZT":"32-444","NAZWA_GMI":"Myślenice","NAZWA_MSC":"Głogoczów","odleglosc_m":183.9,"strefa":"50-200 m","warstwa":"adresy"},"geometry":{"type":"Point","coordinates":[19.867912,49.909279]}},{"type":"Feature","properties":{"NUMER_PORZ":"569","KOD_POCZT":"32-444","NAZWA_GMI":"Myślenice","NAZWA_MSC":"Głogoczów","odleglosc_m":137.4,"strefa":"50-200 m","warstwa":"adresy"},"geometry":{"type":"Point","coordinates":[19.866465,49.908627]}},{"type":"Feature","properties":{"NUMER_PORZ":"345","KOD_POCZT":"32-445","NAZWA_GMI":"Myślenice","NAZWA_MSC":"Krzyszkowice","odleglosc_m":118.1,"strefa":"50-200 m","warstwa":"adresy"},"geometry":{"type":"Point","coordinates":[19.925089,49.88532]}},{"type":"Feature","properties":{"NUMER_PORZ":"100","KOD_POCZT":"32-445","NAZWA_GMI":"Myślenice","NAZWA_MSC":"Krzyszkowice","odleglosc_m":117.9,"strefa":"50-200 m","warstwa":"adresy"},"geometry":{"type":"Point","coordinates":[19.926311,49.888362]}},{"type":"Feature","properties":{"NUMER_PORZ":"314","KOD_POCZT":"32-400","NAZWA_GMI":"Myślenice","NAZWA_MSC":"Polanka","odleglosc_m":118.6,"strefa":"50-200 m","warstwa":"adresy"},"geometry":{"type":"Point","coordinates":[19.924438,49.855678]}},{"type":"Feature","properties":{"NUMER_PORZ":"101A","KOD_POCZT":"32-445","NAZWA_GMI":"Myślenice","NAZWA_MSC":"Krzyszkowice","odleglosc_m":157.8,"strefa":"50-200 m","warstwa":"adresy"},"geometry":{"type":"Point","coordinates":[19.925636,49.887658]}},{"type":"Feature","properties":{"NUMER_PORZ":"789","KOD_POCZT":"32-445","NAZWA_GMI":"Myślenice","NAZWA_MSC":"Krzyszkowice","odleglosc_m":145.1,"strefa":"50-200 m","warstwa":"adresy"},"geometry":{"type":"Point","coordinates":[19.924105,49.868942]}},{"type":"Feature","properties":{"NUMER_PORZ":"346","KOD_POCZT":"32-445","NAZWA_GMI":"Myślenice","NAZWA_MSC":"Krzyszkowice","odleglosc_m":12.0,"strefa":"0-20 m","warstwa":"adresy"},"geometry":{"type":"Point","coordinates":[19.92752,49.89297]}},{"type":"Feature","properties":{"NUMER_PORZ":"544","KOD_POCZT":"32-444","NAZWA_GMI":"Myślenice","NAZWA_MSC":"Głogoczów","odleglosc_m":108.9,"strefa":"50-200 m","warstwa":"adresy"},"geometry":{"type":"Point","coordinates":[19.877186,49.906884]}},{"type":"Feature","properties":{"NUMER_PORZ":"834","KOD_POCZT":"32-444","NAZWA_GMI":"Myślenice","NAZWA_MSC":"Głogoczów","odleglosc_m":100.7,"strefa":"50-200 m","warstwa":"adresy"},"geometry":{"type":"Point","coordinates":[19.890668,49.908077]}},{"type":"Feature","properties":{"NUMER_PORZ":"427","KOD_POCZT":"32-445","NAZWA_GMI":"Myślenice","NAZWA_MSC":"Krzyszkowice","odleglosc_m":124.1,"strefa":"50-200 m","warstwa":"adresy"},"geometry":{"type":"Point","coordinates":[19.919371,49.870421]}},{"type":"Feature","properties":{"NUMER_PORZ":"242","KOD_POCZT":"32-445","NAZWA_GMI":"Myślenice","NAZWA_MSC":"Krzyszkowice","odleglosc_m":166.7,"strefa":"50-200 m","warstwa":"adresy"},"geometry":{"type":"Point","coordinates":[19.927489,49.881346]}},{"type":"Feature","properties":{"NUMER_PORZ":"51","KOD_POCZT":"32-445","NAZWA_GMI":"Myślenice","NAZWA_MSC":"Krzyszkowice","odleglosc_m":194.9,"strefa":"50-200 m","warstwa":"adresy"},"geometry":{"type":"Point","coordinates":[19.920589,49.879603]}},{"type":"Feature","properties":{"NUMER_PORZ":"418","KOD_POCZT":"32-445","NAZWA_GMI":"Myślenice","NAZWA_MSC":"Krzyszkowice","odleglosc_m":185.4,"strefa":"50-200 m","warstwa":"adresy"},"geometry":{"type":"Point","coordinates":[19.924381,49.885793]}},{"type":"Feature","properties":{"NUMER_PORZ":"1021","KOD_POCZT":"32-444","NAZWA_GMI":"Myślenice","NAZWA_MSC":"Głogoczów","odleglosc_m":48.1,"strefa":"30-50 m","warstwa":"adresy"},"geometry":{"type":"Point","coordinates":[19.876541,49.907358]}},{"type":"Feature","properties":{"NUMER_PORZ":"175","KOD_POCZT":"32-444","NAZWA_GMI":"Myślenice","NAZWA_MSC":"Głogoczów","odleglosc_m":0.0,"strefa":"nad tunelem","warstwa":"adresy"},"geometry":{"type":"Point","coordinates":[19.891188,49.909353]}},{"type":"Feature","properties":{"NUMER_PORZ":"291","KOD_POCZT":"32-444","NAZWA_GMI":"Myślenice","NAZWA_MSC":"Głogoczów","odleglosc_m":149.5,"strefa":"50-200 m","warstwa":"adresy"},"geometry":{"type":"Point","coordinates":[19.892039,49.907741]}},{"type":"Feature","properties":{"NUMER_PORZ":"157","KOD_POCZT":"32-444","NAZWA_GMI":"Myślenice","NAZWA_MSC":"Głogoczów","odleglosc_m":153.6,"strefa":"50-200 m","warstwa":"adresy"},"geometry":{"type":"Point","coordinates":[19.878072,49.910001]}},{"type":"Feature","properties":{"NUMER_PORZ":"928","KOD_POCZT":"32-444","NAZWA_GMI":"Myślenice","NAZWA_MSC":"Głogoczów","odleglosc_m":163.7,"strefa":"50-200 m","warstwa":"adresy"},"geometry":{"type":"Point","coordinates":[19.893375,49.907716]}},{"type":"Feature","properties":{"NUMER_PORZ":"611","KOD_POCZT":"32-445","NAZWA_GMI":"Myślenice","NAZWA_MSC":"Krzyszkowice","odleglosc_m":34.1,"strefa":"30-50 m","warstwa":"adresy"},"geometry":{"type":"Point","coordinates":[19.928932,49.895958]}},{"type":"Feature","properties":{"NUMER_PORZ":"103A","KOD_POCZT":"32-445","NAZWA_GMI":"Myślenice","NAZWA_MSC":"Krzyszkowice","odleglosc_m":48.8,"strefa":"30-50 m","warstwa":"adresy"},"geometry":{"type":"Point","coordinates":[19.925871,49.884899]}},{"type":"Feature","properties":{"NUMER_PORZ":"223","KOD_POCZT":"32-445","NAZWA_GMI":"Myślenice","NAZWA_MSC":"Krzyszkowice","odleglosc_m":106.2,"strefa":"50-200 m","warstwa":"adresy"},"geometry":{"type":"Point","coordinates":[19.929954,49.896263]}},{"type":"Feature","properties":{"NUMER_PORZ":"148","KOD_POCZT":"32-444","NAZWA_GMI":"Myślenice","NAZWA_MSC":"Głogoczów","odleglosc_m":1.5,"strefa":"0-20 m","warstwa":"adresy"},"geometry":{"type":"Point","coordinates":[19.884957,49.908969]}},{"type":"Feature","properties":{"NUMER_PORZ":"165","KOD_POCZT":"32-444","NAZWA_GMI":"Myślenice","NAZWA_MSC":"Głogoczów","odleglosc_m":15.2,"strefa":"0-20 m","warstwa":"adresy"},"geometry":{"type":"Point","coordinates":[19.871458,49.908189]}},{"type":"Feature","properties":{"NUMER_PORZ":"908","KOD_POCZT":"32-444","NAZWA_GMI":"Myślenice","NAZWA_MSC":"Głogoczów","odleglosc_m":0.0,"strefa":"w śladzie","warstwa":"adresy"},"geometry":{"type":"Point","coordinates":[19.876521,49.907854]}},{"type":"Feature","properties":{"NUMER_PORZ":"999","KOD_POCZT":"32-444","NAZWA_GMI":"Myślenice","NAZWA_MSC":"Głogoczów","odleglosc_m":136.5,"strefa":"50-200 m","warstwa":"adresy"},"geometry":{"type":"Point","coordinates":[19.892501,49.907895]}},{"type":"Feature","properties":{"NUMER_PORZ":"824","KOD_POCZT":"32-444","NAZWA_GMI":"Myślenice","NAZWA_MSC":"Głogoczów","odleglosc_m":140.3,"strefa":"50-200 m","warstwa":"adresy"},"geometry":{"type":"Point","coordinates":[19.893738,49.907957]}},{"type":"Feature","properties":{"NUMER_PORZ":"788","KOD_POCZT":"32-444","NAZWA_GMI":"Myślenice","NAZWA_MSC":"Głogoczów","odleglosc_m":2.3,"strefa":"0-20 m","warstwa":"adresy"},"geometry":{"type":"Point","coordinates":[19.891016,49.908995]}},{"type":"Feature","properties":{"NUMER_PORZ":"341","KOD_POCZT":"32-444","NAZWA_GMI":"Myślenice","NAZWA_MSC":"Głogoczów","odleglosc_m":99.3,"strefa":"50-200 m","warstwa":"adresy"},"geometry":{"type":"Point","coordinates":[19.867829,49.908511]}},{"type":"Feature","properties":{"NUMER_PORZ":"509","KOD_POCZT":"32-444","NAZWA_GMI":"Myślenice","NAZWA_MSC":"Głogoczów","odleglosc_m":137.3,"strefa":"50-200 m","warstwa":"adresy"},"geometry":{"type":"Point","coordinates":[19.877175,49.906621]}},{"type":"Feature","properties":{"NUMER_PORZ":"619","KOD_POCZT":"32-444","NAZWA_GMI":"Myślenice","NAZWA_MSC":"Głogoczów","odleglosc_m":169.3,"strefa":"50-200 m","warstwa":"adresy"},"geometry":{"type":"Point","coordinates":[19.872902,49.90622]}},{"type":"Feature","properties":{"NUMER_PORZ":"257","KOD_POCZT":"32-444","NAZWA_GMI":"Myślenice","NAZWA_MSC":"Głogoczów","odleglosc_m":70.1,"strefa":"50-200 m","warstwa":"adresy"},"geometry":{"type":"Point","coordinates":[19.867059,49.908148]}},{"type":"Feature","properties":{"NUMER_PORZ":"181","KOD_POCZT":"32-444","NAZWA_GMI":"Myślenice","NAZWA_MSC":"Głogoczów","odleglosc_m":97.8,"strefa":"50-200 m","warstwa":"adresy"},"geometry":{"type":"Point","coordinates":[19.867092,49.908421]}},{"type":"Feature","properties":{"NUMER_PORZ":"48A","KOD_POCZT":"32-445","NAZWA_GMI":"Myślenice","NAZWA_MSC":"Krzyszkowice","odleglosc_m":29.2,"strefa":"20-30 m","warstwa":"adresy"},"geometry":{"type":"Point","coordinates":[19.92151,49.877003]}},{"type":"Feature","properties":{"NUMER_PORZ":"496","KOD_POCZT":"32-444","NAZWA_GMI":"Myślenice","NAZWA_MSC":"Głogoczów","odleglosc_m":191.9,"strefa":"50-200 m","warstwa":"adresy"},"geometry":{"type":"Point","coordinates":[19.876878,49.906082]}},{"type":"Feature","properties":{"NUMER_PORZ":"657","KOD_POCZT":"32-444","NAZWA_GMI":"Myślenice","NAZWA_MSC":"Głogoczów","odleglosc_m":0.0,"strefa":"w śladzie","warstwa":"adresy"},"geometry":{"type":"Point","coordinates":[19.876987,49.907879]}},{"type":"Feature","properties":{"NUMER_PORZ":"597","KOD_POCZT":"32-444","NAZWA_GMI":"Myślenice","NAZWA_MSC":"Głogoczów","odleglosc_m":56.6,"strefa":"50-200 m","warstwa":"adresy"},"geometry":{"type":"Point","coordinates":[19.867771,49.906838]}},{"type":"Feature","properties":{"NUMER_PORZ":"150A","KOD_POCZT":"32-444","NAZWA_GMI":"Myślenice","NAZWA_MSC":"Głogoczów","odleglosc_m":166.0,"strefa":"50-200 m","warstwa":"adresy"},"geometry":{"type":"Point","coordinates":[19.891937,49.911136]}},{"type":"Feature","properties":{"NUMER_PORZ":"147","KOD_POCZT":"32-445","NAZWA_GMI":"Myślenice","NAZWA_MSC":"Krzyszkowice","odleglosc_m":186.4,"strefa":"50-200 m","warstwa":"adresy"},"geometry":{"type":"Point","coordinates":[19.925315,49.876565]}},{"type":"Feature","properties":{"NUMER_PORZ":"431","KOD_POCZT":"32-445","NAZWA_GMI":"Myślenice","NAZWA_MSC":"Krzyszkowice","odleglosc_m":96.8,"strefa":"50-200 m","warstwa":"adresy"},"geometry":{"type":"Point","coordinates":[19.926567,49.881549]}},{"type":"Feature","properties":{"NUMER_PORZ":"428","KOD_POCZT":"32-445","NAZWA_GMI":"Myślenice","NAZWA_MSC":"Krzyszkowice","odleglosc_m":86.3,"strefa":"50-200 m","warstwa":"adresy"},"geometry":{"type":"Point","coordinates":[19.926774,49.890374]}},{"type":"Feature","properties":{"NUMER_PORZ":"766","KOD_POCZT":"32-445","NAZWA_GMI":"Myślenice","NAZWA_MSC":"Krzyszkowice","odleglosc_m":3.4,"strefa":"0-20 m","warstwa":"adresy"},"geometry":{"type":"Point","coordinates":[19.927222,49.884351]}},{"type":"Feature","properties":{"NUMER_PORZ":"768","KOD_POCZT":"32-445","NAZWA_GMI":"Myślenice","NAZWA_MSC":"Krzyszkowice","odleglosc_m":118.0,"strefa":"50-200 m","warstwa":"adresy"},"geometry":{"type":"Point","coordinates":[19.9267,49.881167]}},{"type":"Feature","properties":{"NUMER_PORZ":"306","KOD_POCZT":"32-444","NAZWA_GMI":"Myślenice","NAZWA_MSC":"Głogoczów","odleglosc_m":87.3,"strefa":"50-200 m","warstwa":"adresy"},"geometry":{"type":"Point","coordinates":[19.874343,49.906908]}},{"type":"Feature","properties":{"NUMER_PORZ":"678","KOD_POCZT":"32-444","NAZWA_GMI":"Myślenice","NAZWA_MSC":"Głogoczów","odleglosc_m":18.7,"strefa":"0-20 m","warstwa":"adresy"},"geometry":{"type":"Point","coordinates":[19.874228,49.907527]}},{"type":"Feature","properties":{"NUMER_PORZ":"190","KOD_POCZT":"32-444","NAZWA_GMI":"Myślenice","NAZWA_MSC":"Głogoczów","odleglosc_m":62.3,"strefa":"50-200 m","warstwa":"adresy"},"geometry":{"type":"Point","coordinates":[19.89079,49.910107]}},{"type":"Feature","properties":{"NUMER_PORZ":"150B","KOD_POCZT":"32-444","NAZWA_GMI":"Myślenice","NAZWA_MSC":"Głogoczów","odleglosc_m":161.3,"strefa":"50-200 m","warstwa":"adresy"},"geometry":{"type":"Point","coordinates":[19.892417,49.911131]}},{"type":"Feature","properties":{"NUMER_PORZ":"303","KOD_POCZT":"32-445","NAZWA_GMI":"Myślenice","NAZWA_MSC":"Krzyszkowice","odleglosc_m":86.9,"strefa":"50-200 m","warstwa":"adresy"},"geometry":{"type":"Point","coordinates":[19.923904,49.876124]}},{"type":"Feature","properties":{"NUMER_PORZ":"98","KOD_POCZT":"32-445","NAZWA_GMI":"Myślenice","NAZWA_MSC":"Krzyszkowice","odleglosc_m":60.3,"strefa":"50-200 m","warstwa":"adresy"},"geometry":{"type":"Point","coordinates":[19.927211,49.888751]}},{"type":"Feature","properties":{"NUMER_PORZ":"771","KOD_POCZT":"32-445","NAZWA_GMI":"Myślenice","NAZWA_MSC":"Krzyszkowice","odleglosc_m":8.1,"strefa":"0-20 m","warstwa":"adresy"},"geometry":{"type":"Point","coordinates":[19.924173,49.881117]}},{"type":"Feature","properties":{"NUMER_PORZ":"218","KOD_POCZT":"32-445","NAZWA_GMI":"Myślenice","NAZWA_MSC":"Krzyszkowice","odleglosc_m":74.5,"strefa":"50-200 m","warstwa":"adresy"},"geometry":{"type":"Point","coordinates":[19.928056,49.883977]}},{"type":"Feature","properties":{"NUMER_PORZ":"130","KOD_POCZT":"32-445","NAZWA_GMI":"Myślenice","NAZWA_MSC":"Krzyszkowice","odleglosc_m":100.2,"strefa":"50-200 m","warstwa":"adresy"},"geometry":{"type":"Point","coordinates":[19.929984,49.888017]}},{"type":"Feature","properties":{"NUMER_PORZ":"328","KOD_POCZT":"32-444","NAZWA_GMI":"Myślenice","NAZWA_MSC":"Głogoczów","odleglosc_m":153.9,"strefa":"50-200 m","warstwa":"adresy"},"geometry":{"type":"Point","coordinates":[19.867886,49.909006]}},{"type":"Feature","properties":{"NUMER_PORZ":"301","KOD_POCZT":"32-444","NAZWA_GMI":"Myślenice","NAZWA_MSC":"Głogoczów","odleglosc_m":190.9,"strefa":"50-200 m","warstwa":"adresy"},"geometry":{"type":"Point","coordinates":[19.875613,49.910278]}},{"type":"Feature","properties":{"NUMER_PORZ":"248","KOD_POCZT":"32-444","NAZWA_GMI":"Myślenice","NAZWA_MSC":"Głogoczów","odleglosc_m":195.3,"strefa":"50-200 m","warstwa":"adresy"},"geometry":{"type":"Point","coordinates":[19.894378,49.907509]}},{"type":"Feature","properties":{"NUMER_PORZ":"768","KOD_POCZT":"32-444","NAZWA_GMI":"Myślenice","NAZWA_MSC":"Głogoczów","odleglosc_m":123.0,"strefa":"50-200 m","warstwa":"adresy"},"geometry":{"type":"Point","coordinates":[19.891858,49.907967]}},{"type":"Feature","properties":{"NUMER_PORZ":"153","KOD_POCZT":"32-445","NAZWA_GMI":"Myślenice","NAZWA_MSC":"Krzyszkowice","odleglosc_m":61.4,"strefa":"50-200 m","warstwa":"adresy"},"geometry":{"type":"Point","coordinates":[19.926753,49.89547]}},{"type":"Feature","properties":{"NUMER_PORZ":"524","KOD_POCZT":"32-444","NAZWA_GMI":"Myślenice","NAZWA_MSC":"Głogoczów","odleglosc_m":163.3,"strefa":"50-200 m","warstwa":"adresy"},"geometry":{"type":"Point","coordinates":[19.877526,49.906431]}},{"type":"Feature","properties":{"NUMER_PORZ":"437","KOD_POCZT":"32-444","NAZWA_GMI":"Myślenice","NAZWA_MSC":"Głogoczów","odleglosc_m":0.0,"strefa":"w śladzie","warstwa":"adresy"},"geometry":{"type":"Point","coordinates":[19.877414,49.908462]}},{"type":"Feature","properties":{"NUMER_PORZ":"161","KOD_POCZT":"32-444","NAZWA_GMI":"Myślenice","NAZWA_MSC":"Głogoczów","odleglosc_m":51.0,"strefa":"50-200 m","warstwa":"adresy"},"geometry":{"type":"Point","coordinates":[19.878107,49.909059]}},{"type":"Feature","properties":{"NUMER_PORZ":"246","KOD_POCZT":"32-444","NAZWA_GMI":"Myślenice","NAZWA_MSC":"Głogoczów","odleglosc_m":112.7,"strefa":"50-200 m","warstwa":"adresy"},"geometry":{"type":"Point","coordinates":[19.878585,49.909566]}},{"type":"Feature","properties":{"NUMER_PORZ":"872","KOD_POCZT":"32-444","NAZWA_GMI":"Myślenice","NAZWA_MSC":"Głogoczów","odleglosc_m":154.9,"strefa":"50-200 m","warstwa":"adresy"},"geometry":{"type":"Point","coordinates":[19.87887,49.909937]}},{"type":"Feature","properties":{"NUMER_PORZ":"216","KOD_POCZT":"32-444","NAZWA_GMI":"Myślenice","NAZWA_MSC":"Głogoczów","odleglosc_m":68.1,"strefa":"50-200 m","warstwa":"adresy"},"geometry":{"type":"Point","coordinates":[19.87236,49.908568]}},{"type":"Feature","properties":{"NUMER_PORZ":"301A","KOD_POCZT":"32-444","NAZWA_GMI":"Myślenice","NAZWA_MSC":"Głogoczów","odleglosc_m":173.3,"strefa":"50-200 m","warstwa":"adresy"},"geometry":{"type":"Point","coordinates":[19.875916,49.91017]}},{"type":"Feature","properties":{"NUMER_PORZ":"793","KOD_POCZT":"32-444","NAZWA_GMI":"Myślenice","NAZWA_MSC":"Głogoczów","odleglosc_m":94.9,"strefa":"50-200 m","warstwa":"adresy"},"geometry":{"type":"Point","coordinates":[19.892989,49.90831]}},{"type":"Feature","properties":{"NUMER_PORZ":"508","KOD_POCZT":"32-444","NAZWA_GMI":"Myślenice","NAZWA_MSC":"Głogoczów","odleglosc_m":31.0,"strefa":"30-50 m","warstwa":"adresy"},"geometry":{"type":"Point","coordinates":[19.877485,49.907654]}},{"type":"Feature","properties":{"NUMER_PORZ":"693A","KOD_POCZT":"32-445","NAZWA_GMI":"Myślenice","NAZWA_MSC":"Krzyszkowice","odleglosc_m":82.9,"strefa":"50-200 m","warstwa":"adresy"},"geometry":{"type":"Point","coordinates":[19.923187,49.869289]}},{"type":"Feature","properties":{"NUMER_PORZ":"550","KOD_POCZT":"32-444","NAZWA_GMI":"Myślenice","NAZWA_MSC":"Głogoczów","odleglosc_m":70.0,"strefa":"50-200 m","warstwa":"adresy"},"geometry":{"type":"Point","coordinates":[19.877537,49.9073]}},{"type":"Feature","properties":{"NUMER_PORZ":"1019","KOD_POCZT":"32-444","NAZWA_GMI":"Myślenice","NAZWA_MSC":"Głogoczów","odleglosc_m":148.8,"strefa":"50-200 m","warstwa":"adresy"},"geometry":{"type":"Point","coordinates":[19.892816,49.911049]}},{"type":"Feature","properties":{"NUMER_PORZ":"1054","KOD_POCZT":"32-444","NAZWA_GMI":"Myślenice","NAZWA_MSC":"Głogoczów","odleglosc_m":119.7,"strefa":"50-200 m","warstwa":"adresy"},"geometry":{"type":"Point","coordinates":[19.869133,49.906352]}},{"type":"Feature","properties":{"NUMER_PORZ":"791","KOD_POCZT":"32-444","NAZWA_GMI":"Myślenice","NAZWA_MSC":"Głogoczów","odleglosc_m":158.5,"strefa":"50-200 m","warstwa":"adresy"},"geometry":{"type":"Point","coordinates":[19.866121,49.908707]}},{"type":"Feature","properties":{"NUMER_PORZ":"149","KOD_POCZT":"32-444","NAZWA_GMI":"Myślenice","NAZWA_MSC":"Głogoczów","odleglosc_m":0.0,"strefa":"nad tunelem","warstwa":"adresy"},"geometry":{"type":"Point","coordinates":[19.89235,49.909599]}},{"type":"Feature","properties":{"NUMER_PORZ":"714","KOD_POCZT":"32-444","NAZWA_GMI":"Myślenice","NAZWA_MSC":"Głogoczów","odleglosc_m":195.3,"strefa":"50-200 m","warstwa":"adresy"},"geometry":{"type":"Point","coordinates":[19.877338,49.90611]}},{"type":"Feature","properties":{"NUMER_PORZ":"495","KOD_POCZT":"32-444","NAZWA_GMI":"Myślenice","NAZWA_MSC":"Głogoczów","odleglosc_m":165.3,"strefa":"50-200 m","warstwa":"adresy"},"geometry":{"type":"Point","coordinates":[19.867344,49.90907]}},{"type":"Feature","properties":{"NUMER_PORZ":"1019A","KOD_POCZT":"32-444","NAZWA_GMI":"Myślenice","NAZWA_MSC":"Głogoczów","odleglosc_m":85.5,"strefa":"50-200 m","warstwa":"adresy"},"geometry":{"type":"Point","coordinates":[19.891569,49.910378]}},{"type":"Feature","properties":{"NUMER_PORZ":"773","KOD_POCZT":"32-444","NAZWA_GMI":"Myślenice","NAZWA_MSC":"Głogoczów","odleglosc_m":31.3,"strefa":"30-50 m","warstwa":"adresy"},"geometry":{"type":"Point","coordinates":[19.890652,49.909815]}},{"type":"Feature","properties":{"NUMER_PORZ":"986","KOD_POCZT":"32-444","NAZWA_GMI":"Myślenice","NAZWA_MSC":"Głogoczów","odleglosc_m":77.1,"strefa":"50-200 m","warstwa":"adresy"},"geometry":{"type":"Point","coordinates":[19.867959,49.906664]}},{"type":"Feature","properties":{"NUMER_PORZ":"207","KOD_POCZT":"32-444","NAZWA_GMI":"Myślenice","NAZWA_MSC":"Głogoczów","odleglosc_m":0.0,"strefa":"w śladzie","warstwa":"adresy"},"geometry":{"type":"Point","coordinates":[19.877506,49.908619]}},{"type":"Feature","properties":{"NUMER_PORZ":"93","KOD_POCZT":"32-445","NAZWA_GMI":"Myślenice","NAZWA_MSC":"Krzyszkowice","odleglosc_m":44.8,"strefa":"30-50 m","warstwa":"adresy"},"geometry":{"type":"Point","coordinates":[19.927106,49.892317]}},{"type":"Feature","properties":{"NUMER_PORZ":"949","KOD_POCZT":"32-444","NAZWA_GMI":"Myślenice","NAZWA_MSC":"Głogoczów","odleglosc_m":0.0,"strefa":"nad tunelem","warstwa":"adresy"},"geometry":{"type":"Point","coordinates":[19.891625,49.909375]}},{"type":"Feature","properties":{"NUMER_PORZ":"945","KOD_POCZT":"32-444","NAZWA_GMI":"Myślenice","NAZWA_MSC":"Głogoczów","odleglosc_m":116.1,"strefa":"50-200 m","warstwa":"adresy"},"geometry":{"type":"Point","coordinates":[19.890915,49.910604]}},{"type":"Feature","properties":{"NUMER_PORZ":"730","KOD_POCZT":"32-445","NAZWA_GMI":"Myślenice","NAZWA_MSC":"Krzyszkowice","odleglosc_m":44.3,"strefa":"30-50 m","warstwa":"adresy"},"geometry":{"type":"Point","coordinates":[19.927046,49.893382]}},{"type":"Feature","properties":{"NUMER_PORZ":"249","KOD_POCZT":"32-444","NAZWA_GMI":"Myślenice","NAZWA_MSC":"Głogoczów","odleglosc_m":158.7,"strefa":"50-200 m","warstwa":"adresy"},"geometry":{"type":"Point","coordinates":[19.869168,49.906001]}},{"type":"Feature","properties":{"NUMER_PORZ":"174","KOD_POCZT":"32-445","NAZWA_GMI":"Myślenice","NAZWA_MSC":"Krzyszkowice","odleglosc_m":34.1,"strefa":"30-50 m","warstwa":"adresy"},"geometry":{"type":"Point","coordinates":[19.925389,49.883752]}},{"type":"Feature","properties":{"NUMER_PORZ":"323","KOD_POCZT":"32-400","NAZWA_GMI":"Myślenice","NAZWA_MSC":"Polanka","odleglosc_m":107.3,"strefa":"50-200 m","warstwa":"adresy"},"geometry":{"type":"Point","coordinates":[19.924469,49.85614]}},{"type":"Feature","properties":{"NUMER_PORZ":"1087","KOD_POCZT":"32-444","NAZWA_GMI":"Myślenice","NAZWA_MSC":"Głogoczów","odleglosc_m":190.6,"strefa":"50-200 m","warstwa":"adresy"},"geometry":{"type":"Point","coordinates":[19.891233,49.911303]}},{"type":"Feature","properties":{"NUMER_PORZ":"1087A","KOD_POCZT":"32-444","NAZWA_GMI":"Myślenice","NAZWA_MSC":"Głogoczów","odleglosc_m":189.2,"strefa":"50-200 m","warstwa":"adresy"},"geometry":{"type":"Point","coordinates":[19.891344,49.9113]}},{"type":"Feature","properties":{"NUMER_PORZ":"1087B","KOD_POCZT":"32-444","NAZWA_GMI":"Myślenice","NAZWA_MSC":"Głogoczów","odleglosc_m":187.3,"strefa":"50-200 m","warstwa":"adresy"},"geometry":{"type":"Point","coordinates":[19.891492,49.911294]}},{"type":"Feature","properties":{"NUMER_PORZ":"1087C","KOD_POCZT":"32-444","NAZWA_GMI":"Myślenice","NAZWA_MSC":"Głogoczów","odleglosc_m":183.7,"strefa":"50-200 m","warstwa":"adresy"},"geometry":{"type":"Point","coordinates":[19.891659,49.911274]}},{"type":"Feature","properties":{"NUMER_PORZ":"309","KOD_POCZT":"32-444","NAZWA_GMI":"Myślenice","NAZWA_MSC":"Głogoczów","odleglosc_m":35.5,"strefa":"30-50 m","warstwa":"adresy"},"geometry":{"type":"Point","coordinates":[19.868366,49.907073]}},{"type":"Feature","properties":{"NUMER_PORZ":"360","KOD_POCZT":"32-444","NAZWA_GMI":"Myślenice","NAZWA_MSC":"Głogoczów","odleglosc_m":72.8,"strefa":"50-200 m","warstwa":"adresy"},"geometry":{"type":"Point","coordinates":[19.869128,49.906774]}},{"type":"Feature","properties":{"NUMER_PORZ":"334","KOD_POCZT":"32-444","NAZWA_GMI":"Myślenice","NAZWA_MSC":"Głogoczów","odleglosc_m":129.4,"strefa":"50-200 m","warstwa":"adresy"},"geometry":{"type":"Point","coordinates":[19.868404,49.906224]}},{"type":"Feature","properties":{"NUMER_PORZ":"39","KOD_POCZT":"32-445","NAZWA_GMI":"Myślenice","NAZWA_MSC":"Krzyszkowice","odleglosc_m":49.2,"strefa":"30-50 m","warstwa":"adresy"},"geometry":{"type":"Point","coordinates":[19.928427,49.885291]}},{"type":"Feature","properties":{"NUMER_PORZ":"194","KOD_POCZT":"32-445","NAZWA_GMI":"Myślenice","NAZWA_MSC":"Krzyszkowice","odleglosc_m":71.3,"strefa":"50-200 m","warstwa":"adresy"},"geometry":{"type":"Point","coordinates":[19.92292,49.869773]}},{"type":"Feature","properties":{"NUMER_PORZ":"817","KOD_POCZT":"32-445","NAZWA_GMI":"Myślenice","NAZWA_MSC":"Krzyszkowice","odleglosc_m":124.2,"strefa":"50-200 m","warstwa":"adresy"},"geometry":{"type":"Point","coordinates":[19.921752,49.880135]}},{"type":"Feature","properties":{"NUMER_PORZ":"817B","KOD_POCZT":"32-445","NAZWA_GMI":"Myślenice","NAZWA_MSC":"Krzyszkowice","odleglosc_m":75.1,"strefa":"50-200 m","warstwa":"adresy"},"geometry":{"type":"Point","coordinates":[19.922376,49.879876]}},{"type":"Feature","properties":{"NUMER_PORZ":"817C","KOD_POCZT":"32-445","NAZWA_GMI":"Myślenice","NAZWA_MSC":"Krzyszkowice","odleglosc_m":50.0,"strefa":"30-50 m","warstwa":"adresy"},"geometry":{"type":"Point","coordinates":[19.922692,49.879759]}},{"type":"Feature","properties":{"NUMER_PORZ":"1114","KOD_POCZT":"32-444","NAZWA_GMI":"Myślenice","NAZWA_MSC":"Głogoczów","odleglosc_m":10.9,"strefa":"0-20 m","warstwa":"adresy"},"geometry":{"type":"Point","coordinates":[19.873731,49.907702]}},{"type":"Feature","properties":{"NUMER_PORZ":"825","KOD_POCZT":"32-445","NAZWA_GMI":"Myślenice","NAZWA_MSC":"Krzyszkowice","odleglosc_m":14.9,"strefa":"0-20 m","warstwa":"adresy"},"geometry":{"type":"Point","coordinates":[19.924133,49.879053]}},{"type":"Feature","properties":{"NUMER_PORZ":"101B","KOD_POCZT":"32-445","NAZWA_GMI":"Myślenice","NAZWA_MSC":"Krzyszkowice","odleglosc_m":136.8,"strefa":"50-200 m","warstwa":"adresy"},"geometry":{"type":"Point","coordinates":[19.925919,49.887598]}},{"type":"Feature","properties":{"NUMER_PORZ":"61","KOD_POCZT":"32-445","NAZWA_GMI":"Myślenice","NAZWA_MSC":"Krzyszkowice","odleglosc_m":6.5,"strefa":"0-20 m","warstwa":"adresy"},"geometry":{"type":"Point","coordinates":[19.926598,49.883499]}},{"type":"Feature","properties":{"NUMER_PORZ":"840","KOD_POCZT":"32-445","NAZWA_GMI":"Myślenice","NAZWA_MSC":"Krzyszkowice","odleglosc_m":132.6,"strefa":"50-200 m","warstwa":"adresy"},"geometry":{"type":"Point","coordinates":[19.920107,49.877232]}},{"type":"Feature","properties":{"NUMER_PORZ":"840A","KOD_POCZT":"32-445","NAZWA_GMI":"Myślenice","NAZWA_MSC":"Krzyszkowice","odleglosc_m":139.2,"strefa":"50-200 m","warstwa":"adresy"},"geometry":{"type":"Point","coordinates":[19.9199,49.877074]}},{"type":"Feature","properties":{"NUMER_PORZ":"840B","KOD_POCZT":"32-445","NAZWA_GMI":"Myślenice","NAZWA_MSC":"Krzyszkowice","odleglosc_m":132.1,"strefa":"50-200 m","warstwa":"adresy"},"geometry":{"type":"Point","coordinates":[19.919989,49.877045]}},{"type":"Feature","properties":{"NUMER_PORZ":"1172","KOD_POCZT":"32-431","NAZWA_GMI":"Pcim","NAZWA_MSC":"Stróża","odleglosc_m":144.1,"strefa":"50-200 m","warstwa":"adresy"},"geometry":{"type":"Point","coordinates":[19.920909,49.808662]}},{"type":"Feature","properties":{"NUMER_PORZ":"844","KOD_POCZT":"32-431","NAZWA_GMI":"Pcim","NAZWA_MSC":"Stróża","odleglosc_m":90.3,"strefa":"50-200 m","warstwa":"adresy"},"geometry":{"type":"Point","coordinates":[19.92243,49.808551]}},{"type":"Feature","properties":{"NUMER_PORZ":"812","KOD_POCZT":"32-431","NAZWA_GMI":"Pcim","NAZWA_MSC":"Stróża","odleglosc_m":114.3,"strefa":"50-200 m","warstwa":"adresy"},"geometry":{"type":"Point","coordinates":[19.92202,49.808401]}},{"type":"Feature","properties":{"NUMER_PORZ":"745","KOD_POCZT":"32-431","NAZWA_GMI":"Pcim","NAZWA_MSC":"Stróża","odleglosc_m":80.8,"strefa":"50-200 m","warstwa":"adresy"},"geometry":{"type":"Point","coordinates":[19.921577,49.809049]}},{"type":"Feature","properties":{"NUMER_PORZ":"634","KOD_POCZT":"32-431","NAZWA_GMI":"Pcim","NAZWA_MSC":"Stróża","odleglosc_m":137.0,"strefa":"50-200 m","warstwa":"adresy"},"geometry":{"type":"Point","coordinates":[19.921488,49.808361]}},{"type":"Feature","properties":{"NUMER_PORZ":"1073","KOD_POCZT":"32-431","NAZWA_GMI":"Pcim","NAZWA_MSC":"Stróża","odleglosc_m":189.8,"strefa":"50-200 m","warstwa":"adresy"},"geometry":{"type":"Point","coordinates":[19.920726,49.80816]}},{"type":"Feature","properties":{"NUMER_PORZ":"428","KOD_POCZT":"32-431","NAZWA_GMI":"Pcim","NAZWA_MSC":"Stróża","odleglosc_m":166.8,"strefa":"50-200 m","warstwa":"adresy"},"geometry":{"type":"Point","coordinates":[19.922452,49.807858]}},{"type":"Feature","properties":{"NUMER_PORZ":"958","KOD_POCZT":"32-431","NAZWA_GMI":"Pcim","NAZWA_MSC":"Stróża","odleglosc_m":142.0,"strefa":"50-200 m","warstwa":"adresy"},"geometry":{"type":"Point","coordinates":[19.92109,49.808536]}},{"type":"Feature","properties":{"NUMER_PORZ":"1117","KOD_POCZT":"32-431","NAZWA_GMI":"Pcim","NAZWA_MSC":"Stróża","odleglosc_m":169.1,"strefa":"50-200 m","warstwa":"adresy"},"geometry":{"type":"Point","coordinates":[19.922244,49.807852]}},{"type":"Feature","properties":{"NUMER_PORZ":"817D","KOD_POCZT":"32-445","NAZWA_GMI":"Myślenice","NAZWA_MSC":"Krzyszkowice","odleglosc_m":70.4,"strefa":"50-200 m","warstwa":"adresy"},"geometry":{"type":"Point","coordinates":[19.922349,49.879603]}},{"type":"Feature","properties":{"NUMER_PORZ":"1132","KOD_POCZT":"32-444","NAZWA_GMI":"Myślenice","NAZWA_MSC":"Głogoczów","odleglosc_m":0.0,"strefa":"nad tunelem","warstwa":"adresy"},"geometry":{"type":"Point","coordinates":[19.889942,49.909366]}},{"type":"Feature","properties":{"NUMER_PORZ":"692","KOD_POCZT":"32-445","NAZWA_GMI":"Myślenice","NAZWA_MSC":"Krzyszkowice","odleglosc_m":157.9,"strefa":"50-200 m","warstwa":"adresy"},"geometry":{"type":"Point","coordinates":[19.918924,49.869996]}},{"type":"Feature","properties":{"NUMER_PORZ":"693","KOD_POCZT":"32-445","NAZWA_GMI":"Myślenice","NAZWA_MSC":"Krzyszkowice","odleglosc_m":118.6,"strefa":"50-200 m","warstwa":"adresy"},"geometry":{"type":"Point","coordinates":[19.923709,49.869183]}},{"type":"Feature","properties":{"NUMER_PORZ":"751","KOD_POCZT":"32-445","NAZWA_GMI":"Myślenice","NAZWA_MSC":"Krzyszkowice","odleglosc_m":1.8,"strefa":"0-20 m","warstwa":"adresy"},"geometry":{"type":"Point","coordinates":[19.921114,49.874967]}},{"type":"Feature","properties":{"NUMER_PORZ":"752","KOD_POCZT":"32-445","NAZWA_GMI":"Myślenice","NAZWA_MSC":"Krzyszkowice","odleglosc_m":39.5,"strefa":"30-50 m","warstwa":"adresy"},"geometry":{"type":"Point","coordinates":[19.920591,49.875158]}},{"type":"Feature","properties":{"NUMER_PORZ":"817A","KOD_POCZT":"32-445","NAZWA_GMI":"Myślenice","NAZWA_MSC":"Krzyszkowice","odleglosc_m":97.3,"strefa":"50-200 m","warstwa":"adresy"},"geometry":{"type":"Point","coordinates":[19.922097,49.880008]}},{"type":"Feature","properties":{"NUMER_PORZ":"1087F","KOD_POCZT":"32-444","NAZWA_GMI":"Myślenice","NAZWA_MSC":"Głogoczów","odleglosc_m":110.4,"strefa":"50-200 m","warstwa":"adresy"},"geometry":{"type":"Point","coordinates":[19.891388,49.910589]}},{"type":"Feature","properties":{"NUMER_PORZ":"844D","KOD_POCZT":"32-445","NAZWA_GMI":"Myślenice","NAZWA_MSC":"Krzyszkowice","odleglosc_m":0.0,"strefa":"w śladzie","warstwa":"adresy"},"geometry":{"type":"Point","coordinates":[19.924817,49.881243]}},{"type":"Feature","properties":{"NUMER_PORZ":"844","KOD_POCZT":"32-445","NAZWA_GMI":"Myślenice","NAZWA_MSC":"Krzyszkowice","odleglosc_m":0.0,"strefa":"w śladzie","warstwa":"adresy"},"geometry":{"type":"Point","coordinates":[19.925031,49.881639]}},{"type":"Feature","properties":{"NUMER_PORZ":"844B","KOD_POCZT":"32-445","NAZWA_GMI":"Myślenice","NAZWA_MSC":"Krzyszkowice","odleglosc_m":0.0,"strefa":"w śladzie","warstwa":"adresy"},"geometry":{"type":"Point","coordinates":[19.924972,49.881511]}},{"type":"Feature","properties":{"NUMER_PORZ":"844C","KOD_POCZT":"32-445","NAZWA_GMI":"Myślenice","NAZWA_MSC":"Krzyszkowice","odleglosc_m":0.0,"strefa":"w śladzie","warstwa":"adresy"},"geometry":{"type":"Point","coordinates":[19.924908,49.88144]}},{"type":"Feature","properties":{"NUMER_PORZ":"1114A","KOD_POCZT":"32-444","NAZWA_GMI":"Myślenice","NAZWA_MSC":"Głogoczów","odleglosc_m":33.0,"strefa":"30-50 m","warstwa":"adresy"},"geometry":{"type":"Point","coordinates":[19.87326,49.907483]}},{"type":"Feature","properties":{"NUMER_PORZ":"817F","KOD_POCZT":"32-445","NAZWA_GMI":"Myślenice","NAZWA_MSC":"Krzyszkowice","odleglosc_m":106.2,"strefa":"50-200 m","warstwa":"adresy"},"geometry":{"type":"Point","coordinates":[19.921908,49.87979]}},{"type":"Feature","properties":{"NUMER_PORZ":"1141","KOD_POCZT":"32-444","NAZWA_GMI":"Myślenice","NAZWA_MSC":"Głogoczów","odleglosc_m":0.0,"strefa":"nad tunelem","warstwa":"adresy"},"geometry":{"type":"Point","coordinates":[19.892002,49.909115]}},{"type":"Feature","properties":{"NUMER_PORZ":"163","KOD_POCZT":"30-698","NAZWA_GMI":"Wieliczka","NAZWA_MSC":"Golkowice","odleglosc_m":121.2,"strefa":"50-200 m","warstwa":"adresy"},"geometry":{"type":"Point","coordinates":[19.995521,49.97363]}},{"type":"Feature","properties":{"NUMER_PORZ":"235","KOD_POCZT":"30-698","NAZWA_GMI":"Wieliczka","NAZWA_MSC":"Golkowice","odleglosc_m":13.6,"strefa":"0-20 m","warstwa":"adresy"},"geometry":{"type":"Point","coordinates":[19.987383,49.961091]}},{"type":"Feature","properties":{"NUMER_PORZ":"57","KOD_POCZT":"32-020","NAZWA_GMI":"Wieliczka","NAZWA_MSC":"Podstolice","odleglosc_m":196.7,"strefa":"50-200 m","warstwa":"adresy"},"geometry":{"type":"Point","coordinates":[19.984541,49.952182]}},{"type":"Feature","properties":{"NUMER_PORZ":"279","KOD_POCZT":"32-020","NAZWA_GMI":"Wieliczka","NAZWA_MSC":"Podstolice","odleglosc_m":168.1,"strefa":"50-200 m","warstwa":"adresy"},"geometry":{"type":"Point","coordinates":[19.984018,49.952118]}},{"type":"Feature","properties":{"NUMER_PORZ":"361","KOD_POCZT":"32-020","NAZWA_GMI":"Wieliczka","NAZWA_MSC":"Podstolice","odleglosc_m":79.8,"strefa":"50-200 m","warstwa":"adresy"},"geometry":{"type":"Point","coordinates":[19.983906,49.957557]}},{"type":"Feature","properties":{"NUMER_PORZ":"266","KOD_POCZT":"32-020","NAZWA_GMI":"Wieliczka","NAZWA_MSC":"Podstolice","odleglosc_m":183.8,"strefa":"50-200 m","warstwa":"adresy"},"geometry":{"type":"Point","coordinates":[19.984082,49.95997]}},{"type":"Feature","properties":{"NUMER_PORZ":"480","KOD_POCZT":"30-698","NAZWA_GMI":"Wieliczka","NAZWA_MSC":"Golkowice","odleglosc_m":5.0,"strefa":"0-20 m","warstwa":"adresy"},"geometry":{"type":"Point","coordinates":[19.987748,49.961494]}},{"type":"Feature","properties":{"NUMER_PORZ":"283","KOD_POCZT":"30-698","NAZWA_GMI":"Wieliczka","NAZWA_MSC":"Golkowice","odleglosc_m":44.4,"strefa":"30-50 m","warstwa":"adresy"},"geometry":{"type":"Point","coordinates":[19.991769,49.972143]}},{"type":"Feature","properties":{"NUMER_PORZ":"37","KOD_POCZT":"32-020","NAZWA_GMI":"Wieliczka","NAZWA_MSC":"Podstolice","odleglosc_m":172.4,"strefa":"50-200 m","warstwa":"adresy"},"geometry":{"type":"Point","coordinates":[19.983854,49.95191]}},{"type":"Feature","properties":{"NUMER_PORZ":"91","KOD_POCZT":"32-020","NAZWA_GMI":"Wieliczka","NAZWA_MSC":"Podstolice","odleglosc_m":73.7,"strefa":"50-200 m","warstwa":"adresy"},"geometry":{"type":"Point","coordinates":[19.984637,49.958364]}},{"type":"Feature","properties":{"NUMER_PORZ":"49","KOD_POCZT":"30-698","NAZWA_GMI":"Wieliczka","NAZWA_MSC":"Golkowice","odleglosc_m":174.2,"strefa":"50-200 m","warstwa":"adresy"},"geometry":{"type":"Point","coordinates":[19.992818,49.965034]}},{"type":"Feature","properties":{"NUMER_PORZ":"291","KOD_POCZT":"30-698","NAZWA_GMI":"Wieliczka","NAZWA_MSC":"Golkowice","odleglosc_m":128.0,"strefa":"50-200 m","warstwa":"adresy"},"geometry":{"type":"Point","coordinates":[19.990586,49.972701]}},{"type":"Feature","properties":{"NUMER_PORZ":"312","KOD_POCZT":"30-698","NAZWA_GMI":"Wieliczka","NAZWA_MSC":"Golkowice","odleglosc_m":0.0,"strefa":"nad tunelem","warstwa":"adresy"},"geometry":{"type":"Point","coordinates":[19.988221,49.961868]}},{"type":"Feature","properties":{"NUMER_PORZ":"299","KOD_POCZT":"32-020","NAZWA_GMI":"Wieliczka","NAZWA_MSC":"Podstolice","odleglosc_m":80.1,"strefa":"50-200 m","warstwa":"adresy"},"geometry":{"type":"Point","coordinates":[19.981919,49.951526]}},{"type":"Feature","properties":{"NUMER_PORZ":"116B","KOD_POCZT":"30-698","NAZWA_GMI":"Wieliczka","NAZWA_MSC":"Golkowice","odleglosc_m":0.0,"strefa":"w śladzie","warstwa":"adresy"},"geometry":{"type":"Point","coordinates":[19.988517,49.962633]}},{"type":"Feature","properties":{"NUMER_PORZ":"55","KOD_POCZT":"30-698","NAZWA_GMI":"Wieliczka","NAZWA_MSC":"Golkowice","odleglosc_m":0.0,"strefa":"w śladzie","warstwa":"adresy"},"geometry":{"type":"Point","coordinates":[19.992508,49.972607]}},{"type":"Feature","properties":{"NUMER_PORZ":"44","KOD_POCZT":"30-698","NAZWA_GMI":"Wieliczka","NAZWA_MSC":"Golkowice","odleglosc_m":60.7,"strefa":"50-200 m","warstwa":"adresy"},"geometry":{"type":"Point","coordinates":[19.98804,49.963247]}},{"type":"Feature","properties":{"NUMER_PORZ":"272","KOD_POCZT":"32-020","NAZWA_GMI":"Wieliczka","NAZWA_MSC":"Podstolice","odleglosc_m":60.5,"strefa":"50-200 m","warstwa":"adresy"},"geometry":{"type":"Point","coordinates":[19.983097,49.953077]}},{"type":"Feature","properties":{"NUMER_PORZ":"162","KOD_POCZT":"30-698","NAZWA_GMI":"Wieliczka","NAZWA_MSC":"Golkowice","odleglosc_m":93.5,"strefa":"50-200 m","warstwa":"adresy"},"geometry":{"type":"Point","coordinates":[19.995105,49.97344]}},{"type":"Feature","properties":{"NUMER_PORZ":"540","KOD_POCZT":"30-698","NAZWA_GMI":"Wieliczka","NAZWA_MSC":"Golkowice","odleglosc_m":173.4,"strefa":"50-200 m","warstwa":"adresy"},"geometry":{"type":"Point","coordinates":[19.9854,49.961772]}},{"type":"Feature","properties":{"NUMER_PORZ":"219","KOD_POCZT":"30-698","NAZWA_GMI":"Wieliczka","NAZWA_MSC":"Golkowice","odleglosc_m":155.0,"strefa":"50-200 m","warstwa":"adresy"},"geometry":{"type":"Point","coordinates":[19.99246,49.964842]}},{"type":"Feature","properties":{"NUMER_PORZ":"132","KOD_POCZT":"30-698","NAZWA_GMI":"Wieliczka","NAZWA_MSC":"Golkowice","odleglosc_m":24.4,"strefa":"20-30 m","warstwa":"adresy"},"geometry":{"type":"Point","coordinates":[19.992165,49.973153]}},{"type":"Feature","properties":{"NUMER_PORZ":"135","KOD_POCZT":"30-698","NAZWA_GMI":"Wieliczka","NAZWA_MSC":"Golkowice","odleglosc_m":6.4,"strefa":"0-20 m","warstwa":"adresy"},"geometry":{"type":"Point","coordinates":[19.993864,49.973447]}},{"type":"Feature","properties":{"NUMER_PORZ":"369","KOD_POCZT":"30-698","NAZWA_GMI":"Wieliczka","NAZWA_MSC":"Golkowice","odleglosc_m":198.9,"strefa":"50-200 m","warstwa":"adresy"},"geometry":{"type":"Point","coordinates":[19.986994,49.967021]}},{"type":"Feature","properties":{"NUMER_PORZ":"387","KOD_POCZT":"30-698","NAZWA_GMI":"Wieliczka","NAZWA_MSC":"Golkowice","odleglosc_m":52.5,"strefa":"50-200 m","warstwa":"adresy"},"geometry":{"type":"Point","coordinates":[19.991718,49.972988]}},{"type":"Feature","properties":{"NUMER_PORZ":"176","KOD_POCZT":"30-698","NAZWA_GMI":"Wieliczka","NAZWA_MSC":"Golkowice","odleglosc_m":110.1,"strefa":"50-200 m","warstwa":"adresy"},"geometry":{"type":"Point","coordinates":[19.988256,49.967062]}},{"type":"Feature","properties":{"NUMER_PORZ":"116A","KOD_POCZT":"30-698","NAZWA_GMI":"Wieliczka","NAZWA_MSC":"Golkowice","odleglosc_m":8.6,"strefa":"0-20 m","warstwa":"adresy"},"geometry":{"type":"Point","coordinates":[19.98838,49.96264]}},{"type":"Feature","properties":{"NUMER_PORZ":"360","KOD_POCZT":"32-020","NAZWA_GMI":"Wieliczka","NAZWA_MSC":"Podstolice","odleglosc_m":99.2,"strefa":"50-200 m","warstwa":"adresy"},"geometry":{"type":"Point","coordinates":[19.983607,49.957563]}},{"type":"Feature","properties":{"NUMER_PORZ":"56","KOD_POCZT":"30-698","NAZWA_GMI":"Wieliczka","NAZWA_MSC":"Golkowice","odleglosc_m":76.7,"strefa":"50-200 m","warstwa":"adresy"},"geometry":{"type":"Point","coordinates":[19.991318,49.97278]}},{"type":"Feature","properties":{"NUMER_PORZ":"466","KOD_POCZT":"30-698","NAZWA_GMI":"Wieliczka","NAZWA_MSC":"Golkowice","odleglosc_m":7.0,"strefa":"0-20 m","warstwa":"adresy"},"geometry":{"type":"Point","coordinates":[19.988962,49.96173]}},{"type":"Feature","properties":{"NUMER_PORZ":"679","KOD_POCZT":"30-698","NAZWA_GMI":"Wieliczka","NAZWA_MSC":"Golkowice","odleglosc_m":182.0,"strefa":"50-200 m","warstwa":"adresy"},"geometry":{"type":"Point","coordinates":[19.984474,49.960501]}},{"type":"Feature","properties":{"NUMER_PORZ":"288","KOD_POCZT":"30-698","NAZWA_GMI":"Wieliczka","NAZWA_MSC":"Golkowice","odleglosc_m":0.0,"strefa":"w śladzie","warstwa":"adresy"},"geometry":{"type":"Point","coordinates":[19.993195,49.973271]}},{"type":"Feature","properties":{"NUMER_PORZ":"462","KOD_POCZT":"30-698","NAZWA_GMI":"Wieliczka","NAZWA_MSC":"Golkowice","odleglosc_m":193.9,"strefa":"50-200 m","warstwa":"adresy"},"geometry":{"type":"Point","coordinates":[19.986845,49.965046]}},{"type":"Feature","properties":{"NUMER_PORZ":"248","KOD_POCZT":"32-020","NAZWA_GMI":"Wieliczka","NAZWA_MSC":"Podstolice","odleglosc_m":55.2,"strefa":"50-200 m","warstwa":"adresy"},"geometry":{"type":"Point","coordinates":[19.981832,49.951848]}},{"type":"Feature","properties":{"NUMER_PORZ":"58","KOD_POCZT":"30-698","NAZWA_GMI":"Wieliczka","NAZWA_MSC":"Golkowice","odleglosc_m":182.8,"strefa":"50-200 m","warstwa":"adresy"},"geometry":{"type":"Point","coordinates":[19.989834,49.972809]}},{"type":"Feature","properties":{"NUMER_PORZ":"285","KOD_POCZT":"30-698","NAZWA_GMI":"Wieliczka","NAZWA_MSC":"Golkowice","odleglosc_m":15.8,"strefa":"0-20 m","warstwa":"adresy"},"geometry":{"type":"Point","coordinates":[19.992206,49.972871]}},{"type":"Feature","properties":{"NUMER_PORZ":"289","KOD_POCZT":"30-698","NAZWA_GMI":"Wieliczka","NAZWA_MSC":"Golkowice","odleglosc_m":42.5,"strefa":"30-50 m","warstwa":"adresy"},"geometry":{"type":"Point","coordinates":[19.99178,49.972191]}},{"type":"Feature","properties":{"NUMER_PORZ":"59","KOD_POCZT":"30-698","NAZWA_GMI":"Wieliczka","NAZWA_MSC":"Golkowice","odleglosc_m":145.3,"strefa":"50-200 m","warstwa":"adresy"},"geometry":{"type":"Point","coordinates":[19.990333,49.972626]}},{"type":"Feature","properties":{"NUMER_PORZ":"206","KOD_POCZT":"30-698","NAZWA_GMI":"Wieliczka","NAZWA_MSC":"Golkowice","odleglosc_m":46.0,"strefa":"30-50 m","warstwa":"adresy"},"geometry":{"type":"Point","coordinates":[19.991748,49.972759]}},{"type":"Feature","properties":{"NUMER_PORZ":"113","KOD_POCZT":"30-698","NAZWA_GMI":"Wieliczka","NAZWA_MSC":"Golkowice","odleglosc_m":164.1,"strefa":"50-200 m","warstwa":"adresy"},"geometry":{"type":"Point","coordinates":[19.990089,49.972759]}},{"type":"Feature","properties":{"NUMER_PORZ":"608","KOD_POCZT":"30-698","NAZWA_GMI":"Wieliczka","NAZWA_MSC":"Golkowice","odleglosc_m":157.4,"strefa":"50-200 m","warstwa":"adresy"},"geometry":{"type":"Point","coordinates":[19.991836,49.963053]}},{"type":"Feature","properties":{"NUMER_PORZ":"82","KOD_POCZT":"30-698","NAZWA_GMI":"Wieliczka","NAZWA_MSC":"Golkowice","odleglosc_m":119.2,"strefa":"50-200 m","warstwa":"adresy"},"geometry":{"type":"Point","coordinates":[19.992847,49.967096]}},{"type":"Feature","properties":{"NUMER_PORZ":"90","KOD_POCZT":"30-698","NAZWA_GMI":"Wieliczka","NAZWA_MSC":"Golkowice","odleglosc_m":72.8,"strefa":"50-200 m","warstwa":"adresy"},"geometry":{"type":"Point","coordinates":[19.990109,49.96201]}},{"type":"Feature","properties":{"NUMER_PORZ":"559","KOD_POCZT":"30-698","NAZWA_GMI":"Wieliczka","NAZWA_MSC":"Golkowice","odleglosc_m":15.9,"strefa":"0-20 m","warstwa":"adresy"},"geometry":{"type":"Point","coordinates":[19.989562,49.962749]}},{"type":"Feature","properties":{"NUMER_PORZ":"655","KOD_POCZT":"30-698","NAZWA_GMI":"Wieliczka","NAZWA_MSC":"Golkowice","odleglosc_m":21.8,"strefa":"20-30 m","warstwa":"adresy"},"geometry":{"type":"Point","coordinates":[19.989685,49.967036]}},{"type":"Feature","properties":{"NUMER_PORZ":"544","KOD_POCZT":"30-698","NAZWA_GMI":"Wieliczka","NAZWA_MSC":"Golkowice","odleglosc_m":149.1,"strefa":"50-200 m","warstwa":"adresy"},"geometry":{"type":"Point","coordinates":[19.985852,49.961925]}},{"type":"Feature","properties":{"NUMER_PORZ":"130","KOD_POCZT":"32-020","NAZWA_GMI":"Wieliczka","NAZWA_MSC":"Podstolice","odleglosc_m":163.6,"strefa":"50-200 m","warstwa":"adresy"},"geometry":{"type":"Point","coordinates":[19.98346,49.951667]}},{"type":"Feature","properties":{"NUMER_PORZ":"57A","KOD_POCZT":"32-020","NAZWA_GMI":"Wieliczka","NAZWA_MSC":"Grabówki","odleglosc_m":195.6,"strefa":"50-200 m","warstwa":"adresy"},"geometry":{"type":"Point","coordinates":[19.994219,49.967845]}},{"type":"Feature","properties":{"NUMER_PORZ":"421","KOD_POCZT":"30-698","NAZWA_GMI":"Wieliczka","NAZWA_MSC":"Golkowice","odleglosc_m":190.7,"strefa":"50-200 m","warstwa":"adresy"},"geometry":{"type":"Point","coordinates":[19.993112,49.965168]}},{"type":"Feature","properties":{"NUMER_PORZ":"626","KOD_POCZT":"30-698","NAZWA_GMI":"Wieliczka","NAZWA_MSC":"Golkowice","odleglosc_m":32.2,"strefa":"30-50 m","warstwa":"adresy"},"geometry":{"type":"Point","coordinates":[19.994222,49.973414]}},{"type":"Feature","properties":{"NUMER_PORZ":"367","KOD_POCZT":"32-020","NAZWA_GMI":"Wieliczka","NAZWA_MSC":"Podstolice","odleglosc_m":49.5,"strefa":"30-50 m","warstwa":"adresy"},"geometry":{"type":"Point","coordinates":[19.984774,49.958058]}},{"type":"Feature","properties":{"NUMER_PORZ":"541","KOD_POCZT":"30-698","NAZWA_GMI":"Wieliczka","NAZWA_MSC":"Golkowice","odleglosc_m":158.2,"strefa":"50-200 m","warstwa":"adresy"},"geometry":{"type":"Point","coordinates":[19.985605,49.961735]}},{"type":"Feature","properties":{"NUMER_PORZ":"376","KOD_POCZT":"30-698","NAZWA_GMI":"Wieliczka","NAZWA_MSC":"Golkowice","odleglosc_m":46.6,"strefa":"30-50 m","warstwa":"adresy"},"geometry":{"type":"Point","coordinates":[19.989536,49.961702]}},{"type":"Feature","properties":{"NUMER_PORZ":"558","KOD_POCZT":"30-698","NAZWA_GMI":"Wieliczka","NAZWA_MSC":"Golkowice","odleglosc_m":0.0,"strefa":"w śladzie","warstwa":"adresy"},"geometry":{"type":"Point","coordinates":[19.989068,49.962667]}},{"type":"Feature","properties":{"NUMER_PORZ":"320","KOD_POCZT":"32-020","NAZWA_GMI":"Wieliczka","NAZWA_MSC":"Podstolice","odleglosc_m":30.2,"strefa":"30-50 m","warstwa":"adresy"},"geometry":{"type":"Point","coordinates":[19.981742,49.952167]}},{"type":"Feature","properties":{"NUMER_PORZ":"276","KOD_POCZT":"32-020","NAZWA_GMI":"Wieliczka","NAZWA_MSC":"Podstolice","odleglosc_m":163.2,"strefa":"50-200 m","warstwa":"adresy"},"geometry":{"type":"Point","coordinates":[19.984395,49.959967]}},{"type":"Feature","properties":{"NUMER_PORZ":"78","KOD_POCZT":"32-020","NAZWA_GMI":"Wieliczka","NAZWA_MSC":"Grabówki","odleglosc_m":117.6,"strefa":"50-200 m","warstwa":"adresy"},"geometry":{"type":"Point","coordinates":[19.992909,49.967324]}},{"type":"Feature","properties":{"NUMER_PORZ":"282","KOD_POCZT":"32-020","NAZWA_GMI":"Wieliczka","NAZWA_MSC":"Podstolice","odleglosc_m":68.4,"strefa":"50-200 m","warstwa":"adresy"},"geometry":{"type":"Point","coordinates":[19.982836,49.952595]}},{"type":"Feature","properties":{"NUMER_PORZ":"337","KOD_POCZT":"32-020","NAZWA_GMI":"Wieliczka","NAZWA_MSC":"Podstolice","odleglosc_m":119.3,"strefa":"50-200 m","warstwa":"adresy"},"geometry":{"type":"Point","coordinates":[19.983655,49.958023]}},{"type":"Feature","properties":{"NUMER_PORZ":"284A","KOD_POCZT":"30-698","NAZWA_GMI":"Wieliczka","NAZWA_MSC":"Golkowice","odleglosc_m":17.2,"strefa":"0-20 m","warstwa":"adresy"},"geometry":{"type":"Point","coordinates":[19.987555,49.961476]}},{"type":"Feature","properties":{"NUMER_PORZ":"284B","KOD_POCZT":"30-698","NAZWA_GMI":"Wieliczka","NAZWA_MSC":"Golkowice","odleglosc_m":21.9,"strefa":"20-30 m","warstwa":"adresy"},"geometry":{"type":"Point","coordinates":[19.987492,49.961487]}},{"type":"Feature","properties":{"NUMER_PORZ":"279","KOD_POCZT":"30-698","NAZWA_GMI":"Wieliczka","NAZWA_MSC":"Golkowice","odleglosc_m":0.8,"strefa":"0-20 m","warstwa":"adresy"},"geometry":{"type":"Point","coordinates":[19.992395,49.972785]}},{"type":"Feature","properties":{"NUMER_PORZ":"311","KOD_POCZT":"30-698","NAZWA_GMI":"Wieliczka","NAZWA_MSC":"Golkowice","odleglosc_m":13.9,"strefa":"0-20 m","warstwa":"adresy"},"geometry":{"type":"Point","coordinates":[19.992164,49.972557]}},{"type":"Feature","properties":{"NUMER_PORZ":"609","KOD_POCZT":"30-698","NAZWA_GMI":"Wieliczka","NAZWA_MSC":"Golkowice","odleglosc_m":0.0,"strefa":"w śladzie","warstwa":"adresy"},"geometry":{"type":"Point","coordinates":[19.992926,49.97259]}},{"type":"Feature","properties":{"NUMER_PORZ":"61","KOD_POCZT":"30-698","NAZWA_GMI":"Wieliczka","NAZWA_MSC":"Golkowice","odleglosc_m":90.7,"strefa":"50-200 m","warstwa":"adresy"},"geometry":{"type":"Point","coordinates":[19.991185,49.973015]}},{"type":"Feature","properties":{"NUMER_PORZ":"43","KOD_POCZT":"30-698","NAZWA_GMI":"Wieliczka","NAZWA_MSC":"Golkowice","odleglosc_m":18.9,"strefa":"0-20 m","warstwa":"adresy"},"geometry":{"type":"Point","coordinates":[19.987721,49.9618]}},{"type":"Feature","properties":{"NUMER_PORZ":"77","KOD_POCZT":"30-698","NAZWA_GMI":"Wieliczka","NAZWA_MSC":"Golkowice","odleglosc_m":112.2,"strefa":"50-200 m","warstwa":"adresy"},"geometry":{"type":"Point","coordinates":[19.987563,49.964033]}},{"type":"Feature","properties":{"NUMER_PORZ":"25a","KOD_POCZT":"30-698","NAZWA_GMI":"Wieliczka","NAZWA_MSC":"Golkowice","odleglosc_m":164.2,"strefa":"50-200 m","warstwa":"adresy"},"geometry":{"type":"Point","coordinates":[19.99612,49.973609]}},{"type":"Feature","properties":{"NUMER_PORZ":"87","KOD_POCZT":"32-020","NAZWA_GMI":"Wieliczka","NAZWA_MSC":"Podstolice","odleglosc_m":151.5,"strefa":"50-200 m","warstwa":"adresy"},"geometry":{"type":"Point","coordinates":[19.98397,49.952353]}},{"type":"Feature","properties":{"NUMER_PORZ":"119","KOD_POCZT":"30-698","NAZWA_GMI":"Wieliczka","NAZWA_MSC":"Golkowice","odleglosc_m":0.0,"strefa":"w śladzie","warstwa":"adresy"},"geometry":{"type":"Point","coordinates":[19.99298,49.973283]}},{"type":"Feature","properties":{"NUMER_PORZ":"46a","KOD_POCZT":"32-020","NAZWA_GMI":"Wieliczka","NAZWA_MSC":"Podstolice","odleglosc_m":34.9,"strefa":"30-50 m","warstwa":"adresy"},"geometry":{"type":"Point","coordinates":[19.984196,49.957032]}},{"type":"Feature","properties":{"NUMER_PORZ":"246","KOD_POCZT":"32-020","NAZWA_GMI":"Wieliczka","NAZWA_MSC":"Podstolice","odleglosc_m":9.3,"strefa":"0-20 m","warstwa":"adresy"},"geometry":{"type":"Point","coordinates":[19.985895,49.957122]}},{"type":"Feature","properties":{"NUMER_PORZ":"253","KOD_POCZT":"32-020","NAZWA_GMI":"Wieliczka","NAZWA_MSC":"Podstolice","odleglosc_m":67.7,"strefa":"50-200 m","warstwa":"adresy"},"geometry":{"type":"Point","coordinates":[19.982373,49.95217]}},{"type":"Feature","properties":{"NUMER_PORZ":"159","KOD_POCZT":"30-698","NAZWA_GMI":"Wieliczka","NAZWA_MSC":"Golkowice","odleglosc_m":110.5,"strefa":"50-200 m","warstwa":"adresy"},"geometry":{"type":"Point","coordinates":[19.99085,49.972818]}},{"type":"Feature","properties":{"NUMER_PORZ":"45","KOD_POCZT":"30-698","NAZWA_GMI":"Wieliczka","NAZWA_MSC":"Golkowice","odleglosc_m":20.5,"strefa":"20-30 m","warstwa":"adresy"},"geometry":{"type":"Point","coordinates":[19.98871,49.963318]}},{"type":"Feature","properties":{"NUMER_PORZ":"48","KOD_POCZT":"30-698","NAZWA_GMI":"Wieliczka","NAZWA_MSC":"Golkowice","odleglosc_m":145.5,"strefa":"50-200 m","warstwa":"adresy"},"geometry":{"type":"Point","coordinates":[19.995862,49.973671]}},{"type":"Feature","properties":{"NUMER_PORZ":"51A","KOD_POCZT":"30-698","NAZWA_GMI":"Wieliczka","NAZWA_MSC":"Golkowice","odleglosc_m":176.9,"strefa":"50-200 m","warstwa":"adresy"},"geometry":{"type":"Point","coordinates":[19.98732,49.965209]}},{"type":"Feature","properties":{"NUMER_PORZ":"208","KOD_POCZT":"30-698","NAZWA_GMI":"Wieliczka","NAZWA_MSC":"Golkowice","odleglosc_m":55.4,"strefa":"50-200 m","warstwa":"adresy"},"geometry":{"type":"Point","coordinates":[19.991914,49.967046]}},{"type":"Feature","properties":{"NUMER_PORZ":"420","KOD_POCZT":"30-698","NAZWA_GMI":"Wieliczka","NAZWA_MSC":"Golkowice","odleglosc_m":0.0,"strefa":"w śladzie","warstwa":"adresy"},"geometry":{"type":"Point","coordinates":[19.992563,49.972515]}},{"type":"Feature","properties":{"NUMER_PORZ":"334","KOD_POCZT":"30-698","NAZWA_GMI":"Wieliczka","NAZWA_MSC":"Golkowice","odleglosc_m":145.0,"strefa":"50-200 m","warstwa":"adresy"},"geometry":{"type":"Point","coordinates":[19.985095,49.960584]}},{"type":"Feature","properties":{"NUMER_PORZ":"119a","KOD_POCZT":"30-698","NAZWA_GMI":"Wieliczka","NAZWA_MSC":"Golkowice","odleglosc_m":0.0,"strefa":"w śladzie","warstwa":"adresy"},"geometry":{"type":"Point","coordinates":[19.992849,49.973259]}},{"type":"Feature","properties":{"NUMER_PORZ":"284","KOD_POCZT":"30-698","NAZWA_GMI":"Wieliczka","NAZWA_MSC":"Golkowice","odleglosc_m":30.6,"strefa":"30-50 m","warstwa":"adresy"},"geometry":{"type":"Point","coordinates":[19.987372,49.961505]}},{"type":"Feature","properties":{"NUMER_PORZ":"348","KOD_POCZT":"30-698","NAZWA_GMI":"Wieliczka","NAZWA_MSC":"Golkowice","odleglosc_m":83.7,"strefa":"50-200 m","warstwa":"adresy"},"geometry":{"type":"Point","coordinates":[19.986805,49.961887]}},{"type":"Feature","properties":{"NUMER_PORZ":"51","KOD_POCZT":"30-698","NAZWA_GMI":"Wieliczka","NAZWA_MSC":"Golkowice","odleglosc_m":175.8,"strefa":"50-200 m","warstwa":"adresy"},"geometry":{"type":"Point","coordinates":[19.987441,49.965421]}},{"type":"Feature","properties":{"NUMER_PORZ":"244","KOD_POCZT":"30-698","NAZWA_GMI":"Wieliczka","NAZWA_MSC":"Golkowice","odleglosc_m":6.7,"strefa":"0-20 m","warstwa":"adresy"},"geometry":{"type":"Point","coordinates":[19.992419,49.973151]}},{"type":"Feature","properties":{"NUMER_PORZ":"301","KOD_POCZT":"30-698","NAZWA_GMI":"Wieliczka","NAZWA_MSC":"Golkowice","odleglosc_m":65.1,"strefa":"50-200 m","warstwa":"adresy"},"geometry":{"type":"Point","coordinates":[19.994711,49.973468]}},{"type":"Feature","properties":{"NUMER_PORZ":"151","KOD_POCZT":"30-698","NAZWA_GMI":"Wieliczka","NAZWA_MSC":"Golkowice","odleglosc_m":81.4,"strefa":"50-200 m","warstwa":"adresy"},"geometry":{"type":"Point","coordinates":[19.990307,49.962157]}},{"type":"Feature","properties":{"NUMER_PORZ":"155","KOD_POCZT":"30-698","NAZWA_GMI":"Wieliczka","NAZWA_MSC":"Golkowice","odleglosc_m":29.8,"strefa":"20-30 m","warstwa":"adresy"},"geometry":{"type":"Point","coordinates":[19.989525,49.96211]}},{"type":"Feature","properties":{"NUMER_PORZ":"25","KOD_POCZT":"30-698","NAZWA_GMI":"Wieliczka","NAZWA_MSC":"Golkowice","odleglosc_m":173.8,"strefa":"50-200 m","warstwa":"adresy"},"geometry":{"type":"Point","coordinates":[19.996257,49.973711]}},{"type":"Feature","properties":{"NUMER_PORZ":"69","KOD_POCZT":"30-698","NAZWA_GMI":"Wieliczka","NAZWA_MSC":"Golkowice","odleglosc_m":6.5,"strefa":"0-20 m","warstwa":"adresy"},"geometry":{"type":"Point","coordinates":[19.991376,49.967485]}},{"type":"Feature","properties":{"NUMER_PORZ":"407","KOD_POCZT":"30-698","NAZWA_GMI":"Wieliczka","NAZWA_MSC":"Golkowice","odleglosc_m":117.3,"strefa":"50-200 m","warstwa":"adresy"},"geometry":{"type":"Point","coordinates":[19.986163,49.961648]}},{"type":"Feature","properties":{"NUMER_PORZ":"46","KOD_POCZT":"32-020","NAZWA_GMI":"Wieliczka","NAZWA_MSC":"Podstolice","odleglosc_m":0.0,"strefa":"nad tunelem","warstwa":"adresy"},"geometry":{"type":"Point","coordinates":[19.984947,49.956985]}},{"type":"Feature","properties":{"NUMER_PORZ":"116","KOD_POCZT":"30-698","NAZWA_GMI":"Wieliczka","NAZWA_MSC":"Golkowice","odleglosc_m":0.0,"strefa":"nad tunelem","warstwa":"adresy"},"geometry":{"type":"Point","coordinates":[19.98863,49.962627]}},{"type":"Feature","properties":{"NUMER_PORZ":"129","KOD_POCZT":"32-020","NAZWA_GMI":"Wieliczka","NAZWA_MSC":"Podstolice","odleglosc_m":59.4,"strefa":"50-200 m","warstwa":"adresy"},"geometry":{"type":"Point","coordinates":[19.982935,49.952882]}},{"type":"Feature","properties":{"NUMER_PORZ":"166","KOD_POCZT":"30-698","NAZWA_GMI":"Wieliczka","NAZWA_MSC":"Golkowice","odleglosc_m":158.5,"strefa":"50-200 m","warstwa":"adresy"},"geometry":{"type":"Point","coordinates":[19.992295,49.963798]}},{"type":"Feature","properties":{"NUMER_PORZ":"722","KOD_POCZT":"30-698","NAZWA_GMI":"Wieliczka","NAZWA_MSC":"Golkowice","odleglosc_m":160.6,"strefa":"50-200 m","warstwa":"adresy"},"geometry":{"type":"Point","coordinates":[19.98548,49.961584]}},{"type":"Feature","properties":{"NUMER_PORZ":"723","KOD_POCZT":"30-698","NAZWA_GMI":"Wieliczka","NAZWA_MSC":"Golkowice","odleglosc_m":158.1,"strefa":"50-200 m","warstwa":"adresy"},"geometry":{"type":"Point","coordinates":[19.985476,49.961516]}},{"type":"Feature","properties":{"NUMER_PORZ":"1087E","KOD_POCZT":"32-444","NAZWA_GMI":"Myślenice","NAZWA_MSC":"Głogoczów","odleglosc_m":124.2,"strefa":"50-200 m","warstwa":"adresy"},"geometry":{"type":"Point","coordinates":[19.891436,49.910718]}},{"type":"Feature","properties":{"NUMER_PORZ":"779","KOD_POCZT":"32-445","NAZWA_GMI":"Myślenice","NAZWA_MSC":"Krzyszkowice","odleglosc_m":189.0,"strefa":"50-200 m","warstwa":"adresy"},"geometry":{"type":"Point","coordinates":[19.918464,49.870404]}},{"type":"Feature","properties":{"NUMER_PORZ":"469A","KOD_POCZT":"32-445","NAZWA_GMI":"Myślenice","NAZWA_MSC":"Krzyszkowice","odleglosc_m":83.5,"strefa":"50-200 m","warstwa":"adresy"},"geometry":{"type":"Point","coordinates":[19.928533,49.884564]}},{"type":"Feature","properties":{"NUMER_PORZ":"791","KOD_POCZT":"32-445","NAZWA_GMI":"Myślenice","NAZWA_MSC":"Krzyszkowice","odleglosc_m":174.2,"strefa":"50-200 m","warstwa":"adresy"},"geometry":{"type":"Point","coordinates":[19.925151,49.876279]}},{"type":"Feature","properties":{"NUMER_PORZ":"844A","KOD_POCZT":"32-445","NAZWA_GMI":"Myślenice","NAZWA_MSC":"Krzyszkowice","odleglosc_m":0.0,"strefa":"w śladzie","warstwa":"adresy"},"geometry":{"type":"Point","coordinates":[19.925045,49.88158]}},{"type":"Feature","properties":{"NUMER_PORZ":"1141A","KOD_POCZT":"32-444","NAZWA_GMI":"Myślenice","NAZWA_MSC":"Głogoczów","odleglosc_m":30.7,"strefa":"30-50 m","warstwa":"adresy"},"geometry":{"type":"Point","coordinates":[19.892466,49.908851]}},{"type":"Feature","properties":{"NUMER_PORZ":"817G","KOD_POCZT":"32-445","NAZWA_GMI":"Myślenice","NAZWA_MSC":"Krzyszkowice","odleglosc_m":126.3,"strefa":"50-200 m","warstwa":"adresy"},"geometry":{"type":"Point","coordinates":[19.921654,49.879905]}},{"type":"Feature","properties":{"NUMER_PORZ":"205","KOD_POCZT":"30-698","NAZWA_GMI":"Wieliczka","NAZWA_MSC":"Golkowice","odleglosc_m":71.0,"strefa":"50-200 m","warstwa":"adresy"},"geometry":{"type":"Point","coordinates":[19.986908,49.96174]}},{"type":"Feature","properties":{"NUMER_PORZ":"82B","KOD_POCZT":"32-445","NAZWA_GMI":"Myślenice","NAZWA_MSC":"Krzyszkowice","odleglosc_m":168.7,"strefa":"50-200 m","warstwa":"adresy"},"geometry":{"type":"Point","coordinates":[19.930884,49.896912]}},{"type":"Feature","properties":{"NUMER_PORZ":"740","KOD_POCZT":"30-698","NAZWA_GMI":"Wieliczka","NAZWA_MSC":"Golkowice","odleglosc_m":48.1,"strefa":"30-50 m","warstwa":"adresy"},"geometry":{"type":"Point","coordinates":[19.989412,49.961454]}},{"type":"Feature","properties":{"NUMER_PORZ":"17","KOD_POCZT":"32-040","NAZWA_ULC":"Południowa","NAZWA_GMI":"Świątniki Górne","NAZWA_MSC":"Świątniki Górne","odleglosc_m":55.1,"strefa":"50-200 m","warstwa":"adresy"},"geometry":{"type":"Point","coordinates":[19.958322,49.922794]}},{"type":"Feature","properties":{"NUMER_PORZ":"1","KOD_POCZT":"32-040","NAZWA_ULC":"Szewska","NAZWA_GMI":"Świątniki Górne","NAZWA_MSC":"Rzeszotary","odleglosc_m":79.9,"strefa":"50-200 m","warstwa":"adresy"},"geometry":{"type":"Point","coordinates":[19.972573,49.945988]}},{"type":"Feature","properties":{"NUMER_PORZ":"48A","KOD_POCZT":"32-040","NAZWA_ULC":"św. Stanisława","NAZWA_GMI":"Świątniki Górne","NAZWA_MSC":"Świątniki Górne","odleglosc_m":117.3,"strefa":"50-200 m","warstwa":"adresy"},"geometry":{"type":"Point","coordinates":[19.957892,49.92816]}},{"type":"Feature","properties":{"NUMER_PORZ":"4A","KOD_POCZT":"32-040","NAZWA_ULC":"Południowa","NAZWA_GMI":"Świątniki Górne","NAZWA_MSC":"Świątniki Górne","odleglosc_m":112.7,"strefa":"50-200 m","warstwa":"adresy"},"geometry":{"type":"Point","coordinates":[19.956482,49.925149]}},{"type":"Feature","properties":{"NUMER_PORZ":"15","KOD_POCZT":"32-040","NAZWA_ULC":"Południowa","NAZWA_GMI":"Świątniki Górne","NAZWA_MSC":"Świątniki Górne","odleglosc_m":26.8,"strefa":"20-30 m","warstwa":"adresy"},"geometry":{"type":"Point","coordinates":[19.957292,49.924296]}},{"type":"Feature","properties":{"NUMER_PORZ":"129","KOD_POCZT":"32-040","NAZWA_ULC":"Generała Zygmunta Zielińskiego","NAZWA_GMI":"Świątniki Górne","NAZWA_MSC":"Rzeszotary","odleglosc_m":121.8,"strefa":"50-200 m","warstwa":"adresy"},"geometry":{"type":"Point","coordinates":[19.969231,49.943407]}},{"type":"Feature","properties":{"NUMER_PORZ":"133","KOD_POCZT":"32-040","NAZWA_ULC":"Generała Zygmunta Zielińskiego","NAZWA_GMI":"Świątniki Górne","NAZWA_MSC":"Rzeszotary","odleglosc_m":160.5,"strefa":"50-200 m","warstwa":"adresy"},"geometry":{"type":"Point","coordinates":[19.968433,49.943322]}},{"type":"Feature","properties":{"NUMER_PORZ":"61","KOD_POCZT":"32-040","NAZWA_ULC":"Generała Zygmunta Zielińskiego","NAZWA_GMI":"Świątniki Górne","NAZWA_MSC":"Rzeszotary","odleglosc_m":4.3,"strefa":"0-20 m","warstwa":"adresy"},"geometry":{"type":"Point","coordinates":[19.971113,49.943327]}},{"type":"Feature","properties":{"NUMER_PORZ":"14","KOD_POCZT":"32-040","NAZWA_ULC":"Ekologiczna","NAZWA_GMI":"Świątniki Górne","NAZWA_MSC":"Świątniki Górne","odleglosc_m":22.0,"strefa":"20-30 m","warstwa":"adresy"},"geometry":{"type":"Point","coordinates":[19.962545,49.932953]}},{"type":"Feature","properties":{"NUMER_PORZ":"38","KOD_POCZT":"32-040","NAZWA_ULC":"Franciszka Bielowicza","NAZWA_GMI":"Świątniki Górne","NAZWA_MSC":"Świątniki Górne","odleglosc_m":0.0,"strefa":"nad tunelem","warstwa":"adresy"},"geometry":{"type":"Point","coordinates":[19.964021,49.93482]}},{"type":"Feature","properties":{"NUMER_PORZ":"63","KOD_POCZT":"32-040","NAZWA_ULC":"Franciszka Bielowicza","NAZWA_GMI":"Świątniki Górne","NAZWA_MSC":"Świątniki Górne","odleglosc_m":107.4,"strefa":"50-200 m","warstwa":"adresy"},"geometry":{"type":"Point","coordinates":[19.966535,49.934809]}},{"type":"Feature","properties":{"NUMER_PORZ":"22","KOD_POCZT":"32-040","NAZWA_ULC":"Franciszka Bielowicza","NAZWA_GMI":"Świątniki Górne","NAZWA_MSC":"Świątniki Górne","odleglosc_m":143.2,"strefa":"50-200 m","warstwa":"adresy"},"geometry":{"type":"Point","coordinates":[19.961888,49.934897]}},{"type":"Feature","properties":{"NUMER_PORZ":"9A","KOD_POCZT":"32-040","NAZWA_ULC":"Generała Zygmunta Zielińskiego","NAZWA_GMI":"Świątniki Górne","NAZWA_MSC":"Rzeszotary","odleglosc_m":8.9,"strefa":"0-20 m","warstwa":"adresy"},"geometry":{"type":"Point","coordinates":[19.972084,49.944351]}},{"type":"Feature","properties":{"NUMER_PORZ":"11","KOD_POCZT":"32-040","NAZWA_ULC":"Południowa","NAZWA_GMI":"Świątniki Górne","NAZWA_MSC":"Świątniki Górne","odleglosc_m":45.9,"strefa":"30-50 m","warstwa":"adresy"},"geometry":{"type":"Point","coordinates":[19.957222,49.924711]}},{"type":"Feature","properties":{"NUMER_PORZ":"9","KOD_POCZT":"32-040","NAZWA_ULC":"Południowa","NAZWA_GMI":"Świątniki Górne","NAZWA_MSC":"Świątniki Górne","odleglosc_m":47.6,"strefa":"30-50 m","warstwa":"adresy"},"geometry":{"type":"Point","coordinates":[19.957414,49.925087]}},{"type":"Feature","properties":{"NUMER_PORZ":"7","KOD_POCZT":"32-040","NAZWA_ULC":"Południowa","NAZWA_GMI":"Świątniki Górne","NAZWA_MSC":"Świątniki Górne","odleglosc_m":75.6,"strefa":"50-200 m","warstwa":"adresy"},"geometry":{"type":"Point","coordinates":[19.957192,49.925443]}},{"type":"Feature","properties":{"NUMER_PORZ":"2A","KOD_POCZT":"32-040","NAZWA_ULC":"Stolarska","NAZWA_GMI":"Świątniki Górne","NAZWA_MSC":"Rzeszotary","odleglosc_m":135.4,"strefa":"50-200 m","warstwa":"adresy"},"geometry":{"type":"Point","coordinates":[19.97168,49.946022]}},{"type":"Feature","properties":{"NUMER_PORZ":"124","KOD_POCZT":"32-040","NAZWA_ULC":"Generała Zygmunta Zielińskiego","NAZWA_GMI":"Świątniki Górne","NAZWA_MSC":"Rzeszotary","odleglosc_m":95.2,"strefa":"50-200 m","warstwa":"adresy"},"geometry":{"type":"Point","coordinates":[19.967312,49.936365]}},{"type":"Feature","properties":{"NUMER_PORZ":"187","KOD_POCZT":"32-040","NAZWA_ULC":"Generała Zygmunta Zielińskiego","NAZWA_GMI":"Świątniki Górne","NAZWA_MSC":"Rzeszotary","odleglosc_m":109.0,"strefa":"50-200 m","warstwa":"adresy"},"geometry":{"type":"Point","coordinates":[19.967673,49.936496]}},{"type":"Feature","properties":{"NUMER_PORZ":"183","KOD_POCZT":"32-040","NAZWA_ULC":"Generała Zygmunta Zielińskiego","NAZWA_GMI":"Świątniki Górne","NAZWA_MSC":"Rzeszotary","odleglosc_m":100.3,"strefa":"50-200 m","warstwa":"adresy"},"geometry":{"type":"Point","coordinates":[19.967703,49.936689]}},{"type":"Feature","properties":{"NUMER_PORZ":"175","KOD_POCZT":"32-040","NAZWA_ULC":"Generała Zygmunta Zielińskiego","NAZWA_GMI":"Świątniki Górne","NAZWA_MSC":"Rzeszotary","odleglosc_m":1.9,"strefa":"0-20 m","warstwa":"adresy"},"geometry":{"type":"Point","coordinates":[19.967211,49.937798]}},{"type":"Feature","properties":{"NUMER_PORZ":"11","KOD_POCZT":"32-040","NAZWA_ULC":"Świętego Walentego","NAZWA_GMI":"Świątniki Górne","NAZWA_MSC":"Rzeszotary","odleglosc_m":63.0,"strefa":"50-200 m","warstwa":"adresy"},"geometry":{"type":"Point","coordinates":[19.967781,49.937336]}},{"type":"Feature","properties":{"NUMER_PORZ":"5","KOD_POCZT":"32-040","NAZWA_ULC":"Świętego Walentego","NAZWA_GMI":"Świątniki Górne","NAZWA_MSC":"Rzeszotary","odleglosc_m":37.4,"strefa":"30-50 m","warstwa":"adresy"},"geometry":{"type":"Point","coordinates":[19.96772,49.937729]}},{"type":"Feature","properties":{"NUMER_PORZ":"1","KOD_POCZT":"32-040","NAZWA_ULC":"Świętego Walentego","NAZWA_GMI":"Świątniki Górne","NAZWA_MSC":"Rzeszotary","odleglosc_m":62.4,"strefa":"50-200 m","warstwa":"adresy"},"geometry":{"type":"Point","coordinates":[19.968173,49.937787]}},{"type":"Feature","properties":{"NUMER_PORZ":"44","KOD_POCZT":"32-040","NAZWA_ULC":"Generała Zygmunta Zielińskiego","NAZWA_GMI":"Świątniki Górne","NAZWA_MSC":"Rzeszotary","odleglosc_m":200.0,"strefa":"50-200 m","warstwa":"adresy"},"geometry":{"type":"Point","coordinates":[19.968433,49.943903]}},{"type":"Feature","properties":{"NUMER_PORZ":"15","KOD_POCZT":"32-040","NAZWA_ULC":"Ekologiczna","NAZWA_GMI":"Świątniki Górne","NAZWA_MSC":"Świątniki Górne","odleglosc_m":0.0,"strefa":"w śladzie","warstwa":"adresy"},"geometry":{"type":"Point","coordinates":[19.963051,49.933118]}},{"type":"Feature","properties":{"NUMER_PORZ":"34","KOD_POCZT":"32-040","NAZWA_ULC":"Franciszka Bielowicza","NAZWA_GMI":"Świątniki Górne","NAZWA_MSC":"Świątniki Górne","odleglosc_m":58.5,"strefa":"50-200 m","warstwa":"adresy"},"geometry":{"type":"Point","coordinates":[19.963198,49.934938]}},{"type":"Feature","properties":{"NUMER_PORZ":"26","KOD_POCZT":"32-040","NAZWA_ULC":"Franciszka Bielowicza","NAZWA_GMI":"Świątniki Górne","NAZWA_MSC":"Świątniki Górne","odleglosc_m":116.1,"strefa":"50-200 m","warstwa":"adresy"},"geometry":{"type":"Point","coordinates":[19.962338,49.934956]}},{"type":"Feature","properties":{"NUMER_PORZ":"61","KOD_POCZT":"32-040","NAZWA_ULC":"Franciszka Bielowicza","NAZWA_GMI":"Świątniki Górne","NAZWA_MSC":"Świątniki Górne","odleglosc_m":70.4,"strefa":"50-200 m","warstwa":"adresy"},"geometry":{"type":"Point","coordinates":[19.966051,49.934925]}},{"type":"Feature","properties":{"NUMER_PORZ":"8","KOD_POCZT":"32-040","NAZWA_ULC":"Piastowska","NAZWA_GMI":"Świątniki Górne","NAZWA_MSC":"Rzeszotary","odleglosc_m":77.0,"strefa":"50-200 m","warstwa":"adresy"},"geometry":{"type":"Point","coordinates":[19.97515,49.944966]}},{"type":"Feature","properties":{"NUMER_PORZ":"3","KOD_POCZT":"32-040","NAZWA_ULC":"Szewska","NAZWA_GMI":"Świątniki Górne","NAZWA_MSC":"Rzeszotary","odleglosc_m":94.9,"strefa":"50-200 m","warstwa":"adresy"},"geometry":{"type":"Point","coordinates":[19.972902,49.946555]}},{"type":"Feature","properties":{"NUMER_PORZ":"26","KOD_POCZT":"32-040","NAZWA_ULC":"Pod Dębiną","NAZWA_GMI":"Świątniki Górne","NAZWA_MSC":"Rzeszotary","odleglosc_m":172.0,"strefa":"50-200 m","warstwa":"adresy"},"geometry":{"type":"Point","coordinates":[19.969929,49.937861]}},{"type":"Feature","properties":{"NUMER_PORZ":"173","KOD_POCZT":"32-040","NAZWA_ULC":"Generała Zygmunta Zielińskiego","NAZWA_GMI":"Świątniki Górne","NAZWA_MSC":"Rzeszotary","odleglosc_m":0.0,"strefa":"w śladzie","warstwa":"adresy"},"geometry":{"type":"Point","coordinates":[19.966797,49.938038]}},{"type":"Feature","properties":{"NUMER_PORZ":"5","KOD_POCZT":"32-040","NAZWA_ULC":"Brzeziny","NAZWA_GMI":"Świątniki Górne","NAZWA_MSC":"Rzeszotary","odleglosc_m":85.3,"strefa":"50-200 m","warstwa":"adresy"},"geometry":{"type":"Point","coordinates":[19.964955,49.938149]}},{"type":"Feature","properties":{"NUMER_PORZ":"4","KOD_POCZT":"32-040","NAZWA_ULC":"Generała Zygmunta Zielińskiego","NAZWA_GMI":"Świątniki Górne","NAZWA_MSC":"Rzeszotary","odleglosc_m":69.5,"strefa":"50-200 m","warstwa":"adresy"},"geometry":{"type":"Point","coordinates":[19.972243,49.945496]}},{"type":"Feature","properties":{"NUMER_PORZ":"13","KOD_POCZT":"32-040","NAZWA_ULC":"Ekologiczna","NAZWA_GMI":"Świątniki Górne","NAZWA_MSC":"Świątniki Górne","odleglosc_m":9.5,"strefa":"0-20 m","warstwa":"adresy"},"geometry":{"type":"Point","coordinates":[19.962892,49.933335]}},{"type":"Feature","properties":{"NUMER_PORZ":"67C","KOD_POCZT":"32-040","NAZWA_ULC":"Franciszka Bielowicza","NAZWA_GMI":"Świątniki Górne","NAZWA_MSC":"Świątniki Górne","odleglosc_m":158.1,"strefa":"50-200 m","warstwa":"adresy"},"geometry":{"type":"Point","coordinates":[19.967375,49.934917]}},{"type":"Feature","properties":{"NUMER_PORZ":"30","KOD_POCZT":"32-040","NAZWA_ULC":"Franciszka Bielowicza","NAZWA_GMI":"Świątniki Górne","NAZWA_MSC":"Świątniki Górne","odleglosc_m":105.9,"strefa":"50-200 m","warstwa":"adresy"},"geometry":{"type":"Point","coordinates":[19.962521,49.935]}},{"type":"Feature","properties":{"NUMER_PORZ":"59","KOD_POCZT":"32-040","NAZWA_ULC":"Franciszka Bielowicza","NAZWA_GMI":"Świątniki Górne","NAZWA_MSC":"Świątniki Górne","odleglosc_m":52.2,"strefa":"50-200 m","warstwa":"adresy"},"geometry":{"type":"Point","coordinates":[19.965812,49.934981]}},{"type":"Feature","properties":{"NUMER_PORZ":"91","KOD_POCZT":"32-040","NAZWA_ULC":"Graniczna","NAZWA_GMI":"Świątniki Górne","NAZWA_MSC":"Świątniki Górne","odleglosc_m":0.0,"strefa":"w śladzie","warstwa":"adresy"},"geometry":{"type":"Point","coordinates":[19.956242,49.921455]}},{"type":"Feature","properties":{"NUMER_PORZ":"66","KOD_POCZT":"32-040","NAZWA_ULC":"św. Stanisława","NAZWA_GMI":"Świątniki Górne","NAZWA_MSC":"Świątniki Górne","odleglosc_m":124.2,"strefa":"50-200 m","warstwa":"adresy"},"geometry":{"type":"Point","coordinates":[19.958697,49.921473]}},{"type":"Feature","properties":{"NUMER_PORZ":"91B","KOD_POCZT":"32-040","NAZWA_ULC":"Graniczna","NAZWA_GMI":"Świątniki Górne","NAZWA_MSC":"Świątniki Górne","odleglosc_m":3.9,"strefa":"0-20 m","warstwa":"adresy"},"geometry":{"type":"Point","coordinates":[19.956012,49.921636]}},{"type":"Feature","properties":{"NUMER_PORZ":"91A","KOD_POCZT":"32-040","NAZWA_ULC":"Graniczna","NAZWA_GMI":"Świątniki Górne","NAZWA_MSC":"Świątniki Górne","odleglosc_m":42.3,"strefa":"30-50 m","warstwa":"adresy"},"geometry":{"type":"Point","coordinates":[19.955424,49.921646]}},{"type":"Feature","properties":{"NUMER_PORZ":"102","KOD_POCZT":"32-040","NAZWA_ULC":"Generała Zygmunta Zielińskiego","NAZWA_GMI":"Świątniki Górne","NAZWA_MSC":"Rzeszotary","odleglosc_m":21.3,"strefa":"20-30 m","warstwa":"adresy"},"geometry":{"type":"Point","coordinates":[19.966764,49.939027]}},{"type":"Feature","properties":{"NUMER_PORZ":"12","KOD_POCZT":"32-040","NAZWA_ULC":"Kasztanowa","NAZWA_GMI":"Świątniki Górne","NAZWA_MSC":"Rzeszotary","odleglosc_m":193.9,"strefa":"50-200 m","warstwa":"adresy"},"geometry":{"type":"Point","coordinates":[19.971185,49.946493]}},{"type":"Feature","properties":{"NUMER_PORZ":"56","KOD_POCZT":"32-040","NAZWA_ULC":"Generała Zygmunta Zielińskiego","NAZWA_GMI":"Świątniki Górne","NAZWA_MSC":"Rzeszotary","odleglosc_m":198.3,"strefa":"50-200 m","warstwa":"adresy"},"geometry":{"type":"Point","coordinates":[19.967969,49.943485]}},{"type":"Feature","properties":{"NUMER_PORZ":"72","KOD_POCZT":"32-040","NAZWA_ULC":"Generała Zygmunta Zielińskiego","NAZWA_GMI":"Świątniki Górne","NAZWA_MSC":"Rzeszotary","odleglosc_m":160.7,"strefa":"50-200 m","warstwa":"adresy"},"geometry":{"type":"Point","coordinates":[19.966823,49.941469]}},{"type":"Feature","properties":{"NUMER_PORZ":"161","KOD_POCZT":"32-040","NAZWA_ULC":"Generała Zygmunta Zielińskiego","NAZWA_GMI":"Świątniki Górne","NAZWA_MSC":"Rzeszotary","odleglosc_m":63.2,"strefa":"50-200 m","warstwa":"adresy"},"geometry":{"type":"Point","coordinates":[19.969128,49.939348]}},{"type":"Feature","properties":{"NUMER_PORZ":"6","KOD_POCZT":"32-040","NAZWA_ULC":"Pod Dębiną","NAZWA_GMI":"Świątniki Górne","NAZWA_MSC":"Rzeszotary","odleglosc_m":47.8,"strefa":"30-50 m","warstwa":"adresy"},"geometry":{"type":"Point","coordinates":[19.96823,49.93815]}},{"type":"Feature","properties":{"NUMER_PORZ":"3","KOD_POCZT":"32-040","NAZWA_ULC":"Brzeziny","NAZWA_GMI":"Świątniki Górne","NAZWA_MSC":"Rzeszotary","odleglosc_m":55.3,"strefa":"50-200 m","warstwa":"adresy"},"geometry":{"type":"Point","coordinates":[19.965421,49.938186]}},{"type":"Feature","properties":{"NUMER_PORZ":"2","KOD_POCZT":"32-040","NAZWA_ULC":"Świętego Walentego","NAZWA_GMI":"Świątniki Górne","NAZWA_MSC":"Rzeszotary","odleglosc_m":5.1,"strefa":"0-20 m","warstwa":"adresy"},"geometry":{"type":"Point","coordinates":[19.967598,49.938178]}},{"type":"Feature","properties":{"NUMER_PORZ":"9","KOD_POCZT":"32-040","NAZWA_ULC":"Brzeziny","NAZWA_GMI":"Świątniki Górne","NAZWA_MSC":"Rzeszotary","odleglosc_m":171.9,"strefa":"50-200 m","warstwa":"adresy"},"geometry":{"type":"Point","coordinates":[19.963745,49.938244]}},{"type":"Feature","properties":{"NUMER_PORZ":"4","KOD_POCZT":"32-040","NAZWA_ULC":"Pod Dębiną","NAZWA_GMI":"Świątniki Górne","NAZWA_MSC":"Rzeszotary","odleglosc_m":23.5,"strefa":"20-30 m","warstwa":"adresy"},"geometry":{"type":"Point","coordinates":[19.967902,49.938211]}},{"type":"Feature","properties":{"NUMER_PORZ":"9","KOD_POCZT":"32-040","NAZWA_ULC":"Generała Zygmunta Zielińskiego","NAZWA_GMI":"Świątniki Górne","NAZWA_MSC":"Rzeszotary","odleglosc_m":13.5,"strefa":"0-20 m","warstwa":"adresy"},"geometry":{"type":"Point","coordinates":[19.972022,49.944367]}},{"type":"Feature","properties":{"NUMER_PORZ":"11","KOD_POCZT":"32-040","NAZWA_ULC":"Generała Zygmunta Zielińskiego","NAZWA_GMI":"Świątniki Górne","NAZWA_MSC":"Rzeszotary","odleglosc_m":28.7,"strefa":"20-30 m","warstwa":"adresy"},"geometry":{"type":"Point","coordinates":[19.971773,49.944371]}},{"type":"Feature","properties":{"NUMER_PORZ":"7","KOD_POCZT":"32-040","NAZWA_ULC":"Kluszyna","NAZWA_GMI":"Świątniki Górne","NAZWA_MSC":"Rzeszotary","odleglosc_m":0.0,"strefa":"nad tunelem","warstwa":"adresy"},"geometry":{"type":"Point","coordinates":[19.972909,49.94458]}},{"type":"Feature","properties":{"NUMER_PORZ":"10A","KOD_POCZT":"32-040","NAZWA_ULC":"Ekologiczna","NAZWA_GMI":"Świątniki Górne","NAZWA_MSC":"Świątniki Górne","odleglosc_m":160.6,"strefa":"50-200 m","warstwa":"adresy"},"geometry":{"type":"Point","coordinates":[19.960739,49.933468]}},{"type":"Feature","properties":{"NUMER_PORZ":"12","KOD_POCZT":"32-040","NAZWA_ULC":"Ekologiczna","NAZWA_GMI":"Świątniki Górne","NAZWA_MSC":"Świątniki Górne","odleglosc_m":72.2,"strefa":"50-200 m","warstwa":"adresy"},"geometry":{"type":"Point","coordinates":[19.962027,49.933458]}},{"type":"Feature","properties":{"NUMER_PORZ":"11","KOD_POCZT":"32-040","NAZWA_ULC":"Ekologiczna","NAZWA_GMI":"Świątniki Górne","NAZWA_MSC":"Świątniki Górne","odleglosc_m":30.0,"strefa":"20-30 m","warstwa":"adresy"},"geometry":{"type":"Point","coordinates":[19.962666,49.93346]}},{"type":"Feature","properties":{"NUMER_PORZ":"55","KOD_POCZT":"32-040","NAZWA_ULC":"Franciszka Bielowicza","NAZWA_GMI":"Świątniki Górne","NAZWA_MSC":"Świątniki Górne","odleglosc_m":10.2,"strefa":"0-20 m","warstwa":"adresy"},"geometry":{"type":"Point","coordinates":[19.965207,49.935027]}},{"type":"Feature","properties":{"NUMER_PORZ":"57","KOD_POCZT":"32-040","NAZWA_ULC":"Franciszka Bielowicza","NAZWA_GMI":"Świątniki Górne","NAZWA_MSC":"Świątniki Górne","odleglosc_m":31.1,"strefa":"30-50 m","warstwa":"adresy"},"geometry":{"type":"Point","coordinates":[19.965552,49.935071]}},{"type":"Feature","properties":{"NUMER_PORZ":"89","KOD_POCZT":"32-040","NAZWA_ULC":"św. Stanisława","NAZWA_GMI":"Świątniki Górne","NAZWA_MSC":"Świątniki Górne","odleglosc_m":124.4,"strefa":"50-200 m","warstwa":"adresy"},"geometry":{"type":"Point","coordinates":[19.959167,49.922369]}},{"type":"Feature","properties":{"NUMER_PORZ":"87","KOD_POCZT":"32-040","NAZWA_ULC":"św. Stanisława","NAZWA_GMI":"Świątniki Górne","NAZWA_MSC":"Świątniki Górne","odleglosc_m":119.1,"strefa":"50-200 m","warstwa":"adresy"},"geometry":{"type":"Point","coordinates":[19.959156,49.922551]}},{"type":"Feature","properties":{"NUMER_PORZ":"3A","KOD_POCZT":"32-040","NAZWA_ULC":"Szewska","NAZWA_GMI":"Świątniki Górne","NAZWA_MSC":"Rzeszotary","odleglosc_m":99.9,"strefa":"50-200 m","warstwa":"adresy"},"geometry":{"type":"Point","coordinates":[19.972796,49.946531]}},{"type":"Feature","properties":{"NUMER_PORZ":"61B","KOD_POCZT":"32-040","NAZWA_ULC":"św. Stanisława","NAZWA_GMI":"Świątniki Górne","NAZWA_MSC":"Świątniki Górne","odleglosc_m":56.9,"strefa":"50-200 m","warstwa":"adresy"},"geometry":{"type":"Point","coordinates":[19.958733,49.928061]}},{"type":"Feature","properties":{"NUMER_PORZ":"29","KOD_POCZT":"32-040","NAZWA_ULC":"Szewska","NAZWA_GMI":"Świątniki Górne","NAZWA_MSC":"Rzeszotary","odleglosc_m":27.7,"strefa":"20-30 m","warstwa":"adresy"},"geometry":{"type":"Point","coordinates":[19.976502,49.947089]}},{"type":"Feature","properties":{"NUMER_PORZ":"82","KOD_POCZT":"32-040","NAZWA_ULC":"Generała Zygmunta Zielińskiego","NAZWA_GMI":"Świątniki Górne","NAZWA_MSC":"Rzeszotary","odleglosc_m":24.9,"strefa":"20-30 m","warstwa":"adresy"},"geometry":{"type":"Point","coordinates":[19.967886,49.940214]}},{"type":"Feature","properties":{"NUMER_PORZ":"149","KOD_POCZT":"32-040","NAZWA_ULC":"Generała Zygmunta Zielińskiego","NAZWA_GMI":"Świątniki Górne","NAZWA_MSC":"Rzeszotary","odleglosc_m":77.3,"strefa":"50-200 m","warstwa":"adresy"},"geometry":{"type":"Point","coordinates":[19.968525,49.941861]}},{"type":"Feature","properties":{"NUMER_PORZ":"2","KOD_POCZT":"32-040","NAZWA_ULC":"Kasztanowa","NAZWA_GMI":"Świątniki Górne","NAZWA_MSC":"Rzeszotary","odleglosc_m":153.5,"strefa":"50-200 m","warstwa":"adresy"},"geometry":{"type":"Point","coordinates":[19.971773,49.946407]}},{"type":"Feature","properties":{"NUMER_PORZ":"5","KOD_POCZT":"32-040","NAZWA_ULC":"Generała Zygmunta Zielińskiego","NAZWA_GMI":"Świątniki Górne","NAZWA_MSC":"Rzeszotary","odleglosc_m":34.4,"strefa":"30-50 m","warstwa":"adresy"},"geometry":{"type":"Point","coordinates":[19.972342,49.945019]}},{"type":"Feature","properties":{"NUMER_PORZ":"4","KOD_POCZT":"32-040","NAZWA_ULC":"Górny Rynek","NAZWA_GMI":"Świątniki Górne","NAZWA_MSC":"Rzeszotary","odleglosc_m":14.9,"strefa":"0-20 m","warstwa":"adresy"},"geometry":{"type":"Point","coordinates":[19.973086,49.945427]}},{"type":"Feature","properties":{"NUMER_PORZ":"6","KOD_POCZT":"32-040","NAZWA_ULC":"Szewska","NAZWA_GMI":"Świątniki Górne","NAZWA_MSC":"Rzeszotary","odleglosc_m":59.9,"strefa":"50-200 m","warstwa":"adresy"},"geometry":{"type":"Point","coordinates":[19.97333,49.946401]}},{"type":"Feature","properties":{"NUMER_PORZ":"7","KOD_POCZT":"32-040","NAZWA_ULC":"Szewska","NAZWA_GMI":"Świątniki Górne","NAZWA_MSC":"Rzeszotary","odleglosc_m":72.2,"strefa":"50-200 m","warstwa":"adresy"},"geometry":{"type":"Point","coordinates":[19.973394,49.946665]}},{"type":"Feature","properties":{"NUMER_PORZ":"11","KOD_POCZT":"32-040","NAZWA_ULC":"Szewska","NAZWA_GMI":"Świątniki Górne","NAZWA_MSC":"Rzeszotary","odleglosc_m":35.6,"strefa":"30-50 m","warstwa":"adresy"},"geometry":{"type":"Point","coordinates":[19.974097,49.946754]}},{"type":"Feature","properties":{"NUMER_PORZ":"15","KOD_POCZT":"32-040","NAZWA_ULC":"Szewska","NAZWA_GMI":"Świątniki Górne","NAZWA_MSC":"Rzeszotary","odleglosc_m":21.9,"strefa":"20-30 m","warstwa":"adresy"},"geometry":{"type":"Point","coordinates":[19.974503,49.946927]}},{"type":"Feature","properties":{"NUMER_PORZ":"55","KOD_POCZT":"32-040","NAZWA_ULC":"Szewska","NAZWA_GMI":"Świątniki Górne","NAZWA_MSC":"Rzeszotary","odleglosc_m":163.6,"strefa":"50-200 m","warstwa":"adresy"},"geometry":{"type":"Point","coordinates":[19.979115,49.947424]}},{"type":"Feature","properties":{"NUMER_PORZ":"171","KOD_POCZT":"32-040","NAZWA_ULC":"Generała Zygmunta Zielińskiego","NAZWA_GMI":"Świątniki Górne","NAZWA_MSC":"Rzeszotary","odleglosc_m":0.0,"strefa":"w śladzie","warstwa":"adresy"},"geometry":{"type":"Point","coordinates":[19.966798,49.938246]}},{"type":"Feature","properties":{"NUMER_PORZ":"2","KOD_POCZT":"32-040","NAZWA_ULC":"Brzeziny","NAZWA_GMI":"Świątniki Górne","NAZWA_MSC":"Rzeszotary","odleglosc_m":19.6,"strefa":"0-20 m","warstwa":"adresy"},"geometry":{"type":"Point","coordinates":[19.966093,49.93837]}},{"type":"Feature","properties":{"NUMER_PORZ":"12","KOD_POCZT":"32-040","NAZWA_ULC":"Brzeziny","NAZWA_GMI":"Świątniki Górne","NAZWA_MSC":"Rzeszotary","odleglosc_m":56.8,"strefa":"50-200 m","warstwa":"adresy"},"geometry":{"type":"Point","coordinates":[19.965513,49.938376]}},{"type":"Feature","properties":{"NUMER_PORZ":"2","KOD_POCZT":"32-040","NAZWA_ULC":"Kluszyna","NAZWA_GMI":"Świątniki Górne","NAZWA_MSC":"Rzeszotary","odleglosc_m":12.8,"strefa":"0-20 m","warstwa":"adresy"},"geometry":{"type":"Point","coordinates":[19.97251,49.944831]}},{"type":"Feature","properties":{"NUMER_PORZ":"21","KOD_POCZT":"32-040","NAZWA_ULC":"Generała Zygmunta Zielińskiego","NAZWA_GMI":"Świątniki Górne","NAZWA_MSC":"Rzeszotary","odleglosc_m":129.8,"strefa":"50-200 m","warstwa":"adresy"},"geometry":{"type":"Point","coordinates":[19.970525,49.944801]}},{"type":"Feature","properties":{"NUMER_PORZ":"15","KOD_POCZT":"32-040","NAZWA_ULC":"Generała Zygmunta Zielińskiego","NAZWA_GMI":"Świątniki Górne","NAZWA_MSC":"Rzeszotary","odleglosc_m":84.8,"strefa":"50-200 m","warstwa":"adresy"},"geometry":{"type":"Point","coordinates":[19.971322,49.944846]}},{"type":"Feature","properties":{"NUMER_PORZ":"3","KOD_POCZT":"32-040","NAZWA_ULC":"Górny Rynek","NAZWA_GMI":"Świątniki Górne","NAZWA_MSC":"Rzeszotary","odleglosc_m":10.3,"strefa":"0-20 m","warstwa":"adresy"},"geometry":{"type":"Point","coordinates":[19.973957,49.944889]}},{"type":"Feature","properties":{"NUMER_PORZ":"24","KOD_POCZT":"32-040","NAZWA_ULC":"Stolarska","NAZWA_GMI":"Świątniki Górne","NAZWA_MSC":"Rzeszotary","odleglosc_m":185.0,"strefa":"50-200 m","warstwa":"adresy"},"geometry":{"type":"Point","coordinates":[19.969673,49.94487]}},{"type":"Feature","properties":{"NUMER_PORZ":"7","KOD_POCZT":"32-040","NAZWA_ULC":"Górny Rynek","NAZWA_GMI":"Świątniki Górne","NAZWA_MSC":"Rzeszotary","odleglosc_m":0.0,"strefa":"nad tunelem","warstwa":"adresy"},"geometry":{"type":"Point","coordinates":[19.973483,49.944946]}},{"type":"Feature","properties":{"NUMER_PORZ":"19","KOD_POCZT":"32-040","NAZWA_ULC":"Generała Zygmunta Zielińskiego","NAZWA_GMI":"Świątniki Górne","NAZWA_MSC":"Rzeszotary","odleglosc_m":112.5,"strefa":"50-200 m","warstwa":"adresy"},"geometry":{"type":"Point","coordinates":[19.970973,49.944956]}},{"type":"Feature","properties":{"NUMER_PORZ":"7","KOD_POCZT":"32-040","NAZWA_ULC":"Generała Zygmunta Zielińskiego","NAZWA_GMI":"Świątniki Górne","NAZWA_MSC":"Rzeszotary","odleglosc_m":53.5,"strefa":"50-200 m","warstwa":"adresy"},"geometry":{"type":"Point","coordinates":[19.972039,49.945036]}},{"type":"Feature","properties":{"NUMER_PORZ":"9","KOD_POCZT":"32-040","NAZWA_ULC":"Ekologiczna","NAZWA_GMI":"Świątniki Górne","NAZWA_MSC":"Świątniki Górne","odleglosc_m":53.7,"strefa":"50-200 m","warstwa":"adresy"},"geometry":{"type":"Point","coordinates":[19.962434,49.933626]}},{"type":"Feature","properties":{"NUMER_PORZ":"53","KOD_POCZT":"32-040","NAZWA_ULC":"Franciszka Bielowicza","NAZWA_GMI":"Świątniki Górne","NAZWA_MSC":"Świątniki Górne","odleglosc_m":0.0,"strefa":"nad tunelem","warstwa":"adresy"},"geometry":{"type":"Point","coordinates":[19.964891,49.935143]}},{"type":"Feature","properties":{"NUMER_PORZ":"51","KOD_POCZT":"32-040","NAZWA_ULC":"Franciszka Bielowicza","NAZWA_GMI":"Świątniki Górne","NAZWA_MSC":"Świątniki Górne","odleglosc_m":0.0,"strefa":"nad tunelem","warstwa":"adresy"},"geometry":{"type":"Point","coordinates":[19.964325,49.935155]}},{"type":"Feature","properties":{"NUMER_PORZ":"49","KOD_POCZT":"32-040","NAZWA_ULC":"Franciszka Bielowicza","NAZWA_GMI":"Świątniki Górne","NAZWA_MSC":"Świątniki Górne","odleglosc_m":18.2,"strefa":"0-20 m","warstwa":"adresy"},"geometry":{"type":"Point","coordinates":[19.963969,49.93518]}},{"type":"Feature","properties":{"NUMER_PORZ":"49A","KOD_POCZT":"32-040","NAZWA_ULC":"Franciszka Bielowicza","NAZWA_GMI":"Świątniki Górne","NAZWA_MSC":"Świątniki Górne","odleglosc_m":44.5,"strefa":"30-50 m","warstwa":"adresy"},"geometry":{"type":"Point","coordinates":[19.963589,49.935209]}},{"type":"Feature","properties":{"NUMER_PORZ":"10","KOD_POCZT":"32-040","NAZWA_ULC":"Południowa","NAZWA_GMI":"Świątniki Górne","NAZWA_MSC":"Świątniki Górne","odleglosc_m":24.1,"strefa":"20-30 m","warstwa":"adresy"},"geometry":{"type":"Point","coordinates":[19.957906,49.922877]}},{"type":"Feature","properties":{"NUMER_PORZ":"16","KOD_POCZT":"32-040","NAZWA_ULC":"Szewska","NAZWA_GMI":"Świątniki Górne","NAZWA_MSC":"Rzeszotary","odleglosc_m":0.0,"strefa":"nad tunelem","warstwa":"adresy"},"geometry":{"type":"Point","coordinates":[19.974568,49.946491]}},{"type":"Feature","properties":{"NUMER_PORZ":"20","KOD_POCZT":"32-040","NAZWA_ULC":"Szewska","NAZWA_GMI":"Świątniki Górne","NAZWA_MSC":"Rzeszotary","odleglosc_m":0.0,"strefa":"nad tunelem","warstwa":"adresy"},"geometry":{"type":"Point","coordinates":[19.975067,49.946456]}},{"type":"Feature","properties":{"NUMER_PORZ":"24","KOD_POCZT":"32-040","NAZWA_ULC":"Szewska","NAZWA_GMI":"Świątniki Górne","NAZWA_MSC":"Rzeszotary","odleglosc_m":9.1,"strefa":"0-20 m","warstwa":"adresy"},"geometry":{"type":"Point","coordinates":[19.975597,49.946511]}},{"type":"Feature","properties":{"NUMER_PORZ":"30","KOD_POCZT":"32-040","NAZWA_ULC":"Szewska","NAZWA_GMI":"Świątniki Górne","NAZWA_MSC":"Rzeszotary","odleglosc_m":93.0,"strefa":"50-200 m","warstwa":"adresy"},"geometry":{"type":"Point","coordinates":[19.97708,49.946589]}},{"type":"Feature","properties":{"NUMER_PORZ":"32","KOD_POCZT":"32-040","NAZWA_ULC":"Szewska","NAZWA_GMI":"Świątniki Górne","NAZWA_MSC":"Rzeszotary","odleglosc_m":142.1,"strefa":"50-200 m","warstwa":"adresy"},"geometry":{"type":"Point","coordinates":[19.977882,49.946572]}},{"type":"Feature","properties":{"NUMER_PORZ":"1","KOD_POCZT":"32-040","NAZWA_ULC":"Polanki","NAZWA_GMI":"Świątniki Górne","NAZWA_MSC":"Rzeszotary","odleglosc_m":104.2,"strefa":"50-200 m","warstwa":"adresy"},"geometry":{"type":"Point","coordinates":[19.976704,49.94604]}},{"type":"Feature","properties":{"NUMER_PORZ":"1","KOD_POCZT":"32-040","NAZWA_ULC":"Żniwiarzy","NAZWA_GMI":"Świątniki Górne","NAZWA_MSC":"Rzeszotary","odleglosc_m":37.0,"strefa":"30-50 m","warstwa":"adresy"},"geometry":{"type":"Point","coordinates":[19.974627,49.945107]}},{"type":"Feature","properties":{"NUMER_PORZ":"17","KOD_POCZT":"32-040","NAZWA_ULC":"Górny Rynek","NAZWA_GMI":"Świątniki Górne","NAZWA_MSC":"Rzeszotary","odleglosc_m":34.2,"strefa":"30-50 m","warstwa":"adresy"},"geometry":{"type":"Point","coordinates":[19.973471,49.946119]}},{"type":"Feature","properties":{"NUMER_PORZ":"8","KOD_POCZT":"32-040","NAZWA_ULC":"Generała Zygmunta Zielińskiego","NAZWA_GMI":"Świątniki Górne","NAZWA_MSC":"Rzeszotary","odleglosc_m":104.9,"strefa":"50-200 m","warstwa":"adresy"},"geometry":{"type":"Point","coordinates":[19.9718,49.94564]}},{"type":"Feature","properties":{"NUMER_PORZ":"22","KOD_POCZT":"32-040","NAZWA_ULC":"Pod Dębiną","NAZWA_GMI":"Świątniki Górne","NAZWA_MSC":"Rzeszotary","odleglosc_m":142.9,"strefa":"50-200 m","warstwa":"adresy"},"geometry":{"type":"Point","coordinates":[19.969675,49.938183]}},{"type":"Feature","properties":{"NUMER_PORZ":"71","KOD_POCZT":"32-040","NAZWA_ULC":"św. Stanisława","NAZWA_GMI":"Świątniki Górne","NAZWA_MSC":"Świątniki Górne","odleglosc_m":40.2,"strefa":"30-50 m","warstwa":"adresy"},"geometry":{"type":"Point","coordinates":[19.959361,49.92489]}},{"type":"Feature","properties":{"NUMER_PORZ":"14","KOD_POCZT":"32-040","NAZWA_ULC":"Brzeziny","NAZWA_GMI":"Świątniki Górne","NAZWA_MSC":"Rzeszotary","odleglosc_m":90.1,"strefa":"50-200 m","warstwa":"adresy"},"geometry":{"type":"Point","coordinates":[19.965057,49.938451]}},{"type":"Feature","properties":{"NUMER_PORZ":"22","KOD_POCZT":"32-040","NAZWA_ULC":"Generała Zygmunta Zielińskiego","NAZWA_GMI":"Świątniki Górne","NAZWA_MSC":"Rzeszotary","odleglosc_m":145.6,"strefa":"50-200 m","warstwa":"adresy"},"geometry":{"type":"Point","coordinates":[19.970528,49.945063]}},{"type":"Feature","properties":{"NUMER_PORZ":"13","KOD_POCZT":"32-040","NAZWA_ULC":"Generała Zygmunta Zielińskiego","NAZWA_GMI":"Świątniki Górne","NAZWA_MSC":"Rzeszotary","odleglosc_m":82.7,"strefa":"50-200 m","warstwa":"adresy"},"geometry":{"type":"Point","coordinates":[19.971585,49.945069]}},{"type":"Feature","properties":{"NUMER_PORZ":"1","KOD_POCZT":"32-040","NAZWA_ULC":"Kluszyna","NAZWA_GMI":"Świątniki Górne","NAZWA_MSC":"Rzeszotary","odleglosc_m":2.1,"strefa":"0-20 m","warstwa":"adresy"},"geometry":{"type":"Point","coordinates":[19.972969,49.945105]}},{"type":"Feature","properties":{"NUMER_PORZ":"6","KOD_POCZT":"32-040","NAZWA_ULC":"Na Wzgórzu","NAZWA_GMI":"Świątniki Górne","NAZWA_MSC":"Świątniki Górne","odleglosc_m":166.2,"strefa":"50-200 m","warstwa":"adresy"},"geometry":{"type":"Point","coordinates":[19.96665,49.933632]}},{"type":"Feature","properties":{"NUMER_PORZ":"18","KOD_POCZT":"32-040","NAZWA_ULC":"Ekologiczna","NAZWA_GMI":"Świątniki Górne","NAZWA_MSC":"Świątniki Górne","odleglosc_m":117.0,"strefa":"50-200 m","warstwa":"adresy"},"geometry":{"type":"Point","coordinates":[19.961504,49.933699]}},{"type":"Feature","properties":{"NUMER_PORZ":"47","KOD_POCZT":"32-040","NAZWA_ULC":"Franciszka Bielowicza","NAZWA_GMI":"Świątniki Górne","NAZWA_MSC":"Świątniki Górne","odleglosc_m":117.8,"strefa":"50-200 m","warstwa":"adresy"},"geometry":{"type":"Point","coordinates":[19.962504,49.935248]}},{"type":"Feature","properties":{"NUMER_PORZ":"45","KOD_POCZT":"32-040","NAZWA_ULC":"Franciszka Bielowicza","NAZWA_GMI":"Świątniki Górne","NAZWA_MSC":"Świątniki Górne","odleglosc_m":133.6,"strefa":"50-200 m","warstwa":"adresy"},"geometry":{"type":"Point","coordinates":[19.962289,49.935284]}},{"type":"Feature","properties":{"NUMER_PORZ":"43","KOD_POCZT":"32-040","NAZWA_ULC":"Franciszka Bielowicza","NAZWA_GMI":"Świątniki Górne","NAZWA_MSC":"Świątniki Górne","odleglosc_m":165.9,"strefa":"50-200 m","warstwa":"adresy"},"geometry":{"type":"Point","coordinates":[19.961829,49.935329]}},{"type":"Feature","properties":{"NUMER_PORZ":"39","KOD_POCZT":"32-040","NAZWA_ULC":"Franciszka Bielowicza","NAZWA_GMI":"Świątniki Górne","NAZWA_MSC":"Świątniki Górne","odleglosc_m":194.6,"strefa":"50-200 m","warstwa":"adresy"},"geometry":{"type":"Point","coordinates":[19.961405,49.935345]}},{"type":"Feature","properties":{"NUMER_PORZ":"23","KOD_POCZT":"32-040","NAZWA_ULC":"Pod Dębiną","NAZWA_GMI":"Świątniki Górne","NAZWA_MSC":"Rzeszotary","odleglosc_m":153.2,"strefa":"50-200 m","warstwa":"adresy"},"geometry":{"type":"Point","coordinates":[19.969885,49.938326]}},{"type":"Feature","properties":{"NUMER_PORZ":"4","KOD_POCZT":"32-040","NAZWA_ULC":"Kluszyna","NAZWA_GMI":"Świątniki Górne","NAZWA_MSC":"Rzeszotary","odleglosc_m":14.2,"strefa":"0-20 m","warstwa":"adresy"},"geometry":{"type":"Point","coordinates":[19.972405,49.944752]}},{"type":"Feature","properties":{"NUMER_PORZ":"5","KOD_POCZT":"32-040","NAZWA_ULC":"Górny Rynek","NAZWA_GMI":"Świątniki Górne","NAZWA_MSC":"Rzeszotary","odleglosc_m":13.1,"strefa":"0-20 m","warstwa":"adresy"},"geometry":{"type":"Point","coordinates":[19.973773,49.944663]}},{"type":"Feature","properties":{"NUMER_PORZ":"27","KOD_POCZT":"32-040","NAZWA_ULC":"Pod Dębiną","NAZWA_GMI":"Świątniki Górne","NAZWA_MSC":"Rzeszotary","odleglosc_m":188.2,"strefa":"50-200 m","warstwa":"adresy"},"geometry":{"type":"Point","coordinates":[19.970346,49.938221]}},{"type":"Feature","properties":{"NUMER_PORZ":"15","KOD_POCZT":"32-040","NAZWA_ULC":"Piastowska","NAZWA_GMI":"Świątniki Górne","NAZWA_MSC":"Rzeszotary","odleglosc_m":75.4,"strefa":"50-200 m","warstwa":"adresy"},"geometry":{"type":"Point","coordinates":[19.976134,49.945952]}},{"type":"Feature","properties":{"NUMER_PORZ":"20","KOD_POCZT":"32-040","NAZWA_ULC":"Generała Zygmunta Zielińskiego","NAZWA_GMI":"Świątniki Górne","NAZWA_MSC":"Rzeszotary","odleglosc_m":144.3,"strefa":"50-200 m","warstwa":"adresy"},"geometry":{"type":"Point","coordinates":[19.970744,49.945253]}},{"type":"Feature","properties":{"NUMER_PORZ":"3","KOD_POCZT":"32-040","NAZWA_ULC":"Stolarska","NAZWA_GMI":"Świątniki Górne","NAZWA_MSC":"Rzeszotary","odleglosc_m":142.4,"strefa":"50-200 m","warstwa":"adresy"},"geometry":{"type":"Point","coordinates":[19.971406,49.945869]}},{"type":"Feature","properties":{"NUMER_PORZ":"28","KOD_POCZT":"32-040","NAZWA_ULC":"Piastowska","NAZWA_GMI":"Świątniki Górne","NAZWA_MSC":"Rzeszotary","odleglosc_m":142.6,"strefa":"50-200 m","warstwa":"adresy"},"geometry":{"type":"Point","coordinates":[19.97661,49.945321]}},{"type":"Feature","properties":{"NUMER_PORZ":"177","KOD_POCZT":"32-040","NAZWA_ULC":"Generała Zygmunta Zielińskiego","NAZWA_GMI":"Świątniki Górne","NAZWA_MSC":"Rzeszotary","odleglosc_m":91.7,"strefa":"50-200 m","warstwa":"adresy"},"geometry":{"type":"Point","coordinates":[19.967924,49.937016]}},{"type":"Feature","properties":{"NUMER_PORZ":"1","KOD_POCZT":"32-040","NAZWA_ULC":"Pod Dębiną","NAZWA_GMI":"Świątniki Górne","NAZWA_MSC":"Rzeszotary","odleglosc_m":0.0,"strefa":"w śladzie","warstwa":"adresy"},"geometry":{"type":"Point","coordinates":[19.967453,49.938614]}},{"type":"Feature","properties":{"NUMER_PORZ":"4","KOD_POCZT":"32-040","NAZWA_ULC":"Brzeziny","NAZWA_GMI":"Świątniki Górne","NAZWA_MSC":"Rzeszotary","odleglosc_m":21.8,"strefa":"20-30 m","warstwa":"adresy"},"geometry":{"type":"Point","coordinates":[19.966334,49.938666]}},{"type":"Feature","properties":{"NUMER_PORZ":"10","KOD_POCZT":"32-040","NAZWA_ULC":"Brzeziny","NAZWA_GMI":"Świątniki Górne","NAZWA_MSC":"Rzeszotary","odleglosc_m":56.1,"strefa":"50-200 m","warstwa":"adresy"},"geometry":{"type":"Point","coordinates":[19.96579,49.938689]}},{"type":"Feature","properties":{"NUMER_PORZ":"5","KOD_POCZT":"32-040","NAZWA_ULC":"Stolarska","NAZWA_GMI":"Świątniki Górne","NAZWA_MSC":"Rzeszotary","odleglosc_m":152.5,"strefa":"50-200 m","warstwa":"adresy"},"geometry":{"type":"Point","coordinates":[19.971053,49.945688]}},{"type":"Feature","properties":{"NUMER_PORZ":"75","KOD_POCZT":"32-040","NAZWA_ULC":"Franciszka Bielowicza","NAZWA_GMI":"Świątniki Górne","NAZWA_MSC":"Świątniki Górne","odleglosc_m":163.1,"strefa":"50-200 m","warstwa":"adresy"},"geometry":{"type":"Point","coordinates":[19.967716,49.935321]}},{"type":"Feature","properties":{"NUMER_PORZ":"17","KOD_POCZT":"32-040","NAZWA_ULC":"Piastowska","NAZWA_GMI":"Świątniki Górne","NAZWA_MSC":"Rzeszotary","odleglosc_m":159.6,"strefa":"50-200 m","warstwa":"adresy"},"geometry":{"type":"Point","coordinates":[19.977107,49.94553]}},{"type":"Feature","properties":{"NUMER_PORZ":"2","KOD_POCZT":"32-040","NAZWA_ULC":"Piastowska","NAZWA_GMI":"Świątniki Górne","NAZWA_MSC":"Rzeszotary","odleglosc_m":0.0,"strefa":"nad tunelem","warstwa":"adresy"},"geometry":{"type":"Point","coordinates":[19.974333,49.945573]}},{"type":"Feature","properties":{"NUMER_PORZ":"4","KOD_POCZT":"32-040","NAZWA_ULC":"Piastowska","NAZWA_GMI":"Świątniki Górne","NAZWA_MSC":"Rzeszotary","odleglosc_m":29.1,"strefa":"20-30 m","warstwa":"adresy"},"geometry":{"type":"Point","coordinates":[19.97499,49.945591]}},{"type":"Feature","properties":{"NUMER_PORZ":"12","KOD_POCZT":"32-040","NAZWA_ULC":"Stolarska","NAZWA_GMI":"Świątniki Górne","NAZWA_MSC":"Rzeszotary","odleglosc_m":190.2,"strefa":"50-200 m","warstwa":"adresy"},"geometry":{"type":"Point","coordinates":[19.97041,49.945675]}},{"type":"Feature","properties":{"NUMER_PORZ":"24","KOD_POCZT":"32-040","NAZWA_ULC":"Piastowska","NAZWA_GMI":"Świątniki Górne","NAZWA_MSC":"Rzeszotary","odleglosc_m":80.3,"strefa":"50-200 m","warstwa":"adresy"},"geometry":{"type":"Point","coordinates":[19.975891,49.945635]}},{"type":"Feature","properties":{"NUMER_PORZ":"6","KOD_POCZT":"32-040","NAZWA_ULC":"Górny Rynek","NAZWA_GMI":"Świątniki Górne","NAZWA_MSC":"Rzeszotary","odleglosc_m":0.0,"strefa":"nad tunelem","warstwa":"adresy"},"geometry":{"type":"Point","coordinates":[19.973646,49.945661]}},{"type":"Feature","properties":{"NUMER_PORZ":"2","KOD_POCZT":"32-040","NAZWA_ULC":"Astronoma Jana Kowalczyka","NAZWA_GMI":"Świątniki Górne","NAZWA_MSC":"Rzeszotary","odleglosc_m":55.1,"strefa":"50-200 m","warstwa":"adresy"},"geometry":{"type":"Point","coordinates":[19.972712,49.945719]}},{"type":"Feature","properties":{"NUMER_PORZ":"1","KOD_POCZT":"32-040","NAZWA_ULC":"Piastowska","NAZWA_GMI":"Świątniki Górne","NAZWA_MSC":"Rzeszotary","odleglosc_m":0.0,"strefa":"nad tunelem","warstwa":"adresy"},"geometry":{"type":"Point","coordinates":[19.974347,49.945792]}},{"type":"Feature","properties":{"NUMER_PORZ":"191","KOD_POCZT":"32-040","NAZWA_ULC":"Generała Zygmunta Zielińskiego","NAZWA_GMI":"Świątniki Górne","NAZWA_MSC":"Rzeszotary","odleglosc_m":172.5,"strefa":"50-200 m","warstwa":"adresy"},"geometry":{"type":"Point","coordinates":[19.968273,49.936004]}},{"type":"Feature","properties":{"NUMER_PORZ":"1","KOD_POCZT":"32-040","NAZWA_ULC":"Górny Rynek","NAZWA_GMI":"Świątniki Górne","NAZWA_MSC":"Rzeszotary","odleglosc_m":0.0,"strefa":"nad tunelem","warstwa":"adresy"},"geometry":{"type":"Point","coordinates":[19.973975,49.945328]}},{"type":"Feature","properties":{"NUMER_PORZ":"14","KOD_POCZT":"32-040","NAZWA_ULC":"Generała Zygmunta Zielińskiego","NAZWA_GMI":"Świątniki Górne","NAZWA_MSC":"Rzeszotary","odleglosc_m":131.4,"strefa":"50-200 m","warstwa":"adresy"},"geometry":{"type":"Point","coordinates":[19.971346,49.945631]}},{"type":"Feature","properties":{"NUMER_PORZ":"13","KOD_POCZT":"32-040","NAZWA_ULC":"Pod Dębiną","NAZWA_GMI":"Świątniki Górne","NAZWA_MSC":"Rzeszotary","odleglosc_m":109.9,"strefa":"50-200 m","warstwa":"adresy"},"geometry":{"type":"Point","coordinates":[19.969493,49.938877]}},{"type":"Feature","properties":{"NUMER_PORZ":"16","KOD_POCZT":"32-040","NAZWA_ULC":"Ekologiczna","NAZWA_GMI":"Świątniki Górne","NAZWA_MSC":"Świątniki Górne","odleglosc_m":0.0,"strefa":"w śladzie","warstwa":"adresy"},"geometry":{"type":"Point","coordinates":[19.962628,49.931412]}},{"type":"Feature","properties":{"NUMER_PORZ":"42A","KOD_POCZT":"32-040","NAZWA_ULC":"Franciszka Bielowicza","NAZWA_GMI":"Świątniki Górne","NAZWA_MSC":"Świątniki Górne","odleglosc_m":22.4,"strefa":"20-30 m","warstwa":"adresy"},"geometry":{"type":"Point","coordinates":[19.963237,49.934166]}},{"type":"Feature","properties":{"NUMER_PORZ":"21","KOD_POCZT":"32-040","NAZWA_ULC":"Pod Dębiną","NAZWA_GMI":"Świątniki Górne","NAZWA_MSC":"Rzeszotary","odleglosc_m":156.5,"strefa":"50-200 m","warstwa":"adresy"},"geometry":{"type":"Point","coordinates":[19.970164,49.938824]}},{"type":"Feature","properties":{"NUMER_PORZ":"15","KOD_POCZT":"32-040","NAZWA_ULC":"Pod Dębiną","NAZWA_GMI":"Świątniki Górne","NAZWA_MSC":"Rzeszotary","odleglosc_m":138.0,"strefa":"50-200 m","warstwa":"adresy"},"geometry":{"type":"Point","coordinates":[19.969888,49.938846]}},{"type":"Feature","properties":{"NUMER_PORZ":"6","KOD_POCZT":"32-040","NAZWA_ULC":"Brzeziny","NAZWA_GMI":"Świątniki Górne","NAZWA_MSC":"Rzeszotary","odleglosc_m":38.3,"strefa":"30-50 m","warstwa":"adresy"},"geometry":{"type":"Point","coordinates":[19.966396,49.938972]}},{"type":"Feature","properties":{"NUMER_PORZ":"7","KOD_POCZT":"32-040","NAZWA_ULC":"Ekologiczna","NAZWA_GMI":"Świątniki Górne","NAZWA_MSC":"Świątniki Górne","odleglosc_m":80.5,"strefa":"50-200 m","warstwa":"adresy"},"geometry":{"type":"Point","coordinates":[19.962161,49.933805]}},{"type":"Feature","properties":{"NUMER_PORZ":"21","KOD_POCZT":"32-040","NAZWA_ULC":"Górny Rynek","NAZWA_GMI":"Świątniki Górne","NAZWA_MSC":"Rzeszotary","odleglosc_m":0.0,"strefa":"nad tunelem","warstwa":"adresy"},"geometry":{"type":"Point","coordinates":[19.973894,49.945848]}},{"type":"Feature","properties":{"NUMER_PORZ":"9","KOD_POCZT":"32-040","NAZWA_ULC":"Piastowska","NAZWA_GMI":"Świątniki Górne","NAZWA_MSC":"Rzeszotary","odleglosc_m":22.1,"strefa":"20-30 m","warstwa":"adresy"},"geometry":{"type":"Point","coordinates":[19.975139,49.94585]}},{"type":"Feature","properties":{"NUMER_PORZ":"2","KOD_POCZT":"32-040","NAZWA_ULC":"Polanki","NAZWA_GMI":"Świątniki Górne","NAZWA_MSC":"Rzeszotary","odleglosc_m":134.9,"strefa":"50-200 m","warstwa":"adresy"},"geometry":{"type":"Point","coordinates":[19.977021,49.945848]}},{"type":"Feature","properties":{"NUMER_PORZ":"8","KOD_POCZT":"32-040","NAZWA_ULC":"Stolarska","NAZWA_GMI":"Świątniki Górne","NAZWA_MSC":"Rzeszotary","odleglosc_m":181.8,"strefa":"50-200 m","warstwa":"adresy"},"geometry":{"type":"Point","coordinates":[19.970788,49.945907]}},{"type":"Feature","properties":{"NUMER_PORZ":"3","KOD_POCZT":"32-040","NAZWA_ULC":"Piastowska","NAZWA_GMI":"Świątniki Górne","NAZWA_MSC":"Rzeszotary","odleglosc_m":0.0,"strefa":"nad tunelem","warstwa":"adresy"},"geometry":{"type":"Point","coordinates":[19.974563,49.945894]}},{"type":"Feature","properties":{"NUMER_PORZ":"11","KOD_POCZT":"32-040","NAZWA_ULC":"Piastowska","NAZWA_GMI":"Świątniki Górne","NAZWA_MSC":"Rzeszotary","odleglosc_m":36.4,"strefa":"30-50 m","warstwa":"adresy"},"geometry":{"type":"Point","coordinates":[19.975432,49.945904]}},{"type":"Feature","properties":{"NUMER_PORZ":"6","KOD_POCZT":"32-040","NAZWA_ULC":"Polanki","NAZWA_GMI":"Świątniki Górne","NAZWA_MSC":"Rzeszotary","odleglosc_m":180.5,"strefa":"50-200 m","warstwa":"adresy"},"geometry":{"type":"Point","coordinates":[19.977841,49.945905]}},{"type":"Feature","properties":{"NUMER_PORZ":"6","KOD_POCZT":"32-040","NAZWA_ULC":"Stolarska","NAZWA_GMI":"Świątniki Górne","NAZWA_MSC":"Rzeszotary","odleglosc_m":171.6,"strefa":"50-200 m","warstwa":"adresy"},"geometry":{"type":"Point","coordinates":[19.971023,49.945971]}},{"type":"Feature","properties":{"NUMER_PORZ":"2","KOD_POCZT":"32-040","NAZWA_ULC":"Szewska","NAZWA_GMI":"Świątniki Górne","NAZWA_MSC":"Rzeszotary","odleglosc_m":62.0,"strefa":"50-200 m","warstwa":"adresy"},"geometry":{"type":"Point","coordinates":[19.97284,49.945958]}},{"type":"Feature","properties":{"NUMER_PORZ":"2A","KOD_POCZT":"32-040","NAZWA_ULC":"Generała Zygmunta Zielińskiego","NAZWA_GMI":"Świątniki Górne","NAZWA_MSC":"Rzeszotary","odleglosc_m":64.3,"strefa":"50-200 m","warstwa":"adresy"},"geometry":{"type":"Point","coordinates":[19.972326,49.945493]}},{"type":"Feature","properties":{"NUMER_PORZ":"8","KOD_POCZT":"32-040","NAZWA_ULC":"Brzeziny","NAZWA_GMI":"Świątniki Górne","NAZWA_MSC":"Rzeszotary","odleglosc_m":70.5,"strefa":"50-200 m","warstwa":"adresy"},"geometry":{"type":"Point","coordinates":[19.965878,49.939014]}},{"type":"Feature","properties":{"NUMER_PORZ":"6","KOD_POCZT":"32-040","NAZWA_ULC":"Świętojańska","NAZWA_GMI":"Świątniki Górne","NAZWA_MSC":"Rzeszotary","odleglosc_m":92.0,"strefa":"50-200 m","warstwa":"adresy"},"geometry":{"type":"Point","coordinates":[19.969552,49.939306]}},{"type":"Feature","properties":{"NUMER_PORZ":"18","KOD_POCZT":"32-040","NAZWA_ULC":"Generała Zygmunta Zielińskiego","NAZWA_GMI":"Świątniki Górne","NAZWA_MSC":"Rzeszotary","odleglosc_m":126.8,"strefa":"50-200 m","warstwa":"adresy"},"geometry":{"type":"Point","coordinates":[19.971014,49.94523]}},{"type":"Feature","properties":{"NUMER_PORZ":"3","KOD_POCZT":"32-040","NAZWA_ULC":"Generała Zygmunta Zielińskiego","NAZWA_GMI":"Świątniki Górne","NAZWA_MSC":"Rzeszotary","odleglosc_m":44.0,"strefa":"30-50 m","warstwa":"adresy"},"geometry":{"type":"Point","coordinates":[19.972408,49.945241]}},{"type":"Feature","properties":{"NUMER_PORZ":"5","KOD_POCZT":"32-040","NAZWA_ULC":"Ekologiczna","NAZWA_GMI":"Świątniki Górne","NAZWA_MSC":"Świątniki Górne","odleglosc_m":86.0,"strefa":"50-200 m","warstwa":"adresy"},"geometry":{"type":"Point","coordinates":[19.962136,49.933965]}},{"type":"Feature","properties":{"NUMER_PORZ":"15","KOD_POCZT":"32-040","NAZWA_ULC":"Górny Rynek","NAZWA_GMI":"Świątniki Górne","NAZWA_MSC":"Rzeszotary","odleglosc_m":38.0,"strefa":"30-50 m","warstwa":"adresy"},"geometry":{"type":"Point","coordinates":[19.973256,49.945971]}},{"type":"Feature","properties":{"NUMER_PORZ":"4","KOD_POCZT":"32-040","NAZWA_ULC":"Stolarska","NAZWA_GMI":"Świątniki Górne","NAZWA_MSC":"Rzeszotary","odleglosc_m":140.3,"strefa":"50-200 m","warstwa":"adresy"},"geometry":{"type":"Point","coordinates":[19.971586,49.94601]}},{"type":"Feature","properties":{"NUMER_PORZ":"13","KOD_POCZT":"32-040","NAZWA_ULC":"Piastowska","NAZWA_GMI":"Świątniki Górne","NAZWA_MSC":"Rzeszotary","odleglosc_m":35.5,"strefa":"30-50 m","warstwa":"adresy"},"geometry":{"type":"Point","coordinates":[19.975629,49.946111]}},{"type":"Feature","properties":{"NUMER_PORZ":"3","KOD_POCZT":"32-040","NAZWA_ULC":"Astronoma Jana Kowalczyka","NAZWA_GMI":"Świątniki Górne","NAZWA_MSC":"Rzeszotary","odleglosc_m":126.7,"strefa":"50-200 m","warstwa":"adresy"},"geometry":{"type":"Point","coordinates":[19.972072,49.946262]}},{"type":"Feature","properties":{"NUMER_PORZ":"4","KOD_POCZT":"32-040","NAZWA_ULC":"Astronoma Jana Kowalczyka","NAZWA_GMI":"Świątniki Górne","NAZWA_MSC":"Rzeszotary","odleglosc_m":108.1,"strefa":"50-200 m","warstwa":"adresy"},"geometry":{"type":"Point","coordinates":[19.972381,49.94626]}},{"type":"Feature","properties":{"NUMER_PORZ":"33","KOD_POCZT":"32-040","NAZWA_ULC":"Wspólna","NAZWA_GMI":"Świątniki Górne","NAZWA_MSC":"Olszowice","odleglosc_m":0.0,"strefa":"nad tunelem","warstwa":"adresy"},"geometry":{"type":"Point","coordinates":[19.918417,49.913832]}},{"type":"Feature","properties":{"NUMER_PORZ":"98","KOD_POCZT":"32-040","NAZWA_ULC":"Do Dworu","NAZWA_GMI":"Świątniki Górne","NAZWA_MSC":"Olszowice","odleglosc_m":139.4,"strefa":"50-200 m","warstwa":"adresy"},"geometry":{"type":"Point","coordinates":[19.930746,49.911759]}},{"type":"Feature","properties":{"NUMER_PORZ":"106","KOD_POCZT":"32-040","NAZWA_ULC":"Do Dworu","NAZWA_GMI":"Świątniki Górne","NAZWA_MSC":"Olszowice","odleglosc_m":136.6,"strefa":"50-200 m","warstwa":"adresy"},"geometry":{"type":"Point","coordinates":[19.928798,49.912495]}},{"type":"Feature","properties":{"NUMER_PORZ":"59","KOD_POCZT":"32-040","NAZWA_ULC":"Do Dworu","NAZWA_GMI":"Świątniki Górne","NAZWA_MSC":"Olszowice","odleglosc_m":45.3,"strefa":"30-50 m","warstwa":"adresy"},"geometry":{"type":"Point","coordinates":[19.931433,49.912481]}},{"type":"Feature","properties":{"NUMER_PORZ":"55","KOD_POCZT":"32-040","NAZWA_ULC":"Do Dworu","NAZWA_GMI":"Świątniki Górne","NAZWA_MSC":"Olszowice","odleglosc_m":15.8,"strefa":"0-20 m","warstwa":"adresy"},"geometry":{"type":"Point","coordinates":[19.931137,49.912935]}},{"type":"Feature","properties":{"NUMER_PORZ":"59","KOD_POCZT":"32-040","NAZWA_ULC":"Kulerzówka","NAZWA_GMI":"Świątniki Górne","NAZWA_MSC":"Olszowice","odleglosc_m":70.4,"strefa":"50-200 m","warstwa":"adresy"},"geometry":{"type":"Point","coordinates":[19.919501,49.913231]}},{"type":"Feature","properties":{"NUMER_PORZ":"35","KOD_POCZT":"32-040","NAZWA_ULC":"Wspólna","NAZWA_GMI":"Świątniki Górne","NAZWA_MSC":"Olszowice","odleglosc_m":12.9,"strefa":"0-20 m","warstwa":"adresy"},"geometry":{"type":"Point","coordinates":[19.918698,49.913609]}},{"type":"Feature","properties":{"NUMER_PORZ":"31","KOD_POCZT":"32-040","NAZWA_ULC":"Wspólna","NAZWA_GMI":"Świątniki Górne","NAZWA_MSC":"Olszowice","odleglosc_m":0.0,"strefa":"nad tunelem","warstwa":"adresy"},"geometry":{"type":"Point","coordinates":[19.918328,49.913985]}},{"type":"Feature","properties":{"NUMER_PORZ":"51","KOD_POCZT":"32-040","NAZWA_ULC":"Kulerzówka","NAZWA_GMI":"Świątniki Górne","NAZWA_MSC":"Olszowice","odleglosc_m":0.0,"strefa":"nad tunelem","warstwa":"adresy"},"geometry":{"type":"Point","coordinates":[19.92022,49.914188]}},{"type":"Feature","properties":{"NUMER_PORZ":"40A","KOD_POCZT":"32-040","NAZWA_ULC":"Franciszka Bielowicza","NAZWA_GMI":"Świątniki Górne","NAZWA_MSC":"Świątniki Górne","odleglosc_m":0.0,"strefa":"nad tunelem","warstwa":"adresy"},"geometry":{"type":"Point","coordinates":[19.964204,49.93478]}},{"type":"Feature","properties":{"NUMER_PORZ":"42","KOD_POCZT":"32-040","NAZWA_ULC":"Franciszka Bielowicza","NAZWA_GMI":"Świątniki Górne","NAZWA_MSC":"Świątniki Górne","odleglosc_m":29.3,"strefa":"20-30 m","warstwa":"adresy"},"geometry":{"type":"Point","coordinates":[19.96324,49.934329]}},{"type":"Feature","properties":{"NUMER_PORZ":"16","KOD_POCZT":"32-040","NAZWA_ULC":"Generała Zygmunta Zielińskiego","NAZWA_GMI":"Świątniki Górne","NAZWA_MSC":"Rzeszotary","odleglosc_m":106.4,"strefa":"50-200 m","warstwa":"adresy"},"geometry":{"type":"Point","coordinates":[19.97134,49.945216]}},{"type":"Feature","properties":{"NUMER_PORZ":"7","KOD_POCZT":"32-040","NAZWA_ULC":"Piastowska","NAZWA_GMI":"Świątniki Górne","NAZWA_MSC":"Rzeszotary","odleglosc_m":22.1,"strefa":"20-30 m","warstwa":"adresy"},"geometry":{"type":"Point","coordinates":[19.975053,49.945767]}},{"type":"Feature","properties":{"NUMER_PORZ":"8","KOD_POCZT":"32-040","NAZWA_ULC":"Górny Rynek","NAZWA_GMI":"Świątniki Górne","NAZWA_MSC":"Rzeszotary","odleglosc_m":0.0,"strefa":"nad tunelem","warstwa":"adresy"},"geometry":{"type":"Point","coordinates":[19.973891,49.945531]}},{"type":"Feature","properties":{"NUMER_PORZ":"98","KOD_POCZT":"32-040","NAZWA_ULC":"Generała Zygmunta Zielińskiego","NAZWA_GMI":"Świątniki Górne","NAZWA_MSC":"Rzeszotary","odleglosc_m":72.6,"strefa":"50-200 m","warstwa":"adresy"},"geometry":{"type":"Point","coordinates":[19.966119,49.939245]}},{"type":"Feature","properties":{"NUMER_PORZ":"19","KOD_POCZT":"32-040","NAZWA_ULC":"Pod Dębiną","NAZWA_GMI":"Świątniki Górne","NAZWA_MSC":"Rzeszotary","odleglosc_m":146.9,"strefa":"50-200 m","warstwa":"adresy"},"geometry":{"type":"Point","coordinates":[19.970114,49.938943]}},{"type":"Feature","properties":{"NUMER_PORZ":"85","KOD_POCZT":"32-040","NAZWA_ULC":"św. Stanisława","NAZWA_GMI":"Świątniki Górne","NAZWA_MSC":"Świątniki Górne","odleglosc_m":112.8,"strefa":"50-200 m","warstwa":"adresy"},"geometry":{"type":"Point","coordinates":[19.959316,49.923121]}},{"type":"Feature","properties":{"NUMER_PORZ":"6","KOD_POCZT":"32-040","NAZWA_ULC":"Południowa","NAZWA_GMI":"Świątniki Górne","NAZWA_MSC":"Świątniki Górne","odleglosc_m":0.0,"strefa":"w śladzie","warstwa":"adresy"},"geometry":{"type":"Point","coordinates":[19.957587,49.92319]}},{"type":"Feature","properties":{"NUMER_PORZ":"96","KOD_POCZT":"32-040","NAZWA_ULC":"Generała Zygmunta Zielińskiego","NAZWA_GMI":"Świątniki Górne","NAZWA_MSC":"Rzeszotary","odleglosc_m":91.0,"strefa":"50-200 m","warstwa":"adresy"},"geometry":{"type":"Point","coordinates":[19.966249,49.939609]}},{"type":"Feature","properties":{"NUMER_PORZ":"11","KOD_POCZT":"32-040","NAZWA_ULC":"Górny Rynek","NAZWA_GMI":"Świątniki Górne","NAZWA_MSC":"Rzeszotary","odleglosc_m":21.1,"strefa":"20-30 m","warstwa":"adresy"},"geometry":{"type":"Point","coordinates":[19.972847,49.945296]}},{"type":"Feature","properties":{"NUMER_PORZ":"2","KOD_POCZT":"32-040","NAZWA_ULC":"Żniwiarzy","NAZWA_GMI":"Świątniki Górne","NAZWA_MSC":"Rzeszotary","odleglosc_m":5.1,"strefa":"0-20 m","warstwa":"adresy"},"geometry":{"type":"Point","coordinates":[19.974235,49.945246]}},{"type":"Feature","properties":{"NUMER_PORZ":"1","KOD_POCZT":"32-040","NAZWA_ULC":"Generała Zygmunta Zielińskiego","NAZWA_GMI":"Świątniki Górne","NAZWA_MSC":"Rzeszotary","odleglosc_m":33.7,"strefa":"30-50 m","warstwa":"adresy"},"geometry":{"type":"Point","coordinates":[19.972611,49.945271]}},{"type":"Feature","properties":{"NUMER_PORZ":"10","KOD_POCZT":"32-040","NAZWA_ULC":"Generała Zygmunta Zielińskiego","NAZWA_GMI":"Świątniki Górne","NAZWA_MSC":"Rzeszotary","odleglosc_m":85.9,"strefa":"50-200 m","warstwa":"adresy"},"geometry":{"type":"Point","coordinates":[19.971765,49.945297]}},{"type":"Feature","properties":{"NUMER_PORZ":"19","KOD_POCZT":"32-040","NAZWA_ULC":"Piastowska","NAZWA_GMI":"Świątniki Górne","NAZWA_MSC":"Rzeszotary","odleglosc_m":196.1,"strefa":"50-200 m","warstwa":"adresy"},"geometry":{"type":"Point","coordinates":[19.977555,49.945371]}},{"type":"Feature","properties":{"NUMER_PORZ":"3","KOD_POCZT":"32-040","NAZWA_ULC":"Ekologiczna","NAZWA_GMI":"Świątniki Górne","NAZWA_MSC":"Świątniki Górne","odleglosc_m":120.6,"strefa":"50-200 m","warstwa":"adresy"},"geometry":{"type":"Point","coordinates":[19.961711,49.934144]}},{"type":"Feature","properties":{"NUMER_PORZ":"1","KOD_POCZT":"32-040","NAZWA_ULC":"Kasztanowa","NAZWA_GMI":"Świątniki Górne","NAZWA_MSC":"Rzeszotary","odleglosc_m":180.1,"strefa":"50-200 m","warstwa":"adresy"},"geometry":{"type":"Point","coordinates":[19.971242,49.946323]}},{"type":"Feature","properties":{"NUMER_PORZ":"10","KOD_POCZT":"32-040","NAZWA_ULC":"Szewska","NAZWA_GMI":"Świątniki Górne","NAZWA_MSC":"Rzeszotary","odleglosc_m":45.3,"strefa":"30-50 m","warstwa":"adresy"},"geometry":{"type":"Point","coordinates":[19.973536,49.946364]}},{"type":"Feature","properties":{"NUMER_PORZ":"14","KOD_POCZT":"32-040","NAZWA_ULC":"Szewska","NAZWA_GMI":"Świątniki Górne","NAZWA_MSC":"Rzeszotary","odleglosc_m":13.8,"strefa":"0-20 m","warstwa":"adresy"},"geometry":{"type":"Point","coordinates":[19.974122,49.946421]}},{"type":"Feature","properties":{"NUMER_PORZ":"26","KOD_POCZT":"32-040","NAZWA_ULC":"Szewska","NAZWA_GMI":"Świątniki Górne","NAZWA_MSC":"Rzeszotary","odleglosc_m":26.1,"strefa":"20-30 m","warstwa":"adresy"},"geometry":{"type":"Point","coordinates":[19.975896,49.946524]}},{"type":"Feature","properties":{"NUMER_PORZ":"4","KOD_POCZT":"32-040","NAZWA_ULC":"Kasztanowa","NAZWA_GMI":"Świątniki Górne","NAZWA_MSC":"Rzeszotary","odleglosc_m":165.4,"strefa":"50-200 m","warstwa":"adresy"},"geometry":{"type":"Point","coordinates":[19.971813,49.946641]}},{"type":"Feature","properties":{"NUMER_PORZ":"6","KOD_POCZT":"32-040","NAZWA_ULC":"Kasztanowa","NAZWA_GMI":"Świątniki Górne","NAZWA_MSC":"Rzeszotary","odleglosc_m":190.3,"strefa":"50-200 m","warstwa":"adresy"},"geometry":{"type":"Point","coordinates":[19.971584,49.946825]}},{"type":"Feature","properties":{"NUMER_PORZ":"21","KOD_POCZT":"32-040","NAZWA_ULC":"Kulerzówka","NAZWA_GMI":"Świątniki Górne","NAZWA_MSC":"Olszowice","odleglosc_m":11.9,"strefa":"0-20 m","warstwa":"adresy"},"geometry":{"type":"Point","coordinates":[19.925025,49.914213]}},{"type":"Feature","properties":{"NUMER_PORZ":"50","KOD_POCZT":"32-040","NAZWA_ULC":"Kulerzówka","NAZWA_GMI":"Świątniki Górne","NAZWA_MSC":"Olszowice","odleglosc_m":0.0,"strefa":"nad tunelem","warstwa":"adresy"},"geometry":{"type":"Point","coordinates":[19.919065,49.914356]}},{"type":"Feature","properties":{"NUMER_PORZ":"39","KOD_POCZT":"32-040","NAZWA_ULC":"Kulerzówka","NAZWA_GMI":"Świątniki Górne","NAZWA_MSC":"Olszowice","odleglosc_m":0.0,"strefa":"nad tunelem","warstwa":"adresy"},"geometry":{"type":"Point","coordinates":[19.921989,49.914349]}},{"type":"Feature","properties":{"NUMER_PORZ":"25","KOD_POCZT":"32-040","NAZWA_ULC":"Kulerzówka","NAZWA_GMI":"Świątniki Górne","NAZWA_MSC":"Olszowice","odleglosc_m":0.0,"strefa":"nad tunelem","warstwa":"adresy"},"geometry":{"type":"Point","coordinates":[19.924167,49.914352]}},{"type":"Feature","properties":{"NUMER_PORZ":"46","KOD_POCZT":"32-040","NAZWA_ULC":"Kulerzówka","NAZWA_GMI":"Świątniki Górne","NAZWA_MSC":"Olszowice","odleglosc_m":0.0,"strefa":"nad tunelem","warstwa":"adresy"},"geometry":{"type":"Point","coordinates":[19.919512,49.914398]}},{"type":"Feature","properties":{"NUMER_PORZ":"29","KOD_POCZT":"32-040","NAZWA_ULC":"Kulerzówka","NAZWA_GMI":"Świątniki Górne","NAZWA_MSC":"Olszowice","odleglosc_m":0.0,"strefa":"nad tunelem","warstwa":"adresy"},"geometry":{"type":"Point","coordinates":[19.923469,49.914414]}},{"type":"Feature","properties":{"NUMER_PORZ":"31","KOD_POCZT":"32-040","NAZWA_ULC":"Kulerzówka","NAZWA_GMI":"Świątniki Górne","NAZWA_MSC":"Olszowice","odleglosc_m":0.0,"strefa":"nad tunelem","warstwa":"adresy"},"geometry":{"type":"Point","coordinates":[19.923133,49.914476]}},{"type":"Feature","properties":{"NUMER_PORZ":"21","KOD_POCZT":"32-040","NAZWA_ULC":"Wspólna","NAZWA_GMI":"Świątniki Górne","NAZWA_MSC":"Olszowice","odleglosc_m":90.2,"strefa":"50-200 m","warstwa":"adresy"},"geometry":{"type":"Point","coordinates":[19.916439,49.914642]}},{"type":"Feature","properties":{"NUMER_PORZ":"40","KOD_POCZT":"32-040","NAZWA_ULC":"Kulerzówka","NAZWA_GMI":"Świątniki Górne","NAZWA_MSC":"Olszowice","odleglosc_m":29.9,"strefa":"20-30 m","warstwa":"adresy"},"geometry":{"type":"Point","coordinates":[19.919992,49.914815]}},{"type":"Feature","properties":{"NUMER_PORZ":"15","KOD_POCZT":"32-040","NAZWA_ULC":"Wspólna","NAZWA_GMI":"Świątniki Górne","NAZWA_MSC":"Olszowice","odleglosc_m":151.3,"strefa":"50-200 m","warstwa":"adresy"},"geometry":{"type":"Point","coordinates":[19.915127,49.914894]}},{"type":"Feature","properties":{"NUMER_PORZ":"32","KOD_POCZT":"32-040","NAZWA_ULC":"Kulerzówka","NAZWA_GMI":"Świątniki Górne","NAZWA_MSC":"Olszowice","odleglosc_m":9.3,"strefa":"0-20 m","warstwa":"adresy"},"geometry":{"type":"Point","coordinates":[19.922492,49.914906]}},{"type":"Feature","properties":{"NUMER_PORZ":"41","KOD_POCZT":"32-040","NAZWA_ULC":"Do Dworu","NAZWA_GMI":"Świątniki Górne","NAZWA_MSC":"Olszowice","odleglosc_m":147.5,"strefa":"50-200 m","warstwa":"adresy"},"geometry":{"type":"Point","coordinates":[19.93129,49.915118]}},{"type":"Feature","properties":{"NUMER_PORZ":"69","KOD_POCZT":"32-040","NAZWA_ULC":"Generała Zygmunta Zielińskiego","NAZWA_GMI":"Świątniki Górne","NAZWA_MSC":"Rzeszotary","odleglosc_m":9.2,"strefa":"0-20 m","warstwa":"adresy"},"geometry":{"type":"Point","coordinates":[19.97068,49.942984]}},{"type":"Feature","properties":{"NUMER_PORZ":"5","KOD_POCZT":"32-040","NAZWA_ULC":"Astronoma Jana Kowalczyka","NAZWA_GMI":"Świątniki Górne","NAZWA_MSC":"Rzeszotary","odleglosc_m":164.8,"strefa":"50-200 m","warstwa":"adresy"},"geometry":{"type":"Point","coordinates":[19.972057,49.94687]}},{"type":"Feature","properties":{"NUMER_PORZ":"41","KOD_POCZT":"32-040","NAZWA_ULC":"Szewska","NAZWA_GMI":"Świątniki Górne","NAZWA_MSC":"Rzeszotary","odleglosc_m":67.9,"strefa":"50-200 m","warstwa":"adresy"},"geometry":{"type":"Point","coordinates":[19.976955,49.946877]}},{"type":"Feature","properties":{"NUMER_PORZ":"83","KOD_POCZT":"32-040","NAZWA_ULC":"św. Stanisława","NAZWA_GMI":"Świątniki Górne","NAZWA_MSC":"Świątniki Górne","odleglosc_m":84.3,"strefa":"50-200 m","warstwa":"adresy"},"geometry":{"type":"Point","coordinates":[19.959084,49.923422]}},{"type":"Feature","properties":{"NUMER_PORZ":"60","KOD_POCZT":"32-040","NAZWA_ULC":"św. Stanisława","NAZWA_GMI":"Świątniki Górne","NAZWA_MSC":"Świątniki Górne","odleglosc_m":0.0,"strefa":"w śladzie","warstwa":"adresy"},"geometry":{"type":"Point","coordinates":[19.957891,49.923644]}},{"type":"Feature","properties":{"NUMER_PORZ":"81","KOD_POCZT":"32-040","NAZWA_ULC":"św. Stanisława","NAZWA_GMI":"Świątniki Górne","NAZWA_MSC":"Świątniki Górne","odleglosc_m":58.1,"strefa":"50-200 m","warstwa":"adresy"},"geometry":{"type":"Point","coordinates":[19.959003,49.923889]}},{"type":"Feature","properties":{"NUMER_PORZ":"79","KOD_POCZT":"32-040","NAZWA_ULC":"św. Stanisława","NAZWA_GMI":"Świątniki Górne","NAZWA_MSC":"Świątniki Górne","odleglosc_m":44.1,"strefa":"30-50 m","warstwa":"adresy"},"geometry":{"type":"Point","coordinates":[19.959097,49.924439]}},{"type":"Feature","properties":{"NUMER_PORZ":"80","KOD_POCZT":"32-040","NAZWA_ULC":"Generała Zygmunta Zielińskiego","NAZWA_GMI":"Świątniki Górne","NAZWA_MSC":"Rzeszotary","odleglosc_m":43.2,"strefa":"30-50 m","warstwa":"adresy"},"geometry":{"type":"Point","coordinates":[19.967962,49.940607]}},{"type":"Feature","properties":{"NUMER_PORZ":"159","KOD_POCZT":"32-040","NAZWA_ULC":"Generała Zygmunta Zielińskiego","NAZWA_GMI":"Świątniki Górne","NAZWA_MSC":"Rzeszotary","odleglosc_m":0.0,"strefa":"w śladzie","warstwa":"adresy"},"geometry":{"type":"Point","coordinates":[19.969072,49.940882]}},{"type":"Feature","properties":{"NUMER_PORZ":"6","KOD_POCZT":"32-040","NAZWA_ULC":"Generała Zygmunta Zielińskiego","NAZWA_GMI":"Świątniki Górne","NAZWA_MSC":"Rzeszotary","odleglosc_m":71.6,"strefa":"50-200 m","warstwa":"adresy"},"geometry":{"type":"Point","coordinates":[19.972086,49.945376]}},{"type":"Feature","properties":{"NUMER_PORZ":"2","KOD_POCZT":"32-040","NAZWA_ULC":"Generała Zygmunta Zielińskiego","NAZWA_GMI":"Świątniki Górne","NAZWA_MSC":"Rzeszotary","odleglosc_m":60.2,"strefa":"50-200 m","warstwa":"adresy"},"geometry":{"type":"Point","coordinates":[19.9724,49.945497]}},{"type":"Feature","properties":{"NUMER_PORZ":"26","KOD_POCZT":"32-040","NAZWA_ULC":"Piastowska","NAZWA_GMI":"Świątniki Górne","NAZWA_MSC":"Rzeszotary","odleglosc_m":126.7,"strefa":"50-200 m","warstwa":"adresy"},"geometry":{"type":"Point","coordinates":[19.97653,49.945502]}},{"type":"Feature","properties":{"NUMER_PORZ":"12","KOD_POCZT":"32-040","NAZWA_ULC":"Piastowska","NAZWA_GMI":"Świątniki Górne","NAZWA_MSC":"Rzeszotary","odleglosc_m":64.1,"strefa":"50-200 m","warstwa":"adresy"},"geometry":{"type":"Point","coordinates":[19.975515,49.945532]}},{"type":"Feature","properties":{"NUMER_PORZ":"48A","KOD_POCZT":"32-040","NAZWA_ULC":"Franciszka Bielowicza","NAZWA_GMI":"Świątniki Górne","NAZWA_MSC":"Świątniki Górne","odleglosc_m":59.5,"strefa":"50-200 m","warstwa":"adresy"},"geometry":{"type":"Point","coordinates":[19.965444,49.934254]}},{"type":"Feature","properties":{"NUMER_PORZ":"12","KOD_POCZT":"32-040","NAZWA_ULC":"Generała Zygmunta Zielińskiego","NAZWA_GMI":"Świątniki Górne","NAZWA_MSC":"Rzeszotary","odleglosc_m":104.3,"strefa":"50-200 m","warstwa":"adresy"},"geometry":{"type":"Point","coordinates":[19.971596,49.945433]}},{"type":"Feature","properties":{"NUMER_PORZ":"11","KOD_POCZT":"32-040","NAZWA_ULC":"Pod Dębiną","NAZWA_GMI":"Świątniki Górne","NAZWA_MSC":"Rzeszotary","odleglosc_m":89.1,"strefa":"50-200 m","warstwa":"adresy"},"geometry":{"type":"Point","coordinates":[19.969171,49.93884]}},{"type":"Feature","properties":{"NUMER_PORZ":"39","KOD_POCZT":"32-040","NAZWA_ULC":"Do Dworu","NAZWA_GMI":"Świątniki Górne","NAZWA_MSC":"Olszowice","odleglosc_m":167.0,"strefa":"50-200 m","warstwa":"adresy"},"geometry":{"type":"Point","coordinates":[19.931514,49.915243]}},{"type":"Feature","properties":{"NUMER_PORZ":"3","KOD_POCZT":"32-040","NAZWA_ULC":"Krótka","NAZWA_GMI":"Świątniki Górne","NAZWA_MSC":"Olszowice","odleglosc_m":119.6,"strefa":"50-200 m","warstwa":"adresy"},"geometry":{"type":"Point","coordinates":[19.929291,49.915364]}},{"type":"Feature","properties":{"NUMER_PORZ":"5","KOD_POCZT":"32-040","NAZWA_ULC":"Krótka","NAZWA_GMI":"Świątniki Górne","NAZWA_MSC":"Olszowice","odleglosc_m":115.5,"strefa":"50-200 m","warstwa":"adresy"},"geometry":{"type":"Point","coordinates":[19.928946,49.915399]}},{"type":"Feature","properties":{"NUMER_PORZ":"7","KOD_POCZT":"32-040","NAZWA_ULC":"Krótka","NAZWA_GMI":"Świątniki Górne","NAZWA_MSC":"Olszowice","odleglosc_m":114.8,"strefa":"50-200 m","warstwa":"adresy"},"geometry":{"type":"Point","coordinates":[19.928656,49.915451]}},{"type":"Feature","properties":{"NUMER_PORZ":"78","KOD_POCZT":"32-040","NAZWA_ULC":"Do Dworu","NAZWA_GMI":"Świątniki Górne","NAZWA_MSC":"Olszowice","odleglosc_m":174.0,"strefa":"50-200 m","warstwa":"adresy"},"geometry":{"type":"Point","coordinates":[19.930376,49.915629]}},{"type":"Feature","properties":{"NUMER_PORZ":"2","KOD_POCZT":"32-040","NAZWA_ULC":"Dębowa","NAZWA_GMI":"Świątniki Górne","NAZWA_MSC":"Olszowice","odleglosc_m":159.6,"strefa":"50-200 m","warstwa":"adresy"},"geometry":{"type":"Point","coordinates":[19.929154,49.915773]}},{"type":"Feature","properties":{"NUMER_PORZ":"2","KOD_POCZT":"32-040","NAZWA_ULC":"Krótka","NAZWA_GMI":"Świątniki Górne","NAZWA_MSC":"Olszowice","odleglosc_m":170.0,"strefa":"50-200 m","warstwa":"adresy"},"geometry":{"type":"Point","coordinates":[19.929569,49.915782]}},{"type":"Feature","properties":{"NUMER_PORZ":"4","KOD_POCZT":"32-040","NAZWA_ULC":"Krótka","NAZWA_GMI":"Świątniki Górne","NAZWA_MSC":"Olszowice","odleglosc_m":159.0,"strefa":"50-200 m","warstwa":"adresy"},"geometry":{"type":"Point","coordinates":[19.928743,49.915849]}},{"type":"Feature","properties":{"NUMER_PORZ":"10","KOD_POCZT":"32-040","NAZWA_ULC":"Krótka","NAZWA_GMI":"Świątniki Górne","NAZWA_MSC":"Olszowice","odleglosc_m":194.5,"strefa":"50-200 m","warstwa":"adresy"},"geometry":{"type":"Point","coordinates":[19.927912,49.916311]}},{"type":"Feature","properties":{"NUMER_PORZ":"58","KOD_POCZT":"32-040","NAZWA_ULC":"Kaimówka","NAZWA_GMI":"Świątniki Górne","NAZWA_MSC":"Olszowice","odleglosc_m":195.5,"strefa":"50-200 m","warstwa":"adresy"},"geometry":{"type":"Point","coordinates":[19.926441,49.916386]}},{"type":"Feature","properties":{"NUMER_PORZ":"37","KOD_POCZT":"32-040","NAZWA_ULC":"Do Dworu","NAZWA_GMI":"Świątniki Górne","NAZWA_MSC":"Olszowice","odleglosc_m":176.1,"strefa":"50-200 m","warstwa":"adresy"},"geometry":{"type":"Point","coordinates":[19.93133,49.915387]}},{"type":"Feature","properties":{"NUMER_PORZ":"127","KOD_POCZT":"32-040","NAZWA_ULC":"Generała Zygmunta Zielińskiego","NAZWA_GMI":"Świątniki Górne","NAZWA_MSC":"Rzeszotary","odleglosc_m":117.7,"strefa":"50-200 m","warstwa":"adresy"},"geometry":{"type":"Point","coordinates":[19.968839,49.943003]}},{"type":"Feature","properties":{"NUMER_PORZ":"63A","KOD_POCZT":"32-040","NAZWA_ULC":"św. Stanisława","NAZWA_GMI":"Świątniki Górne","NAZWA_MSC":"Świątniki Górne","odleglosc_m":6.4,"strefa":"0-20 m","warstwa":"adresy"},"geometry":{"type":"Point","coordinates":[19.959072,49.927205]}},{"type":"Feature","properties":{"NUMER_PORZ":"7","KOD_POCZT":"32-040","NAZWA_ULC":"Astronoma Jana Kowalczyka","NAZWA_GMI":"Świątniki Górne","NAZWA_MSC":"Rzeszotary","odleglosc_m":191.9,"strefa":"50-200 m","warstwa":"adresy"},"geometry":{"type":"Point","coordinates":[19.972052,49.947307]}},{"type":"Feature","properties":{"NUMER_PORZ":"61","KOD_POCZT":"32-040","NAZWA_ULC":"Szewska","NAZWA_GMI":"Świątniki Górne","NAZWA_MSC":"Rzeszotary","odleglosc_m":173.0,"strefa":"50-200 m","warstwa":"adresy"},"geometry":{"type":"Point","coordinates":[19.979494,49.947641]}},{"type":"Feature","properties":{"NUMER_PORZ":"56","KOD_POCZT":"32-040","NAZWA_ULC":"św. Stanisława","NAZWA_GMI":"Świątniki Górne","NAZWA_MSC":"Świątniki Górne","odleglosc_m":0.0,"strefa":"w śladzie","warstwa":"adresy"},"geometry":{"type":"Point","coordinates":[19.958039,49.924735]}},{"type":"Feature","properties":{"NUMER_PORZ":"69","KOD_POCZT":"32-040","NAZWA_ULC":"św. Stanisława","NAZWA_GMI":"Świątniki Górne","NAZWA_MSC":"Świątniki Górne","odleglosc_m":2.2,"strefa":"0-20 m","warstwa":"adresy"},"geometry":{"type":"Point","coordinates":[19.958921,49.925114]}},{"type":"Feature","properties":{"NUMER_PORZ":"4","KOD_POCZT":"32-040","NAZWA_ULC":"Południowa","NAZWA_GMI":"Świątniki Górne","NAZWA_MSC":"Świątniki Górne","odleglosc_m":98.5,"strefa":"50-200 m","warstwa":"adresy"},"geometry":{"type":"Point","coordinates":[19.956795,49.925327]}},{"type":"Feature","properties":{"NUMER_PORZ":"54","KOD_POCZT":"32-040","NAZWA_ULC":"św. Stanisława","NAZWA_GMI":"Świątniki Górne","NAZWA_MSC":"Świątniki Górne","odleglosc_m":5.2,"strefa":"0-20 m","warstwa":"adresy"},"geometry":{"type":"Point","coordinates":[19.958179,49.925327]}},{"type":"Feature","properties":{"NUMER_PORZ":"65","KOD_POCZT":"32-040","NAZWA_ULC":"św. Stanisława","NAZWA_GMI":"Świątniki Górne","NAZWA_MSC":"Świątniki Górne","odleglosc_m":2.3,"strefa":"0-20 m","warstwa":"adresy"},"geometry":{"type":"Point","coordinates":[19.958678,49.926056]}},{"type":"Feature","properties":{"NUMER_PORZ":"50","KOD_POCZT":"32-040","NAZWA_ULC":"Franciszka Bielowicza","NAZWA_GMI":"Świątniki Górne","NAZWA_MSC":"Świątniki Górne","odleglosc_m":95.0,"strefa":"50-200 m","warstwa":"adresy"},"geometry":{"type":"Point","coordinates":[19.966077,49.9344]}},{"type":"Feature","properties":{"NUMER_PORZ":"4","KOD_POCZT":"32-040","NAZWA_ULC":"Ekologiczna","NAZWA_GMI":"Świątniki Górne","NAZWA_MSC":"Świątniki Górne","odleglosc_m":186.5,"strefa":"50-200 m","warstwa":"adresy"},"geometry":{"type":"Point","coordinates":[19.960915,49.934461]}},{"type":"Feature","properties":{"NUMER_PORZ":"5","KOD_POCZT":"32-040","NAZWA_ULC":"Piastowska","NAZWA_GMI":"Świątniki Górne","NAZWA_MSC":"Rzeszotary","odleglosc_m":4.5,"strefa":"0-20 m","warstwa":"adresy"},"geometry":{"type":"Point","coordinates":[19.974788,49.945795]}},{"type":"Feature","properties":{"NUMER_PORZ":"22","KOD_POCZT":"32-040","NAZWA_ULC":"Piastowska","NAZWA_GMI":"Świątniki Górne","NAZWA_MSC":"Rzeszotary","odleglosc_m":99.7,"strefa":"50-200 m","warstwa":"adresy"},"geometry":{"type":"Point","coordinates":[19.97594,49.945366]}},{"type":"Feature","properties":{"NUMER_PORZ":"13","KOD_POCZT":"32-040","NAZWA_ULC":"Szewska","NAZWA_GMI":"Świątniki Górne","NAZWA_MSC":"Rzeszotary","odleglosc_m":22.6,"strefa":"20-30 m","warstwa":"adresy"},"geometry":{"type":"Point","coordinates":[19.974288,49.946727]}},{"type":"Feature","properties":{"NUMER_PORZ":"57","KOD_POCZT":"32-040","NAZWA_ULC":"Szewska","NAZWA_GMI":"Świątniki Górne","NAZWA_MSC":"Rzeszotary","odleglosc_m":176.8,"strefa":"50-200 m","warstwa":"adresy"},"geometry":{"type":"Point","coordinates":[19.979302,49.947392]}},{"type":"Feature","properties":{"NUMER_PORZ":"17","KOD_POCZT":"32-040","NAZWA_ULC":"Generała Zygmunta Zielińskiego","NAZWA_GMI":"Świątniki Górne","NAZWA_MSC":"Rzeszotary","odleglosc_m":68.4,"strefa":"50-200 m","warstwa":"adresy"},"geometry":{"type":"Point","coordinates":[19.97139,49.944645]}},{"type":"Feature","properties":{"NUMER_PORZ":"14","KOD_POCZT":"32-040","NAZWA_ULC":"Pod Dębiną","NAZWA_GMI":"Świątniki Górne","NAZWA_MSC":"Rzeszotary","odleglosc_m":66.1,"strefa":"50-200 m","warstwa":"adresy"},"geometry":{"type":"Point","coordinates":[19.968666,49.938422]}},{"type":"Feature","properties":{"NUMER_PORZ":"38","KOD_POCZT":"32-040","NAZWA_ULC":"Kulerzówka","NAZWA_GMI":"Świątniki Górne","NAZWA_MSC":"Olszowice","odleglosc_m":6.8,"strefa":"0-20 m","warstwa":"adresy"},"geometry":{"type":"Point","coordinates":[19.921425,49.914795]}},{"type":"Feature","properties":{"NUMER_PORZ":"27","KOD_POCZT":"32-040","NAZWA_ULC":"Kulerzówka","NAZWA_GMI":"Świątniki Górne","NAZWA_MSC":"Olszowice","odleglosc_m":0.0,"strefa":"nad tunelem","warstwa":"adresy"},"geometry":{"type":"Point","coordinates":[19.923753,49.914387]}},{"type":"Feature","properties":{"NUMER_PORZ":"65","KOD_POCZT":"32-040","NAZWA_ULC":"Do Dworu","NAZWA_GMI":"Świątniki Górne","NAZWA_MSC":"Olszowice","odleglosc_m":60.7,"strefa":"50-200 m","warstwa":"adresy"},"geometry":{"type":"Point","coordinates":[19.932064,49.912002]}},{"type":"Feature","properties":{"NUMER_PORZ":"35","KOD_POCZT":"32-040","NAZWA_ULC":"Kulerzówka","NAZWA_GMI":"Świątniki Górne","NAZWA_MSC":"Olszowice","odleglosc_m":0.0,"strefa":"nad tunelem","warstwa":"adresy"},"geometry":{"type":"Point","coordinates":[19.922612,49.914397]}},{"type":"Feature","properties":{"NUMER_PORZ":"61C","KOD_POCZT":"32-040","NAZWA_ULC":"św. Stanisława","NAZWA_GMI":"Świątniki Górne","NAZWA_MSC":"Świątniki Górne","odleglosc_m":81.0,"strefa":"50-200 m","warstwa":"adresy"},"geometry":{"type":"Point","coordinates":[19.958336,49.927996]}},{"type":"Feature","properties":{"NUMER_PORZ":"50","KOD_POCZT":"32-040","NAZWA_ULC":"św. Stanisława","NAZWA_GMI":"Świątniki Górne","NAZWA_MSC":"Świątniki Górne","odleglosc_m":73.8,"strefa":"50-200 m","warstwa":"adresy"},"geometry":{"type":"Point","coordinates":[19.957889,49.926548]}},{"type":"Feature","properties":{"NUMER_PORZ":"48","KOD_POCZT":"32-040","NAZWA_ULC":"Franciszka Bielowicza","NAZWA_GMI":"Świątniki Górne","NAZWA_MSC":"Świątniki Górne","odleglosc_m":57.4,"strefa":"50-200 m","warstwa":"adresy"},"geometry":{"type":"Point","coordinates":[19.965624,49.934576]}},{"type":"Feature","properties":{"NUMER_PORZ":"151","KOD_POCZT":"32-040","NAZWA_ULC":"Generała Zygmunta Zielińskiego","NAZWA_GMI":"Świątniki Górne","NAZWA_MSC":"Rzeszotary","odleglosc_m":58.6,"strefa":"50-200 m","warstwa":"adresy"},"geometry":{"type":"Point","coordinates":[19.968951,49.941917]}},{"type":"Feature","properties":{"NUMER_PORZ":"73","KOD_POCZT":"32-040","NAZWA_ULC":"Generała Zygmunta Zielińskiego","NAZWA_GMI":"Świątniki Górne","NAZWA_MSC":"Rzeszotary","odleglosc_m":47.3,"strefa":"30-50 m","warstwa":"adresy"},"geometry":{"type":"Point","coordinates":[19.96988,49.942861]}},{"type":"Feature","properties":{"NUMER_PORZ":"59","KOD_POCZT":"32-040","NAZWA_ULC":"św. Stanisława","NAZWA_GMI":"Świątniki Górne","NAZWA_MSC":"Świątniki Górne","odleglosc_m":178.0,"strefa":"50-200 m","warstwa":"adresy"},"geometry":{"type":"Point","coordinates":[19.957784,49.929317]}},{"type":"Feature","properties":{"NUMER_PORZ":"1","KOD_POCZT":"32-040","NAZWA_ULC":"Południowa","NAZWA_GMI":"Świątniki Górne","NAZWA_MSC":"Świątniki Górne","odleglosc_m":91.9,"strefa":"50-200 m","warstwa":"adresy"},"geometry":{"type":"Point","coordinates":[19.957834,49.927187]}},{"type":"Feature","properties":{"NUMER_PORZ":"63","KOD_POCZT":"32-040","NAZWA_ULC":"św. Stanisława","NAZWA_GMI":"Świątniki Górne","NAZWA_MSC":"Świątniki Górne","odleglosc_m":35.9,"strefa":"30-50 m","warstwa":"adresy"},"geometry":{"type":"Point","coordinates":[19.958681,49.927296]}},{"type":"Feature","properties":{"NUMER_PORZ":"143","KOD_POCZT":"32-040","NAZWA_ULC":"Generała Zygmunta Zielińskiego","NAZWA_GMI":"Świątniki Górne","NAZWA_MSC":"Rzeszotary","odleglosc_m":114.9,"strefa":"50-200 m","warstwa":"adresy"},"geometry":{"type":"Point","coordinates":[19.968502,49.942444]}},{"type":"Feature","properties":{"NUMER_PORZ":"141","KOD_POCZT":"32-040","NAZWA_ULC":"Generała Zygmunta Zielińskiego","NAZWA_GMI":"Świątniki Górne","NAZWA_MSC":"Rzeszotary","odleglosc_m":105.7,"strefa":"50-200 m","warstwa":"adresy"},"geometry":{"type":"Point","coordinates":[19.968738,49.942586]}},{"type":"Feature","properties":{"NUMER_PORZ":"44","KOD_POCZT":"32-040","NAZWA_ULC":"Franciszka Bielowicza","NAZWA_GMI":"Świątniki Górne","NAZWA_MSC":"Świątniki Górne","odleglosc_m":2.3,"strefa":"0-20 m","warstwa":"adresy"},"geometry":{"type":"Point","coordinates":[19.964803,49.934598]}},{"type":"Feature","properties":{"NUMER_PORZ":"67","KOD_POCZT":"32-040","NAZWA_ULC":"Franciszka Bielowicza","NAZWA_GMI":"Świątniki Górne","NAZWA_MSC":"Świątniki Górne","odleglosc_m":166.6,"strefa":"50-200 m","warstwa":"adresy"},"geometry":{"type":"Point","coordinates":[19.967286,49.934587]}},{"type":"Feature","properties":{"NUMER_PORZ":"28","KOD_POCZT":"32-040","NAZWA_ULC":"Franciszka Bielowicza","NAZWA_GMI":"Świątniki Górne","NAZWA_MSC":"Świątniki Górne","odleglosc_m":100.3,"strefa":"50-200 m","warstwa":"adresy"},"geometry":{"type":"Point","coordinates":[19.962367,49.934638]}},{"type":"Feature","properties":{"NUMER_PORZ":"2","KOD_POCZT":"32-040","NAZWA_ULC":"Ekologiczna","NAZWA_GMI":"Świątniki Górne","NAZWA_MSC":"Świątniki Górne","odleglosc_m":194.5,"strefa":"50-200 m","warstwa":"adresy"},"geometry":{"type":"Point","coordinates":[19.960964,49.934685]}},{"type":"Feature","properties":{"NUMER_PORZ":"13","KOD_POCZT":"32-040","NAZWA_ULC":"Górny Rynek","NAZWA_GMI":"Świątniki Górne","NAZWA_MSC":"Rzeszotary","odleglosc_m":54.5,"strefa":"50-200 m","warstwa":"adresy"},"geometry":{"type":"Point","coordinates":[19.972966,49.945958]}},{"type":"Feature","properties":{"NUMER_PORZ":"8","KOD_POCZT":"32-040","NAZWA_ULC":"Szewska","NAZWA_GMI":"Świątniki Górne","NAZWA_MSC":"Rzeszotary","odleglosc_m":54.9,"strefa":"50-200 m","warstwa":"adresy"},"geometry":{"type":"Point","coordinates":[19.973434,49.946421]}},{"type":"Feature","properties":{"NUMER_PORZ":"59","KOD_POCZT":"32-040","NAZWA_ULC":"Szewska","NAZWA_GMI":"Świątniki Górne","NAZWA_MSC":"Rzeszotary","odleglosc_m":166.4,"strefa":"50-200 m","warstwa":"adresy"},"geometry":{"type":"Point","coordinates":[19.979381,49.947638]}},{"type":"Feature","properties":{"NUMER_PORZ":"23","KOD_POCZT":"32-040","NAZWA_ULC":"Generała Zygmunta Zielińskiego","NAZWA_GMI":"Świątniki Górne","NAZWA_MSC":"Rzeszotary","odleglosc_m":135.0,"strefa":"50-200 m","warstwa":"adresy"},"geometry":{"type":"Point","coordinates":[19.970414,49.944777]}},{"type":"Feature","properties":{"NUMER_PORZ":"45","KOD_POCZT":"32-040","NAZWA_ULC":"Wspólna","NAZWA_GMI":"Świątniki Górne","NAZWA_MSC":"Olszowice","odleglosc_m":135.6,"strefa":"50-200 m","warstwa":"adresy"},"geometry":{"type":"Point","coordinates":[19.920848,49.912862]}},{"type":"Feature","properties":{"NUMER_PORZ":"25","KOD_POCZT":"32-040","NAZWA_ULC":"Wspólna","NAZWA_GMI":"Świątniki Górne","NAZWA_MSC":"Olszowice","odleglosc_m":27.9,"strefa":"20-30 m","warstwa":"adresy"},"geometry":{"type":"Point","coordinates":[19.91743,49.914284]}},{"type":"Feature","properties":{"NUMER_PORZ":"29","KOD_POCZT":"32-040","NAZWA_ULC":"Wspólna","NAZWA_GMI":"Świątniki Górne","NAZWA_MSC":"Olszowice","odleglosc_m":0.0,"strefa":"nad tunelem","warstwa":"adresy"},"geometry":{"type":"Point","coordinates":[19.918094,49.914125]}},{"type":"Feature","properties":{"NUMER_PORZ":"63","KOD_POCZT":"32-040","NAZWA_ULC":"Do Dworu","NAZWA_GMI":"Świątniki Górne","NAZWA_MSC":"Olszowice","odleglosc_m":19.5,"strefa":"0-20 m","warstwa":"adresy"},"geometry":{"type":"Point","coordinates":[19.932012,49.912518]}},{"type":"Feature","properties":{"NUMER_PORZ":"7","KOD_POCZT":"32-040","NAZWA_ULC":"Kulerzówka","NAZWA_GMI":"Świątniki Górne","NAZWA_MSC":"Olszowice","odleglosc_m":24.3,"strefa":"20-30 m","warstwa":"adresy"},"geometry":{"type":"Point","coordinates":[19.929539,49.913389]}},{"type":"Feature","properties":{"NUMER_PORZ":"45","KOD_POCZT":"32-040","NAZWA_ULC":"Do Dworu","NAZWA_GMI":"Świątniki Górne","NAZWA_MSC":"Olszowice","odleglosc_m":100.1,"strefa":"50-200 m","warstwa":"adresy"},"geometry":{"type":"Point","coordinates":[19.931095,49.914705]}},{"type":"Feature","properties":{"NUMER_PORZ":"13","KOD_POCZT":"32-040","NAZWA_ULC":"Krótka","NAZWA_GMI":"Świątniki Górne","NAZWA_MSC":"Olszowice","odleglosc_m":131.4,"strefa":"50-200 m","warstwa":"adresy"},"geometry":{"type":"Point","coordinates":[19.927836,49.915738]}},{"type":"Feature","properties":{"NUMER_PORZ":"54","KOD_POCZT":"32-040","NAZWA_ULC":"Kaimówka","NAZWA_GMI":"Świątniki Górne","NAZWA_MSC":"Olszowice","odleglosc_m":176.7,"strefa":"50-200 m","warstwa":"adresy"},"geometry":{"type":"Point","coordinates":[19.925587,49.916363]}},{"type":"Feature","properties":{"NUMER_PORZ":"11","KOD_POCZT":"32-040","NAZWA_ULC":"Brzeziny","NAZWA_GMI":"Świątniki Górne","NAZWA_MSC":"Rzeszotary","odleglosc_m":189.6,"strefa":"50-200 m","warstwa":"adresy"},"geometry":{"type":"Point","coordinates":[19.963559,49.93841]}},{"type":"Feature","properties":{"NUMER_PORZ":"7","KOD_POCZT":"32-040","NAZWA_ULC":"Brzeziny","NAZWA_GMI":"Świątniki Górne","NAZWA_MSC":"Rzeszotary","odleglosc_m":147.9,"strefa":"50-200 m","warstwa":"adresy"},"geometry":{"type":"Point","coordinates":[19.964103,49.938272]}},{"type":"Feature","properties":{"NUMER_PORZ":"18","KOD_POCZT":"32-040","NAZWA_ULC":"Brzeziny","NAZWA_GMI":"Świątniki Górne","NAZWA_MSC":"Rzeszotary","odleglosc_m":162.3,"strefa":"50-200 m","warstwa":"adresy"},"geometry":{"type":"Point","coordinates":[19.964062,49.938589]}},{"type":"Feature","properties":{"NUMER_PORZ":"1","KOD_POCZT":"32-040","NAZWA_ULC":"Brzeziny","NAZWA_GMI":"Świątniki Górne","NAZWA_MSC":"Rzeszotary","odleglosc_m":28.0,"strefa":"20-30 m","warstwa":"adresy"},"geometry":{"type":"Point","coordinates":[19.965679,49.9379]}},{"type":"Feature","properties":{"NUMER_PORZ":"108","KOD_POCZT":"32-040","NAZWA_ULC":"Generała Zygmunta Zielińskiego","NAZWA_GMI":"Świątniki Górne","NAZWA_MSC":"Rzeszotary","odleglosc_m":0.0,"strefa":"w śladzie","warstwa":"adresy"},"geometry":{"type":"Point","coordinates":[19.966302,49.938059]}},{"type":"Feature","properties":{"NUMER_PORZ":"106","KOD_POCZT":"32-040","NAZWA_ULC":"Generała Zygmunta Zielińskiego","NAZWA_GMI":"Świątniki Górne","NAZWA_MSC":"Rzeszotary","odleglosc_m":6.4,"strefa":"0-20 m","warstwa":"adresy"},"geometry":{"type":"Point","coordinates":[19.966324,49.938396]}},{"type":"Feature","properties":{"NUMER_PORZ":"122","KOD_POCZT":"32-040","NAZWA_ULC":"Generała Zygmunta Zielińskiego","NAZWA_GMI":"Świątniki Górne","NAZWA_MSC":"Rzeszotary","odleglosc_m":69.8,"strefa":"50-200 m","warstwa":"adresy"},"geometry":{"type":"Point","coordinates":[19.967172,49.936638]}},{"type":"Feature","properties":{"NUMER_PORZ":"118","KOD_POCZT":"32-040","NAZWA_ULC":"Generała Zygmunta Zielińskiego","NAZWA_GMI":"Świątniki Górne","NAZWA_MSC":"Rzeszotary","odleglosc_m":25.2,"strefa":"20-30 m","warstwa":"adresy"},"geometry":{"type":"Point","coordinates":[19.966669,49.936886]}},{"type":"Feature","properties":{"NUMER_PORZ":"5","KOD_POCZT":"32-040","NAZWA_ULC":"Pod Dębiną","NAZWA_GMI":"Świątniki Górne","NAZWA_MSC":"Rzeszotary","odleglosc_m":37.6,"strefa":"30-50 m","warstwa":"adresy"},"geometry":{"type":"Point","coordinates":[19.968345,49.938632]}},{"type":"Feature","properties":{"NUMER_PORZ":"8","KOD_POCZT":"32-040","NAZWA_ULC":"Pod Dębiną","NAZWA_GMI":"Świątniki Górne","NAZWA_MSC":"Rzeszotary","odleglosc_m":43.0,"strefa":"30-50 m","warstwa":"adresy"},"geometry":{"type":"Point","coordinates":[19.968296,49.938347]}},{"type":"Feature","properties":{"NUMER_PORZ":"48","KOD_POCZT":"32-040","NAZWA_ULC":"św. Stanisława","NAZWA_GMI":"Świątniki Górne","NAZWA_MSC":"Świątniki Górne","odleglosc_m":132.9,"strefa":"50-200 m","warstwa":"adresy"},"geometry":{"type":"Point","coordinates":[19.957766,49.928344]}},{"type":"Feature","properties":{"NUMER_PORZ":"3","KOD_POCZT":"32-040","NAZWA_ULC":"Króla Władysława Jagiełły","NAZWA_GMI":"Świątniki Górne","NAZWA_MSC":"Rzeszotary","odleglosc_m":189.2,"strefa":"50-200 m","warstwa":"adresy"},"geometry":{"type":"Point","coordinates":[19.967656,49.942866]}},{"type":"Feature","properties":{"NUMER_PORZ":"65","KOD_POCZT":"32-040","NAZWA_ULC":"Franciszka Bielowicza","NAZWA_GMI":"Świątniki Górne","NAZWA_MSC":"Świątniki Górne","odleglosc_m":135.5,"strefa":"50-200 m","warstwa":"adresy"},"geometry":{"type":"Point","coordinates":[19.966876,49.934682]}},{"type":"Feature","properties":{"NUMER_PORZ":"46","KOD_POCZT":"32-040","NAZWA_ULC":"Franciszka Bielowicza","NAZWA_GMI":"Świątniki Górne","NAZWA_MSC":"Świątniki Górne","odleglosc_m":18.7,"strefa":"0-20 m","warstwa":"adresy"},"geometry":{"type":"Point","coordinates":[19.96512,49.9347]}},{"type":"Feature","properties":{"NUMER_PORZ":"40","KOD_POCZT":"32-040","NAZWA_ULC":"Franciszka Bielowicza","NAZWA_GMI":"Świątniki Górne","NAZWA_MSC":"Świątniki Górne","odleglosc_m":0.0,"strefa":"nad tunelem","warstwa":"adresy"},"geometry":{"type":"Point","coordinates":[19.964408,49.934707]}},{"type":"Feature","properties":{"NUMER_PORZ":"24","KOD_POCZT":"32-040","NAZWA_ULC":"Franciszka Bielowicza","NAZWA_GMI":"Świątniki Górne","NAZWA_MSC":"Świątniki Górne","odleglosc_m":120.3,"strefa":"50-200 m","warstwa":"adresy"},"geometry":{"type":"Point","coordinates":[19.962127,49.934731]}},{"type":"Feature","properties":{"NUMER_PORZ":"1","KOD_POCZT":"32-040","NAZWA_ULC":"Ekologiczna","NAZWA_GMI":"Świątniki Górne","NAZWA_MSC":"Świątniki Górne","odleglosc_m":151.2,"strefa":"50-200 m","warstwa":"adresy"},"geometry":{"type":"Point","coordinates":[19.961671,49.934752]}},{"type":"Feature","properties":{"NUMER_PORZ":"25","KOD_POCZT":"32-040","NAZWA_ULC":"Pod Dębiną","NAZWA_GMI":"Świątniki Górne","NAZWA_MSC":"Rzeszotary","odleglosc_m":180.1,"strefa":"50-200 m","warstwa":"adresy"},"geometry":{"type":"Point","coordinates":[19.97022,49.938197]}},{"type":"Feature","properties":{"NUMER_PORZ":"9","KOD_POCZT":"32-040","NAZWA_ULC":"Pod Dębiną","NAZWA_GMI":"Świątniki Górne","NAZWA_MSC":"Rzeszotary","odleglosc_m":97.6,"strefa":"50-200 m","warstwa":"adresy"},"geometry":{"type":"Point","coordinates":[19.969211,49.938643]}},{"type":"Feature","properties":{"NUMER_PORZ":"4","KOD_POCZT":"32-040","NAZWA_ULC":"Dębowa","NAZWA_GMI":"Świątniki Górne","NAZWA_MSC":"Olszowice","odleglosc_m":168.4,"strefa":"50-200 m","warstwa":"adresy"},"geometry":{"type":"Point","coordinates":[19.929213,49.915843]}},{"type":"Feature","properties":{"NUMER_PORZ":"16","KOD_POCZT":"32-040","NAZWA_ULC":"Pod Dębiną","NAZWA_GMI":"Świątniki Górne","NAZWA_MSC":"Rzeszotary","odleglosc_m":84.8,"strefa":"50-200 m","warstwa":"adresy"},"geometry":{"type":"Point","coordinates":[19.968935,49.938417]}},{"type":"Feature","properties":{"NUMER_PORZ":"18","KOD_POCZT":"32-040","NAZWA_ULC":"Pod Dębiną","NAZWA_GMI":"Świątniki Górne","NAZWA_MSC":"Rzeszotary","odleglosc_m":105.1,"strefa":"50-200 m","warstwa":"adresy"},"geometry":{"type":"Point","coordinates":[19.969128,49.93819]}},{"type":"Feature","properties":{"NUMER_PORZ":"24","KOD_POCZT":"32-040","NAZWA_ULC":"Pod Dębiną","NAZWA_GMI":"Świątniki Górne","NAZWA_MSC":"Rzeszotary","odleglosc_m":149.2,"strefa":"50-200 m","warstwa":"adresy"},"geometry":{"type":"Point","coordinates":[19.969649,49.937959]}},{"type":"Feature","properties":{"NUMER_PORZ":"28","KOD_POCZT":"32-040","NAZWA_ULC":"Pod Dębiną","NAZWA_GMI":"Świątniki Górne","NAZWA_MSC":"Rzeszotary","odleglosc_m":162.2,"strefa":"50-200 m","warstwa":"adresy"},"geometry":{"type":"Point","coordinates":[19.96991,49.938082]}},{"type":"Feature","properties":{"NUMER_PORZ":"17","KOD_POCZT":"32-040","NAZWA_ULC":"Pod Dębiną","NAZWA_GMI":"Świątniki Górne","NAZWA_MSC":"Rzeszotary","odleglosc_m":131.1,"strefa":"50-200 m","warstwa":"adresy"},"geometry":{"type":"Point","coordinates":[19.970032,49.939126]}},{"type":"Feature","properties":{"NUMER_PORZ":"1","KOD_POCZT":"32-040","NAZWA_ULC":"Zastawiec","NAZWA_GMI":"Świątniki Górne","NAZWA_MSC":"Rzeszotary","odleglosc_m":179.2,"strefa":"50-200 m","warstwa":"adresy"},"geometry":{"type":"Point","coordinates":[19.968197,49.93568]}},{"type":"Feature","properties":{"NUMER_PORZ":"4","KOD_POCZT":"32-040","NAZWA_ULC":"Polna","NAZWA_GMI":"Świątniki Górne","NAZWA_MSC":"Świątniki Górne","odleglosc_m":152.4,"strefa":"50-200 m","warstwa":"adresy"},"geometry":{"type":"Point","coordinates":[19.958284,49.929523]}},{"type":"Feature","properties":{"NUMER_PORZ":"67","KOD_POCZT":"32-040","NAZWA_ULC":"Generała Zygmunta Zielińskiego","NAZWA_GMI":"Świątniki Górne","NAZWA_MSC":"Rzeszotary","odleglosc_m":0.0,"strefa":"nad tunelem","warstwa":"adresy"},"geometry":{"type":"Point","coordinates":[19.971119,49.943025]}},{"type":"Feature","properties":{"NUMER_PORZ":"1","KOD_POCZT":"32-040","NAZWA_ULC":"Króla Władysława Jagiełły","NAZWA_GMI":"Świątniki Górne","NAZWA_MSC":"Rzeszotary","odleglosc_m":186.3,"strefa":"50-200 m","warstwa":"adresy"},"geometry":{"type":"Point","coordinates":[19.967783,49.942987]}},{"type":"Feature","properties":{"NUMER_PORZ":"137","KOD_POCZT":"32-040","NAZWA_ULC":"Generała Zygmunta Zielińskiego","NAZWA_GMI":"Świątniki Górne","NAZWA_MSC":"Rzeszotary","odleglosc_m":140.3,"strefa":"50-200 m","warstwa":"adresy"},"geometry":{"type":"Point","coordinates":[19.96851,49.943027]}},{"type":"Feature","properties":{"NUMER_PORZ":"36","KOD_POCZT":"32-040","NAZWA_ULC":"Franciszka Bielowicza","NAZWA_GMI":"Świątniki Górne","NAZWA_MSC":"Świątniki Górne","odleglosc_m":30.5,"strefa":"30-50 m","warstwa":"adresy"},"geometry":{"type":"Point","coordinates":[19.963516,49.934777]}},{"type":"Feature","properties":{"NUMER_PORZ":"32","KOD_POCZT":"32-040","NAZWA_ULC":"Franciszka Bielowicza","NAZWA_GMI":"Świątniki Górne","NAZWA_MSC":"Świątniki Górne","odleglosc_m":59.9,"strefa":"50-200 m","warstwa":"adresy"},"geometry":{"type":"Point","coordinates":[19.963077,49.934786]}},{"type":"Feature","properties":{"NUMER_PORZ":"86","KOD_POCZT":"32-040","NAZWA_ULC":"Do Dworu","NAZWA_GMI":"Świątniki Górne","NAZWA_MSC":"Olszowice","odleglosc_m":58.2,"strefa":"50-200 m","warstwa":"adresy"},"geometry":{"type":"Point","coordinates":[19.930313,49.914519]}},{"type":"Feature","properties":{"NUMER_PORZ":"7","KOD_POCZT":"32-040","NAZWA_ULC":"Pod Dębiną","NAZWA_GMI":"Świątniki Górne","NAZWA_MSC":"Rzeszotary","odleglosc_m":60.5,"strefa":"50-200 m","warstwa":"adresy"},"geometry":{"type":"Point","coordinates":[19.968711,49.938728]}},{"type":"Feature","properties":{"NUMER_PORZ":"61","KOD_POCZT":"32-040","NAZWA_ULC":"św. Stanisława","NAZWA_GMI":"Świątniki Górne","NAZWA_MSC":"Świątniki Górne","odleglosc_m":135.2,"strefa":"50-200 m","warstwa":"adresy"},"geometry":{"type":"Point","coordinates":[19.962339,49.927121]}},{"type":"Feature","properties":{"NUMER_PORZ":"17","KOD_POCZT":"32-040","NAZWA_ULC":"Szewska","NAZWA_GMI":"Świątniki Górne","NAZWA_MSC":"Rzeszotary","odleglosc_m":0.0,"strefa":"nad tunelem","warstwa":"adresy"},"geometry":{"type":"Point","coordinates":[19.97499,49.946777]}},{"type":"Feature","properties":{"NUMER_PORZ":"19","KOD_POCZT":"32-040","NAZWA_ULC":"Szewska","NAZWA_GMI":"Świątniki Górne","NAZWA_MSC":"Rzeszotary","odleglosc_m":10.0,"strefa":"0-20 m","warstwa":"adresy"},"geometry":{"type":"Point","coordinates":[19.974974,49.947192]}},{"type":"Feature","properties":{"NUMER_PORZ":"21","KOD_POCZT":"32-040","NAZWA_ULC":"Szewska","NAZWA_GMI":"Świątniki Górne","NAZWA_MSC":"Rzeszotary","odleglosc_m":25.1,"strefa":"20-30 m","warstwa":"adresy"},"geometry":{"type":"Point","coordinates":[19.975309,49.947766]}},{"type":"Feature","properties":{"NUMER_PORZ":"8A","KOD_POCZT":"32-040","NAZWA_ULC":"Krótka","NAZWA_GMI":"Świątniki Górne","NAZWA_MSC":"Olszowice","odleglosc_m":166.2,"strefa":"50-200 m","warstwa":"adresy"},"geometry":{"type":"Point","coordinates":[19.928218,49.916007]}},{"type":"Feature","properties":{"NUMER_PORZ":"8","KOD_POCZT":"32-040","NAZWA_ULC":"Krótka","NAZWA_GMI":"Świątniki Górne","NAZWA_MSC":"Olszowice","odleglosc_m":164.3,"strefa":"50-200 m","warstwa":"adresy"},"geometry":{"type":"Point","coordinates":[19.928357,49.915965]}},{"type":"Feature","properties":{"NUMER_PORZ":"102","KOD_POCZT":"32-040","NAZWA_ULC":"Do Dworu","NAZWA_GMI":"Świątniki Górne","NAZWA_MSC":"Olszowice","odleglosc_m":140.3,"strefa":"50-200 m","warstwa":"adresy"},"geometry":{"type":"Point","coordinates":[19.929822,49.912117]}},{"type":"Feature","properties":{"NUMER_PORZ":"23","KOD_POCZT":"32-040","NAZWA_ULC":"Szewska","NAZWA_GMI":"Świątniki Górne","NAZWA_MSC":"Rzeszotary","odleglosc_m":0.4,"strefa":"0-20 m","warstwa":"adresy"},"geometry":{"type":"Point","coordinates":[19.97577,49.946821]}},{"type":"Feature","properties":{"NUMER_PORZ":"16","KOD_POCZT":"32-040","NAZWA_ULC":"Astronoma Jana Kowalczyka","NAZWA_GMI":"Świątniki Górne","NAZWA_MSC":"Rzeszotary","odleglosc_m":176.7,"strefa":"50-200 m","warstwa":"adresy"},"geometry":{"type":"Point","coordinates":[19.972531,49.947526]}},{"type":"Feature","properties":{"NUMER_PORZ":"94","KOD_POCZT":"32-040","NAZWA_ULC":"Do Dworu","NAZWA_GMI":"Świątniki Górne","NAZWA_MSC":"Olszowice","odleglosc_m":83.1,"strefa":"50-200 m","warstwa":"adresy"},"geometry":{"type":"Point","coordinates":[19.929797,49.912727]}},{"type":"Feature","properties":{"NUMER_PORZ":"76","KOD_POCZT":"32-040","NAZWA_ULC":"Do Dworu","NAZWA_GMI":"Świątniki Górne","NAZWA_MSC":"Olszowice","odleglosc_m":179.8,"strefa":"50-200 m","warstwa":"adresy"},"geometry":{"type":"Point","coordinates":[19.930079,49.915759]}},{"type":"Feature","properties":{"NUMER_PORZ":"43","KOD_POCZT":"32-040","NAZWA_ULC":"Do Dworu","NAZWA_GMI":"Świątniki Górne","NAZWA_MSC":"Olszowice","odleglosc_m":123.2,"strefa":"50-200 m","warstwa":"adresy"},"geometry":{"type":"Point","coordinates":[19.931275,49.91488]}},{"type":"Feature","properties":{"NUMER_PORZ":"27","KOD_POCZT":"32-040","NAZWA_ULC":"Wspólna","NAZWA_GMI":"Świątniki Górne","NAZWA_MSC":"Olszowice","odleglosc_m":0.0,"strefa":"nad tunelem","warstwa":"adresy"},"geometry":{"type":"Point","coordinates":[19.917822,49.913999]}},{"type":"Feature","properties":{"NUMER_PORZ":"5","KOD_POCZT":"32-040","NAZWA_ULC":"Kluszyna","NAZWA_GMI":"Świątniki Górne","NAZWA_MSC":"Rzeszotary","odleglosc_m":23.0,"strefa":"20-30 m","warstwa":"adresy"},"geometry":{"type":"Point","coordinates":[19.973354,49.944092]}},{"type":"Feature","properties":{"NUMER_PORZ":"42","KOD_POCZT":"32-040","NAZWA_ULC":"Kulerzówka","NAZWA_GMI":"Świątniki Górne","NAZWA_MSC":"Olszowice","odleglosc_m":7.8,"strefa":"0-20 m","warstwa":"adresy"},"geometry":{"type":"Point","coordinates":[19.91983,49.914584]}},{"type":"Feature","properties":{"NUMER_PORZ":"19","KOD_POCZT":"32-040","NAZWA_ULC":"Polna","NAZWA_GMI":"Świątniki Górne","NAZWA_MSC":"Świątniki Górne","odleglosc_m":127.1,"strefa":"50-200 m","warstwa":"adresy"},"geometry":{"type":"Point","coordinates":[19.959725,49.930783]}},{"type":"Feature","properties":{"NUMER_PORZ":"101","KOD_POCZT":"32-040","NAZWA_ULC":"Generała Zygmunta Zielińskiego","NAZWA_GMI":"Świątniki Górne","NAZWA_MSC":"Rzeszotary","odleglosc_m":56.4,"strefa":"50-200 m","warstwa":"adresy"},"geometry":{"type":"Point","coordinates":[19.971752,49.941989]}},{"type":"Feature","properties":{"NUMER_PORZ":"37","KOD_POCZT":"32-040","NAZWA_ULC":"Kulerzówka","NAZWA_GMI":"Świątniki Górne","NAZWA_MSC":"Olszowice","odleglosc_m":0.0,"strefa":"nad tunelem","warstwa":"adresy"},"geometry":{"type":"Point","coordinates":[19.922277,49.914432]}},{"type":"Feature","properties":{"NUMER_PORZ":"6","KOD_POCZT":"32-040","NAZWA_ULC":"Krótka","NAZWA_GMI":"Świątniki Górne","NAZWA_MSC":"Olszowice","odleglosc_m":166.6,"strefa":"50-200 m","warstwa":"adresy"},"geometry":{"type":"Point","coordinates":[19.928627,49.915939]}},{"type":"Feature","properties":{"NUMER_PORZ":"77A","KOD_POCZT":"32-040","NAZWA_ULC":"Do Dworu","NAZWA_GMI":"Świątniki Górne","NAZWA_MSC":"Olszowice","odleglosc_m":175.8,"strefa":"50-200 m","warstwa":"adresy"},"geometry":{"type":"Point","coordinates":[19.931589,49.910903]}},{"type":"Feature","properties":{"NUMER_PORZ":"10B","KOD_POCZT":"32-040","NAZWA_ULC":"Ekologiczna","NAZWA_GMI":"Świątniki Górne","NAZWA_MSC":"Świątniki Górne","odleglosc_m":93.6,"strefa":"50-200 m","warstwa":"adresy"},"geometry":{"type":"Point","coordinates":[19.961718,49.933471]}},{"type":"Feature","properties":{"NUMER_PORZ":"10C","KOD_POCZT":"32-040","NAZWA_ULC":"Ekologiczna","NAZWA_GMI":"Świątniki Górne","NAZWA_MSC":"Świątniki Górne","odleglosc_m":188.9,"strefa":"50-200 m","warstwa":"adresy"},"geometry":{"type":"Point","coordinates":[19.960197,49.933074]}},{"type":"Feature","properties":{"NUMER_PORZ":"10D","KOD_POCZT":"32-040","NAZWA_ULC":"Ekologiczna","NAZWA_GMI":"Świątniki Górne","NAZWA_MSC":"Świątniki Górne","odleglosc_m":167.2,"strefa":"50-200 m","warstwa":"adresy"},"geometry":{"type":"Point","coordinates":[19.960711,49.933609]}},{"type":"Feature","properties":{"NUMER_PORZ":"10L","KOD_POCZT":"32-040","NAZWA_ULC":"Ekologiczna","NAZWA_GMI":"Świątniki Górne","NAZWA_MSC":"Świątniki Górne","odleglosc_m":119.5,"strefa":"50-200 m","warstwa":"adresy"},"geometry":{"type":"Point","coordinates":[19.961228,49.933188]}},{"type":"Feature","properties":{"NUMER_PORZ":"10M","KOD_POCZT":"32-040","NAZWA_ULC":"Ekologiczna","NAZWA_GMI":"Świątniki Górne","NAZWA_MSC":"Świątniki Górne","odleglosc_m":118.3,"strefa":"50-200 m","warstwa":"adresy"},"geometry":{"type":"Point","coordinates":[19.961225,49.933118]}},{"type":"Feature","properties":{"NUMER_PORZ":"10N","KOD_POCZT":"32-040","NAZWA_ULC":"Ekologiczna","NAZWA_GMI":"Świątniki Górne","NAZWA_MSC":"Świątniki Górne","odleglosc_m":115.7,"strefa":"50-200 m","warstwa":"adresy"},"geometry":{"type":"Point","coordinates":[19.961228,49.933034]}},{"type":"Feature","properties":{"NUMER_PORZ":"10O","KOD_POCZT":"32-040","NAZWA_ULC":"Ekologiczna","NAZWA_GMI":"Świątniki Górne","NAZWA_MSC":"Świątniki Górne","odleglosc_m":114.4,"strefa":"50-200 m","warstwa":"adresy"},"geometry":{"type":"Point","coordinates":[19.961229,49.932986]}},{"type":"Feature","properties":{"NUMER_PORZ":"3","KOD_POCZT":"32-040","NAZWA_ULC":"Świętego Walentego","NAZWA_GMI":"Świątniki Górne","NAZWA_MSC":"Rzeszotary","odleglosc_m":55.0,"strefa":"50-200 m","warstwa":"adresy"},"geometry":{"type":"Point","coordinates":[19.968047,49.937778]}},{"type":"Feature","properties":{"NUMER_PORZ":"96","KOD_POCZT":"32-040","NAZWA_ULC":"Do Dworu","NAZWA_GMI":"Świątniki Górne","NAZWA_MSC":"Olszowice","odleglosc_m":68.3,"strefa":"50-200 m","warstwa":"adresy"},"geometry":{"type":"Point","coordinates":[19.930332,49.912677]}},{"type":"Feature","properties":{"NUMER_PORZ":"19A","KOD_POCZT":"32-040","NAZWA_ULC":"Szewska","NAZWA_GMI":"Świątniki Górne","NAZWA_MSC":"Rzeszotary","odleglosc_m":45.6,"strefa":"30-50 m","warstwa":"adresy"},"geometry":{"type":"Point","coordinates":[19.974783,49.947587]}},{"type":"Feature","properties":{"NUMER_PORZ":"79A","KOD_POCZT":"32-040","NAZWA_ULC":"Do Dworu","NAZWA_GMI":"Świątniki Górne","NAZWA_MSC":"Olszowice","odleglosc_m":145.6,"strefa":"50-200 m","warstwa":"adresy"},"geometry":{"type":"Point","coordinates":[19.932842,49.91052]}},{"type":"Feature","properties":{"NUMER_PORZ":"61D","KOD_POCZT":"32-040","NAZWA_ULC":"św. Stanisława","NAZWA_GMI":"Świątniki Górne","NAZWA_MSC":"Świątniki Górne","odleglosc_m":64.0,"strefa":"50-200 m","warstwa":"adresy"},"geometry":{"type":"Point","coordinates":[19.958446,49.927736]}},{"type":"Feature","properties":{"NUMER_PORZ":"61E","KOD_POCZT":"32-040","NAZWA_ULC":"św. Stanisława","NAZWA_GMI":"Świątniki Górne","NAZWA_MSC":"Świątniki Górne","odleglosc_m":68.2,"strefa":"50-200 m","warstwa":"adresy"},"geometry":{"type":"Point","coordinates":[19.958307,49.927567]}},{"type":"Feature","properties":{"NUMER_PORZ":"75A","KOD_POCZT":"32-040","NAZWA_ULC":"Franciszka Bielowicza","NAZWA_GMI":"Świątniki Górne","NAZWA_MSC":"Świątniki Górne","odleglosc_m":139.4,"strefa":"50-200 m","warstwa":"adresy"},"geometry":{"type":"Point","coordinates":[19.967568,49.935642]}},{"type":"Feature","properties":{"NUMER_PORZ":"87","KOD_POCZT":"32-040","NAZWA_ULC":"Generała Zygmunta Zielińskiego","NAZWA_GMI":"Świątniki Górne","NAZWA_MSC":"Rzeszotary","odleglosc_m":26.1,"strefa":"20-30 m","warstwa":"adresy"},"geometry":{"type":"Point","coordinates":[19.971691,49.942417]}},{"type":"Feature","properties":{"NUMER_PORZ":"59E","KOD_POCZT":"32-040","NAZWA_ULC":"św. Stanisława","NAZWA_GMI":"Świątniki Górne","NAZWA_MSC":"Świątniki Górne","odleglosc_m":130.8,"strefa":"50-200 m","warstwa":"adresy"},"geometry":{"type":"Point","coordinates":[19.958076,49.92872]}},{"type":"Feature","properties":{"NUMER_PORZ":"7A","KOD_POCZT":"32-040","NAZWA_ULC":"Szewska","NAZWA_GMI":"Świątniki Górne","NAZWA_MSC":"Rzeszotary","odleglosc_m":83.5,"strefa":"50-200 m","warstwa":"adresy"},"geometry":{"type":"Point","coordinates":[19.973507,49.946959]}},{"type":"Feature","properties":{"NUMER_PORZ":"85","KOD_POCZT":"32-040","NAZWA_ULC":"Generała Zygmunta Zielińskiego","NAZWA_GMI":"Świątniki Górne","NAZWA_MSC":"Rzeszotary","odleglosc_m":8.4,"strefa":"0-20 m","warstwa":"adresy"},"geometry":{"type":"Point","coordinates":[19.971675,49.94269]}},{"type":"Feature","properties":{"NUMER_PORZ":"61A","KOD_POCZT":"32-040","NAZWA_ULC":"św. Stanisława","NAZWA_GMI":"Świątniki Górne","NAZWA_MSC":"Świątniki Górne","odleglosc_m":84.6,"strefa":"50-200 m","warstwa":"adresy"},"geometry":{"type":"Point","coordinates":[19.958425,49.928242]}},{"type":"Feature","properties":{"NUMER_PORZ":"48","KOD_POCZT":"32-040","NAZWA_ULC":"Kaimówka","NAZWA_GMI":"Świątniki Górne","NAZWA_MSC":"Olszowice","odleglosc_m":180.9,"strefa":"50-200 m","warstwa":"adresy"},"geometry":{"type":"Point","coordinates":[19.924138,49.916494]}},{"type":"Feature","properties":{"NUMER_PORZ":"83A","KOD_POCZT":"32-040","NAZWA_ULC":"Generała Zygmunta Zielińskiego","NAZWA_GMI":"Świątniki Górne","NAZWA_MSC":"Rzeszotary","odleglosc_m":0.0,"strefa":"nad tunelem","warstwa":"adresy"},"geometry":{"type":"Point","coordinates":[19.971192,49.942717]}},{"type":"Feature","properties":{"NUMER_PORZ":"2","KOD_POCZT":"32-040","NAZWA_ULC":"Stolarska","NAZWA_GMI":"Świątniki Górne","NAZWA_MSC":"Rzeszotary","odleglosc_m":130.3,"strefa":"50-200 m","warstwa":"adresy"},"geometry":{"type":"Point","coordinates":[19.971789,49.946045]}},{"type":"Feature","properties":{"NUMER_PORZ":"63A","KOD_POCZT":"32-040","NAZWA_ULC":"Franciszka Bielowicza","NAZWA_GMI":"Świątniki Górne","NAZWA_MSC":"Świątniki Górne","odleglosc_m":100.5,"strefa":"50-200 m","warstwa":"adresy"},"geometry":{"type":"Point","coordinates":[19.966455,49.934846]}},{"type":"Feature","properties":{"NUMER_PORZ":"83","KOD_POCZT":"32-040","NAZWA_ULC":"Generała Zygmunta Zielińskiego","NAZWA_GMI":"Świątniki Górne","NAZWA_MSC":"Rzeszotary","odleglosc_m":0.0,"strefa":"nad tunelem","warstwa":"adresy"},"geometry":{"type":"Point","coordinates":[19.971225,49.942547]}},{"type":"Feature","properties":{"NUMER_PORZ":"9","KOD_POCZT":"32-040","NAZWA_ULC":"Krótka","NAZWA_GMI":"Świątniki Górne","NAZWA_MSC":"Olszowice","odleglosc_m":119.2,"strefa":"50-200 m","warstwa":"adresy"},"geometry":{"type":"Point","coordinates":[19.928371,49.915543]}},{"type":"Feature","properties":{"NUMER_PORZ":"57","KOD_POCZT":"32-040","NAZWA_ULC":"Generała Zygmunta Zielińskiego","NAZWA_GMI":"Świątniki Górne","NAZWA_MSC":"Rzeszotary","odleglosc_m":54.7,"strefa":"50-200 m","warstwa":"adresy"},"geometry":{"type":"Point","coordinates":[19.970345,49.943401]}},{"type":"Feature","properties":{"NUMER_PORZ":"22","KOD_POCZT":"32-040","NAZWA_ULC":"Szewska","NAZWA_GMI":"Świątniki Górne","NAZWA_MSC":"Rzeszotary","odleglosc_m":0.0,"strefa":"nad tunelem","warstwa":"adresy"},"geometry":{"type":"Point","coordinates":[19.975292,49.946514]}},{"type":"Feature","properties":{"NUMER_PORZ":"10G","KOD_POCZT":"32-040","NAZWA_ULC":"Ekologiczna","NAZWA_GMI":"Świątniki Górne","NAZWA_MSC":"Świątniki Górne","odleglosc_m":150.0,"strefa":"50-200 m","warstwa":"adresy"},"geometry":{"type":"Point","coordinates":[19.961021,49.933718]}},{"type":"Feature","properties":{"NUMER_PORZ":"10K","KOD_POCZT":"32-040","NAZWA_ULC":"Ekologiczna","NAZWA_GMI":"Świątniki Górne","NAZWA_MSC":"Świątniki Górne","odleglosc_m":139.4,"strefa":"50-200 m","warstwa":"adresy"},"geometry":{"type":"Point","coordinates":[19.961198,49.933748]}},{"type":"Feature","properties":{"NUMER_PORZ":"6B","KOD_POCZT":"32-040","NAZWA_ULC":"Południowa","NAZWA_GMI":"Świątniki Górne","NAZWA_MSC":"Świątniki Górne","odleglosc_m":54.6,"strefa":"50-200 m","warstwa":"adresy"},"geometry":{"type":"Point","coordinates":[19.95689,49.9243]}},{"type":"Feature","properties":{"NUMER_PORZ":"6A","KOD_POCZT":"32-040","NAZWA_ULC":"Południowa","NAZWA_GMI":"Świątniki Górne","NAZWA_MSC":"Świątniki Górne","odleglosc_m":47.2,"strefa":"30-50 m","warstwa":"adresy"},"geometry":{"type":"Point","coordinates":[19.956912,49.924113]}},{"type":"Feature","properties":{"NUMER_PORZ":"6C","KOD_POCZT":"32-040","NAZWA_ULC":"Południowa","NAZWA_GMI":"Świątniki Górne","NAZWA_MSC":"Świątniki Górne","odleglosc_m":62.6,"strefa":"50-200 m","warstwa":"adresy"},"geometry":{"type":"Point","coordinates":[19.95688,49.924524]}},{"type":"Feature","properties":{"NUMER_PORZ":"65","KOD_POCZT":"32-040","NAZWA_ULC":"Generała Zygmunta Zielińskiego","NAZWA_GMI":"Świątniki Górne","NAZWA_MSC":"Rzeszotary","odleglosc_m":0.0,"strefa":"nad tunelem","warstwa":"adresy"},"geometry":{"type":"Point","coordinates":[19.971648,49.943087]}},{"type":"Feature","properties":{"NUMER_PORZ":"3","KOD_POCZT":"32-040","NAZWA_ULC":"Kluszyna","NAZWA_GMI":"Świątniki Górne","NAZWA_MSC":"Rzeszotary","odleglosc_m":0.0,"strefa":"nad tunelem","warstwa":"adresy"},"geometry":{"type":"Point","coordinates":[19.973249,49.94447]}},{"type":"Feature","properties":{"NUMER_PORZ":"10H","KOD_POCZT":"32-040","NAZWA_ULC":"Ekologiczna","NAZWA_GMI":"Świątniki Górne","NAZWA_MSC":"Świątniki Górne","odleglosc_m":132.4,"strefa":"50-200 m","warstwa":"adresy"},"geometry":{"type":"Point","coordinates":[19.961112,49.933389]}},{"type":"Feature","properties":{"NUMER_PORZ":"3","KOD_POCZT":"32-040","NAZWA_ULC":"Polanki","NAZWA_GMI":"Świątniki Górne","NAZWA_MSC":"Rzeszotary","odleglosc_m":141.5,"strefa":"50-200 m","warstwa":"adresy"},"geometry":{"type":"Point","coordinates":[19.977388,49.946099]}},{"type":"Feature","properties":{"NUMER_PORZ":"36","KOD_POCZT":"32-040","NAZWA_ULC":"Szewska","NAZWA_GMI":"Świątniki Górne","NAZWA_MSC":"Rzeszotary","odleglosc_m":190.2,"strefa":"50-200 m","warstwa":"adresy"},"geometry":{"type":"Point","coordinates":[19.979067,49.946943]}},{"type":"Feature","properties":{"NUMER_PORZ":"4","KOD_POCZT":"32-040","NAZWA_ULC":"Żniwiarzy","NAZWA_GMI":"Świątniki Górne","NAZWA_MSC":"Rzeszotary","odleglosc_m":32.7,"strefa":"30-50 m","warstwa":"adresy"},"geometry":{"type":"Point","coordinates":[19.974267,49.944825]}},{"type":"Feature","properties":{"NUMER_PORZ":"21A","KOD_POCZT":"32-040","NAZWA_ULC":"Szewska","NAZWA_GMI":"Świątniki Górne","NAZWA_MSC":"Rzeszotary","odleglosc_m":0.2,"strefa":"0-20 m","warstwa":"adresy"},"geometry":{"type":"Point","coordinates":[19.975827,49.947865]}},{"type":"Feature","properties":{"NUMER_PORZ":"53","KOD_POCZT":"32-040","NAZWA_ULC":"Generała Zygmunta Zielińskiego","NAZWA_GMI":"Świątniki Górne","NAZWA_MSC":"Rzeszotary","odleglosc_m":91.2,"strefa":"50-200 m","warstwa":"adresy"},"geometry":{"type":"Point","coordinates":[19.969704,49.94337]}},{"type":"Feature","properties":{"NUMER_PORZ":"57","KOD_POCZT":"32-040","NAZWA_ULC":"Kulerzówka","NAZWA_GMI":"Świątniki Górne","NAZWA_MSC":"Olszowice","odleglosc_m":36.7,"strefa":"30-50 m","warstwa":"adresy"},"geometry":{"type":"Point","coordinates":[19.919541,49.913556]}},{"type":"Feature","properties":{"NUMER_PORZ":"59B","KOD_POCZT":"32-040","NAZWA_ULC":"Franciszka Bielowicza","NAZWA_GMI":"Świątniki Górne","NAZWA_MSC":"Świątniki Górne","odleglosc_m":34.6,"strefa":"30-50 m","warstwa":"adresy"},"geometry":{"type":"Point","coordinates":[19.965967,49.935619]}},{"type":"Feature","properties":{"NUMER_PORZ":"179","KOD_POCZT":"32-040","NAZWA_ULC":"Generała Zygmunta Zielińskiego","NAZWA_GMI":"Świątniki Górne","NAZWA_MSC":"Rzeszotary","odleglosc_m":112.4,"strefa":"50-200 m","warstwa":"adresy"},"geometry":{"type":"Point","coordinates":[19.968078,49.936825]}},{"type":"Feature","properties":{"NUMER_PORZ":"81","KOD_POCZT":"32-040","NAZWA_ULC":"Generała Zygmunta Zielińskiego","NAZWA_GMI":"Świątniki Górne","NAZWA_MSC":"Rzeszotary","odleglosc_m":0.0,"strefa":"nad tunelem","warstwa":"adresy"},"geometry":{"type":"Point","coordinates":[19.970808,49.942666]}},{"type":"Feature","properties":{"NUMER_PORZ":"5A","KOD_POCZT":"32-040","NAZWA_ULC":"Kluszyna","NAZWA_GMI":"Świątniki Górne","NAZWA_MSC":"Rzeszotary","odleglosc_m":48.9,"strefa":"30-50 m","warstwa":"adresy"},"geometry":{"type":"Point","coordinates":[19.973378,49.943693]}},{"type":"Feature","properties":{"NUMER_PORZ":"57C","KOD_POCZT":"32-040","NAZWA_ULC":"Franciszka Bielowicza","NAZWA_GMI":"Świątniki Górne","NAZWA_MSC":"Świątniki Górne","odleglosc_m":4.6,"strefa":"0-20 m","warstwa":"adresy"},"geometry":{"type":"Point","coordinates":[19.965591,49.935738]}},{"type":"Feature","properties":{"NUMER_PORZ":"25","KOD_POCZT":"32-040","NAZWA_ULC":"Szewska","NAZWA_GMI":"Świątniki Górne","NAZWA_MSC":"Rzeszotary","odleglosc_m":17.5,"strefa":"0-20 m","warstwa":"adresy"},"geometry":{"type":"Point","coordinates":[19.976122,49.946886]}},{"type":"Feature","properties":{"NUMER_PORZ":"83","KOD_POCZT":"32-040","NAZWA_ULC":"Graniczna","NAZWA_GMI":"Świątniki Górne","NAZWA_MSC":"Świątniki Górne","odleglosc_m":183.6,"strefa":"50-200 m","warstwa":"adresy"},"geometry":{"type":"Point","coordinates":[19.95346,49.921946]}},{"type":"Feature","properties":{"NUMER_PORZ":"9","KOD_POCZT":"32-040","NAZWA_ULC":"Świętego Walentego","NAZWA_GMI":"Świątniki Górne","NAZWA_MSC":"Rzeszotary","odleglosc_m":96.1,"strefa":"50-200 m","warstwa":"adresy"},"geometry":{"type":"Point","coordinates":[19.968336,49.937361]}},{"type":"Feature","properties":{"NUMER_PORZ":"2","KOD_POCZT":"32-040","NAZWA_ULC":"Południowa","NAZWA_GMI":"Świątniki Górne","NAZWA_MSC":"Świątniki Górne","odleglosc_m":124.6,"strefa":"50-200 m","warstwa":"adresy"},"geometry":{"type":"Point","coordinates":[19.957376,49.927197]}},{"type":"Feature","properties":{"NUMER_PORZ":"51","KOD_POCZT":"32-040","NAZWA_ULC":"Do Dworu","NAZWA_GMI":"Świątniki Górne","NAZWA_MSC":"Olszowice","odleglosc_m":19.3,"strefa":"0-20 m","warstwa":"adresy"},"geometry":{"type":"Point","coordinates":[19.931045,49.913912]}},{"type":"Feature","properties":{"NUMER_PORZ":"43","KOD_POCZT":"32-040","NAZWA_ULC":"Wspólna","NAZWA_GMI":"Świątniki Górne","NAZWA_MSC":"Olszowice","odleglosc_m":81.9,"strefa":"50-200 m","warstwa":"adresy"},"geometry":{"type":"Point","coordinates":[19.919978,49.913214]}},{"type":"Feature","properties":{"NUMER_PORZ":"41","KOD_POCZT":"32-040","NAZWA_ULC":"Wspólna","NAZWA_GMI":"Świątniki Górne","NAZWA_MSC":"Olszowice","odleglosc_m":115.1,"strefa":"50-200 m","warstwa":"adresy"},"geometry":{"type":"Point","coordinates":[19.919838,49.912877]}},{"type":"Feature","properties":{"NUMER_PORZ":"9","KOD_POCZT":"32-040","NAZWA_ULC":"Kluszyna","NAZWA_GMI":"Świątniki Górne","NAZWA_MSC":"Rzeszotary","odleglosc_m":2.6,"strefa":"0-20 m","warstwa":"adresy"},"geometry":{"type":"Point","coordinates":[19.973019,49.944099]}},{"type":"Feature","properties":{"NUMER_PORZ":"105A","KOD_POCZT":"32-040","NAZWA_ULC":"Generała Zygmunta Zielińskiego","NAZWA_GMI":"Świątniki Górne","NAZWA_MSC":"Rzeszotary","odleglosc_m":111.0,"strefa":"50-200 m","warstwa":"adresy"},"geometry":{"type":"Point","coordinates":[19.971828,49.941319]}},{"type":"Feature","properties":{"NUMER_PORZ":"105","KOD_POCZT":"32-040","NAZWA_ULC":"Generała Zygmunta Zielińskiego","NAZWA_GMI":"Świątniki Górne","NAZWA_MSC":"Rzeszotary","odleglosc_m":102.8,"strefa":"50-200 m","warstwa":"adresy"},"geometry":{"type":"Point","coordinates":[19.971826,49.941432]}},{"type":"Feature","properties":{"NUMER_PORZ":"24A","KOD_POCZT":"32-040","NAZWA_ULC":"Piastowska","NAZWA_GMI":"Świątniki Górne","NAZWA_MSC":"Rzeszotary","odleglosc_m":111.9,"strefa":"50-200 m","warstwa":"adresy"},"geometry":{"type":"Point","coordinates":[19.976452,49.945668]}},{"type":"Feature","properties":{"NUMER_PORZ":"20","KOD_POCZT":"32-040","NAZWA_ULC":"Pod Dębiną","NAZWA_GMI":"Świątniki Górne","NAZWA_MSC":"Rzeszotary","odleglosc_m":75.7,"strefa":"50-200 m","warstwa":"adresy"},"geometry":{"type":"Point","coordinates":[19.968658,49.93815]}},{"type":"Feature","properties":{"NUMER_PORZ":"5","KOD_POCZT":"32-040","NAZWA_ULC":"Polanki","NAZWA_GMI":"Świątniki Górne","NAZWA_MSC":"Rzeszotary","odleglosc_m":154.3,"strefa":"50-200 m","warstwa":"adresy"},"geometry":{"type":"Point","coordinates":[19.977684,49.946179]}},{"type":"Feature","properties":{"NUMER_PORZ":"87B","KOD_POCZT":"32-040","NAZWA_ULC":"Graniczna","NAZWA_GMI":"Świątniki Górne","NAZWA_MSC":"Świątniki Górne","odleglosc_m":116.4,"strefa":"50-200 m","warstwa":"adresy"},"geometry":{"type":"Point","coordinates":[19.954731,49.922228]}},{"type":"Feature","properties":{"NUMER_PORZ":"2B","KOD_POCZT":"32-040","NAZWA_ULC":"Południowa","NAZWA_GMI":"Świątniki Górne","NAZWA_MSC":"Świątniki Górne","odleglosc_m":179.3,"strefa":"50-200 m","warstwa":"adresy"},"geometry":{"type":"Point","coordinates":[19.955839,49.925771]}},{"type":"Feature","properties":{"NUMER_PORZ":"2D","KOD_POCZT":"32-040","NAZWA_ULC":"Południowa","NAZWA_GMI":"Świątniki Górne","NAZWA_MSC":"Świątniki Górne","odleglosc_m":149.7,"strefa":"50-200 m","warstwa":"adresy"},"geometry":{"type":"Point","coordinates":[19.956206,49.925643]}},{"type":"Feature","properties":{"NUMER_PORZ":"84","KOD_POCZT":"32-040","NAZWA_ULC":"Generała Zygmunta Zielińskiego","NAZWA_GMI":"Świątniki Górne","NAZWA_MSC":"Rzeszotary","odleglosc_m":0.0,"strefa":"w śladzie","warstwa":"adresy"},"geometry":{"type":"Point","coordinates":[19.968153,49.939916]}},{"type":"Feature","properties":{"NUMER_PORZ":"86","KOD_POCZT":"32-040","NAZWA_ULC":"Generała Zygmunta Zielińskiego","NAZWA_GMI":"Świątniki Górne","NAZWA_MSC":"Rzeszotary","odleglosc_m":3.5,"strefa":"0-20 m","warstwa":"adresy"},"geometry":{"type":"Point","coordinates":[19.967855,49.939804]}},{"type":"Feature","properties":{"NUMER_PORZ":"9","KOD_POCZT":"32-040","NAZWA_ULC":"Górny Rynek","NAZWA_GMI":"Świątniki Górne","NAZWA_MSC":"Rzeszotary","odleglosc_m":0.0,"strefa":"nad tunelem","warstwa":"adresy"},"geometry":{"type":"Point","coordinates":[19.973237,49.945083]}},{"type":"Feature","properties":{"NUMER_PORZ":"66","KOD_POCZT":"32-040","NAZWA_ULC":"Generała Zygmunta Zielińskiego","NAZWA_GMI":"Świątniki Górne","NAZWA_MSC":"Rzeszotary","odleglosc_m":124.3,"strefa":"50-200 m","warstwa":"adresy"},"geometry":{"type":"Point","coordinates":[19.967778,49.941931]}},{"type":"Feature","properties":{"NUMER_PORZ":"89B","KOD_POCZT":"32-040","NAZWA_ULC":"Graniczna","NAZWA_GMI":"Świątniki Górne","NAZWA_MSC":"Świątniki Górne","odleglosc_m":85.8,"strefa":"50-200 m","warstwa":"adresy"},"geometry":{"type":"Point","coordinates":[19.955152,49.922139]}},{"type":"Feature","properties":{"NUMER_PORZ":"89A","KOD_POCZT":"32-040","NAZWA_ULC":"Graniczna","NAZWA_GMI":"Świątniki Górne","NAZWA_MSC":"Świątniki Górne","odleglosc_m":84.2,"strefa":"50-200 m","warstwa":"adresy"},"geometry":{"type":"Point","coordinates":[19.955026,49.921979]}},{"type":"Feature","properties":{"NUMER_PORZ":"59","KOD_POCZT":"32-040","NAZWA_ULC":"Generała Zygmunta Zielińskiego","NAZWA_GMI":"Świątniki Górne","NAZWA_MSC":"Rzeszotary","odleglosc_m":21.5,"strefa":"20-30 m","warstwa":"adresy"},"geometry":{"type":"Point","coordinates":[19.970822,49.943324]}},{"type":"Feature","properties":{"NUMER_PORZ":"132","KOD_POCZT":"32-400","NAZWA_ULC":"Andrzeja Średniawskiego","NAZWA_GMI":"Myślenice","NAZWA_MSC":"Myślenice","odleglosc_m":197.5,"strefa":"50-200 m","warstwa":"adresy"},"geometry":{"type":"Point","coordinates":[19.90864,49.832342]}},{"type":"Feature","properties":{"NUMER_PORZ":"1","KOD_POCZT":"32-400","NAZWA_ULC":"Tarnówka","NAZWA_GMI":"Myślenice","NAZWA_MSC":"Myślenice","odleglosc_m":130.7,"strefa":"50-200 m","warstwa":"adresy"},"geometry":{"type":"Point","coordinates":[19.924363,49.8453]}},{"type":"Feature","properties":{"NUMER_PORZ":"122","KOD_POCZT":"32-400","NAZWA_ULC":"3-ego Maja","NAZWA_GMI":"Myślenice","NAZWA_MSC":"Myślenice","odleglosc_m":185.6,"strefa":"50-200 m","warstwa":"adresy"},"geometry":{"type":"Point","coordinates":[19.908317,49.830417]}},{"type":"Feature","properties":{"NUMER_PORZ":"3h","KOD_POCZT":"32-400","NAZWA_ULC":"Tarnówka","NAZWA_GMI":"Myślenice","NAZWA_MSC":"Myślenice","odleglosc_m":44.3,"strefa":"30-50 m","warstwa":"adresy"},"geometry":{"type":"Point","coordinates":[19.924166,49.847012]}},{"type":"Feature","properties":{"NUMER_PORZ":"5","KOD_POCZT":"32-400","NAZWA_ULC":"Tarnówka","NAZWA_GMI":"Myślenice","NAZWA_MSC":"Myślenice","odleglosc_m":169.6,"strefa":"50-200 m","warstwa":"adresy"},"geometry":{"type":"Point","coordinates":[19.9222,49.849443]}},{"type":"Feature","properties":{"NUMER_PORZ":"126","KOD_POCZT":"32-400","NAZWA_ULC":"Andrzeja Średniawskiego","NAZWA_GMI":"Myślenice","NAZWA_MSC":"Myślenice","odleglosc_m":52.4,"strefa":"50-200 m","warstwa":"adresy"},"geometry":{"type":"Point","coordinates":[19.91061,49.832035]}},{"type":"Feature","properties":{"NUMER_PORZ":"125","KOD_POCZT":"32-400","NAZWA_ULC":"Andrzeja Średniawskiego","NAZWA_GMI":"Myślenice","NAZWA_MSC":"Myślenice","odleglosc_m":4.8,"strefa":"0-20 m","warstwa":"adresy"},"geometry":{"type":"Point","coordinates":[19.911297,49.832114]}},{"type":"Feature","properties":{"NUMER_PORZ":"119a","KOD_POCZT":"32-400","NAZWA_ULC":"Andrzeja Średniawskiego","NAZWA_GMI":"Myślenice","NAZWA_MSC":"Myślenice","odleglosc_m":86.5,"strefa":"50-200 m","warstwa":"adresy"},"geometry":{"type":"Point","coordinates":[19.913191,49.832879]}},{"type":"Feature","properties":{"NUMER_PORZ":"115b","KOD_POCZT":"32-400","NAZWA_ULC":"3-ego Maja","NAZWA_GMI":"Myślenice","NAZWA_MSC":"Myślenice","odleglosc_m":35.5,"strefa":"30-50 m","warstwa":"adresy"},"geometry":{"type":"Point","coordinates":[19.910432,49.830135]}},{"type":"Feature","properties":{"NUMER_PORZ":"5b","KOD_POCZT":"32-400","NAZWA_ULC":"Tarnówka","NAZWA_GMI":"Myślenice","NAZWA_MSC":"Myślenice","odleglosc_m":69.4,"strefa":"50-200 m","warstwa":"adresy"},"geometry":{"type":"Point","coordinates":[19.923445,49.84903]}},{"type":"Feature","properties":{"NUMER_PORZ":"125a","KOD_POCZT":"32-400","NAZWA_ULC":"Andrzeja Średniawskiego","NAZWA_GMI":"Myślenice","NAZWA_MSC":"Myślenice","odleglosc_m":32.5,"strefa":"30-50 m","warstwa":"adresy"},"geometry":{"type":"Point","coordinates":[19.910883,49.831999]}},{"type":"Feature","properties":{"NUMER_PORZ":"118b","KOD_POCZT":"32-400","NAZWA_ULC":"3-ego Maja","NAZWA_GMI":"Myślenice","NAZWA_MSC":"Myślenice","odleglosc_m":82.2,"strefa":"50-200 m","warstwa":"adresy"},"geometry":{"type":"Point","coordinates":[19.909717,49.830707]}},{"type":"Feature","properties":{"NUMER_PORZ":"118a","KOD_POCZT":"32-400","NAZWA_ULC":"3-ego Maja","NAZWA_GMI":"Myślenice","NAZWA_MSC":"Myślenice","odleglosc_m":101.6,"strefa":"50-200 m","warstwa":"adresy"},"geometry":{"type":"Point","coordinates":[19.909451,49.83066]}},{"type":"Feature","properties":{"NUMER_PORZ":"3d","KOD_POCZT":"32-400","NAZWA_ULC":"Tarnówka","NAZWA_GMI":"Myślenice","NAZWA_MSC":"Myślenice","odleglosc_m":140.1,"strefa":"50-200 m","warstwa":"adresy"},"geometry":{"type":"Point","coordinates":[19.924837,49.845785]}},{"type":"Feature","properties":{"NUMER_PORZ":"130e","KOD_POCZT":"32-400","NAZWA_ULC":"Andrzeja Średniawskiego","NAZWA_GMI":"Myślenice","NAZWA_MSC":"Myślenice","odleglosc_m":183.5,"strefa":"50-200 m","warstwa":"adresy"},"geometry":{"type":"Point","coordinates":[19.908961,49.832824]}},{"type":"Feature","properties":{"NUMER_PORZ":"4d","KOD_POCZT":"32-400","NAZWA_ULC":"Tarnówka","NAZWA_GMI":"Myślenice","NAZWA_MSC":"Myślenice","odleglosc_m":0.0,"strefa":"w śladzie","warstwa":"adresy"},"geometry":{"type":"Point","coordinates":[19.925303,49.849956]}},{"type":"Feature","properties":{"NUMER_PORZ":"113","KOD_POCZT":"32-400","NAZWA_ULC":"Andrzeja Średniawskiego","NAZWA_GMI":"Myślenice","NAZWA_MSC":"Myślenice","odleglosc_m":193.4,"strefa":"50-200 m","warstwa":"adresy"},"geometry":{"type":"Point","coordinates":[19.914592,49.832515]}},{"type":"Feature","properties":{"NUMER_PORZ":"116c","KOD_POCZT":"32-400","NAZWA_ULC":"3-ego Maja","NAZWA_GMI":"Myślenice","NAZWA_MSC":"Myślenice","odleglosc_m":147.4,"strefa":"50-200 m","warstwa":"adresy"},"geometry":{"type":"Point","coordinates":[19.908809,49.830949]}},{"type":"Feature","properties":{"NUMER_PORZ":"4G","KOD_POCZT":"32-400","NAZWA_ULC":"Tarnówka","NAZWA_GMI":"Myślenice","NAZWA_MSC":"Myślenice","odleglosc_m":2.8,"strefa":"0-20 m","warstwa":"adresy"},"geometry":{"type":"Point","coordinates":[19.925634,49.85098]}},{"type":"Feature","properties":{"NUMER_PORZ":"4H","KOD_POCZT":"32-400","NAZWA_ULC":"Tarnówka","NAZWA_GMI":"Myślenice","NAZWA_MSC":"Myślenice","odleglosc_m":36.9,"strefa":"30-50 m","warstwa":"adresy"},"geometry":{"type":"Point","coordinates":[19.925472,49.851842]}},{"type":"Feature","properties":{"NUMER_PORZ":"1h","KOD_POCZT":"32-400","NAZWA_ULC":"Tarnówka","NAZWA_GMI":"Myślenice","NAZWA_MSC":"Myślenice","odleglosc_m":95.9,"strefa":"50-200 m","warstwa":"adresy"},"geometry":{"type":"Point","coordinates":[19.923252,49.844609]}},{"type":"Feature","properties":{"NUMER_PORZ":"111","KOD_POCZT":"32-400","NAZWA_ULC":"3-ego Maja","NAZWA_GMI":"Myślenice","NAZWA_MSC":"Myślenice","odleglosc_m":13.8,"strefa":"0-20 m","warstwa":"adresy"},"geometry":{"type":"Point","coordinates":[19.911772,49.831132]}},{"type":"Feature","properties":{"NUMER_PORZ":"18","KOD_POCZT":"32-400","NAZWA_ULC":"Tarnówka","NAZWA_GMI":"Myślenice","NAZWA_MSC":"Myślenice","odleglosc_m":147.6,"strefa":"50-200 m","warstwa":"adresy"},"geometry":{"type":"Point","coordinates":[19.923257,49.850508]}},{"type":"Feature","properties":{"NUMER_PORZ":"1f","KOD_POCZT":"32-400","NAZWA_ULC":"Tarnówka","NAZWA_GMI":"Myślenice","NAZWA_MSC":"Myślenice","odleglosc_m":36.2,"strefa":"30-50 m","warstwa":"adresy"},"geometry":{"type":"Point","coordinates":[19.922802,49.845149]}},{"type":"Feature","properties":{"NUMER_PORZ":"3g","KOD_POCZT":"32-400","NAZWA_ULC":"Tarnówka","NAZWA_GMI":"Myślenice","NAZWA_MSC":"Myślenice","odleglosc_m":104.9,"strefa":"50-200 m","warstwa":"adresy"},"geometry":{"type":"Point","coordinates":[19.924737,49.84644]}},{"type":"Feature","properties":{"NUMER_PORZ":"107","KOD_POCZT":"32-400","NAZWA_ULC":"3-ego Maja","NAZWA_GMI":"Myślenice","NAZWA_MSC":"Myślenice","odleglosc_m":143.2,"strefa":"50-200 m","warstwa":"adresy"},"geometry":{"type":"Point","coordinates":[19.913615,49.831515]}},{"type":"Feature","properties":{"NUMER_PORZ":"130b","KOD_POCZT":"32-400","NAZWA_ULC":"Andrzeja Średniawskiego","NAZWA_GMI":"Myślenice","NAZWA_MSC":"Myślenice","odleglosc_m":159.8,"strefa":"50-200 m","warstwa":"adresy"},"geometry":{"type":"Point","coordinates":[19.909164,49.832313]}},{"type":"Feature","properties":{"NUMER_PORZ":"109","KOD_POCZT":"32-400","NAZWA_ULC":"3-ego Maja","NAZWA_GMI":"Myślenice","NAZWA_MSC":"Myślenice","odleglosc_m":130.4,"strefa":"50-200 m","warstwa":"adresy"},"geometry":{"type":"Point","coordinates":[19.913577,49.830999]}},{"type":"Feature","properties":{"NUMER_PORZ":"114a","KOD_POCZT":"32-400","NAZWA_ULC":"3-ego Maja","NAZWA_GMI":"Myślenice","NAZWA_MSC":"Myślenice","odleglosc_m":41.6,"strefa":"30-50 m","warstwa":"adresy"},"geometry":{"type":"Point","coordinates":[19.910326,49.831124]}},{"type":"Feature","properties":{"NUMER_PORZ":"3f","KOD_POCZT":"32-400","NAZWA_ULC":"Tarnówka","NAZWA_GMI":"Myślenice","NAZWA_MSC":"Myślenice","odleglosc_m":111.7,"strefa":"50-200 m","warstwa":"adresy"},"geometry":{"type":"Point","coordinates":[19.924364,49.845734]}},{"type":"Feature","properties":{"NUMER_PORZ":"111b","KOD_POCZT":"32-400","NAZWA_ULC":"3-ego Maja","NAZWA_GMI":"Myślenice","NAZWA_MSC":"Myślenice","odleglosc_m":0.0,"strefa":"w śladzie","warstwa":"adresy"},"geometry":{"type":"Point","coordinates":[19.911511,49.831127]}},{"type":"Feature","properties":{"NUMER_PORZ":"119","KOD_POCZT":"32-400","NAZWA_ULC":"3-ego Maja","NAZWA_GMI":"Myślenice","NAZWA_MSC":"Myślenice","odleglosc_m":104.2,"strefa":"50-200 m","warstwa":"adresy"},"geometry":{"type":"Point","coordinates":[19.909358,49.829911]}},{"type":"Feature","properties":{"NUMER_PORZ":"113A","KOD_POCZT":"32-400","NAZWA_ULC":"Andrzeja Średniawskiego","NAZWA_GMI":"Myślenice","NAZWA_MSC":"Myślenice","odleglosc_m":174.0,"strefa":"50-200 m","warstwa":"adresy"},"geometry":{"type":"Point","coordinates":[19.914544,49.833163]}},{"type":"Feature","properties":{"NUMER_PORZ":"119c","KOD_POCZT":"32-400","NAZWA_ULC":"3-ego Maja","NAZWA_GMI":"Myślenice","NAZWA_MSC":"Myślenice","odleglosc_m":103.2,"strefa":"50-200 m","warstwa":"adresy"},"geometry":{"type":"Point","coordinates":[19.909453,49.830196]}},{"type":"Feature","properties":{"NUMER_PORZ":"116a","KOD_POCZT":"32-400","NAZWA_ULC":"3-ego Maja","NAZWA_GMI":"Myślenice","NAZWA_MSC":"Myślenice","odleglosc_m":72.3,"strefa":"50-200 m","warstwa":"adresy"},"geometry":{"type":"Point","coordinates":[19.909866,49.83108]}},{"type":"Feature","properties":{"NUMER_PORZ":"1e","KOD_POCZT":"32-400","NAZWA_ULC":"Tarnówka","NAZWA_GMI":"Myślenice","NAZWA_MSC":"Myślenice","odleglosc_m":0.0,"strefa":"w śladzie","warstwa":"adresy"},"geometry":{"type":"Point","coordinates":[19.92262,49.845693]}},{"type":"Feature","properties":{"NUMER_PORZ":"130A","KOD_POCZT":"32-400","NAZWA_ULC":"Andrzeja Średniawskiego","NAZWA_GMI":"Myślenice","NAZWA_MSC":"Myślenice","odleglosc_m":143.5,"strefa":"50-200 m","warstwa":"adresy"},"geometry":{"type":"Point","coordinates":[19.909307,49.83193]}},{"type":"Feature","properties":{"NUMER_PORZ":"130F","KOD_POCZT":"32-400","NAZWA_ULC":"Andrzeja Średniawskiego","NAZWA_GMI":"Myślenice","NAZWA_MSC":"Myślenice","odleglosc_m":143.2,"strefa":"50-200 m","warstwa":"adresy"},"geometry":{"type":"Point","coordinates":[19.909255,49.831748]}},{"type":"Feature","properties":{"NUMER_PORZ":"114e","KOD_POCZT":"32-400","NAZWA_ULC":"Andrzeja Średniawskiego","NAZWA_GMI":"Myślenice","NAZWA_MSC":"Myślenice","odleglosc_m":150.8,"strefa":"50-200 m","warstwa":"adresy"},"geometry":{"type":"Point","coordinates":[19.914298,49.83337]}},{"type":"Feature","properties":{"NUMER_PORZ":"129c","KOD_POCZT":"32-400","NAZWA_ULC":"Andrzeja Średniawskiego","NAZWA_GMI":"Myślenice","NAZWA_MSC":"Myślenice","odleglosc_m":124.3,"strefa":"50-200 m","warstwa":"adresy"},"geometry":{"type":"Point","coordinates":[19.909736,49.832623]}},{"type":"Feature","properties":{"NUMER_PORZ":"109b","KOD_POCZT":"32-400","NAZWA_ULC":"3-ego Maja","NAZWA_GMI":"Myślenice","NAZWA_MSC":"Myślenice","odleglosc_m":133.5,"strefa":"50-200 m","warstwa":"adresy"},"geometry":{"type":"Point","coordinates":[19.913493,49.831362]}},{"type":"Feature","properties":{"NUMER_PORZ":"113","KOD_POCZT":"32-400","NAZWA_ULC":"3-ego Maja","NAZWA_GMI":"Myślenice","NAZWA_MSC":"Myślenice","odleglosc_m":0.0,"strefa":"w śladzie","warstwa":"adresy"},"geometry":{"type":"Point","coordinates":[19.910939,49.830943]}},{"type":"Feature","properties":{"NUMER_PORZ":"129D","KOD_POCZT":"32-400","NAZWA_ULC":"Andrzeja Średniawskiego","NAZWA_GMI":"Myślenice","NAZWA_MSC":"Myślenice","odleglosc_m":144.2,"strefa":"50-200 m","warstwa":"adresy"},"geometry":{"type":"Point","coordinates":[19.909633,49.833176]}},{"type":"Feature","properties":{"NUMER_PORZ":"58","KOD_POCZT":"32-400","NAZWA_ULC":"Ignacego Daszyńskiego","NAZWA_GMI":"Myślenice","NAZWA_MSC":"Myślenice","odleglosc_m":8.0,"strefa":"0-20 m","warstwa":"adresy"},"geometry":{"type":"Point","coordinates":[19.921775,49.810321]}},{"type":"Feature","properties":{"NUMER_PORZ":"1b","KOD_POCZT":"32-400","NAZWA_ULC":"Tarnówka","NAZWA_GMI":"Myślenice","NAZWA_MSC":"Myślenice","odleglosc_m":156.7,"strefa":"50-200 m","warstwa":"adresy"},"geometry":{"type":"Point","coordinates":[19.924518,49.844952]}},{"type":"Feature","properties":{"NUMER_PORZ":"111E","KOD_POCZT":"32-400","NAZWA_ULC":"3-ego Maja","NAZWA_GMI":"Myślenice","NAZWA_MSC":"Myślenice","odleglosc_m":42.8,"strefa":"30-50 m","warstwa":"adresy"},"geometry":{"type":"Point","coordinates":[19.912088,49.830175]}},{"type":"Feature","properties":{"NUMER_PORZ":"119","KOD_POCZT":"32-400","NAZWA_ULC":"Andrzeja Średniawskiego","NAZWA_GMI":"Myślenice","NAZWA_MSC":"Myślenice","odleglosc_m":98.3,"strefa":"50-200 m","warstwa":"adresy"},"geometry":{"type":"Point","coordinates":[19.913135,49.832187]}},{"type":"Feature","properties":{"NUMER_PORZ":"122a","KOD_POCZT":"32-400","NAZWA_ULC":"3-ego Maja","NAZWA_GMI":"Myślenice","NAZWA_MSC":"Myślenice","odleglosc_m":189.4,"strefa":"50-200 m","warstwa":"adresy"},"geometry":{"type":"Point","coordinates":[19.908223,49.830862]}},{"type":"Feature","properties":{"NUMER_PORZ":"114f","KOD_POCZT":"32-400","NAZWA_ULC":"Andrzeja Średniawskiego","NAZWA_GMI":"Myślenice","NAZWA_MSC":"Myślenice","odleglosc_m":125.8,"strefa":"50-200 m","warstwa":"adresy"},"geometry":{"type":"Point","coordinates":[19.914079,49.833703]}},{"type":"Feature","properties":{"NUMER_PORZ":"5i","KOD_POCZT":"32-400","NAZWA_ULC":"Tarnówka","NAZWA_GMI":"Myślenice","NAZWA_MSC":"Myślenice","odleglosc_m":34.5,"strefa":"30-50 m","warstwa":"adresy"},"geometry":{"type":"Point","coordinates":[19.923536,49.848492]}},{"type":"Feature","properties":{"NUMER_PORZ":"115a","KOD_POCZT":"32-400","NAZWA_ULC":"3-ego Maja","NAZWA_GMI":"Myślenice","NAZWA_MSC":"Myślenice","odleglosc_m":27.9,"strefa":"20-30 m","warstwa":"adresy"},"geometry":{"type":"Point","coordinates":[19.910571,49.83042]}},{"type":"Feature","properties":{"NUMER_PORZ":"124a","KOD_POCZT":"32-400","NAZWA_ULC":"Andrzeja Średniawskiego","NAZWA_GMI":"Myślenice","NAZWA_MSC":"Myślenice","odleglosc_m":0.0,"strefa":"w śladzie","warstwa":"adresy"},"geometry":{"type":"Point","coordinates":[19.911622,49.832179]}},{"type":"Feature","properties":{"NUMER_PORZ":"6b","KOD_POCZT":"32-400","NAZWA_ULC":"Tarnówka","NAZWA_GMI":"Myślenice","NAZWA_MSC":"Myślenice","odleglosc_m":47.7,"strefa":"30-50 m","warstwa":"adresy"},"geometry":{"type":"Point","coordinates":[19.92413,49.849461]}},{"type":"Feature","properties":{"NUMER_PORZ":"8","KOD_POCZT":"32-400","NAZWA_ULC":"Tarnówka","NAZWA_GMI":"Myślenice","NAZWA_MSC":"Myślenice","odleglosc_m":101.2,"strefa":"50-200 m","warstwa":"adresy"},"geometry":{"type":"Point","coordinates":[19.923582,49.849853]}},{"type":"Feature","properties":{"NUMER_PORZ":"114d","KOD_POCZT":"32-400","NAZWA_ULC":"Andrzeja Średniawskiego","NAZWA_GMI":"Myślenice","NAZWA_MSC":"Myślenice","odleglosc_m":134.3,"strefa":"50-200 m","warstwa":"adresy"},"geometry":{"type":"Point","coordinates":[19.914315,49.83397]}},{"type":"Feature","properties":{"NUMER_PORZ":"118d","KOD_POCZT":"32-400","NAZWA_ULC":"3-ego Maja","NAZWA_GMI":"Myślenice","NAZWA_MSC":"Myślenice","odleglosc_m":56.9,"strefa":"50-200 m","warstwa":"adresy"},"geometry":{"type":"Point","coordinates":[19.910059,49.830053]}},{"type":"Feature","properties":{"NUMER_PORZ":"117","KOD_POCZT":"32-400","NAZWA_ULC":"3-ego Maja","NAZWA_GMI":"Myślenice","NAZWA_MSC":"Myślenice","odleglosc_m":68.0,"strefa":"50-200 m","warstwa":"adresy"},"geometry":{"type":"Point","coordinates":[19.90991,49.830756]}},{"type":"Feature","properties":{"NUMER_PORZ":"4a","KOD_POCZT":"32-400","NAZWA_ULC":"Tarnówka","NAZWA_GMI":"Myślenice","NAZWA_MSC":"Myślenice","odleglosc_m":18.6,"strefa":"0-20 m","warstwa":"adresy"},"geometry":{"type":"Point","coordinates":[19.92511,49.848819]}},{"type":"Feature","properties":{"NUMER_PORZ":"114c","KOD_POCZT":"32-400","NAZWA_ULC":"Andrzeja Średniawskiego","NAZWA_GMI":"Myślenice","NAZWA_MSC":"Myślenice","odleglosc_m":148.1,"strefa":"50-200 m","warstwa":"adresy"},"geometry":{"type":"Point","coordinates":[19.914069,49.832888]}},{"type":"Feature","properties":{"NUMER_PORZ":"114","KOD_POCZT":"32-400","NAZWA_ULC":"Andrzeja Średniawskiego","NAZWA_GMI":"Myślenice","NAZWA_MSC":"Myślenice","odleglosc_m":179.4,"strefa":"50-200 m","warstwa":"adresy"},"geometry":{"type":"Point","coordinates":[19.914372,49.83245]}},{"type":"Feature","properties":{"NUMER_PORZ":"116","KOD_POCZT":"32-400","NAZWA_ULC":"3-ego Maja","NAZWA_GMI":"Myślenice","NAZWA_MSC":"Myślenice","odleglosc_m":46.7,"strefa":"30-50 m","warstwa":"adresy"},"geometry":{"type":"Point","coordinates":[19.910221,49.831056]}},{"type":"Feature","properties":{"NUMER_PORZ":"8b","KOD_POCZT":"32-400","NAZWA_ULC":"Tarnówka","NAZWA_GMI":"Myślenice","NAZWA_MSC":"Myślenice","odleglosc_m":86.3,"strefa":"50-200 m","warstwa":"adresy"},"geometry":{"type":"Point","coordinates":[19.926248,49.848948]}},{"type":"Feature","properties":{"NUMER_PORZ":"4b","KOD_POCZT":"32-400","NAZWA_ULC":"Tarnówka","NAZWA_GMI":"Myślenice","NAZWA_MSC":"Myślenice","odleglosc_m":46.4,"strefa":"30-50 m","warstwa":"adresy"},"geometry":{"type":"Point","coordinates":[19.925923,49.849311]}},{"type":"Feature","properties":{"NUMER_PORZ":"109g","KOD_POCZT":"32-400","NAZWA_ULC":"3-ego Maja","NAZWA_GMI":"Myślenice","NAZWA_MSC":"Myślenice","odleglosc_m":143.8,"strefa":"50-200 m","warstwa":"adresy"},"geometry":{"type":"Point","coordinates":[19.913685,49.830538]}},{"type":"Feature","properties":{"NUMER_PORZ":"128b","KOD_POCZT":"32-400","NAZWA_ULC":"Andrzeja Średniawskiego","NAZWA_GMI":"Myślenice","NAZWA_MSC":"Myślenice","odleglosc_m":112.4,"strefa":"50-200 m","warstwa":"adresy"},"geometry":{"type":"Point","coordinates":[19.910036,49.833025]}},{"type":"Feature","properties":{"NUMER_PORZ":"124","KOD_POCZT":"32-400","NAZWA_ULC":"Andrzeja Średniawskiego","NAZWA_GMI":"Myślenice","NAZWA_MSC":"Myślenice","odleglosc_m":0.0,"strefa":"w śladzie","warstwa":"adresy"},"geometry":{"type":"Point","coordinates":[19.911599,49.831866]}},{"type":"Feature","properties":{"NUMER_PORZ":"125E","KOD_POCZT":"32-400","NAZWA_ULC":"Andrzeja Średniawskiego","NAZWA_GMI":"Myślenice","NAZWA_MSC":"Myślenice","odleglosc_m":54.2,"strefa":"50-200 m","warstwa":"adresy"},"geometry":{"type":"Point","coordinates":[19.911157,49.833835]}},{"type":"Feature","properties":{"NUMER_PORZ":"121","KOD_POCZT":"32-400","NAZWA_ULC":"Andrzeja Średniawskiego","NAZWA_GMI":"Myślenice","NAZWA_MSC":"Myślenice","odleglosc_m":64.8,"strefa":"50-200 m","warstwa":"adresy"},"geometry":{"type":"Point","coordinates":[19.912661,49.832174]}},{"type":"Feature","properties":{"NUMER_PORZ":"5g","KOD_POCZT":"32-400","NAZWA_ULC":"Tarnówka","NAZWA_GMI":"Myślenice","NAZWA_MSC":"Myślenice","odleglosc_m":124.9,"strefa":"50-200 m","warstwa":"adresy"},"geometry":{"type":"Point","coordinates":[19.922006,49.848365]}},{"type":"Feature","properties":{"NUMER_PORZ":"5f","KOD_POCZT":"32-400","NAZWA_ULC":"Tarnówka","NAZWA_GMI":"Myślenice","NAZWA_MSC":"Myślenice","odleglosc_m":136.1,"strefa":"50-200 m","warstwa":"adresy"},"geometry":{"type":"Point","coordinates":[19.922086,49.848659]}},{"type":"Feature","properties":{"NUMER_PORZ":"118","KOD_POCZT":"32-400","NAZWA_ULC":"3-ego Maja","NAZWA_GMI":"Myślenice","NAZWA_MSC":"Myślenice","odleglosc_m":61.5,"strefa":"50-200 m","warstwa":"adresy"},"geometry":{"type":"Point","coordinates":[19.909948,49.829789]}},{"type":"Feature","properties":{"NUMER_PORZ":"109e","KOD_POCZT":"32-400","NAZWA_ULC":"3-ego Maja","NAZWA_GMI":"Myślenice","NAZWA_MSC":"Myślenice","odleglosc_m":155.6,"strefa":"50-200 m","warstwa":"adresy"},"geometry":{"type":"Point","coordinates":[19.91376,49.83033]}},{"type":"Feature","properties":{"NUMER_PORZ":"110","KOD_POCZT":"32-400","NAZWA_ULC":"3-ego Maja","NAZWA_GMI":"Myślenice","NAZWA_MSC":"Myślenice","odleglosc_m":83.4,"strefa":"50-200 m","warstwa":"adresy"},"geometry":{"type":"Point","coordinates":[19.912795,49.831267]}},{"type":"Feature","properties":{"NUMER_PORZ":"3K","KOD_POCZT":"32-400","NAZWA_ULC":"Tarnówka","NAZWA_GMI":"Myślenice","NAZWA_MSC":"Myślenice","odleglosc_m":27.7,"strefa":"20-30 m","warstwa":"adresy"},"geometry":{"type":"Point","coordinates":[19.924385,49.847721]}},{"type":"Feature","properties":{"NUMER_PORZ":"125D","KOD_POCZT":"32-400","NAZWA_ULC":"Andrzeja Średniawskiego","NAZWA_GMI":"Myślenice","NAZWA_MSC":"Myślenice","odleglosc_m":3.6,"strefa":"0-20 m","warstwa":"adresy"},"geometry":{"type":"Point","coordinates":[19.911262,49.831885]}},{"type":"Feature","properties":{"NUMER_PORZ":"106b","KOD_POCZT":"32-400","NAZWA_ULC":"3-ego Maja","NAZWA_GMI":"Myślenice","NAZWA_MSC":"Myślenice","odleglosc_m":195.1,"strefa":"50-200 m","warstwa":"adresy"},"geometry":{"type":"Point","coordinates":[19.914355,49.831445]}},{"type":"Feature","properties":{"NUMER_PORZ":"133","KOD_POCZT":"32-400","NAZWA_ULC":"Andrzeja Średniawskiego","NAZWA_GMI":"Myślenice","NAZWA_MSC":"Myślenice","odleglosc_m":177.1,"strefa":"50-200 m","warstwa":"adresy"},"geometry":{"type":"Point","coordinates":[19.908532,49.831498]}},{"type":"Feature","properties":{"NUMER_PORZ":"4f","KOD_POCZT":"32-400","NAZWA_ULC":"Tarnówka","NAZWA_GMI":"Myślenice","NAZWA_MSC":"Myślenice","odleglosc_m":58.9,"strefa":"50-200 m","warstwa":"adresy"},"geometry":{"type":"Point","coordinates":[19.925656,49.848733]}},{"type":"Feature","properties":{"NUMER_PORZ":"109d","KOD_POCZT":"32-400","NAZWA_ULC":"3-ego Maja","NAZWA_GMI":"Myślenice","NAZWA_MSC":"Myślenice","odleglosc_m":125.3,"strefa":"50-200 m","warstwa":"adresy"},"geometry":{"type":"Point","coordinates":[19.913436,49.830579]}},{"type":"Feature","properties":{"NUMER_PORZ":"120a","KOD_POCZT":"32-400","NAZWA_ULC":"Andrzeja Średniawskiego","NAZWA_GMI":"Myślenice","NAZWA_MSC":"Myślenice","odleglosc_m":99.9,"strefa":"50-200 m","warstwa":"adresy"},"geometry":{"type":"Point","coordinates":[19.913064,49.831769]}},{"type":"Feature","properties":{"NUMER_PORZ":"109f","KOD_POCZT":"32-400","NAZWA_ULC":"3-ego Maja","NAZWA_GMI":"Myślenice","NAZWA_MSC":"Myślenice","odleglosc_m":133.9,"strefa":"50-200 m","warstwa":"adresy"},"geometry":{"type":"Point","coordinates":[19.913625,49.830804]}},{"type":"Feature","properties":{"NUMER_PORZ":"123a","KOD_POCZT":"32-400","NAZWA_ULC":"Andrzeja Średniawskiego","NAZWA_GMI":"Myślenice","NAZWA_MSC":"Myślenice","odleglosc_m":11.5,"strefa":"0-20 m","warstwa":"adresy"},"geometry":{"type":"Point","coordinates":[19.911851,49.831904]}},{"type":"Feature","properties":{"NUMER_PORZ":"121a","KOD_POCZT":"32-400","NAZWA_ULC":"Andrzeja Średniawskiego","NAZWA_GMI":"Myślenice","NAZWA_MSC":"Myślenice","odleglosc_m":70.0,"strefa":"50-200 m","warstwa":"adresy"},"geometry":{"type":"Point","coordinates":[19.912684,49.831951]}},{"type":"Feature","properties":{"NUMER_PORZ":"3J","KOD_POCZT":"32-400","NAZWA_ULC":"Tarnówka","NAZWA_GMI":"Myślenice","NAZWA_MSC":"Myślenice","odleglosc_m":23.9,"strefa":"20-30 m","warstwa":"adresy"},"geometry":{"type":"Point","coordinates":[19.923749,49.846801]}},{"type":"Feature","properties":{"NUMER_PORZ":"116","KOD_POCZT":"32-400","NAZWA_ULC":"Andrzeja Średniawskiego","NAZWA_GMI":"Myślenice","NAZWA_MSC":"Myślenice","odleglosc_m":128.7,"strefa":"50-200 m","warstwa":"adresy"},"geometry":{"type":"Point","coordinates":[19.913583,49.832241]}},{"type":"Feature","properties":{"NUMER_PORZ":"117A","KOD_POCZT":"32-400","NAZWA_ULC":"3-ego Maja","NAZWA_GMI":"Myślenice","NAZWA_MSC":"Myślenice","odleglosc_m":15.0,"strefa":"0-20 m","warstwa":"adresy"},"geometry":{"type":"Point","coordinates":[19.910601,49.829893]}},{"type":"Feature","properties":{"NUMER_PORZ":"3","KOD_POCZT":"32-400","NAZWA_ULC":"Tarnówka","NAZWA_GMI":"Myślenice","NAZWA_MSC":"Myślenice","odleglosc_m":10.0,"strefa":"0-20 m","warstwa":"adresy"},"geometry":{"type":"Point","coordinates":[19.924701,49.848499]}},{"type":"Feature","properties":{"NUMER_PORZ":"4E","KOD_POCZT":"32-400","NAZWA_ULC":"Tarnówka","NAZWA_GMI":"Myślenice","NAZWA_MSC":"Myślenice","odleglosc_m":0.6,"strefa":"0-20 m","warstwa":"adresy"},"geometry":{"type":"Point","coordinates":[19.925461,49.849615]}},{"type":"Feature","properties":{"NUMER_PORZ":"133e","KOD_POCZT":"32-400","NAZWA_ULC":"Andrzeja Średniawskiego","NAZWA_GMI":"Myślenice","NAZWA_MSC":"Myślenice","odleglosc_m":198.7,"strefa":"50-200 m","warstwa":"adresy"},"geometry":{"type":"Point","coordinates":[19.908259,49.831582]}},{"type":"Feature","properties":{"NUMER_PORZ":"118","KOD_POCZT":"32-400","NAZWA_ULC":"Andrzeja Średniawskiego","NAZWA_GMI":"Myślenice","NAZWA_MSC":"Myślenice","odleglosc_m":109.0,"strefa":"50-200 m","warstwa":"adresy"},"geometry":{"type":"Point","coordinates":[19.913288,49.832192]}},{"type":"Feature","properties":{"NUMER_PORZ":"8a","KOD_POCZT":"32-400","NAZWA_ULC":"Tarnówka","NAZWA_GMI":"Myślenice","NAZWA_MSC":"Myślenice","odleglosc_m":70.7,"strefa":"50-200 m","warstwa":"adresy"},"geometry":{"type":"Point","coordinates":[19.923952,49.849716]}},{"type":"Feature","properties":{"NUMER_PORZ":"121","KOD_POCZT":"32-400","NAZWA_ULC":"3-ego Maja","NAZWA_GMI":"Myślenice","NAZWA_MSC":"Myślenice","odleglosc_m":146.3,"strefa":"50-200 m","warstwa":"adresy"},"geometry":{"type":"Point","coordinates":[19.908778,49.829974]}},{"type":"Feature","properties":{"NUMER_PORZ":"106E","KOD_POCZT":"32-400","NAZWA_ULC":"3-ego Maja","NAZWA_GMI":"Myślenice","NAZWA_MSC":"Myślenice","odleglosc_m":171.7,"strefa":"50-200 m","warstwa":"adresy"},"geometry":{"type":"Point","coordinates":[19.914022,49.831549]}},{"type":"Feature","properties":{"NUMER_PORZ":"6","KOD_POCZT":"32-400","NAZWA_ULC":"Tarnówka","NAZWA_GMI":"Myślenice","NAZWA_MSC":"Myślenice","odleglosc_m":10.4,"strefa":"0-20 m","warstwa":"adresy"},"geometry":{"type":"Point","coordinates":[19.924636,49.849369]}},{"type":"Feature","properties":{"NUMER_PORZ":"110e","KOD_POCZT":"32-400","NAZWA_ULC":"3-ego Maja","NAZWA_GMI":"Myślenice","NAZWA_MSC":"Myślenice","odleglosc_m":68.7,"strefa":"50-200 m","warstwa":"adresy"},"geometry":{"type":"Point","coordinates":[19.912546,49.830433]}},{"type":"Feature","properties":{"NUMER_PORZ":"8d","KOD_POCZT":"32-400","NAZWA_ULC":"Tarnówka","NAZWA_GMI":"Myślenice","NAZWA_MSC":"Myślenice","odleglosc_m":146.5,"strefa":"50-200 m","warstwa":"adresy"},"geometry":{"type":"Point","coordinates":[19.923123,49.850221]}},{"type":"Feature","properties":{"NUMER_PORZ":"129b","KOD_POCZT":"32-400","NAZWA_ULC":"Andrzeja Średniawskiego","NAZWA_GMI":"Myślenice","NAZWA_MSC":"Myślenice","odleglosc_m":119.2,"strefa":"50-200 m","warstwa":"adresy"},"geometry":{"type":"Point","coordinates":[19.909594,49.831696]}},{"type":"Feature","properties":{"NUMER_PORZ":"4c","KOD_POCZT":"32-400","NAZWA_ULC":"Tarnówka","NAZWA_GMI":"Myślenice","NAZWA_MSC":"Myślenice","odleglosc_m":30.8,"strefa":"30-50 m","warstwa":"adresy"},"geometry":{"type":"Point","coordinates":[19.925621,49.849247]}},{"type":"Feature","properties":{"NUMER_PORZ":"2","KOD_POCZT":"32-400","NAZWA_ULC":"Tarnówka","NAZWA_GMI":"Myślenice","NAZWA_MSC":"Myślenice","odleglosc_m":79.5,"strefa":"50-200 m","warstwa":"adresy"},"geometry":{"type":"Point","coordinates":[19.926019,49.8488]}},{"type":"Feature","properties":{"NUMER_PORZ":"118e","KOD_POCZT":"32-400","NAZWA_ULC":"3-ego Maja","NAZWA_GMI":"Myślenice","NAZWA_MSC":"Myślenice","odleglosc_m":94.8,"strefa":"50-200 m","warstwa":"adresy"},"geometry":{"type":"Point","coordinates":[19.909553,49.830612]}},{"type":"Feature","properties":{"NUMER_PORZ":"125c","KOD_POCZT":"32-400","NAZWA_ULC":"Andrzeja Średniawskiego","NAZWA_GMI":"Myślenice","NAZWA_MSC":"Myślenice","odleglosc_m":30.9,"strefa":"30-50 m","warstwa":"adresy"},"geometry":{"type":"Point","coordinates":[19.911179,49.832983]}},{"type":"Feature","properties":{"NUMER_PORZ":"125b","KOD_POCZT":"32-400","NAZWA_ULC":"Andrzeja Średniawskiego","NAZWA_GMI":"Myślenice","NAZWA_MSC":"Myślenice","odleglosc_m":27.5,"strefa":"20-30 m","warstwa":"adresy"},"geometry":{"type":"Point","coordinates":[19.911143,49.832719]}},{"type":"Feature","properties":{"NUMER_PORZ":"110a","KOD_POCZT":"32-400","NAZWA_ULC":"3-ego Maja","NAZWA_GMI":"Myślenice","NAZWA_MSC":"Myślenice","odleglosc_m":103.7,"strefa":"50-200 m","warstwa":"adresy"},"geometry":{"type":"Point","coordinates":[19.913095,49.831283]}},{"type":"Feature","properties":{"NUMER_PORZ":"108b","KOD_POCZT":"32-400","NAZWA_ULC":"3-ego Maja","NAZWA_GMI":"Myślenice","NAZWA_MSC":"Myślenice","odleglosc_m":147.4,"strefa":"50-200 m","warstwa":"adresy"},"geometry":{"type":"Point","coordinates":[19.9138,49.830728]}},{"type":"Feature","properties":{"NUMER_PORZ":"132a","KOD_POCZT":"32-400","NAZWA_ULC":"Andrzeja Średniawskiego","NAZWA_GMI":"Myślenice","NAZWA_MSC":"Myślenice","odleglosc_m":161.2,"strefa":"50-200 m","warstwa":"adresy"},"geometry":{"type":"Point","coordinates":[19.908805,49.831559]}},{"type":"Feature","properties":{"NUMER_PORZ":"3c","KOD_POCZT":"32-400","NAZWA_ULC":"Tarnówka","NAZWA_GMI":"Myślenice","NAZWA_MSC":"Myślenice","odleglosc_m":71.5,"strefa":"50-200 m","warstwa":"adresy"},"geometry":{"type":"Point","coordinates":[19.923851,49.84588]}},{"type":"Feature","properties":{"NUMER_PORZ":"3a","KOD_POCZT":"32-400","NAZWA_ULC":"Tarnówka","NAZWA_GMI":"Myślenice","NAZWA_MSC":"Myślenice","odleglosc_m":95.4,"strefa":"50-200 m","warstwa":"adresy"},"geometry":{"type":"Point","coordinates":[19.924072,49.845677]}},{"type":"Feature","properties":{"NUMER_PORZ":"110G","KOD_POCZT":"32-400","NAZWA_ULC":"3-ego Maja","NAZWA_GMI":"Myślenice","NAZWA_MSC":"Myślenice","odleglosc_m":82.3,"strefa":"50-200 m","warstwa":"adresy"},"geometry":{"type":"Point","coordinates":[19.912912,49.830858]}},{"type":"Feature","properties":{"NUMER_PORZ":"116b","KOD_POCZT":"32-400","NAZWA_ULC":"3-ego Maja","NAZWA_GMI":"Myślenice","NAZWA_MSC":"Myślenice","odleglosc_m":113.9,"strefa":"50-200 m","warstwa":"adresy"},"geometry":{"type":"Point","coordinates":[19.909276,49.831034]}},{"type":"Feature","properties":{"NUMER_PORZ":"118a","KOD_POCZT":"32-400","NAZWA_ULC":"Andrzeja Średniawskiego","NAZWA_GMI":"Myślenice","NAZWA_MSC":"Myślenice","odleglosc_m":84.9,"strefa":"50-200 m","warstwa":"adresy"},"geometry":{"type":"Point","coordinates":[19.913303,49.833267]}},{"type":"Feature","properties":{"NUMER_PORZ":"8c","KOD_POCZT":"32-400","NAZWA_ULC":"Tarnówka","NAZWA_GMI":"Myślenice","NAZWA_MSC":"Myślenice","odleglosc_m":119.9,"strefa":"50-200 m","warstwa":"adresy"},"geometry":{"type":"Point","coordinates":[19.923637,49.850457]}},{"type":"Feature","properties":{"NUMER_PORZ":"114","KOD_POCZT":"32-400","NAZWA_ULC":"3-ego Maja","NAZWA_GMI":"Myślenice","NAZWA_MSC":"Myślenice","odleglosc_m":18.8,"strefa":"0-20 m","warstwa":"adresy"},"geometry":{"type":"Point","coordinates":[19.910597,49.830947]}},{"type":"Feature","properties":{"NUMER_PORZ":"109a","KOD_POCZT":"32-400","NAZWA_ULC":"3-ego Maja","NAZWA_GMI":"Myślenice","NAZWA_MSC":"Myślenice","odleglosc_m":113.1,"strefa":"50-200 m","warstwa":"adresy"},"geometry":{"type":"Point","coordinates":[19.913316,49.831092]}},{"type":"Feature","properties":{"NUMER_PORZ":"118c","KOD_POCZT":"32-400","NAZWA_ULC":"3-ego Maja","NAZWA_GMI":"Myślenice","NAZWA_MSC":"Myślenice","odleglosc_m":89.7,"strefa":"50-200 m","warstwa":"adresy"},"geometry":{"type":"Point","coordinates":[19.909694,49.83027]}},{"type":"Feature","properties":{"NUMER_PORZ":"6c","KOD_POCZT":"32-400","NAZWA_ULC":"Tarnówka","NAZWA_GMI":"Myślenice","NAZWA_MSC":"Myślenice","odleglosc_m":0.0,"strefa":"w śladzie","warstwa":"adresy"},"geometry":{"type":"Point","coordinates":[19.924932,49.849271]}},{"type":"Feature","properties":{"NUMER_PORZ":"122","KOD_POCZT":"32-400","NAZWA_ULC":"Andrzeja Średniawskiego","NAZWA_GMI":"Myślenice","NAZWA_MSC":"Myślenice","odleglosc_m":44.5,"strefa":"30-50 m","warstwa":"adresy"},"geometry":{"type":"Point","coordinates":[19.912365,49.832123]}},{"type":"Feature","properties":{"NUMER_PORZ":"128a","KOD_POCZT":"32-400","NAZWA_ULC":"Andrzeja Średniawskiego","NAZWA_GMI":"Myślenice","NAZWA_MSC":"Myślenice","odleglosc_m":91.8,"strefa":"50-200 m","warstwa":"adresy"},"geometry":{"type":"Point","coordinates":[19.910285,49.83289]}},{"type":"Feature","properties":{"NUMER_PORZ":"122a","KOD_POCZT":"32-400","NAZWA_ULC":"Andrzeja Średniawskiego","NAZWA_GMI":"Myślenice","NAZWA_MSC":"Myślenice","odleglosc_m":49.8,"strefa":"30-50 m","warstwa":"adresy"},"geometry":{"type":"Point","coordinates":[19.912402,49.831961]}},{"type":"Feature","properties":{"NUMER_PORZ":"124B","KOD_POCZT":"32-400","NAZWA_ULC":"Andrzeja Średniawskiego","NAZWA_GMI":"Myślenice","NAZWA_MSC":"Myślenice","odleglosc_m":0.0,"strefa":"w śladzie","warstwa":"adresy"},"geometry":{"type":"Point","coordinates":[19.911572,49.83213]}},{"type":"Feature","properties":{"NUMER_PORZ":"4I","KOD_POCZT":"32-400","NAZWA_ULC":"Tarnówka","NAZWA_GMI":"Myślenice","NAZWA_MSC":"Myślenice","odleglosc_m":42.0,"strefa":"30-50 m","warstwa":"adresy"},"geometry":{"type":"Point","coordinates":[19.925369,49.84865]}},{"type":"Feature","properties":{"NUMER_PORZ":"1a","KOD_POCZT":"32-400","NAZWA_ULC":"Tarnówka","NAZWA_GMI":"Myślenice","NAZWA_MSC":"Myślenice","odleglosc_m":31.3,"strefa":"30-50 m","warstwa":"adresy"},"geometry":{"type":"Point","coordinates":[19.923061,49.845615]}},{"type":"Feature","properties":{"NUMER_PORZ":"110d","KOD_POCZT":"32-400","NAZWA_ULC":"3-ego Maja","NAZWA_GMI":"Myślenice","NAZWA_MSC":"Myślenice","odleglosc_m":59.5,"strefa":"50-200 m","warstwa":"adresy"},"geometry":{"type":"Point","coordinates":[19.912507,49.83116]}},{"type":"Feature","properties":{"NUMER_PORZ":"110b","KOD_POCZT":"32-400","NAZWA_ULC":"3-ego Maja","NAZWA_GMI":"Myślenice","NAZWA_MSC":"Myślenice","odleglosc_m":41.7,"strefa":"30-50 m","warstwa":"adresy"},"geometry":{"type":"Point","coordinates":[19.912347,49.830944]}},{"type":"Feature","properties":{"NUMER_PORZ":"1g","KOD_POCZT":"32-400","NAZWA_ULC":"Tarnówka","NAZWA_GMI":"Myślenice","NAZWA_MSC":"Myślenice","odleglosc_m":32.7,"strefa":"30-50 m","warstwa":"adresy"},"geometry":{"type":"Point","coordinates":[19.922559,49.844959]}},{"type":"Feature","properties":{"NUMER_PORZ":"8E","KOD_POCZT":"32-400","NAZWA_ULC":"Tarnówka","NAZWA_GMI":"Myślenice","NAZWA_MSC":"Myślenice","odleglosc_m":72.0,"strefa":"50-200 m","warstwa":"adresy"},"geometry":{"type":"Point","coordinates":[19.924118,49.85003]}},{"type":"Feature","properties":{"NUMER_PORZ":"131a","KOD_POCZT":"32-400","NAZWA_ULC":"Andrzeja Średniawskiego","NAZWA_GMI":"Myślenice","NAZWA_MSC":"Myślenice","odleglosc_m":176.3,"strefa":"50-200 m","warstwa":"adresy"},"geometry":{"type":"Point","coordinates":[19.908839,49.831903]}},{"type":"Feature","properties":{"NUMER_PORZ":"120","KOD_POCZT":"32-400","NAZWA_ULC":"3-ego Maja","NAZWA_GMI":"Myślenice","NAZWA_MSC":"Myślenice","odleglosc_m":144.3,"strefa":"50-200 m","warstwa":"adresy"},"geometry":{"type":"Point","coordinates":[19.908882,49.830251]}},{"type":"Feature","properties":{"NUMER_PORZ":"114a","KOD_POCZT":"32-400","NAZWA_ULC":"Andrzeja Średniawskiego","NAZWA_GMI":"Myślenice","NAZWA_MSC":"Myślenice","odleglosc_m":129.8,"strefa":"50-200 m","warstwa":"adresy"},"geometry":{"type":"Point","coordinates":[19.914072,49.833551]}},{"type":"Feature","properties":{"NUMER_PORZ":"108","KOD_POCZT":"32-400","NAZWA_ULC":"3-ego Maja","NAZWA_GMI":"Myślenice","NAZWA_MSC":"Myślenice","odleglosc_m":142.6,"strefa":"50-200 m","warstwa":"adresy"},"geometry":{"type":"Point","coordinates":[19.913747,49.830997]}},{"type":"Feature","properties":{"NUMER_PORZ":"127","KOD_POCZT":"32-400","NAZWA_ULC":"Andrzeja Średniawskiego","NAZWA_GMI":"Myślenice","NAZWA_MSC":"Myślenice","odleglosc_m":63.8,"strefa":"50-200 m","warstwa":"adresy"},"geometry":{"type":"Point","coordinates":[19.9104,49.831813]}},{"type":"Feature","properties":{"NUMER_PORZ":"120a","KOD_POCZT":"32-400","NAZWA_ULC":"3-ego Maja","NAZWA_GMI":"Myślenice","NAZWA_MSC":"Myślenice","odleglosc_m":157.8,"strefa":"50-200 m","warstwa":"adresy"},"geometry":{"type":"Point","coordinates":[19.908703,49.83044]}},{"type":"Feature","properties":{"NUMER_PORZ":"119b","KOD_POCZT":"32-400","NAZWA_ULC":"3-ego Maja","NAZWA_GMI":"Myślenice","NAZWA_MSC":"Myślenice","odleglosc_m":116.8,"strefa":"50-200 m","warstwa":"adresy"},"geometry":{"type":"Point","coordinates":[19.909249,49.830592]}},{"type":"Feature","properties":{"NUMER_PORZ":"1d","KOD_POCZT":"32-400","NAZWA_ULC":"Tarnówka","NAZWA_GMI":"Myślenice","NAZWA_MSC":"Myślenice","odleglosc_m":45.3,"strefa":"30-50 m","warstwa":"adresy"},"geometry":{"type":"Point","coordinates":[19.923087,49.845338]}},{"type":"Feature","properties":{"NUMER_PORZ":"111a","KOD_POCZT":"32-400","NAZWA_ULC":"3-ego Maja","NAZWA_GMI":"Myślenice","NAZWA_MSC":"Myślenice","odleglosc_m":32.7,"strefa":"30-50 m","warstwa":"adresy"},"geometry":{"type":"Point","coordinates":[19.912036,49.831165]}},{"type":"Feature","properties":{"NUMER_PORZ":"128","KOD_POCZT":"32-400","NAZWA_ULC":"Andrzeja Średniawskiego","NAZWA_GMI":"Myślenice","NAZWA_MSC":"Myślenice","odleglosc_m":74.8,"strefa":"50-200 m","warstwa":"adresy"},"geometry":{"type":"Point","coordinates":[19.910283,49.831977]}},{"type":"Feature","properties":{"NUMER_PORZ":"110c","KOD_POCZT":"32-400","NAZWA_ULC":"3-ego Maja","NAZWA_GMI":"Myślenice","NAZWA_MSC":"Myślenice","odleglosc_m":95.9,"strefa":"50-200 m","warstwa":"adresy"},"geometry":{"type":"Point","coordinates":[19.913059,49.83113]}},{"type":"Feature","properties":{"NUMER_PORZ":"123","KOD_POCZT":"32-400","NAZWA_ULC":"Andrzeja Średniawskiego","NAZWA_GMI":"Myślenice","NAZWA_MSC":"Myślenice","odleglosc_m":13.7,"strefa":"0-20 m","warstwa":"adresy"},"geometry":{"type":"Point","coordinates":[19.911929,49.832112]}},{"type":"Feature","properties":{"NUMER_PORZ":"5h","KOD_POCZT":"32-400","NAZWA_ULC":"Tarnówka","NAZWA_GMI":"Myślenice","NAZWA_MSC":"Myślenice","odleglosc_m":109.8,"strefa":"50-200 m","warstwa":"adresy"},"geometry":{"type":"Point","coordinates":[19.921879,49.848001]}},{"type":"Feature","properties":{"NUMER_PORZ":"6a","KOD_POCZT":"32-400","NAZWA_ULC":"Tarnówka","NAZWA_GMI":"Myślenice","NAZWA_MSC":"Myślenice","odleglosc_m":145.2,"strefa":"50-200 m","warstwa":"adresy"},"geometry":{"type":"Point","coordinates":[19.926265,49.847808]}},{"type":"Feature","properties":{"NUMER_PORZ":"115","KOD_POCZT":"32-400","NAZWA_ULC":"3-ego Maja","NAZWA_GMI":"Myślenice","NAZWA_MSC":"Myślenice","odleglosc_m":45.7,"strefa":"30-50 m","warstwa":"adresy"},"geometry":{"type":"Point","coordinates":[19.910221,49.830809]}},{"type":"Feature","properties":{"NUMER_PORZ":"111d","KOD_POCZT":"32-400","NAZWA_ULC":"3-ego Maja","NAZWA_GMI":"Myślenice","NAZWA_MSC":"Myślenice","odleglosc_m":6.7,"strefa":"0-20 m","warstwa":"adresy"},"geometry":{"type":"Point","coordinates":[19.911741,49.830638]}},{"type":"Feature","properties":{"NUMER_PORZ":"3b","KOD_POCZT":"32-400","NAZWA_ULC":"Tarnówka","NAZWA_GMI":"Myślenice","NAZWA_MSC":"Myślenice","odleglosc_m":83.3,"strefa":"50-200 m","warstwa":"adresy"},"geometry":{"type":"Point","coordinates":[19.924257,49.846206]}},{"type":"Feature","properties":{"NUMER_PORZ":"120","KOD_POCZT":"32-400","NAZWA_ULC":"Andrzeja Średniawskiego","NAZWA_GMI":"Myślenice","NAZWA_MSC":"Myślenice","odleglosc_m":96.8,"strefa":"50-200 m","warstwa":"adresy"},"geometry":{"type":"Point","coordinates":[19.913065,49.831968]}},{"type":"Feature","properties":{"NUMER_PORZ":"16a","KOD_POCZT":"32-400","NAZWA_ULC":"Tarnówka","NAZWA_GMI":"Myślenice","NAZWA_MSC":"Myślenice","odleglosc_m":189.6,"strefa":"50-200 m","warstwa":"adresy"},"geometry":{"type":"Point","coordinates":[19.922614,49.85045]}},{"type":"Feature","properties":{"NUMER_PORZ":"119a","KOD_POCZT":"32-400","NAZWA_ULC":"3-ego Maja","NAZWA_GMI":"Myślenice","NAZWA_MSC":"Myślenice","odleglosc_m":148.6,"strefa":"50-200 m","warstwa":"adresy"},"geometry":{"type":"Point","coordinates":[19.908803,49.830607]}},{"type":"Feature","properties":{"NUMER_PORZ":"5e","KOD_POCZT":"32-400","NAZWA_ULC":"Tarnówka","NAZWA_GMI":"Myślenice","NAZWA_MSC":"Myślenice","odleglosc_m":156.7,"strefa":"50-200 m","warstwa":"adresy"},"geometry":{"type":"Point","coordinates":[19.922379,49.84941]}},{"type":"Feature","properties":{"NUMER_PORZ":"129","KOD_POCZT":"32-400","NAZWA_ULC":"Andrzeja Średniawskiego","NAZWA_GMI":"Myślenice","NAZWA_MSC":"Myślenice","odleglosc_m":110.6,"strefa":"50-200 m","warstwa":"adresy"},"geometry":{"type":"Point","coordinates":[19.909791,49.83203]}},{"type":"Feature","properties":{"NUMER_PORZ":"115","KOD_POCZT":"32-400","NAZWA_ULC":"Andrzeja Średniawskiego","NAZWA_GMI":"Myślenice","NAZWA_MSC":"Myślenice","odleglosc_m":148.7,"strefa":"50-200 m","warstwa":"adresy"},"geometry":{"type":"Point","coordinates":[19.913886,49.832297]}},{"type":"Feature","properties":{"NUMER_PORZ":"129a","KOD_POCZT":"32-400","NAZWA_ULC":"Andrzeja Średniawskiego","NAZWA_GMI":"Myślenice","NAZWA_MSC":"Myślenice","odleglosc_m":108.6,"strefa":"50-200 m","warstwa":"adresy"},"geometry":{"type":"Point","coordinates":[19.909783,49.83187]}},{"type":"Feature","properties":{"NUMER_PORZ":"114b","KOD_POCZT":"32-400","NAZWA_ULC":"Andrzeja Średniawskiego","NAZWA_GMI":"Myślenice","NAZWA_MSC":"Myślenice","odleglosc_m":157.2,"strefa":"50-200 m","warstwa":"adresy"},"geometry":{"type":"Point","coordinates":[19.914041,49.832406]}},{"type":"Feature","properties":{"NUMER_PORZ":"130g","KOD_POCZT":"32-400","NAZWA_ULC":"Andrzeja Średniawskiego","NAZWA_GMI":"Myślenice","NAZWA_MSC":"Myślenice","odleglosc_m":187.9,"strefa":"50-200 m","warstwa":"adresy"},"geometry":{"type":"Point","coordinates":[19.908959,49.833017]}},{"type":"Feature","properties":{"NUMER_PORZ":"111c","KOD_POCZT":"32-400","NAZWA_ULC":"3-ego Maja","NAZWA_GMI":"Myślenice","NAZWA_MSC":"Myślenice","odleglosc_m":0.0,"strefa":"w śladzie","warstwa":"adresy"},"geometry":{"type":"Point","coordinates":[19.911613,49.830936]}},{"type":"Feature","properties":{"NUMER_PORZ":"112","KOD_POCZT":"32-400","NAZWA_ULC":"3-ego Maja","NAZWA_GMI":"Myślenice","NAZWA_MSC":"Myślenice","odleglosc_m":0.0,"strefa":"w śladzie","warstwa":"adresy"},"geometry":{"type":"Point","coordinates":[19.911167,49.831018]}},{"type":"Feature","properties":{"NUMER_PORZ":"109c","KOD_POCZT":"32-400","NAZWA_ULC":"3-ego Maja","NAZWA_GMI":"Myślenice","NAZWA_MSC":"Myślenice","odleglosc_m":127.1,"strefa":"50-200 m","warstwa":"adresy"},"geometry":{"type":"Point","coordinates":[19.913379,49.831476]}},{"type":"Feature","properties":{"NUMER_PORZ":"119e","KOD_POCZT":"32-400","NAZWA_ULC":"3-ego Maja","NAZWA_GMI":"Myślenice","NAZWA_MSC":"Myślenice","odleglosc_m":126.5,"strefa":"50-200 m","warstwa":"adresy"},"geometry":{"type":"Point","coordinates":[19.909118,49.830563]}},{"type":"Feature","properties":{"NUMER_PORZ":"130","KOD_POCZT":"32-400","NAZWA_ULC":"Andrzeja Średniawskiego","NAZWA_GMI":"Myślenice","NAZWA_MSC":"Myślenice","odleglosc_m":122.2,"strefa":"50-200 m","warstwa":"adresy"},"geometry":{"type":"Point","coordinates":[19.909601,49.83191]}},{"type":"Feature","properties":{"NUMER_PORZ":"5a","KOD_POCZT":"32-400","NAZWA_ULC":"Tarnówka","NAZWA_GMI":"Myślenice","NAZWA_MSC":"Myślenice","odleglosc_m":138.6,"strefa":"50-200 m","warstwa":"adresy"},"geometry":{"type":"Point","coordinates":[19.922501,49.849222]}},{"type":"Feature","properties":{"NUMER_PORZ":"110F","KOD_POCZT":"32-400","NAZWA_ULC":"3-ego Maja","NAZWA_GMI":"Myślenice","NAZWA_MSC":"Myślenice","odleglosc_m":45.1,"strefa":"30-50 m","warstwa":"adresy"},"geometry":{"type":"Point","coordinates":[19.912286,49.831149]}},{"type":"Feature","properties":{"NUMER_PORZ":"130H","KOD_POCZT":"32-400","NAZWA_ULC":"Andrzeja Średniawskiego","NAZWA_GMI":"Myślenice","NAZWA_MSC":"Myślenice","odleglosc_m":187.1,"strefa":"50-200 m","warstwa":"adresy"},"geometry":{"type":"Point","coordinates":[19.909065,49.833304]}},{"type":"Feature","properties":{"NUMER_PORZ":"8F","KOD_POCZT":"32-400","NAZWA_ULC":"Tarnówka","NAZWA_GMI":"Myślenice","NAZWA_MSC":"Myślenice","odleglosc_m":101.3,"strefa":"50-200 m","warstwa":"adresy"},"geometry":{"type":"Point","coordinates":[19.923884,49.85041]}},{"type":"Feature","properties":{"NUMER_PORZ":"4","KOD_POCZT":"32-400","NAZWA_ULC":"Tarnówka","NAZWA_GMI":"Myślenice","NAZWA_MSC":"Myślenice","odleglosc_m":36.1,"strefa":"30-50 m","warstwa":"adresy"},"geometry":{"type":"Point","coordinates":[19.925406,49.848872]}},{"type":"Feature","properties":{"NUMER_PORZ":"1c","KOD_POCZT":"32-400","NAZWA_ULC":"Tarnówka","NAZWA_GMI":"Myślenice","NAZWA_MSC":"Myślenice","odleglosc_m":171.4,"strefa":"50-200 m","warstwa":"adresy"},"geometry":{"type":"Point","coordinates":[19.924566,49.844706]}},{"type":"Feature","properties":{"NUMER_PORZ":"123a","KOD_POCZT":"32-400","NAZWA_ULC":"3-ego Maja","NAZWA_GMI":"Myślenice","NAZWA_MSC":"Myślenice","odleglosc_m":188.9,"strefa":"50-200 m","warstwa":"adresy"},"geometry":{"type":"Point","coordinates":[19.908206,49.83012]}},{"type":"Feature","properties":{"NUMER_PORZ":"16","KOD_POCZT":"32-400","NAZWA_ULC":"Tarnówka","NAZWA_GMI":"Myślenice","NAZWA_MSC":"Myślenice","odleglosc_m":181.5,"strefa":"50-200 m","warstwa":"adresy"},"geometry":{"type":"Point","coordinates":[19.922726,49.850438]}},{"type":"Feature","properties":{"NUMER_PORZ":"4J","KOD_POCZT":"32-400","NAZWA_ULC":"Tarnówka","NAZWA_GMI":"Myślenice","NAZWA_MSC":"Myślenice","odleglosc_m":9.9,"strefa":"0-20 m","warstwa":"adresy"},"geometry":{"type":"Point","coordinates":[19.925664,49.851318]}},{"type":"Feature","properties":{"NUMER_PORZ":"4K","KOD_POCZT":"32-400","NAZWA_ULC":"Tarnówka","NAZWA_GMI":"Myślenice","NAZWA_MSC":"Myślenice","odleglosc_m":13.7,"strefa":"0-20 m","warstwa":"adresy"},"geometry":{"type":"Point","coordinates":[19.925653,49.851429]}},{"type":"Feature","properties":{"NUMER_PORZ":"112A","KOD_POCZT":"32-400","NAZWA_ULC":"Andrzeja Średniawskiego","NAZWA_GMI":"Myślenice","NAZWA_MSC":"Myślenice","odleglosc_m":171.0,"strefa":"50-200 m","warstwa":"adresy"},"geometry":{"type":"Point","coordinates":[19.914774,49.833805]}},{"type":"Feature","properties":{"NUMER_PORZ":"47","KOD_POCZT":"32-040","NAZWA_ULC":"Podhalańska","NAZWA_GMI":"Świątniki Górne","NAZWA_MSC":"Ochojno","odleglosc_m":183.3,"strefa":"50-200 m","warstwa":"adresy"},"geometry":{"type":"Point","coordinates":[19.972844,49.947941]}},{"type":"Feature","properties":{"NUMER_PORZ":"20","KOD_POCZT":"32-040","NAZWA_ULC":"Polańska","NAZWA_GMI":"Świątniki Górne","NAZWA_MSC":"Ochojno","odleglosc_m":64.8,"strefa":"50-200 m","warstwa":"adresy"},"geometry":{"type":"Point","coordinates":[19.97854,49.95157]}},{"type":"Feature","properties":{"NUMER_PORZ":"26A","KOD_POCZT":"32-040","NAZWA_ULC":"Polańska","NAZWA_GMI":"Świątniki Górne","NAZWA_MSC":"Ochojno","odleglosc_m":0.0,"strefa":"nad tunelem","warstwa":"adresy"},"geometry":{"type":"Point","coordinates":[19.979778,49.951417]}},{"type":"Feature","properties":{"NUMER_PORZ":"26","KOD_POCZT":"32-040","NAZWA_ULC":"Polańska","NAZWA_GMI":"Świątniki Górne","NAZWA_MSC":"Ochojno","odleglosc_m":0.0,"strefa":"nad tunelem","warstwa":"adresy"},"geometry":{"type":"Point","coordinates":[19.97989,49.951425]}},{"type":"Feature","properties":{"NUMER_PORZ":"74","KOD_POCZT":"32-040","NAZWA_ULC":"Lwowska","NAZWA_GMI":"Świątniki Górne","NAZWA_MSC":"Ochojno","odleglosc_m":169.4,"strefa":"50-200 m","warstwa":"adresy"},"geometry":{"type":"Point","coordinates":[19.981829,49.956583]}},{"type":"Feature","properties":{"NUMER_PORZ":"10","KOD_POCZT":"32-040","NAZWA_ULC":"Polańska","NAZWA_GMI":"Świątniki Górne","NAZWA_MSC":"Ochojno","odleglosc_m":171.2,"strefa":"50-200 m","warstwa":"adresy"},"geometry":{"type":"Point","coordinates":[19.976431,49.951246]}},{"type":"Feature","properties":{"NUMER_PORZ":"16","KOD_POCZT":"32-040","NAZWA_ULC":"Polańska","NAZWA_GMI":"Świątniki Górne","NAZWA_MSC":"Ochojno","odleglosc_m":102.9,"strefa":"50-200 m","warstwa":"adresy"},"geometry":{"type":"Point","coordinates":[19.977715,49.951386]}},{"type":"Feature","properties":{"NUMER_PORZ":"14","KOD_POCZT":"32-040","NAZWA_ULC":"Polańska","NAZWA_GMI":"Świątniki Górne","NAZWA_MSC":"Ochojno","odleglosc_m":127.5,"strefa":"50-200 m","warstwa":"adresy"},"geometry":{"type":"Point","coordinates":[19.977284,49.951367]}},{"type":"Feature","properties":{"NUMER_PORZ":"23","KOD_POCZT":"32-040","NAZWA_ULC":"Pogoni Lwów","NAZWA_GMI":"Świątniki Górne","NAZWA_MSC":"Ochojno","odleglosc_m":192.7,"strefa":"50-200 m","warstwa":"adresy"},"geometry":{"type":"Point","coordinates":[19.979437,49.954502]}},{"type":"Feature","properties":{"NUMER_PORZ":"68","KOD_POCZT":"32-040","NAZWA_ULC":"Lwowska","NAZWA_GMI":"Świątniki Górne","NAZWA_MSC":"Ochojno","odleglosc_m":198.9,"strefa":"50-200 m","warstwa":"adresy"},"geometry":{"type":"Point","coordinates":[19.981049,49.956414]}},{"type":"Feature","properties":{"NUMER_PORZ":"70","KOD_POCZT":"32-040","NAZWA_ULC":"Lwowska","NAZWA_GMI":"Świątniki Górne","NAZWA_MSC":"Ochojno","odleglosc_m":193.6,"strefa":"50-200 m","warstwa":"adresy"},"geometry":{"type":"Point","coordinates":[19.981322,49.956556]}},{"type":"Feature","properties":{"NUMER_PORZ":"32","KOD_POCZT":"32-040","NAZWA_ULC":"Polańska","NAZWA_GMI":"Świątniki Górne","NAZWA_MSC":"Ochojno","odleglosc_m":12.2,"strefa":"0-20 m","warstwa":"adresy"},"geometry":{"type":"Point","coordinates":[19.980723,49.951465]}},{"type":"Feature","properties":{"NUMER_PORZ":"7","KOD_POCZT":"32-040","NAZWA_ULC":"Morelowa","NAZWA_GMI":"Świątniki Górne","NAZWA_MSC":"Ochojno","odleglosc_m":177.2,"strefa":"50-200 m","warstwa":"adresy"},"geometry":{"type":"Point","coordinates":[19.974935,49.949883]}},{"type":"Feature","properties":{"NUMER_PORZ":"23","KOD_POCZT":"32-040","NAZWA_ULC":"Polańska","NAZWA_GMI":"Świątniki Górne","NAZWA_MSC":"Ochojno","odleglosc_m":45.0,"strefa":"30-50 m","warstwa":"adresy"},"geometry":{"type":"Point","coordinates":[19.979206,49.951897]}},{"type":"Feature","properties":{"NUMER_PORZ":"25","KOD_POCZT":"32-040","NAZWA_ULC":"Polańska","NAZWA_GMI":"Świątniki Górne","NAZWA_MSC":"Ochojno","odleglosc_m":20.6,"strefa":"20-30 m","warstwa":"adresy"},"geometry":{"type":"Point","coordinates":[19.979582,49.951865]}},{"type":"Feature","properties":{"NUMER_PORZ":"38","KOD_POCZT":"32-040","NAZWA_ULC":"Polańska","NAZWA_GMI":"Świątniki Górne","NAZWA_MSC":"Ochojno","odleglosc_m":45.8,"strefa":"30-50 m","warstwa":"adresy"},"geometry":{"type":"Point","coordinates":[19.98122,49.951402]}},{"type":"Feature","properties":{"NUMER_PORZ":"8","KOD_POCZT":"32-040","NAZWA_ULC":"Polańska","NAZWA_GMI":"Świątniki Górne","NAZWA_MSC":"Ochojno","odleglosc_m":199.3,"strefa":"50-200 m","warstwa":"adresy"},"geometry":{"type":"Point","coordinates":[19.975862,49.951149]}},{"type":"Feature","properties":{"NUMER_PORZ":"18","KOD_POCZT":"32-040","NAZWA_ULC":"Polańska","NAZWA_GMI":"Świątniki Górne","NAZWA_MSC":"Ochojno","odleglosc_m":65.2,"strefa":"50-200 m","warstwa":"adresy"},"geometry":{"type":"Point","coordinates":[19.978244,49.951286]}},{"type":"Feature","properties":{"NUMER_PORZ":"19","KOD_POCZT":"32-040","NAZWA_ULC":"Pogoni Lwów","NAZWA_GMI":"Świątniki Górne","NAZWA_MSC":"Ochojno","odleglosc_m":198.2,"strefa":"50-200 m","warstwa":"adresy"},"geometry":{"type":"Point","coordinates":[19.979708,49.954829]}},{"type":"Feature","properties":{"NUMER_PORZ":"2C","KOD_POCZT":"32-040","NAZWA_ULC":"Południowa","NAZWA_GMI":"Świątniki Górne","NAZWA_MSC":"Świątniki Górne","odleglosc_m":169.6,"strefa":"50-200 m","warstwa":"adresy"},"geometry":{"type":"Point","coordinates":[19.955844,49.925512]}},{"type":"Feature","properties":{"NUMER_PORZ":"7A","KOD_POCZT":"32-040","NAZWA_ULC":"Brzeziny","NAZWA_GMI":"Świątniki Górne","NAZWA_MSC":"Rzeszotary","odleglosc_m":123.3,"strefa":"50-200 m","warstwa":"adresy"},"geometry":{"type":"Point","coordinates":[19.964443,49.938236]}},{"type":"Feature","properties":{"NUMER_PORZ":"15","KOD_POCZT":"32-040","NAZWA_ULC":"Pogoni Lwów","NAZWA_GMI":"Świątniki Górne","NAZWA_MSC":"Ochojno","odleglosc_m":163.5,"strefa":"50-200 m","warstwa":"adresy"},"geometry":{"type":"Point","coordinates":[19.980368,49.954968]}},{"type":"Feature","properties":{"NUMER_PORZ":"27","KOD_POCZT":"32-040","NAZWA_ULC":"Polna","NAZWA_GMI":"Świątniki Górne","NAZWA_MSC":"Świątniki Górne","odleglosc_m":67.1,"strefa":"50-200 m","warstwa":"adresy"},"geometry":{"type":"Point","coordinates":[19.959986,49.929849]}},{"type":"Feature","properties":{"NUMER_PORZ":"30","KOD_POCZT":"32-040","NAZWA_ULC":"Kulerzówka","NAZWA_GMI":"Świątniki Górne","NAZWA_MSC":"Olszowice","odleglosc_m":18.9,"strefa":"0-20 m","warstwa":"adresy"},"geometry":{"type":"Point","coordinates":[19.922938,49.915018]}},{"type":"Feature","properties":{"NUMER_PORZ":"107","KOD_POCZT":"32-040","NAZWA_ULC":"Generała Zygmunta Zielińskiego","NAZWA_GMI":"Świątniki Górne","NAZWA_MSC":"Rzeszotary","odleglosc_m":128.4,"strefa":"50-200 m","warstwa":"adresy"},"geometry":{"type":"Point","coordinates":[19.971857,49.941093]}},{"type":"Feature","properties":{"NUMER_PORZ":"19A","KOD_POCZT":"32-040","NAZWA_ULC":"Pogoni Lwów","NAZWA_GMI":"Świątniki Górne","NAZWA_MSC":"Ochojno","odleglosc_m":192.7,"strefa":"50-200 m","warstwa":"adresy"},"geometry":{"type":"Point","coordinates":[19.979814,49.954862]}},{"type":"Feature","properties":{"NUMER_PORZ":"25","KOD_POCZT":"32-040","NAZWA_ULC":"Pogoni Lwów","NAZWA_GMI":"Świątniki Górne","NAZWA_MSC":"Ochojno","odleglosc_m":180.3,"strefa":"50-200 m","warstwa":"adresy"},"geometry":{"type":"Point","coordinates":[19.979723,49.954546]}},{"type":"Feature","properties":{"NUMER_PORZ":"118F","KOD_POCZT":"32-400","NAZWA_ULC":"3-ego Maja","NAZWA_GMI":"Myślenice","NAZWA_MSC":"Myślenice","odleglosc_m":76.1,"strefa":"50-200 m","warstwa":"adresy"},"geometry":{"type":"Point","coordinates":[19.909915,49.830326]}},{"type":"Feature","properties":{"NUMER_PORZ":"7","KOD_POCZT":"32-040","NAZWA_ULC":"Polna","NAZWA_GMI":"Świątniki Górne","NAZWA_MSC":"Świątniki Górne","odleglosc_m":185.8,"strefa":"50-200 m","warstwa":"adresy"},"geometry":{"type":"Point","coordinates":[19.958645,49.930499]}},{"type":"Feature","properties":{"NUMER_PORZ":"71","KOD_POCZT":"32-040","NAZWA_ULC":"Do Dworu","NAZWA_GMI":"Świątniki Górne","NAZWA_MSC":"Olszowice","odleglosc_m":85.1,"strefa":"50-200 m","warstwa":"adresy"},"geometry":{"type":"Point","coordinates":[19.932568,49.911433]}},{"type":"Feature","properties":{"NUMER_PORZ":"39","KOD_POCZT":"32-040","NAZWA_ULC":"Szewska","NAZWA_GMI":"Świątniki Górne","NAZWA_MSC":"Rzeszotary","odleglosc_m":28.8,"strefa":"20-30 m","warstwa":"adresy"},"geometry":{"type":"Point","coordinates":[19.976881,49.947442]}},{"type":"Feature","properties":{"NUMER_PORZ":"4L","KOD_POCZT":"32-400","NAZWA_ULC":"Tarnówka","NAZWA_GMI":"Myślenice","NAZWA_MSC":"Myślenice","odleglosc_m":49.7,"strefa":"30-50 m","warstwa":"adresy"},"geometry":{"type":"Point","coordinates":[19.925807,49.849114]}},{"type":"Feature","properties":{"NUMER_PORZ":"12A","KOD_POCZT":"32-040","NAZWA_ULC":"Ekologiczna","NAZWA_GMI":"Świątniki Górne","NAZWA_MSC":"Świątniki Górne","odleglosc_m":53.6,"strefa":"50-200 m","warstwa":"adresy"},"geometry":{"type":"Point","coordinates":[19.962153,49.933157]}},{"type":"Feature","properties":{"NUMER_PORZ":"57B","KOD_POCZT":"32-040","NAZWA_ULC":"Franciszka Bielowicza","NAZWA_GMI":"Świątniki Górne","NAZWA_MSC":"Świątniki Górne","odleglosc_m":21.2,"strefa":"20-30 m","warstwa":"adresy"},"geometry":{"type":"Point","coordinates":[19.965648,49.935443]}},{"type":"Feature","properties":{"NUMER_PORZ":"3","KOD_POCZT":"32-040","NAZWA_ULC":"Żniwiarzy","NAZWA_GMI":"Świątniki Górne","NAZWA_MSC":"Rzeszotary","odleglosc_m":92.8,"strefa":"50-200 m","warstwa":"adresy"},"geometry":{"type":"Point","coordinates":[19.974791,49.944358]}},{"type":"Feature","properties":{"NUMER_PORZ":"37","KOD_POCZT":"32-040","NAZWA_ULC":"Szewska","NAZWA_GMI":"Świątniki Górne","NAZWA_MSC":"Rzeszotary","odleglosc_m":4.6,"strefa":"0-20 m","warstwa":"adresy"},"geometry":{"type":"Point","coordinates":[19.97676,49.94772]}},{"type":"Feature","properties":{"NUMER_PORZ":"35","KOD_POCZT":"32-040","NAZWA_ULC":"Szewska","NAZWA_GMI":"Świątniki Górne","NAZWA_MSC":"Rzeszotary","odleglosc_m":0.0,"strefa":"nad tunelem","warstwa":"adresy"},"geometry":{"type":"Point","coordinates":[19.976631,49.947994]}},{"type":"Feature","properties":{"NUMER_PORZ":"33","KOD_POCZT":"32-040","NAZWA_ULC":"Szewska","NAZWA_GMI":"Świątniki Górne","NAZWA_MSC":"Rzeszotary","odleglosc_m":0.0,"strefa":"nad tunelem","warstwa":"adresy"},"geometry":{"type":"Point","coordinates":[19.976339,49.947689]}},{"type":"Feature","properties":{"NUMER_PORZ":"33A","KOD_POCZT":"32-040","NAZWA_ULC":"Szewska","NAZWA_GMI":"Świątniki Górne","NAZWA_MSC":"Rzeszotary","odleglosc_m":0.0,"strefa":"nad tunelem","warstwa":"adresy"},"geometry":{"type":"Point","coordinates":[19.976272,49.947887]}},{"type":"Feature","properties":{"NUMER_PORZ":"28A","KOD_POCZT":"32-040","NAZWA_ULC":"Piastowska","NAZWA_GMI":"Świątniki Górne","NAZWA_MSC":"Rzeszotary","odleglosc_m":157.1,"strefa":"50-200 m","warstwa":"adresy"},"geometry":{"type":"Point","coordinates":[19.976763,49.945233]}},{"type":"Feature","properties":{"NUMER_PORZ":"61","KOD_POCZT":"32-040","NAZWA_ULC":"Do Dworu","NAZWA_GMI":"Świątniki Górne","NAZWA_MSC":"Olszowice","odleglosc_m":12.2,"strefa":"0-20 m","warstwa":"adresy"},"geometry":{"type":"Point","coordinates":[19.931655,49.912743]}},{"type":"Feature","properties":{"NUMER_PORZ":"57D","KOD_POCZT":"32-040","NAZWA_ULC":"Franciszka Bielowicza","NAZWA_GMI":"Świątniki Górne","NAZWA_MSC":"Świątniki Górne","odleglosc_m":27.9,"strefa":"20-30 m","warstwa":"adresy"},"geometry":{"type":"Point","coordinates":[19.965618,49.935244]}},{"type":"Feature","properties":{"NUMER_PORZ":"57E","KOD_POCZT":"32-040","NAZWA_ULC":"Franciszka Bielowicza","NAZWA_GMI":"Świątniki Górne","NAZWA_MSC":"Świątniki Górne","odleglosc_m":19.0,"strefa":"0-20 m","warstwa":"adresy"},"geometry":{"type":"Point","coordinates":[19.965484,49.935246]}},{"type":"Feature","properties":{"NUMER_PORZ":"44A","KOD_POCZT":"32-040","NAZWA_ULC":"Franciszka Bielowicza","NAZWA_GMI":"Świątniki Górne","NAZWA_MSC":"Świątniki Górne","odleglosc_m":16.8,"strefa":"0-20 m","warstwa":"adresy"},"geometry":{"type":"Point","coordinates":[19.964848,49.934333]}},{"type":"Feature","properties":{"NUMER_PORZ":"73A","KOD_POCZT":"32-040","NAZWA_ULC":"Franciszka Bielowicza","NAZWA_GMI":"Świątniki Górne","NAZWA_MSC":"Świątniki Górne","odleglosc_m":193.4,"strefa":"50-200 m","warstwa":"adresy"},"geometry":{"type":"Point","coordinates":[19.967845,49.93482]}},{"type":"Feature","properties":{"NUMER_PORZ":"73B","KOD_POCZT":"32-040","NAZWA_ULC":"Franciszka Bielowicza","NAZWA_GMI":"Świątniki Górne","NAZWA_MSC":"Świątniki Górne","odleglosc_m":183.9,"strefa":"50-200 m","warstwa":"adresy"},"geometry":{"type":"Point","coordinates":[19.967729,49.934861]}},{"type":"Feature","properties":{"NUMER_PORZ":"73C","KOD_POCZT":"32-040","NAZWA_ULC":"Franciszka Bielowicza","NAZWA_GMI":"Świątniki Górne","NAZWA_MSC":"Świątniki Górne","odleglosc_m":176.6,"strefa":"50-200 m","warstwa":"adresy"},"geometry":{"type":"Point","coordinates":[19.96763,49.93488]}},{"type":"Feature","properties":{"NUMER_PORZ":"73D","KOD_POCZT":"32-040","NAZWA_ULC":"Franciszka Bielowicza","NAZWA_GMI":"Świątniki Górne","NAZWA_MSC":"Świątniki Górne","odleglosc_m":173.6,"strefa":"50-200 m","warstwa":"adresy"},"geometry":{"type":"Point","coordinates":[19.967676,49.935019]}},{"type":"Feature","properties":{"NUMER_PORZ":"73E","KOD_POCZT":"32-040","NAZWA_ULC":"Franciszka Bielowicza","NAZWA_GMI":"Świątniki Górne","NAZWA_MSC":"Świątniki Górne","odleglosc_m":170.2,"strefa":"50-200 m","warstwa":"adresy"},"geometry":{"type":"Point","coordinates":[19.967667,49.935082]}},{"type":"Feature","properties":{"NUMER_PORZ":"111F","KOD_POCZT":"32-400","NAZWA_ULC":"3-ego Maja","NAZWA_GMI":"Myślenice","NAZWA_MSC":"Myślenice","odleglosc_m":15.7,"strefa":"0-20 m","warstwa":"adresy"},"geometry":{"type":"Point","coordinates":[19.911963,49.830838]}},{"type":"Feature","properties":{"NUMER_PORZ":"11","KOD_POCZT":"32-040","NAZWA_ULC":"Pogoni Lwów","NAZWA_GMI":"Świątniki Górne","NAZWA_MSC":"Ochojno","odleglosc_m":199.8,"strefa":"50-200 m","warstwa":"adresy"},"geometry":{"type":"Point","coordinates":[19.979956,49.955159]}},{"type":"Feature","properties":{"NUMER_PORZ":"29","KOD_POCZT":"32-040","NAZWA_ULC":"Polna","NAZWA_GMI":"Świątniki Górne","NAZWA_MSC":"Świątniki Górne","odleglosc_m":62.5,"strefa":"50-200 m","warstwa":"adresy"},"geometry":{"type":"Point","coordinates":[19.959795,49.929607]}},{"type":"Feature","properties":{"NUMER_PORZ":"2A","KOD_POCZT":"32-040","NAZWA_ULC":"Południowa","NAZWA_GMI":"Świątniki Górne","NAZWA_MSC":"Świątniki Górne","odleglosc_m":196.7,"strefa":"50-200 m","warstwa":"adresy"},"geometry":{"type":"Point","coordinates":[19.955791,49.926096]}},{"type":"Feature","properties":{"NUMER_PORZ":"125F","KOD_POCZT":"32-400","NAZWA_ULC":"Andrzeja Średniawskiego","NAZWA_GMI":"Myślenice","NAZWA_MSC":"Myślenice","odleglosc_m":45.6,"strefa":"30-50 m","warstwa":"adresy"},"geometry":{"type":"Point","coordinates":[19.910896,49.83275]}},{"type":"Feature","properties":{"NUMER_PORZ":"48B","KOD_POCZT":"32-040","NAZWA_ULC":"Franciszka Bielowicza","NAZWA_GMI":"Świątniki Górne","NAZWA_MSC":"Świątniki Górne","odleglosc_m":59.7,"strefa":"50-200 m","warstwa":"adresy"},"geometry":{"type":"Point","coordinates":[19.965553,49.934415]}},{"type":"Feature","properties":{"NUMER_PORZ":"11","KOD_POCZT":"32-040","NAZWA_ULC":"Polna","NAZWA_GMI":"Świątniki Górne","NAZWA_MSC":"Świątniki Górne","odleglosc_m":163.2,"strefa":"50-200 m","warstwa":"adresy"},"geometry":{"type":"Point","coordinates":[19.959001,49.930554]}},{"type":"Feature","properties":{"NUMER_PORZ":"79","KOD_POCZT":"32-040","NAZWA_ULC":"Do Dworu","NAZWA_GMI":"Świątniki Górne","NAZWA_MSC":"Olszowice","odleglosc_m":160.0,"strefa":"50-200 m","warstwa":"adresy"},"geometry":{"type":"Point","coordinates":[19.932391,49.910616]}},{"type":"Feature","properties":{"NUMER_PORZ":"8G","KOD_POCZT":"32-400","NAZWA_ULC":"Tarnówka","NAZWA_GMI":"Myślenice","NAZWA_MSC":"Myślenice","odleglosc_m":76.6,"strefa":"50-200 m","warstwa":"adresy"},"geometry":{"type":"Point","coordinates":[19.924368,49.850677]}},{"type":"Feature","properties":{"NUMER_PORZ":"3i","KOD_POCZT":"32-400","NAZWA_ULC":"Tarnówka","NAZWA_GMI":"Myślenice","NAZWA_MSC":"Myślenice","odleglosc_m":32.4,"strefa":"30-50 m","warstwa":"adresy"},"geometry":{"type":"Point","coordinates":[19.92425,49.847422]}},{"type":"Feature","properties":{"NUMER_PORZ":"28","KOD_POCZT":"30-694","NAZWA_ULC":"Romana Żelazowskiego","NAZWA_GMI":"Kraków","NAZWA_MSC":"Kraków","odleglosc_m":119.7,"strefa":"50-200 m","warstwa":"adresy"},"geometry":{"type":"Point","coordinates":[19.996236,49.993053]}},{"type":"Feature","properties":{"NUMER_PORZ":"20","KOD_POCZT":"30-699","NAZWA_ULC":"Heleny Chanieckiej","NAZWA_GMI":"Kraków","NAZWA_MSC":"Kraków","odleglosc_m":154.7,"strefa":"50-200 m","warstwa":"adresy"},"geometry":{"type":"Point","coordinates":[19.991024,49.974957]}},{"type":"Feature","properties":{"NUMER_PORZ":"4","KOD_POCZT":"30-694","NAZWA_ULC":"Krzemieniecka","NAZWA_GMI":"Kraków","NAZWA_MSC":"Kraków","odleglosc_m":184.3,"strefa":"50-200 m","warstwa":"adresy"},"geometry":{"type":"Point","coordinates":[19.989703,49.982586]}},{"type":"Feature","properties":{"NUMER_PORZ":"3","KOD_POCZT":"30-699","NAZWA_ULC":"Elżbiety Drużbackiej","NAZWA_GMI":"Kraków","NAZWA_MSC":"Kraków","odleglosc_m":196.2,"strefa":"50-200 m","warstwa":"adresy"},"geometry":{"type":"Point","coordinates":[19.989623,49.982251]}},{"type":"Feature","properties":{"NUMER_PORZ":"18A","KOD_POCZT":"30-699","NAZWA_ULC":"Heleny Chanieckiej","NAZWA_GMI":"Kraków","NAZWA_MSC":"Kraków","odleglosc_m":163.3,"strefa":"50-200 m","warstwa":"adresy"},"geometry":{"type":"Point","coordinates":[19.99095,49.975282]}},{"type":"Feature","properties":{"NUMER_PORZ":"1","KOD_POCZT":"30-699","NAZWA_ULC":"Krzemieniecka","NAZWA_GMI":"Kraków","NAZWA_MSC":"Kraków","odleglosc_m":193.6,"strefa":"50-200 m","warstwa":"adresy"},"geometry":{"type":"Point","coordinates":[19.98954,49.982812]}},{"type":"Feature","properties":{"NUMER_PORZ":"10","KOD_POCZT":"30-699","NAZWA_ULC":"Krzemieniecka","NAZWA_GMI":"Kraków","NAZWA_MSC":"Kraków","odleglosc_m":47.1,"strefa":"30-50 m","warstwa":"adresy"},"geometry":{"type":"Point","coordinates":[19.991622,49.982666]}},{"type":"Feature","properties":{"NUMER_PORZ":"12","KOD_POCZT":"30-699","NAZWA_ULC":"Krzemieniecka","NAZWA_GMI":"Kraków","NAZWA_MSC":"Kraków","odleglosc_m":5.3,"strefa":"0-20 m","warstwa":"adresy"},"geometry":{"type":"Point","coordinates":[19.992181,49.982786]}},{"type":"Feature","properties":{"NUMER_PORZ":"14","KOD_POCZT":"30-699","NAZWA_ULC":"Krzemieniecka","NAZWA_GMI":"Kraków","NAZWA_MSC":"Kraków","odleglosc_m":0.0,"strefa":"w śladzie","warstwa":"adresy"},"geometry":{"type":"Point","coordinates":[19.992938,49.982926]}},{"type":"Feature","properties":{"NUMER_PORZ":"3","KOD_POCZT":"30-699","NAZWA_ULC":"Krzemieniecka","NAZWA_GMI":"Kraków","NAZWA_MSC":"Kraków","odleglosc_m":159.8,"strefa":"50-200 m","warstwa":"adresy"},"geometry":{"type":"Point","coordinates":[19.989999,49.98301]}},{"type":"Feature","properties":{"NUMER_PORZ":"5","KOD_POCZT":"30-699","NAZWA_ULC":"Krzemieniecka","NAZWA_GMI":"Kraków","NAZWA_MSC":"Kraków","odleglosc_m":122.4,"strefa":"50-200 m","warstwa":"adresy"},"geometry":{"type":"Point","coordinates":[19.99053,49.982882]}},{"type":"Feature","properties":{"NUMER_PORZ":"6","KOD_POCZT":"30-699","NAZWA_ULC":"Krzemieniecka","NAZWA_GMI":"Kraków","NAZWA_MSC":"Kraków","odleglosc_m":104.7,"strefa":"50-200 m","warstwa":"adresy"},"geometry":{"type":"Point","coordinates":[19.990836,49.982552]}},{"type":"Feature","properties":{"NUMER_PORZ":"6b","KOD_POCZT":"30-699","NAZWA_ULC":"Krzemieniecka","NAZWA_GMI":"Kraków","NAZWA_MSC":"Kraków","odleglosc_m":135.4,"strefa":"50-200 m","warstwa":"adresy"},"geometry":{"type":"Point","coordinates":[19.990559,49.982048]}},{"type":"Feature","properties":{"NUMER_PORZ":"7","KOD_POCZT":"30-699","NAZWA_ULC":"Krzemieniecka","NAZWA_GMI":"Kraków","NAZWA_MSC":"Kraków","odleglosc_m":58.9,"strefa":"50-200 m","warstwa":"adresy"},"geometry":{"type":"Point","coordinates":[19.991423,49.983023]}},{"type":"Feature","properties":{"NUMER_PORZ":"8c","KOD_POCZT":"30-699","NAZWA_ULC":"Krzemieniecka","NAZWA_GMI":"Kraków","NAZWA_MSC":"Kraków","odleglosc_m":52.6,"strefa":"50-200 m","warstwa":"adresy"},"geometry":{"type":"Point","coordinates":[19.991753,49.982047]}},{"type":"Feature","properties":{"NUMER_PORZ":"16","KOD_POCZT":"30-694","NAZWA_ULC":"Blacharska","NAZWA_GMI":"Kraków","NAZWA_MSC":"Kraków","odleglosc_m":15.1,"strefa":"0-20 m","warstwa":"adresy"},"geometry":{"type":"Point","coordinates":[19.996697,49.999186]}},{"type":"Feature","properties":{"NUMER_PORZ":"28a","KOD_POCZT":"30-694","NAZWA_ULC":"Romana Żelazowskiego","NAZWA_GMI":"Kraków","NAZWA_MSC":"Kraków","odleglosc_m":128.3,"strefa":"50-200 m","warstwa":"adresy"},"geometry":{"type":"Point","coordinates":[19.996286,49.992861]}},{"type":"Feature","properties":{"NUMER_PORZ":"9C","KOD_POCZT":"30-694","NAZWA_ULC":"Romana Żelazowskiego","NAZWA_GMI":"Kraków","NAZWA_MSC":"Kraków","odleglosc_m":97.8,"strefa":"50-200 m","warstwa":"adresy"},"geometry":{"type":"Point","coordinates":[19.99605,49.993522]}},{"type":"Feature","properties":{"NUMER_PORZ":"9","KOD_POCZT":"30-694","NAZWA_ULC":"Romana Żelazowskiego","NAZWA_GMI":"Kraków","NAZWA_MSC":"Kraków","odleglosc_m":36.6,"strefa":"30-50 m","warstwa":"adresy"},"geometry":{"type":"Point","coordinates":[19.995328,49.994047]}},{"type":"Feature","properties":{"NUMER_PORZ":"3a","KOD_POCZT":"30-694","NAZWA_ULC":"Włodzimierza Gruszczyńskiego","NAZWA_GMI":"Kraków","NAZWA_MSC":"Kraków","odleglosc_m":63.1,"strefa":"50-200 m","warstwa":"adresy"},"geometry":{"type":"Point","coordinates":[19.992881,49.993088]}},{"type":"Feature","properties":{"NUMER_PORZ":"5a","KOD_POCZT":"30-699","NAZWA_ULC":"Elżbiety Drużbackiej","NAZWA_GMI":"Kraków","NAZWA_MSC":"Kraków","odleglosc_m":193.0,"strefa":"50-200 m","warstwa":"adresy"},"geometry":{"type":"Point","coordinates":[19.989738,49.982047]}},{"type":"Feature","properties":{"NUMER_PORZ":"15","KOD_POCZT":"30-699","NAZWA_ULC":"Heleny Chanieckiej","NAZWA_GMI":"Kraków","NAZWA_MSC":"Kraków","odleglosc_m":195.6,"strefa":"50-200 m","warstwa":"adresy"},"geometry":{"type":"Point","coordinates":[19.99067,49.976344]}},{"type":"Feature","properties":{"NUMER_PORZ":"19a","KOD_POCZT":"30-699","NAZWA_ULC":"Heleny Chanieckiej","NAZWA_GMI":"Kraków","NAZWA_MSC":"Kraków","odleglosc_m":119.6,"strefa":"50-200 m","warstwa":"adresy"},"geometry":{"type":"Point","coordinates":[19.991516,49.974972]}},{"type":"Feature","properties":{"NUMER_PORZ":"1a","KOD_POCZT":"30-694","NAZWA_ULC":"Antoniego Hoborskiego","NAZWA_GMI":"Kraków","NAZWA_MSC":"Kraków","odleglosc_m":115.1,"strefa":"50-200 m","warstwa":"adresy"},"geometry":{"type":"Point","coordinates":[19.996696,49.994588]}},{"type":"Feature","properties":{"NUMER_PORZ":"13L","KOD_POCZT":"30-694","NAZWA_ULC":"Bednarska","NAZWA_GMI":"Kraków","NAZWA_MSC":"Kraków","odleglosc_m":142.6,"strefa":"50-200 m","warstwa":"adresy"},"geometry":{"type":"Point","coordinates":[19.998527,49.999231]}},{"type":"Feature","properties":{"NUMER_PORZ":"15c","KOD_POCZT":"30-699","NAZWA_ULC":"Heleny Chanieckiej","NAZWA_GMI":"Kraków","NAZWA_MSC":"Kraków","odleglosc_m":105.4,"strefa":"50-200 m","warstwa":"adresy"},"geometry":{"type":"Point","coordinates":[19.991855,49.975664]}},{"type":"Feature","properties":{"NUMER_PORZ":"4","KOD_POCZT":"30-694","NAZWA_ULC":"Wacława Gąsiorowskiego","NAZWA_GMI":"Kraków","NAZWA_MSC":"Kraków","odleglosc_m":156.3,"strefa":"50-200 m","warstwa":"adresy"},"geometry":{"type":"Point","coordinates":[19.99295,49.998193]}},{"type":"Feature","properties":{"NUMER_PORZ":"9a","KOD_POCZT":"30-694","NAZWA_ULC":"Wacława Gąsiorowskiego","NAZWA_GMI":"Kraków","NAZWA_MSC":"Kraków","odleglosc_m":179.8,"strefa":"50-200 m","warstwa":"adresy"},"geometry":{"type":"Point","coordinates":[19.993389,49.999134]}},{"type":"Feature","properties":{"NUMER_PORZ":"3b","KOD_POCZT":"30-694","NAZWA_ULC":"Szczegów","NAZWA_GMI":"Kraków","NAZWA_MSC":"Kraków","odleglosc_m":148.3,"strefa":"50-200 m","warstwa":"adresy"},"geometry":{"type":"Point","coordinates":[19.996734,49.993401]}},{"type":"Feature","properties":{"NUMER_PORZ":"14","KOD_POCZT":"30-694","NAZWA_ULC":"Romana Żelazowskiego","NAZWA_GMI":"Kraków","NAZWA_MSC":"Kraków","odleglosc_m":0.0,"strefa":"w śladzie","warstwa":"adresy"},"geometry":{"type":"Point","coordinates":[19.994187,49.993914]}},{"type":"Feature","properties":{"NUMER_PORZ":"9A","KOD_POCZT":"30-694","NAZWA_ULC":"Romana Żelazowskiego","NAZWA_GMI":"Kraków","NAZWA_MSC":"Kraków","odleglosc_m":62.1,"strefa":"50-200 m","warstwa":"adresy"},"geometry":{"type":"Point","coordinates":[19.995746,49.994278]}},{"type":"Feature","properties":{"NUMER_PORZ":"10a","KOD_POCZT":"30-694","NAZWA_ULC":"Romana Żelazowskiego","NAZWA_GMI":"Kraków","NAZWA_MSC":"Kraków","odleglosc_m":25.2,"strefa":"20-30 m","warstwa":"adresy"},"geometry":{"type":"Point","coordinates":[19.993614,49.993832]}},{"type":"Feature","properties":{"NUMER_PORZ":"15D","KOD_POCZT":"30-699","NAZWA_ULC":"Heleny Chanieckiej","NAZWA_GMI":"Kraków","NAZWA_MSC":"Kraków","odleglosc_m":89.8,"strefa":"50-200 m","warstwa":"adresy"},"geometry":{"type":"Point","coordinates":[19.991973,49.975148]}},{"type":"Feature","properties":{"NUMER_PORZ":"6c","KOD_POCZT":"30-699","NAZWA_ULC":"Krzemieniecka","NAZWA_GMI":"Kraków","NAZWA_MSC":"Kraków","odleglosc_m":109.8,"strefa":"50-200 m","warstwa":"adresy"},"geometry":{"type":"Point","coordinates":[19.990874,49.982198]}},{"type":"Feature","properties":{"NUMER_PORZ":"20","KOD_POCZT":"30-694","NAZWA_ULC":"Romana Żelazowskiego","NAZWA_GMI":"Kraków","NAZWA_MSC":"Kraków","odleglosc_m":0.0,"strefa":"w śladzie","warstwa":"adresy"},"geometry":{"type":"Point","coordinates":[19.99429,49.993223]}},{"type":"Feature","properties":{"NUMER_PORZ":"16A","KOD_POCZT":"30-694","NAZWA_ULC":"Romana Żelazowskiego","NAZWA_GMI":"Kraków","NAZWA_MSC":"Kraków","odleglosc_m":0.0,"strefa":"w śladzie","warstwa":"adresy"},"geometry":{"type":"Point","coordinates":[19.994548,49.994079]}},{"type":"Feature","properties":{"NUMER_PORZ":"15a","KOD_POCZT":"30-694","NAZWA_ULC":"Jana Hallera","NAZWA_GMI":"Kraków","NAZWA_MSC":"Kraków","odleglosc_m":103.2,"strefa":"50-200 m","warstwa":"adresy"},"geometry":{"type":"Point","coordinates":[19.993641,49.997901]}},{"type":"Feature","properties":{"NUMER_PORZ":"46B","KOD_POCZT":"30-694","NAZWA_ULC":"Romana Żelazowskiego","NAZWA_GMI":"Kraków","NAZWA_MSC":"Kraków","odleglosc_m":182.7,"strefa":"50-200 m","warstwa":"adresy"},"geometry":{"type":"Point","coordinates":[19.996724,49.991799]}},{"type":"Feature","properties":{"NUMER_PORZ":"5","KOD_POCZT":"30-699","NAZWA_ULC":"Heleny Chanieckiej","NAZWA_GMI":"Kraków","NAZWA_MSC":"Kraków","odleglosc_m":141.7,"strefa":"50-200 m","warstwa":"adresy"},"geometry":{"type":"Point","coordinates":[19.991199,49.979125]}},{"type":"Feature","properties":{"NUMER_PORZ":"3A","KOD_POCZT":"30-694","NAZWA_ULC":"Szczegów","NAZWA_GMI":"Kraków","NAZWA_MSC":"Kraków","odleglosc_m":138.5,"strefa":"50-200 m","warstwa":"adresy"},"geometry":{"type":"Point","coordinates":[19.996597,49.993407]}},{"type":"Feature","properties":{"NUMER_PORZ":"1","KOD_POCZT":"30-699","NAZWA_ULC":"Cyryla Ratajskiego","NAZWA_GMI":"Kraków","NAZWA_MSC":"Kraków","odleglosc_m":181.9,"strefa":"50-200 m","warstwa":"adresy"},"geometry":{"type":"Point","coordinates":[19.99023,49.981295]}},{"type":"Feature","properties":{"NUMER_PORZ":"7a","KOD_POCZT":"30-699","NAZWA_ULC":"Elżbiety Drużbackiej","NAZWA_GMI":"Kraków","NAZWA_MSC":"Kraków","odleglosc_m":188.9,"strefa":"50-200 m","warstwa":"adresy"},"geometry":{"type":"Point","coordinates":[19.989972,49.981611]}},{"type":"Feature","properties":{"NUMER_PORZ":"28","KOD_POCZT":"30-694","NAZWA_ULC":"Blacharska","NAZWA_GMI":"Kraków","NAZWA_MSC":"Kraków","odleglosc_m":52.9,"strefa":"50-200 m","warstwa":"adresy"},"geometry":{"type":"Point","coordinates":[19.997197,49.999072]}},{"type":"Feature","properties":{"NUMER_PORZ":"23","KOD_POCZT":"30-694","NAZWA_ULC":"Blacharska","NAZWA_GMI":"Kraków","NAZWA_MSC":"Kraków","odleglosc_m":95.5,"strefa":"50-200 m","warstwa":"adresy"},"geometry":{"type":"Point","coordinates":[19.997703,49.999849]}},{"type":"Feature","properties":{"NUMER_PORZ":"46","KOD_POCZT":"30-694","NAZWA_ULC":"Blacharska","NAZWA_GMI":"Kraków","NAZWA_MSC":"Kraków","odleglosc_m":198.7,"strefa":"50-200 m","warstwa":"adresy"},"geometry":{"type":"Point","coordinates":[19.999326,49.999354]}},{"type":"Feature","properties":{"NUMER_PORZ":"79a","KOD_POCZT":"30-699","NAZWA_ULC":"Elżbiety Drużbackiej","NAZWA_GMI":"Kraków","NAZWA_MSC":"Kraków","odleglosc_m":0.0,"strefa":"w śladzie","warstwa":"adresy"},"geometry":{"type":"Point","coordinates":[19.993821,49.973669]}},{"type":"Feature","properties":{"NUMER_PORZ":"4","KOD_POCZT":"30-699","NAZWA_ULC":"Cyryla Ratajskiego","NAZWA_GMI":"Kraków","NAZWA_MSC":"Kraków","odleglosc_m":140.5,"strefa":"50-200 m","warstwa":"adresy"},"geometry":{"type":"Point","coordinates":[19.990901,49.98105]}},{"type":"Feature","properties":{"NUMER_PORZ":"1A","KOD_POCZT":"30-699","NAZWA_ULC":"Cyryla Ratajskiego","NAZWA_GMI":"Kraków","NAZWA_MSC":"Kraków","odleglosc_m":179.6,"strefa":"50-200 m","warstwa":"adresy"},"geometry":{"type":"Point","coordinates":[19.990184,49.981459]}},{"type":"Feature","properties":{"NUMER_PORZ":"10","KOD_POCZT":"30-699","NAZWA_ULC":"Antoniego Pajdaka","NAZWA_GMI":"Kraków","NAZWA_MSC":"Kraków","odleglosc_m":59.6,"strefa":"50-200 m","warstwa":"adresy"},"geometry":{"type":"Point","coordinates":[19.99208,49.980827]}},{"type":"Feature","properties":{"NUMER_PORZ":"21E","KOD_POCZT":"30-694","NAZWA_ULC":"Włodzimierza Gruszczyńskiego","NAZWA_GMI":"Kraków","NAZWA_MSC":"Kraków","odleglosc_m":171.8,"strefa":"50-200 m","warstwa":"adresy"},"geometry":{"type":"Point","coordinates":[19.990201,49.989909]}},{"type":"Feature","properties":{"NUMER_PORZ":"8","KOD_POCZT":"30-699","NAZWA_ULC":"Krzemieniecka","NAZWA_GMI":"Kraków","NAZWA_MSC":"Kraków","odleglosc_m":70.6,"strefa":"50-200 m","warstwa":"adresy"},"geometry":{"type":"Point","coordinates":[19.9913,49.982624]}},{"type":"Feature","properties":{"NUMER_PORZ":"15B","KOD_POCZT":"30-699","NAZWA_ULC":"Heleny Chanieckiej","NAZWA_GMI":"Kraków","NAZWA_MSC":"Kraków","odleglosc_m":118.8,"strefa":"50-200 m","warstwa":"adresy"},"geometry":{"type":"Point","coordinates":[19.99174,49.975908]}},{"type":"Feature","properties":{"NUMER_PORZ":"30","KOD_POCZT":"30-699","NAZWA_ULC":"Heleny Chanieckiej","NAZWA_GMI":"Kraków","NAZWA_MSC":"Kraków","odleglosc_m":105.2,"strefa":"50-200 m","warstwa":"adresy"},"geometry":{"type":"Point","coordinates":[19.991019,49.973158]}},{"type":"Feature","properties":{"NUMER_PORZ":"9B","KOD_POCZT":"30-694","NAZWA_ULC":"Romana Żelazowskiego","NAZWA_GMI":"Kraków","NAZWA_MSC":"Kraków","odleglosc_m":127.6,"strefa":"50-200 m","warstwa":"adresy"},"geometry":{"type":"Point","coordinates":[19.99673,49.994308]}},{"type":"Feature","properties":{"NUMER_PORZ":"30","KOD_POCZT":"30-694","NAZWA_ULC":"Blacharska","NAZWA_GMI":"Kraków","NAZWA_MSC":"Kraków","odleglosc_m":62.8,"strefa":"50-200 m","warstwa":"adresy"},"geometry":{"type":"Point","coordinates":[19.997391,49.999574]}},{"type":"Feature","properties":{"NUMER_PORZ":"13K","KOD_POCZT":"30-694","NAZWA_ULC":"Bednarska","NAZWA_GMI":"Kraków","NAZWA_MSC":"Kraków","odleglosc_m":140.2,"strefa":"50-200 m","warstwa":"adresy"},"geometry":{"type":"Point","coordinates":[19.998455,49.999703]}},{"type":"Feature","properties":{"NUMER_PORZ":"21F","KOD_POCZT":"30-694","NAZWA_ULC":"Włodzimierza Gruszczyńskiego","NAZWA_GMI":"Kraków","NAZWA_MSC":"Kraków","odleglosc_m":161.6,"strefa":"50-200 m","warstwa":"adresy"},"geometry":{"type":"Point","coordinates":[19.990257,49.989733]}},{"type":"Feature","properties":{"NUMER_PORZ":"16","KOD_POCZT":"30-694","NAZWA_ULC":"Romana Żelazowskiego","NAZWA_GMI":"Kraków","NAZWA_MSC":"Kraków","odleglosc_m":0.0,"strefa":"w śladzie","warstwa":"adresy"},"geometry":{"type":"Point","coordinates":[19.994579,49.993776]}},{"type":"Feature","properties":{"NUMER_PORZ":"8","KOD_POCZT":"30-694","NAZWA_ULC":"Wacława Gąsiorowskiego","NAZWA_GMI":"Kraków","NAZWA_MSC":"Kraków","odleglosc_m":151.2,"strefa":"50-200 m","warstwa":"adresy"},"geometry":{"type":"Point","coordinates":[19.993277,49.998621]}},{"type":"Feature","properties":{"NUMER_PORZ":"13N","KOD_POCZT":"30-694","NAZWA_ULC":"Bednarska","NAZWA_GMI":"Kraków","NAZWA_MSC":"Kraków","odleglosc_m":179.9,"strefa":"50-200 m","warstwa":"adresy"},"geometry":{"type":"Point","coordinates":[19.999059,49.999305]}},{"type":"Feature","properties":{"NUMER_PORZ":"9","KOD_POCZT":"30-699","NAZWA_ULC":"Antoniego Pajdaka","NAZWA_GMI":"Kraków","NAZWA_MSC":"Kraków","odleglosc_m":110.4,"strefa":"50-200 m","warstwa":"adresy"},"geometry":{"type":"Point","coordinates":[19.991344,49.980942]}},{"type":"Feature","properties":{"NUMER_PORZ":"15","KOD_POCZT":"30-698","NAZWA_ULC":"Gacki","NAZWA_GMI":"Kraków","NAZWA_MSC":"Kraków","odleglosc_m":0.0,"strefa":"w śladzie","warstwa":"adresy"},"geometry":{"type":"Point","coordinates":[19.992371,49.984553]}},{"type":"Feature","properties":{"NUMER_PORZ":"13","KOD_POCZT":"30-699","NAZWA_ULC":"Antoniego Pajdaka","NAZWA_GMI":"Kraków","NAZWA_MSC":"Kraków","odleglosc_m":74.8,"strefa":"50-200 m","warstwa":"adresy"},"geometry":{"type":"Point","coordinates":[19.991839,49.98097]}},{"type":"Feature","properties":{"NUMER_PORZ":"13KA","KOD_POCZT":"30-694","NAZWA_ULC":"Bednarska","NAZWA_GMI":"Kraków","NAZWA_MSC":"Kraków","odleglosc_m":140.7,"strefa":"50-200 m","warstwa":"adresy"},"geometry":{"type":"Point","coordinates":[19.998508,49.999522]}},{"type":"Feature","properties":{"NUMER_PORZ":"32","KOD_POCZT":"30-694","NAZWA_ULC":"Blacharska","NAZWA_GMI":"Kraków","NAZWA_MSC":"Kraków","odleglosc_m":99.6,"strefa":"50-200 m","warstwa":"adresy"},"geometry":{"type":"Point","coordinates":[19.997908,49.999605]}},{"type":"Feature","properties":{"NUMER_PORZ":"13KB","KOD_POCZT":"30-694","NAZWA_ULC":"Bednarska","NAZWA_GMI":"Kraków","NAZWA_MSC":"Kraków","odleglosc_m":177.6,"strefa":"50-200 m","warstwa":"adresy"},"geometry":{"type":"Point","coordinates":[19.999015,49.999588]}},{"type":"Feature","properties":{"NUMER_PORZ":"11","KOD_POCZT":"30-699","NAZWA_ULC":"Antoniego Pajdaka","NAZWA_GMI":"Kraków","NAZWA_MSC":"Kraków","odleglosc_m":101.3,"strefa":"50-200 m","warstwa":"adresy"},"geometry":{"type":"Point","coordinates":[19.991473,49.980939]}},{"type":"Feature","properties":{"NUMER_PORZ":"3B","KOD_POCZT":"30-694","NAZWA_ULC":"Włodzimierza Gruszczyńskiego","NAZWA_GMI":"Kraków","NAZWA_MSC":"Kraków","odleglosc_m":110.2,"strefa":"50-200 m","warstwa":"adresy"},"geometry":{"type":"Point","coordinates":[19.992264,49.99334]}},{"type":"Feature","properties":{"NUMER_PORZ":"6","KOD_POCZT":"30-699","NAZWA_ULC":"Antoniego Pajdaka","NAZWA_GMI":"Kraków","NAZWA_MSC":"Kraków","odleglosc_m":104.6,"strefa":"50-200 m","warstwa":"adresy"},"geometry":{"type":"Point","coordinates":[19.991473,49.980691]}},{"type":"Feature","properties":{"NUMER_PORZ":"2","KOD_POCZT":"30-699","NAZWA_ULC":"Berdyczowska","NAZWA_GMI":"Kraków","NAZWA_MSC":"Kraków","odleglosc_m":180.2,"strefa":"50-200 m","warstwa":"adresy"},"geometry":{"type":"Point","coordinates":[19.995922,49.983096]}},{"type":"Feature","properties":{"NUMER_PORZ":"6","KOD_POCZT":"30-699","NAZWA_ULC":"Romana Żelazowskiego","NAZWA_GMI":"Kraków","NAZWA_MSC":"Kraków","odleglosc_m":176.1,"strefa":"50-200 m","warstwa":"adresy"},"geometry":{"type":"Point","coordinates":[19.991543,49.994083]}},{"type":"Feature","properties":{"NUMER_PORZ":"24","KOD_POCZT":"30-699","NAZWA_ULC":"Władysława Jarockiego","NAZWA_GMI":"Kraków","NAZWA_MSC":"Kraków","odleglosc_m":197.0,"strefa":"50-200 m","warstwa":"adresy"},"geometry":{"type":"Point","coordinates":[19.99049,49.975482]}},{"type":"Feature","properties":{"NUMER_PORZ":"7","KOD_POCZT":"30-699","NAZWA_ULC":"Romana Żelazowskiego","NAZWA_GMI":"Kraków","NAZWA_MSC":"Kraków","odleglosc_m":19.1,"strefa":"0-20 m","warstwa":"adresy"},"geometry":{"type":"Point","coordinates":[19.993982,49.994781]}},{"type":"Feature","properties":{"NUMER_PORZ":"8","KOD_POCZT":"30-699","NAZWA_ULC":"Romana Żelazowskiego","NAZWA_GMI":"Kraków","NAZWA_MSC":"Kraków","odleglosc_m":90.7,"strefa":"50-200 m","warstwa":"adresy"},"geometry":{"type":"Point","coordinates":[19.992794,49.99415]}},{"type":"Feature","properties":{"NUMER_PORZ":"3","KOD_POCZT":"30-694","NAZWA_ULC":"Szczegów","NAZWA_GMI":"Kraków","NAZWA_MSC":"Kraków","odleglosc_m":123.5,"strefa":"50-200 m","warstwa":"adresy"},"geometry":{"type":"Point","coordinates":[19.996375,49.993363]}},{"type":"Feature","properties":{"NUMER_PORZ":"5","KOD_POCZT":"30-694","NAZWA_ULC":"Szczegów","NAZWA_GMI":"Kraków","NAZWA_MSC":"Kraków","odleglosc_m":180.0,"strefa":"50-200 m","warstwa":"adresy"},"geometry":{"type":"Point","coordinates":[19.99716,49.993311]}},{"type":"Feature","properties":{"NUMER_PORZ":"8","KOD_POCZT":"30-698","NAZWA_ULC":"Gacki","NAZWA_GMI":"Kraków","NAZWA_MSC":"Kraków","odleglosc_m":0.0,"strefa":"w śladzie","warstwa":"adresy"},"geometry":{"type":"Point","coordinates":[19.992903,49.984474]}},{"type":"Feature","properties":{"NUMER_PORZ":"18","KOD_POCZT":"30-699","NAZWA_ULC":"Heleny Chanieckiej","NAZWA_GMI":"Kraków","NAZWA_MSC":"Kraków","odleglosc_m":171.3,"strefa":"50-200 m","warstwa":"adresy"},"geometry":{"type":"Point","coordinates":[19.990845,49.975441]}},{"type":"Feature","properties":{"NUMER_PORZ":"19","KOD_POCZT":"30-699","NAZWA_ULC":"Heleny Chanieckiej","NAZWA_GMI":"Kraków","NAZWA_MSC":"Kraków","odleglosc_m":116.3,"strefa":"50-200 m","warstwa":"adresy"},"geometry":{"type":"Point","coordinates":[19.991543,49.974801]}},{"type":"Feature","properties":{"NUMER_PORZ":"20a","KOD_POCZT":"30-699","NAZWA_ULC":"Heleny Chanieckiej","NAZWA_GMI":"Kraków","NAZWA_MSC":"Kraków","odleglosc_m":168.3,"strefa":"50-200 m","warstwa":"adresy"},"geometry":{"type":"Point","coordinates":[19.99083,49.974932]}},{"type":"Feature","properties":{"NUMER_PORZ":"24","KOD_POCZT":"30-699","NAZWA_ULC":"Heleny Chanieckiej","NAZWA_GMI":"Kraków","NAZWA_MSC":"Kraków","odleglosc_m":170.3,"strefa":"50-200 m","warstwa":"adresy"},"geometry":{"type":"Point","coordinates":[19.990649,49.974365]}},{"type":"Feature","properties":{"NUMER_PORZ":"7","KOD_POCZT":"30-699","NAZWA_ULC":"Heleny Chanieckiej","NAZWA_GMI":"Kraków","NAZWA_MSC":"Kraków","odleglosc_m":0.0,"strefa":"w śladzie","warstwa":"adresy"},"geometry":{"type":"Point","coordinates":[19.993494,49.978895]}},{"type":"Feature","properties":{"NUMER_PORZ":"1b","KOD_POCZT":"30-694","NAZWA_ULC":"Jerzego Lande","NAZWA_GMI":"Kraków","NAZWA_MSC":"Kraków","odleglosc_m":159.4,"strefa":"50-200 m","warstwa":"adresy"},"geometry":{"type":"Point","coordinates":[19.99657,49.992483]}},{"type":"Feature","properties":{"NUMER_PORZ":"3","KOD_POCZT":"30-699","NAZWA_ULC":"Jerzego Lande","NAZWA_GMI":"Kraków","NAZWA_MSC":"Kraków","odleglosc_m":135.0,"strefa":"50-200 m","warstwa":"adresy"},"geometry":{"type":"Point","coordinates":[19.996231,49.992523]}},{"type":"Feature","properties":{"NUMER_PORZ":"4","KOD_POCZT":"30-694","NAZWA_ULC":"Jerzego Lande","NAZWA_GMI":"Kraków","NAZWA_MSC":"Kraków","odleglosc_m":78.6,"strefa":"50-200 m","warstwa":"adresy"},"geometry":{"type":"Point","coordinates":[19.995581,49.99289]}},{"type":"Feature","properties":{"NUMER_PORZ":"5","KOD_POCZT":"30-699","NAZWA_ULC":"Jerzego Lande","NAZWA_GMI":"Kraków","NAZWA_MSC":"Kraków","odleglosc_m":76.6,"strefa":"50-200 m","warstwa":"adresy"},"geometry":{"type":"Point","coordinates":[19.99545,49.992675]}},{"type":"Feature","properties":{"NUMER_PORZ":"6","KOD_POCZT":"30-699","NAZWA_ULC":"Jerzego Lande","NAZWA_GMI":"Kraków","NAZWA_MSC":"Kraków","odleglosc_m":82.4,"strefa":"50-200 m","warstwa":"adresy"},"geometry":{"type":"Point","coordinates":[19.995576,49.992751]}},{"type":"Feature","properties":{"NUMER_PORZ":"7","KOD_POCZT":"30-699","NAZWA_ULC":"Jerzego Lande","NAZWA_GMI":"Kraków","NAZWA_MSC":"Kraków","odleglosc_m":68.6,"strefa":"50-200 m","warstwa":"adresy"},"geometry":{"type":"Point","coordinates":[19.995349,49.992706]}},{"type":"Feature","properties":{"NUMER_PORZ":"10","KOD_POCZT":"30-694","NAZWA_ULC":"Romana Żelazowskiego","NAZWA_GMI":"Kraków","NAZWA_MSC":"Kraków","odleglosc_m":57.3,"strefa":"50-200 m","warstwa":"adresy"},"geometry":{"type":"Point","coordinates":[19.993233,49.994044]}},{"type":"Feature","properties":{"NUMER_PORZ":"12","KOD_POCZT":"30-694","NAZWA_ULC":"Romana Żelazowskiego","NAZWA_GMI":"Kraków","NAZWA_MSC":"Kraków","odleglosc_m":19.2,"strefa":"0-20 m","warstwa":"adresy"},"geometry":{"type":"Point","coordinates":[19.993881,49.994267]}},{"type":"Feature","properties":{"NUMER_PORZ":"18","KOD_POCZT":"30-699","NAZWA_ULC":"Romana Żelazowskiego","NAZWA_GMI":"Kraków","NAZWA_MSC":"Kraków","odleglosc_m":12.6,"strefa":"0-20 m","warstwa":"adresy"},"geometry":{"type":"Point","coordinates":[19.994822,49.993412]}},{"type":"Feature","properties":{"NUMER_PORZ":"22","KOD_POCZT":"30-694","NAZWA_ULC":"Romana Żelazowskiego","NAZWA_GMI":"Kraków","NAZWA_MSC":"Kraków","odleglosc_m":36.5,"strefa":"30-50 m","warstwa":"adresy"},"geometry":{"type":"Point","coordinates":[19.995057,49.993098]}},{"type":"Feature","properties":{"NUMER_PORZ":"24","KOD_POCZT":"30-699","NAZWA_ULC":"Romana Żelazowskiego","NAZWA_GMI":"Kraków","NAZWA_MSC":"Kraków","odleglosc_m":67.1,"strefa":"50-200 m","warstwa":"adresy"},"geometry":{"type":"Point","coordinates":[19.99559,49.993408]}},{"type":"Feature","properties":{"NUMER_PORZ":"32","KOD_POCZT":"30-694","NAZWA_ULC":"Romana Żelazowskiego","NAZWA_GMI":"Kraków","NAZWA_MSC":"Kraków","odleglosc_m":150.2,"strefa":"50-200 m","warstwa":"adresy"},"geometry":{"type":"Point","coordinates":[19.996526,49.992675]}},{"type":"Feature","properties":{"NUMER_PORZ":"3","KOD_POCZT":"30-694","NAZWA_ULC":"Włodzimierza Gruszczyńskiego","NAZWA_GMI":"Kraków","NAZWA_MSC":"Kraków","odleglosc_m":111.3,"strefa":"50-200 m","warstwa":"adresy"},"geometry":{"type":"Point","coordinates":[19.992366,49.993797]}},{"type":"Feature","properties":{"NUMER_PORZ":"7","KOD_POCZT":"30-694","NAZWA_ULC":"Włodzimierza Gruszczyńskiego","NAZWA_GMI":"Kraków","NAZWA_MSC":"Kraków","odleglosc_m":155.3,"strefa":"50-200 m","warstwa":"adresy"},"geometry":{"type":"Point","coordinates":[19.991674,49.993532]}},{"type":"Feature","properties":{"NUMER_PORZ":"17","KOD_POCZT":"30-699","NAZWA_ULC":"Elżbiety Drużbackiej","NAZWA_GMI":"Kraków","NAZWA_MSC":"Kraków","odleglosc_m":173.2,"strefa":"50-200 m","warstwa":"adresy"},"geometry":{"type":"Point","coordinates":[19.990509,49.979887]}},{"type":"Feature","properties":{"NUMER_PORZ":"3","KOD_POCZT":"30-699","NAZWA_ULC":"Cyryla Ratajskiego","NAZWA_GMI":"Kraków","NAZWA_MSC":"Kraków","odleglosc_m":162.8,"strefa":"50-200 m","warstwa":"adresy"},"geometry":{"type":"Point","coordinates":[19.990539,49.981235]}},{"type":"Feature","properties":{"NUMER_PORZ":"12","KOD_POCZT":"30-694","NAZWA_ULC":"Blacharska","NAZWA_GMI":"Kraków","NAZWA_MSC":"Kraków","odleglosc_m":0.0,"strefa":"w śladzie","warstwa":"adresy"},"geometry":{"type":"Point","coordinates":[19.996195,49.999122]}},{"type":"Feature","properties":{"NUMER_PORZ":"5","KOD_POCZT":"30-699","NAZWA_ULC":"Cyryla Ratajskiego","NAZWA_GMI":"Kraków","NAZWA_MSC":"Kraków","odleglosc_m":132.8,"strefa":"50-200 m","warstwa":"adresy"},"geometry":{"type":"Point","coordinates":[19.990917,49.981359]}},{"type":"Feature","properties":{"NUMER_PORZ":"10","KOD_POCZT":"30-689","NAZWA_ULC":"Bogumiła Pawłowskiego","NAZWA_GMI":"Kraków","NAZWA_MSC":"Kraków","odleglosc_m":174.8,"strefa":"50-200 m","warstwa":"adresy"},"geometry":{"type":"Point","coordinates":[19.991082,49.992742]}},{"type":"Feature","properties":{"NUMER_PORZ":"14","KOD_POCZT":"30-694","NAZWA_ULC":"Blacharska","NAZWA_GMI":"Kraków","NAZWA_MSC":"Kraków","odleglosc_m":18.6,"strefa":"0-20 m","warstwa":"adresy"},"geometry":{"type":"Point","coordinates":[19.996124,49.99965]}},{"type":"Feature","properties":{"NUMER_PORZ":"14A","KOD_POCZT":"30-694","NAZWA_ULC":"Blacharska","NAZWA_GMI":"Kraków","NAZWA_MSC":"Kraków","odleglosc_m":0.0,"strefa":"w śladzie","warstwa":"adresy"},"geometry":{"type":"Point","coordinates":[19.996147,49.999398]}},{"type":"Feature","properties":{"NUMER_PORZ":"15","KOD_POCZT":"30-694","NAZWA_ULC":"Blacharska","NAZWA_GMI":"Kraków","NAZWA_MSC":"Kraków","odleglosc_m":46.5,"strefa":"30-50 m","warstwa":"adresy"},"geometry":{"type":"Point","coordinates":[19.996366,49.999869]}},{"type":"Feature","properties":{"NUMER_PORZ":"17","KOD_POCZT":"30-694","NAZWA_ULC":"Blacharska","NAZWA_GMI":"Kraków","NAZWA_MSC":"Kraków","odleglosc_m":66.8,"strefa":"50-200 m","warstwa":"adresy"},"geometry":{"type":"Point","coordinates":[19.996581,50.000022]}},{"type":"Feature","properties":{"NUMER_PORZ":"18","KOD_POCZT":"30-694","NAZWA_ULC":"Blacharska","NAZWA_GMI":"Kraków","NAZWA_MSC":"Kraków","odleglosc_m":6.9,"strefa":"0-20 m","warstwa":"adresy"},"geometry":{"type":"Point","coordinates":[19.996499,49.99948]}},{"type":"Feature","properties":{"NUMER_PORZ":"24","KOD_POCZT":"30-694","NAZWA_ULC":"Blacharska","NAZWA_GMI":"Kraków","NAZWA_MSC":"Kraków","odleglosc_m":14.7,"strefa":"0-20 m","warstwa":"adresy"},"geometry":{"type":"Point","coordinates":[19.99675,49.999442]}},{"type":"Feature","properties":{"NUMER_PORZ":"26","KOD_POCZT":"30-694","NAZWA_ULC":"Blacharska","NAZWA_GMI":"Kraków","NAZWA_MSC":"Kraków","odleglosc_m":34.7,"strefa":"30-50 m","warstwa":"adresy"},"geometry":{"type":"Point","coordinates":[19.996998,49.999248]}},{"type":"Feature","properties":{"NUMER_PORZ":"8","KOD_POCZT":"30-694","NAZWA_ULC":"Blacharska","NAZWA_GMI":"Kraków","NAZWA_MSC":"Kraków","odleglosc_m":158.4,"strefa":"50-200 m","warstwa":"adresy"},"geometry":{"type":"Point","coordinates":[19.993968,49.999849]}},{"type":"Feature","properties":{"NUMER_PORZ":"1","KOD_POCZT":"30-694","NAZWA_ULC":"Antoniego Hoborskiego","NAZWA_GMI":"Kraków","NAZWA_MSC":"Kraków","odleglosc_m":144.2,"strefa":"50-200 m","warstwa":"adresy"},"geometry":{"type":"Point","coordinates":[19.997176,49.994682]}},{"type":"Feature","properties":{"NUMER_PORZ":"5b","KOD_POCZT":"30-699","NAZWA_ULC":"Elżbiety Drużbackiej","NAZWA_GMI":"Kraków","NAZWA_MSC":"Kraków","odleglosc_m":180.0,"strefa":"50-200 m","warstwa":"adresy"},"geometry":{"type":"Point","coordinates":[19.989926,49.98204]}},{"type":"Feature","properties":{"NUMER_PORZ":"67","KOD_POCZT":"30-699","NAZWA_ULC":"Elżbiety Drużbackiej","NAZWA_GMI":"Kraków","NAZWA_MSC":"Kraków","odleglosc_m":163.1,"strefa":"50-200 m","warstwa":"adresy"},"geometry":{"type":"Point","coordinates":[19.990226,49.973257]}},{"type":"Feature","properties":{"NUMER_PORZ":"4","KOD_POCZT":"30-699","NAZWA_ULC":"Stanisława Jasiukowicza","NAZWA_GMI":"Kraków","NAZWA_MSC":"Kraków","odleglosc_m":110.2,"strefa":"50-200 m","warstwa":"adresy"},"geometry":{"type":"Point","coordinates":[19.991281,49.981289]}},{"type":"Feature","properties":{"NUMER_PORZ":"6","KOD_POCZT":"30-699","NAZWA_ULC":"Stanisława Jasiukowicza","NAZWA_GMI":"Kraków","NAZWA_MSC":"Kraków","odleglosc_m":110.9,"strefa":"50-200 m","warstwa":"adresy"},"geometry":{"type":"Point","coordinates":[19.991132,49.981574]}},{"type":"Feature","properties":{"NUMER_PORZ":"8","KOD_POCZT":"30-699","NAZWA_ULC":"Stanisława Jasiukowicza","NAZWA_GMI":"Kraków","NAZWA_MSC":"Kraków","odleglosc_m":111.1,"strefa":"50-200 m","warstwa":"adresy"},"geometry":{"type":"Point","coordinates":[19.991038,49.981761]}},{"type":"Feature","properties":{"NUMER_PORZ":"3","KOD_POCZT":"30-694","NAZWA_ULC":"Antoniego Hoborskiego","NAZWA_GMI":"Kraków","NAZWA_MSC":"Kraków","odleglosc_m":198.7,"strefa":"50-200 m","warstwa":"adresy"},"geometry":{"type":"Point","coordinates":[19.998066,49.99486]}},{"type":"Feature","properties":{"NUMER_PORZ":"75","KOD_POCZT":"30-699","NAZWA_ULC":"Elżbiety Drużbackiej","NAZWA_GMI":"Kraków","NAZWA_MSC":"Kraków","odleglosc_m":23.8,"strefa":"20-30 m","warstwa":"adresy"},"geometry":{"type":"Point","coordinates":[19.992261,49.973335]}},{"type":"Feature","properties":{"NUMER_PORZ":"77","KOD_POCZT":"30-699","NAZWA_ULC":"Elżbiety Drużbackiej","NAZWA_GMI":"Kraków","NAZWA_MSC":"Kraków","odleglosc_m":10.0,"strefa":"0-20 m","warstwa":"adresy"},"geometry":{"type":"Point","coordinates":[19.992564,49.973546]}},{"type":"Feature","properties":{"NUMER_PORZ":"77a","KOD_POCZT":"30-699","NAZWA_ULC":"Elżbiety Drużbackiej","NAZWA_GMI":"Kraków","NAZWA_MSC":"Kraków","odleglosc_m":0.0,"strefa":"w śladzie","warstwa":"adresy"},"geometry":{"type":"Point","coordinates":[19.99297,49.973564]}},{"type":"Feature","properties":{"NUMER_PORZ":"79","KOD_POCZT":"30-699","NAZWA_ULC":"Elżbiety Drużbackiej","NAZWA_GMI":"Kraków","NAZWA_MSC":"Kraków","odleglosc_m":0.0,"strefa":"w śladzie","warstwa":"adresy"},"geometry":{"type":"Point","coordinates":[19.99355,49.973641]}},{"type":"Feature","properties":{"NUMER_PORZ":"83","KOD_POCZT":"30-699","NAZWA_ULC":"Elżbiety Drużbackiej","NAZWA_GMI":"Kraków","NAZWA_MSC":"Kraków","odleglosc_m":98.6,"strefa":"50-200 m","warstwa":"adresy"},"geometry":{"type":"Point","coordinates":[19.995193,49.97409]}},{"type":"Feature","properties":{"NUMER_PORZ":"85","KOD_POCZT":"30-699","NAZWA_ULC":"Elżbiety Drużbackiej","NAZWA_GMI":"Kraków","NAZWA_MSC":"Kraków","odleglosc_m":122.3,"strefa":"50-200 m","warstwa":"adresy"},"geometry":{"type":"Point","coordinates":[19.995526,49.973961]}},{"type":"Feature","properties":{"NUMER_PORZ":"87","KOD_POCZT":"30-699","NAZWA_ULC":"Elżbiety Drużbackiej","NAZWA_GMI":"Kraków","NAZWA_MSC":"Kraków","odleglosc_m":152.6,"strefa":"50-200 m","warstwa":"adresy"},"geometry":{"type":"Point","coordinates":[19.995966,49.974518]}},{"type":"Feature","properties":{"NUMER_PORZ":"89","KOD_POCZT":"30-699","NAZWA_ULC":"Elżbiety Drużbackiej","NAZWA_GMI":"Kraków","NAZWA_MSC":"Kraków","odleglosc_m":151.1,"strefa":"50-200 m","warstwa":"adresy"},"geometry":{"type":"Point","coordinates":[19.995934,49.973857]}},{"type":"Feature","properties":{"NUMER_PORZ":"14","KOD_POCZT":"30-694","NAZWA_ULC":"Emilii Sczanieckiej","NAZWA_GMI":"Kraków","NAZWA_MSC":"Kraków","odleglosc_m":152.0,"strefa":"50-200 m","warstwa":"adresy"},"geometry":{"type":"Point","coordinates":[19.996116,49.990892]}},{"type":"Feature","properties":{"NUMER_PORZ":"17","KOD_POCZT":"30-694","NAZWA_ULC":"Emilii Sczanieckiej","NAZWA_GMI":"Kraków","NAZWA_MSC":"Kraków","odleglosc_m":38.5,"strefa":"30-50 m","warstwa":"adresy"},"geometry":{"type":"Point","coordinates":[19.994672,49.991446]}},{"type":"Feature","properties":{"NUMER_PORZ":"27","KOD_POCZT":"30-694","NAZWA_ULC":"Emilii Sczanieckiej","NAZWA_GMI":"Kraków","NAZWA_MSC":"Kraków","odleglosc_m":176.7,"strefa":"50-200 m","warstwa":"adresy"},"geometry":{"type":"Point","coordinates":[19.99077,49.992027]}},{"type":"Feature","properties":{"NUMER_PORZ":"3","KOD_POCZT":"30-699","NAZWA_ULC":"Antoniego Pajdaka","NAZWA_GMI":"Kraków","NAZWA_MSC":"Kraków","odleglosc_m":164.3,"strefa":"50-200 m","warstwa":"adresy"},"geometry":{"type":"Point","coordinates":[19.990581,49.980974]}},{"type":"Feature","properties":{"NUMER_PORZ":"4","KOD_POCZT":"30-699","NAZWA_ULC":"Antoniego Pajdaka","NAZWA_GMI":"Kraków","NAZWA_MSC":"Kraków","odleglosc_m":142.9,"strefa":"50-200 m","warstwa":"adresy"},"geometry":{"type":"Point","coordinates":[19.990937,49.98068]}},{"type":"Feature","properties":{"NUMER_PORZ":"5","KOD_POCZT":"30-699","NAZWA_ULC":"Antoniego Pajdaka","NAZWA_GMI":"Kraków","NAZWA_MSC":"Kraków","odleglosc_m":157.1,"strefa":"50-200 m","warstwa":"adresy"},"geometry":{"type":"Point","coordinates":[19.990716,49.980786]}},{"type":"Feature","properties":{"NUMER_PORZ":"8","KOD_POCZT":"30-699","NAZWA_ULC":"Antoniego Pajdaka","NAZWA_GMI":"Kraków","NAZWA_MSC":"Kraków","odleglosc_m":80.7,"strefa":"50-200 m","warstwa":"adresy"},"geometry":{"type":"Point","coordinates":[19.991797,49.980751]}},{"type":"Feature","properties":{"NUMER_PORZ":"91","KOD_POCZT":"30-699","NAZWA_ULC":"Elżbiety Drużbackiej","NAZWA_GMI":"Kraków","NAZWA_MSC":"Kraków","odleglosc_m":176.7,"strefa":"50-200 m","warstwa":"adresy"},"geometry":{"type":"Point","coordinates":[19.996291,49.973888]}},{"type":"Feature","properties":{"NUMER_PORZ":"40","KOD_POCZT":"30-694","NAZWA_ULC":"Emilii Sczanieckiej","NAZWA_GMI":"Kraków","NAZWA_MSC":"Kraków","odleglosc_m":199.5,"strefa":"50-200 m","warstwa":"adresy"},"geometry":{"type":"Point","coordinates":[19.990647,49.992599]}},{"type":"Feature","properties":{"NUMER_PORZ":"10","KOD_POCZT":"30-694","NAZWA_ULC":"Wacława Gąsiorowskiego","NAZWA_GMI":"Kraków","NAZWA_MSC":"Kraków","odleglosc_m":134.3,"strefa":"50-200 m","warstwa":"adresy"},"geometry":{"type":"Point","coordinates":[19.993592,49.998659]}},{"type":"Feature","properties":{"NUMER_PORZ":"11","KOD_POCZT":"30-694","NAZWA_ULC":"Wacława Gąsiorowskiego","NAZWA_GMI":"Kraków","NAZWA_MSC":"Kraków","odleglosc_m":143.6,"strefa":"50-200 m","warstwa":"adresy"},"geometry":{"type":"Point","coordinates":[19.993845,49.998964]}},{"type":"Feature","properties":{"NUMER_PORZ":"14","KOD_POCZT":"30-694","NAZWA_ULC":"Wacława Gąsiorowskiego","NAZWA_GMI":"Kraków","NAZWA_MSC":"Kraków","odleglosc_m":94.7,"strefa":"50-200 m","warstwa":"adresy"},"geometry":{"type":"Point","coordinates":[19.994541,49.998875]}},{"type":"Feature","properties":{"NUMER_PORZ":"15","KOD_POCZT":"30-694","NAZWA_ULC":"Wacława Gąsiorowskiego","NAZWA_GMI":"Kraków","NAZWA_MSC":"Kraków","odleglosc_m":124.8,"strefa":"50-200 m","warstwa":"adresy"},"geometry":{"type":"Point","coordinates":[19.994153,49.998998]}},{"type":"Feature","properties":{"NUMER_PORZ":"4","KOD_POCZT":"30-694","NAZWA_ULC":"Włodzimierza Gruszczyńskiego","NAZWA_GMI":"Kraków","NAZWA_MSC":"Kraków","odleglosc_m":156.7,"strefa":"50-200 m","warstwa":"adresy"},"geometry":{"type":"Point","coordinates":[19.991721,49.993799]}},{"type":"Feature","properties":{"NUMER_PORZ":"47","KOD_POCZT":"30-699","NAZWA_ULC":"Włodzimierza Gruszczyńskiego","NAZWA_GMI":"Kraków","NAZWA_MSC":"Kraków","odleglosc_m":173.9,"strefa":"50-200 m","warstwa":"adresy"},"geometry":{"type":"Point","coordinates":[19.989647,49.98572]}},{"type":"Feature","properties":{"NUMER_PORZ":"49","KOD_POCZT":"30-698","NAZWA_ULC":"Włodzimierza Gruszczyńskiego","NAZWA_GMI":"Kraków","NAZWA_MSC":"Kraków","odleglosc_m":182.9,"strefa":"50-200 m","warstwa":"adresy"},"geometry":{"type":"Point","coordinates":[19.989712,49.985264]}},{"type":"Feature","properties":{"NUMER_PORZ":"23","KOD_POCZT":"30-694","NAZWA_ULC":"Jana Hallera","NAZWA_GMI":"Kraków","NAZWA_MSC":"Kraków","odleglosc_m":175.5,"strefa":"50-200 m","warstwa":"adresy"},"geometry":{"type":"Point","coordinates":[19.992238,49.99635]}},{"type":"Feature","properties":{"NUMER_PORZ":"44","KOD_POCZT":"30-699","NAZWA_ULC":"Romana Żelazowskiego","NAZWA_GMI":"Kraków","NAZWA_MSC":"Kraków","odleglosc_m":185.9,"strefa":"50-200 m","warstwa":"adresy"},"geometry":{"type":"Point","coordinates":[19.996921,49.992409]}},{"type":"Feature","properties":{"NUMER_PORZ":"17","KOD_POCZT":"30-694","NAZWA_ULC":"Wacława Gąsiorowskiego","NAZWA_GMI":"Kraków","NAZWA_MSC":"Kraków","odleglosc_m":108.9,"strefa":"50-200 m","warstwa":"adresy"},"geometry":{"type":"Point","coordinates":[19.994409,49.999084]}},{"type":"Feature","properties":{"NUMER_PORZ":"5","KOD_POCZT":"30-694","NAZWA_ULC":"Wacława Gąsiorowskiego","NAZWA_GMI":"Kraków","NAZWA_MSC":"Kraków","odleglosc_m":197.5,"strefa":"50-200 m","warstwa":"adresy"},"geometry":{"type":"Point","coordinates":[19.992739,49.998855]}},{"type":"Feature","properties":{"NUMER_PORZ":"6","KOD_POCZT":"30-694","NAZWA_ULC":"Wacława Gąsiorowskiego","NAZWA_GMI":"Kraków","NAZWA_MSC":"Kraków","odleglosc_m":126.5,"strefa":"50-200 m","warstwa":"adresy"},"geometry":{"type":"Point","coordinates":[19.993429,49.998295]}},{"type":"Feature","properties":{"NUMER_PORZ":"7","KOD_POCZT":"30-694","NAZWA_ULC":"Wacława Gąsiorowskiego","NAZWA_GMI":"Kraków","NAZWA_MSC":"Kraków","odleglosc_m":175.7,"strefa":"50-200 m","warstwa":"adresy"},"geometry":{"type":"Point","coordinates":[19.993127,49.998882]}},{"type":"Feature","properties":{"NUMER_PORZ":"9","KOD_POCZT":"30-694","NAZWA_ULC":"Wacława Gąsiorowskiego","NAZWA_GMI":"Kraków","NAZWA_MSC":"Kraków","odleglosc_m":157.1,"strefa":"50-200 m","warstwa":"adresy"},"geometry":{"type":"Point","coordinates":[19.993492,49.998909]}},{"type":"Feature","properties":{"NUMER_PORZ":"5","KOD_POCZT":"30-694","NAZWA_ULC":"Włodzimierza Gruszczyńskiego","NAZWA_GMI":"Kraków","NAZWA_MSC":"Kraków","odleglosc_m":149.1,"strefa":"50-200 m","warstwa":"adresy"},"geometry":{"type":"Point","coordinates":[19.991757,49.99351]}},{"type":"Feature","properties":{"NUMER_PORZ":"9","KOD_POCZT":"32-040","NAZWA_ULC":"Stolarska","NAZWA_GMI":"Świątniki Górne","NAZWA_MSC":"Rzeszotary","odleglosc_m":175.5,"strefa":"50-200 m","warstwa":"adresy"},"geometry":{"type":"Point","coordinates":[19.970344,49.945371]}},{"type":"Feature","properties":{"NUMER_PORZ":"1B","KOD_POCZT":"30-694","NAZWA_ULC":"Antoniego Hoborskiego","NAZWA_GMI":"Kraków","NAZWA_MSC":"Kraków","odleglosc_m":99.4,"strefa":"50-200 m","warstwa":"adresy"},"geometry":{"type":"Point","coordinates":[19.996437,49.99454]}},{"type":"Feature","properties":{"NUMER_PORZ":"1C","KOD_POCZT":"30-694","NAZWA_ULC":"Antoniego Hoborskiego","NAZWA_GMI":"Kraków","NAZWA_MSC":"Kraków","odleglosc_m":92.2,"strefa":"50-200 m","warstwa":"adresy"},"geometry":{"type":"Point","coordinates":[19.99632,49.994519]}},{"type":"Feature","properties":{"NUMER_PORZ":"1A","KOD_POCZT":"32-040","NAZWA_ULC":"Górny Rynek","NAZWA_GMI":"Świątniki Górne","NAZWA_MSC":"Rzeszotary","odleglosc_m":0.0,"strefa":"nad tunelem","warstwa":"adresy"},"geometry":{"type":"Point","coordinates":[19.974095,49.94537]}},{"type":"Feature","properties":{"NUMER_PORZ":"30A","KOD_POCZT":"32-040","NAZWA_ULC":"Franciszka Bielowicza","NAZWA_GMI":"Świątniki Górne","NAZWA_MSC":"Świątniki Górne","odleglosc_m":94.8,"strefa":"50-200 m","warstwa":"adresy"},"geometry":{"type":"Point","coordinates":[19.962693,49.935005]}},{"type":"Feature","properties":{"NUMER_PORZ":"46A","KOD_POCZT":"32-040","NAZWA_ULC":"Franciszka Bielowicza","NAZWA_GMI":"Świątniki Górne","NAZWA_MSC":"Świątniki Górne","odleglosc_m":0.0,"strefa":"nad tunelem","warstwa":"adresy"},"geometry":{"type":"Point","coordinates":[19.964811,49.93471]}},{"type":"Feature","properties":{"NUMER_PORZ":"29","KOD_POCZT":"32-447","NAZWA_ULC":"Parkowa","NAZWA_GMI":"Siepraw","NAZWA_MSC":"Siepraw","odleglosc_m":139.1,"strefa":"50-200 m","warstwa":"adresy"},"geometry":{"type":"Point","coordinates":[19.945559,49.913477]}},{"type":"Feature","properties":{"NUMER_PORZ":"39","KOD_POCZT":"32-447","NAZWA_ULC":"Parkowa","NAZWA_GMI":"Siepraw","NAZWA_MSC":"Siepraw","odleglosc_m":186.9,"strefa":"50-200 m","warstwa":"adresy"},"geometry":{"type":"Point","coordinates":[19.943955,49.913185]}},{"type":"Feature","properties":{"NUMER_PORZ":"71","KOD_POCZT":"32-447","NAZWA_ULC":"Dobra","NAZWA_GMI":"Siepraw","NAZWA_MSC":"Siepraw","odleglosc_m":138.6,"strefa":"50-200 m","warstwa":"adresy"},"geometry":{"type":"Point","coordinates":[19.943285,49.912372]}},{"type":"Feature","properties":{"NUMER_PORZ":"77","KOD_POCZT":"32-447","NAZWA_ULC":"Dobra","NAZWA_GMI":"Siepraw","NAZWA_MSC":"Siepraw","odleglosc_m":153.4,"strefa":"50-200 m","warstwa":"adresy"},"geometry":{"type":"Point","coordinates":[19.942374,49.912086]}},{"type":"Feature","properties":{"NUMER_PORZ":"45","KOD_POCZT":"32-447","NAZWA_ULC":"Dobra","NAZWA_GMI":"Siepraw","NAZWA_MSC":"Siepraw","odleglosc_m":40.3,"strefa":"30-50 m","warstwa":"adresy"},"geometry":{"type":"Point","coordinates":[19.943687,49.910154]}},{"type":"Feature","properties":{"NUMER_PORZ":"61","KOD_POCZT":"32-447","NAZWA_ULC":"Dobra","NAZWA_GMI":"Siepraw","NAZWA_MSC":"Siepraw","odleglosc_m":41.9,"strefa":"30-50 m","warstwa":"adresy"},"geometry":{"type":"Point","coordinates":[19.944504,49.911848]}},{"type":"Feature","properties":{"NUMER_PORZ":"25","KOD_POCZT":"32-447","NAZWA_ULC":"Dobra","NAZWA_GMI":"Siepraw","NAZWA_MSC":"Siepraw","odleglosc_m":127.9,"strefa":"50-200 m","warstwa":"adresy"},"geometry":{"type":"Point","coordinates":[19.943357,49.909068]}},{"type":"Feature","properties":{"NUMER_PORZ":"34","KOD_POCZT":"32-447","NAZWA_ULC":"Kręta","NAZWA_GMI":"Siepraw","NAZWA_MSC":"Siepraw","odleglosc_m":4.2,"strefa":"0-20 m","warstwa":"adresy"},"geometry":{"type":"Point","coordinates":[19.953735,49.91844]}},{"type":"Feature","properties":{"NUMER_PORZ":"108","KOD_POCZT":"32-447","NAZWA_ULC":"Parkowa","NAZWA_GMI":"Siepraw","NAZWA_MSC":"Siepraw","odleglosc_m":76.5,"strefa":"50-200 m","warstwa":"adresy"},"geometry":{"type":"Point","coordinates":[19.936701,49.91139]}},{"type":"Feature","properties":{"NUMER_PORZ":"87","KOD_POCZT":"32-447","NAZWA_ULC":"Kwiatowa","NAZWA_GMI":"Siepraw","NAZWA_MSC":"Siepraw","odleglosc_m":68.2,"strefa":"50-200 m","warstwa":"adresy"},"geometry":{"type":"Point","coordinates":[19.93757,49.90702]}},{"type":"Feature","properties":{"NUMER_PORZ":"34","KOD_POCZT":"32-447","NAZWA_ULC":"Dobra","NAZWA_GMI":"Siepraw","NAZWA_MSC":"Siepraw","odleglosc_m":0.0,"strefa":"w śladzie","warstwa":"adresy"},"geometry":{"type":"Point","coordinates":[19.944267,49.910907]}},{"type":"Feature","properties":{"NUMER_PORZ":"32","KOD_POCZT":"32-447","NAZWA_ULC":"Dobra","NAZWA_GMI":"Siepraw","NAZWA_MSC":"Siepraw","odleglosc_m":2.5,"strefa":"0-20 m","warstwa":"adresy"},"geometry":{"type":"Point","coordinates":[19.944116,49.910742]}},{"type":"Feature","properties":{"NUMER_PORZ":"18","KOD_POCZT":"32-447","NAZWA_ULC":"Dobra","NAZWA_GMI":"Siepraw","NAZWA_MSC":"Siepraw","odleglosc_m":146.4,"strefa":"50-200 m","warstwa":"adresy"},"geometry":{"type":"Point","coordinates":[19.94518,49.909473]}},{"type":"Feature","properties":{"NUMER_PORZ":"17","KOD_POCZT":"32-447","NAZWA_ULC":"Dobra","NAZWA_GMI":"Siepraw","NAZWA_MSC":"Siepraw","odleglosc_m":181.9,"strefa":"50-200 m","warstwa":"adresy"},"geometry":{"type":"Point","coordinates":[19.944216,49.908852]}},{"type":"Feature","properties":{"NUMER_PORZ":"87","KOD_POCZT":"32-447","NAZWA_ULC":"Dobra","NAZWA_GMI":"Siepraw","NAZWA_MSC":"Siepraw","odleglosc_m":134.9,"strefa":"50-200 m","warstwa":"adresy"},"geometry":{"type":"Point","coordinates":[19.944602,49.912948]}},{"type":"Feature","properties":{"NUMER_PORZ":"89","KOD_POCZT":"32-447","NAZWA_ULC":"Dobra","NAZWA_GMI":"Siepraw","NAZWA_MSC":"Siepraw","odleglosc_m":152.8,"strefa":"50-200 m","warstwa":"adresy"},"geometry":{"type":"Point","coordinates":[19.944613,49.91317]}},{"type":"Feature","properties":{"NUMER_PORZ":"47","KOD_POCZT":"32-447","NAZWA_ULC":"Dobra","NAZWA_GMI":"Siepraw","NAZWA_MSC":"Siepraw","odleglosc_m":18.5,"strefa":"0-20 m","warstwa":"adresy"},"geometry":{"type":"Point","coordinates":[19.943636,49.910366]}},{"type":"Feature","properties":{"NUMER_PORZ":"38","KOD_POCZT":"32-447","NAZWA_ULC":"Dobra","NAZWA_GMI":"Siepraw","NAZWA_MSC":"Siepraw","odleglosc_m":0.0,"strefa":"w śladzie","warstwa":"adresy"},"geometry":{"type":"Point","coordinates":[19.944755,49.911453]}},{"type":"Feature","properties":{"NUMER_PORZ":"93","KOD_POCZT":"32-447","NAZWA_ULC":"Krakowska","NAZWA_GMI":"Siepraw","NAZWA_MSC":"Siepraw","odleglosc_m":186.9,"strefa":"50-200 m","warstwa":"adresy"},"geometry":{"type":"Point","coordinates":[19.946396,49.914487]}},{"type":"Feature","properties":{"NUMER_PORZ":"2","KOD_POCZT":"32-477","NAZWA_ULC":"Parkowa","NAZWA_GMI":"Siepraw","NAZWA_MSC":"Siepraw","odleglosc_m":11.9,"strefa":"0-20 m","warstwa":"adresy"},"geometry":{"type":"Point","coordinates":[19.94883,49.913878]}},{"type":"Feature","properties":{"NUMER_PORZ":"17","KOD_POCZT":"32-447","NAZWA_ULC":"Kręta","NAZWA_GMI":"Siepraw","NAZWA_MSC":"Siepraw","odleglosc_m":8.4,"strefa":"0-20 m","warstwa":"adresy"},"geometry":{"type":"Point","coordinates":[19.954988,49.918464]}},{"type":"Feature","properties":{"NUMER_PORZ":"35","KOD_POCZT":"32-447","NAZWA_ULC":"Dobra","NAZWA_GMI":"Siepraw","NAZWA_MSC":"Siepraw","odleglosc_m":135.6,"strefa":"50-200 m","warstwa":"adresy"},"geometry":{"type":"Point","coordinates":[19.9443,49.909387]}},{"type":"Feature","properties":{"NUMER_PORZ":"98","KOD_POCZT":"32-447","NAZWA_ULC":"Parkowa","NAZWA_GMI":"Siepraw","NAZWA_MSC":"Siepraw","odleglosc_m":90.9,"strefa":"50-200 m","warstwa":"adresy"},"geometry":{"type":"Point","coordinates":[19.93615,49.911988]}},{"type":"Feature","properties":{"NUMER_PORZ":"37A","KOD_POCZT":"32-447","NAZWA_ULC":"Jabłoniowa","NAZWA_GMI":"Siepraw","NAZWA_MSC":"Siepraw","odleglosc_m":118.6,"strefa":"50-200 m","warstwa":"adresy"},"geometry":{"type":"Point","coordinates":[19.951317,49.917525]}},{"type":"Feature","properties":{"NUMER_PORZ":"69","KOD_POCZT":"32-447","NAZWA_ULC":"Królewska","NAZWA_GMI":"Siepraw","NAZWA_MSC":"Siepraw","odleglosc_m":149.4,"strefa":"50-200 m","warstwa":"adresy"},"geometry":{"type":"Point","coordinates":[19.957969,49.919853]}},{"type":"Feature","properties":{"NUMER_PORZ":"91","KOD_POCZT":"32-447","NAZWA_ULC":"Krakowska","NAZWA_GMI":"Siepraw","NAZWA_MSC":"Siepraw","odleglosc_m":195.8,"strefa":"50-200 m","warstwa":"adresy"},"geometry":{"type":"Point","coordinates":[19.946811,49.914911]}},{"type":"Feature","properties":{"NUMER_PORZ":"83","KOD_POCZT":"32-447","NAZWA_ULC":"Kwiatowa","NAZWA_GMI":"Siepraw","NAZWA_MSC":"Siepraw","odleglosc_m":76.4,"strefa":"50-200 m","warstwa":"adresy"},"geometry":{"type":"Point","coordinates":[19.937933,49.907083]}},{"type":"Feature","properties":{"NUMER_PORZ":"84A","KOD_POCZT":"32-447","NAZWA_ULC":"Krakowska","NAZWA_GMI":"Siepraw","NAZWA_MSC":"Siepraw","odleglosc_m":156.5,"strefa":"50-200 m","warstwa":"adresy"},"geometry":{"type":"Point","coordinates":[19.952007,49.913133]}},{"type":"Feature","properties":{"NUMER_PORZ":"7","KOD_POCZT":"32-447","NAZWA_ULC":"Parkowa","NAZWA_GMI":"Siepraw","NAZWA_MSC":"Siepraw","odleglosc_m":0.0,"strefa":"w śladzie","warstwa":"adresy"},"geometry":{"type":"Point","coordinates":[19.94909,49.91342]}},{"type":"Feature","properties":{"NUMER_PORZ":"33","KOD_POCZT":"32-447","NAZWA_ULC":"Parkowa","NAZWA_GMI":"Siepraw","NAZWA_MSC":"Siepraw","odleglosc_m":174.3,"strefa":"50-200 m","warstwa":"adresy"},"geometry":{"type":"Point","coordinates":[19.944566,49.91339]}},{"type":"Feature","properties":{"NUMER_PORZ":"79","KOD_POCZT":"32-447","NAZWA_ULC":"Krakowska","NAZWA_GMI":"Siepraw","NAZWA_MSC":"Siepraw","odleglosc_m":28.6,"strefa":"20-30 m","warstwa":"adresy"},"geometry":{"type":"Point","coordinates":[19.949959,49.913332]}},{"type":"Feature","properties":{"NUMER_PORZ":"71","KOD_POCZT":"32-447","NAZWA_ULC":"Krakowska","NAZWA_GMI":"Siepraw","NAZWA_MSC":"Siepraw","odleglosc_m":194.5,"strefa":"50-200 m","warstwa":"adresy"},"geometry":{"type":"Point","coordinates":[19.951708,49.912356]}},{"type":"Feature","properties":{"NUMER_PORZ":"81","KOD_POCZT":"32-447","NAZWA_ULC":"Parkowa","NAZWA_GMI":"Siepraw","NAZWA_MSC":"Siepraw","odleglosc_m":134.7,"strefa":"50-200 m","warstwa":"adresy"},"geometry":{"type":"Point","coordinates":[19.936986,49.911959]}},{"type":"Feature","properties":{"NUMER_PORZ":"80","KOD_POCZT":"32-447","NAZWA_ULC":"Parkowa","NAZWA_GMI":"Siepraw","NAZWA_MSC":"Siepraw","odleglosc_m":198.0,"strefa":"50-200 m","warstwa":"adresy"},"geometry":{"type":"Point","coordinates":[19.93601,49.913592]}},{"type":"Feature","properties":{"NUMER_PORZ":"96","KOD_POCZT":"32-447","NAZWA_ULC":"Parkowa","NAZWA_GMI":"Siepraw","NAZWA_MSC":"Siepraw","odleglosc_m":154.1,"strefa":"50-200 m","warstwa":"adresy"},"geometry":{"type":"Point","coordinates":[19.935604,49.913294]}},{"type":"Feature","properties":{"NUMER_PORZ":"17","KOD_POCZT":"32-447","NAZWA_ULC":"Jabłoniowa","NAZWA_GMI":"Siepraw","NAZWA_MSC":"Siepraw","odleglosc_m":122.4,"strefa":"50-200 m","warstwa":"adresy"},"geometry":{"type":"Point","coordinates":[19.955211,49.916424]}},{"type":"Feature","properties":{"NUMER_PORZ":"87","KOD_POCZT":"32-447","NAZWA_ULC":"Krakowska","NAZWA_GMI":"Siepraw","NAZWA_MSC":"Siepraw","odleglosc_m":120.0,"strefa":"50-200 m","warstwa":"adresy"},"geometry":{"type":"Point","coordinates":[19.947855,49.914623]}},{"type":"Feature","properties":{"NUMER_PORZ":"65","KOD_POCZT":"32-447","NAZWA_ULC":"Krakowska","NAZWA_GMI":"Siepraw","NAZWA_MSC":"Siepraw","odleglosc_m":197.8,"strefa":"50-200 m","warstwa":"adresy"},"geometry":{"type":"Point","coordinates":[19.952026,49.912533]}},{"type":"Feature","properties":{"NUMER_PORZ":"9A","KOD_POCZT":"32-477","NAZWA_ULC":"Parkowa","NAZWA_GMI":"Siepraw","NAZWA_MSC":"Siepraw","odleglosc_m":0.0,"strefa":"w śladzie","warstwa":"adresy"},"geometry":{"type":"Point","coordinates":[19.948799,49.913124]}},{"type":"Feature","properties":{"NUMER_PORZ":"27","KOD_POCZT":"32-447","NAZWA_ULC":"Jabłoniowa","NAZWA_GMI":"Siepraw","NAZWA_MSC":"Siepraw","odleglosc_m":0.0,"strefa":"w śladzie","warstwa":"adresy"},"geometry":{"type":"Point","coordinates":[19.953404,49.916886]}},{"type":"Feature","properties":{"NUMER_PORZ":"86","KOD_POCZT":"32-447","NAZWA_ULC":"Krakowska","NAZWA_GMI":"Siepraw","NAZWA_MSC":"Siepraw","odleglosc_m":135.9,"strefa":"50-200 m","warstwa":"adresy"},"geometry":{"type":"Point","coordinates":[19.951908,49.913386]}},{"type":"Feature","properties":{"NUMER_PORZ":"77","KOD_POCZT":"32-447","NAZWA_ULC":"Krakowska","NAZWA_GMI":"Siepraw","NAZWA_MSC":"Siepraw","odleglosc_m":60.6,"strefa":"50-200 m","warstwa":"adresy"},"geometry":{"type":"Point","coordinates":[19.950376,49.913201]}},{"type":"Feature","properties":{"NUMER_PORZ":"83","KOD_POCZT":"32-447","NAZWA_ULC":"Krakowska","NAZWA_GMI":"Siepraw","NAZWA_MSC":"Siepraw","odleglosc_m":25.3,"strefa":"20-30 m","warstwa":"adresy"},"geometry":{"type":"Point","coordinates":[19.948834,49.914047]}},{"type":"Feature","properties":{"NUMER_PORZ":"84","KOD_POCZT":"32-447","NAZWA_ULC":"Krakowska","NAZWA_GMI":"Siepraw","NAZWA_MSC":"Siepraw","odleglosc_m":159.9,"strefa":"50-200 m","warstwa":"adresy"},"geometry":{"type":"Point","coordinates":[19.951954,49.913028]}},{"type":"Feature","properties":{"NUMER_PORZ":"40","KOD_POCZT":"32-447","NAZWA_ULC":"Jabłoniowa","NAZWA_GMI":"Siepraw","NAZWA_MSC":"Siepraw","odleglosc_m":14.6,"strefa":"0-20 m","warstwa":"adresy"},"geometry":{"type":"Point","coordinates":[19.952959,49.917675]}},{"type":"Feature","properties":{"NUMER_PORZ":"13","KOD_POCZT":"32-447","NAZWA_ULC":"Jabłoniowa","NAZWA_GMI":"Siepraw","NAZWA_MSC":"Siepraw","odleglosc_m":167.6,"strefa":"50-200 m","warstwa":"adresy"},"geometry":{"type":"Point","coordinates":[19.955761,49.916224]}},{"type":"Feature","properties":{"NUMER_PORZ":"20","KOD_POCZT":"32-447","NAZWA_ULC":"Jabłoniowa","NAZWA_GMI":"Siepraw","NAZWA_MSC":"Siepraw","odleglosc_m":110.0,"strefa":"50-200 m","warstwa":"adresy"},"geometry":{"type":"Point","coordinates":[19.955517,49.917005]}},{"type":"Feature","properties":{"NUMER_PORZ":"21","KOD_POCZT":"32-447","NAZWA_ULC":"Jabłoniowa","NAZWA_GMI":"Siepraw","NAZWA_MSC":"Siepraw","odleglosc_m":35.7,"strefa":"30-50 m","warstwa":"adresy"},"geometry":{"type":"Point","coordinates":[19.9543,49.916956]}},{"type":"Feature","properties":{"NUMER_PORZ":"46","KOD_POCZT":"32-447","NAZWA_ULC":"Jabłoniowa","NAZWA_GMI":"Siepraw","NAZWA_MSC":"Siepraw","odleglosc_m":61.6,"strefa":"50-200 m","warstwa":"adresy"},"geometry":{"type":"Point","coordinates":[19.952296,49.917757]}},{"type":"Feature","properties":{"NUMER_PORZ":"44","KOD_POCZT":"32-447","NAZWA_ULC":"Jabłoniowa","NAZWA_GMI":"Siepraw","NAZWA_MSC":"Siepraw","odleglosc_m":30.3,"strefa":"30-50 m","warstwa":"adresy"},"geometry":{"type":"Point","coordinates":[19.952713,49.91767]}},{"type":"Feature","properties":{"NUMER_PORZ":"38","KOD_POCZT":"32-447","NAZWA_ULC":"Jabłoniowa","NAZWA_GMI":"Siepraw","NAZWA_MSC":"Siepraw","odleglosc_m":56.2,"strefa":"50-200 m","warstwa":"adresy"},"geometry":{"type":"Point","coordinates":[19.952614,49.918039]}},{"type":"Feature","properties":{"NUMER_PORZ":"37","KOD_POCZT":"32-447","NAZWA_ULC":"Jabłoniowa","NAZWA_GMI":"Siepraw","NAZWA_MSC":"Siepraw","odleglosc_m":142.1,"strefa":"50-200 m","warstwa":"adresy"},"geometry":{"type":"Point","coordinates":[19.951204,49.917946]}},{"type":"Feature","properties":{"NUMER_PORZ":"30","KOD_POCZT":"32-447","NAZWA_ULC":"Parkowa","NAZWA_GMI":"Siepraw","NAZWA_MSC":"Siepraw","odleglosc_m":181.3,"strefa":"50-200 m","warstwa":"adresy"},"geometry":{"type":"Point","coordinates":[19.945351,49.913844]}},{"type":"Feature","properties":{"NUMER_PORZ":"94","KOD_POCZT":"32-447","NAZWA_ULC":"Parkowa","NAZWA_GMI":"Siepraw","NAZWA_MSC":"Siepraw","odleglosc_m":138.3,"strefa":"50-200 m","warstwa":"adresy"},"geometry":{"type":"Point","coordinates":[19.935215,49.913353]}},{"type":"Feature","properties":{"NUMER_PORZ":"28","KOD_POCZT":"32-447","NAZWA_ULC":"Parkowa","NAZWA_GMI":"Siepraw","NAZWA_MSC":"Siepraw","odleglosc_m":191.8,"strefa":"50-200 m","warstwa":"adresy"},"geometry":{"type":"Point","coordinates":[19.945909,49.914227]}},{"type":"Feature","properties":{"NUMER_PORZ":"23","KOD_POCZT":"32-447","NAZWA_ULC":"Jabłoniowa","NAZWA_GMI":"Siepraw","NAZWA_MSC":"Siepraw","odleglosc_m":10.2,"strefa":"0-20 m","warstwa":"adresy"},"geometry":{"type":"Point","coordinates":[19.953959,49.917035]}},{"type":"Feature","properties":{"NUMER_PORZ":"31","KOD_POCZT":"32-447","NAZWA_ULC":"Jabłoniowa","NAZWA_GMI":"Siepraw","NAZWA_MSC":"Siepraw","odleglosc_m":9.7,"strefa":"0-20 m","warstwa":"adresy"},"geometry":{"type":"Point","coordinates":[19.952787,49.917281]}},{"type":"Feature","properties":{"NUMER_PORZ":"24","KOD_POCZT":"32-447","NAZWA_ULC":"Jabłoniowa","NAZWA_GMI":"Siepraw","NAZWA_MSC":"Siepraw","odleglosc_m":84.5,"strefa":"50-200 m","warstwa":"adresy"},"geometry":{"type":"Point","coordinates":[19.955378,49.917461]}},{"type":"Feature","properties":{"NUMER_PORZ":"11","KOD_POCZT":"32-447","NAZWA_ULC":"Jabłoniowa","NAZWA_GMI":"Siepraw","NAZWA_MSC":"Siepraw","odleglosc_m":199.2,"strefa":"50-200 m","warstwa":"adresy"},"geometry":{"type":"Point","coordinates":[19.955904,49.915844]}},{"type":"Feature","properties":{"NUMER_PORZ":"16","KOD_POCZT":"32-447","NAZWA_ULC":"Jabłoniowa","NAZWA_GMI":"Siepraw","NAZWA_MSC":"Siepraw","odleglosc_m":157.4,"strefa":"50-200 m","warstwa":"adresy"},"geometry":{"type":"Point","coordinates":[19.956183,49.916921]}},{"type":"Feature","properties":{"NUMER_PORZ":"18","KOD_POCZT":"32-447","NAZWA_ULC":"Jabłoniowa","NAZWA_GMI":"Siepraw","NAZWA_MSC":"Siepraw","odleglosc_m":132.1,"strefa":"50-200 m","warstwa":"adresy"},"geometry":{"type":"Point","coordinates":[19.955748,49.916852]}},{"type":"Feature","properties":{"NUMER_PORZ":"41","KOD_POCZT":"32-447","NAZWA_ULC":"Jabłoniowa","NAZWA_GMI":"Siepraw","NAZWA_MSC":"Siepraw","odleglosc_m":190.0,"strefa":"50-200 m","warstwa":"adresy"},"geometry":{"type":"Point","coordinates":[19.950565,49.918078]}},{"type":"Feature","properties":{"NUMER_PORZ":"36","KOD_POCZT":"32-447","NAZWA_ULC":"Jabłoniowa","NAZWA_GMI":"Siepraw","NAZWA_MSC":"Siepraw","odleglosc_m":11.7,"strefa":"0-20 m","warstwa":"adresy"},"geometry":{"type":"Point","coordinates":[19.953372,49.918047]}},{"type":"Feature","properties":{"NUMER_PORZ":"19","KOD_POCZT":"32-447","NAZWA_ULC":"Jabłoniowa","NAZWA_GMI":"Siepraw","NAZWA_MSC":"Siepraw","odleglosc_m":66.3,"strefa":"50-200 m","warstwa":"adresy"},"geometry":{"type":"Point","coordinates":[19.95469,49.91684]}},{"type":"Feature","properties":{"NUMER_PORZ":"14","KOD_POCZT":"32-447","NAZWA_ULC":"Jabłoniowa","NAZWA_GMI":"Siepraw","NAZWA_MSC":"Siepraw","odleglosc_m":172.6,"strefa":"50-200 m","warstwa":"adresy"},"geometry":{"type":"Point","coordinates":[19.956122,49.916531]}},{"type":"Feature","properties":{"NUMER_PORZ":"83","KOD_POCZT":"32-447","NAZWA_ULC":"Parkowa","NAZWA_GMI":"Siepraw","NAZWA_MSC":"Siepraw","odleglosc_m":151.0,"strefa":"50-200 m","warstwa":"adresy"},"geometry":{"type":"Point","coordinates":[19.937216,49.912007]}},{"type":"Feature","properties":{"NUMER_PORZ":"15","KOD_POCZT":"32-447","NAZWA_ULC":"Parkowa","NAZWA_GMI":"Siepraw","NAZWA_MSC":"Siepraw","odleglosc_m":32.2,"strefa":"30-50 m","warstwa":"adresy"},"geometry":{"type":"Point","coordinates":[19.94779,49.913399]}},{"type":"Feature","properties":{"NUMER_PORZ":"1","KOD_POCZT":"32-447","NAZWA_ULC":"Parkowa","NAZWA_GMI":"Siepraw","NAZWA_MSC":"Siepraw","odleglosc_m":81.0,"strefa":"50-200 m","warstwa":"adresy"},"geometry":{"type":"Point","coordinates":[19.949701,49.912561]}},{"type":"Feature","properties":{"NUMER_PORZ":"90","KOD_POCZT":"32-447","NAZWA_ULC":"Parkowa","NAZWA_GMI":"Siepraw","NAZWA_MSC":"Siepraw","odleglosc_m":153.2,"strefa":"50-200 m","warstwa":"adresy"},"geometry":{"type":"Point","coordinates":[19.934767,49.913781]}},{"type":"Feature","properties":{"NUMER_PORZ":"3","KOD_POCZT":"32-447","NAZWA_ULC":"Parkowa","NAZWA_GMI":"Siepraw","NAZWA_MSC":"Siepraw","odleglosc_m":49.9,"strefa":"30-50 m","warstwa":"adresy"},"geometry":{"type":"Point","coordinates":[19.949293,49.912713]}},{"type":"Feature","properties":{"NUMER_PORZ":"84","KOD_POCZT":"32-447","NAZWA_ULC":"Parkowa","NAZWA_GMI":"Siepraw","NAZWA_MSC":"Siepraw","odleglosc_m":179.1,"strefa":"50-200 m","warstwa":"adresy"},"geometry":{"type":"Point","coordinates":[19.935543,49.91366]}},{"type":"Feature","properties":{"NUMER_PORZ":"41","KOD_POCZT":"32-447","NAZWA_ULC":"Parkowa","NAZWA_GMI":"Siepraw","NAZWA_MSC":"Siepraw","odleglosc_m":175.7,"strefa":"50-200 m","warstwa":"adresy"},"geometry":{"type":"Point","coordinates":[19.94388,49.913008]}},{"type":"Feature","properties":{"NUMER_PORZ":"9","KOD_POCZT":"32-447","NAZWA_ULC":"Parkowa","NAZWA_GMI":"Siepraw","NAZWA_MSC":"Siepraw","odleglosc_m":0.0,"strefa":"w śladzie","warstwa":"adresy"},"geometry":{"type":"Point","coordinates":[19.948727,49.913385]}},{"type":"Feature","properties":{"NUMER_PORZ":"19","KOD_POCZT":"32-447","NAZWA_ULC":"Parkowa","NAZWA_GMI":"Siepraw","NAZWA_MSC":"Siepraw","odleglosc_m":62.6,"strefa":"50-200 m","warstwa":"adresy"},"geometry":{"type":"Point","coordinates":[19.947279,49.913438]}},{"type":"Feature","properties":{"NUMER_PORZ":"71","KOD_POCZT":"32-447","NAZWA_ULC":"Królewska","NAZWA_GMI":"Siepraw","NAZWA_MSC":"Siepraw","odleglosc_m":153.6,"strefa":"50-200 m","warstwa":"adresy"},"geometry":{"type":"Point","coordinates":[19.958653,49.920821]}},{"type":"Feature","properties":{"NUMER_PORZ":"4","KOD_POCZT":"32-447","NAZWA_ULC":"Parkowa","NAZWA_GMI":"Siepraw","NAZWA_MSC":"Siepraw","odleglosc_m":35.5,"strefa":"30-50 m","warstwa":"adresy"},"geometry":{"type":"Point","coordinates":[19.948349,49.913863]}},{"type":"Feature","properties":{"NUMER_PORZ":"20","KOD_POCZT":"32-447","NAZWA_ULC":"Parkowa","NAZWA_GMI":"Siepraw","NAZWA_MSC":"Siepraw","odleglosc_m":175.0,"strefa":"50-200 m","warstwa":"adresy"},"geometry":{"type":"Point","coordinates":[19.946278,49.914234]}},{"type":"Feature","properties":{"NUMER_PORZ":"86","KOD_POCZT":"32-447","NAZWA_ULC":"Parkowa","NAZWA_GMI":"Siepraw","NAZWA_MSC":"Siepraw","odleglosc_m":167.4,"strefa":"50-200 m","warstwa":"adresy"},"geometry":{"type":"Point","coordinates":[19.935207,49.913711]}},{"type":"Feature","properties":{"NUMER_PORZ":"106","KOD_POCZT":"32-447","NAZWA_ULC":"Parkowa","NAZWA_GMI":"Siepraw","NAZWA_MSC":"Siepraw","odleglosc_m":64.4,"strefa":"50-200 m","warstwa":"adresy"},"geometry":{"type":"Point","coordinates":[19.936202,49.91158]}},{"type":"Feature","properties":{"NUMER_PORZ":"16","KOD_POCZT":"32-447","NAZWA_ULC":"Parkowa","NAZWA_GMI":"Siepraw","NAZWA_MSC":"Siepraw","odleglosc_m":143.5,"strefa":"50-200 m","warstwa":"adresy"},"geometry":{"type":"Point","coordinates":[19.94672,49.914126]}},{"type":"Feature","properties":{"NUMER_PORZ":"92","KOD_POCZT":"32-447","NAZWA_ULC":"Parkowa","NAZWA_GMI":"Siepraw","NAZWA_MSC":"Siepraw","odleglosc_m":124.5,"strefa":"50-200 m","warstwa":"adresy"},"geometry":{"type":"Point","coordinates":[19.934857,49.913396]}},{"type":"Feature","properties":{"NUMER_PORZ":"10","KOD_POCZT":"32-447","NAZWA_ULC":"Parkowa","NAZWA_GMI":"Siepraw","NAZWA_MSC":"Siepraw","odleglosc_m":85.8,"strefa":"50-200 m","warstwa":"adresy"},"geometry":{"type":"Point","coordinates":[19.947399,49.913837]}},{"type":"Feature","properties":{"NUMER_PORZ":"102","KOD_POCZT":"32-447","NAZWA_ULC":"Krakowska","NAZWA_GMI":"Siepraw","NAZWA_MSC":"Siepraw","odleglosc_m":134.3,"strefa":"50-200 m","warstwa":"adresy"},"geometry":{"type":"Point","coordinates":[19.948162,49.914971]}},{"type":"Feature","properties":{"NUMER_PORZ":"48","KOD_POCZT":"32-447","NAZWA_ULC":"Jabłoniowa","NAZWA_GMI":"Siepraw","NAZWA_MSC":"Siepraw","odleglosc_m":114.3,"strefa":"50-200 m","warstwa":"adresy"},"geometry":{"type":"Point","coordinates":[19.951758,49.918127]}},{"type":"Feature","properties":{"NUMER_PORZ":"11","KOD_POCZT":"32-447","NAZWA_ULC":"Parkowa","NAZWA_GMI":"Siepraw","NAZWA_MSC":"Siepraw","odleglosc_m":5.5,"strefa":"0-20 m","warstwa":"adresy"},"geometry":{"type":"Point","coordinates":[19.94845,49.913534]}},{"type":"Feature","properties":{"NUMER_PORZ":"39","KOD_POCZT":"32-447","NAZWA_ULC":"Jabłoniowa","NAZWA_GMI":"Siepraw","NAZWA_MSC":"Siepraw","odleglosc_m":162.9,"strefa":"50-200 m","warstwa":"adresy"},"geometry":{"type":"Point","coordinates":[19.950843,49.917874]}},{"type":"Feature","properties":{"NUMER_PORZ":"34","KOD_POCZT":"32-447","NAZWA_ULC":"Jabłoniowa","NAZWA_GMI":"Siepraw","NAZWA_MSC":"Siepraw","odleglosc_m":0.0,"strefa":"w śladzie","warstwa":"adresy"},"geometry":{"type":"Point","coordinates":[19.95346,49.917636]}},{"type":"Feature","properties":{"NUMER_PORZ":"42","KOD_POCZT":"32-447","NAZWA_ULC":"Jabłoniowa","NAZWA_GMI":"Siepraw","NAZWA_MSC":"Siepraw","odleglosc_m":0.2,"strefa":"0-20 m","warstwa":"adresy"},"geometry":{"type":"Point","coordinates":[19.953095,49.917559]}},{"type":"Feature","properties":{"NUMER_PORZ":"33","KOD_POCZT":"32-447","NAZWA_ULC":"Jabłoniowa","NAZWA_GMI":"Siepraw","NAZWA_MSC":"Siepraw","odleglosc_m":44.4,"strefa":"30-50 m","warstwa":"adresy"},"geometry":{"type":"Point","coordinates":[19.952387,49.917494]}},{"type":"Feature","properties":{"NUMER_PORZ":"29","KOD_POCZT":"32-447","NAZWA_ULC":"Jabłoniowa","NAZWA_GMI":"Siepraw","NAZWA_MSC":"Siepraw","odleglosc_m":0.0,"strefa":"w śladzie","warstwa":"adresy"},"geometry":{"type":"Point","coordinates":[19.953193,49.917204]}},{"type":"Feature","properties":{"NUMER_PORZ":"22","KOD_POCZT":"32-447","NAZWA_ULC":"Parkowa","NAZWA_GMI":"Siepraw","NAZWA_MSC":"Siepraw","odleglosc_m":161.6,"strefa":"50-200 m","warstwa":"adresy"},"geometry":{"type":"Point","coordinates":[19.946222,49.914034]}},{"type":"Feature","properties":{"NUMER_PORZ":"26","KOD_POCZT":"32-447","NAZWA_ULC":"Parkowa","NAZWA_GMI":"Siepraw","NAZWA_MSC":"Siepraw","odleglosc_m":155.3,"strefa":"50-200 m","warstwa":"adresy"},"geometry":{"type":"Point","coordinates":[19.945852,49.913781]}},{"type":"Feature","properties":{"NUMER_PORZ":"104","KOD_POCZT":"32-447","NAZWA_ULC":"Parkowa","NAZWA_GMI":"Siepraw","NAZWA_MSC":"Siepraw","odleglosc_m":107.2,"strefa":"50-200 m","warstwa":"adresy"},"geometry":{"type":"Point","coordinates":[19.936912,49.911645]}},{"type":"Feature","properties":{"NUMER_PORZ":"13","KOD_POCZT":"32-447","NAZWA_ULC":"Parkowa","NAZWA_GMI":"Siepraw","NAZWA_MSC":"Siepraw","odleglosc_m":17.5,"strefa":"0-20 m","warstwa":"adresy"},"geometry":{"type":"Point","coordinates":[19.948165,49.913473]}},{"type":"Feature","properties":{"NUMER_PORZ":"77","KOD_POCZT":"32-447","NAZWA_ULC":"Parkowa","NAZWA_GMI":"Siepraw","NAZWA_MSC":"Siepraw","odleglosc_m":192.4,"strefa":"50-200 m","warstwa":"adresy"},"geometry":{"type":"Point","coordinates":[19.937721,49.912206]}},{"type":"Feature","properties":{"NUMER_PORZ":"25","KOD_POCZT":"32-447","NAZWA_ULC":"Parkowa","NAZWA_GMI":"Siepraw","NAZWA_MSC":"Siepraw","odleglosc_m":106.9,"strefa":"50-200 m","warstwa":"adresy"},"geometry":{"type":"Point","coordinates":[19.946277,49.91344]}},{"type":"Feature","properties":{"NUMER_PORZ":"88","KOD_POCZT":"32-447","NAZWA_ULC":"Parkowa","NAZWA_GMI":"Siepraw","NAZWA_MSC":"Siepraw","odleglosc_m":160.5,"strefa":"50-200 m","warstwa":"adresy"},"geometry":{"type":"Point","coordinates":[19.935011,49.913737]}},{"type":"Feature","properties":{"NUMER_PORZ":"17","KOD_POCZT":"32-447","NAZWA_ULC":"Parkowa","NAZWA_GMI":"Siepraw","NAZWA_MSC":"Siepraw","odleglosc_m":40.7,"strefa":"30-50 m","warstwa":"adresy"},"geometry":{"type":"Point","coordinates":[19.947615,49.913388]}},{"type":"Feature","properties":{"NUMER_PORZ":"21","KOD_POCZT":"32-447","NAZWA_ULC":"Parkowa","NAZWA_GMI":"Siepraw","NAZWA_MSC":"Siepraw","odleglosc_m":81.1,"strefa":"50-200 m","warstwa":"adresy"},"geometry":{"type":"Point","coordinates":[19.94692,49.913462]}},{"type":"Feature","properties":{"NUMER_PORZ":"104","KOD_POCZT":"32-447","NAZWA_ULC":"Krakowska","NAZWA_GMI":"Siepraw","NAZWA_MSC":"Siepraw","odleglosc_m":170.9,"strefa":"50-200 m","warstwa":"adresy"},"geometry":{"type":"Point","coordinates":[19.947692,49.915148]}},{"type":"Feature","properties":{"NUMER_PORZ":"81","KOD_POCZT":"32-447","NAZWA_ULC":"Krakowska","NAZWA_GMI":"Siepraw","NAZWA_MSC":"Siepraw","odleglosc_m":0.0,"strefa":"w śladzie","warstwa":"adresy"},"geometry":{"type":"Point","coordinates":[19.949575,49.913468]}},{"type":"Feature","properties":{"NUMER_PORZ":"79","KOD_POCZT":"32-447","NAZWA_ULC":"Parkowa","NAZWA_GMI":"Siepraw","NAZWA_MSC":"Siepraw","odleglosc_m":180.7,"strefa":"50-200 m","warstwa":"adresy"},"geometry":{"type":"Point","coordinates":[19.937323,49.912352]}},{"type":"Feature","properties":{"NUMER_PORZ":"23","KOD_POCZT":"32-447","NAZWA_ULC":"Parkowa","NAZWA_GMI":"Siepraw","NAZWA_MSC":"Siepraw","odleglosc_m":87.0,"strefa":"50-200 m","warstwa":"adresy"},"geometry":{"type":"Point","coordinates":[19.946587,49.913383]}},{"type":"Feature","properties":{"NUMER_PORZ":"75","KOD_POCZT":"32-447","NAZWA_ULC":"Krakowska","NAZWA_GMI":"Siepraw","NAZWA_MSC":"Siepraw","odleglosc_m":137.5,"strefa":"50-200 m","warstwa":"adresy"},"geometry":{"type":"Point","coordinates":[19.951277,49.912809]}},{"type":"Feature","properties":{"NUMER_PORZ":"8","KOD_POCZT":"32-447","NAZWA_ULC":"Parkowa","NAZWA_GMI":"Siepraw","NAZWA_MSC":"Siepraw","odleglosc_m":70.2,"strefa":"50-200 m","warstwa":"adresy"},"geometry":{"type":"Point","coordinates":[19.947705,49.913864]}},{"type":"Feature","properties":{"NUMER_PORZ":"102","KOD_POCZT":"32-447","NAZWA_ULC":"Parkowa","NAZWA_GMI":"Siepraw","NAZWA_MSC":"Siepraw","odleglosc_m":95.4,"strefa":"50-200 m","warstwa":"adresy"},"geometry":{"type":"Point","coordinates":[19.936431,49.911845]}},{"type":"Feature","properties":{"NUMER_PORZ":"6","KOD_POCZT":"32-447","NAZWA_ULC":"Parkowa","NAZWA_GMI":"Siepraw","NAZWA_MSC":"Siepraw","odleglosc_m":71.7,"strefa":"50-200 m","warstwa":"adresy"},"geometry":{"type":"Point","coordinates":[19.947941,49.914058]}},{"type":"Feature","properties":{"NUMER_PORZ":"100","KOD_POCZT":"32-447","NAZWA_ULC":"Parkowa","NAZWA_GMI":"Siepraw","NAZWA_MSC":"Siepraw","odleglosc_m":124.7,"strefa":"50-200 m","warstwa":"adresy"},"geometry":{"type":"Point","coordinates":[19.936608,49.912115]}},{"type":"Feature","properties":{"NUMER_PORZ":"27","KOD_POCZT":"32-447","NAZWA_ULC":"Parkowa","NAZWA_GMI":"Siepraw","NAZWA_MSC":"Siepraw","odleglosc_m":122.0,"strefa":"50-200 m","warstwa":"adresy"},"geometry":{"type":"Point","coordinates":[19.945941,49.913455]}},{"type":"Feature","properties":{"NUMER_PORZ":"12","KOD_POCZT":"32-447","NAZWA_ULC":"Parkowa","NAZWA_GMI":"Siepraw","NAZWA_MSC":"Siepraw","odleglosc_m":97.1,"strefa":"50-200 m","warstwa":"adresy"},"geometry":{"type":"Point","coordinates":[19.94706,49.913748]}},{"type":"Feature","properties":{"NUMER_PORZ":"90","KOD_POCZT":"32-447","NAZWA_ULC":"Krakowska","NAZWA_GMI":"Siepraw","NAZWA_MSC":"Siepraw","odleglosc_m":92.1,"strefa":"50-200 m","warstwa":"adresy"},"geometry":{"type":"Point","coordinates":[19.951114,49.913316]}},{"type":"Feature","properties":{"NUMER_PORZ":"82","KOD_POCZT":"32-447","NAZWA_ULC":"Krakowska","NAZWA_GMI":"Siepraw","NAZWA_MSC":"Siepraw","odleglosc_m":185.1,"strefa":"50-200 m","warstwa":"adresy"},"geometry":{"type":"Point","coordinates":[19.952226,49.912883]}},{"type":"Feature","properties":{"NUMER_PORZ":"98","KOD_POCZT":"32-447","NAZWA_ULC":"Krakowska","NAZWA_GMI":"Siepraw","NAZWA_MSC":"Siepraw","odleglosc_m":13.7,"strefa":"0-20 m","warstwa":"adresy"},"geometry":{"type":"Point","coordinates":[19.949313,49.914178]}},{"type":"Feature","properties":{"NUMER_PORZ":"89","KOD_POCZT":"32-447","NAZWA_ULC":"Krakowska","NAZWA_GMI":"Siepraw","NAZWA_MSC":"Siepraw","odleglosc_m":161.8,"strefa":"50-200 m","warstwa":"adresy"},"geometry":{"type":"Point","coordinates":[19.947324,49.914814]}},{"type":"Feature","properties":{"NUMER_PORZ":"85","KOD_POCZT":"32-447","NAZWA_ULC":"Krakowska","NAZWA_GMI":"Siepraw","NAZWA_MSC":"Siepraw","odleglosc_m":79.4,"strefa":"50-200 m","warstwa":"adresy"},"geometry":{"type":"Point","coordinates":[19.948286,49.914384]}},{"type":"Feature","properties":{"NUMER_PORZ":"100","KOD_POCZT":"32-447","NAZWA_ULC":"Krakowska","NAZWA_GMI":"Siepraw","NAZWA_MSC":"Siepraw","odleglosc_m":80.1,"strefa":"50-200 m","warstwa":"adresy"},"geometry":{"type":"Point","coordinates":[19.948739,49.914645]}},{"type":"Feature","properties":{"NUMER_PORZ":"78","KOD_POCZT":"32-447","NAZWA_ULC":"Krakowska","NAZWA_GMI":"Siepraw","NAZWA_MSC":"Siepraw","odleglosc_m":190.1,"strefa":"50-200 m","warstwa":"adresy"},"geometry":{"type":"Point","coordinates":[19.952893,49.913295]}},{"type":"Feature","properties":{"NUMER_PORZ":"96","KOD_POCZT":"32-447","NAZWA_ULC":"Krakowska","NAZWA_GMI":"Siepraw","NAZWA_MSC":"Siepraw","odleglosc_m":0.0,"strefa":"w śladzie","warstwa":"adresy"},"geometry":{"type":"Point","coordinates":[19.949891,49.913829]}},{"type":"Feature","properties":{"NUMER_PORZ":"32","KOD_POCZT":"32-447","NAZWA_ULC":"Jabłoniowa","NAZWA_GMI":"Siepraw","NAZWA_MSC":"Siepraw","odleglosc_m":0.0,"strefa":"w śladzie","warstwa":"adresy"},"geometry":{"type":"Point","coordinates":[19.953685,49.917455]}},{"type":"Feature","properties":{"NUMER_PORZ":"5","KOD_POCZT":"32-447","NAZWA_ULC":"Parkowa","NAZWA_GMI":"Siepraw","NAZWA_MSC":"Siepraw","odleglosc_m":2.7,"strefa":"0-20 m","warstwa":"adresy"},"geometry":{"type":"Point","coordinates":[19.949101,49.913155]}},{"type":"Feature","properties":{"NUMER_PORZ":"31","KOD_POCZT":"32-447","NAZWA_ULC":"Parkowa","NAZWA_GMI":"Siepraw","NAZWA_MSC":"Siepraw","odleglosc_m":169.3,"strefa":"50-200 m","warstwa":"adresy"},"geometry":{"type":"Point","coordinates":[19.945016,49.913539]}},{"type":"Feature","properties":{"NUMER_PORZ":"14","KOD_POCZT":"32-447","NAZWA_ULC":"Parkowa","NAZWA_GMI":"Siepraw","NAZWA_MSC":"Siepraw","odleglosc_m":110.3,"strefa":"50-200 m","warstwa":"adresy"},"geometry":{"type":"Point","coordinates":[19.947259,49.914081]}},{"type":"Feature","properties":{"NUMER_PORZ":"24","KOD_POCZT":"32-447","NAZWA_ULC":"Parkowa","NAZWA_GMI":"Siepraw","NAZWA_MSC":"Siepraw","odleglosc_m":137.1,"strefa":"50-200 m","warstwa":"adresy"},"geometry":{"type":"Point","coordinates":[19.946148,49.913732]}},{"type":"Feature","properties":{"NUMER_PORZ":"82","KOD_POCZT":"32-447","NAZWA_ULC":"Parkowa","NAZWA_GMI":"Siepraw","NAZWA_MSC":"Siepraw","odleglosc_m":189.6,"strefa":"50-200 m","warstwa":"adresy"},"geometry":{"type":"Point","coordinates":[19.935799,49.913626]}},{"type":"Feature","properties":{"NUMER_PORZ":"88","KOD_POCZT":"32-447","NAZWA_ULC":"Krakowska","NAZWA_GMI":"Siepraw","NAZWA_MSC":"Siepraw","odleglosc_m":124.3,"strefa":"50-200 m","warstwa":"adresy"},"geometry":{"type":"Point","coordinates":[19.951579,49.913242]}},{"type":"Feature","properties":{"NUMER_PORZ":"81","KOD_POCZT":"32-447","NAZWA_ULC":"Dobra","NAZWA_GMI":"Siepraw","NAZWA_MSC":"Siepraw","odleglosc_m":164.6,"strefa":"50-200 m","warstwa":"adresy"},"geometry":{"type":"Point","coordinates":[19.94265,49.91239]}},{"type":"Feature","properties":{"NUMER_PORZ":"92","KOD_POCZT":"32-447","NAZWA_ULC":"Krakowska","NAZWA_GMI":"Siepraw","NAZWA_MSC":"Siepraw","odleglosc_m":63.6,"strefa":"50-200 m","warstwa":"adresy"},"geometry":{"type":"Point","coordinates":[19.950889,49.913558]}},{"type":"Feature","properties":{"NUMER_PORZ":"73","KOD_POCZT":"32-447","NAZWA_ULC":"Krakowska","NAZWA_GMI":"Siepraw","NAZWA_MSC":"Siepraw","odleglosc_m":164.5,"strefa":"50-200 m","warstwa":"adresy"},"geometry":{"type":"Point","coordinates":[19.951636,49.912701]}},{"type":"Feature","properties":{"NUMER_PORZ":"22","KOD_POCZT":"32-447","NAZWA_ULC":"Jabłoniowa","NAZWA_GMI":"Siepraw","NAZWA_MSC":"Siepraw","odleglosc_m":90.3,"strefa":"50-200 m","warstwa":"adresy"},"geometry":{"type":"Point","coordinates":[19.955249,49.917052]}},{"type":"Feature","properties":{"NUMER_PORZ":"35","KOD_POCZT":"32-447","NAZWA_ULC":"Jabłoniowa","NAZWA_GMI":"Siepraw","NAZWA_MSC":"Siepraw","odleglosc_m":98.9,"strefa":"50-200 m","warstwa":"adresy"},"geometry":{"type":"Point","coordinates":[19.951672,49.917661]}},{"type":"Feature","properties":{"NUMER_PORZ":"94","KOD_POCZT":"32-447","NAZWA_ULC":"Krakowska","NAZWA_GMI":"Siepraw","NAZWA_MSC":"Siepraw","odleglosc_m":43.8,"strefa":"30-50 m","warstwa":"adresy"},"geometry":{"type":"Point","coordinates":[19.950512,49.913524]}},{"type":"Feature","properties":{"NUMER_PORZ":"30","KOD_POCZT":"32-447","NAZWA_ULC":"Jabłoniowa","NAZWA_GMI":"Siepraw","NAZWA_MSC":"Siepraw","odleglosc_m":0.0,"strefa":"w śladzie","warstwa":"adresy"},"geometry":{"type":"Point","coordinates":[19.954046,49.917385]}},{"type":"Feature","properties":{"NUMER_PORZ":"25","KOD_POCZT":"32-447","NAZWA_ULC":"Jabłoniowa","NAZWA_GMI":"Siepraw","NAZWA_MSC":"Siepraw","odleglosc_m":0.0,"strefa":"w śladzie","warstwa":"adresy"},"geometry":{"type":"Point","coordinates":[19.953609,49.917088]}},{"type":"Feature","properties":{"NUMER_PORZ":"28","KOD_POCZT":"32-447","NAZWA_ULC":"Jabłoniowa","NAZWA_GMI":"Siepraw","NAZWA_MSC":"Siepraw","odleglosc_m":19.1,"strefa":"0-20 m","warstwa":"adresy"},"geometry":{"type":"Point","coordinates":[19.954394,49.917386]}},{"type":"Feature","properties":{"NUMER_PORZ":"26","KOD_POCZT":"32-447","NAZWA_ULC":"Jabłoniowa","NAZWA_GMI":"Siepraw","NAZWA_MSC":"Siepraw","odleglosc_m":52.4,"strefa":"50-200 m","warstwa":"adresy"},"geometry":{"type":"Point","coordinates":[19.954837,49.917291]}},{"type":"Feature","properties":{"NUMER_PORZ":"52","KOD_POCZT":"32-447","NAZWA_ULC":"Jabłoniowa","NAZWA_GMI":"Siepraw","NAZWA_MSC":"Siepraw","odleglosc_m":168.9,"strefa":"50-200 m","warstwa":"adresy"},"geometry":{"type":"Point","coordinates":[19.951042,49.918303]}},{"type":"Feature","properties":{"NUMER_PORZ":"50","KOD_POCZT":"32-447","NAZWA_ULC":"Jabłoniowa","NAZWA_GMI":"Siepraw","NAZWA_MSC":"Siepraw","odleglosc_m":125.1,"strefa":"50-200 m","warstwa":"adresy"},"geometry":{"type":"Point","coordinates":[19.951851,49.918413]}},{"type":"Feature","properties":{"NUMER_PORZ":"15","KOD_POCZT":"32-447","NAZWA_ULC":"Jabłoniowa","NAZWA_GMI":"Siepraw","NAZWA_MSC":"Siepraw","odleglosc_m":112.7,"strefa":"50-200 m","warstwa":"adresy"},"geometry":{"type":"Point","coordinates":[19.955284,49.916666]}},{"type":"Feature","properties":{"NUMER_PORZ":"63","KOD_POCZT":"32-447","NAZWA_ULC":"Dobra","NAZWA_GMI":"Siepraw","NAZWA_MSC":"Siepraw","odleglosc_m":61.3,"strefa":"50-200 m","warstwa":"adresy"},"geometry":{"type":"Point","coordinates":[19.944728,49.912136]}},{"type":"Feature","properties":{"NUMER_PORZ":"27","KOD_POCZT":"32-447","NAZWA_ULC":"Dobra","NAZWA_GMI":"Siepraw","NAZWA_MSC":"Siepraw","odleglosc_m":136.9,"strefa":"50-200 m","warstwa":"adresy"},"geometry":{"type":"Point","coordinates":[19.943741,49.909134]}},{"type":"Feature","properties":{"NUMER_PORZ":"57","KOD_POCZT":"32-447","NAZWA_ULC":"Dobra","NAZWA_GMI":"Siepraw","NAZWA_MSC":"Siepraw","odleglosc_m":51.2,"strefa":"50-200 m","warstwa":"adresy"},"geometry":{"type":"Point","coordinates":[19.943915,49.911699]}},{"type":"Feature","properties":{"NUMER_PORZ":"21","KOD_POCZT":"32-447","NAZWA_ULC":"Dobra","NAZWA_GMI":"Siepraw","NAZWA_MSC":"Siepraw","odleglosc_m":159.2,"strefa":"50-200 m","warstwa":"adresy"},"geometry":{"type":"Point","coordinates":[19.943583,49.908827]}},{"type":"Feature","properties":{"NUMER_PORZ":"7","KOD_POCZT":"32-447","NAZWA_ULC":"Kręta","NAZWA_GMI":"Siepraw","NAZWA_MSC":"Siepraw","odleglosc_m":150.8,"strefa":"50-200 m","warstwa":"adresy"},"geometry":{"type":"Point","coordinates":[19.957124,49.918484]}},{"type":"Feature","properties":{"NUMER_PORZ":"6","KOD_POCZT":"32-447","NAZWA_ULC":"Cicha","NAZWA_GMI":"Siepraw","NAZWA_MSC":"Siepraw","odleglosc_m":140.0,"strefa":"50-200 m","warstwa":"adresy"},"geometry":{"type":"Point","coordinates":[19.950391,49.912242]}},{"type":"Feature","properties":{"NUMER_PORZ":"4","KOD_POCZT":"32-447","NAZWA_ULC":"Kręta","NAZWA_GMI":"Siepraw","NAZWA_MSC":"Siepraw","odleglosc_m":149.8,"strefa":"50-200 m","warstwa":"adresy"},"geometry":{"type":"Point","coordinates":[19.957396,49.918912]}},{"type":"Feature","properties":{"NUMER_PORZ":"30","KOD_POCZT":"32-447","NAZWA_ULC":"Kręta","NAZWA_GMI":"Siepraw","NAZWA_MSC":"Siepraw","odleglosc_m":51.3,"strefa":"50-200 m","warstwa":"adresy"},"geometry":{"type":"Point","coordinates":[19.953524,49.919055]}},{"type":"Feature","properties":{"NUMER_PORZ":"6","KOD_POCZT":"32-447","NAZWA_ULC":"Kręta","NAZWA_GMI":"Siepraw","NAZWA_MSC":"Siepraw","odleglosc_m":126.8,"strefa":"50-200 m","warstwa":"adresy"},"geometry":{"type":"Point","coordinates":[19.956994,49.918903]}},{"type":"Feature","properties":{"NUMER_PORZ":"11","KOD_POCZT":"32-447","NAZWA_ULC":"Kręta","NAZWA_GMI":"Siepraw","NAZWA_MSC":"Siepraw","odleglosc_m":108.2,"strefa":"50-200 m","warstwa":"adresy"},"geometry":{"type":"Point","coordinates":[19.956574,49.918627]}},{"type":"Feature","properties":{"NUMER_PORZ":"26","KOD_POCZT":"32-447","NAZWA_ULC":"Kręta","NAZWA_GMI":"Siepraw","NAZWA_MSC":"Siepraw","odleglosc_m":87.5,"strefa":"50-200 m","warstwa":"adresy"},"geometry":{"type":"Point","coordinates":[19.953342,49.919512]}},{"type":"Feature","properties":{"NUMER_PORZ":"15","KOD_POCZT":"32-447","NAZWA_ULC":"Kręta","NAZWA_GMI":"Siepraw","NAZWA_MSC":"Siepraw","odleglosc_m":42.4,"strefa":"30-50 m","warstwa":"adresy"},"geometry":{"type":"Point","coordinates":[19.955554,49.91854]}},{"type":"Feature","properties":{"NUMER_PORZ":"22","KOD_POCZT":"32-447","NAZWA_ULC":"Kręta","NAZWA_GMI":"Siepraw","NAZWA_MSC":"Siepraw","odleglosc_m":13.2,"strefa":"0-20 m","warstwa":"adresy"},"geometry":{"type":"Point","coordinates":[19.954103,49.919022]}},{"type":"Feature","properties":{"NUMER_PORZ":"2","KOD_POCZT":"32-447","NAZWA_ULC":"Kręta","NAZWA_GMI":"Siepraw","NAZWA_MSC":"Siepraw","odleglosc_m":173.5,"strefa":"50-200 m","warstwa":"adresy"},"geometry":{"type":"Point","coordinates":[19.957768,49.918894]}},{"type":"Feature","properties":{"NUMER_PORZ":"32","KOD_POCZT":"32-447","NAZWA_ULC":"Kręta","NAZWA_GMI":"Siepraw","NAZWA_MSC":"Siepraw","odleglosc_m":32.6,"strefa":"30-50 m","warstwa":"adresy"},"geometry":{"type":"Point","coordinates":[19.95357,49.918749]}},{"type":"Feature","properties":{"NUMER_PORZ":"14","KOD_POCZT":"32-447","NAZWA_ULC":"Kręta","NAZWA_GMI":"Siepraw","NAZWA_MSC":"Siepraw","odleglosc_m":0.0,"strefa":"w śladzie","warstwa":"adresy"},"geometry":{"type":"Point","coordinates":[19.955073,49.918882]}},{"type":"Feature","properties":{"NUMER_PORZ":"19","KOD_POCZT":"32-447","NAZWA_ULC":"Kręta","NAZWA_GMI":"Siepraw","NAZWA_MSC":"Siepraw","odleglosc_m":0.0,"strefa":"w śladzie","warstwa":"adresy"},"geometry":{"type":"Point","coordinates":[19.954588,49.918442]}},{"type":"Feature","properties":{"NUMER_PORZ":"77","KOD_POCZT":"32-447","NAZWA_ULC":"Kwiatowa","NAZWA_GMI":"Siepraw","NAZWA_MSC":"Siepraw","odleglosc_m":137.1,"strefa":"50-200 m","warstwa":"adresy"},"geometry":{"type":"Point","coordinates":[19.939159,49.907029]}},{"type":"Feature","properties":{"NUMER_PORZ":"89","KOD_POCZT":"32-447","NAZWA_ULC":"Kwiatowa","NAZWA_GMI":"Siepraw","NAZWA_MSC":"Siepraw","odleglosc_m":70.1,"strefa":"50-200 m","warstwa":"adresy"},"geometry":{"type":"Point","coordinates":[19.937021,49.906576]}},{"type":"Feature","properties":{"NUMER_PORZ":"10","KOD_POCZT":"32-447","NAZWA_ULC":"Kręta","NAZWA_GMI":"Siepraw","NAZWA_MSC":"Siepraw","odleglosc_m":57.4,"strefa":"50-200 m","warstwa":"adresy"},"geometry":{"type":"Point","coordinates":[19.955955,49.918868]}},{"type":"Feature","properties":{"NUMER_PORZ":"23","KOD_POCZT":"32-447","NAZWA_ULC":"Kręta","NAZWA_GMI":"Siepraw","NAZWA_MSC":"Siepraw","odleglosc_m":0.0,"strefa":"w śladzie","warstwa":"adresy"},"geometry":{"type":"Point","coordinates":[19.953768,49.918195]}},{"type":"Feature","properties":{"NUMER_PORZ":"16","KOD_POCZT":"32-447","NAZWA_ULC":"Kręta","NAZWA_GMI":"Siepraw","NAZWA_MSC":"Siepraw","odleglosc_m":0.0,"strefa":"w śladzie","warstwa":"adresy"},"geometry":{"type":"Point","coordinates":[19.954565,49.918693]}},{"type":"Feature","properties":{"NUMER_PORZ":"28","KOD_POCZT":"32-447","NAZWA_ULC":"Kręta","NAZWA_GMI":"Siepraw","NAZWA_MSC":"Siepraw","odleglosc_m":62.4,"strefa":"50-200 m","warstwa":"adresy"},"geometry":{"type":"Point","coordinates":[19.953496,49.919229]}},{"type":"Feature","properties":{"NUMER_PORZ":"21","KOD_POCZT":"32-447","NAZWA_ULC":"Kręta","NAZWA_GMI":"Siepraw","NAZWA_MSC":"Siepraw","odleglosc_m":0.0,"strefa":"w śladzie","warstwa":"adresy"},"geometry":{"type":"Point","coordinates":[19.954261,49.918434]}},{"type":"Feature","properties":{"NUMER_PORZ":"9","KOD_POCZT":"32-447","NAZWA_ULC":"Kręta","NAZWA_GMI":"Siepraw","NAZWA_MSC":"Siepraw","odleglosc_m":136.6,"strefa":"50-200 m","warstwa":"adresy"},"geometry":{"type":"Point","coordinates":[19.957014,49.918665]}},{"type":"Feature","properties":{"NUMER_PORZ":"8","KOD_POCZT":"32-447","NAZWA_ULC":"Kręta","NAZWA_GMI":"Siepraw","NAZWA_MSC":"Siepraw","odleglosc_m":93.3,"strefa":"50-200 m","warstwa":"adresy"},"geometry":{"type":"Point","coordinates":[19.956484,49.918866]}},{"type":"Feature","properties":{"NUMER_PORZ":"20","KOD_POCZT":"32-447","NAZWA_ULC":"Kręta","NAZWA_GMI":"Siepraw","NAZWA_MSC":"Siepraw","odleglosc_m":0.0,"strefa":"w śladzie","warstwa":"adresy"},"geometry":{"type":"Point","coordinates":[19.954094,49.918685]}},{"type":"Feature","properties":{"NUMER_PORZ":"21A","KOD_POCZT":"32-447","NAZWA_ULC":"Parkowa","NAZWA_GMI":"Siepraw","NAZWA_MSC":"Siepraw","odleglosc_m":61.6,"strefa":"50-200 m","warstwa":"adresy"},"geometry":{"type":"Point","coordinates":[19.947076,49.913319]}},{"type":"Feature","properties":{"NUMER_PORZ":"4A","KOD_POCZT":"32-447","NAZWA_ULC":"Kręta","NAZWA_GMI":"Siepraw","NAZWA_MSC":"Siepraw","odleglosc_m":163.8,"strefa":"50-200 m","warstwa":"adresy"},"geometry":{"type":"Point","coordinates":[19.957613,49.918897]}},{"type":"Feature","properties":{"NUMER_PORZ":"3","KOD_POCZT":"32-447","NAZWA_ULC":"Kręta","NAZWA_GMI":"Siepraw","NAZWA_MSC":"Siepraw","odleglosc_m":190.4,"strefa":"50-200 m","warstwa":"adresy"},"geometry":{"type":"Point","coordinates":[19.95778,49.918613]}},{"type":"Feature","properties":{"NUMER_PORZ":"53","KOD_POCZT":"32-447","NAZWA_ULC":"Dobra","NAZWA_GMI":"Siepraw","NAZWA_MSC":"Siepraw","odleglosc_m":15.7,"strefa":"0-20 m","warstwa":"adresy"},"geometry":{"type":"Point","coordinates":[19.944091,49.911395]}},{"type":"Feature","properties":{"NUMER_PORZ":"25","KOD_POCZT":"32-447","NAZWA_ULC":"Kręta","NAZWA_GMI":"Siepraw","NAZWA_MSC":"Siepraw","odleglosc_m":0.0,"strefa":"w śladzie","warstwa":"adresy"},"geometry":{"type":"Point","coordinates":[19.953683,49.918128]}},{"type":"Feature","properties":{"NUMER_PORZ":"36","KOD_POCZT":"32-447","NAZWA_ULC":"Dobra","NAZWA_GMI":"Siepraw","NAZWA_MSC":"Siepraw","odleglosc_m":0.0,"strefa":"w śladzie","warstwa":"adresy"},"geometry":{"type":"Point","coordinates":[19.94441,49.911085]}},{"type":"Feature","properties":{"NUMER_PORZ":"83","KOD_POCZT":"32-447","NAZWA_ULC":"Dobra","NAZWA_GMI":"Siepraw","NAZWA_MSC":"Siepraw","odleglosc_m":98.4,"strefa":"50-200 m","warstwa":"adresy"},"geometry":{"type":"Point","coordinates":[19.94463,49.912497]}},{"type":"Feature","properties":{"NUMER_PORZ":"26","KOD_POCZT":"32-447","NAZWA_ULC":"Dobra","NAZWA_GMI":"Siepraw","NAZWA_MSC":"Siepraw","odleglosc_m":74.2,"strefa":"50-200 m","warstwa":"adresy"},"geometry":{"type":"Point","coordinates":[19.944236,49.910022]}},{"type":"Feature","properties":{"NUMER_PORZ":"46","KOD_POCZT":"32-447","NAZWA_ULC":"Graniczna","NAZWA_GMI":"Siepraw","NAZWA_MSC":"Siepraw","odleglosc_m":195.4,"strefa":"50-200 m","warstwa":"adresy"},"geometry":{"type":"Point","coordinates":[19.953083,49.921605]}},{"type":"Feature","properties":{"NUMER_PORZ":"30","KOD_POCZT":"32-447","NAZWA_ULC":"Dobra","NAZWA_GMI":"Siepraw","NAZWA_MSC":"Siepraw","odleglosc_m":34.3,"strefa":"30-50 m","warstwa":"adresy"},"geometry":{"type":"Point","coordinates":[19.944152,49.910416]}},{"type":"Feature","properties":{"NUMER_PORZ":"85","KOD_POCZT":"32-447","NAZWA_ULC":"Dobra","NAZWA_GMI":"Siepraw","NAZWA_MSC":"Siepraw","odleglosc_m":114.2,"strefa":"50-200 m","warstwa":"adresy"},"geometry":{"type":"Point","coordinates":[19.944627,49.912689]}},{"type":"Feature","properties":{"NUMER_PORZ":"24","KOD_POCZT":"32-447","NAZWA_ULC":"Dobra","NAZWA_GMI":"Siepraw","NAZWA_MSC":"Siepraw","odleglosc_m":140.5,"strefa":"50-200 m","warstwa":"adresy"},"geometry":{"type":"Point","coordinates":[19.944803,49.909476]}},{"type":"Feature","properties":{"NUMER_PORZ":"40","KOD_POCZT":"32-447","NAZWA_ULC":"Dobra","NAZWA_GMI":"Siepraw","NAZWA_MSC":"Siepraw","odleglosc_m":12.2,"strefa":"0-20 m","warstwa":"adresy"},"geometry":{"type":"Point","coordinates":[19.944957,49.911702]}},{"type":"Feature","properties":{"NUMER_PORZ":"23","KOD_POCZT":"32-447","NAZWA_ULC":"Dobra","NAZWA_GMI":"Siepraw","NAZWA_MSC":"Siepraw","odleglosc_m":117.5,"strefa":"50-200 m","warstwa":"adresy"},"geometry":{"type":"Point","coordinates":[19.943029,49.909041]}},{"type":"Feature","properties":{"NUMER_PORZ":"42","KOD_POCZT":"32-447","NAZWA_ULC":"Dobra","NAZWA_GMI":"Siepraw","NAZWA_MSC":"Siepraw","odleglosc_m":22.7,"strefa":"20-30 m","warstwa":"adresy"},"geometry":{"type":"Point","coordinates":[19.94503,49.911848]}},{"type":"Feature","properties":{"NUMER_PORZ":"46","KOD_POCZT":"32-447","NAZWA_ULC":"Dobra","NAZWA_GMI":"Siepraw","NAZWA_MSC":"Siepraw","odleglosc_m":77.2,"strefa":"50-200 m","warstwa":"adresy"},"geometry":{"type":"Point","coordinates":[19.945196,49.912598]}},{"type":"Feature","properties":{"NUMER_PORZ":"75","KOD_POCZT":"32-447","NAZWA_ULC":"Dobra","NAZWA_GMI":"Siepraw","NAZWA_MSC":"Siepraw","odleglosc_m":134.2,"strefa":"50-200 m","warstwa":"adresy"},"geometry":{"type":"Point","coordinates":[19.942704,49.912062]}},{"type":"Feature","properties":{"NUMER_PORZ":"49","KOD_POCZT":"32-447","NAZWA_ULC":"Dobra","NAZWA_GMI":"Siepraw","NAZWA_MSC":"Siepraw","odleglosc_m":0.0,"strefa":"w śladzie","warstwa":"adresy"},"geometry":{"type":"Point","coordinates":[19.943488,49.910658]}},{"type":"Feature","properties":{"NUMER_PORZ":"50","KOD_POCZT":"32-447","NAZWA_ULC":"Graniczna","NAZWA_GMI":"Siepraw","NAZWA_MSC":"Siepraw","odleglosc_m":131.5,"strefa":"50-200 m","warstwa":"adresy"},"geometry":{"type":"Point","coordinates":[19.95394,49.921444]}},{"type":"Feature","properties":{"NUMER_PORZ":"48","KOD_POCZT":"32-447","NAZWA_ULC":"Graniczna","NAZWA_GMI":"Siepraw","NAZWA_MSC":"Siepraw","odleglosc_m":163.8,"strefa":"50-200 m","warstwa":"adresy"},"geometry":{"type":"Point","coordinates":[19.953513,49.921538]}},{"type":"Feature","properties":{"NUMER_PORZ":"64","KOD_POCZT":"32-447","NAZWA_ULC":"Graniczna","NAZWA_GMI":"Siepraw","NAZWA_MSC":"Siepraw","odleglosc_m":41.5,"strefa":"30-50 m","warstwa":"adresy"},"geometry":{"type":"Point","coordinates":[19.957137,49.92107]}},{"type":"Feature","properties":{"NUMER_PORZ":"62","KOD_POCZT":"32-447","NAZWA_ULC":"Graniczna","NAZWA_GMI":"Siepraw","NAZWA_MSC":"Siepraw","odleglosc_m":2.1,"strefa":"0-20 m","warstwa":"adresy"},"geometry":{"type":"Point","coordinates":[19.956617,49.921183]}},{"type":"Feature","properties":{"NUMER_PORZ":"18","KOD_POCZT":"32-447","NAZWA_ULC":"Parkowa","NAZWA_GMI":"Siepraw","NAZWA_MSC":"Siepraw","odleglosc_m":122.9,"strefa":"50-200 m","warstwa":"adresy"},"geometry":{"type":"Point","coordinates":[19.94661,49.91378]}},{"type":"Feature","properties":{"NUMER_PORZ":"58","KOD_POCZT":"32-447","NAZWA_ULC":"Graniczna","NAZWA_GMI":"Siepraw","NAZWA_MSC":"Siepraw","odleglosc_m":13.4,"strefa":"0-20 m","warstwa":"adresy"},"geometry":{"type":"Point","coordinates":[19.955623,49.921317]}},{"type":"Feature","properties":{"NUMER_PORZ":"66","KOD_POCZT":"32-447","NAZWA_ULC":"Graniczna","NAZWA_GMI":"Siepraw","NAZWA_MSC":"Siepraw","odleglosc_m":112.6,"strefa":"50-200 m","warstwa":"adresy"},"geometry":{"type":"Point","coordinates":[19.958119,49.920957]}},{"type":"Feature","properties":{"NUMER_PORZ":"60","KOD_POCZT":"32-447","NAZWA_ULC":"Graniczna","NAZWA_GMI":"Siepraw","NAZWA_MSC":"Siepraw","odleglosc_m":0.0,"strefa":"w śladzie","warstwa":"adresy"},"geometry":{"type":"Point","coordinates":[19.956124,49.921239]}},{"type":"Feature","properties":{"NUMER_PORZ":"54","KOD_POCZT":"32-447","NAZWA_ULC":"Graniczna","NAZWA_GMI":"Siepraw","NAZWA_MSC":"Siepraw","odleglosc_m":71.8,"strefa":"50-200 m","warstwa":"adresy"},"geometry":{"type":"Point","coordinates":[19.954808,49.921427]}},{"type":"Feature","properties":{"NUMER_PORZ":"68","KOD_POCZT":"32-447","NAZWA_ULC":"Graniczna","NAZWA_GMI":"Siepraw","NAZWA_MSC":"Siepraw","odleglosc_m":142.1,"strefa":"50-200 m","warstwa":"adresy"},"geometry":{"type":"Point","coordinates":[19.958505,49.920863]}},{"type":"Feature","properties":{"NUMER_PORZ":"85","KOD_POCZT":"32-447","NAZWA_ULC":"Kwiatowa","NAZWA_GMI":"Siepraw","NAZWA_MSC":"Siepraw","odleglosc_m":108.4,"strefa":"50-200 m","warstwa":"adresy"},"geometry":{"type":"Point","coordinates":[19.938069,49.906798]}},{"type":"Feature","properties":{"NUMER_PORZ":"52","KOD_POCZT":"32-447","NAZWA_ULC":"Graniczna","NAZWA_GMI":"Siepraw","NAZWA_MSC":"Siepraw","odleglosc_m":88.1,"strefa":"50-200 m","warstwa":"adresy"},"geometry":{"type":"Point","coordinates":[19.954568,49.921427]}},{"type":"Feature","properties":{"NUMER_PORZ":"43","KOD_POCZT":"32-447","NAZWA_ULC":"Dobra","NAZWA_GMI":"Siepraw","NAZWA_MSC":"Siepraw","odleglosc_m":59.8,"strefa":"50-200 m","warstwa":"adresy"},"geometry":{"type":"Point","coordinates":[19.943734,49.909962]}},{"type":"Feature","properties":{"NUMER_PORZ":"59","KOD_POCZT":"32-447","NAZWA_ULC":"Dobra","NAZWA_GMI":"Siepraw","NAZWA_MSC":"Siepraw","odleglosc_m":37.3,"strefa":"30-50 m","warstwa":"adresy"},"geometry":{"type":"Point","coordinates":[19.944293,49.911726]}},{"type":"Feature","properties":{"NUMER_PORZ":"50","KOD_POCZT":"32-447","NAZWA_ULC":"Dobra","NAZWA_GMI":"Siepraw","NAZWA_MSC":"Siepraw","odleglosc_m":147.2,"strefa":"50-200 m","warstwa":"adresy"},"geometry":{"type":"Point","coordinates":[19.945028,49.913286]}},{"type":"Feature","properties":{"NUMER_PORZ":"79","KOD_POCZT":"32-447","NAZWA_ULC":"Dobra","NAZWA_GMI":"Siepraw","NAZWA_MSC":"Siepraw","odleglosc_m":130.5,"strefa":"50-200 m","warstwa":"adresy"},"geometry":{"type":"Point","coordinates":[19.942253,49.911789]}},{"type":"Feature","properties":{"NUMER_PORZ":"44","KOD_POCZT":"32-447","NAZWA_ULC":"Dobra","NAZWA_GMI":"Siepraw","NAZWA_MSC":"Siepraw","odleglosc_m":45.7,"strefa":"30-50 m","warstwa":"adresy"},"geometry":{"type":"Point","coordinates":[19.945022,49.912095]}},{"type":"Feature","properties":{"NUMER_PORZ":"29","KOD_POCZT":"32-447","NAZWA_ULC":"Dobra","NAZWA_GMI":"Siepraw","NAZWA_MSC":"Siepraw","odleglosc_m":150.4,"strefa":"50-200 m","warstwa":"adresy"},"geometry":{"type":"Point","coordinates":[19.94406,49.909125]}},{"type":"Feature","properties":{"NUMER_PORZ":"31","KOD_POCZT":"32-447","NAZWA_ULC":"Dobra","NAZWA_GMI":"Siepraw","NAZWA_MSC":"Siepraw","odleglosc_m":156.3,"strefa":"50-200 m","warstwa":"adresy"},"geometry":{"type":"Point","coordinates":[19.944334,49.909178]}},{"type":"Feature","properties":{"NUMER_PORZ":"55","KOD_POCZT":"32-447","NAZWA_ULC":"Dobra","NAZWA_GMI":"Siepraw","NAZWA_MSC":"Siepraw","odleglosc_m":39.7,"strefa":"30-50 m","warstwa":"adresy"},"geometry":{"type":"Point","coordinates":[19.943596,49.911434]}},{"type":"Feature","properties":{"NUMER_PORZ":"51","KOD_POCZT":"32-447","NAZWA_ULC":"Dobra","NAZWA_GMI":"Siepraw","NAZWA_MSC":"Siepraw","odleglosc_m":7.3,"strefa":"0-20 m","warstwa":"adresy"},"geometry":{"type":"Point","coordinates":[19.943635,49.911003]}},{"type":"Feature","properties":{"NUMER_PORZ":"56","KOD_POCZT":"32-447","NAZWA_ULC":"Kwiatowa","NAZWA_GMI":"Siepraw","NAZWA_MSC":"Siepraw","odleglosc_m":0.0,"strefa":"w śladzie","warstwa":"adresy"},"geometry":{"type":"Point","coordinates":[19.936202,49.906958]}},{"type":"Feature","properties":{"NUMER_PORZ":"33","KOD_POCZT":"32-447","NAZWA_ULC":"Dobra","NAZWA_GMI":"Siepraw","NAZWA_MSC":"Siepraw","odleglosc_m":169.8,"strefa":"50-200 m","warstwa":"adresy"},"geometry":{"type":"Point","coordinates":[19.944655,49.90917]}},{"type":"Feature","properties":{"NUMER_PORZ":"28","KOD_POCZT":"32-447","NAZWA_ULC":"Dobra","NAZWA_GMI":"Siepraw","NAZWA_MSC":"Siepraw","odleglosc_m":53.7,"strefa":"50-200 m","warstwa":"adresy"},"geometry":{"type":"Point","coordinates":[19.944191,49.910224]}},{"type":"Feature","properties":{"NUMER_PORZ":"19","KOD_POCZT":"32-447","NAZWA_ULC":"Dobra","NAZWA_GMI":"Siepraw","NAZWA_MSC":"Siepraw","odleglosc_m":171.6,"strefa":"50-200 m","warstwa":"adresy"},"geometry":{"type":"Point","coordinates":[19.943907,49.908831]}},{"type":"Feature","properties":{"NUMER_PORZ":"60","KOD_POCZT":"32-447","NAZWA_ULC":"Kwiatowa","NAZWA_GMI":"Siepraw","NAZWA_MSC":"Siepraw","odleglosc_m":0.0,"strefa":"w śladzie","warstwa":"adresy"},"geometry":{"type":"Point","coordinates":[19.93587,49.906952]}},{"type":"Feature","properties":{"NUMER_PORZ":"71","KOD_POCZT":"32-447","NAZWA_ULC":"Kwiatowa","NAZWA_GMI":"Siepraw","NAZWA_MSC":"Siepraw","odleglosc_m":198.9,"strefa":"50-200 m","warstwa":"adresy"},"geometry":{"type":"Point","coordinates":[19.940566,49.907082]}},{"type":"Feature","properties":{"NUMER_PORZ":"95","KOD_POCZT":"32-447","NAZWA_ULC":"Kwiatowa","NAZWA_GMI":"Siepraw","NAZWA_MSC":"Siepraw","odleglosc_m":46.2,"strefa":"30-50 m","warstwa":"adresy"},"geometry":{"type":"Point","coordinates":[19.936394,49.906464]}},{"type":"Feature","properties":{"NUMER_PORZ":"99","KOD_POCZT":"32-447","NAZWA_ULC":"Kwiatowa","NAZWA_GMI":"Siepraw","NAZWA_MSC":"Siepraw","odleglosc_m":8.6,"strefa":"0-20 m","warstwa":"adresy"},"geometry":{"type":"Point","coordinates":[19.935327,49.906275]}},{"type":"Feature","properties":{"NUMER_PORZ":"58","KOD_POCZT":"32-447","NAZWA_ULC":"Kwiatowa","NAZWA_GMI":"Siepraw","NAZWA_MSC":"Siepraw","odleglosc_m":0.0,"strefa":"w śladzie","warstwa":"adresy"},"geometry":{"type":"Point","coordinates":[19.935911,49.906777]}},{"type":"Feature","properties":{"NUMER_PORZ":"91","KOD_POCZT":"32-447","NAZWA_ULC":"Kwiatowa","NAZWA_GMI":"Siepraw","NAZWA_MSC":"Siepraw","odleglosc_m":85.8,"strefa":"50-200 m","warstwa":"adresy"},"geometry":{"type":"Point","coordinates":[19.936619,49.906101]}},{"type":"Feature","properties":{"NUMER_PORZ":"93","KOD_POCZT":"32-447","NAZWA_ULC":"Kwiatowa","NAZWA_GMI":"Siepraw","NAZWA_MSC":"Siepraw","odleglosc_m":75.8,"strefa":"50-200 m","warstwa":"adresy"},"geometry":{"type":"Point","coordinates":[19.93646,49.906125]}},{"type":"Feature","properties":{"NUMER_PORZ":"81","KOD_POCZT":"32-447","NAZWA_ULC":"Kwiatowa","NAZWA_GMI":"Siepraw","NAZWA_MSC":"Siepraw","odleglosc_m":95.4,"strefa":"50-200 m","warstwa":"adresy"},"geometry":{"type":"Point","coordinates":[19.938289,49.907029]}},{"type":"Feature","properties":{"NUMER_PORZ":"73","KOD_POCZT":"32-447","NAZWA_ULC":"Kwiatowa","NAZWA_GMI":"Siepraw","NAZWA_MSC":"Siepraw","odleglosc_m":176.2,"strefa":"50-200 m","warstwa":"adresy"},"geometry":{"type":"Point","coordinates":[19.939988,49.906987]}},{"type":"Feature","properties":{"NUMER_PORZ":"48","KOD_POCZT":"32-447","NAZWA_ULC":"Dobra","NAZWA_GMI":"Siepraw","NAZWA_MSC":"Siepraw","odleglosc_m":113.5,"strefa":"50-200 m","warstwa":"adresy"},"geometry":{"type":"Point","coordinates":[19.945044,49.912938]}},{"type":"Feature","properties":{"NUMER_PORZ":"65","KOD_POCZT":"32-447","NAZWA_ULC":"Dobra","NAZWA_GMI":"Siepraw","NAZWA_MSC":"Siepraw","odleglosc_m":101.4,"strefa":"50-200 m","warstwa":"adresy"},"geometry":{"type":"Point","coordinates":[19.944144,49.912329]}},{"type":"Feature","properties":{"NUMER_PORZ":"97","KOD_POCZT":"32-447","NAZWA_ULC":"Kwiatowa","NAZWA_GMI":"Siepraw","NAZWA_MSC":"Siepraw","odleglosc_m":30.7,"strefa":"30-50 m","warstwa":"adresy"},"geometry":{"type":"Point","coordinates":[19.935721,49.906237]}},{"type":"Feature","properties":{"NUMER_PORZ":"54","KOD_POCZT":"32-447","NAZWA_ULC":"Kwiatowa","NAZWA_GMI":"Siepraw","NAZWA_MSC":"Siepraw","odleglosc_m":42.6,"strefa":"30-50 m","warstwa":"adresy"},"geometry":{"type":"Point","coordinates":[19.936721,49.906732]}},{"type":"Feature","properties":{"NUMER_PORZ":"69","KOD_POCZT":"32-447","NAZWA_ULC":"Kwiatowa","NAZWA_GMI":"Siepraw","NAZWA_MSC":"Siepraw","odleglosc_m":195.3,"strefa":"50-200 m","warstwa":"adresy"},"geometry":{"type":"Point","coordinates":[19.9412,49.907186]}},{"type":"Feature","properties":{"NUMER_PORZ":"64","KOD_POCZT":"32-447","NAZWA_ULC":"Kwiatowa","NAZWA_GMI":"Siepraw","NAZWA_MSC":"Siepraw","odleglosc_m":0.0,"strefa":"w śladzie","warstwa":"adresy"},"geometry":{"type":"Point","coordinates":[19.93499,49.906733]}},{"type":"Feature","properties":{"NUMER_PORZ":"39","KOD_POCZT":"32-447","NAZWA_ULC":"Dobra","NAZWA_GMI":"Siepraw","NAZWA_MSC":"Siepraw","odleglosc_m":91.3,"strefa":"50-200 m","warstwa":"adresy"},"geometry":{"type":"Point","coordinates":[19.943427,49.909493]}},{"type":"Feature","properties":{"NUMER_PORZ":"22","KOD_POCZT":"32-447","NAZWA_ULC":"Dobra","NAZWA_GMI":"Siepraw","NAZWA_MSC":"Siepraw","odleglosc_m":114.2,"strefa":"50-200 m","warstwa":"adresy"},"geometry":{"type":"Point","coordinates":[19.944728,49.909708]}},{"type":"Feature","properties":{"NUMER_PORZ":"69","KOD_POCZT":"32-447","NAZWA_ULC":"Dobra","NAZWA_GMI":"Siepraw","NAZWA_MSC":"Siepraw","odleglosc_m":108.2,"strefa":"50-200 m","warstwa":"adresy"},"geometry":{"type":"Point","coordinates":[19.943627,49.9122]}},{"type":"Feature","properties":{"NUMER_PORZ":"67","KOD_POCZT":"32-447","NAZWA_ULC":"Dobra","NAZWA_GMI":"Siepraw","NAZWA_MSC":"Siepraw","odleglosc_m":86.7,"strefa":"50-200 m","warstwa":"adresy"},"geometry":{"type":"Point","coordinates":[19.944006,49.912135]}},{"type":"Feature","properties":{"NUMER_PORZ":"20","KOD_POCZT":"32-447","NAZWA_ULC":"Dobra","NAZWA_GMI":"Siepraw","NAZWA_MSC":"Siepraw","odleglosc_m":129.0,"strefa":"50-200 m","warstwa":"adresy"},"geometry":{"type":"Point","coordinates":[19.945387,49.909693]}},{"type":"Feature","properties":{"NUMER_PORZ":"73","KOD_POCZT":"32-447","NAZWA_ULC":"Dobra","NAZWA_GMI":"Siepraw","NAZWA_MSC":"Siepraw","odleglosc_m":114.2,"strefa":"50-200 m","warstwa":"adresy"},"geometry":{"type":"Point","coordinates":[19.943291,49.912118]}},{"type":"Feature","properties":{"NUMER_PORZ":"37","KOD_POCZT":"32-447","NAZWA_ULC":"Dobra","NAZWA_GMI":"Siepraw","NAZWA_MSC":"Siepraw","odleglosc_m":104.9,"strefa":"50-200 m","warstwa":"adresy"},"geometry":{"type":"Point","coordinates":[19.944084,49.909626]}},{"type":"Feature","properties":{"NUMER_PORZ":"41","KOD_POCZT":"32-447","NAZWA_ULC":"Dobra","NAZWA_GMI":"Siepraw","NAZWA_MSC":"Siepraw","odleglosc_m":88.4,"strefa":"50-200 m","warstwa":"adresy"},"geometry":{"type":"Point","coordinates":[19.943037,49.909357]}},{"type":"Feature","properties":{"NUMER_PORZ":"62","KOD_POCZT":"32-447","NAZWA_ULC":"Kwiatowa","NAZWA_GMI":"Siepraw","NAZWA_MSC":"Siepraw","odleglosc_m":11.8,"strefa":"0-20 m","warstwa":"adresy"},"geometry":{"type":"Point","coordinates":[19.935798,49.906511]}},{"type":"Feature","properties":{"NUMER_PORZ":"65","KOD_POCZT":"32-447","NAZWA_ULC":"Kwiatowa","NAZWA_GMI":"Siepraw","NAZWA_MSC":"Siepraw","odleglosc_m":197.6,"strefa":"50-200 m","warstwa":"adresy"},"geometry":{"type":"Point","coordinates":[19.941895,49.907348]}},{"type":"Feature","properties":{"NUMER_PORZ":"27A","KOD_POCZT":"32-447","NAZWA_ULC":"Parkowa","NAZWA_GMI":"Siepraw","NAZWA_MSC":"Siepraw","odleglosc_m":99.8,"strefa":"50-200 m","warstwa":"adresy"},"geometry":{"type":"Point","coordinates":[19.945788,49.913145]}},{"type":"Feature","properties":{"NUMER_PORZ":"4","KOD_POCZT":"32-447","NAZWA_ULC":"Cicha","NAZWA_GMI":"Siepraw","NAZWA_MSC":"Siepraw","odleglosc_m":113.2,"strefa":"50-200 m","warstwa":"adresy"},"geometry":{"type":"Point","coordinates":[19.950375,49.912548]}},{"type":"Feature","properties":{"NUMER_PORZ":"1","KOD_POCZT":"32-447","NAZWA_ULC":"Cicha","NAZWA_GMI":"Siepraw","NAZWA_MSC":"Siepraw","odleglosc_m":159.3,"strefa":"50-200 m","warstwa":"adresy"},"geometry":{"type":"Point","coordinates":[19.950996,49.912342]}},{"type":"Feature","properties":{"NUMER_PORZ":"3","KOD_POCZT":"32-447","NAZWA_ULC":"Cicha","NAZWA_GMI":"Siepraw","NAZWA_MSC":"Siepraw","odleglosc_m":175.8,"strefa":"50-200 m","warstwa":"adresy"},"geometry":{"type":"Point","coordinates":[19.950996,49.912148]}},{"type":"Feature","properties":{"NUMER_PORZ":"8","KOD_POCZT":"32-447","NAZWA_ULC":"Cicha","NAZWA_GMI":"Siepraw","NAZWA_MSC":"Siepraw","odleglosc_m":164.3,"strefa":"50-200 m","warstwa":"adresy"},"geometry":{"type":"Point","coordinates":[19.950415,49.911971]}},{"type":"Feature","properties":{"NUMER_PORZ":"2","KOD_POCZT":"32-447","NAZWA_ULC":"Cicha","NAZWA_GMI":"Siepraw","NAZWA_MSC":"Siepraw","odleglosc_m":87.0,"strefa":"50-200 m","warstwa":"adresy"},"geometry":{"type":"Point","coordinates":[19.950396,49.912867]}},{"type":"Feature","properties":{"NUMER_PORZ":"79","KOD_POCZT":"32-447","NAZWA_ULC":"Kwiatowa","NAZWA_GMI":"Siepraw","NAZWA_MSC":"Siepraw","odleglosc_m":113.1,"strefa":"50-200 m","warstwa":"adresy"},"geometry":{"type":"Point","coordinates":[19.938785,49.907089]}},{"type":"Feature","properties":{"NUMER_PORZ":"12","KOD_POCZT":"32-447","NAZWA_ULC":"Kręta","NAZWA_GMI":"Siepraw","NAZWA_MSC":"Siepraw","odleglosc_m":0.0,"strefa":"w śladzie","warstwa":"adresy"},"geometry":{"type":"Point","coordinates":[19.954946,49.919039]}},{"type":"Feature","properties":{"NUMER_PORZ":"5","KOD_POCZT":"32-447","NAZWA_ULC":"Kręta","NAZWA_GMI":"Siepraw","NAZWA_MSC":"Siepraw","odleglosc_m":161.6,"strefa":"50-200 m","warstwa":"adresy"},"geometry":{"type":"Point","coordinates":[19.957367,49.918635]}},{"type":"Feature","properties":{"NUMER_PORZ":"13","KOD_POCZT":"32-447","NAZWA_ULC":"Kręta","NAZWA_GMI":"Siepraw","NAZWA_MSC":"Siepraw","odleglosc_m":78.8,"strefa":"50-200 m","warstwa":"adresy"},"geometry":{"type":"Point","coordinates":[19.956121,49.91859]}},{"type":"Feature","properties":{"NUMER_PORZ":"24","KOD_POCZT":"32-447","NAZWA_ULC":"Kręta","NAZWA_GMI":"Siepraw","NAZWA_MSC":"Siepraw","odleglosc_m":43.0,"strefa":"30-50 m","warstwa":"adresy"},"geometry":{"type":"Point","coordinates":[19.953981,49.91942]}},{"type":"Feature","properties":{"NUMER_PORZ":"18","KOD_POCZT":"32-447","NAZWA_ULC":"Kręta","NAZWA_GMI":"Siepraw","NAZWA_MSC":"Siepraw","odleglosc_m":0.0,"strefa":"w śladzie","warstwa":"adresy"},"geometry":{"type":"Point","coordinates":[19.954501,49.919108]}},{"type":"Feature","properties":{"NUMER_PORZ":"67","KOD_POCZT":"32-447","NAZWA_ULC":"Kwiatowa","NAZWA_GMI":"Siepraw","NAZWA_MSC":"Siepraw","odleglosc_m":193.6,"strefa":"50-200 m","warstwa":"adresy"},"geometry":{"type":"Point","coordinates":[19.941478,49.90726]}},{"type":"Feature","properties":{"NUMER_PORZ":"75","KOD_POCZT":"32-447","NAZWA_ULC":"Kwiatowa","NAZWA_GMI":"Siepraw","NAZWA_MSC":"Siepraw","odleglosc_m":158.4,"strefa":"50-200 m","warstwa":"adresy"},"geometry":{"type":"Point","coordinates":[19.939549,49.906969]}},{"type":"Feature","properties":{"NUMER_PORZ":"56","KOD_POCZT":"32-447","NAZWA_ULC":"Graniczna","NAZWA_GMI":"Siepraw","NAZWA_MSC":"Siepraw","odleglosc_m":20.8,"strefa":"20-30 m","warstwa":"adresy"},"geometry":{"type":"Point","coordinates":[19.9553,49.920906]}},{"type":"Feature","properties":{"NUMER_PORZ":"9","KOD_POCZT":"30-699","NAZWA_ULC":"Krzemieniecka","NAZWA_GMI":"Kraków","NAZWA_MSC":"Kraków","odleglosc_m":33.5,"strefa":"30-50 m","warstwa":"adresy"},"geometry":{"type":"Point","coordinates":[19.991742,49.983209]}},{"type":"Feature","properties":{"NUMER_PORZ":"15","KOD_POCZT":"30-699","NAZWA_ULC":"Antoniego Pajdaka","NAZWA_GMI":"Kraków","NAZWA_MSC":"Kraków","odleglosc_m":56.4,"strefa":"50-200 m","warstwa":"adresy"},"geometry":{"type":"Point","coordinates":[19.992087,49.981026]}},{"type":"Feature","properties":{"NUMER_PORZ":"21G","KOD_POCZT":"30-694","NAZWA_ULC":"Włodzimierza Gruszczyńskiego","NAZWA_GMI":"Kraków","NAZWA_MSC":"Kraków","odleglosc_m":185.1,"strefa":"50-200 m","warstwa":"adresy"},"geometry":{"type":"Point","coordinates":[19.989886,49.989688]}},{"type":"Feature","properties":{"NUMER_PORZ":"3L","KOD_POCZT":"32-400","NAZWA_ULC":"Tarnówka","NAZWA_GMI":"Myślenice","NAZWA_MSC":"Myślenice","odleglosc_m":73.2,"strefa":"50-200 m","warstwa":"adresy"},"geometry":{"type":"Point","coordinates":[19.92442,49.846702]}},{"type":"Feature","properties":{"NUMER_PORZ":"18A","KOD_POCZT":"30-699","NAZWA_ULC":"Romana Żelazowskiego","NAZWA_GMI":"Kraków","NAZWA_MSC":"Kraków","odleglosc_m":18.3,"strefa":"0-20 m","warstwa":"adresy"},"geometry":{"type":"Point","coordinates":[19.994974,49.99372]}},{"type":"Feature","properties":{"NUMER_PORZ":"20","KOD_POCZT":"32-040","NAZWA_ULC":"Piastowska","NAZWA_GMI":"Świątniki Górne","NAZWA_MSC":"Rzeszotary","odleglosc_m":122.7,"strefa":"50-200 m","warstwa":"adresy"},"geometry":{"type":"Point","coordinates":[19.976068,49.945117]}},{"type":"Feature","properties":{"NUMER_PORZ":"69","KOD_POCZT":"32-031","NAZWA_ULC":"Królowej Polski","NAZWA_GMI":"Mogilany","NAZWA_MSC":"Włosań","odleglosc_m":196.8,"strefa":"50-200 m","warstwa":"adresy"},"geometry":{"type":"Point","coordinates":[19.899312,49.91199]}},{"type":"Feature","properties":{"NUMER_PORZ":"81","KOD_POCZT":"32-031","NAZWA_ULC":"Królowej Polski","NAZWA_GMI":"Mogilany","NAZWA_MSC":"Włosań","odleglosc_m":181.4,"strefa":"50-200 m","warstwa":"adresy"},"geometry":{"type":"Point","coordinates":[19.89785,49.911737]}},{"type":"Feature","properties":{"NUMER_PORZ":"79","KOD_POCZT":"32-031","NAZWA_ULC":"Królowej Polski","NAZWA_GMI":"Mogilany","NAZWA_MSC":"Włosań","odleglosc_m":147.1,"strefa":"50-200 m","warstwa":"adresy"},"geometry":{"type":"Point","coordinates":[19.898455,49.911473]}},{"type":"Feature","properties":{"NUMER_PORZ":"83","KOD_POCZT":"32-031","NAZWA_ULC":"Królowej Polski","NAZWA_GMI":"Mogilany","NAZWA_MSC":"Włosań","odleglosc_m":195.6,"strefa":"50-200 m","warstwa":"adresy"},"geometry":{"type":"Point","coordinates":[19.89717,49.911823]}},{"type":"Feature","properties":{"NUMER_PORZ":"85","KOD_POCZT":"32-031","NAZWA_ULC":"Królowej Polski","NAZWA_GMI":"Mogilany","NAZWA_MSC":"Włosań","odleglosc_m":196.3,"strefa":"50-200 m","warstwa":"adresy"},"geometry":{"type":"Point","coordinates":[19.896569,49.911755]}},{"type":"Feature","properties":{"NUMER_PORZ":"16","KOD_POCZT":"32-031","NAZWA_ULC":"Wspólna","NAZWA_GMI":"Mogilany","NAZWA_MSC":"Włosań","odleglosc_m":23.5,"strefa":"20-30 m","warstwa":"adresy"},"geometry":{"type":"Point","coordinates":[19.9166,49.914037]}},{"type":"Feature","properties":{"NUMER_PORZ":"24","KOD_POCZT":"32-031","NAZWA_ULC":"Wspólna","NAZWA_GMI":"Mogilany","NAZWA_MSC":"Włosań","odleglosc_m":111.4,"strefa":"50-200 m","warstwa":"adresy"},"geometry":{"type":"Point","coordinates":[19.918948,49.912728]}},{"type":"Feature","properties":{"NUMER_PORZ":"28A","KOD_POCZT":"32-031","NAZWA_ULC":"Wspólna","NAZWA_GMI":"Mogilany","NAZWA_MSC":"Włosań","odleglosc_m":174.8,"strefa":"50-200 m","warstwa":"adresy"},"geometry":{"type":"Point","coordinates":[19.919344,49.912213]}},{"type":"Feature","properties":{"NUMER_PORZ":"71","KOD_POCZT":"32-031","NAZWA_ULC":"Królowej Polski","NAZWA_GMI":"Mogilany","NAZWA_MSC":"Włosań","odleglosc_m":162.6,"strefa":"50-200 m","warstwa":"adresy"},"geometry":{"type":"Point","coordinates":[19.898771,49.911637]}},{"type":"Feature","properties":{"NUMER_PORZ":"65","KOD_POCZT":"32-031","NAZWA_ULC":"Królowej Polski","NAZWA_GMI":"Mogilany","NAZWA_MSC":"Włosań","odleglosc_m":171.4,"strefa":"50-200 m","warstwa":"adresy"},"geometry":{"type":"Point","coordinates":[19.900738,49.911879]}},{"type":"Feature","properties":{"NUMER_PORZ":"89","KOD_POCZT":"32-031","NAZWA_ULC":"Królowej Polski","NAZWA_GMI":"Mogilany","NAZWA_MSC":"Włosań","odleglosc_m":105.3,"strefa":"50-200 m","warstwa":"adresy"},"geometry":{"type":"Point","coordinates":[19.89656,49.910917]}},{"type":"Feature","properties":{"NUMER_PORZ":"9","KOD_POCZT":"32-031","NAZWA_ULC":"Kąty","NAZWA_GMI":"Mogilany","NAZWA_MSC":"Włosań","odleglosc_m":36.2,"strefa":"30-50 m","warstwa":"adresy"},"geometry":{"type":"Point","coordinates":[19.90221,49.909587]}},{"type":"Feature","properties":{"NUMER_PORZ":"3","KOD_POCZT":"32-031","NAZWA_ULC":"Kąty","NAZWA_GMI":"Mogilany","NAZWA_MSC":"Włosań","odleglosc_m":95.4,"strefa":"50-200 m","warstwa":"adresy"},"geometry":{"type":"Point","coordinates":[19.902293,49.911343]}},{"type":"Feature","properties":{"NUMER_PORZ":"4","KOD_POCZT":"32-031","NAZWA_ULC":"Kąty","NAZWA_GMI":"Mogilany","NAZWA_MSC":"Włosań","odleglosc_m":154.2,"strefa":"50-200 m","warstwa":"adresy"},"geometry":{"type":"Point","coordinates":[19.901728,49.911818]}},{"type":"Feature","properties":{"NUMER_PORZ":"2","KOD_POCZT":"32-031","NAZWA_ULC":"Kąty","NAZWA_GMI":"Mogilany","NAZWA_MSC":"Włosań","odleglosc_m":182.8,"strefa":"50-200 m","warstwa":"adresy"},"geometry":{"type":"Point","coordinates":[19.901539,49.912059]}},{"type":"Feature","properties":{"NUMER_PORZ":"5","KOD_POCZT":"32-031","NAZWA_ULC":"Kąty","NAZWA_GMI":"Mogilany","NAZWA_MSC":"Włosań","odleglosc_m":5.4,"strefa":"0-20 m","warstwa":"adresy"},"geometry":{"type":"Point","coordinates":[19.902199,49.910512]}},{"type":"Feature","properties":{"NUMER_PORZ":"14","KOD_POCZT":"32-031","NAZWA_ULC":"Kampinos","NAZWA_GMI":"Mogilany","NAZWA_MSC":"Włosań","odleglosc_m":97.7,"strefa":"50-200 m","warstwa":"adresy"},"geometry":{"type":"Point","coordinates":[19.90667,49.909747]}},{"type":"Feature","properties":{"NUMER_PORZ":"6","KOD_POCZT":"32-031","NAZWA_ULC":"Kąty","NAZWA_GMI":"Mogilany","NAZWA_MSC":"Włosań","odleglosc_m":169.1,"strefa":"50-200 m","warstwa":"adresy"},"geometry":{"type":"Point","coordinates":[19.901142,49.911895]}},{"type":"Feature","properties":{"NUMER_PORZ":"5","KOD_POCZT":"32-031","NAZWA_ULC":"Kampinos","NAZWA_GMI":"Mogilany","NAZWA_MSC":"Włosań","odleglosc_m":116.6,"strefa":"50-200 m","warstwa":"adresy"},"geometry":{"type":"Point","coordinates":[19.903157,49.911653]}},{"type":"Feature","properties":{"NUMER_PORZ":"6","KOD_POCZT":"32-031","NAZWA_ULC":"Kampinos","NAZWA_GMI":"Mogilany","NAZWA_MSC":"Włosań","odleglosc_m":89.6,"strefa":"50-200 m","warstwa":"adresy"},"geometry":{"type":"Point","coordinates":[19.902791,49.911352]}},{"type":"Feature","properties":{"NUMER_PORZ":"10","KOD_POCZT":"32-031","NAZWA_ULC":"Kampinos","NAZWA_GMI":"Mogilany","NAZWA_MSC":"Włosań","odleglosc_m":101.3,"strefa":"50-200 m","warstwa":"adresy"},"geometry":{"type":"Point","coordinates":[19.905324,49.909402]}},{"type":"Feature","properties":{"NUMER_PORZ":"5A","KOD_POCZT":"32-031","NAZWA_ULC":"Kampinos","NAZWA_GMI":"Mogilany","NAZWA_MSC":"Włosań","odleglosc_m":48.1,"strefa":"30-50 m","warstwa":"adresy"},"geometry":{"type":"Point","coordinates":[19.903675,49.911095]}},{"type":"Feature","properties":{"NUMER_PORZ":"5B","KOD_POCZT":"32-031","NAZWA_ULC":"Kampinos","NAZWA_GMI":"Mogilany","NAZWA_MSC":"Włosań","odleglosc_m":81.3,"strefa":"50-200 m","warstwa":"adresy"},"geometry":{"type":"Point","coordinates":[19.903405,49.911363]}},{"type":"Feature","properties":{"NUMER_PORZ":"7","KOD_POCZT":"32-031","NAZWA_ULC":"Kampinos","NAZWA_GMI":"Mogilany","NAZWA_MSC":"Włosań","odleglosc_m":13.5,"strefa":"0-20 m","warstwa":"adresy"},"geometry":{"type":"Point","coordinates":[19.905769,49.910433]}},{"type":"Feature","properties":{"NUMER_PORZ":"20","KOD_POCZT":"32-031","NAZWA_ULC":"Brzozowa","NAZWA_GMI":"Mogilany","NAZWA_MSC":"Włosań","odleglosc_m":31.6,"strefa":"30-50 m","warstwa":"adresy"},"geometry":{"type":"Point","coordinates":[19.914229,49.912269]}},{"type":"Feature","properties":{"NUMER_PORZ":"9","KOD_POCZT":"32-031","NAZWA_ULC":"Kampinos","NAZWA_GMI":"Mogilany","NAZWA_MSC":"Włosań","odleglosc_m":118.3,"strefa":"50-200 m","warstwa":"adresy"},"geometry":{"type":"Point","coordinates":[19.906251,49.909499]}},{"type":"Feature","properties":{"NUMER_PORZ":"11","KOD_POCZT":"32-031","NAZWA_ULC":"Kampinos","NAZWA_GMI":"Mogilany","NAZWA_MSC":"Włosań","odleglosc_m":154.1,"strefa":"50-200 m","warstwa":"adresy"},"geometry":{"type":"Point","coordinates":[19.906611,49.909206]}},{"type":"Feature","properties":{"NUMER_PORZ":"11A","KOD_POCZT":"32-031","NAZWA_ULC":"Kampinos","NAZWA_GMI":"Mogilany","NAZWA_MSC":"Włosań","odleglosc_m":184.2,"strefa":"50-200 m","warstwa":"adresy"},"geometry":{"type":"Point","coordinates":[19.906927,49.908981]}},{"type":"Feature","properties":{"NUMER_PORZ":"21","KOD_POCZT":"32-031","NAZWA_ULC":"Kamienna","NAZWA_GMI":"Mogilany","NAZWA_MSC":"Włosań","odleglosc_m":109.9,"strefa":"50-200 m","warstwa":"adresy"},"geometry":{"type":"Point","coordinates":[19.911851,49.910955]}},{"type":"Feature","properties":{"NUMER_PORZ":"15","KOD_POCZT":"32-031","NAZWA_ULC":"Kamienna","NAZWA_GMI":"Mogilany","NAZWA_MSC":"Włosań","odleglosc_m":13.8,"strefa":"0-20 m","warstwa":"adresy"},"geometry":{"type":"Point","coordinates":[19.910565,49.912166]}},{"type":"Feature","properties":{"NUMER_PORZ":"11","KOD_POCZT":"32-031","NAZWA_ULC":"Kamienna","NAZWA_GMI":"Mogilany","NAZWA_MSC":"Włosań","odleglosc_m":18.5,"strefa":"0-20 m","warstwa":"adresy"},"geometry":{"type":"Point","coordinates":[19.91015,49.912119]}},{"type":"Feature","properties":{"NUMER_PORZ":"18","KOD_POCZT":"32-031","NAZWA_ULC":"Kamienna","NAZWA_GMI":"Mogilany","NAZWA_MSC":"Włosań","odleglosc_m":0.0,"strefa":"w śladzie","warstwa":"adresy"},"geometry":{"type":"Point","coordinates":[19.90968,49.911802]}},{"type":"Feature","properties":{"NUMER_PORZ":"8","KOD_POCZT":"32-031","NAZWA_ULC":"Kamienna","NAZWA_GMI":"Mogilany","NAZWA_MSC":"Włosań","odleglosc_m":111.8,"strefa":"50-200 m","warstwa":"adresy"},"geometry":{"type":"Point","coordinates":[19.905885,49.912048]}},{"type":"Feature","properties":{"NUMER_PORZ":"17","KOD_POCZT":"32-031","NAZWA_ULC":"Kamienna","NAZWA_GMI":"Mogilany","NAZWA_MSC":"Włosań","odleglosc_m":16.1,"strefa":"0-20 m","warstwa":"adresy"},"geometry":{"type":"Point","coordinates":[19.910994,49.911646]}},{"type":"Feature","properties":{"NUMER_PORZ":"67","KOD_POCZT":"32-031","NAZWA_ULC":"Królowej Polski","NAZWA_GMI":"Mogilany","NAZWA_MSC":"Włosań","odleglosc_m":182.0,"strefa":"50-200 m","warstwa":"adresy"},"geometry":{"type":"Point","coordinates":[19.899571,49.911876]}},{"type":"Feature","properties":{"NUMER_PORZ":"12","KOD_POCZT":"32-031","NAZWA_ULC":"Wspólna","NAZWA_GMI":"Mogilany","NAZWA_MSC":"Włosań","odleglosc_m":88.2,"strefa":"50-200 m","warstwa":"adresy"},"geometry":{"type":"Point","coordinates":[19.915524,49.914385]}},{"type":"Feature","properties":{"NUMER_PORZ":"18","KOD_POCZT":"32-031","NAZWA_ULC":"Wspólna","NAZWA_GMI":"Mogilany","NAZWA_MSC":"Włosań","odleglosc_m":0.0,"strefa":"nad tunelem","warstwa":"adresy"},"geometry":{"type":"Point","coordinates":[19.917515,49.91369]}},{"type":"Feature","properties":{"NUMER_PORZ":"26","KOD_POCZT":"32-031","NAZWA_ULC":"Wspólna","NAZWA_GMI":"Mogilany","NAZWA_MSC":"Włosań","odleglosc_m":130.6,"strefa":"50-200 m","warstwa":"adresy"},"geometry":{"type":"Point","coordinates":[19.919177,49.912596]}},{"type":"Feature","properties":{"NUMER_PORZ":"15","KOD_POCZT":"32-400","NAZWA_ULC":"Podleśna","NAZWA_GMI":"Myślenice","NAZWA_MSC":"Jawornik","odleglosc_m":193.4,"strefa":"50-200 m","warstwa":"adresy"},"geometry":{"type":"Point","coordinates":[19.920455,49.848087]}},{"type":"Feature","properties":{"NUMER_PORZ":"13","KOD_POCZT":"32-400","NAZWA_ULC":"Podleśna","NAZWA_GMI":"Myślenice","NAZWA_MSC":"Jawornik","odleglosc_m":177.0,"strefa":"50-200 m","warstwa":"adresy"},"geometry":{"type":"Point","coordinates":[19.92074,49.848073]}},{"type":"Feature","properties":{"NUMER_PORZ":"69","KOD_POCZT":"32-040","NAZWA_ULC":"Franciszka Bielowicza","NAZWA_GMI":"Świątniki Górne","NAZWA_MSC":"Świątniki Górne","odleglosc_m":187.7,"strefa":"50-200 m","warstwa":"adresy"},"geometry":{"type":"Point","coordinates":[19.967445,49.934345]}},{"type":"Feature","properties":{"NUMER_PORZ":"61A","KOD_POCZT":"32-040","NAZWA_ULC":"Szewska","NAZWA_GMI":"Świątniki Górne","NAZWA_MSC":"Rzeszotary","odleglosc_m":196.3,"strefa":"50-200 m","warstwa":"adresy"},"geometry":{"type":"Point","coordinates":[19.979711,49.947473]}},{"type":"Feature","properties":{"NUMER_PORZ":"44","KOD_POCZT":"32-040","NAZWA_ULC":"Kulerzówka","NAZWA_GMI":"Świątniki Górne","NAZWA_MSC":"Olszowice","odleglosc_m":0.0,"strefa":"nad tunelem","warstwa":"adresy"},"geometry":{"type":"Point","coordinates":[19.919769,49.914362]}}]}