{"type":"FeatureCollection","features":[{"type":"Feature","properties":{"rodzaj":"powierzchnia","warstwa":"korytarz"},"geometry":{"type":"Polygon","coordinates":[[[19.922293,49.812864],[19.922333,49.812979],[19.922333,49.812986],[19.92241,49.813082],[19.922411,49.813107],[19.922432,49.813131],[19.922443,49.813164],[19.92243,49.813165],[19.922435,49.813171],[19.92245,49.813166],[19.922467,49.813187],[19.922452,49.813192],[19.922489,49.813237],[19.922489,49.813241],[19.92263,49.813399],[19.922635,49.813416],[19.92268,49.813459],[19.922697,49.813505],[19.922707,49.813514],[19.922714,49.813525],[19.922743,49.813543],[19.922789,49.813582],[19.922817,49.813609],[19.922841,49.813636],[19.922874,49.813687],[19.922882,49.813705],[19.922938,49.81375],[19.922965,49.813795],[19.923044,49.813851],[19.923089,49.813905],[19.923119,49.81392],[19.923179,49.813966],[19.923203,49.813979],[19.923363,49.814091],[19.92356,49.814198],[19.923574,49.814206],[19.923921,49.814415],[19.923935,49.814424],[19.924197,49.814601],[19.924332,49.814693],[19.924339,49.814698],[19.924576,49.814869],[19.925435,49.815411],[19.925441,49.815415],[19.925739,49.815612],[19.92575,49.815622],[19.925765,49.815628],[19.926077,49.815832],[19.926098,49.815852],[19.926112,49.815859],[19.92615,49.815889],[19.926174,49.815899],[19.926275,49.81596],[19.926384,49.816106],[19.926313,49.816261],[19.926273,49.816295],[19.926239,49.816372],[19.92624,49.816374],[19.9263,49.816434],[19.926349,49.816446],[19.926398,49.816445],[19.926503,49.816416],[19.926549,49.816388],[19.926928,49.816343],[19.927,49.816364],[19.927088,49.816402],[19.927159,49.816427],[19.927202,49.816451],[19.92725,49.816469],[19.927302,49.816501],[19.927785,49.816737],[19.928294,49.816976],[19.92879,49.817193],[19.929141,49.817335],[19.929245,49.817374],[19.929702,49.817546],[19.93046,49.817817],[19.933027,49.818686],[19.933033,49.818689],[19.933955,49.819016],[19.933961,49.819018],[19.934034,49.819045],[19.934138,49.819104],[19.934174,49.819135],[19.934216,49.819183],[19.934352,49.819203],[19.934352,49.819203],[19.934515,49.819228],[19.934981,49.819418],[19.935001,49.819427],[19.935253,49.819547],[19.93532,49.819571],[19.935356,49.819586],[19.935415,49.819615],[19.935441,49.819633],[19.9355,49.819656],[19.93551,49.819661],[19.935597,49.819693],[19.935636,49.819717],[19.935678,49.819733],[19.935723,49.819754],[19.93583,49.819811],[19.935997,49.819881],[19.936041,49.819903],[19.936084,49.819928],[19.93627,49.820012],[19.936291,49.820023],[19.936758,49.820272],[19.93677,49.820279],[19.937477,49.820691],[19.937485,49.820696],[19.937631,49.820787],[19.937671,49.820817],[19.937702,49.820844],[19.937752,49.820869],[19.937788,49.82089],[19.938074,49.821079],[19.938095,49.821095],[19.938202,49.82118],[19.938222,49.82125],[19.93823,49.821248],[19.938246,49.821243],[19.938307,49.821334],[19.938384,49.821388],[19.938388,49.821384],[19.938495,49.82143],[19.938568,49.821471],[19.938606,49.8215],[19.938626,49.821516],[19.938709,49.821592],[19.938727,49.82161],[19.938802,49.821695],[19.938947,49.821799],[19.93898,49.821827],[19.939126,49.821972],[19.939224,49.822055],[19.939404,49.822169],[19.939444,49.822189],[19.939495,49.82222],[19.939597,49.822295],[19.939618,49.822313],[19.939901,49.822569],[19.939913,49.822581],[19.940446,49.823134],[19.940459,49.82315],[19.940522,49.823228],[19.940554,49.823289],[19.940567,49.823331],[19.94059,49.823372],[19.940616,49.8234],[19.940661,49.823477],[19.940674,49.823524],[19.940749,49.823563],[19.940824,49.823618],[19.94085,49.823645],[19.940902,49.823775],[19.940832,49.823901],[19.940804,49.823925],[19.940805,49.823949],[19.940803,49.823987],[19.940819,49.824017],[19.940866,49.824074],[19.940908,49.824104],[19.940913,49.824106],[19.941009,49.824108],[19.941015,49.824109],[19.941036,49.824106],[19.941255,49.824118],[19.941418,49.824213],[19.941895,49.824751],[19.942155,49.825002],[19.942303,49.825124],[19.942533,49.825295],[19.94276,49.825448],[19.942959,49.82557],[19.94324,49.825718],[19.943405,49.825784],[19.943505,49.825859],[19.943602,49.825922],[19.943715,49.825972],[19.944046,49.826099],[19.944517,49.826248],[19.944535,49.826254],[19.944981,49.826382],[19.944992,49.826385],[19.94633,49.826805],[19.946348,49.826811],[19.946573,49.826893],[19.946693,49.826927],[19.946712,49.826933],[19.947187,49.827091],[19.947211,49.8271],[19.947351,49.827157],[19.947601,49.82723],[19.947617,49.827235],[19.948205,49.827432],[19.948225,49.827439],[19.949187,49.827813],[19.949252,49.827846],[19.949324,49.827892],[19.949453,49.827953],[19.949474,49.827963],[19.949789,49.828136],[19.949817,49.828153],[19.950135,49.82837],[19.950152,49.828383],[19.950403,49.828583],[19.950421,49.828598],[19.950685,49.828849],[19.9507,49.828865],[19.950786,49.828963],[19.950798,49.828977],[19.95094,49.829172],[19.950956,49.829196],[19.951062,49.829399],[19.95107,49.829416],[19.951176,49.829688],[19.951184,49.829712],[19.951252,49.83003],[19.951255,49.830052],[19.951265,49.830206],[19.951265,49.83022],[19.951258,49.830443],[19.951256,49.83046],[19.951221,49.830701],[19.951218,49.830715],[19.951183,49.83086],[19.95118,49.830871],[19.951048,49.831284],[19.951042,49.831299],[19.950763,49.831949],[19.950753,49.831969],[19.950505,49.832394],[19.950494,49.832411],[19.950385,49.832558],[19.950241,49.832805],[19.950166,49.832961],[19.950164,49.832961],[19.950184,49.833084],[19.950154,49.833087],[19.950202,49.833185],[19.949758,49.834184],[19.949635,49.834484],[19.949514,49.834558],[19.949517,49.834559],[19.949409,49.834666],[19.949348,49.834879],[19.949318,49.835023],[19.9493,49.835071],[19.94929,49.835089],[19.949266,49.835206],[19.949224,49.835411],[19.949219,49.83543],[19.94915,49.835631],[19.949141,49.835683],[19.949125,49.83573],[19.949065,49.835844],[19.949021,49.836002],[19.949009,49.836033],[19.948971,49.836107],[19.948941,49.836205],[19.948937,49.836217],[19.948778,49.836619],[19.948776,49.836626],[19.948652,49.836903],[19.948635,49.836933],[19.9486,49.836984],[19.948573,49.837045],[19.948552,49.83708],[19.948512,49.837133],[19.948452,49.837247],[19.948439,49.837267],[19.948238,49.837553],[19.948229,49.837565],[19.948075,49.837755],[19.947987,49.837824],[19.947908,49.837866],[19.947884,49.837885],[19.947867,49.837906],[19.94784,49.837966],[19.947804,49.838019],[19.947634,49.838202],[19.947607,49.838227],[19.94754,49.838281],[19.947321,49.838505],[19.947306,49.83852],[19.947195,49.838615],[19.946798,49.838993],[19.946658,49.839155],[19.94665,49.839164],[19.946474,49.839349],[19.946466,49.839356],[19.945965,49.839838],[19.945952,49.839851],[19.945396,49.840314],[19.945378,49.840327],[19.945186,49.840464],[19.945176,49.84047],[19.94472,49.840768],[19.944691,49.840785],[19.944259,49.841011],[19.944232,49.841024],[19.943904,49.841164],[19.943888,49.84117],[19.943379,49.841363],[19.943323,49.84138],[19.943171,49.841417],[19.94295,49.841481],[19.942921,49.841488],[19.942312,49.841623],[19.942285,49.841628],[19.941914,49.841689],[19.941899,49.841691],[19.941548,49.841738],[19.941533,49.84174],[19.941142,49.84178],[19.941131,49.841782],[19.940393,49.841842],[19.940382,49.841843],[19.93967,49.841886],[19.939354,49.841914],[19.939305,49.841916],[19.939224,49.841915],[19.93899,49.841935],[19.938961,49.841937],[19.938813,49.841942],[19.938656,49.84196],[19.938631,49.841961],[19.938559,49.841963],[19.938323,49.841948],[19.937867,49.841955],[19.93752,49.841974],[19.936009,49.842092],[19.93587,49.842114],[19.935835,49.842118],[19.934745,49.842212],[19.93416,49.84228],[19.934121,49.842289],[19.934017,49.8423],[19.933772,49.842303],[19.933665,49.842311],[19.9334,49.842345],[19.9333,49.842368],[19.933223,49.842379],[19.931993,49.842467],[19.931223,49.84254],[19.930523,49.842636],[19.929977,49.842741],[19.929677,49.842814],[19.92933,49.842914],[19.928994,49.843029],[19.928672,49.843159],[19.928382,49.843293],[19.928089,49.843449],[19.927813,49.843617],[19.92754,49.843808],[19.927302,49.843999],[19.927084,49.844202],[19.926922,49.844384],[19.926922,49.844384],[19.926794,49.844527],[19.926559,49.84486],[19.926354,49.845223],[19.92618,49.845599],[19.925693,49.846885],[19.92569,49.846892],[19.925505,49.847321],[19.925498,49.847334],[19.925332,49.84764],[19.925323,49.847655],[19.925169,49.847887],[19.925159,49.8479],[19.924981,49.848126],[19.92497,49.848138],[19.924839,49.84828],[19.924839,49.84828],[19.924769,49.848356],[19.924757,49.848368],[19.924535,49.848577],[19.924521,49.848589],[19.924279,49.848787],[19.924264,49.848799],[19.924001,49.848987],[19.923987,49.848997],[19.923752,49.849147],[19.92374,49.849154],[19.923448,49.849324],[19.923434,49.849332],[19.922671,49.84973],[19.92259,49.849757],[19.922594,49.84976],[19.922363,49.849864],[19.921969,49.850058],[19.921917,49.850079],[19.921825,49.850109],[19.921792,49.850127],[19.921735,49.850151],[19.921484,49.850237],[19.921235,49.850391],[19.921212,49.850404],[19.921116,49.850453],[19.921067,49.85049],[19.921006,49.850527],[19.920911,49.85057],[19.92064,49.850751],[19.920589,49.850779],[19.92046,49.850838],[19.920213,49.850972],[19.92018,49.850987],[19.920041,49.851046],[19.919821,49.851168],[19.919775,49.85119],[19.919641,49.851242],[19.919446,49.851338],[19.919271,49.851429],[19.919184,49.851481],[19.919137,49.851505],[19.919043,49.851546],[19.918785,49.851684],[19.918773,49.85169],[19.917695,49.852214],[19.916519,49.852806],[19.916285,49.852952],[19.916274,49.852959],[19.915682,49.853297],[19.915445,49.853446],[19.915431,49.853454],[19.915398,49.853473],[19.915138,49.853621],[19.914611,49.853966],[19.914574,49.853987],[19.914497,49.854025],[19.914361,49.854127],[19.914339,49.854142],[19.914048,49.854323],[19.913916,49.854413],[19.913898,49.854431],[19.913851,49.854466],[19.913666,49.85458],[19.913525,49.854686],[19.913507,49.854698],[19.913381,49.854779],[19.913282,49.854859],[19.913239,49.854888],[19.913211,49.854904],[19.91311,49.854982],[19.912974,49.855121],[19.912955,49.855139],[19.912757,49.855302],[19.912747,49.85531],[19.911672,49.856122],[19.911662,49.85613],[19.911387,49.856319],[19.911311,49.856383],[19.911285,49.856402],[19.911209,49.856453],[19.911146,49.856508],[19.911131,49.85652],[19.91108,49.856558],[19.910621,49.856902],[19.910474,49.857032],[19.91046,49.857043],[19.910322,49.85715],[19.909944,49.857497],[19.909696,49.857763],[19.909565,49.857934],[19.909558,49.857943],[19.909363,49.858171],[19.909312,49.858254],[19.909293,49.858281],[19.909272,49.858304],[19.909256,49.858353],[19.909236,49.858394],[19.909137,49.858541],[19.909081,49.858655],[19.909063,49.858683],[19.909018,49.858744],[19.909002,49.858789],[19.908982,49.858827],[19.908921,49.858919],[19.908834,49.859169],[19.908804,49.859298],[19.908776,49.859458],[19.908741,49.859857],[19.908763,49.860145],[19.908762,49.860176],[19.908755,49.86023],[19.908759,49.860302],[19.908799,49.860564],[19.90895,49.861077],[19.909074,49.861364],[19.909146,49.861497],[19.909151,49.861505],[19.909452,49.862134],[19.909598,49.862368],[19.909612,49.862394],[19.909641,49.862465],[19.909684,49.862515],[19.909693,49.862525],[19.909709,49.862546],[19.909858,49.862774],[19.909862,49.862779],[19.910169,49.863286],[19.910184,49.863318],[19.910213,49.863398],[19.910198,49.863528],[19.910148,49.863614],[19.910144,49.863626],[19.910141,49.863666],[19.91028,49.864285],[19.910283,49.864302],[19.910308,49.864538],[19.910303,49.864592],[19.910274,49.864698],[19.910272,49.864727],[19.910274,49.864742],[19.910304,49.864792],[19.910328,49.864877],[19.910326,49.864943],[19.910343,49.865008],[19.910348,49.865031],[19.910359,49.865142],[19.910355,49.865197],[19.910214,49.865704],[19.910211,49.865712],[19.910065,49.866141],[19.910062,49.86618],[19.910064,49.866189],[19.910092,49.866246],[19.910106,49.866336],[19.910087,49.86645],[19.910081,49.866476],[19.909974,49.866784],[19.909937,49.866846],[19.909767,49.867039],[19.90962,49.867326],[19.909545,49.86754],[19.909443,49.867884],[19.909439,49.867896],[19.909204,49.868508],[19.909069,49.868983],[19.909065,49.868994],[19.908845,49.869598],[19.908842,49.869605],[19.908595,49.870196],[19.908588,49.87021],[19.908432,49.870506],[19.908421,49.870524],[19.908295,49.87071],[19.90822,49.87078],[19.908151,49.870824],[19.908139,49.870845],[19.908138,49.870848],[19.908104,49.870924],[19.907952,49.871124],[19.907694,49.871528],[19.90758,49.871708],[19.907571,49.87172],[19.907246,49.872154],[19.907242,49.872159],[19.906841,49.872659],[19.90678,49.872755],[19.906771,49.872768],[19.906569,49.873034],[19.906478,49.873184],[19.906449,49.873221],[19.906417,49.873254],[19.906355,49.873361],[19.906344,49.873378],[19.906172,49.873613],[19.906167,49.87362],[19.905821,49.874051],[19.90581,49.874064],[19.905702,49.874181],[19.905589,49.874324],[19.905501,49.874395],[19.905471,49.874411],[19.905424,49.874461],[19.905379,49.874552],[19.905362,49.874581],[19.904934,49.875159],[19.90476,49.875416],[19.904676,49.875556],[19.904652,49.875611],[19.90463,49.87565],[19.904474,49.87586],[19.904441,49.875895],[19.904034,49.876255],[19.904023,49.876264],[19.903868,49.876387],[19.903847,49.876402],[19.903468,49.876654],[19.903458,49.876661],[19.903046,49.876912],[19.903026,49.876924],[19.902799,49.877042],[19.902784,49.87705],[19.902373,49.877242],[19.902302,49.877282],[19.902261,49.877302],[19.902151,49.877348],[19.902094,49.877367],[19.902037,49.877382],[19.901435,49.877588],[19.90142,49.877593],[19.900909,49.877748],[19.900895,49.877752],[19.900576,49.877838],[19.900511,49.877863],[19.900428,49.877886],[19.900409,49.87789],[19.900328,49.877925],[19.90026,49.877948],[19.899932,49.878029],[19.899859,49.878055],[19.899832,49.878063],[19.899453,49.878169],[19.899437,49.878173],[19.898596,49.878377],[19.898154,49.878491],[19.897939,49.878554],[19.897909,49.878562],[19.897583,49.878635],[19.897573,49.878637],[19.897548,49.878641],[19.897395,49.878664],[19.897368,49.878671],[19.897268,49.87871],[19.897206,49.878728],[19.896719,49.878839],[19.896431,49.878913],[19.895865,49.879081],[19.895782,49.879097],[19.895682,49.879109],[19.895132,49.879248],[19.892654,49.879894],[19.89265,49.879895],[19.891709,49.880132],[19.891701,49.880134],[19.891056,49.880284],[19.891047,49.880286],[19.890348,49.880436],[19.889905,49.880542],[19.889799,49.880576],[19.889744,49.880591],[19.889361,49.880667],[19.889305,49.880678],[19.888477,49.880861],[19.888124,49.880953],[19.887702,49.881076],[19.887606,49.881111],[19.887578,49.881121],[19.887106,49.881261],[19.886979,49.88131],[19.886952,49.881319],[19.886499,49.881461],[19.886432,49.881477],[19.88625,49.881506],[19.886008,49.881557],[19.885983,49.881562],[19.885573,49.881626],[19.884554,49.881836],[19.884162,49.881931],[19.884086,49.881944],[19.884047,49.881947],[19.883992,49.881966],[19.883966,49.882021],[19.883971,49.882066],[19.883792,49.882198],[19.883715,49.882222],[19.883126,49.882405],[19.882474,49.882627],[19.882049,49.882783],[19.881336,49.88307],[19.881048,49.883094],[19.880943,49.883073],[19.880917,49.883079],[19.880429,49.883457],[19.880416,49.883467],[19.880299,49.883548],[19.880191,49.883598],[19.879867,49.883694],[19.879752,49.88374],[19.879623,49.883809],[19.879397,49.883971],[19.879009,49.884308],[19.878939,49.884354],[19.878838,49.884403],[19.878707,49.884443],[19.878694,49.884445],[19.878628,49.884466],[19.878583,49.884493],[19.878499,49.884561],[19.878423,49.884638],[19.878345,49.884752],[19.878212,49.884851],[19.878068,49.88491],[19.878021,49.884926],[19.877857,49.884972],[19.87781,49.885002],[19.877701,49.885088],[19.87763,49.885163],[19.87756,49.885217],[19.877387,49.885314],[19.876884,49.885639],[19.8767,49.885791],[19.876512,49.885966],[19.876194,49.886299],[19.875934,49.886614],[19.875736,49.886905],[19.875692,49.886985],[19.875596,49.887221],[19.875549,49.887379],[19.87554,49.887403],[19.875491,49.887505],[19.875457,49.887696],[19.875449,49.887796],[19.875458,49.887991],[19.875467,49.888022],[19.875504,49.888095],[19.875516,49.888127],[19.875543,49.888231],[19.875506,49.888376],[19.875428,49.888468],[19.875419,49.888484],[19.875385,49.88859],[19.875369,49.888625],[19.875348,49.88866],[19.87534,49.888687],[19.875341,49.888718],[19.87531,49.888815],[19.875231,49.888926],[19.875216,49.888993],[19.87522,49.889042],[19.875159,49.88918],[19.875072,49.889261],[19.874891,49.889546],[19.874791,49.889775],[19.874639,49.890121],[19.874615,49.890308],[19.874616,49.890341],[19.874639,49.890402],[19.874706,49.890526],[19.874665,49.890726],[19.874565,49.890821],[19.87442,49.891017],[19.874313,49.89122],[19.874248,49.891402],[19.874211,49.891599],[19.874209,49.891802],[19.874269,49.892166],[19.874256,49.892256],[19.874149,49.89248],[19.874043,49.892787],[19.874019,49.892937],[19.874013,49.892964],[19.873926,49.893214],[19.873862,49.893468],[19.873859,49.893477],[19.873775,49.893737],[19.873715,49.89404],[19.873697,49.894087],[19.873646,49.89418],[19.873601,49.894384],[19.873596,49.894404],[19.873539,49.894559],[19.873529,49.894649],[19.873523,49.894675],[19.873461,49.894874],[19.873389,49.895189],[19.873384,49.895203],[19.87327,49.895543],[19.873141,49.895987],[19.873046,49.896103],[19.872918,49.896148],[19.872876,49.896189],[19.872476,49.897513],[19.872475,49.897516],[19.872119,49.898615],[19.872118,49.898618],[19.872058,49.898793],[19.872058,49.898793],[19.871455,49.900544],[19.871145,49.901488],[19.870928,49.902198],[19.870731,49.902907],[19.870507,49.903864],[19.870374,49.904593],[19.870307,49.905077],[19.870259,49.905556],[19.870224,49.906296],[19.870242,49.907028],[19.87033,49.907803],[19.870358,49.908041],[19.870578,49.90903],[19.870753,49.90956],[19.870761,49.909611],[19.87076,49.909643],[19.870764,49.909661],[19.87077,49.909666],[19.870811,49.909734],[19.870913,49.910037],[19.871342,49.910997],[19.87188,49.91195],[19.872529,49.912891],[19.873267,49.913786],[19.874086,49.914634],[19.875009,49.915457],[19.875484,49.915839],[19.875982,49.916214],[19.876491,49.916575],[19.876757,49.916752],[19.876757,49.916752],[19.877279,49.917098],[19.879226,49.9183],[19.879753,49.918591],[19.879843,49.918629],[19.879876,49.918646],[19.880084,49.918759],[19.880442,49.918922],[19.880499,49.918954],[19.880544,49.918986],[19.881127,49.919282],[19.88146,49.919446],[19.881783,49.919593],[19.881796,49.919599],[19.882704,49.920056],[19.884422,49.920901],[19.884422,49.9209],[19.885965,49.921661],[19.886018,49.921693],[19.886272,49.921885],[19.88633,49.921917],[19.886403,49.921945],[19.886455,49.92197],[19.88685,49.922194],[19.887254,49.922408],[19.88757,49.922526],[19.887599,49.922538],[19.887688,49.92258],[19.887704,49.922587],[19.887772,49.922623],[19.887816,49.92265],[19.88792,49.922728],[19.887927,49.922731],[19.887971,49.922747],[19.888116,49.922782],[19.888183,49.922804],[19.888221,49.92282],[19.888329,49.922892],[19.888388,49.922954],[19.888476,49.922999],[19.888725,49.923081],[19.888784,49.923105],[19.888892,49.923161],[19.889417,49.923362],[19.88945,49.923377],[19.89093,49.924105],[19.890968,49.924127],[19.891747,49.924639],[19.891953,49.924762],[19.89231,49.924946],[19.89263,49.925075],[19.893087,49.925218],[19.893162,49.925251],[19.893786,49.925599],[19.893807,49.925618],[19.893884,49.92569],[19.89394,49.925787],[19.893968,49.925823],[19.894051,49.925888],[19.894084,49.925905],[19.894267,49.92596],[19.894319,49.925979],[19.894689,49.926146],[19.894737,49.926172],[19.895293,49.926534],[19.895304,49.926542],[19.895822,49.926912],[19.895873,49.926959],[19.896369,49.927577],[19.896493,49.927708],[19.896611,49.927815],[19.896754,49.927925],[19.897284,49.928279],[19.897299,49.92829],[19.897403,49.928369],[19.897453,49.928395],[19.897486,49.928407],[19.897614,49.928483],[19.897709,49.928578],[19.89772,49.92859],[19.898214,49.929156],[19.898238,49.92919],[19.898376,49.929436],[19.89852,49.929649],[19.898619,49.929796],[19.898627,49.929808],[19.898683,49.929908],[19.898815,49.930043],[19.899126,49.930327],[19.899137,49.930337],[19.899256,49.93046],[19.899266,49.930471],[19.899496,49.93074],[19.899539,49.930848],[19.89954,49.930975],[19.899539,49.930994],[19.899514,49.931202],[19.899537,49.931228],[19.89958,49.93133],[19.899584,49.931427],[19.899595,49.931455],[19.899624,49.931502],[19.899656,49.931535],[19.899712,49.931575],[19.899757,49.931615],[19.899836,49.931705],[19.899848,49.93172],[19.900068,49.932019],[19.900101,49.932104],[19.900129,49.93248],[19.900176,49.932792],[19.900198,49.932838],[19.900317,49.932968],[19.900348,49.933105],[19.900349,49.933108],[19.900351,49.933109],[19.900402,49.933289],[19.900383,49.933339],[19.900379,49.933377],[19.900395,49.93348],[19.900397,49.933502],[19.900398,49.933662],[19.900397,49.933676],[19.900358,49.934092],[19.900353,49.934109],[19.900359,49.934114],[19.900512,49.934154],[19.90062,49.9343],[19.900653,49.934563],[19.900698,49.934926],[19.900699,49.934931],[19.90079,49.935934],[19.90079,49.935937],[19.900977,49.938442],[19.900885,49.938557],[19.900887,49.938558],[19.900878,49.938574],[19.900849,49.938601],[19.900841,49.938612],[19.90084,49.938616],[19.900829,49.93865],[19.900884,49.938797],[19.900939,49.938912],[19.900994,49.938997],[19.901022,49.939075],[19.901028,49.93917],[19.901025,49.939211],[19.901007,49.939292],[19.901001,49.939314],[19.900945,49.939459],[19.900924,49.939593],[19.900921,49.939733],[19.90092,49.939745],[19.900877,49.940147],[19.900862,49.940443],[19.900871,49.940647],[19.900963,49.940984],[19.90103,49.941118],[19.90104,49.941145],[19.901056,49.941198],[19.901109,49.941282],[19.901121,49.941305],[19.901294,49.94169],[19.901378,49.94185],[19.90142,49.941908],[19.901451,49.941993],[19.901453,49.942034],[19.901449,49.942077],[19.901431,49.942154],[19.90144,49.942414],[19.901487,49.942587],[19.901576,49.942846],[19.901696,49.943099],[19.901862,49.94337],[19.902005,49.943549],[19.902004,49.943549],[19.902164,49.943748],[19.902385,49.943987],[19.902514,49.944108],[19.902611,49.944167],[19.90264,49.944188],[19.902773,49.944292],[19.902844,49.944388],[19.902873,49.944478],[19.902919,49.944547],[19.903056,49.944692],[19.903226,49.944834],[19.903254,49.944862],[19.903457,49.9451],[19.903568,49.945208],[19.903595,49.945239],[19.903743,49.945449],[19.90384,49.945566],[19.903858,49.945591],[19.903918,49.945691],[19.904038,49.945815],[19.904106,49.94584],[19.90418,49.945878],[19.904393,49.946019],[19.904624,49.946143],[19.904667,49.94617],[19.90483,49.946294],[19.905039,49.94642],[19.905058,49.946432],[19.905203,49.946535],[19.905249,49.946575],[19.905331,49.946668],[19.905363,49.946695],[19.905527,49.946802],[19.905818,49.946945],[19.905844,49.946959],[19.906237,49.947194],[19.906248,49.947201],[19.906607,49.947435],[19.906618,49.947443],[19.906785,49.947562],[19.907097,49.947761],[19.908056,49.948299],[19.908451,49.948508],[19.908763,49.948658],[19.908817,49.948691],[19.909177,49.948958],[19.909573,49.949213],[19.910214,49.949537],[19.91025,49.949558],[19.910623,49.949807],[19.91067,49.949846],[19.910736,49.949916],[19.910754,49.949927],[19.910773,49.949944],[19.910794,49.949952],[19.910812,49.949963],[19.910912,49.949996],[19.911102,49.950045],[19.911184,49.950075],[19.91148,49.950221],[19.911509,49.950237],[19.911762,49.950392],[19.912127,49.950573],[19.912141,49.950581],[19.912462,49.950757],[19.912664,49.950854],[19.912686,49.950865],[19.91286,49.950963],[19.91304,49.951065],[19.913053,49.951073],[19.913203,49.951166],[19.913448,49.951301],[19.913466,49.951311],[19.913572,49.951378],[19.913814,49.951502],[19.913843,49.951519],[19.91394,49.951581],[19.914175,49.951708],[19.914212,49.951731],[19.914539,49.951968],[19.915184,49.952337],[19.915245,49.952383],[19.915304,49.952442],[19.915327,49.952464],[19.91536,49.952489],[19.915396,49.952506],[19.915441,49.952531],[19.915615,49.952645],[19.915896,49.95278],[19.915907,49.952785],[19.916735,49.953216],[19.916992,49.953335],[19.917007,49.953342],[19.917346,49.953518],[19.917359,49.953525],[19.918103,49.953952],[19.918115,49.953959],[19.918702,49.95433],[19.918857,49.954364],[19.918975,49.954408],[19.919863,49.954908],[19.919869,49.954911],[19.920832,49.955479],[19.920936,49.955592],[19.920923,49.955723],[19.920896,49.955771],[19.920911,49.955794],[19.921575,49.95614],[19.921603,49.956156],[19.921679,49.956205],[19.921746,49.956239],[19.921791,49.956266],[19.921984,49.956405],[19.922309,49.956581],[19.922362,49.956604],[19.922515,49.956762],[19.922523,49.9568],[19.92254,49.956837],[19.922934,49.95733],[19.92294,49.957337],[19.923092,49.957547],[19.92324,49.957717],[19.923381,49.957858],[19.923469,49.957935],[19.923558,49.958],[19.923644,49.958048],[19.92368,49.958071],[19.92378,49.958145],[19.92381,49.95817],[19.924052,49.958413],[19.924238,49.958573],[19.924305,49.958622],[19.924339,49.95864],[19.924475,49.958694],[19.924584,49.958763],[19.924685,49.958866],[19.92479,49.958955],[19.924816,49.95898],[19.925153,49.95937],[19.925252,49.959462],[19.925318,49.95951],[19.925351,49.95954],[19.925558,49.959754],[19.925693,49.959871],[19.925727,49.959907],[19.925895,49.960132],[19.926355,49.960605],[19.92652,49.960759],[19.926735,49.960919],[19.926751,49.960932],[19.926863,49.961029],[19.926929,49.961063],[19.926975,49.961091],[19.926999,49.961109],[19.927023,49.961127],[19.927074,49.961178],[19.927166,49.961303],[19.927181,49.961328],[19.92719,49.961344],[19.927289,49.961536],[19.927372,49.961663],[19.927595,49.961909],[19.927674,49.961955],[19.927713,49.961981],[19.92799,49.962202],[19.92819,49.962337],[19.928249,49.962373],[19.928396,49.962431],[19.928534,49.962535],[19.9286,49.962635],[19.928658,49.962664],[19.928861,49.962731],[19.928895,49.962744],[19.928982,49.962781],[19.92901,49.962794],[19.929475,49.96304],[19.929499,49.963054],[19.929626,49.963135],[19.929685,49.963185],[19.929855,49.963382],[19.930283,49.96381],[19.930446,49.963903],[19.930946,49.96411],[19.930994,49.964133],[19.931125,49.964211],[19.931174,49.964247],[19.93139,49.964444],[19.931599,49.964614],[19.932147,49.964967],[19.932168,49.964982],[19.932283,49.965071],[19.932299,49.965084],[19.932363,49.965143],[19.93238,49.965159],[19.932547,49.96534],[19.93276,49.965516],[19.932964,49.965653],[19.933085,49.965712],[19.933156,49.965759],[19.93318,49.965779],[19.933214,49.965799],[19.933398,49.965881],[19.933527,49.965988],[19.933575,49.966074],[19.933689,49.966215],[19.933704,49.966238],[19.933751,49.966316],[19.933796,49.966361],[19.93391,49.966421],[19.934033,49.966555],[19.934055,49.966635],[19.934083,49.966669],[19.934177,49.966742],[19.934254,49.96679],[19.934433,49.966877],[19.934633,49.966931],[19.934667,49.966941],[19.935033,49.96707],[19.935174,49.967163],[19.935509,49.967575],[19.935579,49.967639],[19.935628,49.967703],[19.935647,49.967745],[19.935819,49.967978],[19.935936,49.968092],[19.936082,49.968217],[19.936332,49.968401],[19.936663,49.9686],[19.936692,49.968614],[19.936739,49.968627],[19.936847,49.968677],[19.937017,49.968792],[19.937213,49.968896],[19.937224,49.968902],[19.937685,49.969169],[19.937692,49.969173],[19.938312,49.969552],[19.938508,49.969652],[19.93873,49.969744],[19.938853,49.969832],[19.938934,49.969934],[19.938954,49.969966],[19.939007,49.970072],[19.939099,49.970179],[19.939119,49.970206],[19.939143,49.970245],[19.939179,49.970305],[19.939317,49.970453],[19.939519,49.97061],[19.93971,49.970725],[19.939732,49.970739],[19.939863,49.970833],[19.940314,49.971098],[19.940928,49.971437],[19.941149,49.971554],[19.941149,49.971553],[19.941427,49.971702],[19.942032,49.97201],[19.942456,49.972216],[19.943741,49.972812],[19.943806,49.972851],[19.943824,49.972865],[19.943927,49.972919],[19.943932,49.972923],[19.944024,49.97295],[19.944121,49.972992],[19.944202,49.973042],[19.944277,49.973076],[19.944323,49.973102],[19.944548,49.973247],[19.944602,49.973261],[19.94461,49.973261],[19.944764,49.973298],[19.94504,49.973419],[19.945086,49.973433],[19.945198,49.973456],[19.945274,49.973477],[19.945948,49.973738],[19.946326,49.97386],[19.946353,49.973869],[19.947076,49.974156],[19.947091,49.974162],[19.947577,49.974378],[19.948387,49.974707],[19.948564,49.974768],[19.948785,49.974831],[19.94883,49.974846],[19.949155,49.974977],[19.949171,49.974983],[19.949317,49.975049],[19.949502,49.975112],[19.949544,49.975129],[19.949984,49.975336],[19.950493,49.975541],[19.950503,49.975545],[19.95091,49.975722],[19.9515,49.975952],[19.951513,49.975958],[19.951804,49.976083],[19.952111,49.976202],[19.952175,49.976234],[19.952281,49.976301],[19.952358,49.976334],[19.952402,49.97635],[19.952463,49.976362],[19.952539,49.976383],[19.953108,49.976599],[19.953466,49.976713],[19.953511,49.97673],[19.953745,49.976836],[19.953876,49.976877],[19.953918,49.976893],[19.953996,49.976927],[19.954488,49.9771],[19.954512,49.97711],[19.954714,49.977196],[19.954933,49.977274],[19.95496,49.977285],[19.955214,49.977396],[19.955214,49.977397],[19.955314,49.977431],[19.955347,49.977444],[19.956008,49.977735],[19.956383,49.977888],[19.956414,49.977902],[19.956597,49.977996],[19.956806,49.978082],[19.956821,49.978089],[19.957392,49.978352],[19.957532,49.978408],[19.957607,49.97843],[19.957717,49.97848],[19.957767,49.978514],[19.957801,49.978541],[19.957878,49.978614],[19.957916,49.978637],[19.95795,49.97866],[19.958011,49.978709],[19.958352,49.978886],[19.958379,49.978902],[19.958662,49.979083],[19.958706,49.979111],[19.958783,49.979146],[19.958876,49.979176],[19.95893,49.979197],[19.959288,49.979366],[19.959376,49.979427],[19.959442,49.979493],[19.959639,49.97965],[19.959652,49.979661],[19.959934,49.979914],[19.959947,49.979927],[19.960019,49.980003],[19.960197,49.980127],[19.960376,49.980237],[19.960415,49.980266],[19.960577,49.980406],[19.960601,49.98043],[19.960883,49.980755],[19.961617,49.981419],[19.961818,49.981585],[19.961843,49.981609],[19.961961,49.981736],[19.962106,49.981858],[19.962132,49.981883],[19.962202,49.981963],[19.962233,49.981985],[19.962322,49.982011],[19.962424,49.982057],[19.962502,49.982108],[19.962558,49.982157],[19.962611,49.982219],[19.962635,49.982253],[19.962684,49.982342],[19.962796,49.98247],[19.962832,49.982528],[19.962855,49.982589],[19.962897,49.982655],[19.962916,49.982696],[19.962943,49.982779],[19.963121,49.983146],[19.963169,49.983221],[19.963222,49.983275],[19.963244,49.983303],[19.963359,49.983469],[19.963381,49.983512],[19.963443,49.983693],[19.963711,49.984154],[19.963732,49.984214],[19.963738,49.984256],[19.963755,49.984296],[19.963838,49.984406],[19.963853,49.984427],[19.963902,49.984513],[19.963949,49.98457],[19.963969,49.984598],[19.964308,49.985192],[19.964586,49.985574],[19.964599,49.985595],[19.964678,49.985739],[19.964707,49.985769],[19.964726,49.985783],[19.964776,49.985831],[19.964839,49.985911],[19.964882,49.985936],[19.964935,49.985935],[19.965022,49.985908],[19.965289,49.985901],[19.965486,49.986017],[19.966935,49.988011],[19.966935,49.988011],[19.968096,49.989609],[19.9681,49.989614],[19.968627,49.990383],[19.968633,49.990393],[19.969016,49.991025],[19.969021,49.991034],[19.969173,49.99132],[19.969176,49.991327],[19.969314,49.991616],[19.969318,49.991623],[19.969441,49.991914],[19.969444,49.991922],[19.969458,49.991962],[19.969551,49.992216],[19.969554,49.992223],[19.969653,49.992541],[19.969655,49.992549],[19.969736,49.992868],[19.969738,49.992876],[19.969801,49.993197],[19.969802,49.993205],[19.969848,49.993527],[19.969849,49.993535],[19.969876,49.993859],[19.969877,49.993867],[19.969887,49.994191],[19.969887,49.994198],[19.969879,49.994546],[19.969879,49.994553],[19.969856,49.994901],[19.969855,49.994908],[19.969796,49.995435],[19.969795,49.995441],[19.969738,49.995818],[19.96966,49.995939],[19.969539,49.995991],[19.969489,49.996012],[19.96948,49.996014],[19.969468,49.996028],[19.969462,49.996053],[19.969465,49.996053],[19.96945,49.996469],[19.96945,49.996475],[19.969418,49.996887],[19.969429,49.996987],[19.969455,49.997209],[19.969455,49.997231],[19.969445,49.997512],[19.969436,49.997557],[19.969242,49.998103],[19.969155,49.998424],[19.968998,49.999215],[19.968991,49.999349],[19.968989,49.999366],[19.968948,49.999622],[19.968947,49.999628],[19.968903,49.999842],[19.9689,49.999854],[19.968824,50.000117],[19.96881,50.00024],[19.968808,50.000257],[19.968759,50.000474],[19.968637,50.001183],[19.968578,50.001639],[19.968573,50.001729],[19.968588,50.001759],[19.968633,50.001774],[19.968646,50.001775],[19.968823,50.001742],[19.969088,50.001761],[19.969249,50.001818],[19.969249,50.001818],[19.969297,50.00181],[19.969322,50.001784],[19.969368,50.001639],[19.969445,50.001287],[19.969498,50.000934],[19.969499,50.000928],[19.969608,50.000351],[19.969625,50.000237],[19.969625,50.000247],[19.969751,49.999414],[19.969879,49.998287],[19.96989,49.998103],[19.969887,49.997982],[19.969873,49.997875],[19.969883,49.997798],[19.969959,49.997612],[19.970076,49.997257],[19.970095,49.997076],[19.970097,49.996982],[19.970096,49.996982],[19.970097,49.996742],[19.970106,49.996692],[19.970187,49.996467],[19.970204,49.996394],[19.970224,49.996346],[19.970284,49.996247],[19.970348,49.99609],[19.970341,49.996056],[19.970338,49.996055],[19.970202,49.995853],[19.970264,49.995439],[19.970323,49.994902],[19.970347,49.994539],[19.970354,49.994175],[19.970342,49.993833],[19.970314,49.993506],[19.970266,49.993165],[19.970198,49.992825],[19.970112,49.992487],[19.97001,49.992159],[19.969896,49.991847],[19.969763,49.991532],[19.969617,49.991227],[19.969456,49.990924],[19.969437,49.990893],[19.969437,49.990893],[19.969064,49.990276],[19.968535,49.989504],[19.967448,49.988007],[19.967448,49.988007],[19.965925,49.985911],[19.965983,49.985664],[19.965986,49.985661],[19.965984,49.985627],[19.965475,49.984928],[19.965466,49.984914],[19.965373,49.984761],[19.965285,49.984641],[19.965272,49.984622],[19.965082,49.984284],[19.964925,49.984063],[19.964704,49.983804],[19.964456,49.983554],[19.964257,49.983384],[19.964053,49.983234],[19.964014,49.9832],[19.963969,49.983151],[19.963952,49.983129],[19.963744,49.982834],[19.963543,49.98257],[19.963408,49.982423],[19.963163,49.982197],[19.963121,49.982144],[19.96309,49.982089],[19.963015,49.981995],[19.962906,49.981876],[19.962838,49.981819],[19.962782,49.981752],[19.962718,49.981626],[19.962709,49.981605],[19.962662,49.981473],[19.962573,49.981341],[19.962519,49.981284],[19.962368,49.981151],[19.962335,49.981116],[19.962213,49.980954],[19.962022,49.980765],[19.961707,49.980488],[19.961501,49.980332],[19.961311,49.980224],[19.961192,49.980168],[19.961166,49.980155],[19.961061,49.980096],[19.960931,49.980039],[19.960839,49.97998],[19.960678,49.979829],[19.960611,49.979774],[19.960556,49.97974],[19.960519,49.979712],[19.960258,49.979482],[19.960118,49.979385],[19.959613,49.979083],[19.959601,49.979076],[19.9596,49.979075],[19.959391,49.978938],[19.959377,49.978927],[19.958972,49.978625],[19.958793,49.97851],[19.958717,49.97847],[19.958461,49.97836],[19.958241,49.978301],[19.958199,49.978288],[19.95796,49.978197],[19.957919,49.978179],[19.957342,49.977884],[19.957096,49.977767],[19.956728,49.977623],[19.956714,49.977617],[19.956281,49.977428],[19.955617,49.977157],[19.955587,49.977143],[19.955355,49.977024],[19.955206,49.976964],[19.955206,49.976964],[19.955011,49.976884],[19.954516,49.97671],[19.954502,49.976705],[19.953835,49.976444],[19.953818,49.976437],[19.953702,49.976385],[19.953539,49.976333],[19.953503,49.97632],[19.953063,49.976136],[19.952694,49.976003],[19.952681,49.975997],[19.951806,49.975646],[19.95146,49.97552],[19.951418,49.975502],[19.951311,49.975449],[19.950802,49.975244],[19.950433,49.975113],[19.95042,49.975108],[19.949717,49.974834],[19.949704,49.974829],[19.949147,49.974589],[19.948779,49.974468],[19.948743,49.974455],[19.948457,49.974331],[19.948192,49.97424],[19.948165,49.97423],[19.947961,49.974144],[19.947928,49.974128],[19.947851,49.974086],[19.947644,49.974016],[19.947617,49.974005],[19.947419,49.973922],[19.947041,49.97378],[19.94703,49.973776],[19.946575,49.97359],[19.946549,49.973578],[19.946142,49.973375],[19.945955,49.973296],[19.945897,49.973266],[19.945697,49.973136],[19.945453,49.973031],[19.945371,49.973002],[19.94524,49.972924],[19.945195,49.972877],[19.945037,49.972813],[19.944888,49.972778],[19.944831,49.972761],[19.944772,49.972738],[19.944695,49.972718],[19.944617,49.97269],[19.944321,49.972549],[19.94431,49.972543],[19.94389,49.972326],[19.943882,49.972322],[19.943156,49.971923],[19.943147,49.971918],[19.942723,49.971668],[19.942716,49.971664],[19.941983,49.971209],[19.941969,49.9712],[19.941326,49.970751],[19.941131,49.970623],[19.941021,49.970551],[19.940958,49.970517],[19.940904,49.970482],[19.940811,49.970405],[19.940552,49.970234],[19.940312,49.970075],[19.939909,49.969866],[19.939421,49.96969],[19.939391,49.969678],[19.939242,49.969611],[19.939134,49.969532],[19.938861,49.969201],[19.938628,49.968967],[19.938206,49.968578],[19.9382,49.968571],[19.937888,49.968262],[19.937646,49.968058],[19.937449,49.967907],[19.93733,49.96783],[19.936863,49.967579],[19.936624,49.967484],[19.936427,49.967419],[19.936176,49.96735],[19.935972,49.967188],[19.935952,49.967124],[19.935927,49.967086],[19.935776,49.966946],[19.935598,49.966843],[19.935565,49.966821],[19.935352,49.966659],[19.935197,49.966566],[19.935119,49.966528],[19.934913,49.966451],[19.93485,49.96642],[19.934609,49.966275],[19.934567,49.966244],[19.934295,49.966006],[19.934226,49.965954],[19.934125,49.965903],[19.934077,49.965874],[19.93397,49.965794],[19.933891,49.96569],[19.933853,49.965563],[19.933836,49.965532],[19.933689,49.965364],[19.933596,49.965289],[19.933524,49.965249],[19.933443,49.965181],[19.933381,49.965102],[19.933247,49.964962],[19.933124,49.964854],[19.933012,49.964782],[19.932889,49.964727],[19.932795,49.964665],[19.932576,49.964448],[19.932483,49.964373],[19.932425,49.964305],[19.932402,49.964261],[19.932369,49.964228],[19.932337,49.964203],[19.932247,49.964154],[19.932161,49.964121],[19.932107,49.96411],[19.931937,49.964093],[19.931778,49.96405],[19.931682,49.964003],[19.931601,49.963971],[19.931591,49.963969],[19.93146,49.963917],[19.931346,49.963847],[19.931214,49.963792],[19.931098,49.963712],[19.930985,49.963581],[19.930804,49.963426],[19.930687,49.963393],[19.930585,49.96335],[19.930519,49.96331],[19.930459,49.963261],[19.930312,49.963101],[19.9301,49.962922],[19.929853,49.962762],[19.929504,49.962572],[19.929443,49.96253],[19.929147,49.962258],[19.929136,49.962247],[19.929037,49.962145],[19.928997,49.962111],[19.92891,49.962055],[19.928875,49.962029],[19.928701,49.961877],[19.928509,49.961736],[19.92825,49.961585],[19.928226,49.961569],[19.928104,49.961481],[19.928025,49.961387],[19.928006,49.961338],[19.928003,49.961331],[19.927974,49.961286],[19.927956,49.961268],[19.927846,49.961182],[19.927817,49.961156],[19.927687,49.961021],[19.927531,49.960914],[19.927443,49.960867],[19.927417,49.960852],[19.927159,49.960686],[19.927061,49.96056],[19.927012,49.960344],[19.926999,49.960314],[19.926983,49.960292],[19.926817,49.960058],[19.926655,49.959887],[19.926553,49.959794],[19.926417,49.959689],[19.926176,49.959528],[19.926107,49.959462],[19.926049,49.959377],[19.925849,49.959169],[19.925835,49.959153],[19.92564,49.958909],[19.925628,49.958893],[19.925394,49.958536],[19.925107,49.958182],[19.925074,49.958036],[19.925102,49.957939],[19.925096,49.957873],[19.925128,49.957766],[19.925141,49.957748],[19.925142,49.957742],[19.925136,49.957697],[19.925106,49.957638],[19.924972,49.957465],[19.924778,49.957275],[19.924699,49.957214],[19.92452,49.957085],[19.924322,49.956968],[19.924049,49.956827],[19.923976,49.956805],[19.923968,49.956804],[19.923875,49.956782],[19.923838,49.95677],[19.923724,49.956746],[19.9237,49.95674],[19.923401,49.956661],[19.923349,49.956644],[19.922969,49.956491],[19.922944,49.95648],[19.922849,49.956434],[19.922781,49.95639],[19.922217,49.955912],[19.922204,49.955901],[19.921938,49.955643],[19.921756,49.95549],[19.921727,49.955461],[19.921659,49.955381],[19.921604,49.955332],[19.92157,49.955321],[19.92151,49.955331],[19.921185,49.95528],[19.920178,49.954685],[19.919285,49.954182],[19.919239,49.954074],[19.919219,49.95408],[19.919135,49.953971],[19.918572,49.953683],[19.918566,49.95368],[19.918071,49.953417],[19.918046,49.953402],[19.917797,49.95324],[19.9176,49.953131],[19.917554,49.953101],[19.917399,49.952975],[19.917044,49.952785],[19.917026,49.952775],[19.916953,49.95273],[19.916845,49.952682],[19.916821,49.95267],[19.916386,49.95244],[19.91637,49.952433],[19.916367,49.952433],[19.916055,49.952301],[19.915779,49.952199],[19.915722,49.952173],[19.915042,49.951786],[19.915032,49.951779],[19.914651,49.951545],[19.914436,49.951446],[19.914372,49.951408],[19.914255,49.95132],[19.913976,49.951142],[19.913511,49.950883],[19.913476,49.950861],[19.913301,49.950731],[19.913087,49.95059],[19.912964,49.950535],[19.912854,49.950455],[19.91285,49.950451],[19.912835,49.950432],[19.91277,49.95038],[19.912376,49.950146],[19.912218,49.950067],[19.912162,49.950049],[19.912084,49.950035],[19.91201,49.950015],[19.911963,49.949998],[19.911892,49.949963],[19.911729,49.949862],[19.911466,49.949769],[19.911405,49.949742],[19.91133,49.9497],[19.911285,49.949663],[19.911283,49.949662],[19.911238,49.949628],[19.911084,49.949538],[19.911048,49.949499],[19.910979,49.949449],[19.910973,49.949446],[19.910865,49.949412],[19.910813,49.949392],[19.910635,49.949308],[19.91061,49.949296],[19.910393,49.949173],[19.91038,49.949166],[19.909924,49.948882],[19.909614,49.948731],[19.909573,49.948708],[19.909296,49.948524],[19.909272,49.948506],[19.90912,49.948381],[19.908837,49.948179],[19.908035,49.947717],[19.907898,49.947645],[19.907879,49.947634],[19.907474,49.947388],[19.907118,49.947196],[19.906773,49.947029],[19.906729,49.947004],[19.906521,49.946862],[19.906181,49.946684],[19.906145,49.946662],[19.90594,49.946519],[19.905922,49.946506],[19.905831,49.946432],[19.905588,49.946273],[19.905572,49.946262],[19.905442,49.946165],[19.905135,49.945969],[19.905118,49.945957],[19.904612,49.945586],[19.904595,49.945572],[19.904541,49.945526],[19.90451,49.945493],[19.904376,49.945324],[19.904166,49.945105],[19.90414,49.945071],[19.903995,49.944841],[19.903987,49.944836],[19.903844,49.944722],[19.903824,49.944705],[19.903614,49.944502],[19.903415,49.944372],[19.903336,49.944293],[19.903113,49.943909],[19.903105,49.943893],[19.902968,49.943591],[19.902962,49.943577],[19.90295,49.943542],[19.902857,49.94327],[19.902769,49.943095],[19.902323,49.942369],[19.902316,49.942357],[19.90222,49.942169],[19.902199,49.942142],[19.902147,49.942092],[19.90212,49.942061],[19.902026,49.941928],[19.901995,49.941853],[19.901972,49.94168],[19.901971,49.941661],[19.901971,49.941461],[19.901972,49.941438],[19.901999,49.941267],[19.901939,49.940773],[19.901811,49.94024],[19.901703,49.939893],[19.901699,49.939878],[19.901677,49.939772],[19.901584,49.939586],[19.901576,49.939566],[19.901535,49.93945],[19.901526,49.939406],[19.901521,49.939275],[19.901509,49.939226],[19.901509,49.93916],[19.901534,49.939048],[19.901539,49.939031],[19.901563,49.938961],[19.901574,49.938936],[19.901695,49.93871],[19.901704,49.938686],[19.901709,49.93864],[19.901703,49.938632],[19.901693,49.938616],[19.901652,49.938604],[19.901442,49.938408],[19.901256,49.935919],[19.901162,49.934888],[19.901121,49.934559],[19.901089,49.934298],[19.901241,49.934094],[19.901316,49.934061],[19.901326,49.934027],[19.901288,49.933909],[19.90124,49.933802],[19.901199,49.933734],[19.901126,49.933642],[19.901115,49.933628],[19.901022,49.933488],[19.901039,49.933289],[19.901063,49.93326],[19.90108,49.933201],[19.901064,49.933169],[19.901055,49.933058],[19.901068,49.933014],[19.90109,49.932969],[19.901101,49.932952],[19.901112,49.932893],[19.901098,49.932843],[19.900996,49.932619],[19.900916,49.932482],[19.900755,49.932227],[19.900571,49.93198],[19.900537,49.931865],[19.900555,49.931713],[19.900559,49.931692],[19.900573,49.93164],[19.900566,49.931585],[19.900518,49.931495],[19.900502,49.931473],[19.900415,49.931394],[19.900375,49.931347],[19.900266,49.931173],[19.900169,49.931043],[19.900135,49.93096],[19.900115,49.93076],[19.900107,49.930737],[19.900095,49.930717],[19.900106,49.930579],[19.900098,49.93058],[19.900093,49.930429],[19.900053,49.930029],[19.900026,49.929895],[19.900023,49.929876],[19.900019,49.929815],[19.899994,49.929745],[19.899822,49.929504],[19.899759,49.929433],[19.899652,49.929333],[19.899637,49.929319],[19.899558,49.929231],[19.89949,49.929173],[19.899475,49.92916],[19.899269,49.928959],[19.899255,49.928944],[19.899168,49.928843],[19.899016,49.92871],[19.899,49.928696],[19.898682,49.928368],[19.898676,49.928361],[19.898492,49.928156],[19.898492,49.928157],[19.898132,49.927756],[19.897938,49.927563],[19.897719,49.927366],[19.897606,49.927277],[19.897406,49.927144],[19.897181,49.927003],[19.896802,49.92679],[19.896762,49.926764],[19.896421,49.926498],[19.895935,49.926155],[19.895638,49.925961],[19.895565,49.92589],[19.895401,49.92564],[19.895373,49.925606],[19.895215,49.925415],[19.895124,49.925347],[19.895103,49.925337],[19.895019,49.925309],[19.894953,49.9253],[19.894827,49.925264],[19.894707,49.925209],[19.89461,49.925142],[19.894591,49.925121],[19.894539,49.925084],[19.89448,49.925058],[19.894419,49.925039],[19.894158,49.924976],[19.894099,49.924973],[19.893907,49.924921],[19.893306,49.924597],[19.89326,49.924567],[19.893153,49.924483],[19.892989,49.924373],[19.892641,49.924168],[19.89243,49.924059],[19.89209,49.923903],[19.891736,49.923752],[19.891357,49.923607],[19.891323,49.923592],[19.887904,49.921909],[19.887837,49.921866],[19.887745,49.921787],[19.887532,49.92163],[19.887503,49.921613],[19.88719,49.921466],[19.886871,49.921336],[19.886824,49.921313],[19.886739,49.921263],[19.886697,49.921248],[19.88661,49.921229],[19.886563,49.921217],[19.886399,49.921163],[19.886344,49.921141],[19.884409,49.920188],[19.884409,49.920188],[19.883233,49.919609],[19.883231,49.919608],[19.881484,49.91873],[19.881478,49.918727],[19.880341,49.918129],[19.880335,49.918125],[19.879503,49.917666],[19.879496,49.917662],[19.878685,49.91719],[19.878677,49.917185],[19.877961,49.916742],[19.877892,49.916699],[19.877883,49.916694],[19.877127,49.916191],[19.877119,49.916186],[19.876635,49.915842],[19.876628,49.915837],[19.87616,49.915485],[19.876153,49.915479],[19.875704,49.915119],[19.875693,49.91511],[19.87482,49.914331],[19.874806,49.914318],[19.87402,49.913504],[19.874008,49.913491],[19.873311,49.912644],[19.8733,49.91263],[19.872695,49.911753],[19.872686,49.911739],[19.872176,49.910837],[19.872169,49.910823],[19.871757,49.909901],[19.871751,49.909886],[19.871634,49.909535],[19.871628,49.909507],[19.871618,49.909432],[19.871585,49.909376],[19.871566,49.909328],[19.871552,49.909261],[19.871524,49.909202],[19.871511,49.909158],[19.871501,49.909091],[19.871476,49.909046],[19.871456,49.908991],[19.871448,49.908937],[19.871441,49.908926],[19.871427,49.908825],[19.871411,49.908795],[19.871394,49.908751],[19.871223,49.907983],[19.87122,49.907967],[19.871201,49.907796],[19.871111,49.907008],[19.87111,49.906997],[19.871094,49.906534],[19.871094,49.906527],[19.8711,49.906064],[19.8711,49.906056],[19.871149,49.905357],[19.871149,49.90535],[19.871205,49.904885],[19.871206,49.904879],[19.871278,49.904414],[19.871279,49.904408],[19.871418,49.90371],[19.871419,49.903703],[19.87165,49.902771],[19.871651,49.902766],[19.871852,49.902068],[19.871853,49.902065],[19.872072,49.901367],[19.872073,49.901364],[19.872951,49.898786],[19.872951,49.898786],[19.872967,49.89874],[19.873328,49.897623],[19.87373,49.896297],[19.873719,49.896263],[19.87369,49.896251],[19.87354,49.896022],[19.873661,49.895604],[19.873668,49.895586],[19.87371,49.895488],[19.87373,49.895379],[19.873734,49.895362],[19.873927,49.89472],[19.873936,49.894697],[19.873963,49.89464],[19.873982,49.894553],[19.873994,49.894517],[19.874038,49.894424],[19.874058,49.894287],[19.874068,49.894252],[19.874102,49.894167],[19.874131,49.894031],[19.874135,49.894016],[19.874328,49.893414],[19.874533,49.892705],[19.874535,49.892698],[19.874567,49.892606],[19.87458,49.892577],[19.874649,49.892454],[19.874676,49.892376],[19.87472,49.892207],[19.874722,49.892176],[19.874709,49.89208],[19.874726,49.891991],[19.874817,49.891812],[19.87489,49.891629],[19.874937,49.891473],[19.87501,49.891168],[19.875027,49.890979],[19.875032,49.890951],[19.87506,49.890855],[19.8751,49.890785],[19.875176,49.890699],[19.875329,49.890409],[19.875358,49.890327],[19.875421,49.890102],[19.875439,49.889918],[19.875443,49.889899],[19.875473,49.88977],[19.875472,49.88977],[19.875528,49.889516],[19.87553,49.889397],[19.875595,49.889268],[19.87564,49.889228],[19.875672,49.88918],[19.875687,49.889127],[19.875688,49.889101],[19.875732,49.888996],[19.875752,49.888972],[19.87577,49.888937],[19.875795,49.888832],[19.875796,49.888767],[19.875852,49.888646],[19.875922,49.888577],[19.87617,49.888283],[19.876298,49.888118],[19.876356,49.888017],[19.876375,49.887989],[19.876546,49.887782],[19.876782,49.887445],[19.876802,49.887421],[19.876997,49.887213],[19.877049,49.887136],[19.87706,49.887121],[19.877289,49.88684],[19.877599,49.886424],[19.877738,49.886209],[19.877748,49.886147],[19.877738,49.886111],[19.877741,49.88602],[19.877751,49.885994],[19.877774,49.885951],[19.877884,49.885795],[19.877906,49.885769],[19.878083,49.885586],[19.878116,49.885558],[19.878236,49.885469],[19.878289,49.885414],[19.878316,49.88536],[19.878327,49.885257],[19.878403,49.885131],[19.878555,49.885009],[19.878634,49.884963],[19.878755,49.884911],[19.878845,49.884884],[19.879,49.884853],[19.87907,49.884831],[19.879174,49.884776],[19.879206,49.884751],[19.879264,49.884686],[19.879296,49.884632],[19.879321,49.884598],[19.87943,49.884479],[19.8795,49.884377],[19.879533,49.884339],[19.879561,49.884313],[19.879584,49.884294],[19.879641,49.884251],[19.879687,49.884223],[19.879954,49.884086],[19.880156,49.883951],[19.88025,49.883906],[19.880368,49.883868],[19.880404,49.883858],[19.880631,49.883804],[19.881041,49.883692],[19.881137,49.883675],[19.88129,49.883663],[19.881468,49.883631],[19.881483,49.883621],[19.881451,49.883594],[19.881386,49.883417],[19.881544,49.883267],[19.882259,49.882979],[19.882271,49.882974],[19.882682,49.882825],[19.882692,49.882821],[19.883323,49.882608],[19.883333,49.882604],[19.88372,49.882485],[19.883855,49.882443],[19.884149,49.882441],[19.88429,49.882547],[19.884342,49.882574],[19.884384,49.882606],[19.884397,49.882612],[19.884421,49.882613],[19.884438,49.882614],[19.884479,49.882591],[19.884492,49.882572],[19.884518,49.882539],[19.8846,49.882456],[19.884719,49.882383],[19.885286,49.882171],[19.885297,49.882167],[19.885702,49.882027],[19.886048,49.882034],[19.886054,49.882036],[19.886068,49.882035],[19.886082,49.882029],[19.88622,49.881908],[19.886264,49.881876],[19.886358,49.881819],[19.886445,49.881781],[19.886606,49.881731],[19.886812,49.88165],[19.886866,49.881632],[19.88709,49.881575],[19.887139,49.881565],[19.887337,49.881536],[19.887818,49.881447],[19.887839,49.881443],[19.888023,49.881418],[19.888089,49.8814],[19.888119,49.881393],[19.888478,49.881322],[19.888977,49.881206],[19.889185,49.881142],[19.889241,49.881128],[19.889364,49.881106],[19.889618,49.881042],[19.890835,49.880677],[19.8909,49.880655],[19.891271,49.880533],[19.891303,49.880524],[19.89189,49.880376],[19.89262,49.880171],[19.892632,49.880168],[19.894018,49.879818],[19.894146,49.879803],[19.894249,49.879803],[19.894281,49.879799],[19.894325,49.879786],[19.894405,49.879775],[19.89445,49.879757],[19.894509,49.879744],[19.894564,49.879726],[19.894628,49.879715],[19.894738,49.879661],[19.894773,49.879646],[19.894932,49.879586],[19.894982,49.879571],[19.89539,49.879469],[19.895429,49.879461],[19.895773,49.879403],[19.896119,49.879313],[19.896158,49.879304],[19.896247,49.879288],[19.896293,49.879282],[19.896588,49.879256],[19.896726,49.879228],[19.896938,49.879153],[19.897004,49.879135],[19.897292,49.879078],[19.89742,49.879036],[19.897503,49.879016],[19.897575,49.879006],[19.89758,49.879004],[19.897729,49.878953],[19.897771,49.878941],[19.897824,49.878928],[19.897935,49.878868],[19.898027,49.878832],[19.8981,49.878813],[19.898311,49.878739],[19.898349,49.878727],[19.898957,49.878571],[19.898994,49.878563],[19.89937,49.878497],[19.89951,49.878447],[19.899568,49.87843],[19.899661,49.87841],[19.899737,49.878399],[19.899809,49.878394],[19.899841,49.878388],[19.899936,49.878342],[19.899995,49.878319],[19.900163,49.878267],[19.900186,49.87826],[19.90087,49.878087],[19.901154,49.877989],[19.901185,49.877979],[19.901633,49.877859],[19.902139,49.877695],[19.902454,49.877577],[19.902489,49.877566],[19.90261,49.877532],[19.902653,49.87751],[19.902701,49.877489],[19.902862,49.877432],[19.903177,49.877304],[19.903479,49.877153],[19.903776,49.876965],[19.903981,49.87682],[19.904081,49.876731],[19.904116,49.876704],[19.904164,49.876672],[19.904214,49.876622],[19.904238,49.8766],[19.904328,49.876528],[19.90452,49.876329],[19.904814,49.875964],[19.904834,49.875942],[19.904931,49.875849],[19.905102,49.87565],[19.905123,49.875628],[19.905375,49.875401],[19.905544,49.875199],[19.905681,49.875016],[19.905871,49.874736],[19.905903,49.8747],[19.905973,49.874633],[19.906008,49.874552],[19.906025,49.874521],[19.906117,49.874387],[19.906219,49.87419],[19.906228,49.874175],[19.906622,49.873566],[19.906631,49.873554],[19.907237,49.872755],[19.907759,49.872021],[19.907766,49.872013],[19.908153,49.871524],[19.908274,49.871372],[19.908291,49.871353],[19.908354,49.87129],[19.9084,49.87123],[19.90841,49.871209],[19.908442,49.871161],[19.908488,49.87111],[19.908491,49.871103],[19.908523,49.871054],[19.908616,49.870948],[19.908636,49.870903],[19.908657,49.870868],[19.908737,49.870761],[19.908899,49.870488],[19.908974,49.870257],[19.908977,49.870248],[19.909323,49.869362],[19.909328,49.869353],[19.909744,49.868457],[19.909921,49.868023],[19.909925,49.868014],[19.910112,49.867622],[19.910236,49.867248],[19.910268,49.867031],[19.910282,49.866985],[19.910349,49.866848],[19.910372,49.866771],[19.910397,49.866722],[19.910614,49.866414],[19.910647,49.866377],[19.910713,49.866317],[19.910759,49.866244],[19.910936,49.865768],[19.911006,49.86554],[19.911113,49.865034],[19.911128,49.864884],[19.911125,49.864696],[19.911076,49.864461],[19.911073,49.864445],[19.911066,49.864365],[19.910935,49.863914],[19.910912,49.86386],[19.910836,49.863756],[19.910815,49.86372],[19.91079,49.863661],[19.910727,49.863555],[19.910674,49.863493],[19.910646,49.863449],[19.910463,49.863057],[19.910206,49.862604],[19.910199,49.86259],[19.910163,49.862511],[19.910129,49.862437],[19.910088,49.862386],[19.910072,49.862363],[19.90994,49.86214],[19.909842,49.862],[19.909831,49.861981],[19.90958,49.861512],[19.909576,49.861503],[19.909327,49.860969],[19.90932,49.86095],[19.909256,49.860749],[19.909253,49.860738],[19.909204,49.860535],[19.909201,49.860519],[19.909185,49.860394],[19.909183,49.860375],[19.909184,49.8602],[19.909158,49.860085],[19.909155,49.860053],[19.909154,49.859814],[19.909158,49.859778],[19.909219,49.85953],[19.909224,49.859446],[19.909235,49.859397],[19.909266,49.859322],[19.909322,49.859066],[19.909329,49.859043],[19.909463,49.858699],[19.909473,49.858679],[19.909569,49.858504],[19.909576,49.858491],[19.909723,49.858268],[19.909732,49.858255],[19.909924,49.85801],[19.909935,49.857996],[19.910207,49.857701],[19.910225,49.857684],[19.910749,49.857216],[19.910759,49.857207],[19.910981,49.857028],[19.911001,49.857013],[19.911088,49.856954],[19.911118,49.856934],[19.911576,49.856581],[19.911781,49.85641],[19.911801,49.856394],[19.911942,49.856296],[19.912,49.856244],[19.912057,49.856207],[19.912097,49.856172],[19.912122,49.856151],[19.912329,49.856004],[19.912398,49.855943],[19.912414,49.85593],[19.912729,49.855693],[19.912753,49.855677],[19.912818,49.855637],[19.912879,49.855581],[19.912898,49.855566],[19.9131,49.855414],[19.913112,49.855405],[19.913212,49.855337],[19.913308,49.855297],[19.913307,49.855297],[19.913392,49.855261],[19.91345,49.8552],[19.913511,49.855152],[19.913527,49.855142],[19.913557,49.855116],[19.91356,49.855109],[19.913637,49.85503],[19.913906,49.854849],[19.913978,49.85478],[19.914025,49.854744],[19.914099,49.854697],[19.914166,49.854631],[19.914236,49.854581],[19.91431,49.854542],[19.914361,49.854487],[19.914453,49.85442],[19.914461,49.854414],[19.914585,49.85433],[19.914605,49.854317],[19.914812,49.854197],[19.914905,49.854124],[19.914925,49.85411],[19.91515,49.853962],[19.915158,49.853957],[19.915447,49.853778],[19.915459,49.853771],[19.915652,49.853662],[19.915797,49.853564],[19.915827,49.853546],[19.915971,49.853469],[19.915964,49.853469],[19.915979,49.85346],[19.91599,49.853454],[19.91649,49.853191],[19.916497,49.853188],[19.917326,49.852772],[19.917453,49.852695],[19.917483,49.852679],[19.917712,49.852568],[19.917814,49.852505],[19.917853,49.852484],[19.918048,49.852394],[19.918155,49.852327],[19.918189,49.852309],[19.918505,49.852156],[19.91884,49.85197],[19.918852,49.851964],[19.919054,49.851861],[19.919099,49.851842],[19.919118,49.851835],[19.919173,49.851801],[19.919376,49.851702],[19.91942,49.851684],[19.919448,49.851674],[19.919574,49.8516],[19.919604,49.851584],[19.919812,49.851487],[19.919911,49.851429],[19.919937,49.851415],[19.920393,49.851198],[19.920592,49.85109],[19.920613,49.85108],[19.921014,49.850896],[19.921041,49.850884],[19.921249,49.850806],[19.921273,49.850798],[19.921396,49.85076],[19.921756,49.850589],[19.921944,49.85049],[19.922828,49.849971],[19.922884,49.849925],[19.923675,49.849512],[19.923992,49.849328],[19.924266,49.849153],[19.924546,49.848952],[19.924818,49.84873],[19.924847,49.848703],[19.924847,49.848704],[19.925067,49.848497],[19.925303,49.848241],[19.925502,49.847988],[19.925675,49.847727],[19.925849,49.847406],[19.92605,49.846943],[19.926511,49.845721],[19.926514,49.845712],[19.926669,49.845367],[19.926675,49.845356],[19.926823,49.845078],[19.92683,49.845065],[19.927001,49.844798],[19.927012,49.844783],[19.927212,49.844527],[19.927224,49.844512],[19.927347,49.844381],[19.927347,49.844381],[19.927394,49.84433],[19.927407,49.844317],[19.927597,49.844142],[19.927611,49.84413],[19.927819,49.843963],[19.927834,49.843952],[19.928058,49.843795],[19.928075,49.843784],[19.928315,49.843637],[19.928333,49.843627],[19.928588,49.843491],[19.928607,49.843482],[19.928875,49.843357],[19.928895,49.843349],[19.929176,49.843236],[19.929197,49.843229],[19.929487,49.843129],[19.929511,49.843122],[19.9299,49.843013],[19.929922,49.843007],[19.930166,49.842951],[19.930184,49.842947],[19.930524,49.842882],[19.930548,49.842878],[19.931171,49.842788],[19.931194,49.842785],[19.93193,49.842713],[19.931944,49.842712],[19.933273,49.842615],[19.933294,49.842614],[19.933589,49.842604],[19.933672,49.842591],[19.933722,49.842585],[19.936244,49.842428],[19.936375,49.842413],[19.936416,49.84241],[19.93668,49.842401],[19.937276,49.842362],[19.93735,49.842352],[19.937392,49.842348],[19.937882,49.84232],[19.938047,49.842301],[19.938067,49.842299],[19.938636,49.842258],[19.938886,49.842241],[19.939731,49.842169],[19.939816,49.842169],[19.939933,49.842178],[19.940005,49.842176],[19.940504,49.842131],[19.940738,49.842163],[19.940761,49.842173],[19.94086,49.84219],[19.940887,49.842187],[19.94098,49.842149],[19.940992,49.842137],[19.941232,49.842043],[19.94151,49.84202],[19.941815,49.841975],[19.941843,49.841972],[19.941964,49.841961],[19.942328,49.841899],[19.942608,49.841836],[19.94263,49.841832],[19.942766,49.841807],[19.942809,49.841795],[19.942857,49.841784],[19.943034,49.841751],[19.943167,49.841709],[19.943172,49.841706],[19.94328,49.841666],[19.94351,49.841614],[19.943735,49.84155],[19.944122,49.841407],[19.944384,49.841294],[19.944726,49.841132],[19.94512,49.840916],[19.945191,49.840867],[19.945213,49.840852],[19.945354,49.840769],[19.945533,49.840643],[19.945891,49.840348],[19.946214,49.84005],[19.946723,49.839545],[19.946727,49.839541],[19.94694,49.839339],[19.946958,49.839323],[19.947021,49.839274],[19.947358,49.838934],[19.947382,49.838913],[19.947455,49.838855],[19.947505,49.838793],[19.947562,49.838742],[19.947611,49.838709],[19.947617,49.838702],[19.947642,49.838659],[19.947679,49.838613],[19.947806,49.838491],[19.947838,49.838465],[19.947933,49.838398],[19.947996,49.838342],[19.948049,49.838286],[19.948089,49.83823],[19.9482,49.838143],[19.948256,49.838117],[19.948306,49.838082],[19.948322,49.838064],[19.948346,49.838018],[19.94835,49.837988],[19.948395,49.837897],[19.948574,49.837698],[19.948715,49.837519],[19.948842,49.837333],[19.948925,49.837191],[19.949054,49.836932],[19.949116,49.836779],[19.949131,49.836759],[19.949132,49.836752],[19.949152,49.836693],[19.949154,49.836687],[19.949278,49.836369],[19.949285,49.836355],[19.949323,49.836278],[19.94934,49.836214],[19.949345,49.836198],[19.949552,49.835655],[19.949562,49.835633],[19.949614,49.835541],[19.94962,49.835502],[19.949637,49.835482],[19.94964,49.835465],[19.949664,49.835423],[19.949668,49.835366],[19.949728,49.835213],[19.949739,49.835202],[19.949802,49.835134],[19.949799,49.835133],[19.949822,49.835112],[19.949833,49.835101],[19.949836,49.8351],[19.94987,49.835072],[19.949878,49.835066],[19.949868,49.834999],[19.949879,49.834999],[19.949849,49.834902],[19.949875,49.834831],[19.94998,49.834716],[19.950013,49.834706],[19.950043,49.834681],[19.950036,49.83465],[19.950015,49.834631],[19.95001,49.834499],[19.950395,49.833603],[19.950397,49.8336],[19.950636,49.833077],[19.950659,49.833048],[19.950732,49.832893],[19.951226,49.831793],[19.951408,49.831357],[19.951518,49.83105],[19.951594,49.830763],[19.95164,49.830471],[19.95165,49.830295],[19.951637,49.830071],[19.951582,49.829776],[19.951502,49.829498],[19.951414,49.829294],[19.951296,49.829085],[19.951126,49.828852],[19.950875,49.828559],[19.950684,49.828371],[19.950467,49.828196],[19.950307,49.828083],[19.949945,49.827869],[19.949674,49.827731],[19.949301,49.827564],[19.948732,49.827342],[19.948151,49.827137],[19.946905,49.826726],[19.946901,49.826725],[19.946426,49.826562],[19.946402,49.826553],[19.946248,49.82649],[19.946054,49.826429],[19.946039,49.826424],[19.94552,49.82624],[19.945448,49.826214],[19.944711,49.825995],[19.944686,49.825986],[19.944161,49.825796],[19.94405,49.825732],[19.943972,49.825662],[19.943838,49.825592],[19.94365,49.82551],[19.943615,49.825493],[19.943251,49.825288],[19.943223,49.825271],[19.942871,49.825023],[19.94285,49.825006],[19.942452,49.824665],[19.942441,49.824655],[19.942267,49.824486],[19.942258,49.824477],[19.941993,49.824195],[19.941995,49.824194],[19.941951,49.824141],[19.941948,49.824142],[19.94194,49.824133],[19.941816,49.824063],[19.941823,49.824058],[19.941686,49.824002],[19.941301,49.82356],[19.940991,49.823229],[19.940943,49.823135],[19.94093,49.823057],[19.94088,49.823002],[19.940888,49.822999],[19.940809,49.82294],[19.940809,49.822938],[19.940513,49.822649],[19.940466,49.822609],[19.940457,49.822597],[19.940452,49.822595],[19.940357,49.822491],[19.940342,49.822497],[19.940334,49.822487],[19.940313,49.822475],[19.940247,49.822385],[19.940213,49.822368],[19.940157,49.822278],[19.940132,49.822288],[19.940072,49.822223],[19.940048,49.822203],[19.939929,49.822152],[19.939711,49.821944],[19.939485,49.821746],[19.939258,49.821562],[19.939163,49.821503],[19.939118,49.821469],[19.939073,49.821427],[19.939053,49.821353],[19.939053,49.821353],[19.938988,49.821254],[19.938654,49.82101],[19.93851,49.820911],[19.938393,49.820849],[19.938381,49.820833],[19.938349,49.820816],[19.93831,49.820781],[19.93822,49.820737],[19.938218,49.820737],[19.938135,49.820673],[19.937909,49.820527],[19.93777,49.820457],[19.937744,49.820443],[19.937592,49.82035],[19.937249,49.820183],[19.937232,49.820174],[19.936908,49.819995],[19.936884,49.819981],[19.936764,49.819901],[19.936719,49.819879],[19.936465,49.819799],[19.936402,49.819774],[19.935931,49.819534],[19.935645,49.819402],[19.935074,49.819164],[19.934966,49.819091],[19.934916,49.819038],[19.934889,49.819001],[19.934872,49.818991],[19.934747,49.818946],[19.934628,49.81892],[19.934516,49.81888],[19.934418,49.818828],[19.934371,49.818813],[19.934325,49.81879],[19.934247,49.818766],[19.934202,49.818743],[19.934151,49.818731],[19.934079,49.818698],[19.934017,49.818679],[19.933988,49.81867],[19.933641,49.818537],[19.933448,49.818483],[19.933418,49.818474],[19.933297,49.81843],[19.93321,49.81841],[19.933158,49.818386],[19.933157,49.818388],[19.932925,49.818311],[19.932837,49.81829],[19.932765,49.818266],[19.932718,49.818246],[19.932596,49.818209],[19.932368,49.818154],[19.932297,49.81813],[19.932279,49.818122],[19.932257,49.818118],[19.931746,49.817952],[19.931481,49.817888],[19.93144,49.817877],[19.93069,49.817621],[19.930568,49.817552],[19.930541,49.817528],[19.93043,49.817481],[19.930362,49.817466],[19.930324,49.817464],[19.930189,49.817437],[19.929992,49.817368],[19.929891,49.817332],[19.929838,49.817309],[19.929698,49.817235],[19.929094,49.816997],[19.929066,49.816984],[19.928841,49.816875],[19.928796,49.816859],[19.928704,49.816838],[19.928619,49.816809],[19.928008,49.816527],[19.927975,49.816509],[19.927812,49.816413],[19.927753,49.816392],[19.927483,49.816237],[19.92719,49.816088],[19.927164,49.816067],[19.927106,49.81604],[19.92705,49.816008],[19.927019,49.815986],[19.926993,49.815977],[19.926886,49.815923],[19.92683,49.815878],[19.926792,49.81586],[19.92678,49.815851],[19.926753,49.815841],[19.926678,49.815802],[19.926646,49.815779],[19.92662,49.815754],[19.926568,49.81573],[19.926562,49.815725],[19.92643,49.815653],[19.926389,49.815627],[19.926317,49.815573],[19.92627,49.815546],[19.926254,49.81554],[19.926132,49.815464],[19.92612,49.815452],[19.92608,49.815433],[19.925988,49.815369],[19.925972,49.815352],[19.92591,49.81532],[19.925882,49.815305],[19.925585,49.815118],[19.925594,49.815112],[19.925496,49.815054],[19.925457,49.815004],[19.925413,49.814987],[19.925262,49.814848],[19.925248,49.814807],[19.925245,49.814805],[19.925249,49.814803],[19.925216,49.814777],[19.925195,49.814763],[19.92519,49.814757],[19.925173,49.814743],[19.925154,49.814752],[19.92509,49.814696],[19.924954,49.814614],[19.924921,49.814592],[19.924865,49.814547],[19.924474,49.814294],[19.924468,49.81429],[19.924187,49.814098],[19.924048,49.814003],[19.92404,49.813998],[19.923833,49.813845],[19.923818,49.813834],[19.923572,49.813629],[19.92356,49.813618],[19.923248,49.813322],[19.923233,49.813307],[19.923077,49.81313],[19.923058,49.813107],[19.922848,49.812788],[19.922836,49.812767],[19.922739,49.812566],[19.922654,49.812487],[19.922527,49.812381],[19.922324,49.811759],[19.922321,49.811748],[19.922245,49.81144],[19.922241,49.811419],[19.922214,49.811139],[19.922213,49.811117],[19.922225,49.810879],[19.922228,49.81086],[19.922269,49.810643],[19.922273,49.810625],[19.922342,49.810411],[19.922349,49.810392],[19.922453,49.810168],[19.922461,49.810152],[19.922552,49.809996],[19.922559,49.809986],[19.922689,49.809792],[19.922693,49.809786],[19.923575,49.808566],[19.923576,49.808542],[19.923537,49.808541],[19.923296,49.808468],[19.923269,49.808449],[19.923241,49.808465],[19.922343,49.809708],[19.922204,49.809918],[19.922104,49.81009],[19.921992,49.810335],[19.92191,49.810586],[19.921858,49.810865],[19.921845,49.811121],[19.921875,49.811444],[19.921963,49.811804],[19.922099,49.812219],[19.922047,49.81239],[19.921822,49.812486],[19.921716,49.812499],[19.92167,49.812508],[19.92167,49.812508],[19.921904,49.812522],[19.922196,49.812664],[19.922211,49.812688],[19.922233,49.81279],[19.922233,49.812792],[19.922293,49.812864]]]}},{"type":"Feature","properties":{"gml_id":"budynki.120609_2.0008.532.2_BUD","ID_BUDYNKU":"120609_2.0008.532.2_BUD","RODZAJ":"g","KONDYGNACJE_NADZIEMNE":"None","KONDYGNACJE_PODZIEMNE":"None","strefa":"w śladzie","warstwa":"budynki"},"geometry":{"type":"Polygon","coordinates":[[[19.925161,49.959206],[19.925214,49.959123],[19.925304,49.959147],[19.925251,49.95923],[19.925161,49.959206]]]}},{"type":"Feature","properties":{"gml_id":"budynki.120609_2.0008.532.1_BUD","ID_BUDYNKU":"120609_2.0008.532.1_BUD","RODZAJ":"m","KONDYGNACJE_NADZIEMNE":"None","KONDYGNACJE_PODZIEMNE":"None","strefa":"w śladzie","warstwa":"budynki"},"geometry":{"type":"Polygon","coordinates":[[[19.925358,49.959032],[19.925418,49.958959],[19.92557,49.959011],[19.92551,49.959084],[19.925358,49.959032]]]}},{"type":"Feature","properties":{"gml_id":"budynki.120609_2.0008.574/1.1_BUD","ID_BUDYNKU":"120609_2.0008.574/1.1_BUD","RODZAJ":"m","KONDYGNACJE_NADZIEMNE":"None","KONDYGNACJE_PODZIEMNE":"None","strefa":"w śladzie","warstwa":"budynki"},"geometry":{"type":"Polygon","coordinates":[[[19.924874,49.958626],[19.924902,49.958537],[19.924989,49.958548],[19.924984,49.958565],[19.925118,49.958581],[19.925098,49.958653],[19.924874,49.958626]]]}},{"type":"Feature","properties":{"gml_id":"budynki.120609_2.0008.573.1_BUD","ID_BUDYNKU":"120609_2.0008.573.1_BUD","RODZAJ":"m","KONDYGNACJE_NADZIEMNE":"None","KONDYGNACJE_PODZIEMNE":"None","strefa":"w śladzie","warstwa":"budynki"},"geometry":{"type":"Polygon","coordinates":[[[19.924466,49.95834],[19.924626,49.958331],[19.924641,49.958436],[19.924551,49.958441],[19.924549,49.958427],[19.924479,49.958431],[19.924466,49.95834]]]}},{"type":"Feature","properties":{"gml_id":"budynki.120609_2.0008.574/1.3_BUD","ID_BUDYNKU":"120609_2.0008.574/1.3_BUD","RODZAJ":"i","KONDYGNACJE_NADZIEMNE":"None","KONDYGNACJE_PODZIEMNE":"None","strefa":"w śladzie","warstwa":"budynki"},"geometry":{"type":"Polygon","coordinates":[[[19.924903,49.958292],[19.924948,49.958291],[19.924953,49.958322],[19.92491,49.958325],[19.924907,49.958302],[19.924904,49.958302],[19.924903,49.958292]]]}},{"type":"Feature","properties":{"gml_id":"budynki.120609_2.0008.574/1.2_BUD","ID_BUDYNKU":"120609_2.0008.574/1.2_BUD","RODZAJ":"i","KONDYGNACJE_NADZIEMNE":"None","KONDYGNACJE_PODZIEMNE":"None","strefa":"w śladzie","warstwa":"budynki"},"geometry":{"type":"Polygon","coordinates":[[[19.924811,49.958306],[19.924904,49.958302],[19.924907,49.958302],[19.92491,49.958325],[19.924917,49.958382],[19.92482,49.958387],[19.924811,49.958306]]]}},{"type":"Feature","properties":{"gml_id":"budynki.120609_2.0008.571/5.1_BUD","ID_BUDYNKU":"120609_2.0008.571/5.1_BUD","RODZAJ":"m","KONDYGNACJE_NADZIEMNE":"None","KONDYGNACJE_PODZIEMNE":"None","strefa":"w śladzie","warstwa":"budynki"},"geometry":{"type":"Polygon","coordinates":[[[19.924338,49.957573],[19.924352,49.957538],[19.924317,49.957532],[19.924328,49.957508],[19.924362,49.957515],[19.924372,49.957493],[19.924468,49.957512],[19.924436,49.957588],[19.92442,49.957585],[19.924411,49.957609],[19.924342,49.957598],[19.924351,49.957575],[19.924338,49.957573]]]}},{"type":"Feature","properties":{"gml_id":"budynki.120609_2.0008.571/5.2_BUD","ID_BUDYNKU":"120609_2.0008.571/5.2_BUD","RODZAJ":"m","KONDYGNACJE_NADZIEMNE":"None","KONDYGNACJE_PODZIEMNE":"None","strefa":"w śladzie","warstwa":"budynki"},"geometry":{"type":"Polygon","coordinates":[[[19.924126,49.957597],[19.924152,49.957522],[19.924223,49.957533],[19.924228,49.957519],[19.92427,49.957525],[19.92424,49.957614],[19.924126,49.957597]]]}},{"type":"Feature","properties":{"gml_id":"budynki.120609_2.0008.571/5.3_BUD","ID_BUDYNKU":"120609_2.0008.571/5.3_BUD","RODZAJ":"i","KONDYGNACJE_NADZIEMNE":"None","KONDYGNACJE_PODZIEMNE":"None","strefa":"w śladzie","warstwa":"budynki"},"geometry":{"type":"Polygon","coordinates":[[[19.923813,49.957599],[19.92389,49.957502],[19.92401,49.957542],[19.923932,49.957638],[19.923813,49.957599]]]}},{"type":"Feature","properties":{"gml_id":"budynki.120609_2.0008.571/6.1_BUD","ID_BUDYNKU":"120609_2.0008.571/6.1_BUD","RODZAJ":"i","KONDYGNACJE_NADZIEMNE":"None","KONDYGNACJE_PODZIEMNE":"None","strefa":"w śladzie","warstwa":"budynki"},"geometry":{"type":"Polygon","coordinates":[[[19.923864,49.957278],[19.923961,49.957278],[19.923961,49.957283],[19.923996,49.957284],[19.923996,49.957311],[19.923961,49.957311],[19.923961,49.95733],[19.923864,49.957331],[19.923864,49.957278]]]}},{"type":"Feature","properties":{"gml_id":"budynki.120903_4.0003.20_BUD","ID_BUDYNKU":"120903_4.0003.20_BUD","RODZAJ":"i","KONDYGNACJE_NADZIEMNE":"3","KONDYGNACJE_PODZIEMNE":"1","strefa":"w śladzie","warstwa":"budynki"},"geometry":{"type":"Polygon","coordinates":[[[19.938147,49.820606],[19.938153,49.82059],[19.938177,49.820578],[19.938208,49.820583],[19.938214,49.820566],[19.938281,49.820576],[19.938279,49.820583],[19.938289,49.820585],[19.938275,49.820624],[19.938286,49.820626],[19.938293,49.82061],[19.938319,49.820598],[19.938378,49.820607],[19.938389,49.820622],[19.938403,49.820624],[19.938433,49.820613],[19.938441,49.820614],[19.938474,49.820619],[19.938493,49.820638],[19.938507,49.82064],[19.938467,49.820755],[19.938354,49.820738],[19.93836,49.820721],[19.938353,49.82072],[19.938286,49.82071],[19.938271,49.820751],[19.938217,49.820743],[19.938211,49.820736],[19.938178,49.820731],[19.938183,49.820717],[19.938162,49.820714],[19.938169,49.820695],[19.938113,49.820686],[19.938142,49.820606],[19.938147,49.820606]]]}},{"type":"Feature","properties":{"gml_id":"budynki.120903_4.0003.425_BUD","ID_BUDYNKU":"120903_4.0003.425_BUD","RODZAJ":"i","KONDYGNACJE_NADZIEMNE":"1","KONDYGNACJE_PODZIEMNE":"0","strefa":"w śladzie","warstwa":"budynki"},"geometry":{"type":"Polygon","coordinates":[[[19.939063,49.821888],[19.939041,49.821931],[19.938994,49.821921],[19.939016,49.821878],[19.939063,49.821888]]]}},{"type":"Feature","properties":{"gml_id":"budynki.120903_4.0003.419_BUD","ID_BUDYNKU":"120903_4.0003.419_BUD","RODZAJ":"i","KONDYGNACJE_NADZIEMNE":"1","KONDYGNACJE_PODZIEMNE":"0","strefa":"w śladzie","warstwa":"budynki"},"geometry":{"type":"Polygon","coordinates":[[[19.938433,49.821392],[19.938402,49.821419],[19.938336,49.821387],[19.938367,49.82136],[19.938433,49.821392]]]}},{"type":"Feature","properties":{"gml_id":"budynki.120903_4.0003.428_BUD","ID_BUDYNKU":"120903_4.0003.428_BUD","RODZAJ":"m","KONDYGNACJE_NADZIEMNE":"1","KONDYGNACJE_PODZIEMNE":"0","strefa":"w śladzie","warstwa":"budynki"},"geometry":{"type":"Polygon","coordinates":[[[19.939369,49.822221],[19.939483,49.822173],[19.93958,49.82227],[19.939466,49.822318],[19.939429,49.822281],[19.939369,49.822221]]]}},{"type":"Feature","properties":{"gml_id":"budynki.120903_4.0003.540_BUD","ID_BUDYNKU":"120903_4.0003.540_BUD","RODZAJ":"m","KONDYGNACJE_NADZIEMNE":"2","KONDYGNACJE_PODZIEMNE":"0","strefa":"w śladzie","warstwa":"budynki"},"geometry":{"type":"Polygon","coordinates":[[[19.940643,49.823446],[19.940539,49.82349],[19.940469,49.82342],[19.94045,49.8234],[19.940554,49.823357],[19.940643,49.823446]]]}},{"type":"Feature","properties":{"gml_id":"budynki.120903_4.0003.496_BUD","ID_BUDYNKU":"120903_4.0003.496_BUD","RODZAJ":"m","KONDYGNACJE_NADZIEMNE":"2","KONDYGNACJE_PODZIEMNE":"0","strefa":"w śladzie","warstwa":"budynki"},"geometry":{"type":"Polygon","coordinates":[[[19.942973,49.825045],[19.942903,49.825071],[19.942887,49.825052],[19.942865,49.82506],[19.942854,49.825048],[19.942819,49.82506],[19.942774,49.825009],[19.942822,49.824991],[19.942832,49.825001],[19.942909,49.824973],[19.942973,49.825045]]]}},{"type":"Feature","properties":{"gml_id":"budynki.120903_4.0003.486_BUD","ID_BUDYNKU":"120903_4.0003.486_BUD","RODZAJ":"m","KONDYGNACJE_NADZIEMNE":"3","KONDYGNACJE_PODZIEMNE":"0","strefa":"w śladzie","warstwa":"budynki"},"geometry":{"type":"Polygon","coordinates":[[[19.942761,49.824794],[19.942652,49.824832],[19.942633,49.824809],[19.942619,49.824814],[19.942604,49.824796],[19.942618,49.824791],[19.942585,49.824751],[19.942634,49.824735],[19.942626,49.824725],[19.942731,49.824689],[19.942788,49.824757],[19.942744,49.824773],[19.942761,49.824794]]]}},{"type":"Feature","properties":{"gml_id":"budynki.120903_4.0003.2356_BUD","ID_BUDYNKU":"120903_4.0003.2356_BUD","RODZAJ":"m","KONDYGNACJE_NADZIEMNE":"2","KONDYGNACJE_PODZIEMNE":"1","strefa":"w śladzie","warstwa":"budynki"},"geometry":{"type":"Polygon","coordinates":[[[19.944743,49.826116],[19.94473,49.826212],[19.944589,49.826204],[19.944602,49.826109],[19.944743,49.826116]]]}},{"type":"Feature","properties":{"gml_id":"budynki.120903_4.0003.1880_BUD","ID_BUDYNKU":"120903_4.0003.1880_BUD","RODZAJ":"m","KONDYGNACJE_NADZIEMNE":"3","KONDYGNACJE_PODZIEMNE":"0","strefa":"w śladzie","warstwa":"budynki"},"geometry":{"type":"Polygon","coordinates":[[[19.944327,49.826089],[19.944311,49.826172],[19.944298,49.826242],[19.944187,49.826233],[19.944191,49.826211],[19.944158,49.826209],[19.944167,49.82616],[19.9442,49.826163],[19.944216,49.82608],[19.944327,49.826089]]]}},{"type":"Feature","properties":{"gml_id":"budynki.120903_4.0003.0_BUD","ID_BUDYNKU":"120903_4.0003.0_BUD","RODZAJ":"g","KONDYGNACJE_NADZIEMNE":"1","KONDYGNACJE_PODZIEMNE":"0","strefa":"w śladzie","warstwa":"budynki"},"geometry":{"type":"Polygon","coordinates":[[[19.944293,49.826042],[19.94429,49.826062],[19.944234,49.826059],[19.944237,49.826039],[19.944293,49.826042]]]}},{"type":"Feature","properties":{"gml_id":"budynki.120903_4.0003.1876_BUD","ID_BUDYNKU":"120903_4.0003.1876_BUD","RODZAJ":"i","KONDYGNACJE_NADZIEMNE":"1","KONDYGNACJE_PODZIEMNE":"0","strefa":"w śladzie","warstwa":"budynki"},"geometry":{"type":"Polygon","coordinates":[[[19.945672,49.826667],[19.945686,49.826606],[19.945758,49.826614],[19.945744,49.826675],[19.945672,49.826667]]]}},{"type":"Feature","properties":{"gml_id":"budynki.120903_4.0003.1870_BUD","ID_BUDYNKU":"120903_4.0003.1870_BUD","RODZAJ":"m","KONDYGNACJE_NADZIEMNE":"3","KONDYGNACJE_PODZIEMNE":"1","strefa":"w śladzie","warstwa":"budynki"},"geometry":{"type":"Polygon","coordinates":[[[19.945618,49.826578],[19.9456,49.826645],[19.945586,49.826697],[19.945536,49.826692],[19.945533,49.826703],[19.945498,49.826699],[19.945501,49.826688],[19.94544,49.826681],[19.945454,49.826629],[19.945472,49.826561],[19.945618,49.826578]]]}},{"type":"Feature","properties":{"gml_id":"budynki.120903_4.0003.655_BUD","ID_BUDYNKU":"120903_4.0003.655_BUD","RODZAJ":"i","KONDYGNACJE_NADZIEMNE":"1","KONDYGNACJE_PODZIEMNE":"0","strefa":"w śladzie","warstwa":"budynki"},"geometry":{"type":"Polygon","coordinates":[[[19.947211,49.827136],[19.947368,49.827099],[19.947514,49.82736],[19.947357,49.827396],[19.947211,49.827136]]]}},{"type":"Feature","properties":{"gml_id":"budynki.120903_4.0003.671_BUD","ID_BUDYNKU":"120903_4.0003.671_BUD","RODZAJ":"m","KONDYGNACJE_NADZIEMNE":"2","KONDYGNACJE_PODZIEMNE":"1","strefa":"w śladzie","warstwa":"budynki"},"geometry":{"type":"Polygon","coordinates":[[[19.950014,49.828256],[19.949999,49.828348],[19.949803,49.828335],[19.949806,49.828321],[19.949815,49.828321],[19.949821,49.828283],[19.949828,49.828243],[19.94983,49.828244],[19.950014,49.828256]]]}},{"type":"Feature","properties":{"gml_id":"budynki.120903_4.0003.9_BUD","ID_BUDYNKU":"120903_4.0003.9_BUD","RODZAJ":"i","KONDYGNACJE_NADZIEMNE":"1","KONDYGNACJE_PODZIEMNE":"0","strefa":"w śladzie","warstwa":"budynki"},"geometry":{"type":"Polygon","coordinates":[[[19.950852,49.829199],[19.950809,49.829194],[19.950807,49.82918],[19.950775,49.82918],[19.950774,49.82919],[19.950717,49.829184],[19.950715,49.829137],[19.950698,49.829137],[19.950696,49.829103],[19.950714,49.829103],[19.950709,49.829016],[19.950703,49.829016],[19.950699,49.828942],[19.950742,49.828942],[19.950779,49.828955],[19.95079,49.828981],[19.950792,49.829007],[19.950814,49.829006],[19.950842,49.829024],[19.950847,49.829108],[19.950827,49.829109],[19.950828,49.829129],[19.950848,49.829128],[19.950852,49.829199]]]}},{"type":"Feature","properties":{"gml_id":"budynki.120903_4.0003.2643_BUD","ID_BUDYNKU":"120903_4.0003.2643_BUD","RODZAJ":"m","KONDYGNACJE_NADZIEMNE":"2","KONDYGNACJE_PODZIEMNE":"0","strefa":"w śladzie","warstwa":"budynki"},"geometry":{"type":"Polygon","coordinates":[[[19.945921,49.826444],[19.945904,49.826496],[19.945787,49.826482],[19.945806,49.826418],[19.945876,49.826427],[19.945873,49.826438],[19.945921,49.826444]]]}},{"type":"Feature","properties":{"gml_id":"budynki.120609_2.0010.288/3.1_BUD","ID_BUDYNKU":"120609_2.0010.288/3.1_BUD","RODZAJ":"m","KONDYGNACJE_NADZIEMNE":"None","KONDYGNACJE_PODZIEMNE":"None","strefa":"w śladzie","warstwa":"budynki"},"geometry":{"type":"Polygon","coordinates":[[[19.883601,49.920499],[19.883606,49.920469],[19.883549,49.920465],[19.883566,49.920365],[19.883715,49.920376],[19.883698,49.920476],[19.88367,49.920474],[19.883665,49.920503],[19.883601,49.920499]]]}},{"type":"Feature","properties":{"gml_id":"budynki.120609_2.0010.288/6.2_BUD","ID_BUDYNKU":"120609_2.0010.288/6.2_BUD","RODZAJ":"h","KONDYGNACJE_NADZIEMNE":"None","KONDYGNACJE_PODZIEMNE":"None","strefa":"w śladzie","warstwa":"budynki"},"geometry":{"type":"Polygon","coordinates":[[[19.881184,49.919003],[19.881285,49.918962],[19.88134,49.919019],[19.881239,49.91906],[19.881184,49.919003]]]}},{"type":"Feature","properties":{"gml_id":"budynki.120609_2.0010.288/19.1_BUD","ID_BUDYNKU":"120609_2.0010.288/19.1_BUD","RODZAJ":"s","KONDYGNACJE_NADZIEMNE":"None","KONDYGNACJE_PODZIEMNE":"None","strefa":"w śladzie","warstwa":"budynki"},"geometry":{"type":"Polygon","coordinates":[[[19.881441,49.918721],[19.881543,49.918583],[19.881649,49.918616],[19.881864,49.91868],[19.882084,49.91875],[19.881982,49.918888],[19.881547,49.918754],[19.881441,49.918721]]]}},{"type":"Feature","properties":{"gml_id":"budynki.120903_5.0005.1037_BUD","ID_BUDYNKU":"120903_5.0005.1037_BUD","RODZAJ":"m","KONDYGNACJE_NADZIEMNE":"3","KONDYGNACJE_PODZIEMNE":"0","strefa":"w śladzie","warstwa":"budynki"},"geometry":{"type":"Polygon","coordinates":[[[19.872819,49.912781],[19.872676,49.912837],[19.872579,49.912735],[19.872699,49.912687],[19.87277,49.912761],[19.872792,49.912752],[19.872819,49.912781]]]}},{"type":"Feature","properties":{"gml_id":"budynki.120903_5.0005.2391_BUD","ID_BUDYNKU":"120903_5.0005.2391_BUD","RODZAJ":"g","KONDYGNACJE_NADZIEMNE":"1","KONDYGNACJE_PODZIEMNE":"0","strefa":"w śladzie","warstwa":"budynki"},"geometry":{"type":"Polygon","coordinates":[[[19.872816,49.912556],[19.872913,49.912518],[19.873014,49.912624],[19.873296,49.912513],[19.873355,49.912575],[19.872905,49.912752],[19.872859,49.912703],[19.872929,49.912676],[19.872816,49.912556]]]}},{"type":"Feature","properties":{"gml_id":"budynki.120903_5.0005.2541_BUD","ID_BUDYNKU":"120903_5.0005.2541_BUD","RODZAJ":"i","KONDYGNACJE_NADZIEMNE":"1","KONDYGNACJE_PODZIEMNE":"0","strefa":"w śladzie","warstwa":"budynki"},"geometry":{"type":"Polygon","coordinates":[[[19.873734,49.913096],[19.873521,49.913215],[19.873264,49.913024],[19.873477,49.912905],[19.873734,49.913096]]]}},{"type":"Feature","properties":{"gml_id":"budynki.120903_5.0005.1080_BUD","ID_BUDYNKU":"120903_5.0005.1080_BUD","RODZAJ":"i","KONDYGNACJE_NADZIEMNE":"1","KONDYGNACJE_PODZIEMNE":"0","strefa":"w śladzie","warstwa":"budynki"},"geometry":{"type":"Polygon","coordinates":[[[19.873899,49.913204],[19.873691,49.913327],[19.873596,49.913259],[19.873804,49.913137],[19.873899,49.913204]]]}},{"type":"Feature","properties":{"gml_id":"budynki.120903_5.0005.2542_BUD","ID_BUDYNKU":"120903_5.0005.2542_BUD","RODZAJ":"i","KONDYGNACJE_NADZIEMNE":"1","KONDYGNACJE_PODZIEMNE":"0","strefa":"w śladzie","warstwa":"budynki"},"geometry":{"type":"Polygon","coordinates":[[[19.873693,49.913328],[19.87363,49.913365],[19.873533,49.913296],[19.873596,49.913259],[19.873691,49.913327],[19.873693,49.913328]]]}},{"type":"Feature","properties":{"gml_id":"budynki.120903_5.0005.2402_BUD","ID_BUDYNKU":"120903_5.0005.2402_BUD","RODZAJ":"i","KONDYGNACJE_NADZIEMNE":"1","KONDYGNACJE_PODZIEMNE":"0","strefa":"w śladzie","warstwa":"budynki"},"geometry":{"type":"Polygon","coordinates":[[[19.875764,49.915677],[19.87574,49.915687],[19.875722,49.915667],[19.875764,49.915651],[19.875788,49.915678],[19.875771,49.915685],[19.875764,49.915677]]]}},{"type":"Feature","properties":{"gml_id":"budynki.120903_5.0005.1238_BUD","ID_BUDYNKU":"120903_5.0005.1238_BUD","RODZAJ":"m","KONDYGNACJE_NADZIEMNE":"1","KONDYGNACJE_PODZIEMNE":"0","strefa":"w śladzie","warstwa":"budynki"},"geometry":{"type":"Polygon","coordinates":[[[19.875514,49.915695],[19.875526,49.915691],[19.875498,49.915662],[19.875619,49.915614],[19.875658,49.915656],[19.875651,49.915659],[19.875705,49.915717],[19.875615,49.915752],[19.875611,49.915749],[19.875602,49.915739],[19.875588,49.915745],[19.87558,49.915748],[19.875541,49.915707],[19.875529,49.915712],[19.875514,49.915695]]]}},{"type":"Feature","properties":{"gml_id":"budynki.120903_5.0005.1013_BUD","ID_BUDYNKU":"120903_5.0005.1013_BUD","RODZAJ":"m","KONDYGNACJE_NADZIEMNE":"2","KONDYGNACJE_PODZIEMNE":"0","strefa":"w śladzie","warstwa":"budynki"},"geometry":{"type":"Polygon","coordinates":[[[19.888844,49.881173],[19.888781,49.881194],[19.888728,49.881128],[19.888792,49.881107],[19.888808,49.881128],[19.888827,49.881121],[19.888803,49.88109],[19.888908,49.881055],[19.888926,49.881049],[19.888953,49.881084],[19.888935,49.88109],[19.888968,49.881132],[19.888844,49.881173]]]}},{"type":"Feature","properties":{"gml_id":"budynki.120903_5.0008.1251_BUD","ID_BUDYNKU":"120903_5.0008.1251_BUD","RODZAJ":"m","KONDYGNACJE_NADZIEMNE":"2","KONDYGNACJE_PODZIEMNE":"0","strefa":"w śladzie","warstwa":"budynki"},"geometry":{"type":"Polygon","coordinates":[[[19.889221,49.88101],[19.889199,49.881006],[19.88919,49.88099],[19.889198,49.880974],[19.889221,49.880967],[19.889246,49.880972],[19.889249,49.880977],[19.889279,49.880969],[19.889294,49.880965],[19.889301,49.880977],[19.889367,49.880959],[19.88936,49.880947],[19.889423,49.88093],[19.889476,49.881012],[19.889333,49.881051],[19.889337,49.881058],[19.889265,49.881078],[19.889221,49.88101]]]}},{"type":"Feature","properties":{"gml_id":"budynki.120903_5.0005.1845_BUD","ID_BUDYNKU":"120903_5.0005.1845_BUD","RODZAJ":"g","KONDYGNACJE_NADZIEMNE":"1","KONDYGNACJE_PODZIEMNE":"0","strefa":"w śladzie","warstwa":"budynki"},"geometry":{"type":"Polygon","coordinates":[[[19.888681,49.881046],[19.888636,49.881061],[19.8886,49.881017],[19.888645,49.881002],[19.888681,49.881046]]]}},{"type":"Feature","properties":{"gml_id":"budynki.120903_5.0005.2434_BUD","ID_BUDYNKU":"120903_5.0005.2434_BUD","RODZAJ":"g","KONDYGNACJE_NADZIEMNE":"1","KONDYGNACJE_PODZIEMNE":"0","strefa":"w śladzie","warstwa":"budynki"},"geometry":{"type":"Polygon","coordinates":[[[19.888302,49.881002],[19.888411,49.880973],[19.888442,49.881025],[19.888421,49.88103],[19.888442,49.881064],[19.888463,49.881058],[19.888494,49.881107],[19.888384,49.881136],[19.888302,49.881002]]]}},{"type":"Feature","properties":{"gml_id":"budynki.120903_5.0005.1009_BUD","ID_BUDYNKU":"120903_5.0005.1009_BUD","RODZAJ":"m","KONDYGNACJE_NADZIEMNE":"2","KONDYGNACJE_PODZIEMNE":"0","strefa":"w śladzie","warstwa":"budynki"},"geometry":{"type":"Polygon","coordinates":[[[19.888495,49.880855],[19.888586,49.880827],[19.888599,49.880823],[19.888587,49.880807],[19.888642,49.880789],[19.888654,49.880805],[19.888658,49.880804],[19.888707,49.880868],[19.888588,49.880905],[19.888543,49.880919],[19.888495,49.880855]]]}},{"type":"Feature","properties":{"gml_id":"budynki.120903_5.0005.1105_BUD","ID_BUDYNKU":"120903_5.0005.1105_BUD","RODZAJ":"g","KONDYGNACJE_NADZIEMNE":"1","KONDYGNACJE_PODZIEMNE":"0","strefa":"w śladzie","warstwa":"budynki"},"geometry":{"type":"Polygon","coordinates":[[[19.876108,49.886794],[19.876262,49.886785],[19.876274,49.886854],[19.876119,49.886863],[19.876108,49.886794]]]}},{"type":"Feature","properties":{"gml_id":"budynki.120903_5.0005.1104_BUD","ID_BUDYNKU":"120903_5.0005.1104_BUD","RODZAJ":"g","KONDYGNACJE_NADZIEMNE":"1","KONDYGNACJE_PODZIEMNE":"0","strefa":"w śladzie","warstwa":"budynki"},"geometry":{"type":"Polygon","coordinates":[[[19.876066,49.886716],[19.876141,49.886713],[19.876151,49.886787],[19.876077,49.886791],[19.876066,49.886716]]]}},{"type":"Feature","properties":{"gml_id":"budynki.120903_5.0005.1103_BUD","ID_BUDYNKU":"120903_5.0005.1103_BUD","RODZAJ":"m","KONDYGNACJE_NADZIEMNE":"2","KONDYGNACJE_PODZIEMNE":"0","strefa":"w śladzie","warstwa":"budynki"},"geometry":{"type":"Polygon","coordinates":[[[19.875944,49.886558],[19.876101,49.886557],[19.876103,49.886648],[19.875947,49.88665],[19.875944,49.886558]]]}},{"type":"Feature","properties":{"gml_id":"budynki.120903_5.0005.1112_BUD","ID_BUDYNKU":"120903_5.0005.1112_BUD","RODZAJ":"m","KONDYGNACJE_NADZIEMNE":"1","KONDYGNACJE_PODZIEMNE":"0","strefa":"w śladzie","warstwa":"budynki"},"geometry":{"type":"Polygon","coordinates":[[[19.876809,49.885912],[19.876958,49.885909],[19.876973,49.885909],[19.876974,49.885933],[19.876974,49.885948],[19.876976,49.885984],[19.876976,49.88599],[19.876813,49.885994],[19.876809,49.885912]]]}},{"type":"Feature","properties":{"gml_id":"budynki.120903_5.0005.1113_BUD","ID_BUDYNKU":"120903_5.0005.1113_BUD","RODZAJ":"g","KONDYGNACJE_NADZIEMNE":"1","KONDYGNACJE_PODZIEMNE":"0","strefa":"w śladzie","warstwa":"budynki"},"geometry":{"type":"Polygon","coordinates":[[[19.87667,49.885955],[19.876683,49.885955],[19.876682,49.885914],[19.876809,49.885912],[19.876813,49.885994],[19.876717,49.885995],[19.876718,49.886014],[19.876674,49.886015],[19.876671,49.885975],[19.876671,49.885966],[19.87667,49.885955]]]}},{"type":"Feature","properties":{"gml_id":"budynki.120903_5.0005.1187_BUD","ID_BUDYNKU":"120903_5.0005.1187_BUD","RODZAJ":"m","KONDYGNACJE_NADZIEMNE":"3","KONDYGNACJE_PODZIEMNE":"0","strefa":"w śladzie","warstwa":"budynki"},"geometry":{"type":"Polygon","coordinates":[[[19.874544,49.891089],[19.874679,49.891067],[19.874717,49.891163],[19.874583,49.891185],[19.874564,49.891138],[19.874553,49.89111],[19.874544,49.891089]]]}},{"type":"Feature","properties":{"gml_id":"budynki.120903_5.0005.1189_BUD","ID_BUDYNKU":"120903_5.0005.1189_BUD","RODZAJ":"m","KONDYGNACJE_NADZIEMNE":"2","KONDYGNACJE_PODZIEMNE":"1","strefa":"w śladzie","warstwa":"budynki"},"geometry":{"type":"Polygon","coordinates":[[[19.875013,49.891267],[19.874984,49.891271],[19.87495,49.891177],[19.87508,49.891157],[19.875091,49.891186],[19.875109,49.891191],[19.875118,49.891215],[19.875104,49.891224],[19.875114,49.891252],[19.875054,49.891261],[19.875013,49.891267]]]}},{"type":"Feature","properties":{"gml_id":"budynki.120903_5.0005.1184_BUD","ID_BUDYNKU":"120903_5.0005.1184_BUD","RODZAJ":"m","KONDYGNACJE_NADZIEMNE":"1","KONDYGNACJE_PODZIEMNE":"1","strefa":"w śladzie","warstwa":"budynki"},"geometry":{"type":"Polygon","coordinates":[[[19.874177,49.891289],[19.87422,49.891282],[19.874214,49.891265],[19.874249,49.891261],[19.874308,49.891253],[19.874347,49.891366],[19.874292,49.891374],[19.874248,49.89138],[19.874213,49.891385],[19.874177,49.891289]]]}},{"type":"Feature","properties":{"gml_id":"budynki.120903_5.0005.1164_BUD","ID_BUDYNKU":"120903_5.0005.1164_BUD","RODZAJ":"m","KONDYGNACJE_NADZIEMNE":"2","KONDYGNACJE_PODZIEMNE":"1","strefa":"w śladzie","warstwa":"budynki"},"geometry":{"type":"Polygon","coordinates":[[[19.875484,49.889853],[19.875462,49.889786],[19.875453,49.889759],[19.875498,49.889753],[19.87556,49.889744],[19.875585,49.889741],[19.875586,49.889744],[19.875591,49.88976],[19.875593,49.889766],[19.8756,49.889787],[19.875567,49.889791],[19.875575,49.889817],[19.875583,49.88984],[19.875575,49.889841],[19.875484,49.889853]]]}},{"type":"Feature","properties":{"gml_id":"budynki.120903_5.0005.1162_BUD","ID_BUDYNKU":"120903_5.0005.1162_BUD","RODZAJ":"m","KONDYGNACJE_NADZIEMNE":"2","KONDYGNACJE_PODZIEMNE":"0","strefa":"w śladzie","warstwa":"budynki"},"geometry":{"type":"Polygon","coordinates":[[[19.874939,49.890258],[19.874975,49.890251],[19.875126,49.890221],[19.875163,49.890296],[19.875128,49.890303],[19.875102,49.890308],[19.875059,49.890317],[19.875013,49.890327],[19.874995,49.890294],[19.87496,49.890301],[19.874939,49.890258]]]}},{"type":"Feature","properties":{"gml_id":"budynki.120903_5.0005.1163_BUD","ID_BUDYNKU":"120903_5.0005.1163_BUD","RODZAJ":"m","KONDYGNACJE_NADZIEMNE":"1","KONDYGNACJE_PODZIEMNE":"1","strefa":"w śladzie","warstwa":"budynki"},"geometry":{"type":"Polygon","coordinates":[[[19.874722,49.890275],[19.874812,49.890256],[19.874821,49.890273],[19.874829,49.890289],[19.874834,49.890298],[19.874866,49.890291],[19.874883,49.890323],[19.874864,49.890327],[19.874884,49.890366],[19.874783,49.890388],[19.874722,49.890275]]]}},{"type":"Feature","properties":{"gml_id":"budynki.120903_5.0005.1136_BUD","ID_BUDYNKU":"120903_5.0005.1136_BUD","RODZAJ":"m","KONDYGNACJE_NADZIEMNE":"2","KONDYGNACJE_PODZIEMNE":"0","strefa":"w śladzie","warstwa":"budynki"},"geometry":{"type":"Polygon","coordinates":[[[19.875272,49.889918],[19.875219,49.889928],[19.875224,49.889938],[19.875127,49.889956],[19.875079,49.889847],[19.875132,49.889838],[19.875128,49.889828],[19.875171,49.88982],[19.875176,49.889831],[19.87523,49.889821],[19.875272,49.889918]]]}},{"type":"Feature","properties":{"gml_id":"budynki.120903_5.0005.1159_BUD","ID_BUDYNKU":"120903_5.0005.1159_BUD","RODZAJ":"m","KONDYGNACJE_NADZIEMNE":"2","KONDYGNACJE_PODZIEMNE":"0","strefa":"w śladzie","warstwa":"budynki"},"geometry":{"type":"Polygon","coordinates":[[[19.874815,49.889803],[19.874938,49.88978],[19.874953,49.889816],[19.874929,49.889821],[19.874943,49.889851],[19.874956,49.889848],[19.874966,49.889871],[19.874953,49.889874],[19.874967,49.889904],[19.874868,49.889923],[19.874854,49.889893],[19.87484,49.889896],[19.874829,49.889872],[19.874843,49.889869],[19.87483,49.88984],[19.874815,49.889803]]]}},{"type":"Feature","properties":{"gml_id":"budynki.120903_5.0005.1101_BUD","ID_BUDYNKU":"120903_5.0005.1101_BUD","RODZAJ":"m","KONDYGNACJE_NADZIEMNE":"2","KONDYGNACJE_PODZIEMNE":"1","strefa":"w śladzie","warstwa":"budynki"},"geometry":{"type":"Polygon","coordinates":[[[19.876197,49.887351],[19.876273,49.887348],[19.876336,49.887346],[19.876381,49.887345],[19.876405,49.887344],[19.876411,49.887431],[19.876202,49.887438],[19.876197,49.887351]]]}},{"type":"Feature","properties":{"gml_id":"budynki.120903_5.0005.1102_BUD","ID_BUDYNKU":"120903_5.0005.1102_BUD","RODZAJ":"g","KONDYGNACJE_NADZIEMNE":"1","KONDYGNACJE_PODZIEMNE":"0","strefa":"w śladzie","warstwa":"budynki"},"geometry":{"type":"Polygon","coordinates":[[[19.876035,49.887271],[19.87615,49.887267],[19.876154,49.887299],[19.876123,49.887299],[19.876127,49.887367],[19.876042,49.887369],[19.876035,49.887271]]]}},{"type":"Feature","properties":{"gml_id":"budynki.120903_5.0005.2573_BUD","ID_BUDYNKU":"120903_5.0005.2573_BUD","RODZAJ":"m","KONDYGNACJE_NADZIEMNE":"2","KONDYGNACJE_PODZIEMNE":"0","strefa":"w śladzie","warstwa":"budynki"},"geometry":{"type":"Polygon","coordinates":[[[19.875765,49.887227],[19.875668,49.887231],[19.87566,49.887143],[19.875719,49.887141],[19.875719,49.887146],[19.875806,49.887142],[19.875814,49.887222],[19.875764,49.887224],[19.875765,49.887227]]]}},{"type":"Feature","properties":{"gml_id":"budynki.120903_5.0007.1136_BUD","ID_BUDYNKU":"120903_5.0007.1136_BUD","RODZAJ":"i","KONDYGNACJE_NADZIEMNE":"2","KONDYGNACJE_PODZIEMNE":"1","strefa":"w śladzie","warstwa":"budynki"},"geometry":{"type":"Polygon","coordinates":[[[19.909449,49.858372],[19.909462,49.858343],[19.909533,49.858356],[19.90952,49.858385],[19.909449,49.858372]]]}},{"type":"Feature","properties":{"gml_id":"budynki.120903_5.0007.594_BUD","ID_BUDYNKU":"120903_5.0007.594_BUD","RODZAJ":"g","KONDYGNACJE_NADZIEMNE":"1","KONDYGNACJE_PODZIEMNE":"0","strefa":"w śladzie","warstwa":"budynki"},"geometry":{"type":"Polygon","coordinates":[[[19.909188,49.858748],[19.909216,49.858696],[19.909299,49.858714],[19.909271,49.858767],[19.909188,49.858748]]]}},{"type":"Feature","properties":{"gml_id":"budynki.120903_5.0007.595_BUD","ID_BUDYNKU":"120903_5.0007.595_BUD","RODZAJ":"m","KONDYGNACJE_NADZIEMNE":"2","KONDYGNACJE_PODZIEMNE":"1","strefa":"w śladzie","warstwa":"budynki"},"geometry":{"type":"Polygon","coordinates":[[[19.909246,49.858573],[19.909213,49.858568],[19.909181,49.858564],[19.909219,49.858458],[19.909364,49.858479],[19.909327,49.858585],[19.909246,49.858573]]]}},{"type":"Feature","properties":{"gml_id":"budynki.120903_5.0007.597_BUD","ID_BUDYNKU":"120903_5.0007.597_BUD","RODZAJ":"m","KONDYGNACJE_NADZIEMNE":"3","KONDYGNACJE_PODZIEMNE":"0","strefa":"w śladzie","warstwa":"budynki"},"geometry":{"type":"Polygon","coordinates":[[[19.909179,49.861533],[19.909203,49.861443],[19.90937,49.861462],[19.909346,49.861552],[19.909285,49.861545],[19.909281,49.86156],[19.90924,49.861555],[19.909241,49.861551],[19.909244,49.86154],[19.909179,49.861533]]]}},{"type":"Feature","properties":{"gml_id":"budynki.120903_5.0007.596_BUD","ID_BUDYNKU":"120903_5.0007.596_BUD","RODZAJ":"i","KONDYGNACJE_NADZIEMNE":"1","KONDYGNACJE_PODZIEMNE":"0","strefa":"w śladzie","warstwa":"budynki"},"geometry":{"type":"Polygon","coordinates":[[[19.909164,49.861755],[19.909191,49.861659],[19.909306,49.861672],[19.909275,49.861785],[19.909194,49.861776],[19.909199,49.861759],[19.909164,49.861755]]]}},{"type":"Feature","properties":{"gml_id":"budynki.120903_5.0007.631_BUD","ID_BUDYNKU":"120903_5.0007.631_BUD","RODZAJ":"g","KONDYGNACJE_NADZIEMNE":"1","KONDYGNACJE_PODZIEMNE":"0","strefa":"w śladzie","warstwa":"budynki"},"geometry":{"type":"Polygon","coordinates":[[[19.910111,49.86724],[19.910064,49.867308],[19.910012,49.867293],[19.91002,49.867281],[19.909969,49.867266],[19.909961,49.867279],[19.909927,49.867269],[19.909974,49.867201],[19.910111,49.86724]]]}},{"type":"Feature","properties":{"gml_id":"budynki.120903_5.0007.943_BUD","ID_BUDYNKU":"120903_5.0007.943_BUD","RODZAJ":"m","KONDYGNACJE_NADZIEMNE":"3","KONDYGNACJE_PODZIEMNE":"0","strefa":"w śladzie","warstwa":"budynki"},"geometry":{"type":"Polygon","coordinates":[[[19.909724,49.867546],[19.909726,49.86754],[19.909701,49.867537],[19.909708,49.867517],[19.90973,49.86752],[19.909744,49.867456],[19.909881,49.86747],[19.90995,49.867476],[19.909947,49.867488],[19.909992,49.867491],[19.909982,49.867536],[19.909869,49.867527],[19.909862,49.867559],[19.909724,49.867546]]]}},{"type":"Feature","properties":{"gml_id":"budynki.120903_4.0002.2899_BUD","ID_BUDYNKU":"120903_4.0002.2899_BUD","RODZAJ":"m","KONDYGNACJE_NADZIEMNE":"2","KONDYGNACJE_PODZIEMNE":"1","strefa":"w śladzie","warstwa":"budynki"},"geometry":{"type":"Polygon","coordinates":[[[19.924514,49.848435],[19.924541,49.848422],[19.924559,49.848439],[19.924704,49.848375],[19.924798,49.848465],[19.924766,49.848478],[19.924767,49.84848],[19.924736,49.848493],[19.924719,49.848501],[19.924688,49.848515],[19.924687,49.848513],[19.924685,49.848514],[19.924653,49.848528],[19.924625,49.84854],[19.924514,49.848435]]]}},{"type":"Feature","properties":{"gml_id":"budynki.120903_4.0002.2898_BUD","ID_BUDYNKU":"120903_4.0002.2898_BUD","RODZAJ":"i","KONDYGNACJE_NADZIEMNE":"1","KONDYGNACJE_PODZIEMNE":"0","strefa":"w śladzie","warstwa":"budynki"},"geometry":{"type":"Polygon","coordinates":[[[19.924243,49.848617],[19.924459,49.848503],[19.924594,49.848607],[19.924377,49.848722],[19.924243,49.848617]]]}},{"type":"Feature","properties":{"gml_id":"budynki.120903_5.0005.1466_BUD","ID_BUDYNKU":"120903_5.0005.1466_BUD","RODZAJ":"g","KONDYGNACJE_NADZIEMNE":"1","KONDYGNACJE_PODZIEMNE":"0","strefa":"w śladzie","warstwa":"budynki"},"geometry":{"type":"Polygon","coordinates":[[[19.871376,49.902844],[19.871656,49.902812],[19.871663,49.902838],[19.871677,49.902902],[19.871398,49.902932],[19.871376,49.902844]]]}},{"type":"Feature","properties":{"gml_id":"budynki.120903_5.0005.697_BUD","ID_BUDYNKU":"120903_5.0005.697_BUD","RODZAJ":"h","KONDYGNACJE_NADZIEMNE":"1","KONDYGNACJE_PODZIEMNE":"0","strefa":"w śladzie","warstwa":"budynki"},"geometry":{"type":"Polygon","coordinates":[[[19.870646,49.902627],[19.870692,49.902547],[19.870912,49.902601],[19.870823,49.902752],[19.870709,49.902724],[19.870751,49.902652],[19.870646,49.902627]]]}},{"type":"Feature","properties":{"gml_id":"budynki.120903_5.0005.1465_BUD","ID_BUDYNKU":"120903_5.0005.1465_BUD","RODZAJ":"m","KONDYGNACJE_NADZIEMNE":"2","KONDYGNACJE_PODZIEMNE":"0","strefa":"w śladzie","warstwa":"budynki"},"geometry":{"type":"Polygon","coordinates":[[[19.871589,49.902735],[19.871688,49.90266],[19.871789,49.902716],[19.871767,49.902733],[19.871747,49.902749],[19.871733,49.90276],[19.871691,49.902791],[19.871589,49.902735]]]}},{"type":"Feature","properties":{"gml_id":"budynki.120903_5.0005.1573_BUD","ID_BUDYNKU":"120903_5.0005.1573_BUD","RODZAJ":"h","KONDYGNACJE_NADZIEMNE":"2","KONDYGNACJE_PODZIEMNE":"0","strefa":"w śladzie","warstwa":"budynki"},"geometry":{"type":"Polygon","coordinates":[[[19.871459,49.904625],[19.871422,49.904714],[19.871149,49.904666],[19.871186,49.904577],[19.871459,49.904625]]]}},{"type":"Feature","properties":{"gml_id":"budynki.126104_9.0093.382/8.1_BUD","ID_BUDYNKU":"126104_9.0093.382/8.1_BUD","RODZAJ":"m","KONDYGNACJE_NADZIEMNE":"brak_uprawnień","KONDYGNACJE_PODZIEMNE":"brak_uprawnień","strefa":"w śladzie","warstwa":"budynki"},"geometry":{"type":"Polygon","coordinates":[[[19.94684,49.973722],[19.946776,49.973721],[19.946776,49.973707],[19.946778,49.97358],[19.94685,49.97358],[19.946901,49.97358],[19.946901,49.973599],[19.946899,49.973722],[19.94684,49.973722]]]}},{"type":"Feature","properties":{"gml_id":"budynki.126104_9.0093.381/23.1_BUD","ID_BUDYNKU":"126104_9.0093.381/23.1_BUD","RODZAJ":"m","KONDYGNACJE_NADZIEMNE":"brak_uprawnień","KONDYGNACJE_PODZIEMNE":"brak_uprawnień","strefa":"w śladzie","warstwa":"budynki"},"geometry":{"type":"Polygon","coordinates":[[[19.94584,49.973591],[19.945982,49.973591],[19.945982,49.973629],[19.945982,49.973653],[19.945982,49.973667],[19.945982,49.973705],[19.945841,49.973705],[19.945841,49.973696],[19.94579,49.973696],[19.945789,49.97364],[19.94584,49.97364],[19.94584,49.973618],[19.94584,49.973591]]]}},{"type":"Feature","properties":{"gml_id":"budynki.120609_2.0008.167/3.1_BUD","ID_BUDYNKU":"120609_2.0008.167/3.1_BUD","RODZAJ":"g","KONDYGNACJE_NADZIEMNE":"None","KONDYGNACJE_PODZIEMNE":"None","strefa":"w śladzie","warstwa":"budynki"},"geometry":{"type":"Polygon","coordinates":[[[19.936288,49.968344],[19.936391,49.968317],[19.93642,49.968356],[19.936409,49.968364],[19.936407,49.968363],[19.936357,49.9684],[19.936345,49.968408],[19.936314,49.968386],[19.936288,49.968344]]]}},{"type":"Feature","properties":{"gml_id":"budynki.120609_2.0008.167/3.3_BUD","ID_BUDYNKU":"120609_2.0008.167/3.3_BUD","RODZAJ":"g","KONDYGNACJE_NADZIEMNE":"None","KONDYGNACJE_PODZIEMNE":"None","strefa":"w śladzie","warstwa":"budynki"},"geometry":{"type":"Polygon","coordinates":[[[19.936398,49.968415],[19.936442,49.968385],[19.936483,49.968393],[19.936444,49.968438],[19.936398,49.968415]]]}},{"type":"Feature","properties":{"gml_id":"budynki.120609_2.0008.167/3.2_BUD","ID_BUDYNKU":"120609_2.0008.167/3.2_BUD","RODZAJ":"g","KONDYGNACJE_NADZIEMNE":"None","KONDYGNACJE_PODZIEMNE":"None","strefa":"w śladzie","warstwa":"budynki"},"geometry":{"type":"Polygon","coordinates":[[[19.936357,49.9684],[19.936407,49.968363],[19.936409,49.968364],[19.936442,49.968385],[19.936398,49.968415],[19.93639,49.968421],[19.936357,49.9684]]]}},{"type":"Feature","properties":{"gml_id":"budynki.120609_2.0008.197/2.1_BUD","ID_BUDYNKU":"120609_2.0008.197/2.1_BUD","RODZAJ":"m","KONDYGNACJE_NADZIEMNE":"None","KONDYGNACJE_PODZIEMNE":"None","strefa":"w śladzie","warstwa":"budynki"},"geometry":{"type":"Polygon","coordinates":[[[19.937657,49.968182],[19.9377,49.968168],[19.937708,49.968165],[19.937711,49.968169],[19.937731,49.968163],[19.937727,49.968157],[19.937734,49.968155],[19.937723,49.968141],[19.93781,49.968113],[19.937864,49.968182],[19.937828,49.968194],[19.937865,49.968241],[19.937736,49.968283],[19.937707,49.968246],[19.937695,49.96825],[19.937673,49.968223],[19.937686,49.968219],[19.937657,49.968182]]]}},{"type":"Feature","properties":{"gml_id":"budynki.120609_2.0008.167/4.1_BUD","ID_BUDYNKU":"120609_2.0008.167/4.1_BUD","RODZAJ":"m","KONDYGNACJE_NADZIEMNE":"None","KONDYGNACJE_PODZIEMNE":"None","strefa":"w śladzie","warstwa":"budynki"},"geometry":{"type":"Polygon","coordinates":[[[19.936464,49.968202],[19.936494,49.968202],[19.936492,49.968146],[19.936634,49.968142],[19.936636,49.968179],[19.936637,49.968184],[19.936628,49.968184],[19.936629,49.968196],[19.936654,49.968195],[19.936657,49.968255],[19.936519,49.968258],[19.936519,49.968275],[19.936469,49.968276],[19.936464,49.968202]]]}},{"type":"Feature","properties":{"gml_id":"budynki.120609_2.0008.481/2.1_BUD","ID_BUDYNKU":"120609_2.0008.481/2.1_BUD","RODZAJ":"m","KONDYGNACJE_NADZIEMNE":"None","KONDYGNACJE_PODZIEMNE":"None","strefa":"w śladzie","warstwa":"budynki"},"geometry":{"type":"Polygon","coordinates":[[[19.936551,49.967961],[19.936439,49.967998],[19.936364,49.967903],[19.936399,49.967892],[19.936404,49.967881],[19.936425,49.967874],[19.936442,49.967878],[19.936476,49.967867],[19.936551,49.967961]]]}},{"type":"Feature","properties":{"gml_id":"budynki.120903_5.0005.1182_BUD","ID_BUDYNKU":"120903_5.0005.1182_BUD","RODZAJ":"m","KONDYGNACJE_NADZIEMNE":"2","KONDYGNACJE_PODZIEMNE":"1","strefa":"w śladzie","warstwa":"budynki"},"geometry":{"type":"Polygon","coordinates":[[[19.874588,49.891568],[19.874695,49.891547],[19.874752,49.891535],[19.874789,49.891616],[19.874625,49.891648],[19.874588,49.891568]]]}},{"type":"Feature","properties":{"gml_id":"budynki.126104_9.0091.145/13.1_BUD","ID_BUDYNKU":"126104_9.0091.145/13.1_BUD","RODZAJ":"m","KONDYGNACJE_NADZIEMNE":"brak_uprawnień","KONDYGNACJE_PODZIEMNE":"brak_uprawnień","strefa":"w śladzie","warstwa":"budynki"},"geometry":{"type":"Polygon","coordinates":[[[19.970121,49.993173],[19.970127,49.993155],[19.970065,49.993147],[19.970102,49.993036],[19.970216,49.993052],[19.970193,49.993123],[19.970245,49.99313],[19.970226,49.993187],[19.970121,49.993173]]]}},{"type":"Feature","properties":{"gml_id":"budynki.126104_9.0091.145/10.1_BUD","ID_BUDYNKU":"126104_9.0091.145/10.1_BUD","RODZAJ":"m","KONDYGNACJE_NADZIEMNE":"brak_uprawnień","KONDYGNACJE_PODZIEMNE":"brak_uprawnień","strefa":"w śladzie","warstwa":"budynki"},"geometry":{"type":"Polygon","coordinates":[[[19.969606,49.9931],[19.969622,49.993053],[19.969649,49.993057],[19.969672,49.992986],[19.969777,49.993],[19.969736,49.993118],[19.969606,49.9931]]]}},{"type":"Feature","properties":{"gml_id":"budynki.126104_9.0091.165/2.1_BUD","ID_BUDYNKU":"126104_9.0091.165/2.1_BUD","RODZAJ":"m","KONDYGNACJE_NADZIEMNE":"brak_uprawnień","KONDYGNACJE_PODZIEMNE":"brak_uprawnień","strefa":"w śladzie","warstwa":"budynki"},"geometry":{"type":"Polygon","coordinates":[[[19.970177,49.992751],[19.970194,49.992696],[19.970162,49.992691],[19.970173,49.992659],[19.970205,49.992663],[19.970373,49.992687],[19.970343,49.992775],[19.970294,49.992768],[19.97029,49.992778],[19.970246,49.992771],[19.97025,49.992761],[19.970177,49.992751]]]}},{"type":"Feature","properties":{"gml_id":"budynki.126104_9.0091.165/1.1_BUD","ID_BUDYNKU":"126104_9.0091.165/1.1_BUD","RODZAJ":"m","KONDYGNACJE_NADZIEMNE":"brak_uprawnień","KONDYGNACJE_PODZIEMNE":"brak_uprawnień","strefa":"w śladzie","warstwa":"budynki"},"geometry":{"type":"Polygon","coordinates":[[[19.970341,49.992845],[19.97032,49.992911],[19.970346,49.992914],[19.97033,49.992965],[19.970237,49.992952],[19.970246,49.992924],[19.970175,49.992914],[19.97019,49.992872],[19.970233,49.992879],[19.97025,49.992833],[19.970341,49.992845]]]}},{"type":"Feature","properties":{"gml_id":"budynki.126104_9.0091.145/12.1_BUD","ID_BUDYNKU":"126104_9.0091.145/12.1_BUD","RODZAJ":"m","KONDYGNACJE_NADZIEMNE":"brak_uprawnień","KONDYGNACJE_PODZIEMNE":"brak_uprawnień","strefa":"w śladzie","warstwa":"budynki"},"geometry":{"type":"Polygon","coordinates":[[[19.969964,49.993421],[19.969984,49.993364],[19.970065,49.993375],[19.970072,49.993354],[19.970058,49.993352],[19.970059,49.993348],[19.970019,49.993343],[19.970039,49.993293],[19.97019,49.993316],[19.970172,49.993366],[19.970151,49.993363],[19.970142,49.993388],[19.97019,49.993395],[19.970172,49.993451],[19.969964,49.993421]]]}},{"type":"Feature","properties":{"gml_id":"budynki.126104_9.0091.159/8.1_BUD","ID_BUDYNKU":"126104_9.0091.159/8.1_BUD","RODZAJ":"m","KONDYGNACJE_NADZIEMNE":"brak_uprawnień","KONDYGNACJE_PODZIEMNE":"brak_uprawnień","strefa":"w śladzie","warstwa":"budynki"},"geometry":{"type":"Polygon","coordinates":[[[19.969866,49.994636],[19.96987,49.994555],[19.969927,49.994557],[19.969927,49.994542],[19.969983,49.994543],[19.970049,49.994544],[19.970047,49.994576],[19.970059,49.994577],[19.970057,49.994612],[19.970047,49.994612],[19.970045,49.994644],[19.969923,49.994642],[19.969923,49.994637],[19.969866,49.994636]]]}},{"type":"Feature","properties":{"gml_id":"budynki.126104_9.0094.108/1.2_BUD","ID_BUDYNKU":"126104_9.0094.108/1.2_BUD","RODZAJ":"i","KONDYGNACJE_NADZIEMNE":"brak_uprawnień","KONDYGNACJE_PODZIEMNE":"brak_uprawnień","strefa":"w śladzie","warstwa":"budynki"},"geometry":{"type":"Polygon","coordinates":[[[19.964264,49.983893],[19.964369,49.983911],[19.964343,49.983972],[19.964238,49.983953],[19.964264,49.983893]]]}},{"type":"Feature","properties":{"gml_id":"budynki.126104_9.0094.108/1.1_BUD","ID_BUDYNKU":"126104_9.0094.108/1.1_BUD","RODZAJ":"m","KONDYGNACJE_NADZIEMNE":"brak_uprawnień","KONDYGNACJE_PODZIEMNE":"brak_uprawnień","strefa":"w śladzie","warstwa":"budynki"},"geometry":{"type":"Polygon","coordinates":[[[19.964466,49.984033],[19.964598,49.984058],[19.964553,49.984158],[19.964493,49.984146],[19.964496,49.984139],[19.964425,49.984126],[19.964466,49.984033]]]}},{"type":"Feature","properties":{"gml_id":"budynki.126104_9.0094.62/1.1_BUD","ID_BUDYNKU":"126104_9.0094.62/1.1_BUD","RODZAJ":"m","KONDYGNACJE_NADZIEMNE":"brak_uprawnień","KONDYGNACJE_PODZIEMNE":"brak_uprawnień","strefa":"w śladzie","warstwa":"budynki"},"geometry":{"type":"Polygon","coordinates":[[[19.966453,49.987529],[19.966442,49.987444],[19.966593,49.987436],[19.966604,49.987521],[19.966453,49.987529]]]}},{"type":"Feature","properties":{"gml_id":"budynki.126104_9.0094.16/19.1_BUD","ID_BUDYNKU":"126104_9.0094.16/19.1_BUD","RODZAJ":"m","KONDYGNACJE_NADZIEMNE":"brak_uprawnień","KONDYGNACJE_PODZIEMNE":"brak_uprawnień","strefa":"w śladzie","warstwa":"budynki"},"geometry":{"type":"Polygon","coordinates":[[[19.967215,49.987868],[19.967297,49.987858],[19.967296,49.987854],[19.967337,49.987849],[19.967338,49.987853],[19.967432,49.987842],[19.967439,49.987865],[19.967441,49.987873],[19.967448,49.987896],[19.96745,49.987905],[19.967457,49.987927],[19.967381,49.987936],[19.967384,49.987948],[19.967326,49.987955],[19.967323,49.987944],[19.967239,49.987954],[19.967215,49.987868]]]}},{"type":"Feature","properties":{"gml_id":"budynki.126104_9.0094.16/7.1_BUD","ID_BUDYNKU":"126104_9.0094.16/7.1_BUD","RODZAJ":"m","KONDYGNACJE_NADZIEMNE":"brak_uprawnień","KONDYGNACJE_PODZIEMNE":"brak_uprawnień","strefa":"w śladzie","warstwa":"budynki"},"geometry":{"type":"Polygon","coordinates":[[[19.966727,49.987882],[19.96686,49.987882],[19.966862,49.987956],[19.966885,49.987956],[19.966885,49.988002],[19.966728,49.988003],[19.966727,49.987882]]]}},{"type":"Feature","properties":{"gml_id":"budynki.126104_9.0094.16/7.4_BUD","ID_BUDYNKU":"126104_9.0094.16/7.4_BUD","RODZAJ":"i","KONDYGNACJE_NADZIEMNE":"brak_uprawnień","KONDYGNACJE_PODZIEMNE":"brak_uprawnień","strefa":"w śladzie","warstwa":"budynki"},"geometry":{"type":"Polygon","coordinates":[[[19.966885,49.988002],[19.966885,49.987956],[19.966862,49.987956],[19.966861,49.987936],[19.966955,49.987935],[19.966956,49.988001],[19.966885,49.988002]]]}},{"type":"Feature","properties":{"gml_id":"budynki.126104_9.0094.16/7.2_BUD","ID_BUDYNKU":"126104_9.0094.16/7.2_BUD","RODZAJ":"i","KONDYGNACJE_NADZIEMNE":"brak_uprawnień","KONDYGNACJE_PODZIEMNE":"brak_uprawnień","strefa":"w śladzie","warstwa":"budynki"},"geometry":{"type":"Polygon","coordinates":[[[19.966906,49.988026],[19.967095,49.988014],[19.9671,49.98805],[19.966912,49.988062],[19.966906,49.988026]]]}},{"type":"Feature","properties":{"gml_id":"budynki.126104_9.0093.540/1.2_BUD","ID_BUDYNKU":"126104_9.0093.540/1.2_BUD","RODZAJ":"m","KONDYGNACJE_NADZIEMNE":"brak_uprawnień","KONDYGNACJE_PODZIEMNE":"brak_uprawnień","strefa":"w śladzie","warstwa":"budynki"},"geometry":{"type":"Polygon","coordinates":[[[19.947244,49.973955],[19.947185,49.973954],[19.947189,49.973866],[19.947253,49.973867],[19.947253,49.973881],[19.947247,49.973881],[19.947244,49.973955]]]}},{"type":"Feature","properties":{"gml_id":"budynki.126104_9.0093.540/1.1_BUD","ID_BUDYNKU":"126104_9.0093.540/1.1_BUD","RODZAJ":"m","KONDYGNACJE_NADZIEMNE":"brak_uprawnień","KONDYGNACJE_PODZIEMNE":"brak_uprawnień","strefa":"w śladzie","warstwa":"budynki"},"geometry":{"type":"Polygon","coordinates":[[[19.947253,49.973881],[19.947419,49.973883],[19.947418,49.973886],[19.947417,49.973929],[19.947415,49.973964],[19.947243,49.973961],[19.947244,49.973955],[19.947247,49.973881],[19.947253,49.973881]]]}},{"type":"Feature","properties":{"gml_id":"budynki.126104_9.0093.540/1.3_BUD","ID_BUDYNKU":"126104_9.0093.540/1.3_BUD","RODZAJ":"g","KONDYGNACJE_NADZIEMNE":"brak_uprawnień","KONDYGNACJE_PODZIEMNE":"brak_uprawnień","strefa":"w śladzie","warstwa":"budynki"},"geometry":{"type":"Polygon","coordinates":[[[19.947418,49.973886],[19.947527,49.973888],[19.947526,49.973916],[19.947541,49.973916],[19.947541,49.973931],[19.947417,49.973929],[19.947418,49.973886]]]}},{"type":"Feature","properties":{"gml_id":"budynki.126104_9.0093.539.2_BUD","ID_BUDYNKU":"126104_9.0093.539.2_BUD","RODZAJ":"g","KONDYGNACJE_NADZIEMNE":"brak_uprawnień","KONDYGNACJE_PODZIEMNE":"brak_uprawnień","strefa":"w śladzie","warstwa":"budynki"},"geometry":{"type":"Polygon","coordinates":[[[19.947655,49.974129],[19.947658,49.974068],[19.947722,49.974069],[19.947718,49.97413],[19.947655,49.974129]]]}},{"type":"Feature","properties":{"gml_id":"budynki.126104_9.0093.539.1_BUD","ID_BUDYNKU":"126104_9.0093.539.1_BUD","RODZAJ":"m","KONDYGNACJE_NADZIEMNE":"brak_uprawnień","KONDYGNACJE_PODZIEMNE":"brak_uprawnień","strefa":"w śladzie","warstwa":"budynki"},"geometry":{"type":"Polygon","coordinates":[[[19.947383,49.974168],[19.947385,49.974064],[19.947548,49.974066],[19.947546,49.974171],[19.947486,49.97417],[19.947486,49.974175],[19.947442,49.974174],[19.947442,49.974169],[19.947383,49.974168]]]}},{"type":"Feature","properties":{"gml_id":"budynki.120903_5.0008.1634_BUD","ID_BUDYNKU":"120903_5.0008.1634_BUD","RODZAJ":"m","KONDYGNACJE_NADZIEMNE":"1","KONDYGNACJE_PODZIEMNE":"0","strefa":"w śladzie","warstwa":"budynki"},"geometry":{"type":"Polygon","coordinates":[[[19.909532,49.868828],[19.909471,49.86883],[19.909462,49.868741],[19.909531,49.868738],[19.909587,49.868736],[19.909586,49.868723],[19.90967,49.868719],[19.909669,49.868714],[19.909677,49.868713],[19.909679,49.868735],[19.909682,49.868766],[19.909685,49.868799],[19.90969,49.868842],[19.909691,49.868856],[19.909535,49.868862],[19.909532,49.868828]]]}},{"type":"Feature","properties":{"gml_id":"budynki.120903_5.0008.412_BUD","ID_BUDYNKU":"120903_5.0008.412_BUD","RODZAJ":"i","KONDYGNACJE_NADZIEMNE":"2","KONDYGNACJE_PODZIEMNE":"0","strefa":"w śladzie","warstwa":"budynki"},"geometry":{"type":"Polygon","coordinates":[[[19.909168,49.869644],[19.909092,49.869645],[19.909091,49.869619],[19.909106,49.869619],[19.909103,49.869536],[19.909315,49.869532],[19.909319,49.869616],[19.909167,49.869619],[19.909168,49.869644]]]}},{"type":"Feature","properties":{"gml_id":"budynki.120903_4.0002.1520_BUD","ID_BUDYNKU":"120903_4.0002.1520_BUD","RODZAJ":"i","KONDYGNACJE_NADZIEMNE":"1","KONDYGNACJE_PODZIEMNE":"0","strefa":"w śladzie","warstwa":"budynki"},"geometry":{"type":"Polygon","coordinates":[[[19.946387,49.839454],[19.946326,49.839512],[19.946254,49.83948],[19.946314,49.839422],[19.946387,49.839454]]]}},{"type":"Feature","properties":{"gml_id":"budynki.120903_4.0002.2304_BUD","ID_BUDYNKU":"120903_4.0002.2304_BUD","RODZAJ":"m","KONDYGNACJE_NADZIEMNE":"2","KONDYGNACJE_PODZIEMNE":"1","strefa":"w śladzie","warstwa":"budynki"},"geometry":{"type":"Polygon","coordinates":[[[19.946468,49.83929],[19.946452,49.839376],[19.946306,49.839364],[19.946323,49.839278],[19.946468,49.83929]]]}},{"type":"Feature","properties":{"gml_id":"budynki.126104_9.0094.101/5.3_BUD","ID_BUDYNKU":"126104_9.0094.101/5.3_BUD","RODZAJ":"m","KONDYGNACJE_NADZIEMNE":"brak_uprawnień","KONDYGNACJE_PODZIEMNE":"brak_uprawnień","strefa":"w śladzie","warstwa":"budynki"},"geometry":{"type":"Polygon","coordinates":[[[19.96305,49.982762],[19.963182,49.982815],[19.963116,49.982885],[19.963072,49.982867],[19.963079,49.98286],[19.962991,49.982825],[19.96305,49.982762]]]}},{"type":"Feature","properties":{"gml_id":"budynki.126104_9.0094.101/3.2_BUD","ID_BUDYNKU":"126104_9.0094.101/3.2_BUD","RODZAJ":"i","KONDYGNACJE_NADZIEMNE":"brak_uprawnień","KONDYGNACJE_PODZIEMNE":"brak_uprawnień","strefa":"w śladzie","warstwa":"budynki"},"geometry":{"type":"Polygon","coordinates":[[[19.963013,49.983023],[19.962875,49.982966],[19.962928,49.982912],[19.963067,49.982967],[19.963013,49.983023]]]}},{"type":"Feature","properties":{"gml_id":"budynki.126104_9.0093.132/4.1_BUD","ID_BUDYNKU":"126104_9.0093.132/4.1_BUD","RODZAJ":"m","KONDYGNACJE_NADZIEMNE":"brak_uprawnień","KONDYGNACJE_PODZIEMNE":"brak_uprawnień","strefa":"w śladzie","warstwa":"budynki"},"geometry":{"type":"Polygon","coordinates":[[[19.961531,49.9808],[19.96155,49.980731],[19.961718,49.980751],[19.961699,49.980818],[19.961531,49.9808]]]}},{"type":"Feature","properties":{"gml_id":"budynki.126104_9.0093.130/2.1_BUD","ID_BUDYNKU":"126104_9.0093.130/2.1_BUD","RODZAJ":"m","KONDYGNACJE_NADZIEMNE":"brak_uprawnień","KONDYGNACJE_PODZIEMNE":"brak_uprawnień","strefa":"w śladzie","warstwa":"budynki"},"geometry":{"type":"Polygon","coordinates":[[[19.961896,49.981459],[19.96186,49.981551],[19.961796,49.98154],[19.961787,49.981559],[19.961733,49.98155],[19.961741,49.98153],[19.961706,49.981524],[19.961742,49.981434],[19.961757,49.981436],[19.961773,49.981396],[19.961817,49.981403],[19.96182,49.981397],[19.961854,49.981403],[19.961852,49.981409],[19.961896,49.981416],[19.96188,49.981457],[19.961896,49.981459]]]}},{"type":"Feature","properties":{"gml_id":"budynki.126104_9.0094.152/1.2_BUD","ID_BUDYNKU":"126104_9.0094.152/1.2_BUD","RODZAJ":"i","KONDYGNACJE_NADZIEMNE":"brak_uprawnień","KONDYGNACJE_PODZIEMNE":"brak_uprawnień","strefa":"w śladzie","warstwa":"budynki"},"geometry":{"type":"Polygon","coordinates":[[[19.962467,49.981588],[19.962535,49.981518],[19.962605,49.981546],[19.962537,49.981616],[19.962467,49.981588]]]}},{"type":"Feature","properties":{"gml_id":"budynki.126104_9.0094.152/1.1_BUD","ID_BUDYNKU":"126104_9.0094.152/1.1_BUD","RODZAJ":"m","KONDYGNACJE_NADZIEMNE":"brak_uprawnień","KONDYGNACJE_PODZIEMNE":"brak_uprawnień","strefa":"w śladzie","warstwa":"budynki"},"geometry":{"type":"Polygon","coordinates":[[[19.962426,49.981358],[19.96257,49.981411],[19.962492,49.981499],[19.962405,49.981467],[19.962423,49.981447],[19.962367,49.981426],[19.962426,49.981358]]]}},{"type":"Feature","properties":{"gml_id":"budynki.126104_9.0093.132/1.1_BUD","ID_BUDYNKU":"126104_9.0093.132/1.1_BUD","RODZAJ":"m","KONDYGNACJE_NADZIEMNE":"brak_uprawnień","KONDYGNACJE_PODZIEMNE":"brak_uprawnień","strefa":"w śladzie","warstwa":"budynki"},"geometry":{"type":"Polygon","coordinates":[[[19.961877,49.980371],[19.961844,49.980462],[19.961772,49.98045],[19.961764,49.980473],[19.961655,49.980456],[19.961693,49.980344],[19.961877,49.980371]]]}},{"type":"Feature","properties":{"gml_id":"budynki.126104_9.0093.134/2.1_BUD","ID_BUDYNKU":"126104_9.0093.134/2.1_BUD","RODZAJ":"m","KONDYGNACJE_NADZIEMNE":"brak_uprawnień","KONDYGNACJE_PODZIEMNE":"brak_uprawnień","strefa":"w śladzie","warstwa":"budynki"},"geometry":{"type":"Polygon","coordinates":[[[19.961307,49.980231],[19.961308,49.980207],[19.96129,49.980206],[19.961276,49.980206],[19.961277,49.980179],[19.96131,49.98018],[19.961313,49.980138],[19.961451,49.980142],[19.961445,49.980234],[19.961307,49.980231]]]}},{"type":"Feature","properties":{"gml_id":"budynki.126104_9.0093.184/1.1_BUD","ID_BUDYNKU":"126104_9.0093.184/1.1_BUD","RODZAJ":"m","KONDYGNACJE_NADZIEMNE":"brak_uprawnień","KONDYGNACJE_PODZIEMNE":"brak_uprawnień","strefa":"w śladzie","warstwa":"budynki"},"geometry":{"type":"Polygon","coordinates":[[[19.957239,49.978099],[19.957231,49.978127],[19.957263,49.978131],[19.957246,49.978185],[19.957211,49.978181],[19.957204,49.978202],[19.957165,49.978197],[19.957172,49.978176],[19.957068,49.978163],[19.957093,49.978079],[19.957239,49.978099]]]}},{"type":"Feature","properties":{"gml_id":"budynki.126104_9.0093.183/2.1_BUD","ID_BUDYNKU":"126104_9.0093.183/2.1_BUD","RODZAJ":"m","KONDYGNACJE_NADZIEMNE":"brak_uprawnień","KONDYGNACJE_PODZIEMNE":"brak_uprawnień","strefa":"w śladzie","warstwa":"budynki"},"geometry":{"type":"Polygon","coordinates":[[[19.957359,49.978224],[19.957477,49.978258],[19.957402,49.978365],[19.957399,49.978364],[19.957271,49.978327],[19.957268,49.978327],[19.957303,49.978277],[19.957318,49.978282],[19.957359,49.978224]]]}},{"type":"Feature","properties":{"gml_id":"budynki.120609_2.0010.71.1_BUD","ID_BUDYNKU":"120609_2.0010.71.1_BUD","RODZAJ":"m","KONDYGNACJE_NADZIEMNE":"None","KONDYGNACJE_PODZIEMNE":"None","strefa":"w śladzie","warstwa":"budynki"},"geometry":{"type":"Polygon","coordinates":[[[19.895565,49.926785],[19.895691,49.926779],[19.895698,49.926844],[19.895688,49.926844],[19.895691,49.926864],[19.895575,49.926869],[19.895569,49.926825],[19.895565,49.926785]]]}},{"type":"Feature","properties":{"gml_id":"budynki.120609_2.0010.288/2.1_BUD","ID_BUDYNKU":"120609_2.0010.288/2.1_BUD","RODZAJ":"h","KONDYGNACJE_NADZIEMNE":"None","KONDYGNACJE_PODZIEMNE":"None","strefa":"w śladzie","warstwa":"budynki"},"geometry":{"type":"Polygon","coordinates":[[[19.881036,49.919249],[19.881137,49.919208],[19.881334,49.91941],[19.881233,49.919451],[19.881036,49.919249]]]}},{"type":"Feature","properties":{"gml_id":"budynki.120609_2.0010.288/6.1_BUD","ID_BUDYNKU":"120609_2.0010.288/6.1_BUD","RODZAJ":"h","KONDYGNACJE_NADZIEMNE":"None","KONDYGNACJE_PODZIEMNE":"None","strefa":"w śladzie","warstwa":"budynki"},"geometry":{"type":"Polygon","coordinates":[[[19.881392,49.919206],[19.881593,49.919125],[19.881789,49.919327],[19.881588,49.919408],[19.881392,49.919206]]]}},{"type":"Feature","properties":{"gml_id":"budynki.120609_2.0010.288/16.2_BUD","ID_BUDYNKU":"120609_2.0010.288/16.2_BUD","RODZAJ":"g","KONDYGNACJE_NADZIEMNE":"None","KONDYGNACJE_PODZIEMNE":"None","strefa":"w śladzie","warstwa":"budynki"},"geometry":{"type":"Polygon","coordinates":[[[19.883135,49.919887],[19.883161,49.919808],[19.88347,49.91985],[19.883433,49.919962],[19.883334,49.919949],[19.883345,49.919916],[19.883135,49.919887]]]}},{"type":"Feature","properties":{"gml_id":"budynki.120609_2.0010.288/16.1_BUD","ID_BUDYNKU":"120609_2.0010.288/16.1_BUD","RODZAJ":"m","KONDYGNACJE_NADZIEMNE":"None","KONDYGNACJE_PODZIEMNE":"None","strefa":"w śladzie","warstwa":"budynki"},"geometry":{"type":"Polygon","coordinates":[[[19.883507,49.919762],[19.883515,49.919677],[19.883708,49.919685],[19.883702,49.91977],[19.883697,49.91977],[19.883695,49.919793],[19.883694,49.919801],[19.883611,49.919798],[19.883612,49.91979],[19.883593,49.919789],[19.883593,49.919787],[19.883557,49.919786],[19.883559,49.919764],[19.883507,49.919762]]]}},{"type":"Feature","properties":{"gml_id":"budynki.120609_2.0010.26.2_BUD","ID_BUDYNKU":"120609_2.0010.26.2_BUD","RODZAJ":"g","KONDYGNACJE_NADZIEMNE":"None","KONDYGNACJE_PODZIEMNE":"None","strefa":"w śladzie","warstwa":"budynki"},"geometry":{"type":"Polygon","coordinates":[[[19.898979,49.929408],[19.899035,49.929306],[19.899118,49.929325],[19.899062,49.929426],[19.898979,49.929408]]]}},{"type":"Feature","properties":{"gml_id":"budynki.120609_2.0010.25/22.1_BUD","ID_BUDYNKU":"120609_2.0010.25/22.1_BUD","RODZAJ":"m","KONDYGNACJE_NADZIEMNE":"None","KONDYGNACJE_PODZIEMNE":"None","strefa":"w śladzie","warstwa":"budynki"},"geometry":{"type":"Polygon","coordinates":[[[19.89967,49.929571],[19.899705,49.929483],[19.899749,49.929491],[19.899754,49.929478],[19.899822,49.92949],[19.899817,49.929502],[19.899858,49.929509],[19.899847,49.929536],[19.899868,49.929539],[19.899854,49.929572],[19.899843,49.929601],[19.899822,49.929597],[19.89967,49.929571]]]}},{"type":"Feature","properties":{"gml_id":"budynki.120609_2.0010.26.1_BUD","ID_BUDYNKU":"120609_2.0010.26.1_BUD","RODZAJ":"m","KONDYGNACJE_NADZIEMNE":"None","KONDYGNACJE_PODZIEMNE":"None","strefa":"w śladzie","warstwa":"budynki"},"geometry":{"type":"Polygon","coordinates":[[[19.899177,49.929314],[19.899207,49.929238],[19.899329,49.929258],[19.899334,49.929246],[19.899395,49.929256],[19.899361,49.929344],[19.899273,49.92933],[19.899266,49.929347],[19.899216,49.929339],[19.899223,49.929322],[19.899177,49.929314]]]}},{"type":"Feature","properties":{"gml_id":"budynki.120609_2.0009.272/4.1_BUD","ID_BUDYNKU":"120609_2.0009.272/4.1_BUD","RODZAJ":"m","KONDYGNACJE_NADZIEMNE":"None","KONDYGNACJE_PODZIEMNE":"None","strefa":"w śladzie","warstwa":"budynki"},"geometry":{"type":"Polygon","coordinates":[[[19.902627,49.943761],[19.902635,49.943673],[19.902767,49.943678],[19.902759,49.943765],[19.902627,49.943761]]]}},{"type":"Feature","properties":{"gml_id":"budynki.120609_2.0009.272/4.2_BUD","ID_BUDYNKU":"120609_2.0009.272/4.2_BUD","RODZAJ":"m","KONDYGNACJE_NADZIEMNE":"None","KONDYGNACJE_PODZIEMNE":"None","strefa":"w śladzie","warstwa":"budynki"},"geometry":{"type":"Polygon","coordinates":[[[19.902524,49.944008],[19.902537,49.943946],[19.902539,49.943935],[19.90257,49.943938],[19.902567,49.943949],[19.902629,49.943953],[19.902617,49.944015],[19.902524,49.944008]]]}},{"type":"Feature","properties":{"gml_id":"budynki.120609_2.0009.272/3.1_BUD","ID_BUDYNKU":"120609_2.0009.272/3.1_BUD","RODZAJ":"m","KONDYGNACJE_NADZIEMNE":"None","KONDYGNACJE_PODZIEMNE":"None","strefa":"w śladzie","warstwa":"budynki"},"geometry":{"type":"Polygon","coordinates":[[[19.902464,49.94404],[19.902484,49.943941],[19.902537,49.943946],[19.902524,49.944008],[19.902617,49.944015],[19.902609,49.944051],[19.902464,49.94404]]]}},{"type":"Feature","properties":{"gml_id":"budynki.120609_2.0009.591.1_BUD","ID_BUDYNKU":"120609_2.0009.591.1_BUD","RODZAJ":"m","KONDYGNACJE_NADZIEMNE":"None","KONDYGNACJE_PODZIEMNE":"None","strefa":"w śladzie","warstwa":"budynki"},"geometry":{"type":"Polygon","coordinates":[[[19.90106,49.93699],[19.900922,49.936991],[19.900921,49.936899],[19.901061,49.936899],[19.90106,49.93699]]]}},{"type":"Feature","properties":{"NUMER_PORZ":"23","KOD_POCZT":"32-445","NAZWA_GMI":"Myślenice","NAZWA_MSC":"Krzyszkowice","odleglosc_m":8.0,"strefa":"0-20 m","warstwa":"adresy"},"geometry":{"type":"Point","coordinates":[19.906308,49.874246]}},{"type":"Feature","properties":{"NUMER_PORZ":"341","KOD_POCZT":"32-445","NAZWA_GMI":"Myślenice","NAZWA_MSC":"Krzyszkowice","odleglosc_m":109.7,"strefa":"50-200 m","warstwa":"adresy"},"geometry":{"type":"Point","coordinates":[19.908136,49.873812]}},{"type":"Feature","properties":{"NUMER_PORZ":"395","KOD_POCZT":"32-445","NAZWA_GMI":"Myślenice","NAZWA_MSC":"Krzyszkowice","odleglosc_m":83.7,"strefa":"50-200 m","warstwa":"adresy"},"geometry":{"type":"Point","coordinates":[19.907655,49.873923]}},{"type":"Feature","properties":{"NUMER_PORZ":"409","KOD_POCZT":"32-445","NAZWA_GMI":"Myślenice","NAZWA_MSC":"Krzyszkowice","odleglosc_m":23.2,"strefa":"20-30 m","warstwa":"adresy"},"geometry":{"type":"Point","coordinates":[19.910019,49.86859]}},{"type":"Feature","properties":{"NUMER_PORZ":"676","KOD_POCZT":"32-445","NAZWA_GMI":"Myślenice","NAZWA_MSC":"Krzyszkowice","odleglosc_m":158.6,"strefa":"50-200 m","warstwa":"adresy"},"geometry":{"type":"Point","coordinates":[19.901134,49.87606]}},{"type":"Feature","properties":{"NUMER_PORZ":"325","KOD_POCZT":"32-445","NAZWA_GMI":"Myślenice","NAZWA_MSC":"Krzyszkowice","odleglosc_m":64.6,"strefa":"50-200 m","warstwa":"adresy"},"geometry":{"type":"Point","coordinates":[19.907876,49.873233]}},{"type":"Feature","properties":{"NUMER_PORZ":"667","KOD_POCZT":"32-445","NAZWA_GMI":"Myślenice","NAZWA_MSC":"Krzyszkowice","odleglosc_m":0.0,"strefa":"w śladzie","warstwa":"adresy"},"geometry":{"type":"Point","coordinates":[19.909111,49.869595]}},{"type":"Feature","properties":{"NUMER_PORZ":"31","KOD_POCZT":"32-445","NAZWA_GMI":"Myślenice","NAZWA_MSC":"Krzyszkowice","odleglosc_m":192.1,"strefa":"50-200 m","warstwa":"adresy"},"geometry":{"type":"Point","coordinates":[19.905823,49.869974]}},{"type":"Feature","properties":{"NUMER_PORZ":"9","KOD_POCZT":"32-445","NAZWA_GMI":"Myślenice","NAZWA_MSC":"Krzyszkowice","odleglosc_m":121.5,"strefa":"50-200 m","warstwa":"adresy"},"geometry":{"type":"Point","coordinates":[19.906651,49.876127]}},{"type":"Feature","properties":{"NUMER_PORZ":"294","KOD_POCZT":"32-445","NAZWA_GMI":"Myślenice","NAZWA_MSC":"Krzyszkowice","odleglosc_m":18.5,"strefa":"0-20 m","warstwa":"adresy"},"geometry":{"type":"Point","coordinates":[19.906939,49.872175]}},{"type":"Feature","properties":{"NUMER_PORZ":"34","KOD_POCZT":"32-445","NAZWA_GMI":"Myślenice","NAZWA_MSC":"Krzyszkowice","odleglosc_m":42.7,"strefa":"30-50 m","warstwa":"adresy"},"geometry":{"type":"Point","coordinates":[19.90957,49.870298]}},{"type":"Feature","properties":{"NUMER_PORZ":"336","KOD_POCZT":"32-445","NAZWA_GMI":"Myślenice","NAZWA_MSC":"Krzyszkowice","odleglosc_m":107.7,"strefa":"50-200 m","warstwa":"adresy"},"geometry":{"type":"Point","coordinates":[19.908284,49.873574]}},{"type":"Feature","properties":{"NUMER_PORZ":"495","KOD_POCZT":"32-445","NAZWA_GMI":"Myślenice","NAZWA_MSC":"Krzyszkowice","odleglosc_m":197.1,"strefa":"50-200 m","warstwa":"adresy"},"geometry":{"type":"Point","coordinates":[19.903177,49.873439]}},{"type":"Feature","properties":{"NUMER_PORZ":"26","KOD_POCZT":"32-445","NAZWA_GMI":"Myślenice","NAZWA_MSC":"Krzyszkowice","odleglosc_m":80.0,"strefa":"50-200 m","warstwa":"adresy"},"geometry":{"type":"Point","coordinates":[19.905615,49.876528]}},{"type":"Feature","properties":{"NUMER_PORZ":"584","KOD_POCZT":"32-445","NAZWA_GMI":"Myślenice","NAZWA_MSC":"Krzyszkowice","odleglosc_m":49.9,"strefa":"30-50 m","warstwa":"adresy"},"geometry":{"type":"Point","coordinates":[19.904195,49.87513]}},{"type":"Feature","properties":{"NUMER_PORZ":"32","KOD_POCZT":"32-445","NAZWA_GMI":"Myślenice","NAZWA_MSC":"Krzyszkowice","odleglosc_m":40.6,"strefa":"30-50 m","warstwa":"adresy"},"geometry":{"type":"Point","coordinates":[19.908269,49.869578]}},{"type":"Feature","properties":{"NUMER_PORZ":"115","KOD_POCZT":"32-445","NAZWA_GMI":"Myślenice","NAZWA_MSC":"Krzyszkowice","odleglosc_m":183.5,"strefa":"50-200 m","warstwa":"adresy"},"geometry":{"type":"Point","coordinates":[19.891788,49.882211]}},{"type":"Feature","properties":{"NUMER_PORZ":"504","KOD_POCZT":"32-445","NAZWA_GMI":"Myślenice","NAZWA_MSC":"Krzyszkowice","odleglosc_m":80.3,"strefa":"50-200 m","warstwa":"adresy"},"geometry":{"type":"Point","coordinates":[19.91011,49.8703]}},{"type":"Feature","properties":{"NUMER_PORZ":"677","KOD_POCZT":"32-445","NAZWA_GMI":"Myślenice","NAZWA_MSC":"Krzyszkowice","odleglosc_m":166.7,"strefa":"50-200 m","warstwa":"adresy"},"geometry":{"type":"Point","coordinates":[19.90075,49.876126]}},{"type":"Feature","properties":{"NUMER_PORZ":"490","KOD_POCZT":"32-445","NAZWA_GMI":"Myślenice","NAZWA_MSC":"Krzyszkowice","odleglosc_m":109.8,"strefa":"50-200 m","warstwa":"adresy"},"geometry":{"type":"Point","coordinates":[19.911002,49.869184]}},{"type":"Feature","properties":{"NUMER_PORZ":"180","KOD_POCZT":"32-445","NAZWA_GMI":"Myślenice","NAZWA_MSC":"Krzyszkowice","odleglosc_m":74.2,"strefa":"50-200 m","warstwa":"adresy"},"geometry":{"type":"Point","coordinates":[19.906609,49.871473]}},{"type":"Feature","properties":{"NUMER_PORZ":"192","KOD_POCZT":"32-445","NAZWA_GMI":"Myślenice","NAZWA_MSC":"Krzyszkowice","odleglosc_m":20.6,"strefa":"20-30 m","warstwa":"adresy"},"geometry":{"type":"Point","coordinates":[19.891283,49.880034]}},{"type":"Feature","properties":{"NUMER_PORZ":"29","KOD_POCZT":"32-445","NAZWA_GMI":"Myślenice","NAZWA_MSC":"Krzyszkowice","odleglosc_m":43.7,"strefa":"30-50 m","warstwa":"adresy"},"geometry":{"type":"Point","coordinates":[19.907221,49.871238]}},{"type":"Feature","properties":{"NUMER_PORZ":"209","KOD_POCZT":"32-445","NAZWA_GMI":"Myślenice","NAZWA_MSC":"Krzyszkowice","odleglosc_m":146.7,"strefa":"50-200 m","warstwa":"adresy"},"geometry":{"type":"Point","coordinates":[19.908481,49.874114]}},{"type":"Feature","properties":{"NUMER_PORZ":"540","KOD_POCZT":"32-445","NAZWA_GMI":"Myślenice","NAZWA_MSC":"Krzyszkowice","odleglosc_m":135.6,"strefa":"50-200 m","warstwa":"adresy"},"geometry":{"type":"Point","coordinates":[19.888416,49.879585]}},{"type":"Feature","properties":{"NUMER_PORZ":"800A","KOD_POCZT":"32-445","NAZWA_GMI":"Myślenice","NAZWA_MSC":"Krzyszkowice","odleglosc_m":151.9,"strefa":"50-200 m","warstwa":"adresy"},"geometry":{"type":"Point","coordinates":[19.905345,49.871554]}},{"type":"Feature","properties":{"NUMER_PORZ":"679","KOD_POCZT":"32-445","NAZWA_GMI":"Myślenice","NAZWA_MSC":"Krzyszkowice","odleglosc_m":174.6,"strefa":"50-200 m","warstwa":"adresy"},"geometry":{"type":"Point","coordinates":[19.900014,49.876284]}},{"type":"Feature","properties":{"NUMER_PORZ":"204","KOD_POCZT":"32-445","NAZWA_GMI":"Myślenice","NAZWA_MSC":"Krzyszkowice","odleglosc_m":88.8,"strefa":"50-200 m","warstwa":"adresy"},"geometry":{"type":"Point","coordinates":[19.902786,49.875961]}},{"type":"Feature","properties":{"NUMER_PORZ":"416","KOD_POCZT":"32-445","NAZWA_GMI":"Myślenice","NAZWA_MSC":"Krzyszkowice","odleglosc_m":187.1,"strefa":"50-200 m","warstwa":"adresy"},"geometry":{"type":"Point","coordinates":[19.908385,49.875269]}},{"type":"Feature","properties":{"NUMER_PORZ":"318","KOD_POCZT":"32-445","NAZWA_GMI":"Myślenice","NAZWA_MSC":"Krzyszkowice","odleglosc_m":160.1,"strefa":"50-200 m","warstwa":"adresy"},"geometry":{"type":"Point","coordinates":[19.907487,49.875905]}},{"type":"Feature","properties":{"NUMER_PORZ":"587","KOD_POCZT":"32-445","NAZWA_GMI":"Myślenice","NAZWA_MSC":"Krzyszkowice","odleglosc_m":159.5,"strefa":"50-200 m","warstwa":"adresy"},"geometry":{"type":"Point","coordinates":[19.903816,49.873423]}},{"type":"Feature","properties":{"NUMER_PORZ":"21","KOD_POCZT":"32-445","NAZWA_GMI":"Myślenice","NAZWA_MSC":"Krzyszkowice","odleglosc_m":194.5,"strefa":"50-200 m","warstwa":"adresy"},"geometry":{"type":"Point","coordinates":[19.909129,49.874235]}},{"type":"Feature","properties":{"NUMER_PORZ":"466","KOD_POCZT":"32-445","NAZWA_GMI":"Myślenice","NAZWA_MSC":"Krzyszkowice","odleglosc_m":154.4,"strefa":"50-200 m","warstwa":"adresy"},"geometry":{"type":"Point","coordinates":[19.902262,49.875463]}},{"type":"Feature","properties":{"NUMER_PORZ":"16","KOD_POCZT":"32-445","NAZWA_GMI":"Myślenice","NAZWA_MSC":"Krzyszkowice","odleglosc_m":154.8,"strefa":"50-200 m","warstwa":"adresy"},"geometry":{"type":"Point","coordinates":[19.907724,49.875474]}},{"type":"Feature","properties":{"NUMER_PORZ":"319","KOD_POCZT":"32-445","NAZWA_GMI":"Myślenice","NAZWA_MSC":"Krzyszkowice","odleglosc_m":192.9,"strefa":"50-200 m","warstwa":"adresy"},"geometry":{"type":"Point","coordinates":[19.90728,49.876689]}},{"type":"Feature","properties":{"NUMER_PORZ":"462","KOD_POCZT":"32-445","NAZWA_GMI":"Myślenice","NAZWA_MSC":"Krzyszkowice","odleglosc_m":144.7,"strefa":"50-200 m","warstwa":"adresy"},"geometry":{"type":"Point","coordinates":[19.902551,49.87536]}},{"type":"Feature","properties":{"NUMER_PORZ":"709","KOD_POCZT":"32-445","NAZWA_GMI":"Myślenice","NAZWA_MSC":"Krzyszkowice","odleglosc_m":93.3,"strefa":"50-200 m","warstwa":"adresy"},"geometry":{"type":"Point","coordinates":[19.905139,49.877226]}},{"type":"Feature","properties":{"NUMER_PORZ":"30","KOD_POCZT":"32-445","NAZWA_GMI":"Myślenice","NAZWA_MSC":"Krzyszkowice","odleglosc_m":0.8,"strefa":"0-20 m","warstwa":"adresy"},"geometry":{"type":"Point","coordinates":[19.906836,49.87265]}},{"type":"Feature","properties":{"NUMER_PORZ":"20","KOD_POCZT":"32-445","NAZWA_GMI":"Myślenice","NAZWA_MSC":"Krzyszkowice","odleglosc_m":179.5,"strefa":"50-200 m","warstwa":"adresy"},"geometry":{"type":"Point","coordinates":[19.907834,49.875847]}},{"type":"Feature","properties":{"NUMER_PORZ":"516","KOD_POCZT":"32-445","NAZWA_GMI":"Myślenice","NAZWA_MSC":"Krzyszkowice","odleglosc_m":173.1,"strefa":"50-200 m","warstwa":"adresy"},"geometry":{"type":"Point","coordinates":[19.901599,49.875653]}},{"type":"Feature","properties":{"NUMER_PORZ":"113","KOD_POCZT":"32-445","NAZWA_GMI":"Myślenice","NAZWA_MSC":"Krzyszkowice","odleglosc_m":89.2,"strefa":"50-200 m","warstwa":"adresy"},"geometry":{"type":"Point","coordinates":[19.8911,49.881482]}},{"type":"Feature","properties":{"NUMER_PORZ":"324","KOD_POCZT":"32-445","NAZWA_GMI":"Myślenice","NAZWA_MSC":"Krzyszkowice","odleglosc_m":139.6,"strefa":"50-200 m","warstwa":"adresy"},"geometry":{"type":"Point","coordinates":[19.907844,49.874972]}},{"type":"Feature","properties":{"NUMER_PORZ":"254","KOD_POCZT":"32-445","NAZWA_GMI":"Myślenice","NAZWA_MSC":"Krzyszkowice","odleglosc_m":0.0,"strefa":"w śladzie","warstwa":"adresy"},"geometry":{"type":"Point","coordinates":[19.908941,49.869988]}},{"type":"Feature","properties":{"NUMER_PORZ":"811","KOD_POCZT":"32-445","NAZWA_GMI":"Myślenice","NAZWA_MSC":"Krzyszkowice","odleglosc_m":0.0,"strefa":"w śladzie","warstwa":"adresy"},"geometry":{"type":"Point","coordinates":[19.909528,49.86876]}},{"type":"Feature","properties":{"NUMER_PORZ":"629","KOD_POCZT":"32-445","NAZWA_GMI":"Myślenice","NAZWA_MSC":"Krzyszkowice","odleglosc_m":117.3,"strefa":"50-200 m","warstwa":"adresy"},"geometry":{"type":"Point","coordinates":[19.903158,49.875167]}},{"type":"Feature","properties":{"NUMER_PORZ":"595","KOD_POCZT":"32-445","NAZWA_GMI":"Myślenice","NAZWA_MSC":"Krzyszkowice","odleglosc_m":69.9,"strefa":"50-200 m","warstwa":"adresy"},"geometry":{"type":"Point","coordinates":[19.910113,49.869909]}},{"type":"Feature","properties":{"NUMER_PORZ":"142","KOD_POCZT":"32-445","NAZWA_GMI":"Myślenice","NAZWA_MSC":"Krzyszkowice","odleglosc_m":139.2,"strefa":"50-200 m","warstwa":"adresy"},"geometry":{"type":"Point","coordinates":[19.90447,49.873008]}},{"type":"Feature","properties":{"NUMER_PORZ":"327","KOD_POCZT":"32-445","NAZWA_GMI":"Myślenice","NAZWA_MSC":"Krzyszkowice","odleglosc_m":163.0,"strefa":"50-200 m","warstwa":"adresy"},"geometry":{"type":"Point","coordinates":[19.908957,49.873819]}},{"type":"Feature","properties":{"NUMER_PORZ":"156","KOD_POCZT":"32-445","NAZWA_GMI":"Myślenice","NAZWA_MSC":"Krzyszkowice","odleglosc_m":41.3,"strefa":"30-50 m","warstwa":"adresy"},"geometry":{"type":"Point","coordinates":[19.906854,49.871825]}},{"type":"Feature","properties":{"NUMER_PORZ":"148","KOD_POCZT":"32-445","NAZWA_GMI":"Myślenice","NAZWA_MSC":"Krzyszkowice","odleglosc_m":44.7,"strefa":"30-50 m","warstwa":"adresy"},"geometry":{"type":"Point","coordinates":[19.910103,49.869082]}},{"type":"Feature","properties":{"NUMER_PORZ":"491","KOD_POCZT":"32-445","NAZWA_GMI":"Myślenice","NAZWA_MSC":"Krzyszkowice","odleglosc_m":171.6,"strefa":"50-200 m","warstwa":"adresy"},"geometry":{"type":"Point","coordinates":[19.908069,49.875375]}},{"type":"Feature","properties":{"NUMER_PORZ":"422","KOD_POCZT":"32-445","NAZWA_GMI":"Myślenice","NAZWA_MSC":"Krzyszkowice","odleglosc_m":145.2,"strefa":"50-200 m","warstwa":"adresy"},"geometry":{"type":"Point","coordinates":[19.891057,49.882051]}},{"type":"Feature","properties":{"NUMER_PORZ":"224","KOD_POCZT":"32-445","NAZWA_GMI":"Myślenice","NAZWA_MSC":"Krzyszkowice","odleglosc_m":44.3,"strefa":"30-50 m","warstwa":"adresy"},"geometry":{"type":"Point","coordinates":[19.89064,49.879953]}},{"type":"Feature","properties":{"NUMER_PORZ":"574","KOD_POCZT":"32-445","NAZWA_GMI":"Myślenice","NAZWA_MSC":"Krzyszkowice","odleglosc_m":77.6,"strefa":"50-200 m","warstwa":"adresy"},"geometry":{"type":"Point","coordinates":[19.892309,49.881019]}},{"type":"Feature","properties":{"NUMER_PORZ":"31A","KOD_POCZT":"32-445","NAZWA_GMI":"Myślenice","NAZWA_MSC":"Krzyszkowice","odleglosc_m":171.6,"strefa":"50-200 m","warstwa":"adresy"},"geometry":{"type":"Point","coordinates":[19.906352,49.869643]}},{"type":"Feature","properties":{"NUMER_PORZ":"312","KOD_POCZT":"32-445","NAZWA_GMI":"Myślenice","NAZWA_MSC":"Krzyszkowice","odleglosc_m":134.6,"strefa":"50-200 m","warstwa":"adresy"},"geometry":{"type":"Point","coordinates":[19.908481,49.873865]}},{"type":"Feature","properties":{"NUMER_PORZ":"517","KOD_POCZT":"32-445","NAZWA_GMI":"Myślenice","NAZWA_MSC":"Krzyszkowice","odleglosc_m":80.5,"strefa":"50-200 m","warstwa":"adresy"},"geometry":{"type":"Point","coordinates":[19.907951,49.873457]}},{"type":"Feature","properties":{"NUMER_PORZ":"19","KOD_POCZT":"32-445","NAZWA_GMI":"Myślenice","NAZWA_MSC":"Krzyszkowice","odleglosc_m":43.0,"strefa":"30-50 m","warstwa":"adresy"},"geometry":{"type":"Point","coordinates":[19.904708,49.876841]}},{"type":"Feature","properties":{"NUMER_PORZ":"27","KOD_POCZT":"32-445","NAZWA_GMI":"Myślenice","NAZWA_MSC":"Krzyszkowice","odleglosc_m":15.2,"strefa":"0-20 m","warstwa":"adresy"},"geometry":{"type":"Point","coordinates":[19.907894,49.872158]}},{"type":"Feature","properties":{"NUMER_PORZ":"232","KOD_POCZT":"32-445","NAZWA_GMI":"Myślenice","NAZWA_MSC":"Krzyszkowice","odleglosc_m":91.4,"strefa":"50-200 m","warstwa":"adresy"},"geometry":{"type":"Point","coordinates":[19.911136,49.86827]}},{"type":"Feature","properties":{"NUMER_PORZ":"666","KOD_POCZT":"32-445","NAZWA_GMI":"Myślenice","NAZWA_MSC":"Krzyszkowice","odleglosc_m":94.1,"strefa":"50-200 m","warstwa":"adresy"},"geometry":{"type":"Point","coordinates":[19.894767,49.878431]}},{"type":"Feature","properties":{"NUMER_PORZ":"260","KOD_POCZT":"32-445","NAZWA_GMI":"Myślenice","NAZWA_MSC":"Krzyszkowice","odleglosc_m":34.0,"strefa":"30-50 m","warstwa":"adresy"},"geometry":{"type":"Point","coordinates":[19.904076,49.875687]}},{"type":"Feature","properties":{"NUMER_PORZ":"678","KOD_POCZT":"32-445","NAZWA_GMI":"Myślenice","NAZWA_MSC":"Krzyszkowice","odleglosc_m":185.5,"strefa":"50-200 m","warstwa":"adresy"},"geometry":{"type":"Point","coordinates":[19.89887,49.876508]}},{"type":"Feature","properties":{"NUMER_PORZ":"793","KOD_POCZT":"32-445","NAZWA_GMI":"Myślenice","NAZWA_MSC":"Krzyszkowice","odleglosc_m":121.7,"strefa":"50-200 m","warstwa":"adresy"},"geometry":{"type":"Point","coordinates":[19.901048,49.876481]}},{"type":"Feature","properties":{"NUMER_PORZ":"53A","KOD_POCZT":"32-444","NAZWA_GMI":"Myślenice","NAZWA_MSC":"Głogoczów","odleglosc_m":122.3,"strefa":"50-200 m","warstwa":"adresy"},"geometry":{"type":"Point","coordinates":[19.875531,49.895158]}},{"type":"Feature","properties":{"NUMER_PORZ":"1094","KOD_POCZT":"32-444","NAZWA_GMI":"Myślenice","NAZWA_MSC":"Głogoczów","odleglosc_m":190.7,"strefa":"50-200 m","warstwa":"adresy"},"geometry":{"type":"Point","coordinates":[19.887064,49.883625]}},{"type":"Feature","properties":{"NUMER_PORZ":"381A","KOD_POCZT":"32-444","NAZWA_GMI":"Myślenice","NAZWA_MSC":"Głogoczów","odleglosc_m":54.2,"strefa":"50-200 m","warstwa":"adresy"},"geometry":{"type":"Point","coordinates":[19.884709,49.881292]}},{"type":"Feature","properties":{"NUMER_PORZ":"665","KOD_POCZT":"32-444","NAZWA_GMI":"Myślenice","NAZWA_MSC":"Głogoczów","odleglosc_m":131.6,"strefa":"50-200 m","warstwa":"adresy"},"geometry":{"type":"Point","coordinates":[19.885866,49.883365]}},{"type":"Feature","properties":{"NUMER_PORZ":"376","KOD_POCZT":"32-444","NAZWA_GMI":"Myślenice","NAZWA_MSC":"Głogoczów","odleglosc_m":114.9,"strefa":"50-200 m","warstwa":"adresy"},"geometry":{"type":"Point","coordinates":[19.87122,49.896275]}},{"type":"Feature","properties":{"NUMER_PORZ":"299","KOD_POCZT":"32-444","NAZWA_GMI":"Myślenice","NAZWA_MSC":"Głogoczów","odleglosc_m":152.6,"strefa":"50-200 m","warstwa":"adresy"},"geometry":{"type":"Point","coordinates":[19.871311,49.894882]}},{"type":"Feature","properties":{"NUMER_PORZ":"526","KOD_POCZT":"32-444","NAZWA_GMI":"Myślenice","NAZWA_MSC":"Głogoczów","odleglosc_m":127.6,"strefa":"50-200 m","warstwa":"adresy"},"geometry":{"type":"Point","coordinates":[19.869585,49.900707]}},{"type":"Feature","properties":{"NUMER_PORZ":"435","KOD_POCZT":"32-444","NAZWA_GMI":"Myślenice","NAZWA_MSC":"Głogoczów","odleglosc_m":28.6,"strefa":"20-30 m","warstwa":"adresy"},"geometry":{"type":"Point","coordinates":[19.876741,49.885368]}},{"type":"Feature","properties":{"NUMER_PORZ":"857","KOD_POCZT":"32-444","NAZWA_GMI":"Myślenice","NAZWA_MSC":"Głogoczów","odleglosc_m":107.6,"strefa":"50-200 m","warstwa":"adresy"},"geometry":{"type":"Point","coordinates":[19.875066,49.896925]}},{"type":"Feature","properties":{"NUMER_PORZ":"894","KOD_POCZT":"32-444","NAZWA_GMI":"Myślenice","NAZWA_MSC":"Głogoczów","odleglosc_m":75.8,"strefa":"50-200 m","warstwa":"adresy"},"geometry":{"type":"Point","coordinates":[19.869174,49.906571]}},{"type":"Feature","properties":{"NUMER_PORZ":"116","KOD_POCZT":"32-444","NAZWA_GMI":"Myślenice","NAZWA_MSC":"Głogoczów","odleglosc_m":161.8,"strefa":"50-200 m","warstwa":"adresy"},"geometry":{"type":"Point","coordinates":[19.876328,49.894393]}},{"type":"Feature","properties":{"NUMER_PORZ":"337","KOD_POCZT":"32-444","NAZWA_GMI":"Myślenice","NAZWA_MSC":"Głogoczów","odleglosc_m":144.2,"strefa":"50-200 m","warstwa":"adresy"},"geometry":{"type":"Point","coordinates":[19.869551,49.91161]}},{"type":"Feature","properties":{"NUMER_PORZ":"1","KOD_POCZT":"32-444","NAZWA_GMI":"Myślenice","NAZWA_MSC":"Głogoczów","odleglosc_m":62.9,"strefa":"50-200 m","warstwa":"adresy"},"geometry":{"type":"Point","coordinates":[19.869452,49.9049]}},{"type":"Feature","properties":{"NUMER_PORZ":"475","KOD_POCZT":"32-444","NAZWA_GMI":"Myślenice","NAZWA_MSC":"Głogoczów","odleglosc_m":52.9,"strefa":"50-200 m","warstwa":"adresy"},"geometry":{"type":"Point","coordinates":[19.878249,49.886647]}},{"type":"Feature","properties":{"NUMER_PORZ":"727","KOD_POCZT":"32-444","NAZWA_GMI":"Myślenice","NAZWA_MSC":"Głogoczów","odleglosc_m":7.9,"strefa":"0-20 m","warstwa":"adresy"},"geometry":{"type":"Point","coordinates":[19.87459,49.889971]}},{"type":"Feature","properties":{"NUMER_PORZ":"786","KOD_POCZT":"32-445","NAZWA_GMI":"Myślenice","NAZWA_MSC":"Krzyszkowice","odleglosc_m":196.4,"strefa":"50-200 m","warstwa":"adresy"},"geometry":{"type":"Point","coordinates":[19.900908,49.875746]}},{"type":"Feature","properties":{"NUMER_PORZ":"439","KOD_POCZT":"32-445","NAZWA_GMI":"Myślenice","NAZWA_MSC":"Krzyszkowice","odleglosc_m":119.5,"strefa":"50-200 m","warstwa":"adresy"},"geometry":{"type":"Point","coordinates":[19.909502,49.87218]}},{"type":"Feature","properties":{"NUMER_PORZ":"33","KOD_POCZT":"32-445","NAZWA_GMI":"Myślenice","NAZWA_MSC":"Krzyszkowice","odleglosc_m":35.6,"strefa":"30-50 m","warstwa":"adresy"},"geometry":{"type":"Point","coordinates":[19.909379,49.870571]}},{"type":"Feature","properties":{"NUMER_PORZ":"404","KOD_POCZT":"32-444","NAZWA_GMI":"Myślenice","NAZWA_MSC":"Głogoczów","odleglosc_m":109.0,"strefa":"50-200 m","warstwa":"adresy"},"geometry":{"type":"Point","coordinates":[19.870395,49.899105]}},{"type":"Feature","properties":{"NUMER_PORZ":"254","KOD_POCZT":"32-444","NAZWA_GMI":"Myślenice","NAZWA_MSC":"Głogoczów","odleglosc_m":0.0,"strefa":"w śladzie","warstwa":"adresy"},"geometry":{"type":"Point","coordinates":[19.876334,49.887359]}},{"type":"Feature","properties":{"NUMER_PORZ":"472","KOD_POCZT":"32-444","NAZWA_GMI":"Myślenice","NAZWA_MSC":"Głogoczów","odleglosc_m":86.1,"strefa":"50-200 m","warstwa":"adresy"},"geometry":{"type":"Point","coordinates":[19.873489,49.915423]}},{"type":"Feature","properties":{"NUMER_PORZ":"942","KOD_POCZT":"32-444","NAZWA_GMI":"Myślenice","NAZWA_MSC":"Głogoczów","odleglosc_m":62.7,"strefa":"50-200 m","warstwa":"adresy"},"geometry":{"type":"Point","coordinates":[19.879993,49.882915]}},{"type":"Feature","properties":{"NUMER_PORZ":"210","KOD_POCZT":"32-444","NAZWA_GMI":"Myślenice","NAZWA_MSC":"Głogoczów","odleglosc_m":0.0,"strefa":"w śladzie","warstwa":"adresy"},"geometry":{"type":"Point","coordinates":[19.872634,49.912784]}},{"type":"Feature","properties":{"NUMER_PORZ":"8","KOD_POCZT":"32-444","NAZWA_GMI":"Myślenice","NAZWA_MSC":"Głogoczów","odleglosc_m":51.9,"strefa":"50-200 m","warstwa":"adresy"},"geometry":{"type":"Point","coordinates":[19.873257,49.914658]}},{"type":"Feature","properties":{"NUMER_PORZ":"94","KOD_POCZT":"32-444","NAZWA_GMI":"Myślenice","NAZWA_MSC":"Głogoczów","odleglosc_m":193.4,"strefa":"50-200 m","warstwa":"adresy"},"geometry":{"type":"Point","coordinates":[19.867912,49.909279]}},{"type":"Feature","properties":{"NUMER_PORZ":"762","KOD_POCZT":"32-445","NAZWA_GMI":"Myślenice","NAZWA_MSC":"Krzyszkowice","odleglosc_m":100.4,"strefa":"50-200 m","warstwa":"adresy"},"geometry":{"type":"Point","coordinates":[19.905425,49.877088]}},{"type":"Feature","properties":{"NUMER_PORZ":"142A","KOD_POCZT":"32-445","NAZWA_GMI":"Myślenice","NAZWA_MSC":"Krzyszkowice","odleglosc_m":86.2,"strefa":"50-200 m","warstwa":"adresy"},"geometry":{"type":"Point","coordinates":[19.904862,49.873562]}},{"type":"Feature","properties":{"NUMER_PORZ":"17","KOD_POCZT":"32-444","NAZWA_GMI":"Myślenice","NAZWA_MSC":"Głogoczów","odleglosc_m":122.9,"strefa":"50-200 m","warstwa":"adresy"},"geometry":{"type":"Point","coordinates":[19.875663,49.894775]}},{"type":"Feature","properties":{"NUMER_PORZ":"53","KOD_POCZT":"32-444","NAZWA_GMI":"Myślenice","NAZWA_MSC":"Głogoczów","odleglosc_m":140.4,"strefa":"50-200 m","warstwa":"adresy"},"geometry":{"type":"Point","coordinates":[19.875809,49.895085]}},{"type":"Feature","properties":{"NUMER_PORZ":"994","KOD_POCZT":"32-444","NAZWA_GMI":"Myślenice","NAZWA_MSC":"Głogoczów","odleglosc_m":105.9,"strefa":"50-200 m","warstwa":"adresy"},"geometry":{"type":"Point","coordinates":[19.874346,49.886587]}},{"type":"Feature","properties":{"NUMER_PORZ":"532","KOD_POCZT":"32-444","NAZWA_GMI":"Myślenice","NAZWA_MSC":"Głogoczów","odleglosc_m":155.7,"strefa":"50-200 m","warstwa":"adresy"},"geometry":{"type":"Point","coordinates":[19.869294,49.900375]}},{"type":"Feature","properties":{"NUMER_PORZ":"1045","KOD_POCZT":"32-444","NAZWA_GMI":"Myślenice","NAZWA_MSC":"Głogoczów","odleglosc_m":155.4,"strefa":"50-200 m","warstwa":"adresy"},"geometry":{"type":"Point","coordinates":[19.87902,49.882366]}},{"type":"Feature","properties":{"NUMER_PORZ":"325A","KOD_POCZT":"32-444","NAZWA_GMI":"Myślenice","NAZWA_MSC":"Głogoczów","odleglosc_m":163.1,"strefa":"50-200 m","warstwa":"adresy"},"geometry":{"type":"Point","coordinates":[19.875347,49.898555]}},{"type":"Feature","properties":{"NUMER_PORZ":"470","KOD_POCZT":"32-445","NAZWA_GMI":"Myślenice","NAZWA_MSC":"Krzyszkowice","odleglosc_m":76.5,"strefa":"50-200 m","warstwa":"adresy"},"geometry":{"type":"Point","coordinates":[19.907456,49.874062]}},{"type":"Feature","properties":{"NUMER_PORZ":"993","KOD_POCZT":"32-444","NAZWA_GMI":"Myślenice","NAZWA_MSC":"Głogoczów","odleglosc_m":53.9,"strefa":"50-200 m","warstwa":"adresy"},"geometry":{"type":"Point","coordinates":[19.873459,49.891716]}},{"type":"Feature","properties":{"NUMER_PORZ":"800","KOD_POCZT":"32-444","NAZWA_GMI":"Myślenice","NAZWA_MSC":"Głogoczów","odleglosc_m":106.1,"strefa":"50-200 m","warstwa":"adresy"},"geometry":{"type":"Point","coordinates":[19.879716,49.885689]}},{"type":"Feature","properties":{"NUMER_PORZ":"853","KOD_POCZT":"32-444","NAZWA_GMI":"Myślenice","NAZWA_MSC":"Głogoczów","odleglosc_m":179.8,"strefa":"50-200 m","warstwa":"adresy"},"geometry":{"type":"Point","coordinates":[19.870166,49.896713]}},{"type":"Feature","properties":{"NUMER_PORZ":"808","KOD_POCZT":"32-444","NAZWA_GMI":"Myślenice","NAZWA_MSC":"Głogoczów","odleglosc_m":32.2,"strefa":"30-50 m","warstwa":"adresy"},"geometry":{"type":"Point","coordinates":[19.88882,49.881551]}},{"type":"Feature","properties":{"NUMER_PORZ":"97","KOD_POCZT":"32-444","NAZWA_GMI":"Myślenice","NAZWA_MSC":"Głogoczów","odleglosc_m":136.7,"strefa":"50-200 m","warstwa":"adresy"},"geometry":{"type":"Point","coordinates":[19.878097,49.88852]}},{"type":"Feature","properties":{"NUMER_PORZ":"411","KOD_POCZT":"32-444","NAZWA_GMI":"Myślenice","NAZWA_MSC":"Głogoczów","odleglosc_m":27.9,"strefa":"20-30 m","warstwa":"adresy"},"geometry":{"type":"Point","coordinates":[19.875542,49.890784]}},{"type":"Feature","properties":{"NUMER_PORZ":"136","KOD_POCZT":"32-444","NAZWA_GMI":"Myślenice","NAZWA_MSC":"Głogoczów","odleglosc_m":39.8,"strefa":"30-50 m","warstwa":"adresy"},"geometry":{"type":"Point","coordinates":[19.875986,49.890005]}},{"type":"Feature","properties":{"NUMER_PORZ":"738","KOD_POCZT":"32-444","NAZWA_GMI":"Myślenice","NAZWA_MSC":"Głogoczów","odleglosc_m":64.8,"strefa":"50-200 m","warstwa":"adresy"},"geometry":{"type":"Point","coordinates":[19.876275,49.890327]}},{"type":"Feature","properties":{"NUMER_PORZ":"381","KOD_POCZT":"32-444","NAZWA_GMI":"Myślenice","NAZWA_MSC":"Głogoczów","odleglosc_m":60.4,"strefa":"50-200 m","warstwa":"adresy"},"geometry":{"type":"Point","coordinates":[19.884635,49.881249]}},{"type":"Feature","properties":{"NUMER_PORZ":"630","KOD_POCZT":"32-444","NAZWA_GMI":"Myślenice","NAZWA_MSC":"Głogoczów","odleglosc_m":43.2,"strefa":"30-50 m","warstwa":"adresy"},"geometry":{"type":"Point","coordinates":[19.871882,49.897451]}},{"type":"Feature","properties":{"NUMER_PORZ":"584","KOD_POCZT":"32-444","NAZWA_GMI":"Myślenice","NAZWA_MSC":"Głogoczów","odleglosc_m":46.4,"strefa":"30-50 m","warstwa":"adresy"},"geometry":{"type":"Point","coordinates":[19.871928,49.897145]}},{"type":"Feature","properties":{"NUMER_PORZ":"116","KOD_POCZT":"32-445","NAZWA_GMI":"Myślenice","NAZWA_MSC":"Krzyszkowice","odleglosc_m":24.3,"strefa":"20-30 m","warstwa":"adresy"},"geometry":{"type":"Point","coordinates":[19.889981,49.881175]}},{"type":"Feature","properties":{"NUMER_PORZ":"310","KOD_POCZT":"32-445","NAZWA_GMI":"Myślenice","NAZWA_MSC":"Krzyszkowice","odleglosc_m":36.2,"strefa":"30-50 m","warstwa":"adresy"},"geometry":{"type":"Point","coordinates":[19.891776,49.880754]}},{"type":"Feature","properties":{"NUMER_PORZ":"747","KOD_POCZT":"32-444","NAZWA_GMI":"Myślenice","NAZWA_MSC":"Głogoczów","odleglosc_m":68.5,"strefa":"50-200 m","warstwa":"adresy"},"geometry":{"type":"Point","coordinates":[19.886822,49.882418]}},{"type":"Feature","properties":{"NUMER_PORZ":"422","KOD_POCZT":"32-444","NAZWA_GMI":"Myślenice","NAZWA_MSC":"Głogoczów","odleglosc_m":148.1,"strefa":"50-200 m","warstwa":"adresy"},"geometry":{"type":"Point","coordinates":[19.870403,49.897405]}},{"type":"Feature","properties":{"NUMER_PORZ":"670","KOD_POCZT":"32-444","NAZWA_GMI":"Myślenice","NAZWA_MSC":"Głogoczów","odleglosc_m":187.4,"strefa":"50-200 m","warstwa":"adresy"},"geometry":{"type":"Point","coordinates":[19.878194,49.919944]}},{"type":"Feature","properties":{"NUMER_PORZ":"70","KOD_POCZT":"32-444","NAZWA_GMI":"Myślenice","NAZWA_MSC":"Głogoczów","odleglosc_m":49.4,"strefa":"30-50 m","warstwa":"adresy"},"geometry":{"type":"Point","coordinates":[19.875601,49.886074]}},{"type":"Feature","properties":{"NUMER_PORZ":"165","KOD_POCZT":"32-444","NAZWA_GMI":"Myślenice","NAZWA_MSC":"Głogoczów","odleglosc_m":13.5,"strefa":"0-20 m","warstwa":"adresy"},"geometry":{"type":"Point","coordinates":[19.871458,49.908189]}},{"type":"Feature","properties":{"NUMER_PORZ":"69","KOD_POCZT":"32-444","NAZWA_GMI":"Myślenice","NAZWA_MSC":"Głogoczów","odleglosc_m":114.1,"strefa":"50-200 m","warstwa":"adresy"},"geometry":{"type":"Point","coordinates":[19.869235,49.909941]}},{"type":"Feature","properties":{"NUMER_PORZ":"276","KOD_POCZT":"32-444","NAZWA_GMI":"Myślenice","NAZWA_MSC":"Głogoczów","odleglosc_m":52.4,"strefa":"50-200 m","warstwa":"adresy"},"geometry":{"type":"Point","coordinates":[19.873001,49.914402]}},{"type":"Feature","properties":{"NUMER_PORZ":"341","KOD_POCZT":"32-444","NAZWA_GMI":"Myślenice","NAZWA_MSC":"Głogoczów","odleglosc_m":187.1,"strefa":"50-200 m","warstwa":"adresy"},"geometry":{"type":"Point","coordinates":[19.867829,49.908511]}},{"type":"Feature","properties":{"NUMER_PORZ":"77","KOD_POCZT":"32-444","NAZWA_GMI":"Myślenice","NAZWA_MSC":"Głogoczów","odleglosc_m":140.9,"strefa":"50-200 m","warstwa":"adresy"},"geometry":{"type":"Point","coordinates":[19.87565,49.896032]}},{"type":"Feature","properties":{"NUMER_PORZ":"440","KOD_POCZT":"32-444","NAZWA_GMI":"Myślenice","NAZWA_MSC":"Głogoczów","odleglosc_m":75.6,"strefa":"50-200 m","warstwa":"adresy"},"geometry":{"type":"Point","coordinates":[19.869206,49.905543]}},{"type":"Feature","properties":{"NUMER_PORZ":"734","KOD_POCZT":"32-444","NAZWA_GMI":"Myślenice","NAZWA_MSC":"Głogoczów","odleglosc_m":176.7,"strefa":"50-200 m","warstwa":"adresy"},"geometry":{"type":"Point","coordinates":[19.874289,49.885265]}},{"type":"Feature","properties":{"NUMER_PORZ":"205","KOD_POCZT":"32-444","NAZWA_GMI":"Myślenice","NAZWA_MSC":"Głogoczów","odleglosc_m":125.9,"strefa":"50-200 m","warstwa":"adresy"},"geometry":{"type":"Point","coordinates":[19.868508,49.905487]}},{"type":"Feature","properties":{"NUMER_PORZ":"2","KOD_POCZT":"32-444","NAZWA_GMI":"Myślenice","NAZWA_MSC":"Głogoczów","odleglosc_m":22.4,"strefa":"20-30 m","warstwa":"adresy"},"geometry":{"type":"Point","coordinates":[19.870231,49.903697]}},{"type":"Feature","properties":{"NUMER_PORZ":"688","KOD_POCZT":"32-444","NAZWA_GMI":"Myślenice","NAZWA_MSC":"Głogoczów","odleglosc_m":182.7,"strefa":"50-200 m","warstwa":"adresy"},"geometry":{"type":"Point","coordinates":[19.87088,49.894909]}},{"type":"Feature","properties":{"NUMER_PORZ":"315","KOD_POCZT":"32-445","NAZWA_GMI":"Myślenice","NAZWA_MSC":"Krzyszkowice","odleglosc_m":149.0,"strefa":"50-200 m","warstwa":"adresy"},"geometry":{"type":"Point","coordinates":[19.908752,49.873802]}},{"type":"Feature","properties":{"NUMER_PORZ":"333","KOD_POCZT":"32-444","NAZWA_GMI":"Myślenice","NAZWA_MSC":"Głogoczów","odleglosc_m":135.7,"strefa":"50-200 m","warstwa":"adresy"},"geometry":{"type":"Point","coordinates":[19.88303,49.921751]}},{"type":"Feature","properties":{"NUMER_PORZ":"519","KOD_POCZT":"32-444","NAZWA_GMI":"Myślenice","NAZWA_MSC":"Głogoczów","odleglosc_m":121.5,"strefa":"50-200 m","warstwa":"adresy"},"geometry":{"type":"Point","coordinates":[19.879325,49.882607]}},{"type":"Feature","properties":{"NUMER_PORZ":"389","KOD_POCZT":"32-444","NAZWA_GMI":"Myślenice","NAZWA_MSC":"Głogoczów","odleglosc_m":188.9,"strefa":"50-200 m","warstwa":"adresy"},"geometry":{"type":"Point","coordinates":[19.878766,49.920239]}},{"type":"Feature","properties":{"NUMER_PORZ":"619","KOD_POCZT":"32-444","NAZWA_GMI":"Myślenice","NAZWA_MSC":"Głogoczów","odleglosc_m":129.5,"strefa":"50-200 m","warstwa":"adresy"},"geometry":{"type":"Point","coordinates":[19.872902,49.90622]}},{"type":"Feature","properties":{"NUMER_PORZ":"285","KOD_POCZT":"32-444","NAZWA_GMI":"Myślenice","NAZWA_MSC":"Głogoczów","odleglosc_m":48.5,"strefa":"30-50 m","warstwa":"adresy"},"geometry":{"type":"Point","coordinates":[19.874493,49.915739]}},{"type":"Feature","properties":{"NUMER_PORZ":"62A","KOD_POCZT":"32-444","NAZWA_GMI":"Myślenice","NAZWA_MSC":"Głogoczów","odleglosc_m":154.8,"strefa":"50-200 m","warstwa":"adresy"},"geometry":{"type":"Point","coordinates":[19.875806,49.896692]}},{"type":"Feature","properties":{"NUMER_PORZ":"391A","KOD_POCZT":"32-444","NAZWA_GMI":"Myślenice","NAZWA_MSC":"Głogoczów","odleglosc_m":195.1,"strefa":"50-200 m","warstwa":"adresy"},"geometry":{"type":"Point","coordinates":[19.869001,49.899585]}},{"type":"Feature","properties":{"NUMER_PORZ":"610","KOD_POCZT":"32-444","NAZWA_GMI":"Myślenice","NAZWA_MSC":"Głogoczów","odleglosc_m":177.2,"strefa":"50-200 m","warstwa":"adresy"},"geometry":{"type":"Point","coordinates":[19.876125,49.895908]}},{"type":"Feature","properties":{"NUMER_PORZ":"166","KOD_POCZT":"32-444","NAZWA_GMI":"Myślenice","NAZWA_MSC":"Głogoczów","odleglosc_m":181.5,"strefa":"50-200 m","warstwa":"adresy"},"geometry":{"type":"Point","coordinates":[19.870803,49.895191]}},{"type":"Feature","properties":{"NUMER_PORZ":"236","KOD_POCZT":"32-444","NAZWA_GMI":"Myślenice","NAZWA_MSC":"Głogoczów","odleglosc_m":95.9,"strefa":"50-200 m","warstwa":"adresy"},"geometry":{"type":"Point","coordinates":[19.870035,49.900712]}},{"type":"Feature","properties":{"NUMER_PORZ":"455","KOD_POCZT":"32-444","NAZWA_GMI":"Myślenice","NAZWA_MSC":"Głogoczów","odleglosc_m":157.3,"strefa":"50-200 m","warstwa":"adresy"},"geometry":{"type":"Point","coordinates":[19.875726,49.897078]}},{"type":"Feature","properties":{"NUMER_PORZ":"406","KOD_POCZT":"32-444","NAZWA_GMI":"Myślenice","NAZWA_MSC":"Głogoczów","odleglosc_m":161.8,"strefa":"50-200 m","warstwa":"adresy"},"geometry":{"type":"Point","coordinates":[19.87596,49.896092]}},{"type":"Feature","properties":{"NUMER_PORZ":"395","KOD_POCZT":"32-444","NAZWA_GMI":"Myślenice","NAZWA_MSC":"Głogoczów","odleglosc_m":139.2,"strefa":"50-200 m","warstwa":"adresy"},"geometry":{"type":"Point","coordinates":[19.877597,49.889358]}},{"type":"Feature","properties":{"NUMER_PORZ":"753","KOD_POCZT":"32-444","NAZWA_GMI":"Myślenice","NAZWA_MSC":"Głogoczów","odleglosc_m":0.0,"strefa":"w śladzie","warstwa":"adresy"},"geometry":{"type":"Point","coordinates":[19.87482,49.890372]}},{"type":"Feature","properties":{"NUMER_PORZ":"597","KOD_POCZT":"32-444","NAZWA_GMI":"Myślenice","NAZWA_MSC":"Głogoczów","odleglosc_m":177.0,"strefa":"50-200 m","warstwa":"adresy"},"geometry":{"type":"Point","coordinates":[19.867771,49.906838]}},{"type":"Feature","properties":{"NUMER_PORZ":"200","KOD_POCZT":"32-444","NAZWA_GMI":"Myślenice","NAZWA_MSC":"Głogoczów","odleglosc_m":22.9,"strefa":"20-30 m","warstwa":"adresy"},"geometry":{"type":"Point","coordinates":[19.887038,49.88181]}},{"type":"Feature","properties":{"NUMER_PORZ":"603","KOD_POCZT":"32-445","NAZWA_GMI":"Myślenice","NAZWA_MSC":"Krzyszkowice","odleglosc_m":73.9,"strefa":"50-200 m","warstwa":"adresy"},"geometry":{"type":"Point","coordinates":[19.894822,49.878613]}},{"type":"Feature","properties":{"NUMER_PORZ":"577","KOD_POCZT":"32-445","NAZWA_GMI":"Myślenice","NAZWA_MSC":"Krzyszkowice","odleglosc_m":79.7,"strefa":"50-200 m","warstwa":"adresy"},"geometry":{"type":"Point","coordinates":[19.905301,49.876875]}},{"type":"Feature","properties":{"NUMER_PORZ":"423","KOD_POCZT":"32-444","NAZWA_GMI":"Myślenice","NAZWA_MSC":"Głogoczów","odleglosc_m":0.0,"strefa":"w śladzie","warstwa":"adresy"},"geometry":{"type":"Point","coordinates":[19.874286,49.891369]}},{"type":"Feature","properties":{"NUMER_PORZ":"88","KOD_POCZT":"32-444","NAZWA_GMI":"Myślenice","NAZWA_MSC":"Głogoczów","odleglosc_m":162.5,"strefa":"50-200 m","warstwa":"adresy"},"geometry":{"type":"Point","coordinates":[19.871704,49.892939]}},{"type":"Feature","properties":{"NUMER_PORZ":"661","KOD_POCZT":"32-444","NAZWA_GMI":"Myślenice","NAZWA_MSC":"Głogoczów","odleglosc_m":54.4,"strefa":"50-200 m","warstwa":"adresy"},"geometry":{"type":"Point","coordinates":[19.873508,49.914953]}},{"type":"Feature","properties":{"NUMER_PORZ":"98","KOD_POCZT":"32-444","NAZWA_GMI":"Myślenice","NAZWA_MSC":"Głogoczów","odleglosc_m":15.5,"strefa":"0-20 m","warstwa":"adresy"},"geometry":{"type":"Point","coordinates":[19.877885,49.886344]}},{"type":"Feature","properties":{"NUMER_PORZ":"541","KOD_POCZT":"32-444","NAZWA_GMI":"Myślenice","NAZWA_MSC":"Głogoczów","odleglosc_m":24.2,"strefa":"20-30 m","warstwa":"adresy"},"geometry":{"type":"Point","coordinates":[19.875612,49.886546]}},{"type":"Feature","properties":{"NUMER_PORZ":"396","KOD_POCZT":"32-444","NAZWA_GMI":"Myślenice","NAZWA_MSC":"Głogoczów","odleglosc_m":128.4,"strefa":"50-200 m","warstwa":"adresy"},"geometry":{"type":"Point","coordinates":[19.874541,49.899495]}},{"type":"Feature","properties":{"NUMER_PORZ":"474","KOD_POCZT":"32-444","NAZWA_GMI":"Myślenice","NAZWA_MSC":"Głogoczów","odleglosc_m":79.0,"strefa":"50-200 m","warstwa":"adresy"},"geometry":{"type":"Point","coordinates":[19.873321,49.901007]}},{"type":"Feature","properties":{"NUMER_PORZ":"361","KOD_POCZT":"32-444","NAZWA_GMI":"Myślenice","NAZWA_MSC":"Głogoczów","odleglosc_m":10.7,"strefa":"0-20 m","warstwa":"adresy"},"geometry":{"type":"Point","coordinates":[19.872011,49.902049]}},{"type":"Feature","properties":{"NUMER_PORZ":"103","KOD_POCZT":"32-444","NAZWA_GMI":"Myślenice","NAZWA_MSC":"Głogoczów","odleglosc_m":0.0,"strefa":"w śladzie","warstwa":"adresy"},"geometry":{"type":"Point","coordinates":[19.871648,49.902709]}},{"type":"Feature","properties":{"NUMER_PORZ":"326","KOD_POCZT":"32-444","NAZWA_GMI":"Myślenice","NAZWA_MSC":"Głogoczów","odleglosc_m":86.2,"strefa":"50-200 m","warstwa":"adresy"},"geometry":{"type":"Point","coordinates":[19.872056,49.895518]}},{"type":"Feature","properties":{"NUMER_PORZ":"1036","KOD_POCZT":"32-444","NAZWA_GMI":"Myślenice","NAZWA_MSC":"Głogoczów","odleglosc_m":55.6,"strefa":"50-200 m","warstwa":"adresy"},"geometry":{"type":"Point","coordinates":[19.877183,49.917731]}},{"type":"Feature","properties":{"NUMER_PORZ":"90","KOD_POCZT":"32-444","NAZWA_GMI":"Myślenice","NAZWA_MSC":"Głogoczów","odleglosc_m":126.9,"strefa":"50-200 m","warstwa":"adresy"},"geometry":{"type":"Point","coordinates":[19.872725,49.890692]}},{"type":"Feature","properties":{"NUMER_PORZ":"644","KOD_POCZT":"32-444","NAZWA_GMI":"Myślenice","NAZWA_MSC":"Głogoczów","odleglosc_m":36.3,"strefa":"30-50 m","warstwa":"adresy"},"geometry":{"type":"Point","coordinates":[19.8848,49.881442]}},{"type":"Feature","properties":{"NUMER_PORZ":"564","KOD_POCZT":"32-444","NAZWA_GMI":"Myślenice","NAZWA_MSC":"Głogoczów","odleglosc_m":103.7,"strefa":"50-200 m","warstwa":"adresy"},"geometry":{"type":"Point","coordinates":[19.884302,49.880908]}},{"type":"Feature","properties":{"NUMER_PORZ":"274","KOD_POCZT":"32-444","NAZWA_GMI":"Myślenice","NAZWA_MSC":"Głogoczów","odleglosc_m":50.4,"strefa":"50-200 m","warstwa":"adresy"},"geometry":{"type":"Point","coordinates":[19.87891,49.885625]}},{"type":"Feature","properties":{"NUMER_PORZ":"180","KOD_POCZT":"32-444","NAZWA_GMI":"Myślenice","NAZWA_MSC":"Głogoczów","odleglosc_m":95.1,"strefa":"50-200 m","warstwa":"adresy"},"geometry":{"type":"Point","coordinates":[19.882547,49.921054]}},{"type":"Feature","properties":{"NUMER_PORZ":"562A","KOD_POCZT":"32-444","NAZWA_GMI":"Myślenice","NAZWA_MSC":"Głogoczów","odleglosc_m":66.0,"strefa":"50-200 m","warstwa":"adresy"},"geometry":{"type":"Point","coordinates":[19.871712,49.896942]}},{"type":"Feature","properties":{"NUMER_PORZ":"332","KOD_POCZT":"32-445","NAZWA_GMI":"Myślenice","NAZWA_MSC":"Krzyszkowice","odleglosc_m":52.3,"strefa":"50-200 m","warstwa":"adresy"},"geometry":{"type":"Point","coordinates":[19.889782,49.881506]}},{"type":"Feature","properties":{"NUMER_PORZ":"359","KOD_POCZT":"32-445","NAZWA_GMI":"Myślenice","NAZWA_MSC":"Krzyszkowice","odleglosc_m":144.8,"strefa":"50-200 m","warstwa":"adresy"},"geometry":{"type":"Point","coordinates":[19.907181,49.875981]}},{"type":"Feature","properties":{"NUMER_PORZ":"124","KOD_POCZT":"32-445","NAZWA_GMI":"Myślenice","NAZWA_MSC":"Krzyszkowice","odleglosc_m":10.3,"strefa":"0-20 m","warstwa":"adresy"},"geometry":{"type":"Point","coordinates":[19.892337,49.879874]}},{"type":"Feature","properties":{"NUMER_PORZ":"213","KOD_POCZT":"32-445","NAZWA_GMI":"Myślenice","NAZWA_MSC":"Krzyszkowice","odleglosc_m":22.5,"strefa":"20-30 m","warstwa":"adresy"},"geometry":{"type":"Point","coordinates":[19.909464,49.869829]}},{"type":"Feature","properties":{"NUMER_PORZ":"324","KOD_POCZT":"32-444","NAZWA_GMI":"Myślenice","NAZWA_MSC":"Głogoczów","odleglosc_m":0.0,"strefa":"w śladzie","warstwa":"adresy"},"geometry":{"type":"Point","coordinates":[19.888667,49.880845]}},{"type":"Feature","properties":{"NUMER_PORZ":"784","KOD_POCZT":"32-444","NAZWA_GMI":"Myślenice","NAZWA_MSC":"Głogoczów","odleglosc_m":39.9,"strefa":"30-50 m","warstwa":"adresy"},"geometry":{"type":"Point","coordinates":[19.872843,49.89512]}},{"type":"Feature","properties":{"NUMER_PORZ":"421","KOD_POCZT":"32-444","NAZWA_GMI":"Myślenice","NAZWA_MSC":"Głogoczów","odleglosc_m":171.3,"strefa":"50-200 m","warstwa":"adresy"},"geometry":{"type":"Point","coordinates":[19.879327,49.88193]}},{"type":"Feature","properties":{"NUMER_PORZ":"99","KOD_POCZT":"32-444","NAZWA_GMI":"Myślenice","NAZWA_MSC":"Głogoczów","odleglosc_m":97.6,"strefa":"50-200 m","warstwa":"adresy"},"geometry":{"type":"Point","coordinates":[19.879057,49.882985]}},{"type":"Feature","properties":{"NUMER_PORZ":"122","KOD_POCZT":"32-444","NAZWA_GMI":"Myślenice","NAZWA_MSC":"Głogoczów","odleglosc_m":68.1,"strefa":"50-200 m","warstwa":"adresy"},"geometry":{"type":"Point","coordinates":[19.871233,49.912519]}},{"type":"Feature","properties":{"NUMER_PORZ":"516","KOD_POCZT":"32-444","NAZWA_GMI":"Myślenice","NAZWA_MSC":"Głogoczów","odleglosc_m":102.7,"strefa":"50-200 m","warstwa":"adresy"},"geometry":{"type":"Point","coordinates":[19.875898,49.884969]}},{"type":"Feature","properties":{"NUMER_PORZ":"477","KOD_POCZT":"32-444","NAZWA_GMI":"Myślenice","NAZWA_MSC":"Głogoczów","odleglosc_m":119.1,"strefa":"50-200 m","warstwa":"adresy"},"geometry":{"type":"Point","coordinates":[19.870124,49.899475]}},{"type":"Feature","properties":{"NUMER_PORZ":"641","KOD_POCZT":"32-444","NAZWA_GMI":"Myślenice","NAZWA_MSC":"Głogoczów","odleglosc_m":4.9,"strefa":"0-20 m","warstwa":"adresy"},"geometry":{"type":"Point","coordinates":[19.875525,49.889841]}},{"type":"Feature","properties":{"NUMER_PORZ":"799","KOD_POCZT":"32-444","NAZWA_GMI":"Myślenice","NAZWA_MSC":"Głogoczów","odleglosc_m":169.8,"strefa":"50-200 m","warstwa":"adresy"},"geometry":{"type":"Point","coordinates":[19.875833,49.884152]}},{"type":"Feature","properties":{"NUMER_PORZ":"792","KOD_POCZT":"32-444","NAZWA_GMI":"Myślenice","NAZWA_MSC":"Głogoczów","odleglosc_m":136.6,"strefa":"50-200 m","warstwa":"adresy"},"geometry":{"type":"Point","coordinates":[19.878521,49.882802]}},{"type":"Feature","properties":{"NUMER_PORZ":"328","KOD_POCZT":"32-444","NAZWA_GMI":"Myślenice","NAZWA_MSC":"Głogoczów","odleglosc_m":190.9,"strefa":"50-200 m","warstwa":"adresy"},"geometry":{"type":"Point","coordinates":[19.867886,49.909006]}},{"type":"Feature","properties":{"NUMER_PORZ":"538","KOD_POCZT":"32-444","NAZWA_GMI":"Myślenice","NAZWA_MSC":"Głogoczów","odleglosc_m":144.7,"strefa":"50-200 m","warstwa":"adresy"},"geometry":{"type":"Point","coordinates":[19.875799,49.89532]}},{"type":"Feature","properties":{"NUMER_PORZ":"30","KOD_POCZT":"32-444","NAZWA_GMI":"Myślenice","NAZWA_MSC":"Głogoczów","odleglosc_m":25.6,"strefa":"20-30 m","warstwa":"adresy"},"geometry":{"type":"Point","coordinates":[19.878336,49.918069]}},{"type":"Feature","properties":{"NUMER_PORZ":"746A","KOD_POCZT":"32-444","NAZWA_GMI":"Myślenice","NAZWA_MSC":"Głogoczów","odleglosc_m":67.5,"strefa":"50-200 m","warstwa":"adresy"},"geometry":{"type":"Point","coordinates":[19.872234,49.904375]}},{"type":"Feature","properties":{"NUMER_PORZ":"401","KOD_POCZT":"32-444","NAZWA_GMI":"Myślenice","NAZWA_MSC":"Głogoczów","odleglosc_m":118.7,"strefa":"50-200 m","warstwa":"adresy"},"geometry":{"type":"Point","coordinates":[19.87423,49.900003]}},{"type":"Feature","properties":{"NUMER_PORZ":"548","KOD_POCZT":"32-445","NAZWA_GMI":"Myślenice","NAZWA_MSC":"Krzyszkowice","odleglosc_m":0.0,"strefa":"w śladzie","warstwa":"adresy"},"geometry":{"type":"Point","coordinates":[19.889245,49.881033]}},{"type":"Feature","properties":{"NUMER_PORZ":"858","KOD_POCZT":"32-444","NAZWA_GMI":"Myślenice","NAZWA_MSC":"Głogoczów","odleglosc_m":44.9,"strefa":"30-50 m","warstwa":"adresy"},"geometry":{"type":"Point","coordinates":[19.87788,49.886978]}},{"type":"Feature","properties":{"NUMER_PORZ":"259","KOD_POCZT":"32-444","NAZWA_GMI":"Myślenice","NAZWA_MSC":"Głogoczów","odleglosc_m":92.5,"strefa":"50-200 m","warstwa":"adresy"},"geometry":{"type":"Point","coordinates":[19.874442,49.886784]}},{"type":"Feature","properties":{"NUMER_PORZ":"1063","KOD_POCZT":"32-444","NAZWA_GMI":"Myślenice","NAZWA_MSC":"Głogoczów","odleglosc_m":144.5,"strefa":"50-200 m","warstwa":"adresy"},"geometry":{"type":"Point","coordinates":[19.875636,49.884606]}},{"type":"Feature","properties":{"NUMER_PORZ":"785","KOD_POCZT":"32-444","NAZWA_GMI":"Myślenice","NAZWA_MSC":"Głogoczów","odleglosc_m":170.1,"strefa":"50-200 m","warstwa":"adresy"},"geometry":{"type":"Point","coordinates":[19.883692,49.884213]}},{"type":"Feature","properties":{"NUMER_PORZ":"435A","KOD_POCZT":"32-444","NAZWA_GMI":"Myślenice","NAZWA_MSC":"Głogoczów","odleglosc_m":73.8,"strefa":"50-200 m","warstwa":"adresy"},"geometry":{"type":"Point","coordinates":[19.876149,49.885175]}},{"type":"Feature","properties":{"NUMER_PORZ":"326A","KOD_POCZT":"32-444","NAZWA_GMI":"Myślenice","NAZWA_MSC":"Głogoczów","odleglosc_m":120.3,"strefa":"50-200 m","warstwa":"adresy"},"geometry":{"type":"Point","coordinates":[19.871678,49.895182]}},{"type":"Feature","properties":{"NUMER_PORZ":"416","KOD_POCZT":"32-444","NAZWA_GMI":"Myślenice","NAZWA_MSC":"Głogoczów","odleglosc_m":59.9,"strefa":"50-200 m","warstwa":"adresy"},"geometry":{"type":"Point","coordinates":[19.873848,49.889947]}},{"type":"Feature","properties":{"NUMER_PORZ":"267","KOD_POCZT":"32-444","NAZWA_GMI":"Myślenice","NAZWA_MSC":"Głogoczów","odleglosc_m":123.1,"strefa":"50-200 m","warstwa":"adresy"},"geometry":{"type":"Point","coordinates":[19.889153,49.882343]}},{"type":"Feature","properties":{"NUMER_PORZ":"447","KOD_POCZT":"32-444","NAZWA_GMI":"Myślenice","NAZWA_MSC":"Głogoczów","odleglosc_m":193.8,"strefa":"50-200 m","warstwa":"adresy"},"geometry":{"type":"Point","coordinates":[19.877484,49.919631]}},{"type":"Feature","properties":{"NUMER_PORZ":"352","KOD_POCZT":"32-445","NAZWA_GMI":"Myślenice","NAZWA_MSC":"Krzyszkowice","odleglosc_m":112.9,"strefa":"50-200 m","warstwa":"adresy"},"geometry":{"type":"Point","coordinates":[19.907069,49.869942]}},{"type":"Feature","properties":{"NUMER_PORZ":"480","KOD_POCZT":"32-445","NAZWA_GMI":"Myślenice","NAZWA_MSC":"Krzyszkowice","odleglosc_m":8.6,"strefa":"0-20 m","warstwa":"adresy"},"geometry":{"type":"Point","coordinates":[19.909602,49.869031]}},{"type":"Feature","properties":{"NUMER_PORZ":"263","KOD_POCZT":"32-400","NAZWA_GMI":"Myślenice","NAZWA_MSC":"Polanka","odleglosc_m":130.5,"strefa":"50-200 m","warstwa":"adresy"},"geometry":{"type":"Point","coordinates":[19.919894,49.852933]}},{"type":"Feature","properties":{"NUMER_PORZ":"446","KOD_POCZT":"32-444","NAZWA_GMI":"Myślenice","NAZWA_MSC":"Głogoczów","odleglosc_m":113.6,"strefa":"50-200 m","warstwa":"adresy"},"geometry":{"type":"Point","coordinates":[19.876895,49.890568]}},{"type":"Feature","properties":{"NUMER_PORZ":"705","KOD_POCZT":"32-444","NAZWA_GMI":"Myślenice","NAZWA_MSC":"Głogoczów","odleglosc_m":89.6,"strefa":"50-200 m","warstwa":"adresy"},"geometry":{"type":"Point","coordinates":[19.872296,49.894493]}},{"type":"Feature","properties":{"NUMER_PORZ":"1001","KOD_POCZT":"32-444","NAZWA_GMI":"Myślenice","NAZWA_MSC":"Głogoczów","odleglosc_m":100.7,"strefa":"50-200 m","warstwa":"adresy"},"geometry":{"type":"Point","coordinates":[19.874855,49.897304]}},{"type":"Feature","properties":{"NUMER_PORZ":"521","KOD_POCZT":"32-444","NAZWA_GMI":"Myślenice","NAZWA_MSC":"Głogoczów","odleglosc_m":7.0,"strefa":"0-20 m","warstwa":"adresy"},"geometry":{"type":"Point","coordinates":[19.889035,49.881258]}},{"type":"Feature","properties":{"NUMER_PORZ":"414","KOD_POCZT":"32-444","NAZWA_GMI":"Myślenice","NAZWA_MSC":"Głogoczów","odleglosc_m":0.0,"strefa":"w śladzie","warstwa":"adresy"},"geometry":{"type":"Point","coordinates":[19.875533,49.915686]}},{"type":"Feature","properties":{"NUMER_PORZ":"726","KOD_POCZT":"32-444","NAZWA_GMI":"Myślenice","NAZWA_MSC":"Głogoczów","odleglosc_m":0.0,"strefa":"w śladzie","warstwa":"adresy"},"geometry":{"type":"Point","coordinates":[19.874911,49.88991]}},{"type":"Feature","properties":{"NUMER_PORZ":"522","KOD_POCZT":"32-444","NAZWA_GMI":"Myślenice","NAZWA_MSC":"Głogoczów","odleglosc_m":65.4,"strefa":"50-200 m","warstwa":"adresy"},"geometry":{"type":"Point","coordinates":[19.872962,49.901492]}},{"type":"Feature","properties":{"NUMER_PORZ":"464","KOD_POCZT":"32-444","NAZWA_GMI":"Myślenice","NAZWA_MSC":"Głogoczów","odleglosc_m":41.3,"strefa":"30-50 m","warstwa":"adresy"},"geometry":{"type":"Point","coordinates":[19.872568,49.901654]}},{"type":"Feature","properties":{"NUMER_PORZ":"55","KOD_POCZT":"32-444","NAZWA_GMI":"Myślenice","NAZWA_MSC":"Głogoczów","odleglosc_m":40.6,"strefa":"30-50 m","warstwa":"adresy"},"geometry":{"type":"Point","coordinates":[19.872506,49.901824]}},{"type":"Feature","properties":{"NUMER_PORZ":"216","KOD_POCZT":"32-444","NAZWA_GMI":"Myślenice","NAZWA_MSC":"Głogoczów","odleglosc_m":71.6,"strefa":"50-200 m","warstwa":"adresy"},"geometry":{"type":"Point","coordinates":[19.87236,49.908568]}},{"type":"Feature","properties":{"NUMER_PORZ":"91","KOD_POCZT":"32-444","NAZWA_GMI":"Myślenice","NAZWA_MSC":"Głogoczów","odleglosc_m":193.5,"strefa":"50-200 m","warstwa":"adresy"},"geometry":{"type":"Point","coordinates":[19.871762,49.89066]}},{"type":"Feature","properties":{"NUMER_PORZ":"380","KOD_POCZT":"32-444","NAZWA_GMI":"Myślenice","NAZWA_MSC":"Głogoczów","odleglosc_m":156.6,"strefa":"50-200 m","warstwa":"adresy"},"geometry":{"type":"Point","coordinates":[19.877926,49.88292]}},{"type":"Feature","properties":{"NUMER_PORZ":"91A","KOD_POCZT":"32-444","NAZWA_GMI":"Myślenice","NAZWA_MSC":"Głogoczów","odleglosc_m":196.4,"strefa":"50-200 m","warstwa":"adresy"},"geometry":{"type":"Point","coordinates":[19.871815,49.890478]}},{"type":"Feature","properties":{"NUMER_PORZ":"196","KOD_POCZT":"32-444","NAZWA_GMI":"Myślenice","NAZWA_MSC":"Głogoczów","odleglosc_m":0.0,"strefa":"w śladzie","warstwa":"adresy"},"geometry":{"type":"Point","coordinates":[19.870831,49.902712]}},{"type":"Feature","properties":{"NUMER_PORZ":"469","KOD_POCZT":"32-444","NAZWA_GMI":"Myślenice","NAZWA_MSC":"Głogoczów","odleglosc_m":148.9,"strefa":"50-200 m","warstwa":"adresy"},"geometry":{"type":"Point","coordinates":[19.87553,49.897332]}},{"type":"Feature","properties":{"NUMER_PORZ":"1071","KOD_POCZT":"32-444","NAZWA_GMI":"Myślenice","NAZWA_MSC":"Głogoczów","odleglosc_m":177.9,"strefa":"50-200 m","warstwa":"adresy"},"geometry":{"type":"Point","coordinates":[19.874321,49.902258]}},{"type":"Feature","properties":{"NUMER_PORZ":"728","KOD_POCZT":"32-444","NAZWA_GMI":"Myślenice","NAZWA_MSC":"Głogoczów","odleglosc_m":81.4,"strefa":"50-200 m","warstwa":"adresy"},"geometry":{"type":"Point","coordinates":[19.871357,49.897391]}},{"type":"Feature","properties":{"NUMER_PORZ":"321","KOD_POCZT":"32-444","NAZWA_GMI":"Myślenice","NAZWA_MSC":"Głogoczów","odleglosc_m":152.6,"strefa":"50-200 m","warstwa":"adresy"},"geometry":{"type":"Point","coordinates":[19.875511,49.897567]}},{"type":"Feature","properties":{"NUMER_PORZ":"851","KOD_POCZT":"32-444","NAZWA_GMI":"Myślenice","NAZWA_MSC":"Głogoczów","odleglosc_m":28.1,"strefa":"20-30 m","warstwa":"adresy"},"geometry":{"type":"Point","coordinates":[19.887926,49.880733]}},{"type":"Feature","properties":{"NUMER_PORZ":"875","KOD_POCZT":"32-444","NAZWA_GMI":"Myślenice","NAZWA_MSC":"Głogoczów","odleglosc_m":81.7,"strefa":"50-200 m","warstwa":"adresy"},"geometry":{"type":"Point","coordinates":[19.889524,49.881852]}},{"type":"Feature","properties":{"NUMER_PORZ":"576","KOD_POCZT":"32-444","NAZWA_GMI":"Myślenice","NAZWA_MSC":"Głogoczów","odleglosc_m":181.3,"strefa":"50-200 m","warstwa":"adresy"},"geometry":{"type":"Point","coordinates":[19.878111,49.882499]}},{"type":"Feature","properties":{"NUMER_PORZ":"1028","KOD_POCZT":"32-444","NAZWA_GMI":"Myślenice","NAZWA_MSC":"Głogoczów","odleglosc_m":139.0,"strefa":"50-200 m","warstwa":"adresy"},"geometry":{"type":"Point","coordinates":[19.874766,49.899279]}},{"type":"Feature","properties":{"NUMER_PORZ":"1054","KOD_POCZT":"32-444","NAZWA_GMI":"Myślenice","NAZWA_MSC":"Głogoczów","odleglosc_m":78.4,"strefa":"50-200 m","warstwa":"adresy"},"geometry":{"type":"Point","coordinates":[19.869133,49.906352]}},{"type":"Feature","properties":{"NUMER_PORZ":"962","KOD_POCZT":"32-444","NAZWA_GMI":"Myślenice","NAZWA_MSC":"Głogoczów","odleglosc_m":0.0,"strefa":"w śladzie","warstwa":"adresy"},"geometry":{"type":"Point","coordinates":[19.875165,49.889948]}},{"type":"Feature","properties":{"NUMER_PORZ":"980","KOD_POCZT":"32-444","NAZWA_GMI":"Myślenice","NAZWA_MSC":"Głogoczów","odleglosc_m":184.0,"strefa":"50-200 m","warstwa":"adresy"},"geometry":{"type":"Point","coordinates":[19.869225,49.899396]}},{"type":"Feature","properties":{"NUMER_PORZ":"839","KOD_POCZT":"32-444","NAZWA_GMI":"Myślenice","NAZWA_MSC":"Głogoczów","odleglosc_m":121.4,"strefa":"50-200 m","warstwa":"adresy"},"geometry":{"type":"Point","coordinates":[19.876851,49.918345]}},{"type":"Feature","properties":{"NUMER_PORZ":"871","KOD_POCZT":"32-444","NAZWA_GMI":"Myślenice","NAZWA_MSC":"Głogoczów","odleglosc_m":81.1,"strefa":"50-200 m","warstwa":"adresy"},"geometry":{"type":"Point","coordinates":[19.869351,49.903964]}},{"type":"Feature","properties":{"NUMER_PORZ":"527","KOD_POCZT":"32-444","NAZWA_GMI":"Myślenice","NAZWA_MSC":"Głogoczów","odleglosc_m":151.2,"strefa":"50-200 m","warstwa":"adresy"},"geometry":{"type":"Point","coordinates":[19.871463,49.894331]}},{"type":"Feature","properties":{"NUMER_PORZ":"505","KOD_POCZT":"32-444","NAZWA_GMI":"Myślenice","NAZWA_MSC":"Głogoczów","odleglosc_m":115.8,"strefa":"50-200 m","warstwa":"adresy"},"geometry":{"type":"Point","coordinates":[19.878699,49.88295]}},{"type":"Feature","properties":{"NUMER_PORZ":"95","KOD_POCZT":"32-444","NAZWA_GMI":"Myślenice","NAZWA_MSC":"Głogoczów","odleglosc_m":63.2,"strefa":"50-200 m","warstwa":"adresy"},"geometry":{"type":"Point","coordinates":[19.875267,49.886213]}},{"type":"Feature","properties":{"NUMER_PORZ":"434","KOD_POCZT":"32-444","NAZWA_GMI":"Myślenice","NAZWA_MSC":"Głogoczów","odleglosc_m":75.4,"strefa":"50-200 m","warstwa":"adresy"},"geometry":{"type":"Point","coordinates":[19.873884,49.915611]}},{"type":"Feature","properties":{"NUMER_PORZ":"3","KOD_POCZT":"32-444","NAZWA_GMI":"Myślenice","NAZWA_MSC":"Głogoczów","odleglosc_m":152.3,"strefa":"50-200 m","warstwa":"adresy"},"geometry":{"type":"Point","coordinates":[19.868867,49.910398]}},{"type":"Feature","properties":{"NUMER_PORZ":"1078","KOD_POCZT":"32-444","NAZWA_GMI":"Myślenice","NAZWA_MSC":"Głogoczów","odleglosc_m":51.6,"strefa":"50-200 m","warstwa":"adresy"},"geometry":{"type":"Point","coordinates":[19.871942,49.913167]}},{"type":"Feature","properties":{"NUMER_PORZ":"770","KOD_POCZT":"32-444","NAZWA_GMI":"Myślenice","NAZWA_MSC":"Głogoczów","odleglosc_m":44.0,"strefa":"30-50 m","warstwa":"adresy"},"geometry":{"type":"Point","coordinates":[19.872996,49.894321]}},{"type":"Feature","properties":{"NUMER_PORZ":"986","KOD_POCZT":"32-444","NAZWA_GMI":"Myślenice","NAZWA_MSC":"Głogoczów","odleglosc_m":163.2,"strefa":"50-200 m","warstwa":"adresy"},"geometry":{"type":"Point","coordinates":[19.867959,49.906664]}},{"type":"Feature","properties":{"NUMER_PORZ":"918","KOD_POCZT":"32-444","NAZWA_GMI":"Myślenice","NAZWA_MSC":"Głogoczów","odleglosc_m":0.0,"strefa":"w śladzie","warstwa":"adresy"},"geometry":{"type":"Point","coordinates":[19.871185,49.904626]}},{"type":"Feature","properties":{"NUMER_PORZ":"771","KOD_POCZT":"32-444","NAZWA_GMI":"Myślenice","NAZWA_MSC":"Głogoczów","odleglosc_m":4.2,"strefa":"0-20 m","warstwa":"adresy"},"geometry":{"type":"Point","coordinates":[19.875048,49.891257]}},{"type":"Feature","properties":{"NUMER_PORZ":"320","KOD_POCZT":"32-444","NAZWA_GMI":"Myślenice","NAZWA_MSC":"Głogoczów","odleglosc_m":84.2,"strefa":"50-200 m","warstwa":"adresy"},"geometry":{"type":"Point","coordinates":[19.874053,49.899076]}},{"type":"Feature","properties":{"NUMER_PORZ":"229","KOD_POCZT":"32-444","NAZWA_GMI":"Myślenice","NAZWA_MSC":"Głogoczów","odleglosc_m":0.0,"strefa":"w śladzie","warstwa":"adresy"},"geometry":{"type":"Point","coordinates":[19.876022,49.886569]}},{"type":"Feature","properties":{"NUMER_PORZ":"587","KOD_POCZT":"32-444","NAZWA_GMI":"Myślenice","NAZWA_MSC":"Głogoczów","odleglosc_m":48.2,"strefa":"30-50 m","warstwa":"adresy"},"geometry":{"type":"Point","coordinates":[19.871714,49.897749]}},{"type":"Feature","properties":{"NUMER_PORZ":"297","KOD_POCZT":"32-444","NAZWA_GMI":"Myślenice","NAZWA_MSC":"Głogoczów","odleglosc_m":181.6,"strefa":"50-200 m","warstwa":"adresy"},"geometry":{"type":"Point","coordinates":[19.876359,49.895202]}},{"type":"Feature","properties":{"NUMER_PORZ":"766","KOD_POCZT":"32-444","NAZWA_GMI":"Myślenice","NAZWA_MSC":"Głogoczów","odleglosc_m":51.3,"strefa":"50-200 m","warstwa":"adresy"},"geometry":{"type":"Point","coordinates":[19.871518,49.898217]}},{"type":"Feature","properties":{"NUMER_PORZ":"614","KOD_POCZT":"32-444","NAZWA_GMI":"Myślenice","NAZWA_MSC":"Głogoczów","odleglosc_m":146.5,"strefa":"50-200 m","warstwa":"adresy"},"geometry":{"type":"Point","coordinates":[19.869546,49.900015]}},{"type":"Feature","properties":{"NUMER_PORZ":"358","KOD_POCZT":"32-444","NAZWA_GMI":"Myślenice","NAZWA_MSC":"Głogoczów","odleglosc_m":142.8,"strefa":"50-200 m","warstwa":"adresy"},"geometry":{"type":"Point","coordinates":[19.882289,49.884801]}},{"type":"Feature","properties":{"NUMER_PORZ":"237","KOD_POCZT":"32-444","NAZWA_GMI":"Myślenice","NAZWA_MSC":"Głogoczów","odleglosc_m":14.0,"strefa":"0-20 m","warstwa":"adresy"},"geometry":{"type":"Point","coordinates":[19.887794,49.881582]}},{"type":"Feature","properties":{"NUMER_PORZ":"70A","KOD_POCZT":"32-444","NAZWA_GMI":"Myślenice","NAZWA_MSC":"Głogoczów","odleglosc_m":90.5,"strefa":"50-200 m","warstwa":"adresy"},"geometry":{"type":"Point","coordinates":[19.875468,49.88551]}},{"type":"Feature","properties":{"NUMER_PORZ":"1083","KOD_POCZT":"32-444","NAZWA_GMI":"Myślenice","NAZWA_MSC":"Głogoczów","odleglosc_m":35.1,"strefa":"30-50 m","warstwa":"adresy"},"geometry":{"type":"Point","coordinates":[19.872893,49.913996]}},{"type":"Feature","properties":{"NUMER_PORZ":"387D","KOD_POCZT":"32-444","NAZWA_GMI":"Myślenice","NAZWA_MSC":"Głogoczów","odleglosc_m":172.4,"strefa":"50-200 m","warstwa":"adresy"},"geometry":{"type":"Point","coordinates":[19.874337,49.901956]}},{"type":"Feature","properties":{"NUMER_PORZ":"451","KOD_POCZT":"32-444","NAZWA_GMI":"Myślenice","NAZWA_MSC":"Głogoczów","odleglosc_m":36.2,"strefa":"30-50 m","warstwa":"adresy"},"geometry":{"type":"Point","coordinates":[19.875837,49.890433]}},{"type":"Feature","properties":{"NUMER_PORZ":"760","KOD_POCZT":"32-444","NAZWA_GMI":"Myślenice","NAZWA_MSC":"Głogoczów","odleglosc_m":0.0,"strefa":"w śladzie","warstwa":"adresy"},"geometry":{"type":"Point","coordinates":[19.873647,49.913289]}},{"type":"Feature","properties":{"NUMER_PORZ":"947","KOD_POCZT":"32-444","NAZWA_GMI":"Myślenice","NAZWA_MSC":"Głogoczów","odleglosc_m":81.4,"strefa":"50-200 m","warstwa":"adresy"},"geometry":{"type":"Point","coordinates":[19.870985,49.898537]}},{"type":"Feature","properties":{"NUMER_PORZ":"572","KOD_POCZT":"32-444","NAZWA_GMI":"Myślenice","NAZWA_MSC":"Głogoczów","odleglosc_m":73.3,"strefa":"50-200 m","warstwa":"adresy"},"geometry":{"type":"Point","coordinates":[19.871357,49.897747]}},{"type":"Feature","properties":{"NUMER_PORZ":"504","KOD_POCZT":"32-444","NAZWA_GMI":"Myślenice","NAZWA_MSC":"Głogoczów","odleglosc_m":92.4,"strefa":"50-200 m","warstwa":"adresy"},"geometry":{"type":"Point","coordinates":[19.87302,49.891143]}},{"type":"Feature","properties":{"NUMER_PORZ":"602","KOD_POCZT":"32-444","NAZWA_GMI":"Myślenice","NAZWA_MSC":"Głogoczów","odleglosc_m":0.0,"strefa":"w śladzie","warstwa":"adresy"},"geometry":{"type":"Point","coordinates":[19.874704,49.891631]}},{"type":"Feature","properties":{"NUMER_PORZ":"366","KOD_POCZT":"32-444","NAZWA_GMI":"Myślenice","NAZWA_MSC":"Głogoczów","odleglosc_m":50.8,"strefa":"50-200 m","warstwa":"adresy"},"geometry":{"type":"Point","coordinates":[19.871631,49.912712]}},{"type":"Feature","properties":{"NUMER_PORZ":"684","KOD_POCZT":"32-444","NAZWA_GMI":"Myślenice","NAZWA_MSC":"Głogoczów","odleglosc_m":46.6,"strefa":"30-50 m","warstwa":"adresy"},"geometry":{"type":"Point","coordinates":[19.875094,49.886819]}},{"type":"Feature","properties":{"NUMER_PORZ":"322","KOD_POCZT":"32-444","NAZWA_GMI":"Myślenice","NAZWA_MSC":"Głogoczów","odleglosc_m":147.8,"strefa":"50-200 m","warstwa":"adresy"},"geometry":{"type":"Point","coordinates":[19.876056,49.894682]}},{"type":"Feature","properties":{"NUMER_PORZ":"264","KOD_POCZT":"32-444","NAZWA_GMI":"Myślenice","NAZWA_MSC":"Głogoczów","odleglosc_m":150.0,"strefa":"50-200 m","warstwa":"adresy"},"geometry":{"type":"Point","coordinates":[19.870122,49.898192]}},{"type":"Feature","properties":{"NUMER_PORZ":"83","KOD_POCZT":"32-444","NAZWA_GMI":"Myślenice","NAZWA_MSC":"Głogoczów","odleglosc_m":76.3,"strefa":"50-200 m","warstwa":"adresy"},"geometry":{"type":"Point","coordinates":[19.871214,49.898056]}},{"type":"Feature","properties":{"NUMER_PORZ":"387C","KOD_POCZT":"32-444","NAZWA_GMI":"Myślenice","NAZWA_MSC":"Głogoczów","odleglosc_m":174.7,"strefa":"50-200 m","warstwa":"adresy"},"geometry":{"type":"Point","coordinates":[19.874365,49.901971]}},{"type":"Feature","properties":{"NUMER_PORZ":"387B","KOD_POCZT":"32-444","NAZWA_GMI":"Myślenice","NAZWA_MSC":"Głogoczów","odleglosc_m":189.7,"strefa":"50-200 m","warstwa":"adresy"},"geometry":{"type":"Point","coordinates":[19.87454,49.902091]}},{"type":"Feature","properties":{"NUMER_PORZ":"387A","KOD_POCZT":"32-444","NAZWA_GMI":"Myślenice","NAZWA_MSC":"Głogoczów","odleglosc_m":197.2,"strefa":"50-200 m","warstwa":"adresy"},"geometry":{"type":"Point","coordinates":[19.87463,49.902147]}},{"type":"Feature","properties":{"NUMER_PORZ":"352","KOD_POCZT":"32-444","NAZWA_GMI":"Myślenice","NAZWA_MSC":"Głogoczów","odleglosc_m":114.3,"strefa":"50-200 m","warstwa":"adresy"},"geometry":{"type":"Point","coordinates":[19.887768,49.879937]}},{"type":"Feature","properties":{"NUMER_PORZ":"542","KOD_POCZT":"32-444","NAZWA_GMI":"Myślenice","NAZWA_MSC":"Głogoczów","odleglosc_m":119.2,"strefa":"50-200 m","warstwa":"adresy"},"geometry":{"type":"Point","coordinates":[19.888773,49.882385]}},{"type":"Feature","properties":{"NUMER_PORZ":"502","KOD_POCZT":"32-444","NAZWA_GMI":"Myślenice","NAZWA_MSC":"Głogoczów","odleglosc_m":172.8,"strefa":"50-200 m","warstwa":"adresy"},"geometry":{"type":"Point","coordinates":[19.879079,49.92022]}},{"type":"Feature","properties":{"NUMER_PORZ":"711","KOD_POCZT":"32-444","NAZWA_GMI":"Myślenice","NAZWA_MSC":"Głogoczów","odleglosc_m":149.8,"strefa":"50-200 m","warstwa":"adresy"},"geometry":{"type":"Point","coordinates":[19.874553,49.885452]}},{"type":"Feature","properties":{"NUMER_PORZ":"249","KOD_POCZT":"32-444","NAZWA_GMI":"Myślenice","NAZWA_MSC":"Głogoczów","odleglosc_m":76.8,"strefa":"50-200 m","warstwa":"adresy"},"geometry":{"type":"Point","coordinates":[19.869168,49.906001]}},{"type":"Feature","properties":{"NUMER_PORZ":"562","KOD_POCZT":"32-444","NAZWA_GMI":"Myślenice","NAZWA_MSC":"Głogoczów","odleglosc_m":88.9,"strefa":"50-200 m","warstwa":"adresy"},"geometry":{"type":"Point","coordinates":[19.871478,49.896639]}},{"type":"Feature","properties":{"NUMER_PORZ":"462","KOD_POCZT":"32-444","NAZWA_GMI":"Myślenice","NAZWA_MSC":"Głogoczów","odleglosc_m":177.4,"strefa":"50-200 m","warstwa":"adresy"},"geometry":{"type":"Point","coordinates":[19.868651,49.901406]}},{"type":"Feature","properties":{"NUMER_PORZ":"75","KOD_POCZT":"32-444","NAZWA_GMI":"Myślenice","NAZWA_MSC":"Głogoczów","odleglosc_m":182.8,"strefa":"50-200 m","warstwa":"adresy"},"geometry":{"type":"Point","coordinates":[19.876243,49.89565]}},{"type":"Feature","properties":{"NUMER_PORZ":"85","KOD_POCZT":"32-444","NAZWA_GMI":"Myślenice","NAZWA_MSC":"Głogoczów","odleglosc_m":43.6,"strefa":"30-50 m","warstwa":"adresy"},"geometry":{"type":"Point","coordinates":[19.872238,49.896252]}},{"type":"Feature","properties":{"NUMER_PORZ":"325","KOD_POCZT":"32-444","NAZWA_GMI":"Myślenice","NAZWA_MSC":"Głogoczów","odleglosc_m":146.1,"strefa":"50-200 m","warstwa":"adresy"},"geometry":{"type":"Point","coordinates":[19.875247,49.898117]}},{"type":"Feature","properties":{"NUMER_PORZ":"417","KOD_POCZT":"32-444","NAZWA_GMI":"Myślenice","NAZWA_MSC":"Głogoczów","odleglosc_m":149.3,"strefa":"50-200 m","warstwa":"adresy"},"geometry":{"type":"Point","coordinates":[19.87499,49.899052]}},{"type":"Feature","properties":{"NUMER_PORZ":"324a","KOD_POCZT":"32-444","NAZWA_GMI":"Myślenice","NAZWA_MSC":"Głogoczów","odleglosc_m":0.0,"strefa":"w śladzie","warstwa":"adresy"},"geometry":{"type":"Point","coordinates":[19.888926,49.881073]}},{"type":"Feature","properties":{"NUMER_PORZ":"280","KOD_POCZT":"32-444","NAZWA_GMI":"Myślenice","NAZWA_MSC":"Głogoczów","odleglosc_m":0.0,"strefa":"w śladzie","warstwa":"adresy"},"geometry":{"type":"Point","coordinates":[19.876899,49.88592]}},{"type":"Feature","properties":{"NUMER_PORZ":"1086","KOD_POCZT":"32-444","NAZWA_GMI":"Myślenice","NAZWA_MSC":"Głogoczów","odleglosc_m":182.9,"strefa":"50-200 m","warstwa":"adresy"},"geometry":{"type":"Point","coordinates":[19.88643,49.883664]}},{"type":"Feature","properties":{"NUMER_PORZ":"592","KOD_POCZT":"32-444","NAZWA_GMI":"Myślenice","NAZWA_MSC":"Głogoczów","odleglosc_m":54.5,"strefa":"50-200 m","warstwa":"adresy"},"geometry":{"type":"Point","coordinates":[19.872468,49.902613]}},{"type":"Feature","properties":{"NUMER_PORZ":"415","KOD_POCZT":"32-444","NAZWA_GMI":"Myślenice","NAZWA_MSC":"Głogoczów","odleglosc_m":0.0,"strefa":"w śladzie","warstwa":"adresy"},"geometry":{"type":"Point","coordinates":[19.875084,49.890306]}},{"type":"Feature","properties":{"NUMER_PORZ":"390","KOD_POCZT":"32-444","NAZWA_GMI":"Myślenice","NAZWA_MSC":"Głogoczów","odleglosc_m":84.7,"strefa":"50-200 m","warstwa":"adresy"},"geometry":{"type":"Point","coordinates":[19.876205,49.891071]}},{"type":"Feature","properties":{"NUMER_PORZ":"239","KOD_POCZT":"32-444","NAZWA_GMI":"Myślenice","NAZWA_MSC":"Głogoczów","odleglosc_m":77.8,"strefa":"50-200 m","warstwa":"adresy"},"geometry":{"type":"Point","coordinates":[19.8761,49.891106]}},{"type":"Feature","properties":{"NUMER_PORZ":"81","KOD_POCZT":"32-444","NAZWA_GMI":"Myślenice","NAZWA_MSC":"Głogoczów","odleglosc_m":138.7,"strefa":"50-200 m","warstwa":"adresy"},"geometry":{"type":"Point","coordinates":[19.869753,49.89974]}},{"type":"Feature","properties":{"NUMER_PORZ":"746","KOD_POCZT":"32-444","NAZWA_GMI":"Myślenice","NAZWA_MSC":"Głogoczów","odleglosc_m":36.8,"strefa":"30-50 m","warstwa":"adresy"},"geometry":{"type":"Point","coordinates":[19.871817,49.904302]}},{"type":"Feature","properties":{"NUMER_PORZ":"309","KOD_POCZT":"32-444","NAZWA_GMI":"Myślenice","NAZWA_MSC":"Głogoczów","odleglosc_m":134.7,"strefa":"50-200 m","warstwa":"adresy"},"geometry":{"type":"Point","coordinates":[19.868366,49.907073]}},{"type":"Feature","properties":{"NUMER_PORZ":"228","KOD_POCZT":"32-444","NAZWA_GMI":"Myślenice","NAZWA_MSC":"Głogoczów","odleglosc_m":0.0,"strefa":"w śladzie","warstwa":"adresy"},"geometry":{"type":"Point","coordinates":[19.876189,49.886796]}},{"type":"Feature","properties":{"NUMER_PORZ":"62","KOD_POCZT":"32-444","NAZWA_GMI":"Myślenice","NAZWA_MSC":"Głogoczów","odleglosc_m":150.5,"strefa":"50-200 m","warstwa":"adresy"},"geometry":{"type":"Point","coordinates":[19.875823,49.896374]}},{"type":"Feature","properties":{"NUMER_PORZ":"360","KOD_POCZT":"32-444","NAZWA_GMI":"Myślenice","NAZWA_MSC":"Głogoczów","odleglosc_m":79.5,"strefa":"50-200 m","warstwa":"adresy"},"geometry":{"type":"Point","coordinates":[19.869128,49.906774]}},{"type":"Feature","properties":{"NUMER_PORZ":"334","KOD_POCZT":"32-444","NAZWA_GMI":"Myślenice","NAZWA_MSC":"Głogoczów","odleglosc_m":130.9,"strefa":"50-200 m","warstwa":"adresy"},"geometry":{"type":"Point","coordinates":[19.868404,49.906224]}},{"type":"Feature","properties":{"NUMER_PORZ":"84","KOD_POCZT":"32-444","NAZWA_GMI":"Myślenice","NAZWA_MSC":"Głogoczów","odleglosc_m":45.1,"strefa":"30-50 m","warstwa":"adresy"},"geometry":{"type":"Point","coordinates":[19.872053,49.896791]}},{"type":"Feature","properties":{"NUMER_PORZ":"426","KOD_POCZT":"32-444","NAZWA_GMI":"Myślenice","NAZWA_MSC":"Głogoczów","odleglosc_m":45.6,"strefa":"30-50 m","warstwa":"adresy"},"geometry":{"type":"Point","coordinates":[19.872365,49.895945]}},{"type":"Feature","properties":{"NUMER_PORZ":"575","KOD_POCZT":"32-444","NAZWA_GMI":"Myślenice","NAZWA_MSC":"Głogoczów","odleglosc_m":0.0,"strefa":"w śladzie","warstwa":"adresy"},"geometry":{"type":"Point","coordinates":[19.874647,49.891173]}},{"type":"Feature","properties":{"NUMER_PORZ":"10","KOD_POCZT":"32-444","NAZWA_GMI":"Myślenice","NAZWA_MSC":"Głogoczów","odleglosc_m":92.2,"strefa":"50-200 m","warstwa":"adresy"},"geometry":{"type":"Point","coordinates":[19.874362,49.916262]}},{"type":"Feature","properties":{"NUMER_PORZ":"25","KOD_POCZT":"32-445","NAZWA_GMI":"Myślenice","NAZWA_MSC":"Krzyszkowice","odleglosc_m":31.9,"strefa":"30-50 m","warstwa":"adresy"},"geometry":{"type":"Point","coordinates":[19.907362,49.873243]}},{"type":"Feature","properties":{"NUMER_PORZ":"487","KOD_POCZT":"32-445","NAZWA_GMI":"Myślenice","NAZWA_MSC":"Krzyszkowice","odleglosc_m":127.5,"strefa":"50-200 m","warstwa":"adresy"},"geometry":{"type":"Point","coordinates":[19.908276,49.873989]}},{"type":"Feature","properties":{"NUMER_PORZ":"385","KOD_POCZT":"32-445","NAZWA_GMI":"Myślenice","NAZWA_MSC":"Krzyszkowice","odleglosc_m":87.9,"strefa":"50-200 m","warstwa":"adresy"},"geometry":{"type":"Point","coordinates":[19.909978,49.870877]}},{"type":"Feature","properties":{"NUMER_PORZ":"439","KOD_POCZT":"32-444","NAZWA_GMI":"Myślenice","NAZWA_MSC":"Głogoczów","odleglosc_m":177.7,"strefa":"50-200 m","warstwa":"adresy"},"geometry":{"type":"Point","coordinates":[19.883807,49.880311]}},{"type":"Feature","properties":{"NUMER_PORZ":"707","KOD_POCZT":"32-445","NAZWA_GMI":"Myślenice","NAZWA_MSC":"Krzyszkowice","odleglosc_m":136.3,"strefa":"50-200 m","warstwa":"adresy"},"geometry":{"type":"Point","coordinates":[19.902785,49.875281]}},{"type":"Feature","properties":{"NUMER_PORZ":"818","KOD_POCZT":"32-445","NAZWA_GMI":"Myślenice","NAZWA_MSC":"Krzyszkowice","odleglosc_m":180.2,"strefa":"50-200 m","warstwa":"adresy"},"geometry":{"type":"Point","coordinates":[19.90476,49.871731]}},{"type":"Feature","properties":{"NUMER_PORZ":"818A","KOD_POCZT":"32-445","NAZWA_GMI":"Myślenice","NAZWA_MSC":"Krzyszkowice","odleglosc_m":186.8,"strefa":"50-200 m","warstwa":"adresy"},"geometry":{"type":"Point","coordinates":[19.904642,49.871749]}},{"type":"Feature","properties":{"NUMER_PORZ":"1114","KOD_POCZT":"32-444","NAZWA_GMI":"Myślenice","NAZWA_MSC":"Głogoczów","odleglosc_m":181.9,"strefa":"50-200 m","warstwa":"adresy"},"geometry":{"type":"Point","coordinates":[19.873731,49.907702]}},{"type":"Feature","properties":{"NUMER_PORZ":"686","KOD_POCZT":"32-445","NAZWA_GMI":"Myślenice","NAZWA_MSC":"Krzyszkowice","odleglosc_m":49.6,"strefa":"30-50 m","warstwa":"adresy"},"geometry":{"type":"Point","coordinates":[19.907271,49.873723]}},{"type":"Feature","properties":{"NUMER_PORZ":"422A","KOD_POCZT":"32-445","NAZWA_GMI":"Myślenice","NAZWA_MSC":"Krzyszkowice","odleglosc_m":158.2,"strefa":"50-200 m","warstwa":"adresy"},"geometry":{"type":"Point","coordinates":[19.891274,49.882114]}},{"type":"Feature","properties":{"NUMER_PORZ":"28","KOD_POCZT":"32-445","NAZWA_GMI":"Myślenice","NAZWA_MSC":"Krzyszkowice","odleglosc_m":63.3,"strefa":"50-200 m","warstwa":"adresy"},"geometry":{"type":"Point","coordinates":[19.908906,49.871825]}},{"type":"Feature","properties":{"NUMER_PORZ":"28A","KOD_POCZT":"32-445","NAZWA_GMI":"Myślenice","NAZWA_MSC":"Krzyszkowice","odleglosc_m":24.0,"strefa":"20-30 m","warstwa":"adresy"},"geometry":{"type":"Point","coordinates":[19.908621,49.87142]}},{"type":"Feature","properties":{"NUMER_PORZ":"826","KOD_POCZT":"32-445","NAZWA_GMI":"Myślenice","NAZWA_MSC":"Krzyszkowice","odleglosc_m":123.3,"strefa":"50-200 m","warstwa":"adresy"},"geometry":{"type":"Point","coordinates":[19.905545,49.871864]}},{"type":"Feature","properties":{"NUMER_PORZ":"1121","KOD_POCZT":"32-444","NAZWA_GMI":"Myślenice","NAZWA_MSC":"Głogoczów","odleglosc_m":99.5,"strefa":"50-200 m","warstwa":"adresy"},"geometry":{"type":"Point","coordinates":[19.88693,49.882737]}},{"type":"Feature","properties":{"NUMER_PORZ":"861","KOD_POCZT":"32-444","NAZWA_GMI":"Myślenice","NAZWA_MSC":"Głogoczów","odleglosc_m":170.6,"strefa":"50-200 m","warstwa":"adresy"},"geometry":{"type":"Point","coordinates":[19.885973,49.883786]}},{"type":"Feature","properties":{"NUMER_PORZ":"831","KOD_POCZT":"32-445","NAZWA_GMI":"Myślenice","NAZWA_MSC":"Krzyszkowice","odleglosc_m":139.1,"strefa":"50-200 m","warstwa":"adresy"},"geometry":{"type":"Point","coordinates":[19.911143,49.869816]}},{"type":"Feature","properties":{"NUMER_PORZ":"1122","KOD_POCZT":"32-444","NAZWA_GMI":"Myślenice","NAZWA_MSC":"Głogoczów","odleglosc_m":107.3,"strefa":"50-200 m","warstwa":"adresy"},"geometry":{"type":"Point","coordinates":[19.885978,49.883027]}},{"type":"Feature","properties":{"NUMER_PORZ":"834","KOD_POCZT":"32-445","NAZWA_GMI":"Myślenice","NAZWA_MSC":"Krzyszkowice","odleglosc_m":180.9,"strefa":"50-200 m","warstwa":"adresy"},"geometry":{"type":"Point","coordinates":[19.900242,49.876153]}},{"type":"Feature","properties":{"NUMER_PORZ":"833","KOD_POCZT":"32-445","NAZWA_GMI":"Myślenice","NAZWA_MSC":"Krzyszkowice","odleglosc_m":179.1,"strefa":"50-200 m","warstwa":"adresy"},"geometry":{"type":"Point","coordinates":[19.900357,49.876134]}},{"type":"Feature","properties":{"NUMER_PORZ":"1121A","KOD_POCZT":"32-444","NAZWA_GMI":"Myślenice","NAZWA_MSC":"Głogoczów","odleglosc_m":93.5,"strefa":"50-200 m","warstwa":"adresy"},"geometry":{"type":"Point","coordinates":[19.88665,49.882788]}},{"type":"Feature","properties":{"NUMER_PORZ":"1125","KOD_POCZT":"32-444","NAZWA_GMI":"Myślenice","NAZWA_MSC":"Głogoczów","odleglosc_m":136.2,"strefa":"50-200 m","warstwa":"adresy"},"geometry":{"type":"Point","coordinates":[19.88615,49.883264]}},{"type":"Feature","properties":{"NUMER_PORZ":"320A","KOD_POCZT":"32-444","NAZWA_GMI":"Myślenice","NAZWA_MSC":"Głogoczów","odleglosc_m":66.9,"strefa":"50-200 m","warstwa":"adresy"},"geometry":{"type":"Point","coordinates":[19.873734,49.899291]}},{"type":"Feature","properties":{"NUMER_PORZ":"761","KOD_POCZT":"32-431","NAZWA_GMI":"Pcim","NAZWA_MSC":"Stróża","odleglosc_m":184.4,"strefa":"50-200 m","warstwa":"adresy"},"geometry":{"type":"Point","coordinates":[19.921004,49.807655]}},{"type":"Feature","properties":{"NUMER_PORZ":"1172","KOD_POCZT":"32-431","NAZWA_GMI":"Pcim","NAZWA_MSC":"Stróża","odleglosc_m":142.7,"strefa":"50-200 m","warstwa":"adresy"},"geometry":{"type":"Point","coordinates":[19.920909,49.808662]}},{"type":"Feature","properties":{"NUMER_PORZ":"844","KOD_POCZT":"32-431","NAZWA_GMI":"Pcim","NAZWA_MSC":"Stróża","odleglosc_m":48.8,"strefa":"30-50 m","warstwa":"adresy"},"geometry":{"type":"Point","coordinates":[19.92243,49.808551]}},{"type":"Feature","properties":{"NUMER_PORZ":"812","KOD_POCZT":"32-431","NAZWA_GMI":"Pcim","NAZWA_MSC":"Stróża","odleglosc_m":82.6,"strefa":"50-200 m","warstwa":"adresy"},"geometry":{"type":"Point","coordinates":[19.92202,49.808401]}},{"type":"Feature","properties":{"NUMER_PORZ":"745","KOD_POCZT":"32-431","NAZWA_GMI":"Pcim","NAZWA_MSC":"Stróża","odleglosc_m":81.0,"strefa":"50-200 m","warstwa":"adresy"},"geometry":{"type":"Point","coordinates":[19.921577,49.809049]}},{"type":"Feature","properties":{"NUMER_PORZ":"1054","KOD_POCZT":"32-431","NAZWA_GMI":"Pcim","NAZWA_MSC":"Stróża","odleglosc_m":191.3,"strefa":"50-200 m","warstwa":"adresy"},"geometry":{"type":"Point","coordinates":[19.921129,49.807419]}},{"type":"Feature","properties":{"NUMER_PORZ":"634","KOD_POCZT":"32-431","NAZWA_GMI":"Pcim","NAZWA_MSC":"Stróża","odleglosc_m":119.2,"strefa":"50-200 m","warstwa":"adresy"},"geometry":{"type":"Point","coordinates":[19.921488,49.808361]}},{"type":"Feature","properties":{"NUMER_PORZ":"465","KOD_POCZT":"32-431","NAZWA_GMI":"Pcim","NAZWA_MSC":"Stróża","odleglosc_m":182.2,"strefa":"50-200 m","warstwa":"adresy"},"geometry":{"type":"Point","coordinates":[19.920806,49.807966]}},{"type":"Feature","properties":{"NUMER_PORZ":"1073","KOD_POCZT":"32-431","NAZWA_GMI":"Pcim","NAZWA_MSC":"Stróża","odleglosc_m":178.3,"strefa":"50-200 m","warstwa":"adresy"},"geometry":{"type":"Point","coordinates":[19.920726,49.80816]}},{"type":"Feature","properties":{"NUMER_PORZ":"1182","KOD_POCZT":"32-431","NAZWA_GMI":"Pcim","NAZWA_MSC":"Stróża","odleglosc_m":104.7,"strefa":"50-200 m","warstwa":"adresy"},"geometry":{"type":"Point","coordinates":[19.922855,49.807546]}},{"type":"Feature","properties":{"NUMER_PORZ":"428","KOD_POCZT":"32-431","NAZWA_GMI":"Pcim","NAZWA_MSC":"Stróża","odleglosc_m":88.1,"strefa":"50-200 m","warstwa":"adresy"},"geometry":{"type":"Point","coordinates":[19.922452,49.807858]}},{"type":"Feature","properties":{"NUMER_PORZ":"958","KOD_POCZT":"32-431","NAZWA_GMI":"Pcim","NAZWA_MSC":"Stróża","odleglosc_m":136.8,"strefa":"50-200 m","warstwa":"adresy"},"geometry":{"type":"Point","coordinates":[19.92109,49.808536]}},{"type":"Feature","properties":{"NUMER_PORZ":"324","KOD_POCZT":"32-431","NAZWA_GMI":"Pcim","NAZWA_MSC":"Stróża","odleglosc_m":141.8,"strefa":"50-200 m","warstwa":"adresy"},"geometry":{"type":"Point","coordinates":[19.922673,49.807233]}},{"type":"Feature","properties":{"NUMER_PORZ":"1047","KOD_POCZT":"32-431","NAZWA_GMI":"Pcim","NAZWA_MSC":"Stróża","odleglosc_m":137.5,"strefa":"50-200 m","warstwa":"adresy"},"geometry":{"type":"Point","coordinates":[19.921969,49.807542]}},{"type":"Feature","properties":{"NUMER_PORZ":"483","KOD_POCZT":"32-431","NAZWA_GMI":"Pcim","NAZWA_MSC":"Stróża","odleglosc_m":167.1,"strefa":"50-200 m","warstwa":"adresy"},"geometry":{"type":"Point","coordinates":[19.921311,49.807629]}},{"type":"Feature","properties":{"NUMER_PORZ":"1117","KOD_POCZT":"32-431","NAZWA_GMI":"Pcim","NAZWA_MSC":"Stróża","odleglosc_m":98.9,"strefa":"50-200 m","warstwa":"adresy"},"geometry":{"type":"Point","coordinates":[19.922244,49.807852]}},{"type":"Feature","properties":{"NUMER_PORZ":"1122A","KOD_POCZT":"32-444","NAZWA_GMI":"Myślenice","NAZWA_MSC":"Głogoczów","odleglosc_m":102.3,"strefa":"50-200 m","warstwa":"adresy"},"geometry":{"type":"Point","coordinates":[19.886308,49.882942]}},{"type":"Feature","properties":{"NUMER_PORZ":"687","KOD_POCZT":"32-445","NAZWA_GMI":"Myślenice","NAZWA_MSC":"Krzyszkowice","odleglosc_m":166.0,"strefa":"50-200 m","warstwa":"adresy"},"geometry":{"type":"Point","coordinates":[19.9064,49.877204]}},{"type":"Feature","properties":{"NUMER_PORZ":"688","KOD_POCZT":"32-445","NAZWA_GMI":"Myślenice","NAZWA_MSC":"Krzyszkowice","odleglosc_m":114.2,"strefa":"50-200 m","warstwa":"adresy"},"geometry":{"type":"Point","coordinates":[19.890693,49.881852]}},{"type":"Feature","properties":{"NUMER_PORZ":"706","KOD_POCZT":"32-445","NAZWA_GMI":"Myślenice","NAZWA_MSC":"Krzyszkowice","odleglosc_m":61.7,"strefa":"50-200 m","warstwa":"adresy"},"geometry":{"type":"Point","coordinates":[19.9083,49.872591]}},{"type":"Feature","properties":{"NUMER_PORZ":"800","KOD_POCZT":"32-445","NAZWA_GMI":"Myślenice","NAZWA_MSC":"Krzyszkowice","odleglosc_m":145.0,"strefa":"50-200 m","warstwa":"adresy"},"geometry":{"type":"Point","coordinates":[19.905476,49.871521]}},{"type":"Feature","properties":{"NUMER_PORZ":"800B","KOD_POCZT":"32-445","NAZWA_GMI":"Myślenice","NAZWA_MSC":"Krzyszkowice","odleglosc_m":154.9,"strefa":"50-200 m","warstwa":"adresy"},"geometry":{"type":"Point","coordinates":[19.905293,49.871562]}},{"type":"Feature","properties":{"NUMER_PORZ":"800C","KOD_POCZT":"32-445","NAZWA_GMI":"Myślenice","NAZWA_MSC":"Krzyszkowice","odleglosc_m":160.4,"strefa":"50-200 m","warstwa":"adresy"},"geometry":{"type":"Point","coordinates":[19.905195,49.871575]}},{"type":"Feature","properties":{"NUMER_PORZ":"800D","KOD_POCZT":"32-445","NAZWA_GMI":"Myślenice","NAZWA_MSC":"Krzyszkowice","odleglosc_m":166.5,"strefa":"50-200 m","warstwa":"adresy"},"geometry":{"type":"Point","coordinates":[19.9051,49.871575]}},{"type":"Feature","properties":{"NUMER_PORZ":"800E","KOD_POCZT":"32-445","NAZWA_GMI":"Myślenice","NAZWA_MSC":"Krzyszkowice","odleglosc_m":174.2,"strefa":"50-200 m","warstwa":"adresy"},"geometry":{"type":"Point","coordinates":[19.904964,49.871594]}},{"type":"Feature","properties":{"NUMER_PORZ":"1095","KOD_POCZT":"32-444","NAZWA_GMI":"Myślenice","NAZWA_MSC":"Głogoczów","odleglosc_m":176.2,"strefa":"50-200 m","warstwa":"adresy"},"geometry":{"type":"Point","coordinates":[19.877529,49.891151]}},{"type":"Feature","properties":{"NUMER_PORZ":"1125A","KOD_POCZT":"32-444","NAZWA_GMI":"Myślenice","NAZWA_MSC":"Głogoczów","odleglosc_m":137.8,"strefa":"50-200 m","warstwa":"adresy"},"geometry":{"type":"Point","coordinates":[19.886498,49.883243]}},{"type":"Feature","properties":{"NUMER_PORZ":"1114A","KOD_POCZT":"32-444","NAZWA_GMI":"Myślenice","NAZWA_MSC":"Głogoczów","odleglosc_m":150.0,"strefa":"50-200 m","warstwa":"adresy"},"geometry":{"type":"Point","coordinates":[19.87326,49.907483]}},{"type":"Feature","properties":{"NUMER_PORZ":"849","KOD_POCZT":"32-445","NAZWA_GMI":"Myślenice","NAZWA_MSC":"Krzyszkowice","odleglosc_m":51.3,"strefa":"50-200 m","warstwa":"adresy"},"geometry":{"type":"Point","coordinates":[19.90492,49.876786]}},{"type":"Feature","properties":{"NUMER_PORZ":"1113","KOD_POCZT":"32-444","NAZWA_GMI":"Myślenice","NAZWA_MSC":"Głogoczów","odleglosc_m":0.0,"strefa":"w śladzie","warstwa":"adresy"},"geometry":{"type":"Point","coordinates":[19.875728,49.887199]}},{"type":"Feature","properties":{"NUMER_PORZ":"24","KOD_POCZT":"32-040","NAZWA_ULC":"Spacerowa","NAZWA_GMI":"Świątniki Górne","NAZWA_MSC":"Wrząsowice","odleglosc_m":85.2,"strefa":"50-200 m","warstwa":"adresy"},"geometry":{"type":"Point","coordinates":[19.942525,49.970459]}},{"type":"Feature","properties":{"NUMER_PORZ":"2","KOD_POCZT":"32-040","NAZWA_ULC":"Lawendowa","NAZWA_GMI":"Świątniki Górne","NAZWA_MSC":"Wrząsowice","odleglosc_m":176.0,"strefa":"50-200 m","warstwa":"adresy"},"geometry":{"type":"Point","coordinates":[19.938597,49.96645]}},{"type":"Feature","properties":{"NUMER_PORZ":"16A","KOD_POCZT":"32-040","NAZWA_ULC":"Spacerowa","NAZWA_GMI":"Świątniki Górne","NAZWA_MSC":"Wrząsowice","odleglosc_m":176.6,"strefa":"50-200 m","warstwa":"adresy"},"geometry":{"type":"Point","coordinates":[19.943734,49.97009]}},{"type":"Feature","properties":{"NUMER_PORZ":"77","KOD_POCZT":"32-040","NAZWA_ULC":"Brzegi","NAZWA_GMI":"Świątniki Górne","NAZWA_MSC":"Wrząsowice","odleglosc_m":178.4,"strefa":"50-200 m","warstwa":"adresy"},"geometry":{"type":"Point","coordinates":[19.936051,49.964802]}},{"type":"Feature","properties":{"NUMER_PORZ":"81","KOD_POCZT":"32-040","NAZWA_ULC":"Brzegi","NAZWA_GMI":"Świątniki Górne","NAZWA_MSC":"Wrząsowice","odleglosc_m":173.6,"strefa":"50-200 m","warstwa":"adresy"},"geometry":{"type":"Point","coordinates":[19.935599,49.964404]}},{"type":"Feature","properties":{"NUMER_PORZ":"71","KOD_POCZT":"32-040","NAZWA_ULC":"Brzegi","NAZWA_GMI":"Świątniki Górne","NAZWA_MSC":"Wrząsowice","odleglosc_m":156.7,"strefa":"50-200 m","warstwa":"adresy"},"geometry":{"type":"Point","coordinates":[19.936996,49.96573]}},{"type":"Feature","properties":{"NUMER_PORZ":"5","KOD_POCZT":"32-040","NAZWA_ULC":"Lawendowa","NAZWA_GMI":"Świątniki Górne","NAZWA_MSC":"Wrząsowice","odleglosc_m":148.2,"strefa":"50-200 m","warstwa":"adresy"},"geometry":{"type":"Point","coordinates":[19.9378,49.966385]}},{"type":"Feature","properties":{"NUMER_PORZ":"6","KOD_POCZT":"32-040","NAZWA_ULC":"Lawendowa","NAZWA_GMI":"Świątniki Górne","NAZWA_MSC":"Wrząsowice","odleglosc_m":147.2,"strefa":"50-200 m","warstwa":"adresy"},"geometry":{"type":"Point","coordinates":[19.938167,49.966556]}},{"type":"Feature","properties":{"NUMER_PORZ":"4","KOD_POCZT":"32-040","NAZWA_ULC":"Lawendowa","NAZWA_GMI":"Świątniki Górne","NAZWA_MSC":"Wrząsowice","odleglosc_m":162.0,"strefa":"50-200 m","warstwa":"adresy"},"geometry":{"type":"Point","coordinates":[19.93873,49.966686]}},{"type":"Feature","properties":{"NUMER_PORZ":"117","KOD_POCZT":"32-040","NAZWA_ULC":"Wrzosowa","NAZWA_GMI":"Świątniki Górne","NAZWA_MSC":"Wrząsowice","odleglosc_m":174.1,"strefa":"50-200 m","warstwa":"adresy"},"geometry":{"type":"Point","coordinates":[19.946632,49.971614]}},{"type":"Feature","properties":{"NUMER_PORZ":"92","KOD_POCZT":"32-040","NAZWA_ULC":"Kraśnik","NAZWA_GMI":"Świątniki Górne","NAZWA_MSC":"Wrząsowice","odleglosc_m":186.5,"strefa":"50-200 m","warstwa":"adresy"},"geometry":{"type":"Point","coordinates":[19.940456,49.967725]}},{"type":"Feature","properties":{"NUMER_PORZ":"96","KOD_POCZT":"32-040","NAZWA_ULC":"Kraśnik","NAZWA_GMI":"Świątniki Górne","NAZWA_MSC":"Wrząsowice","odleglosc_m":192.3,"strefa":"50-200 m","warstwa":"adresy"},"geometry":{"type":"Point","coordinates":[19.940738,49.967894]}},{"type":"Feature","properties":{"NUMER_PORZ":"75","KOD_POCZT":"32-040","NAZWA_ULC":"Kraśnik","NAZWA_GMI":"Świątniki Górne","NAZWA_MSC":"Wrząsowice","odleglosc_m":177.5,"strefa":"50-200 m","warstwa":"adresy"},"geometry":{"type":"Point","coordinates":[19.9411,49.968466]}},{"type":"Feature","properties":{"NUMER_PORZ":"99","KOD_POCZT":"32-040","NAZWA_ULC":"Wrzosowa","NAZWA_GMI":"Świątniki Górne","NAZWA_MSC":"Wrząsowice","odleglosc_m":194.2,"strefa":"50-200 m","warstwa":"adresy"},"geometry":{"type":"Point","coordinates":[19.944985,49.970633]}},{"type":"Feature","properties":{"NUMER_PORZ":"105","KOD_POCZT":"32-040","NAZWA_ULC":"Wrzosowa","NAZWA_GMI":"Świątniki Górne","NAZWA_MSC":"Wrząsowice","odleglosc_m":178.4,"strefa":"50-200 m","warstwa":"adresy"},"geometry":{"type":"Point","coordinates":[19.945639,49.971173]}},{"type":"Feature","properties":{"NUMER_PORZ":"107","KOD_POCZT":"32-040","NAZWA_ULC":"Wrzosowa","NAZWA_GMI":"Świątniki Górne","NAZWA_MSC":"Wrząsowice","odleglosc_m":159.8,"strefa":"50-200 m","warstwa":"adresy"},"geometry":{"type":"Point","coordinates":[19.945779,49.971456]}},{"type":"Feature","properties":{"NUMER_PORZ":"119","KOD_POCZT":"32-040","NAZWA_ULC":"Wrzosowa","NAZWA_GMI":"Świątniki Górne","NAZWA_MSC":"Wrząsowice","odleglosc_m":154.3,"strefa":"50-200 m","warstwa":"adresy"},"geometry":{"type":"Point","coordinates":[19.946735,49.971907]}},{"type":"Feature","properties":{"NUMER_PORZ":"81","KOD_POCZT":"32-040","NAZWA_ULC":"Kraśnik","NAZWA_GMI":"Świątniki Górne","NAZWA_MSC":"Wrząsowice","odleglosc_m":144.3,"strefa":"50-200 m","warstwa":"adresy"},"geometry":{"type":"Point","coordinates":[19.941706,49.969138]}},{"type":"Feature","properties":{"NUMER_PORZ":"87","KOD_POCZT":"32-040","NAZWA_ULC":"Kraśnik","NAZWA_GMI":"Świątniki Górne","NAZWA_MSC":"Wrząsowice","odleglosc_m":189.9,"strefa":"50-200 m","warstwa":"adresy"},"geometry":{"type":"Point","coordinates":[19.942612,49.969149]}},{"type":"Feature","properties":{"NUMER_PORZ":"21","KOD_POCZT":"32-040","NAZWA_ULC":"Spacerowa","NAZWA_GMI":"Świątniki Górne","NAZWA_MSC":"Wrząsowice","odleglosc_m":55.7,"strefa":"50-200 m","warstwa":"adresy"},"geometry":{"type":"Point","coordinates":[19.941047,49.969844]}},{"type":"Feature","properties":{"NUMER_PORZ":"9","KOD_POCZT":"32-040","NAZWA_ULC":"Spacerowa","NAZWA_GMI":"Świątniki Górne","NAZWA_MSC":"Wrząsowice","odleglosc_m":164.9,"strefa":"50-200 m","warstwa":"adresy"},"geometry":{"type":"Point","coordinates":[19.943206,49.969877]}},{"type":"Feature","properties":{"NUMER_PORZ":"16","KOD_POCZT":"32-040","NAZWA_ULC":"Spacerowa","NAZWA_GMI":"Świątniki Górne","NAZWA_MSC":"Wrząsowice","odleglosc_m":181.0,"strefa":"50-200 m","warstwa":"adresy"},"geometry":{"type":"Point","coordinates":[19.943803,49.970078]}},{"type":"Feature","properties":{"NUMER_PORZ":"19","KOD_POCZT":"32-040","NAZWA_ULC":"Spacerowa","NAZWA_GMI":"Świątniki Górne","NAZWA_MSC":"Wrząsowice","odleglosc_m":42.4,"strefa":"30-50 m","warstwa":"adresy"},"geometry":{"type":"Point","coordinates":[19.941214,49.970125]}},{"type":"Feature","properties":{"NUMER_PORZ":"103","KOD_POCZT":"32-040","NAZWA_ULC":"Wrzosowa","NAZWA_GMI":"Świątniki Górne","NAZWA_MSC":"Wrząsowice","odleglosc_m":162.5,"strefa":"50-200 m","warstwa":"adresy"},"geometry":{"type":"Point","coordinates":[19.945234,49.971145]}},{"type":"Feature","properties":{"NUMER_PORZ":"128","KOD_POCZT":"32-040","NAZWA_ULC":"Wrzosowa","NAZWA_GMI":"Świątniki Górne","NAZWA_MSC":"Wrząsowice","odleglosc_m":199.4,"strefa":"50-200 m","warstwa":"adresy"},"geometry":{"type":"Point","coordinates":[19.947135,49.971591]}},{"type":"Feature","properties":{"NUMER_PORZ":"130","KOD_POCZT":"32-040","NAZWA_ULC":"Wrzosowa","NAZWA_GMI":"Świątniki Górne","NAZWA_MSC":"Wrząsowice","odleglosc_m":199.0,"strefa":"50-200 m","warstwa":"adresy"},"geometry":{"type":"Point","coordinates":[19.947524,49.971788]}},{"type":"Feature","properties":{"NUMER_PORZ":"4A","KOD_POCZT":"32-040","NAZWA_ULC":"Lawendowa","NAZWA_GMI":"Świątniki Górne","NAZWA_MSC":"Wrząsowice","odleglosc_m":139.4,"strefa":"50-200 m","warstwa":"adresy"},"geometry":{"type":"Point","coordinates":[19.938348,49.966745]}},{"type":"Feature","properties":{"NUMER_PORZ":"69","KOD_POCZT":"32-040","NAZWA_ULC":"Brzegi","NAZWA_GMI":"Świątniki Górne","NAZWA_MSC":"Wrząsowice","odleglosc_m":139.4,"strefa":"50-200 m","warstwa":"adresy"},"geometry":{"type":"Point","coordinates":[19.937116,49.966037]}},{"type":"Feature","properties":{"NUMER_PORZ":"73","KOD_POCZT":"32-040","NAZWA_ULC":"Brzegi","NAZWA_GMI":"Świątniki Górne","NAZWA_MSC":"Wrząsowice","odleglosc_m":146.0,"strefa":"50-200 m","warstwa":"adresy"},"geometry":{"type":"Point","coordinates":[19.93683,49.965756]}},{"type":"Feature","properties":{"NUMER_PORZ":"75","KOD_POCZT":"32-040","NAZWA_ULC":"Brzegi","NAZWA_GMI":"Świątniki Górne","NAZWA_MSC":"Wrząsowice","odleglosc_m":183.4,"strefa":"50-200 m","warstwa":"adresy"},"geometry":{"type":"Point","coordinates":[19.936281,49.964966]}},{"type":"Feature","properties":{"NUMER_PORZ":"103A","KOD_POCZT":"32-040","NAZWA_ULC":"Wrzosowa","NAZWA_GMI":"Świątniki Górne","NAZWA_MSC":"Wrząsowice","odleglosc_m":134.2,"strefa":"50-200 m","warstwa":"adresy"},"geometry":{"type":"Point","coordinates":[19.944665,49.971167]}},{"type":"Feature","properties":{"NUMER_PORZ":"28","KOD_POCZT":"32-040","NAZWA_ULC":"Spacerowa","NAZWA_GMI":"Świątniki Górne","NAZWA_MSC":"Wrząsowice","odleglosc_m":54.0,"strefa":"50-200 m","warstwa":"adresy"},"geometry":{"type":"Point","coordinates":[19.941977,49.97049]}},{"type":"Feature","properties":{"NUMER_PORZ":"85","KOD_POCZT":"32-040","NAZWA_ULC":"Kraśnik","NAZWA_GMI":"Świątniki Górne","NAZWA_MSC":"Wrząsowice","odleglosc_m":188.8,"strefa":"50-200 m","warstwa":"adresy"},"geometry":{"type":"Point","coordinates":[19.942311,49.968964]}},{"type":"Feature","properties":{"NUMER_PORZ":"69","KOD_POCZT":"32-040","NAZWA_ULC":"Kraśnik","NAZWA_GMI":"Świątniki Górne","NAZWA_MSC":"Wrząsowice","odleglosc_m":161.3,"strefa":"50-200 m","warstwa":"adresy"},"geometry":{"type":"Point","coordinates":[19.940467,49.968132]}},{"type":"Feature","properties":{"NUMER_PORZ":"51","KOD_POCZT":"32-040","NAZWA_ULC":"Kraśnik","NAZWA_GMI":"Świątniki Górne","NAZWA_MSC":"Wrząsowice","odleglosc_m":195.7,"strefa":"50-200 m","warstwa":"adresy"},"geometry":{"type":"Point","coordinates":[19.938927,49.966398]}},{"type":"Feature","properties":{"NUMER_PORZ":"53","KOD_POCZT":"32-040","NAZWA_ULC":"Kraśnik","NAZWA_GMI":"Świątniki Górne","NAZWA_MSC":"Wrząsowice","odleglosc_m":192.3,"strefa":"50-200 m","warstwa":"adresy"},"geometry":{"type":"Point","coordinates":[19.939165,49.966569]}},{"type":"Feature","properties":{"NUMER_PORZ":"14A","KOD_POCZT":"32-040","NAZWA_ULC":"Spacerowa","NAZWA_GMI":"Świątniki Górne","NAZWA_MSC":"Wrząsowice","odleglosc_m":185.4,"strefa":"50-200 m","warstwa":"adresy"},"geometry":{"type":"Point","coordinates":[19.944249,49.970301]}},{"type":"Feature","properties":{"NUMER_PORZ":"18","KOD_POCZT":"32-400","NAZWA_ULC":"Szpitalna","NAZWA_GMI":"Myślenice","NAZWA_MSC":"Myślenice","odleglosc_m":7.6,"strefa":"0-20 m","warstwa":"adresy"},"geometry":{"type":"Point","coordinates":[19.951091,49.82978]}},{"type":"Feature","properties":{"NUMER_PORZ":"9","KOD_POCZT":"32-400","NAZWA_ULC":"Elizy Orzeszkowej","NAZWA_GMI":"Myślenice","NAZWA_MSC":"Myślenice","odleglosc_m":135.7,"strefa":"50-200 m","warstwa":"adresy"},"geometry":{"type":"Point","coordinates":[19.9477,49.840805]}},{"type":"Feature","properties":{"NUMER_PORZ":"39a","KOD_POCZT":"32-400","NAZWA_ULC":"Kazimierza Wielkiego","NAZWA_GMI":"Myślenice","NAZWA_MSC":"Myślenice","odleglosc_m":42.0,"strefa":"30-50 m","warstwa":"adresy"},"geometry":{"type":"Point","coordinates":[19.947017,49.83811]}},{"type":"Feature","properties":{"NUMER_PORZ":"3","KOD_POCZT":"32-400","NAZWA_ULC":"Kornela Ujejskiego","NAZWA_GMI":"Myślenice","NAZWA_MSC":"Myślenice","odleglosc_m":54.0,"strefa":"50-200 m","warstwa":"adresy"},"geometry":{"type":"Point","coordinates":[19.947384,49.839781]}},{"type":"Feature","properties":{"NUMER_PORZ":"57","KOD_POCZT":"32-400","NAZWA_ULC":"Ignacego Daszyńskiego","NAZWA_GMI":"Myślenice","NAZWA_MSC":"Myślenice","odleglosc_m":39.5,"strefa":"30-50 m","warstwa":"adresy"},"geometry":{"type":"Point","coordinates":[19.927306,49.816949]}},{"type":"Feature","properties":{"NUMER_PORZ":"2a","KOD_POCZT":"32-400","NAZWA_ULC":"Władysława Reymonta","NAZWA_GMI":"Myślenice","NAZWA_MSC":"Myślenice","odleglosc_m":168.3,"strefa":"50-200 m","warstwa":"adresy"},"geometry":{"type":"Point","coordinates":[19.948401,49.829391]}},{"type":"Feature","properties":{"NUMER_PORZ":"11a","KOD_POCZT":"32-400","NAZWA_ULC":"Stefana Batorego","NAZWA_GMI":"Myślenice","NAZWA_MSC":"Myślenice","odleglosc_m":176.7,"strefa":"50-200 m","warstwa":"adresy"},"geometry":{"type":"Point","coordinates":[19.947769,49.832604]}},{"type":"Feature","properties":{"NUMER_PORZ":"1","KOD_POCZT":"32-400","NAZWA_ULC":"Tarnówka","NAZWA_GMI":"Myślenice","NAZWA_MSC":"Myślenice","odleglosc_m":134.7,"strefa":"50-200 m","warstwa":"adresy"},"geometry":{"type":"Point","coordinates":[19.924363,49.8453]}},{"type":"Feature","properties":{"NUMER_PORZ":"6","KOD_POCZT":"32-400","NAZWA_ULC":"Krótka","NAZWA_GMI":"Myślenice","NAZWA_MSC":"Myślenice","odleglosc_m":72.1,"strefa":"50-200 m","warstwa":"adresy"},"geometry":{"type":"Point","coordinates":[19.942917,49.82393]}},{"type":"Feature","properties":{"NUMER_PORZ":"43a","KOD_POCZT":"32-400","NAZWA_ULC":"Ignacego Daszyńskiego","NAZWA_GMI":"Myślenice","NAZWA_MSC":"Myślenice","odleglosc_m":126.5,"strefa":"50-200 m","warstwa":"adresy"},"geometry":{"type":"Point","coordinates":[19.934786,49.820727]}},{"type":"Feature","properties":{"NUMER_PORZ":"9","KOD_POCZT":"32-400","NAZWA_ULC":"Mostowa","NAZWA_GMI":"Myślenice","NAZWA_MSC":"Myślenice","odleglosc_m":45.4,"strefa":"30-50 m","warstwa":"adresy"},"geometry":{"type":"Point","coordinates":[19.941959,49.823484]}},{"type":"Feature","properties":{"NUMER_PORZ":"40","KOD_POCZT":"32-400","NAZWA_ULC":"Józefa Fijałkowskiego","NAZWA_GMI":"Myślenice","NAZWA_MSC":"Myślenice","odleglosc_m":48.6,"strefa":"30-50 m","warstwa":"adresy"},"geometry":{"type":"Point","coordinates":[19.937778,49.841521]}},{"type":"Feature","properties":{"NUMER_PORZ":"34g","KOD_POCZT":"32-400","NAZWA_ULC":"Jana Sobieskiego","NAZWA_GMI":"Myślenice","NAZWA_MSC":"Myślenice","odleglosc_m":186.5,"strefa":"50-200 m","warstwa":"adresy"},"geometry":{"type":"Point","coordinates":[19.934356,49.840553]}},{"type":"Feature","properties":{"NUMER_PORZ":"75a","KOD_POCZT":"32-400","NAZWA_ULC":"Rajmunda Bergela","NAZWA_GMI":"Myślenice","NAZWA_MSC":"Myślenice","odleglosc_m":46.0,"strefa":"30-50 m","warstwa":"adresy"},"geometry":{"type":"Point","coordinates":[19.940203,49.82413]}},{"type":"Feature","properties":{"NUMER_PORZ":"57c","KOD_POCZT":"32-400","NAZWA_ULC":"Ignacego Daszyńskiego","NAZWA_GMI":"Myślenice","NAZWA_MSC":"Myślenice","odleglosc_m":47.6,"strefa":"30-50 m","warstwa":"adresy"},"geometry":{"type":"Point","coordinates":[19.926905,49.816845]}},{"type":"Feature","properties":{"NUMER_PORZ":"3h","KOD_POCZT":"32-400","NAZWA_ULC":"Tarnówka","NAZWA_GMI":"Myślenice","NAZWA_MSC":"Myślenice","odleglosc_m":101.9,"strefa":"50-200 m","warstwa":"adresy"},"geometry":{"type":"Point","coordinates":[19.924166,49.847012]}},{"type":"Feature","properties":{"NUMER_PORZ":"21","KOD_POCZT":"32-400","NAZWA_ULC":"Kazimierza Wielkiego","NAZWA_GMI":"Myślenice","NAZWA_MSC":"Myślenice","odleglosc_m":197.3,"strefa":"50-200 m","warstwa":"adresy"},"geometry":{"type":"Point","coordinates":[19.94498,49.837566]}},{"type":"Feature","properties":{"NUMER_PORZ":"7","KOD_POCZT":"32-400","NAZWA_ULC":"Generała Leopolda Okulickiego","NAZWA_GMI":"Myślenice","NAZWA_MSC":"Myślenice","odleglosc_m":182.9,"strefa":"50-200 m","warstwa":"adresy"},"geometry":{"type":"Point","coordinates":[19.946732,49.835049]}},{"type":"Feature","properties":{"NUMER_PORZ":"24e","KOD_POCZT":"32-400","NAZWA_ULC":"Ignacego Daszyńskiego","NAZWA_GMI":"Myślenice","NAZWA_MSC":"Myślenice","odleglosc_m":36.1,"strefa":"30-50 m","warstwa":"adresy"},"geometry":{"type":"Point","coordinates":[19.941278,49.824709]}},{"type":"Feature","properties":{"NUMER_PORZ":"18","KOD_POCZT":"32-400","NAZWA_ULC":"Ignacego Daszyńskiego","NAZWA_GMI":"Myślenice","NAZWA_MSC":"Myślenice","odleglosc_m":172.3,"strefa":"50-200 m","warstwa":"adresy"},"geometry":{"type":"Point","coordinates":[19.940797,49.826364]}},{"type":"Feature","properties":{"NUMER_PORZ":"34","KOD_POCZT":"32-400","NAZWA_ULC":"Ignacego Daszyńskiego","NAZWA_GMI":"Myślenice","NAZWA_MSC":"Myślenice","odleglosc_m":18.3,"strefa":"0-20 m","warstwa":"adresy"},"geometry":{"type":"Point","coordinates":[19.938834,49.821983]}},{"type":"Feature","properties":{"NUMER_PORZ":"22b","KOD_POCZT":"32-400","NAZWA_ULC":"Ignacego Daszyńskiego","NAZWA_GMI":"Myślenice","NAZWA_MSC":"Myślenice","odleglosc_m":124.0,"strefa":"50-200 m","warstwa":"adresy"},"geometry":{"type":"Point","coordinates":[19.941084,49.825917]}},{"type":"Feature","properties":{"NUMER_PORZ":"7","KOD_POCZT":"32-400","NAZWA_ULC":"Elizy Orzeszkowej","NAZWA_GMI":"Myślenice","NAZWA_MSC":"Myślenice","odleglosc_m":117.9,"strefa":"50-200 m","warstwa":"adresy"},"geometry":{"type":"Point","coordinates":[19.947819,49.8404]}},{"type":"Feature","properties":{"NUMER_PORZ":"40","KOD_POCZT":"32-400","NAZWA_ULC":"Jana Sobieskiego","NAZWA_GMI":"Myślenice","NAZWA_MSC":"Myślenice","odleglosc_m":180.5,"strefa":"50-200 m","warstwa":"adresy"},"geometry":{"type":"Point","coordinates":[19.931134,49.840908]}},{"type":"Feature","properties":{"NUMER_PORZ":"5","KOD_POCZT":"32-400","NAZWA_ULC":"Tarnówka","NAZWA_GMI":"Myślenice","NAZWA_MSC":"Myślenice","odleglosc_m":44.7,"strefa":"30-50 m","warstwa":"adresy"},"geometry":{"type":"Point","coordinates":[19.9222,49.849443]}},{"type":"Feature","properties":{"NUMER_PORZ":"73","KOD_POCZT":"32-400","NAZWA_ULC":"Rajmunda Bergela","NAZWA_GMI":"Myślenice","NAZWA_MSC":"Myślenice","odleglosc_m":80.7,"strefa":"50-200 m","warstwa":"adresy"},"geometry":{"type":"Point","coordinates":[19.939739,49.824218]}},{"type":"Feature","properties":{"NUMER_PORZ":"24","KOD_POCZT":"32-400","NAZWA_ULC":"Adama Asnyka","NAZWA_GMI":"Myślenice","NAZWA_MSC":"Myślenice","odleglosc_m":65.0,"strefa":"50-200 m","warstwa":"adresy"},"geometry":{"type":"Point","coordinates":[19.945735,49.841345]}},{"type":"Feature","properties":{"NUMER_PORZ":"15","KOD_POCZT":"32-400","NAZWA_ULC":"Mostowa","NAZWA_GMI":"Myślenice","NAZWA_MSC":"Myślenice","odleglosc_m":86.4,"strefa":"50-200 m","warstwa":"adresy"},"geometry":{"type":"Point","coordinates":[19.942323,49.823153]}},{"type":"Feature","properties":{"NUMER_PORZ":"39b","KOD_POCZT":"32-400","NAZWA_ULC":"Adama Mickiewicza","NAZWA_GMI":"Myślenice","NAZWA_MSC":"Myślenice","odleglosc_m":85.2,"strefa":"50-200 m","warstwa":"adresy"},"geometry":{"type":"Point","coordinates":[19.947606,49.828094]}},{"type":"Feature","properties":{"NUMER_PORZ":"11","KOD_POCZT":"32-400","NAZWA_ULC":"Słoneczna","NAZWA_GMI":"Myślenice","NAZWA_MSC":"Myślenice","odleglosc_m":106.6,"strefa":"50-200 m","warstwa":"adresy"},"geometry":{"type":"Point","coordinates":[19.947825,49.834942]}},{"type":"Feature","properties":{"NUMER_PORZ":"5b","KOD_POCZT":"32-400","NAZWA_ULC":"Tarnówka","NAZWA_GMI":"Myślenice","NAZWA_MSC":"Myślenice","odleglosc_m":24.5,"strefa":"20-30 m","warstwa":"adresy"},"geometry":{"type":"Point","coordinates":[19.923445,49.84903]}},{"type":"Feature","properties":{"NUMER_PORZ":"2a","KOD_POCZT":"32-400","NAZWA_ULC":"Przemysłowa","NAZWA_GMI":"Myślenice","NAZWA_MSC":"Myślenice","odleglosc_m":83.7,"strefa":"50-200 m","warstwa":"adresy"},"geometry":{"type":"Point","coordinates":[19.951561,49.833708]}},{"type":"Feature","properties":{"NUMER_PORZ":"2","KOD_POCZT":"32-400","NAZWA_ULC":"Mikołaja Kopernika","NAZWA_GMI":"Myślenice","NAZWA_MSC":"Myślenice","odleglosc_m":124.0,"strefa":"50-200 m","warstwa":"adresy"},"geometry":{"type":"Point","coordinates":[19.942817,49.826924]}},{"type":"Feature","properties":{"NUMER_PORZ":"57","KOD_POCZT":"32-400","NAZWA_ULC":"Kazimierza Wielkiego","NAZWA_GMI":"Myślenice","NAZWA_MSC":"Myślenice","odleglosc_m":113.6,"strefa":"50-200 m","warstwa":"adresy"},"geometry":{"type":"Point","coordinates":[19.94937,49.838848]}},{"type":"Feature","properties":{"NUMER_PORZ":"3d","KOD_POCZT":"32-400","NAZWA_ULC":"Tarnówka","NAZWA_GMI":"Myślenice","NAZWA_MSC":"Myślenice","odleglosc_m":88.9,"strefa":"50-200 m","warstwa":"adresy"},"geometry":{"type":"Point","coordinates":[19.924837,49.845785]}},{"type":"Feature","properties":{"NUMER_PORZ":"43c","KOD_POCZT":"32-400","NAZWA_ULC":"Ignacego Daszyńskiego","NAZWA_GMI":"Myślenice","NAZWA_MSC":"Myślenice","odleglosc_m":126.3,"strefa":"50-200 m","warstwa":"adresy"},"geometry":{"type":"Point","coordinates":[19.935003,49.820823]}},{"type":"Feature","properties":{"NUMER_PORZ":"65","KOD_POCZT":"32-400","NAZWA_ULC":"Kazimierza Wielkiego","NAZWA_GMI":"Myślenice","NAZWA_MSC":"Myślenice","odleglosc_m":192.7,"strefa":"50-200 m","warstwa":"adresy"},"geometry":{"type":"Point","coordinates":[19.950436,49.839135]}},{"type":"Feature","properties":{"NUMER_PORZ":"31","KOD_POCZT":"32-400","NAZWA_ULC":"Kazimierza Wielkiego","NAZWA_GMI":"Myślenice","NAZWA_MSC":"Myślenice","odleglosc_m":122.0,"strefa":"50-200 m","warstwa":"adresy"},"geometry":{"type":"Point","coordinates":[19.94597,49.837833]}},{"type":"Feature","properties":{"NUMER_PORZ":"29","KOD_POCZT":"32-400","NAZWA_ULC":"Jagiellońska","NAZWA_GMI":"Myślenice","NAZWA_MSC":"Myślenice","odleglosc_m":127.6,"strefa":"50-200 m","warstwa":"adresy"},"geometry":{"type":"Point","coordinates":[19.949334,49.83098]}},{"type":"Feature","properties":{"NUMER_PORZ":"15b","KOD_POCZT":"32-400","NAZWA_ULC":"Jana Sobieskiego","NAZWA_GMI":"Myślenice","NAZWA_MSC":"Myślenice","odleglosc_m":185.0,"strefa":"50-200 m","warstwa":"adresy"},"geometry":{"type":"Point","coordinates":[19.929763,49.841046]}},{"type":"Feature","properties":{"NUMER_PORZ":"17","KOD_POCZT":"32-400","NAZWA_ULC":"Stefana Batorego","NAZWA_GMI":"Myślenice","NAZWA_MSC":"Myślenice","odleglosc_m":94.0,"strefa":"50-200 m","warstwa":"adresy"},"geometry":{"type":"Point","coordinates":[19.948976,49.832589]}},{"type":"Feature","properties":{"NUMER_PORZ":"68a","KOD_POCZT":"32-400","NAZWA_ULC":"Juliusza Słowackiego","NAZWA_GMI":"Myślenice","NAZWA_MSC":"Myślenice","odleglosc_m":68.7,"strefa":"50-200 m","warstwa":"adresy"},"geometry":{"type":"Point","coordinates":[19.951474,49.833424]}},{"type":"Feature","properties":{"NUMER_PORZ":"61a","KOD_POCZT":"32-400","NAZWA_ULC":"Mostowa","NAZWA_GMI":"Myślenice","NAZWA_MSC":"Myślenice","odleglosc_m":12.2,"strefa":"0-20 m","warstwa":"adresy"},"geometry":{"type":"Point","coordinates":[19.93787,49.820369]}},{"type":"Feature","properties":{"NUMER_PORZ":"28","KOD_POCZT":"32-400","NAZWA_ULC":"Adama Asnyka","NAZWA_GMI":"Myślenice","NAZWA_MSC":"Myślenice","odleglosc_m":56.8,"strefa":"50-200 m","warstwa":"adresy"},"geometry":{"type":"Point","coordinates":[19.945262,49.841508]}},{"type":"Feature","properties":{"NUMER_PORZ":"43","KOD_POCZT":"32-400","NAZWA_ULC":"Juliusza Słowackiego","NAZWA_GMI":"Myślenice","NAZWA_MSC":"Myślenice","odleglosc_m":117.8,"strefa":"50-200 m","warstwa":"adresy"},"geometry":{"type":"Point","coordinates":[19.948251,49.833737]}},{"type":"Feature","properties":{"NUMER_PORZ":"21d","KOD_POCZT":"32-400","NAZWA_ULC":"Ignacego Kraszewskiego","NAZWA_GMI":"Myślenice","NAZWA_MSC":"Myślenice","odleglosc_m":48.6,"strefa":"30-50 m","warstwa":"adresy"},"geometry":{"type":"Point","coordinates":[19.944917,49.839999]}},{"type":"Feature","properties":{"NUMER_PORZ":"25","KOD_POCZT":"32-400","NAZWA_ULC":"Marszałka Józefa Piłsudskiego","NAZWA_GMI":"Myślenice","NAZWA_MSC":"Myślenice","odleglosc_m":148.7,"strefa":"50-200 m","warstwa":"adresy"},"geometry":{"type":"Point","coordinates":[19.943839,49.827517]}},{"type":"Feature","properties":{"NUMER_PORZ":"55","KOD_POCZT":"32-400","NAZWA_ULC":"Juliusza Słowackiego","NAZWA_GMI":"Myślenice","NAZWA_MSC":"Myślenice","odleglosc_m":186.3,"strefa":"50-200 m","warstwa":"adresy"},"geometry":{"type":"Point","coordinates":[19.952621,49.834851]}},{"type":"Feature","properties":{"NUMER_PORZ":"4d","KOD_POCZT":"32-400","NAZWA_ULC":"Tarnówka","NAZWA_GMI":"Myślenice","NAZWA_MSC":"Myślenice","odleglosc_m":115.8,"strefa":"50-200 m","warstwa":"adresy"},"geometry":{"type":"Point","coordinates":[19.925303,49.849956]}},{"type":"Feature","properties":{"NUMER_PORZ":"40b","KOD_POCZT":"32-400","NAZWA_ULC":"Jana Sobieskiego","NAZWA_GMI":"Myślenice","NAZWA_MSC":"Myślenice","odleglosc_m":143.1,"strefa":"50-200 m","warstwa":"adresy"},"geometry":{"type":"Point","coordinates":[19.930792,49.841283]}},{"type":"Feature","properties":{"NUMER_PORZ":"28","KOD_POCZT":"32-400","NAZWA_ULC":"Marszałka Józefa Piłsudskiego","NAZWA_GMI":"Myślenice","NAZWA_MSC":"Myślenice","odleglosc_m":174.9,"strefa":"50-200 m","warstwa":"adresy"},"geometry":{"type":"Point","coordinates":[19.943415,49.827651]}},{"type":"Feature","properties":{"NUMER_PORZ":"17","KOD_POCZT":"32-400","NAZWA_ULC":"Mostowa","NAZWA_GMI":"Myślenice","NAZWA_MSC":"Myślenice","odleglosc_m":71.2,"strefa":"50-200 m","warstwa":"adresy"},"geometry":{"type":"Point","coordinates":[19.942,49.823069]}},{"type":"Feature","properties":{"NUMER_PORZ":"23C","KOD_POCZT":"32-400","NAZWA_ULC":"Jana Sobieskiego","NAZWA_GMI":"Myślenice","NAZWA_MSC":"Myślenice","odleglosc_m":41.8,"strefa":"30-50 m","warstwa":"adresy"},"geometry":{"type":"Point","coordinates":[19.92799,49.843015]}},{"type":"Feature","properties":{"NUMER_PORZ":"64A","KOD_POCZT":"32-400","NAZWA_ULC":"Kazimierza Wielkiego","NAZWA_GMI":"Myślenice","NAZWA_MSC":"Myślenice","odleglosc_m":177.7,"strefa":"50-200 m","warstwa":"adresy"},"geometry":{"type":"Point","coordinates":[19.950896,49.83827]}},{"type":"Feature","properties":{"NUMER_PORZ":"15","KOD_POCZT":"32-400","NAZWA_ULC":"Stefana Batorego","NAZWA_GMI":"Myślenice","NAZWA_MSC":"Myślenice","odleglosc_m":120.0,"strefa":"50-200 m","warstwa":"adresy"},"geometry":{"type":"Point","coordinates":[19.948633,49.832516]}},{"type":"Feature","properties":{"NUMER_PORZ":"12","KOD_POCZT":"32-400","NAZWA_ULC":"Kornela Ujejskiego","NAZWA_GMI":"Myślenice","NAZWA_MSC":"Myślenice","odleglosc_m":189.2,"strefa":"50-200 m","warstwa":"adresy"},"geometry":{"type":"Point","coordinates":[19.949351,49.840077]}},{"type":"Feature","properties":{"NUMER_PORZ":"5","KOD_POCZT":"32-400","NAZWA_ULC":"Kazimierza Przerwy-Tetmajera","NAZWA_GMI":"Myślenice","NAZWA_MSC":"Myślenice","odleglosc_m":88.9,"strefa":"50-200 m","warstwa":"adresy"},"geometry":{"type":"Point","coordinates":[19.946928,49.840784]}},{"type":"Feature","properties":{"NUMER_PORZ":"16","KOD_POCZT":"32-400","NAZWA_ULC":"Szpitalna","NAZWA_GMI":"Myślenice","NAZWA_MSC":"Myślenice","odleglosc_m":64.3,"strefa":"50-200 m","warstwa":"adresy"},"geometry":{"type":"Point","coordinates":[19.950336,49.82997]}},{"type":"Feature","properties":{"NUMER_PORZ":"10a","KOD_POCZT":"32-400","NAZWA_ULC":"Władysława Reymonta","NAZWA_GMI":"Myślenice","NAZWA_MSC":"Myślenice","odleglosc_m":93.2,"strefa":"50-200 m","warstwa":"adresy"},"geometry":{"type":"Point","coordinates":[19.949288,49.829026]}},{"type":"Feature","properties":{"NUMER_PORZ":"29","KOD_POCZT":"32-400","NAZWA_ULC":"Szpitalna","NAZWA_GMI":"Myślenice","NAZWA_MSC":"Myślenice","odleglosc_m":58.9,"strefa":"50-200 m","warstwa":"adresy"},"geometry":{"type":"Point","coordinates":[19.952461,49.830459]}},{"type":"Feature","properties":{"NUMER_PORZ":"3","KOD_POCZT":"32-400","NAZWA_ULC":"Kazimierza Przerwy-Tetmajera","NAZWA_GMI":"Myślenice","NAZWA_MSC":"Myślenice","odleglosc_m":70.3,"strefa":"50-200 m","warstwa":"adresy"},"geometry":{"type":"Point","coordinates":[19.946888,49.84053]}},{"type":"Feature","properties":{"NUMER_PORZ":"19a","KOD_POCZT":"32-400","NAZWA_ULC":"Ignacego Kraszewskiego","NAZWA_GMI":"Myślenice","NAZWA_MSC":"Myślenice","odleglosc_m":70.1,"strefa":"50-200 m","warstwa":"adresy"},"geometry":{"type":"Point","coordinates":[19.944643,49.839913]}},{"type":"Feature","properties":{"NUMER_PORZ":"30c","KOD_POCZT":"32-400","NAZWA_ULC":"Jana Sobieskiego","NAZWA_GMI":"Myślenice","NAZWA_MSC":"Myślenice","odleglosc_m":55.8,"strefa":"50-200 m","warstwa":"adresy"},"geometry":{"type":"Point","coordinates":[19.935747,49.841616]}},{"type":"Feature","properties":{"NUMER_PORZ":"34B","KOD_POCZT":"32-400","NAZWA_ULC":"Ignacego Daszyńskiego","NAZWA_GMI":"Myślenice","NAZWA_MSC":"Myślenice","odleglosc_m":27.3,"strefa":"20-30 m","warstwa":"adresy"},"geometry":{"type":"Point","coordinates":[19.938552,49.821882]}},{"type":"Feature","properties":{"NUMER_PORZ":"40a","KOD_POCZT":"32-400","NAZWA_ULC":"Kazimierza Wielkiego","NAZWA_GMI":"Myślenice","NAZWA_MSC":"Myślenice","odleglosc_m":74.0,"strefa":"50-200 m","warstwa":"adresy"},"geometry":{"type":"Point","coordinates":[19.94737,49.837179]}},{"type":"Feature","properties":{"NUMER_PORZ":"1","KOD_POCZT":"32-400","NAZWA_ULC":"Kazimierza Przerwy-Tetmajera","NAZWA_GMI":"Myślenice","NAZWA_MSC":"Myślenice","odleglosc_m":52.1,"strefa":"50-200 m","warstwa":"adresy"},"geometry":{"type":"Point","coordinates":[19.94685,49.840278]}},{"type":"Feature","properties":{"NUMER_PORZ":"2","KOD_POCZT":"32-400","NAZWA_ULC":"Elizy Orzeszkowej","NAZWA_GMI":"Myślenice","NAZWA_MSC":"Myślenice","odleglosc_m":151.5,"strefa":"50-200 m","warstwa":"adresy"},"geometry":{"type":"Point","coordinates":[19.948728,49.840074]}},{"type":"Feature","properties":{"NUMER_PORZ":"33d","KOD_POCZT":"32-400","NAZWA_ULC":"Kazimierza Wielkiego","NAZWA_GMI":"Myślenice","NAZWA_MSC":"Myślenice","odleglosc_m":102.9,"strefa":"50-200 m","warstwa":"adresy"},"geometry":{"type":"Point","coordinates":[19.946122,49.837997]}},{"type":"Feature","properties":{"NUMER_PORZ":"8","KOD_POCZT":"32-400","NAZWA_ULC":"Krótka","NAZWA_GMI":"Myślenice","NAZWA_MSC":"Myślenice","odleglosc_m":88.3,"strefa":"50-200 m","warstwa":"adresy"},"geometry":{"type":"Point","coordinates":[19.94292,49.823653]}},{"type":"Feature","properties":{"NUMER_PORZ":"3","KOD_POCZT":"32-400","NAZWA_ULC":"Krótka","NAZWA_GMI":"Myślenice","NAZWA_MSC":"Myślenice","odleglosc_m":85.7,"strefa":"50-200 m","warstwa":"adresy"},"geometry":{"type":"Point","coordinates":[19.943316,49.824114]}},{"type":"Feature","properties":{"NUMER_PORZ":"83","KOD_POCZT":"32-400","NAZWA_ULC":"Rajmunda Bergela","NAZWA_GMI":"Myślenice","NAZWA_MSC":"Myślenice","odleglosc_m":154.4,"strefa":"50-200 m","warstwa":"adresy"},"geometry":{"type":"Point","coordinates":[19.938661,49.824084]}},{"type":"Feature","properties":{"NUMER_PORZ":"93","KOD_POCZT":"32-400","NAZWA_ULC":"Rajmunda Bergela","NAZWA_GMI":"Myślenice","NAZWA_MSC":"Myślenice","odleglosc_m":139.4,"strefa":"50-200 m","warstwa":"adresy"},"geometry":{"type":"Point","coordinates":[19.938596,49.823585]}},{"type":"Feature","properties":{"NUMER_PORZ":"19a","KOD_POCZT":"32-400","NAZWA_ULC":"Rzemieślnicza","NAZWA_GMI":"Myślenice","NAZWA_MSC":"Myślenice","odleglosc_m":196.3,"strefa":"50-200 m","warstwa":"adresy"},"geometry":{"type":"Point","coordinates":[19.946339,49.835637]}},{"type":"Feature","properties":{"NUMER_PORZ":"18","KOD_POCZT":"32-400","NAZWA_ULC":"Senatorska","NAZWA_GMI":"Myślenice","NAZWA_MSC":"Myślenice","odleglosc_m":155.5,"strefa":"50-200 m","warstwa":"adresy"},"geometry":{"type":"Point","coordinates":[19.948753,49.831404]}},{"type":"Feature","properties":{"NUMER_PORZ":"5","KOD_POCZT":"32-400","NAZWA_ULC":"Kornela Ujejskiego","NAZWA_GMI":"Myślenice","NAZWA_MSC":"Myślenice","odleglosc_m":61.0,"strefa":"50-200 m","warstwa":"adresy"},"geometry":{"type":"Point","coordinates":[19.947624,49.839665]}},{"type":"Feature","properties":{"NUMER_PORZ":"23","KOD_POCZT":"32-400","NAZWA_ULC":"Jana Sobieskiego","NAZWA_GMI":"Myślenice","NAZWA_MSC":"Myślenice","odleglosc_m":27.5,"strefa":"20-30 m","warstwa":"adresy"},"geometry":{"type":"Point","coordinates":[19.928034,49.843158]}},{"type":"Feature","properties":{"NUMER_PORZ":"72","KOD_POCZT":"32-400","NAZWA_ULC":"Juliusza Słowackiego","NAZWA_GMI":"Myślenice","NAZWA_MSC":"Myślenice","odleglosc_m":146.0,"strefa":"50-200 m","warstwa":"adresy"},"geometry":{"type":"Point","coordinates":[19.952347,49.833966]}},{"type":"Feature","properties":{"NUMER_PORZ":"38","KOD_POCZT":"32-400","NAZWA_ULC":"Rajmunda Bergela","NAZWA_GMI":"Myślenice","NAZWA_MSC":"Myślenice","odleglosc_m":192.8,"strefa":"50-200 m","warstwa":"adresy"},"geometry":{"type":"Point","coordinates":[19.9382,49.824402]}},{"type":"Feature","properties":{"NUMER_PORZ":"2c","KOD_POCZT":"32-400","NAZWA_ULC":"Słoneczna","NAZWA_GMI":"Myślenice","NAZWA_MSC":"Myślenice","odleglosc_m":98.6,"strefa":"50-200 m","warstwa":"adresy"},"geometry":{"type":"Point","coordinates":[19.947422,49.83646]}},{"type":"Feature","properties":{"NUMER_PORZ":"19c","KOD_POCZT":"32-400","NAZWA_ULC":"Ignacego Kraszewskiego","NAZWA_GMI":"Myślenice","NAZWA_MSC":"Myślenice","odleglosc_m":90.6,"strefa":"50-200 m","warstwa":"adresy"},"geometry":{"type":"Point","coordinates":[19.944606,49.839642]}},{"type":"Feature","properties":{"NUMER_PORZ":"21","KOD_POCZT":"32-400","NAZWA_ULC":"Mostowa","NAZWA_GMI":"Myślenice","NAZWA_MSC":"Myślenice","odleglosc_m":21.3,"strefa":"20-30 m","warstwa":"adresy"},"geometry":{"type":"Point","coordinates":[19.941768,49.823706]}},{"type":"Feature","properties":{"NUMER_PORZ":"1b","KOD_POCZT":"32-400","NAZWA_ULC":"Słoneczna","NAZWA_GMI":"Myślenice","NAZWA_MSC":"Myślenice","odleglosc_m":120.6,"strefa":"50-200 m","warstwa":"adresy"},"geometry":{"type":"Point","coordinates":[19.947062,49.83655]}},{"type":"Feature","properties":{"NUMER_PORZ":"35","KOD_POCZT":"32-400","NAZWA_ULC":"Ignacego Daszyńskiego","NAZWA_GMI":"Myślenice","NAZWA_MSC":"Myślenice","odleglosc_m":20.8,"strefa":"20-30 m","warstwa":"adresy"},"geometry":{"type":"Point","coordinates":[19.938235,49.821548]}},{"type":"Feature","properties":{"NUMER_PORZ":"53","KOD_POCZT":"32-400","NAZWA_ULC":"Juliusza Słowackiego","NAZWA_GMI":"Myślenice","NAZWA_MSC":"Myślenice","odleglosc_m":132.8,"strefa":"50-200 m","warstwa":"adresy"},"geometry":{"type":"Point","coordinates":[19.951827,49.83499]}},{"type":"Feature","properties":{"NUMER_PORZ":"8","KOD_POCZT":"32-400","NAZWA_ULC":"Kazimierza Przerwy-Tetmajera","NAZWA_GMI":"Myślenice","NAZWA_MSC":"Myślenice","odleglosc_m":135.8,"strefa":"50-200 m","warstwa":"adresy"},"geometry":{"type":"Point","coordinates":[19.947151,49.841289]}},{"type":"Feature","properties":{"NUMER_PORZ":"52","KOD_POCZT":"32-400","NAZWA_ULC":"Ignacego Daszyńskiego","NAZWA_GMI":"Myślenice","NAZWA_MSC":"Myślenice","odleglosc_m":56.9,"strefa":"50-200 m","warstwa":"adresy"},"geometry":{"type":"Point","coordinates":[19.931487,49.818742]}},{"type":"Feature","properties":{"NUMER_PORZ":"18","KOD_POCZT":"32-400","NAZWA_ULC":"Tarnówka","NAZWA_GMI":"Myślenice","NAZWA_MSC":"Myślenice","odleglosc_m":65.0,"strefa":"50-200 m","warstwa":"adresy"},"geometry":{"type":"Point","coordinates":[19.923257,49.850508]}},{"type":"Feature","properties":{"NUMER_PORZ":"25","KOD_POCZT":"32-400","NAZWA_ULC":"Ignacego Kraszewskiego","NAZWA_GMI":"Myślenice","NAZWA_MSC":"Myślenice","odleglosc_m":86.9,"strefa":"50-200 m","warstwa":"adresy"},"geometry":{"type":"Point","coordinates":[19.945677,49.838688]}},{"type":"Feature","properties":{"NUMER_PORZ":"16","KOD_POCZT":"32-400","NAZWA_ULC":"Adama Asnyka","NAZWA_GMI":"Myślenice","NAZWA_MSC":"Myślenice","odleglosc_m":56.3,"strefa":"50-200 m","warstwa":"adresy"},"geometry":{"type":"Point","coordinates":[19.946244,49.840877]}},{"type":"Feature","properties":{"NUMER_PORZ":"20a","KOD_POCZT":"32-400","NAZWA_ULC":"Adama Asnyka","NAZWA_GMI":"Myślenice","NAZWA_MSC":"Myślenice","odleglosc_m":121.6,"strefa":"50-200 m","warstwa":"adresy"},"geometry":{"type":"Point","coordinates":[19.946243,49.841734]}},{"type":"Feature","properties":{"NUMER_PORZ":"57","KOD_POCZT":"32-400","NAZWA_ULC":"Mostowa","NAZWA_GMI":"Myślenice","NAZWA_MSC":"Myślenice","odleglosc_m":0.7,"strefa":"0-20 m","warstwa":"adresy"},"geometry":{"type":"Point","coordinates":[19.938242,49.820741]}},{"type":"Feature","properties":{"NUMER_PORZ":"45","KOD_POCZT":"32-400","NAZWA_ULC":"Juliusza Słowackiego","NAZWA_GMI":"Myślenice","NAZWA_MSC":"Myślenice","odleglosc_m":101.4,"strefa":"50-200 m","warstwa":"adresy"},"geometry":{"type":"Point","coordinates":[19.948475,49.833769]}},{"type":"Feature","properties":{"NUMER_PORZ":"19","KOD_POCZT":"32-400","NAZWA_ULC":"Armii Krajowej","NAZWA_GMI":"Myślenice","NAZWA_MSC":"Myślenice","odleglosc_m":129.0,"strefa":"50-200 m","warstwa":"adresy"},"geometry":{"type":"Point","coordinates":[19.947631,49.834501]}},{"type":"Feature","properties":{"NUMER_PORZ":"26","KOD_POCZT":"32-400","NAZWA_ULC":"Kazimierza Wielkiego","NAZWA_GMI":"Myślenice","NAZWA_MSC":"Myślenice","odleglosc_m":180.3,"strefa":"50-200 m","warstwa":"adresy"},"geometry":{"type":"Point","coordinates":[19.945975,49.836832]}},{"type":"Feature","properties":{"NUMER_PORZ":"26C","KOD_POCZT":"32-400","NAZWA_ULC":"Kazimierza Wielkiego","NAZWA_GMI":"Myślenice","NAZWA_MSC":"Myślenice","odleglosc_m":174.5,"strefa":"50-200 m","warstwa":"adresy"},"geometry":{"type":"Point","coordinates":[19.946054,49.836852]}},{"type":"Feature","properties":{"NUMER_PORZ":"40e","KOD_POCZT":"32-400","NAZWA_ULC":"Jana Sobieskiego","NAZWA_GMI":"Myślenice","NAZWA_MSC":"Myślenice","odleglosc_m":103.2,"strefa":"50-200 m","warstwa":"adresy"},"geometry":{"type":"Point","coordinates":[19.93111,49.841612]}},{"type":"Feature","properties":{"NUMER_PORZ":"38c","KOD_POCZT":"32-400","NAZWA_ULC":"Ignacego Daszyńskiego","NAZWA_GMI":"Myślenice","NAZWA_MSC":"Myślenice","odleglosc_m":88.4,"strefa":"50-200 m","warstwa":"adresy"},"geometry":{"type":"Point","coordinates":[19.935356,49.820569]}},{"type":"Feature","properties":{"NUMER_PORZ":"35d","KOD_POCZT":"32-400","NAZWA_ULC":"Marszałka Józefa Piłsudskiego","NAZWA_GMI":"Myślenice","NAZWA_MSC":"Myślenice","odleglosc_m":20.2,"strefa":"20-30 m","warstwa":"adresy"},"geometry":{"type":"Point","coordinates":[19.943942,49.826268]}},{"type":"Feature","properties":{"NUMER_PORZ":"89","KOD_POCZT":"32-400","NAZWA_ULC":"Rajmunda Bergela","NAZWA_GMI":"Myślenice","NAZWA_MSC":"Myślenice","odleglosc_m":161.1,"strefa":"50-200 m","warstwa":"adresy"},"geometry":{"type":"Point","coordinates":[19.938612,49.824288]}},{"type":"Feature","properties":{"NUMER_PORZ":"32A","KOD_POCZT":"32-400","NAZWA_ULC":"Rzemieślnicza","NAZWA_GMI":"Myślenice","NAZWA_MSC":"Myślenice","odleglosc_m":148.5,"strefa":"50-200 m","warstwa":"adresy"},"geometry":{"type":"Point","coordinates":[19.947122,49.835381]}},{"type":"Feature","properties":{"NUMER_PORZ":"6","KOD_POCZT":"32-400","NAZWA_ULC":"Galla Anonima","NAZWA_GMI":"Myślenice","NAZWA_MSC":"Myślenice","odleglosc_m":138.3,"strefa":"50-200 m","warstwa":"adresy"},"geometry":{"type":"Point","coordinates":[19.941742,49.826533]}},{"type":"Feature","properties":{"NUMER_PORZ":"33a","KOD_POCZT":"32-400","NAZWA_ULC":"Ignacego Daszyńskiego","NAZWA_GMI":"Myślenice","NAZWA_MSC":"Myślenice","odleglosc_m":107.1,"strefa":"50-200 m","warstwa":"adresy"},"geometry":{"type":"Point","coordinates":[19.93877,49.823216]}},{"type":"Feature","properties":{"NUMER_PORZ":"148","KOD_POCZT":"32-400","NAZWA_ULC":"Ignacego Daszyńskiego","NAZWA_GMI":"Myślenice","NAZWA_MSC":"Myślenice","odleglosc_m":189.0,"strefa":"50-200 m","warstwa":"adresy"},"geometry":{"type":"Point","coordinates":[19.932966,49.820679]}},{"type":"Feature","properties":{"NUMER_PORZ":"13","KOD_POCZT":"32-400","NAZWA_ULC":"Słoneczna","NAZWA_GMI":"Myślenice","NAZWA_MSC":"Myślenice","odleglosc_m":90.6,"strefa":"50-200 m","warstwa":"adresy"},"geometry":{"type":"Point","coordinates":[19.948451,49.834122]}},{"type":"Feature","properties":{"NUMER_PORZ":"26","KOD_POCZT":"32-400","NAZWA_ULC":"Parkowa","NAZWA_GMI":"Myślenice","NAZWA_MSC":"Myślenice","odleglosc_m":159.4,"strefa":"50-200 m","warstwa":"adresy"},"geometry":{"type":"Point","coordinates":[19.936205,49.817846]}},{"type":"Feature","properties":{"NUMER_PORZ":"34","KOD_POCZT":"32-400","NAZWA_ULC":"Armii Krajowej","NAZWA_GMI":"Myślenice","NAZWA_MSC":"Myślenice","odleglosc_m":150.1,"strefa":"50-200 m","warstwa":"adresy"},"geometry":{"type":"Point","coordinates":[19.947589,49.834005]}},{"type":"Feature","properties":{"NUMER_PORZ":"21a","KOD_POCZT":"32-400","NAZWA_ULC":"Słoneczna","NAZWA_GMI":"Myślenice","NAZWA_MSC":"Myślenice","odleglosc_m":71.0,"strefa":"50-200 m","warstwa":"adresy"},"geometry":{"type":"Point","coordinates":[19.949713,49.831942]}},{"type":"Feature","properties":{"NUMER_PORZ":"22","KOD_POCZT":"32-400","NAZWA_ULC":"Ignacego Daszyńskiego","NAZWA_GMI":"Myślenice","NAZWA_MSC":"Myślenice","odleglosc_m":144.1,"strefa":"50-200 m","warstwa":"adresy"},"geometry":{"type":"Point","coordinates":[19.940807,49.825986]}},{"type":"Feature","properties":{"NUMER_PORZ":"57B","KOD_POCZT":"32-400","NAZWA_ULC":"Ignacego Daszyńskiego","NAZWA_GMI":"Myślenice","NAZWA_MSC":"Myślenice","odleglosc_m":16.8,"strefa":"0-20 m","warstwa":"adresy"},"geometry":{"type":"Point","coordinates":[19.92708,49.81658]}},{"type":"Feature","properties":{"NUMER_PORZ":"8","KOD_POCZT":"32-400","NAZWA_ULC":"Szpitalna","NAZWA_GMI":"Myślenice","NAZWA_MSC":"Myślenice","odleglosc_m":140.8,"strefa":"50-200 m","warstwa":"adresy"},"geometry":{"type":"Point","coordinates":[19.949203,49.829808]}},{"type":"Feature","properties":{"NUMER_PORZ":"38","KOD_POCZT":"32-400","NAZWA_ULC":"Marszałka Józefa Piłsudskiego","NAZWA_GMI":"Myślenice","NAZWA_MSC":"Myślenice","odleglosc_m":26.9,"strefa":"20-30 m","warstwa":"adresy"},"geometry":{"type":"Point","coordinates":[19.94339,49.825031]}},{"type":"Feature","properties":{"NUMER_PORZ":"42","KOD_POCZT":"32-400","NAZWA_ULC":"Adama Mickiewicza","NAZWA_GMI":"Myślenice","NAZWA_MSC":"Myślenice","odleglosc_m":71.3,"strefa":"50-200 m","warstwa":"adresy"},"geometry":{"type":"Point","coordinates":[19.94682,49.827699]}},{"type":"Feature","properties":{"NUMER_PORZ":"4","KOD_POCZT":"32-400","NAZWA_ULC":"Kornela Ujejskiego","NAZWA_GMI":"Myślenice","NAZWA_MSC":"Myślenice","odleglosc_m":101.8,"strefa":"50-200 m","warstwa":"adresy"},"geometry":{"type":"Point","coordinates":[19.948784,49.839223]}},{"type":"Feature","properties":{"NUMER_PORZ":"41A","KOD_POCZT":"32-400","NAZWA_ULC":"Adama Mickiewicza","NAZWA_GMI":"Myślenice","NAZWA_MSC":"Myślenice","odleglosc_m":46.1,"strefa":"30-50 m","warstwa":"adresy"},"geometry":{"type":"Point","coordinates":[19.948205,49.827915]}},{"type":"Feature","properties":{"NUMER_PORZ":"15A","KOD_POCZT":"32-400","NAZWA_ULC":"Mostowa","NAZWA_GMI":"Myślenice","NAZWA_MSC":"Myślenice","odleglosc_m":98.6,"strefa":"50-200 m","warstwa":"adresy"},"geometry":{"type":"Point","coordinates":[19.942497,49.823126]}},{"type":"Feature","properties":{"NUMER_PORZ":"3g","KOD_POCZT":"32-400","NAZWA_ULC":"Tarnówka","NAZWA_GMI":"Myślenice","NAZWA_MSC":"Myślenice","odleglosc_m":78.5,"strefa":"50-200 m","warstwa":"adresy"},"geometry":{"type":"Point","coordinates":[19.924737,49.84644]}},{"type":"Feature","properties":{"NUMER_PORZ":"36","KOD_POCZT":"32-400","NAZWA_ULC":"Armii Krajowej","NAZWA_GMI":"Myślenice","NAZWA_MSC":"Myślenice","odleglosc_m":124.4,"strefa":"50-200 m","warstwa":"adresy"},"geometry":{"type":"Point","coordinates":[19.947795,49.834262]}},{"type":"Feature","properties":{"NUMER_PORZ":"4","KOD_POCZT":"32-400","NAZWA_ULC":"Władysława Reymonta","NAZWA_GMI":"Myślenice","NAZWA_MSC":"Myślenice","odleglosc_m":122.7,"strefa":"50-200 m","warstwa":"adresy"},"geometry":{"type":"Point","coordinates":[19.948729,49.829016]}},{"type":"Feature","properties":{"NUMER_PORZ":"18a","KOD_POCZT":"32-400","NAZWA_ULC":"Ignacego Kraszewskiego","NAZWA_GMI":"Myślenice","NAZWA_MSC":"Myślenice","odleglosc_m":94.8,"strefa":"50-200 m","warstwa":"adresy"},"geometry":{"type":"Point","coordinates":[19.945798,49.838427]}},{"type":"Feature","properties":{"NUMER_PORZ":"47a","KOD_POCZT":"32-400","NAZWA_ULC":"Kazimierza Wielkiego","NAZWA_GMI":"Myślenice","NAZWA_MSC":"Myślenice","odleglosc_m":24.3,"strefa":"20-30 m","warstwa":"adresy"},"geometry":{"type":"Point","coordinates":[19.947079,49.838343]}},{"type":"Feature","properties":{"NUMER_PORZ":"5","KOD_POCZT":"32-400","NAZWA_ULC":"Galla Anonima","NAZWA_GMI":"Myślenice","NAZWA_MSC":"Myślenice","odleglosc_m":118.2,"strefa":"50-200 m","warstwa":"adresy"},"geometry":{"type":"Point","coordinates":[19.942062,49.826469]}},{"type":"Feature","properties":{"NUMER_PORZ":"10a","KOD_POCZT":"32-400","NAZWA_ULC":"Henryka Sienkiewicza","NAZWA_GMI":"Myślenice","NAZWA_MSC":"Myślenice","odleglosc_m":133.2,"strefa":"50-200 m","warstwa":"adresy"},"geometry":{"type":"Point","coordinates":[19.943118,49.84299]}},{"type":"Feature","properties":{"NUMER_PORZ":"29A","KOD_POCZT":"32-400","NAZWA_ULC":"Ignacego Kraszewskiego","NAZWA_GMI":"Myślenice","NAZWA_MSC":"Myślenice","odleglosc_m":19.9,"strefa":"0-20 m","warstwa":"adresy"},"geometry":{"type":"Point","coordinates":[19.946048,49.839439]}},{"type":"Feature","properties":{"NUMER_PORZ":"40K","KOD_POCZT":"32-400","NAZWA_ULC":"Jana Sobieskiego","NAZWA_GMI":"Myślenice","NAZWA_MSC":"Myślenice","odleglosc_m":173.5,"strefa":"50-200 m","warstwa":"adresy"},"geometry":{"type":"Point","coordinates":[19.931509,49.840935]}},{"type":"Feature","properties":{"NUMER_PORZ":"17","KOD_POCZT":"32-400","NAZWA_ULC":"Słoneczna","NAZWA_GMI":"Myślenice","NAZWA_MSC":"Myślenice","odleglosc_m":100.5,"strefa":"50-200 m","warstwa":"adresy"},"geometry":{"type":"Point","coordinates":[19.947957,49.834787]}},{"type":"Feature","properties":{"NUMER_PORZ":"13","KOD_POCZT":"32-400","NAZWA_ULC":"Stefana Batorego","NAZWA_GMI":"Myślenice","NAZWA_MSC":"Myślenice","odleglosc_m":145.5,"strefa":"50-200 m","warstwa":"adresy"},"geometry":{"type":"Point","coordinates":[19.94829,49.832457]}},{"type":"Feature","properties":{"NUMER_PORZ":"3","KOD_POCZT":"32-400","NAZWA_ULC":"Władysława Orkana","NAZWA_GMI":"Myślenice","NAZWA_MSC":"Myślenice","odleglosc_m":157.3,"strefa":"50-200 m","warstwa":"adresy"},"geometry":{"type":"Point","coordinates":[19.943138,49.827387]}},{"type":"Feature","properties":{"NUMER_PORZ":"32","KOD_POCZT":"32-400","NAZWA_ULC":"Ignacego Daszyńskiego","NAZWA_GMI":"Myślenice","NAZWA_MSC":"Myślenice","odleglosc_m":0.0,"strefa":"w śladzie","warstwa":"adresy"},"geometry":{"type":"Point","coordinates":[19.939517,49.822223]}},{"type":"Feature","properties":{"NUMER_PORZ":"12","KOD_POCZT":"32-400","NAZWA_ULC":"Szpitalna","NAZWA_GMI":"Myślenice","NAZWA_MSC":"Myślenice","odleglosc_m":103.2,"strefa":"50-200 m","warstwa":"adresy"},"geometry":{"type":"Point","coordinates":[19.949749,49.829823]}},{"type":"Feature","properties":{"NUMER_PORZ":"2","KOD_POCZT":"32-400","NAZWA_ULC":"Słoneczna","NAZWA_GMI":"Myślenice","NAZWA_MSC":"Myślenice","odleglosc_m":101.2,"strefa":"50-200 m","warstwa":"adresy"},"geometry":{"type":"Point","coordinates":[19.947253,49.836718]}},{"type":"Feature","properties":{"NUMER_PORZ":"19","KOD_POCZT":"32-400","NAZWA_ULC":"Rzemieślnicza","NAZWA_GMI":"Myślenice","NAZWA_MSC":"Myślenice","odleglosc_m":188.3,"strefa":"50-200 m","warstwa":"adresy"},"geometry":{"type":"Point","coordinates":[19.946447,49.835654]}},{"type":"Feature","properties":{"NUMER_PORZ":"29","KOD_POCZT":"32-400","NAZWA_ULC":"Kazimierza Wielkiego","NAZWA_GMI":"Myślenice","NAZWA_MSC":"Myślenice","odleglosc_m":134.0,"strefa":"50-200 m","warstwa":"adresy"},"geometry":{"type":"Point","coordinates":[19.946216,49.837347]}},{"type":"Feature","properties":{"NUMER_PORZ":"5","KOD_POCZT":"32-400","NAZWA_ULC":"Mostowa","NAZWA_GMI":"Myślenice","NAZWA_MSC":"Myślenice","odleglosc_m":34.5,"strefa":"30-50 m","warstwa":"adresy"},"geometry":{"type":"Point","coordinates":[19.942109,49.823809]}},{"type":"Feature","properties":{"NUMER_PORZ":"3b","KOD_POCZT":"32-400","NAZWA_ULC":"Słoneczna","NAZWA_GMI":"Myślenice","NAZWA_MSC":"Myślenice","odleglosc_m":148.6,"strefa":"50-200 m","warstwa":"adresy"},"geometry":{"type":"Point","coordinates":[19.946834,49.836141]}},{"type":"Feature","properties":{"NUMER_PORZ":"77","KOD_POCZT":"32-400","NAZWA_ULC":"Rajmunda Bergela","NAZWA_GMI":"Myślenice","NAZWA_MSC":"Myślenice","odleglosc_m":63.3,"strefa":"50-200 m","warstwa":"adresy"},"geometry":{"type":"Point","coordinates":[19.939923,49.823964]}},{"type":"Feature","properties":{"NUMER_PORZ":"15B","KOD_POCZT":"32-400","NAZWA_ULC":"Mostowa","NAZWA_GMI":"Myślenice","NAZWA_MSC":"Myślenice","odleglosc_m":75.1,"strefa":"50-200 m","warstwa":"adresy"},"geometry":{"type":"Point","coordinates":[19.942372,49.823414]}},{"type":"Feature","properties":{"NUMER_PORZ":"20c","KOD_POCZT":"32-400","NAZWA_ULC":"Henryka Sienkiewicza","NAZWA_GMI":"Myślenice","NAZWA_MSC":"Myślenice","odleglosc_m":47.6,"strefa":"30-50 m","warstwa":"adresy"},"geometry":{"type":"Point","coordinates":[19.941422,49.841318]}},{"type":"Feature","properties":{"NUMER_PORZ":"38","KOD_POCZT":"32-400","NAZWA_ULC":"Kazimierza Wielkiego","NAZWA_GMI":"Myślenice","NAZWA_MSC":"Myślenice","odleglosc_m":95.0,"strefa":"50-200 m","warstwa":"adresy"},"geometry":{"type":"Point","coordinates":[19.947007,49.837231]}},{"type":"Feature","properties":{"NUMER_PORZ":"30","KOD_POCZT":"32-400","NAZWA_ULC":"Rzemieślnicza","NAZWA_GMI":"Myślenice","NAZWA_MSC":"Myślenice","odleglosc_m":169.0,"strefa":"50-200 m","warstwa":"adresy"},"geometry":{"type":"Point","coordinates":[19.946785,49.835475]}},{"type":"Feature","properties":{"NUMER_PORZ":"4a","KOD_POCZT":"32-400","NAZWA_ULC":"Władysława Łokietka","NAZWA_GMI":"Myślenice","NAZWA_MSC":"Myślenice","odleglosc_m":186.6,"strefa":"50-200 m","warstwa":"adresy"},"geometry":{"type":"Point","coordinates":[19.949824,49.839587]}},{"type":"Feature","properties":{"NUMER_PORZ":"3f","KOD_POCZT":"32-400","NAZWA_ULC":"Tarnówka","NAZWA_GMI":"Myślenice","NAZWA_MSC":"Myślenice","odleglosc_m":123.2,"strefa":"50-200 m","warstwa":"adresy"},"geometry":{"type":"Point","coordinates":[19.924364,49.845734]}},{"type":"Feature","properties":{"NUMER_PORZ":"30E","KOD_POCZT":"32-400","NAZWA_ULC":"Jana Sobieskiego","NAZWA_GMI":"Myślenice","NAZWA_MSC":"Myślenice","odleglosc_m":152.4,"strefa":"50-200 m","warstwa":"adresy"},"geometry":{"type":"Point","coordinates":[19.935582,49.840749]}},{"type":"Feature","properties":{"NUMER_PORZ":"23","KOD_POCZT":"32-400","NAZWA_ULC":"Mostowa","NAZWA_GMI":"Myślenice","NAZWA_MSC":"Myślenice","odleglosc_m":28.2,"strefa":"20-30 m","warstwa":"adresy"},"geometry":{"type":"Point","coordinates":[19.941452,49.823231]}},{"type":"Feature","properties":{"NUMER_PORZ":"8a","KOD_POCZT":"32-400","NAZWA_ULC":"Stefana Batorego","NAZWA_GMI":"Myślenice","NAZWA_MSC":"Myślenice","odleglosc_m":181.4,"strefa":"50-200 m","warstwa":"adresy"},"geometry":{"type":"Point","coordinates":[19.94803,49.831973]}},{"type":"Feature","properties":{"NUMER_PORZ":"17a","KOD_POCZT":"32-400","NAZWA_ULC":"Jana Sobieskiego","NAZWA_GMI":"Myślenice","NAZWA_MSC":"Myślenice","odleglosc_m":156.8,"strefa":"50-200 m","warstwa":"adresy"},"geometry":{"type":"Point","coordinates":[19.929664,49.84133]}},{"type":"Feature","properties":{"NUMER_PORZ":"42C","KOD_POCZT":"32-400","NAZWA_ULC":"Kazimierza Wielkiego","NAZWA_GMI":"Myślenice","NAZWA_MSC":"Myślenice","odleglosc_m":44.0,"strefa":"30-50 m","warstwa":"adresy"},"geometry":{"type":"Point","coordinates":[19.947546,49.837546]}},{"type":"Feature","properties":{"NUMER_PORZ":"11A","KOD_POCZT":"32-400","NAZWA_ULC":"Generała Leopolda Okulickiego","NAZWA_GMI":"Myślenice","NAZWA_MSC":"Myślenice","odleglosc_m":133.0,"strefa":"50-200 m","warstwa":"adresy"},"geometry":{"type":"Point","coordinates":[19.94741,49.835156]}},{"type":"Feature","properties":{"NUMER_PORZ":"9","KOD_POCZT":"32-400","NAZWA_ULC":"Ignacego Daszyńskiego","NAZWA_GMI":"Myślenice","NAZWA_MSC":"Myślenice","odleglosc_m":117.4,"strefa":"50-200 m","warstwa":"adresy"},"geometry":{"type":"Point","coordinates":[19.941586,49.826183]}},{"type":"Feature","properties":{"NUMER_PORZ":"28","KOD_POCZT":"32-400","NAZWA_ULC":"Armii Krajowej","NAZWA_GMI":"Myślenice","NAZWA_MSC":"Myślenice","odleglosc_m":176.7,"strefa":"50-200 m","warstwa":"adresy"},"geometry":{"type":"Point","coordinates":[19.947074,49.83417]}},{"type":"Feature","properties":{"NUMER_PORZ":"4","KOD_POCZT":"32-400","NAZWA_ULC":"Elizy Orzeszkowej","NAZWA_GMI":"Myślenice","NAZWA_MSC":"Myślenice","odleglosc_m":171.3,"strefa":"50-200 m","warstwa":"adresy"},"geometry":{"type":"Point","coordinates":[19.948699,49.840406]}},{"type":"Feature","properties":{"NUMER_PORZ":"10a","KOD_POCZT":"32-400","NAZWA_ULC":"Słoneczna","NAZWA_GMI":"Myślenice","NAZWA_MSC":"Myślenice","odleglosc_m":43.6,"strefa":"30-50 m","warstwa":"adresy"},"geometry":{"type":"Point","coordinates":[19.950058,49.83205]}},{"type":"Feature","properties":{"NUMER_PORZ":"42","KOD_POCZT":"32-400","NAZWA_ULC":"Jana Sobieskiego","NAZWA_GMI":"Myślenice","NAZWA_MSC":"Myślenice","odleglosc_m":96.2,"strefa":"50-200 m","warstwa":"adresy"},"geometry":{"type":"Point","coordinates":[19.930038,49.841826]}},{"type":"Feature","properties":{"NUMER_PORZ":"21d","KOD_POCZT":"32-400","NAZWA_ULC":"Henryka Sienkiewicza","NAZWA_GMI":"Myślenice","NAZWA_MSC":"Myślenice","odleglosc_m":145.0,"strefa":"50-200 m","warstwa":"adresy"},"geometry":{"type":"Point","coordinates":[19.941864,49.840343]}},{"type":"Feature","properties":{"NUMER_PORZ":"47","KOD_POCZT":"32-400","NAZWA_ULC":"Adama Mickiewicza","NAZWA_GMI":"Myślenice","NAZWA_MSC":"Myślenice","odleglosc_m":45.1,"strefa":"30-50 m","warstwa":"adresy"},"geometry":{"type":"Point","coordinates":[19.947897,49.827785]}},{"type":"Feature","properties":{"NUMER_PORZ":"3","KOD_POCZT":"32-400","NAZWA_ULC":"Słoneczna","NAZWA_GMI":"Myślenice","NAZWA_MSC":"Myślenice","odleglosc_m":123.3,"strefa":"50-200 m","warstwa":"adresy"},"geometry":{"type":"Point","coordinates":[19.947184,49.836175]}},{"type":"Feature","properties":{"NUMER_PORZ":"35","KOD_POCZT":"32-400","NAZWA_ULC":"Marszałka Józefa Piłsudskiego","NAZWA_GMI":"Myślenice","NAZWA_MSC":"Myślenice","odleglosc_m":4.6,"strefa":"0-20 m","warstwa":"adresy"},"geometry":{"type":"Point","coordinates":[19.94417,49.826184]}},{"type":"Feature","properties":{"NUMER_PORZ":"65","KOD_POCZT":"32-400","NAZWA_ULC":"Rajmunda Bergela","NAZWA_GMI":"Myślenice","NAZWA_MSC":"Myślenice","odleglosc_m":73.5,"strefa":"50-200 m","warstwa":"adresy"},"geometry":{"type":"Point","coordinates":[19.940359,49.824662]}},{"type":"Feature","properties":{"NUMER_PORZ":"23a","KOD_POCZT":"32-400","NAZWA_ULC":"Jana Sobieskiego","NAZWA_GMI":"Myślenice","NAZWA_MSC":"Myślenice","odleglosc_m":72.3,"strefa":"50-200 m","warstwa":"adresy"},"geometry":{"type":"Point","coordinates":[19.928043,49.84265]}},{"type":"Feature","properties":{"NUMER_PORZ":"24","KOD_POCZT":"32-400","NAZWA_ULC":"Ignacego Kraszewskiego","NAZWA_GMI":"Myślenice","NAZWA_MSC":"Myślenice","odleglosc_m":17.6,"strefa":"0-20 m","warstwa":"adresy"},"geometry":{"type":"Point","coordinates":[19.946666,49.838837]}},{"type":"Feature","properties":{"NUMER_PORZ":"38b","KOD_POCZT":"32-400","NAZWA_ULC":"Jana Sobieskiego","NAZWA_GMI":"Myślenice","NAZWA_MSC":"Myślenice","odleglosc_m":114.8,"strefa":"50-200 m","warstwa":"adresy"},"geometry":{"type":"Point","coordinates":[19.932204,49.841413]}},{"type":"Feature","properties":{"NUMER_PORZ":"44a","KOD_POCZT":"32-400","NAZWA_ULC":"Jana Sobieskiego","NAZWA_GMI":"Myślenice","NAZWA_MSC":"Myślenice","odleglosc_m":87.0,"strefa":"50-200 m","warstwa":"adresy"},"geometry":{"type":"Point","coordinates":[19.931339,49.841738]}},{"type":"Feature","properties":{"NUMER_PORZ":"27b","KOD_POCZT":"32-400","NAZWA_ULC":"Mostowa","NAZWA_GMI":"Myślenice","NAZWA_MSC":"Myślenice","odleglosc_m":81.5,"strefa":"50-200 m","warstwa":"adresy"},"geometry":{"type":"Point","coordinates":[19.941762,49.822532]}},{"type":"Feature","properties":{"NUMER_PORZ":"25a","KOD_POCZT":"32-400","NAZWA_ULC":"Ignacego Kraszewskiego","NAZWA_GMI":"Myślenice","NAZWA_MSC":"Myślenice","odleglosc_m":66.3,"strefa":"50-200 m","warstwa":"adresy"},"geometry":{"type":"Point","coordinates":[19.945893,49.838817]}},{"type":"Feature","properties":{"NUMER_PORZ":"44","KOD_POCZT":"32-400","NAZWA_ULC":"Marszałka Józefa Piłsudskiego","NAZWA_GMI":"Myślenice","NAZWA_MSC":"Myślenice","odleglosc_m":109.4,"strefa":"50-200 m","warstwa":"adresy"},"geometry":{"type":"Point","coordinates":[19.944062,49.824407]}},{"type":"Feature","properties":{"NUMER_PORZ":"24g","KOD_POCZT":"32-400","NAZWA_ULC":"Jana Sobieskiego","NAZWA_GMI":"Myślenice","NAZWA_MSC":"Myślenice","odleglosc_m":186.0,"strefa":"50-200 m","warstwa":"adresy"},"geometry":{"type":"Point","coordinates":[19.936505,49.840368]}},{"type":"Feature","properties":{"NUMER_PORZ":"37a","KOD_POCZT":"32-400","NAZWA_ULC":"Ignacego Daszyńskiego","NAZWA_GMI":"Myślenice","NAZWA_MSC":"Myślenice","odleglosc_m":119.3,"strefa":"50-200 m","warstwa":"adresy"},"geometry":{"type":"Point","coordinates":[19.936268,49.821431]}},{"type":"Feature","properties":{"NUMER_PORZ":"10d","KOD_POCZT":"32-400","NAZWA_ULC":"Henryka Sienkiewicza","NAZWA_GMI":"Myślenice","NAZWA_MSC":"Myślenice","odleglosc_m":130.3,"strefa":"50-200 m","warstwa":"adresy"},"geometry":{"type":"Point","coordinates":[19.943268,49.842933]}},{"type":"Feature","properties":{"NUMER_PORZ":"11","KOD_POCZT":"32-400","NAZWA_ULC":"Mikołaja Kopernika","NAZWA_GMI":"Myślenice","NAZWA_MSC":"Myślenice","odleglosc_m":173.2,"strefa":"50-200 m","warstwa":"adresy"},"geometry":{"type":"Point","coordinates":[19.941612,49.82687]}},{"type":"Feature","properties":{"NUMER_PORZ":"19","KOD_POCZT":"32-400","NAZWA_ULC":"Szpitalna","NAZWA_GMI":"Myślenice","NAZWA_MSC":"Myślenice","odleglosc_m":133.6,"strefa":"50-200 m","warstwa":"adresy"},"geometry":{"type":"Point","coordinates":[19.949403,49.830184]}},{"type":"Feature","properties":{"NUMER_PORZ":"23","KOD_POCZT":"32-400","NAZWA_ULC":"Szpitalna","NAZWA_GMI":"Myślenice","NAZWA_MSC":"Myślenice","odleglosc_m":100.0,"strefa":"50-200 m","warstwa":"adresy"},"geometry":{"type":"Point","coordinates":[19.949871,49.830295]}},{"type":"Feature","properties":{"NUMER_PORZ":"7A","KOD_POCZT":"32-400","NAZWA_ULC":"Kornela Ujejskiego","NAZWA_GMI":"Myślenice","NAZWA_MSC":"Myślenice","odleglosc_m":48.5,"strefa":"30-50 m","warstwa":"adresy"},"geometry":{"type":"Point","coordinates":[19.947786,49.839311]}},{"type":"Feature","properties":{"NUMER_PORZ":"7B","KOD_POCZT":"32-400","NAZWA_ULC":"Kornela Ujejskiego","NAZWA_GMI":"Myślenice","NAZWA_MSC":"Myślenice","odleglosc_m":104.3,"strefa":"50-200 m","warstwa":"adresy"},"geometry":{"type":"Point","coordinates":[19.948487,49.839534]}},{"type":"Feature","properties":{"NUMER_PORZ":"3a","KOD_POCZT":"32-400","NAZWA_ULC":"Władysława Reymonta","NAZWA_GMI":"Myślenice","NAZWA_MSC":"Myślenice","odleglosc_m":102.2,"strefa":"50-200 m","warstwa":"adresy"},"geometry":{"type":"Point","coordinates":[19.949323,49.829189]}},{"type":"Feature","properties":{"NUMER_PORZ":"53a","KOD_POCZT":"32-400","NAZWA_ULC":"Ignacego Daszyńskiego","NAZWA_GMI":"Myślenice","NAZWA_MSC":"Myślenice","odleglosc_m":36.6,"strefa":"30-50 m","warstwa":"adresy"},"geometry":{"type":"Point","coordinates":[19.9309,49.818337]}},{"type":"Feature","properties":{"NUMER_PORZ":"10","KOD_POCZT":"32-400","NAZWA_ULC":"Szpitalna","NAZWA_GMI":"Myślenice","NAZWA_MSC":"Myślenice","odleglosc_m":120.2,"strefa":"50-200 m","warstwa":"adresy"},"geometry":{"type":"Point","coordinates":[19.94951,49.829835]}},{"type":"Feature","properties":{"NUMER_PORZ":"26b","KOD_POCZT":"32-400","NAZWA_ULC":"Kazimierza Wielkiego","NAZWA_GMI":"Myślenice","NAZWA_MSC":"Myślenice","odleglosc_m":184.2,"strefa":"50-200 m","warstwa":"adresy"},"geometry":{"type":"Point","coordinates":[19.946019,49.836706]}},{"type":"Feature","properties":{"NUMER_PORZ":"54","KOD_POCZT":"32-400","NAZWA_ULC":"Kazimierza Wielkiego","NAZWA_GMI":"Myślenice","NAZWA_MSC":"Myślenice","odleglosc_m":25.8,"strefa":"20-30 m","warstwa":"adresy"},"geometry":{"type":"Point","coordinates":[19.9487,49.838054]}},{"type":"Feature","properties":{"NUMER_PORZ":"25","KOD_POCZT":"32-400","NAZWA_ULC":"Rzemieślnicza","NAZWA_GMI":"Myślenice","NAZWA_MSC":"Myślenice","odleglosc_m":130.4,"strefa":"50-200 m","warstwa":"adresy"},"geometry":{"type":"Point","coordinates":[19.9472,49.835852]}},{"type":"Feature","properties":{"NUMER_PORZ":"32","KOD_POCZT":"32-400","NAZWA_ULC":"Słoneczna","NAZWA_GMI":"Myślenice","NAZWA_MSC":"Myślenice","odleglosc_m":26.0,"strefa":"20-30 m","warstwa":"adresy"},"geometry":{"type":"Point","coordinates":[19.950721,49.829479]}},{"type":"Feature","properties":{"NUMER_PORZ":"27H","KOD_POCZT":"32-400","NAZWA_ULC":"Henryka Sienkiewicza","NAZWA_GMI":"Myślenice","NAZWA_MSC":"Myślenice","odleglosc_m":192.4,"strefa":"50-200 m","warstwa":"adresy"},"geometry":{"type":"Point","coordinates":[19.939726,49.840144]}},{"type":"Feature","properties":{"NUMER_PORZ":"17C","KOD_POCZT":"32-400","NAZWA_ULC":"Jana Sobieskiego","NAZWA_GMI":"Myślenice","NAZWA_MSC":"Myślenice","odleglosc_m":123.4,"strefa":"50-200 m","warstwa":"adresy"},"geometry":{"type":"Point","coordinates":[19.928823,49.841844]}},{"type":"Feature","properties":{"NUMER_PORZ":"27A","KOD_POCZT":"32-400","NAZWA_ULC":"Słoneczna","NAZWA_GMI":"Myślenice","NAZWA_MSC":"Myślenice","odleglosc_m":72.9,"strefa":"50-200 m","warstwa":"adresy"},"geometry":{"type":"Point","coordinates":[19.950221,49.830574]}},{"type":"Feature","properties":{"NUMER_PORZ":"15a","KOD_POCZT":"32-400","NAZWA_ULC":"Stefana Batorego","NAZWA_GMI":"Myślenice","NAZWA_MSC":"Myślenice","odleglosc_m":125.0,"strefa":"50-200 m","warstwa":"adresy"},"geometry":{"type":"Point","coordinates":[19.948464,49.832725]}},{"type":"Feature","properties":{"NUMER_PORZ":"28d","KOD_POCZT":"32-400","NAZWA_ULC":"Jana Sobieskiego","NAZWA_GMI":"Myślenice","NAZWA_MSC":"Myślenice","odleglosc_m":181.4,"strefa":"50-200 m","warstwa":"adresy"},"geometry":{"type":"Point","coordinates":[19.935987,49.84045]}},{"type":"Feature","properties":{"NUMER_PORZ":"19","KOD_POCZT":"32-400","NAZWA_ULC":"Ignacego Kraszewskiego","NAZWA_GMI":"Myślenice","NAZWA_MSC":"Myślenice","odleglosc_m":177.0,"strefa":"50-200 m","warstwa":"adresy"},"geometry":{"type":"Point","coordinates":[19.944431,49.838457]}},{"type":"Feature","properties":{"NUMER_PORZ":"6","KOD_POCZT":"32-400","NAZWA_ULC":"Kornela Ujejskiego","NAZWA_GMI":"Myślenice","NAZWA_MSC":"Myślenice","odleglosc_m":119.1,"strefa":"50-200 m","warstwa":"adresy"},"geometry":{"type":"Point","coordinates":[19.948983,49.839311]}},{"type":"Feature","properties":{"NUMER_PORZ":"22","KOD_POCZT":"32-400","NAZWA_ULC":"Senatorska","NAZWA_GMI":"Myślenice","NAZWA_MSC":"Myślenice","odleglosc_m":119.5,"strefa":"50-200 m","warstwa":"adresy"},"geometry":{"type":"Point","coordinates":[19.949263,49.831426]}},{"type":"Feature","properties":{"NUMER_PORZ":"38A","KOD_POCZT":"32-400","NAZWA_ULC":"Ignacego Daszyńskiego","NAZWA_GMI":"Myślenice","NAZWA_MSC":"Myślenice","odleglosc_m":13.8,"strefa":"0-20 m","warstwa":"adresy"},"geometry":{"type":"Point","coordinates":[19.935809,49.81995]}},{"type":"Feature","properties":{"NUMER_PORZ":"30","KOD_POCZT":"32-400","NAZWA_ULC":"Jagiellońska","NAZWA_GMI":"Myślenice","NAZWA_MSC":"Myślenice","odleglosc_m":96.9,"strefa":"50-200 m","warstwa":"adresy"},"geometry":{"type":"Point","coordinates":[19.949858,49.830699]}},{"type":"Feature","properties":{"NUMER_PORZ":"7","KOD_POCZT":"32-400","NAZWA_ULC":"Kazimierza Przerwy-Tetmajera","NAZWA_GMI":"Myślenice","NAZWA_MSC":"Myślenice","odleglosc_m":137.9,"strefa":"50-200 m","warstwa":"adresy"},"geometry":{"type":"Point","coordinates":[19.947057,49.841396]}},{"type":"Feature","properties":{"NUMER_PORZ":"27a","KOD_POCZT":"32-400","NAZWA_ULC":"Jagiellońska","NAZWA_GMI":"Myślenice","NAZWA_MSC":"Myślenice","odleglosc_m":168.1,"strefa":"50-200 m","warstwa":"adresy"},"geometry":{"type":"Point","coordinates":[19.948759,49.830966]}},{"type":"Feature","properties":{"NUMER_PORZ":"8","KOD_POCZT":"32-400","NAZWA_ULC":"Stefana Batorego","NAZWA_GMI":"Myślenice","NAZWA_MSC":"Myślenice","odleglosc_m":175.4,"strefa":"50-200 m","warstwa":"adresy"},"geometry":{"type":"Point","coordinates":[19.948002,49.832175]}},{"type":"Feature","properties":{"NUMER_PORZ":"26","KOD_POCZT":"32-400","NAZWA_ULC":"Ignacego Daszyńskiego","NAZWA_GMI":"Myślenice","NAZWA_MSC":"Myślenice","odleglosc_m":1.7,"strefa":"0-20 m","warstwa":"adresy"},"geometry":{"type":"Point","coordinates":[19.940412,49.823129]}},{"type":"Feature","properties":{"NUMER_PORZ":"21","KOD_POCZT":"32-400","NAZWA_ULC":"Armii Krajowej","NAZWA_GMI":"Myślenice","NAZWA_MSC":"Myślenice","odleglosc_m":109.5,"strefa":"50-200 m","warstwa":"adresy"},"geometry":{"type":"Point","coordinates":[19.947898,49.834535]}},{"type":"Feature","properties":{"NUMER_PORZ":"58","KOD_POCZT":"32-400","NAZWA_ULC":"Ignacego Daszyńskiego","NAZWA_GMI":"Myślenice","NAZWA_MSC":"Myślenice","odleglosc_m":15.5,"strefa":"0-20 m","warstwa":"adresy"},"geometry":{"type":"Point","coordinates":[19.921775,49.810321]}},{"type":"Feature","properties":{"NUMER_PORZ":"1b","KOD_POCZT":"32-400","NAZWA_ULC":"Tarnówka","NAZWA_GMI":"Myślenice","NAZWA_MSC":"Myślenice","odleglosc_m":135.1,"strefa":"50-200 m","warstwa":"adresy"},"geometry":{"type":"Point","coordinates":[19.924518,49.844952]}},{"type":"Feature","properties":{"NUMER_PORZ":"13A","KOD_POCZT":"32-400","NAZWA_ULC":"Stefana Batorego","NAZWA_GMI":"Myślenice","NAZWA_MSC":"Myślenice","odleglosc_m":150.0,"strefa":"50-200 m","warstwa":"adresy"},"geometry":{"type":"Point","coordinates":[19.948117,49.8327]}},{"type":"Feature","properties":{"NUMER_PORZ":"43d","KOD_POCZT":"32-400","NAZWA_ULC":"Ignacego Daszyńskiego","NAZWA_GMI":"Myślenice","NAZWA_MSC":"Myślenice","odleglosc_m":143.2,"strefa":"50-200 m","warstwa":"adresy"},"geometry":{"type":"Point","coordinates":[19.93493,49.820977]}},{"type":"Feature","properties":{"NUMER_PORZ":"15","KOD_POCZT":"32-400","NAZWA_ULC":"Szpitalna","NAZWA_GMI":"Myślenice","NAZWA_MSC":"Myślenice","odleglosc_m":167.6,"strefa":"50-200 m","warstwa":"adresy"},"geometry":{"type":"Point","coordinates":[19.948907,49.83007]}},{"type":"Feature","properties":{"NUMER_PORZ":"32j","KOD_POCZT":"32-400","NAZWA_ULC":"Jana Sobieskiego","NAZWA_GMI":"Myślenice","NAZWA_MSC":"Myślenice","odleglosc_m":188.3,"strefa":"50-200 m","warstwa":"adresy"},"geometry":{"type":"Point","coordinates":[19.935143,49.840468]}},{"type":"Feature","properties":{"NUMER_PORZ":"1","KOD_POCZT":"32-400","NAZWA_ULC":"Władysława Orkana","NAZWA_GMI":"Myślenice","NAZWA_MSC":"Myślenice","odleglosc_m":141.1,"strefa":"50-200 m","warstwa":"adresy"},"geometry":{"type":"Point","coordinates":[19.943413,49.827312]}},{"type":"Feature","properties":{"NUMER_PORZ":"30b","KOD_POCZT":"32-400","NAZWA_ULC":"Jana Sobieskiego","NAZWA_GMI":"Myślenice","NAZWA_MSC":"Myślenice","odleglosc_m":102.6,"strefa":"50-200 m","warstwa":"adresy"},"geometry":{"type":"Point","coordinates":[19.935152,49.841245]}},{"type":"Feature","properties":{"NUMER_PORZ":"47","KOD_POCZT":"32-400","NAZWA_ULC":"Kazimierza Wielkiego","NAZWA_GMI":"Myślenice","NAZWA_MSC":"Myślenice","odleglosc_m":25.7,"strefa":"20-30 m","warstwa":"adresy"},"geometry":{"type":"Point","coordinates":[19.947514,49.837863]}},{"type":"Feature","properties":{"NUMER_PORZ":"20A","KOD_POCZT":"32-400","NAZWA_ULC":"Ignacego Kraszewskiego","NAZWA_GMI":"Myślenice","NAZWA_MSC":"Myślenice","odleglosc_m":64.7,"strefa":"50-200 m","warstwa":"adresy"},"geometry":{"type":"Point","coordinates":[19.946124,49.838599]}},{"type":"Feature","properties":{"NUMER_PORZ":"27C","KOD_POCZT":"32-400","NAZWA_ULC":"Jagiellońska","NAZWA_GMI":"Myślenice","NAZWA_MSC":"Myślenice","odleglosc_m":192.4,"strefa":"50-200 m","warstwa":"adresy"},"geometry":{"type":"Point","coordinates":[19.948393,49.831003]}},{"type":"Feature","properties":{"NUMER_PORZ":"55d","KOD_POCZT":"32-400","NAZWA_ULC":"Kazimierza Wielkiego","NAZWA_GMI":"Myślenice","NAZWA_MSC":"Myślenice","odleglosc_m":99.3,"strefa":"50-200 m","warstwa":"adresy"},"geometry":{"type":"Point","coordinates":[19.949014,49.838953]}},{"type":"Feature","properties":{"NUMER_PORZ":"5i","KOD_POCZT":"32-400","NAZWA_ULC":"Tarnówka","NAZWA_GMI":"Myślenice","NAZWA_MSC":"Myślenice","odleglosc_m":61.7,"strefa":"50-200 m","warstwa":"adresy"},"geometry":{"type":"Point","coordinates":[19.923536,49.848492]}},{"type":"Feature","properties":{"NUMER_PORZ":"39a","KOD_POCZT":"32-400","NAZWA_ULC":"Adama Mickiewicza","NAZWA_GMI":"Myślenice","NAZWA_MSC":"Myślenice","odleglosc_m":88.9,"strefa":"50-200 m","warstwa":"adresy"},"geometry":{"type":"Point","coordinates":[19.947464,49.828085]}},{"type":"Feature","properties":{"NUMER_PORZ":"30F","KOD_POCZT":"32-400","NAZWA_ULC":"Jana Sobieskiego","NAZWA_GMI":"Myślenice","NAZWA_MSC":"Myślenice","odleglosc_m":143.4,"strefa":"50-200 m","warstwa":"adresy"},"geometry":{"type":"Point","coordinates":[19.935595,49.84083]}},{"type":"Feature","properties":{"NUMER_PORZ":"35a","KOD_POCZT":"32-400","NAZWA_ULC":"Kazimierza Wielkiego","NAZWA_GMI":"Myślenice","NAZWA_MSC":"Myślenice","odleglosc_m":84.2,"strefa":"50-200 m","warstwa":"adresy"},"geometry":{"type":"Point","coordinates":[19.946837,49.837545]}},{"type":"Feature","properties":{"NUMER_PORZ":"1","KOD_POCZT":"32-400","NAZWA_ULC":"Galla Anonima","NAZWA_GMI":"Myślenice","NAZWA_MSC":"Myślenice","odleglosc_m":49.2,"strefa":"30-50 m","warstwa":"adresy"},"geometry":{"type":"Point","coordinates":[19.943289,49.82632]}},{"type":"Feature","properties":{"NUMER_PORZ":"27","KOD_POCZT":"32-400","NAZWA_ULC":"Senatorska","NAZWA_GMI":"Myślenice","NAZWA_MSC":"Myślenice","odleglosc_m":92.8,"strefa":"50-200 m","warstwa":"adresy"},"geometry":{"type":"Point","coordinates":[19.94953,49.831701]}},{"type":"Feature","properties":{"NUMER_PORZ":"8a","KOD_POCZT":"32-400","NAZWA_ULC":"Władysława Reymonta","NAZWA_GMI":"Myślenice","NAZWA_MSC":"Myślenice","odleglosc_m":57.8,"strefa":"50-200 m","warstwa":"adresy"},"geometry":{"type":"Point","coordinates":[19.949329,49.828577]}},{"type":"Feature","properties":{"NUMER_PORZ":"6","KOD_POCZT":"32-400","NAZWA_ULC":"Szpitalna","NAZWA_GMI":"Myślenice","NAZWA_MSC":"Myślenice","odleglosc_m":157.8,"strefa":"50-200 m","warstwa":"adresy"},"geometry":{"type":"Point","coordinates":[19.948954,49.829796]}},{"type":"Feature","properties":{"NUMER_PORZ":"8","KOD_POCZT":"32-400","NAZWA_ULC":"Władysława Reymonta","NAZWA_GMI":"Myślenice","NAZWA_MSC":"Myślenice","odleglosc_m":78.0,"strefa":"50-200 m","warstwa":"adresy"},"geometry":{"type":"Point","coordinates":[19.949079,49.82867]}},{"type":"Feature","properties":{"NUMER_PORZ":"4a","KOD_POCZT":"32-400","NAZWA_ULC":"Słoneczna","NAZWA_GMI":"Myślenice","NAZWA_MSC":"Myślenice","odleglosc_m":62.0,"strefa":"50-200 m","warstwa":"adresy"},"geometry":{"type":"Point","coordinates":[19.949247,49.833315]}},{"type":"Feature","properties":{"NUMER_PORZ":"8","KOD_POCZT":"32-400","NAZWA_ULC":"Galla Anonima","NAZWA_GMI":"Myślenice","NAZWA_MSC":"Myślenice","odleglosc_m":39.2,"strefa":"30-50 m","warstwa":"adresy"},"geometry":{"type":"Point","coordinates":[19.94257,49.825817]}},{"type":"Feature","properties":{"NUMER_PORZ":"39","KOD_POCZT":"32-400","NAZWA_ULC":"Kazimierza Wielkiego","NAZWA_GMI":"Myślenice","NAZWA_MSC":"Myślenice","odleglosc_m":47.9,"strefa":"30-50 m","warstwa":"adresy"},"geometry":{"type":"Point","coordinates":[19.947244,49.837754]}},{"type":"Feature","properties":{"NUMER_PORZ":"6b","KOD_POCZT":"32-400","NAZWA_ULC":"Tarnówka","NAZWA_GMI":"Myślenice","NAZWA_MSC":"Myślenice","odleglosc_m":17.6,"strefa":"0-20 m","warstwa":"adresy"},"geometry":{"type":"Point","coordinates":[19.92413,49.849461]}},{"type":"Feature","properties":{"NUMER_PORZ":"37B","KOD_POCZT":"32-400","NAZWA_ULC":"Marszałka Józefa Piłsudskiego","NAZWA_GMI":"Myślenice","NAZWA_MSC":"Myślenice","odleglosc_m":19.9,"strefa":"0-20 m","warstwa":"adresy"},"geometry":{"type":"Point","coordinates":[19.944573,49.82646]}},{"type":"Feature","properties":{"NUMER_PORZ":"2d","KOD_POCZT":"32-400","NAZWA_ULC":"Słoneczna","NAZWA_GMI":"Myślenice","NAZWA_MSC":"Myślenice","odleglosc_m":63.3,"strefa":"50-200 m","warstwa":"adresy"},"geometry":{"type":"Point","coordinates":[19.948406,49.835069]}},{"type":"Feature","properties":{"NUMER_PORZ":"54a","KOD_POCZT":"32-400","NAZWA_ULC":"Juliusza Słowackiego","NAZWA_GMI":"Myślenice","NAZWA_MSC":"Myślenice","odleglosc_m":165.7,"strefa":"50-200 m","warstwa":"adresy"},"geometry":{"type":"Point","coordinates":[19.947853,49.833001]}},{"type":"Feature","properties":{"NUMER_PORZ":"16","KOD_POCZT":"32-400","NAZWA_ULC":"Ignacego Kraszewskiego","NAZWA_GMI":"Myślenice","NAZWA_MSC":"Myślenice","odleglosc_m":123.5,"strefa":"50-200 m","warstwa":"adresy"},"geometry":{"type":"Point","coordinates":[19.945459,49.83829]}},{"type":"Feature","properties":{"NUMER_PORZ":"5","KOD_POCZT":"32-400","NAZWA_ULC":"Słoneczna","NAZWA_GMI":"Myślenice","NAZWA_MSC":"Myślenice","odleglosc_m":133.4,"strefa":"50-200 m","warstwa":"adresy"},"geometry":{"type":"Point","coordinates":[19.947243,49.835616]}},{"type":"Feature","properties":{"NUMER_PORZ":"12","KOD_POCZT":"32-400","NAZWA_ULC":"Adama Asnyka","NAZWA_GMI":"Myślenice","NAZWA_MSC":"Myślenice","odleglosc_m":53.9,"strefa":"50-200 m","warstwa":"adresy"},"geometry":{"type":"Point","coordinates":[19.946493,49.840637]}},{"type":"Feature","properties":{"NUMER_PORZ":"12","KOD_POCZT":"32-400","NAZWA_ULC":"Elizy Orzeszkowej","NAZWA_GMI":"Myślenice","NAZWA_MSC":"Myślenice","odleglosc_m":197.7,"strefa":"50-200 m","warstwa":"adresy"},"geometry":{"type":"Point","coordinates":[19.948454,49.841082]}},{"type":"Feature","properties":{"NUMER_PORZ":"28a","KOD_POCZT":"32-400","NAZWA_ULC":"Jana Sobieskiego","NAZWA_GMI":"Myślenice","NAZWA_MSC":"Myślenice","odleglosc_m":184.1,"strefa":"50-200 m","warstwa":"adresy"},"geometry":{"type":"Point","coordinates":[19.935779,49.840442]}},{"type":"Feature","properties":{"NUMER_PORZ":"8","KOD_POCZT":"32-400","NAZWA_ULC":"Tarnówka","NAZWA_GMI":"Myślenice","NAZWA_MSC":"Myślenice","odleglosc_m":25.3,"strefa":"20-30 m","warstwa":"adresy"},"geometry":{"type":"Point","coordinates":[19.923582,49.849853]}},{"type":"Feature","properties":{"NUMER_PORZ":"32","KOD_POCZT":"32-400","NAZWA_ULC":"Rzemieślnicza","NAZWA_GMI":"Myślenice","NAZWA_MSC":"Myślenice","odleglosc_m":150.6,"strefa":"50-200 m","warstwa":"adresy"},"geometry":{"type":"Point","coordinates":[19.947006,49.835594]}},{"type":"Feature","properties":{"NUMER_PORZ":"1","KOD_POCZT":"32-400","NAZWA_ULC":"Słoneczna","NAZWA_GMI":"Myślenice","NAZWA_MSC":"Myślenice","odleglosc_m":124.7,"strefa":"50-200 m","warstwa":"adresy"},"geometry":{"type":"Point","coordinates":[19.947045,49.836458]}},{"type":"Feature","properties":{"NUMER_PORZ":"43a","KOD_POCZT":"32-400","NAZWA_ULC":"Adama Mickiewicza","NAZWA_GMI":"Myślenice","NAZWA_MSC":"Myślenice","odleglosc_m":16.4,"strefa":"0-20 m","warstwa":"adresy"},"geometry":{"type":"Point","coordinates":[19.949466,49.828152]}},{"type":"Feature","properties":{"NUMER_PORZ":"37","KOD_POCZT":"32-400","NAZWA_ULC":"Jagiellońska","NAZWA_GMI":"Myślenice","NAZWA_MSC":"Myślenice","odleglosc_m":30.4,"strefa":"30-50 m","warstwa":"adresy"},"geometry":{"type":"Point","coordinates":[19.950695,49.83104]}},{"type":"Feature","properties":{"NUMER_PORZ":"23","KOD_POCZT":"32-400","NAZWA_ULC":"Marszałka Józefa Piłsudskiego","NAZWA_GMI":"Myślenice","NAZWA_MSC":"Myślenice","odleglosc_m":167.9,"strefa":"50-200 m","warstwa":"adresy"},"geometry":{"type":"Point","coordinates":[19.943823,49.827702]}},{"type":"Feature","properties":{"NUMER_PORZ":"12","KOD_POCZT":"32-400","NAZWA_ULC":"Słoneczna","NAZWA_GMI":"Myślenice","NAZWA_MSC":"Myślenice","odleglosc_m":44.0,"strefa":"30-50 m","warstwa":"adresy"},"geometry":{"type":"Point","coordinates":[19.950157,49.831869]}},{"type":"Feature","properties":{"NUMER_PORZ":"15a","KOD_POCZT":"32-400","NAZWA_ULC":"Jana Sobieskiego","NAZWA_GMI":"Myślenice","NAZWA_MSC":"Myślenice","odleglosc_m":187.9,"strefa":"50-200 m","warstwa":"adresy"},"geometry":{"type":"Point","coordinates":[19.930016,49.840978]}},{"type":"Feature","properties":{"NUMER_PORZ":"62","KOD_POCZT":"32-400","NAZWA_ULC":"Kazimierza Wielkiego","NAZWA_GMI":"Myślenice","NAZWA_MSC":"Myślenice","odleglosc_m":108.8,"strefa":"50-200 m","warstwa":"adresy"},"geometry":{"type":"Point","coordinates":[19.949689,49.838484]}},{"type":"Feature","properties":{"NUMER_PORZ":"91a","KOD_POCZT":"32-400","NAZWA_ULC":"Rajmunda Bergela","NAZWA_GMI":"Myślenice","NAZWA_MSC":"Myślenice","odleglosc_m":180.1,"strefa":"50-200 m","warstwa":"adresy"},"geometry":{"type":"Point","coordinates":[19.938294,49.824029]}},{"type":"Feature","properties":{"NUMER_PORZ":"38D","KOD_POCZT":"32-400","NAZWA_ULC":"Jana Sobieskiego","NAZWA_GMI":"Myślenice","NAZWA_MSC":"Myślenice","odleglosc_m":98.8,"strefa":"50-200 m","warstwa":"adresy"},"geometry":{"type":"Point","coordinates":[19.932158,49.841561]}},{"type":"Feature","properties":{"NUMER_PORZ":"21","KOD_POCZT":"32-400","NAZWA_ULC":"Słoneczna","NAZWA_GMI":"Myślenice","NAZWA_MSC":"Myślenice","odleglosc_m":76.2,"strefa":"50-200 m","warstwa":"adresy"},"geometry":{"type":"Point","coordinates":[19.949642,49.831932]}},{"type":"Feature","properties":{"NUMER_PORZ":"2","KOD_POCZT":"32-400","NAZWA_ULC":"Przemysłowa","NAZWA_GMI":"Myślenice","NAZWA_MSC":"Myślenice","odleglosc_m":76.8,"strefa":"50-200 m","warstwa":"adresy"},"geometry":{"type":"Point","coordinates":[19.951945,49.832667]}},{"type":"Feature","properties":{"NUMER_PORZ":"37","KOD_POCZT":"32-400","NAZWA_ULC":"Ignacego Daszyńskiego","NAZWA_GMI":"Myślenice","NAZWA_MSC":"Myślenice","odleglosc_m":25.1,"strefa":"20-30 m","warstwa":"adresy"},"geometry":{"type":"Point","coordinates":[19.936439,49.820394]}},{"type":"Feature","properties":{"NUMER_PORZ":"4a","KOD_POCZT":"32-400","NAZWA_ULC":"Tarnówka","NAZWA_GMI":"Myślenice","NAZWA_MSC":"Myślenice","odleglosc_m":22.8,"strefa":"20-30 m","warstwa":"adresy"},"geometry":{"type":"Point","coordinates":[19.92511,49.848819]}},{"type":"Feature","properties":{"NUMER_PORZ":"20B","KOD_POCZT":"32-400","NAZWA_ULC":"Ignacego Kraszewskiego","NAZWA_GMI":"Myślenice","NAZWA_MSC":"Myślenice","odleglosc_m":70.9,"strefa":"50-200 m","warstwa":"adresy"},"geometry":{"type":"Point","coordinates":[19.946229,49.838399]}},{"type":"Feature","properties":{"NUMER_PORZ":"33","KOD_POCZT":"32-400","NAZWA_ULC":"Kazimierza Wielkiego","NAZWA_GMI":"Myślenice","NAZWA_MSC":"Myślenice","odleglosc_m":113.5,"strefa":"50-200 m","warstwa":"adresy"},"geometry":{"type":"Point","coordinates":[19.946359,49.837593]}},{"type":"Feature","properties":{"NUMER_PORZ":"29","KOD_POCZT":"32-400","NAZWA_ULC":"Ignacego Kraszewskiego","NAZWA_GMI":"Myślenice","NAZWA_MSC":"Myślenice","odleglosc_m":35.5,"strefa":"30-50 m","warstwa":"adresy"},"geometry":{"type":"Point","coordinates":[19.946046,49.839188]}},{"type":"Feature","properties":{"NUMER_PORZ":"27E","KOD_POCZT":"32-400","NAZWA_ULC":"Henryka Sienkiewicza","NAZWA_GMI":"Myślenice","NAZWA_MSC":"Myślenice","odleglosc_m":127.2,"strefa":"50-200 m","warstwa":"adresy"},"geometry":{"type":"Point","coordinates":[19.939882,49.840724]}},{"type":"Feature","properties":{"NUMER_PORZ":"34","KOD_POCZT":"32-400","NAZWA_ULC":"Rajmunda Bergela","NAZWA_GMI":"Myślenice","NAZWA_MSC":"Myślenice","odleglosc_m":162.6,"strefa":"50-200 m","warstwa":"adresy"},"geometry":{"type":"Point","coordinates":[19.938806,49.824683]}},{"type":"Feature","properties":{"NUMER_PORZ":"19","KOD_POCZT":"32-400","NAZWA_ULC":"Mostowa","NAZWA_GMI":"Myślenice","NAZWA_MSC":"Myślenice","odleglosc_m":83.2,"strefa":"50-200 m","warstwa":"adresy"},"geometry":{"type":"Point","coordinates":[19.942023,49.822812]}},{"type":"Feature","properties":{"NUMER_PORZ":"2","KOD_POCZT":"32-400","NAZWA_ULC":"Krótka","NAZWA_GMI":"Myślenice","NAZWA_MSC":"Myślenice","odleglosc_m":43.8,"strefa":"30-50 m","warstwa":"adresy"},"geometry":{"type":"Point","coordinates":[19.942895,49.824385]}},{"type":"Feature","properties":{"NUMER_PORZ":"7","KOD_POCZT":"32-400","NAZWA_ULC":"Mikołaja Kopernika","NAZWA_GMI":"Myślenice","NAZWA_MSC":"Myślenice","odleglosc_m":140.4,"strefa":"50-200 m","warstwa":"adresy"},"geometry":{"type":"Point","coordinates":[19.942219,49.826814]}},{"type":"Feature","properties":{"NUMER_PORZ":"7","KOD_POCZT":"32-400","NAZWA_ULC":"Galla Anonima","NAZWA_GMI":"Myślenice","NAZWA_MSC":"Myślenice","odleglosc_m":152.7,"strefa":"50-200 m","warstwa":"adresy"},"geometry":{"type":"Point","coordinates":[19.941466,49.826547]}},{"type":"Feature","properties":{"NUMER_PORZ":"74","KOD_POCZT":"32-400","NAZWA_ULC":"Juliusza Słowackiego","NAZWA_GMI":"Myślenice","NAZWA_MSC":"Myślenice","odleglosc_m":187.5,"strefa":"50-200 m","warstwa":"adresy"},"geometry":{"type":"Point","coordinates":[19.953064,49.833714]}},{"type":"Feature","properties":{"NUMER_PORZ":"23C","KOD_POCZT":"32-400","NAZWA_ULC":"Ignacego Kraszewskiego","NAZWA_GMI":"Myślenice","NAZWA_MSC":"Myślenice","odleglosc_m":68.9,"strefa":"50-200 m","warstwa":"adresy"},"geometry":{"type":"Point","coordinates":[19.945347,49.839321]}},{"type":"Feature","properties":{"NUMER_PORZ":"2","KOD_POCZT":"32-400","NAZWA_ULC":"Władysława Łokietka","NAZWA_GMI":"Myślenice","NAZWA_MSC":"Myślenice","odleglosc_m":133.0,"strefa":"50-200 m","warstwa":"adresy"},"geometry":{"type":"Point","coordinates":[19.949161,49.839362]}},{"type":"Feature","properties":{"NUMER_PORZ":"10B","KOD_POCZT":"32-400","NAZWA_ULC":"Kornela Ujejskiego","NAZWA_GMI":"Myślenice","NAZWA_MSC":"Myślenice","odleglosc_m":170.3,"strefa":"50-200 m","warstwa":"adresy"},"geometry":{"type":"Point","coordinates":[19.949171,49.839945]}},{"type":"Feature","properties":{"NUMER_PORZ":"55","KOD_POCZT":"32-400","NAZWA_ULC":"Ignacego Daszyńskiego","NAZWA_GMI":"Myślenice","NAZWA_MSC":"Myślenice","odleglosc_m":46.5,"strefa":"30-50 m","warstwa":"adresy"},"geometry":{"type":"Point","coordinates":[19.929891,49.818092]}},{"type":"Feature","properties":{"NUMER_PORZ":"14b","KOD_POCZT":"32-400","NAZWA_ULC":"Ignacego Kraszewskiego","NAZWA_GMI":"Myślenice","NAZWA_MSC":"Myślenice","odleglosc_m":189.7,"strefa":"50-200 m","warstwa":"adresy"},"geometry":{"type":"Point","coordinates":[19.944715,49.837938]}},{"type":"Feature","properties":{"NUMER_PORZ":"30","KOD_POCZT":"32-400","NAZWA_ULC":"Słoneczna","NAZWA_GMI":"Myślenice","NAZWA_MSC":"Myślenice","odleglosc_m":32.9,"strefa":"30-50 m","warstwa":"adresy"},"geometry":{"type":"Point","coordinates":[19.950748,49.829834]}},{"type":"Feature","properties":{"NUMER_PORZ":"8b","KOD_POCZT":"32-400","NAZWA_ULC":"Tarnówka","NAZWA_GMI":"Myślenice","NAZWA_MSC":"Myślenice","odleglosc_m":98.6,"strefa":"50-200 m","warstwa":"adresy"},"geometry":{"type":"Point","coordinates":[19.926248,49.848948]}},{"type":"Feature","properties":{"NUMER_PORZ":"4b","KOD_POCZT":"32-400","NAZWA_ULC":"Tarnówka","NAZWA_GMI":"Myślenice","NAZWA_MSC":"Myślenice","odleglosc_m":102.3,"strefa":"50-200 m","warstwa":"adresy"},"geometry":{"type":"Point","coordinates":[19.925923,49.849311]}},{"type":"Feature","properties":{"NUMER_PORZ":"23a","KOD_POCZT":"32-400","NAZWA_ULC":"Kazimierza Wielkiego","NAZWA_GMI":"Myślenice","NAZWA_MSC":"Myślenice","odleglosc_m":156.3,"strefa":"50-200 m","warstwa":"adresy"},"geometry":{"type":"Point","coordinates":[19.945526,49.837711]}},{"type":"Feature","properties":{"NUMER_PORZ":"24d","KOD_POCZT":"32-400","NAZWA_ULC":"Ignacego Daszyńskiego","NAZWA_GMI":"Myślenice","NAZWA_MSC":"Myślenice","odleglosc_m":119.1,"strefa":"50-200 m","warstwa":"adresy"},"geometry":{"type":"Point","coordinates":[19.940651,49.825475]}},{"type":"Feature","properties":{"NUMER_PORZ":"123A","KOD_POCZT":"32-400","NAZWA_ULC":"Rajmunda Bergela","NAZWA_GMI":"Myślenice","NAZWA_MSC":"Myślenice","odleglosc_m":192.9,"strefa":"50-200 m","warstwa":"adresy"},"geometry":{"type":"Point","coordinates":[19.935889,49.822123]}},{"type":"Feature","properties":{"NUMER_PORZ":"22","KOD_POCZT":"32-400","NAZWA_ULC":"Kazimierza Wielkiego","NAZWA_GMI":"Myślenice","NAZWA_MSC":"Myślenice","odleglosc_m":193.2,"strefa":"50-200 m","warstwa":"adresy"},"geometry":{"type":"Point","coordinates":[19.945757,49.836823]}},{"type":"Feature","properties":{"NUMER_PORZ":"21C","KOD_POCZT":"32-400","NAZWA_ULC":"Ignacego Kraszewskiego","NAZWA_GMI":"Myślenice","NAZWA_MSC":"Myślenice","odleglosc_m":74.6,"strefa":"50-200 m","warstwa":"adresy"},"geometry":{"type":"Point","coordinates":[19.94484,49.839683]}},{"type":"Feature","properties":{"NUMER_PORZ":"32","KOD_POCZT":"32-400","NAZWA_ULC":"Armii Krajowej","NAZWA_GMI":"Myślenice","NAZWA_MSC":"Myślenice","odleglosc_m":147.8,"strefa":"50-200 m","warstwa":"adresy"},"geometry":{"type":"Point","coordinates":[19.947466,49.834234]}},{"type":"Feature","properties":{"NUMER_PORZ":"27","KOD_POCZT":"32-400","NAZWA_ULC":"Mostowa","NAZWA_GMI":"Myślenice","NAZWA_MSC":"Myślenice","odleglosc_m":68.1,"strefa":"50-200 m","warstwa":"adresy"},"geometry":{"type":"Point","coordinates":[19.941735,49.822725]}},{"type":"Feature","properties":{"NUMER_PORZ":"11","KOD_POCZT":"32-400","NAZWA_ULC":"Władysława Reymonta","NAZWA_GMI":"Myślenice","NAZWA_MSC":"Myślenice","odleglosc_m":44.7,"strefa":"30-50 m","warstwa":"adresy"},"geometry":{"type":"Point","coordinates":[19.950391,49.82937]}},{"type":"Feature","properties":{"NUMER_PORZ":"2B","KOD_POCZT":"32-400","NAZWA_ULC":"Słoneczna","NAZWA_GMI":"Myślenice","NAZWA_MSC":"Myślenice","odleglosc_m":88.9,"strefa":"50-200 m","warstwa":"adresy"},"geometry":{"type":"Point","coordinates":[19.947194,49.837107]}},{"type":"Feature","properties":{"NUMER_PORZ":"24","KOD_POCZT":"32-400","NAZWA_ULC":"Senatorska","NAZWA_GMI":"Myślenice","NAZWA_MSC":"Myślenice","odleglosc_m":99.3,"strefa":"50-200 m","warstwa":"adresy"},"geometry":{"type":"Point","coordinates":[19.94954,49.831458]}},{"type":"Feature","properties":{"NUMER_PORZ":"7","KOD_POCZT":"32-400","NAZWA_ULC":"Władysława Reymonta","NAZWA_GMI":"Myślenice","NAZWA_MSC":"Myślenice","odleglosc_m":79.5,"strefa":"50-200 m","warstwa":"adresy"},"geometry":{"type":"Point","coordinates":[19.949822,49.829315]}},{"type":"Feature","properties":{"NUMER_PORZ":"68","KOD_POCZT":"32-400","NAZWA_ULC":"Juliusza Słowackiego","NAZWA_GMI":"Myślenice","NAZWA_MSC":"Myślenice","odleglosc_m":65.1,"strefa":"50-200 m","warstwa":"adresy"},"geometry":{"type":"Point","coordinates":[19.951195,49.833929]}},{"type":"Feature","properties":{"NUMER_PORZ":"39","KOD_POCZT":"32-400","NAZWA_ULC":"Henryka Sienkiewicza","NAZWA_GMI":"Myślenice","NAZWA_MSC":"Myślenice","odleglosc_m":189.5,"strefa":"50-200 m","warstwa":"adresy"},"geometry":{"type":"Point","coordinates":[19.941889,49.843764]}},{"type":"Feature","properties":{"NUMER_PORZ":"3","KOD_POCZT":"32-400","NAZWA_ULC":"Władysława Reymonta","NAZWA_GMI":"Myślenice","NAZWA_MSC":"Myślenice","odleglosc_m":117.7,"strefa":"50-200 m","warstwa":"adresy"},"geometry":{"type":"Point","coordinates":[19.949044,49.829181]}},{"type":"Feature","properties":{"NUMER_PORZ":"69","KOD_POCZT":"32-400","NAZWA_ULC":"Rajmunda Bergela","NAZWA_GMI":"Myślenice","NAZWA_MSC":"Myślenice","odleglosc_m":85.6,"strefa":"50-200 m","warstwa":"adresy"},"geometry":{"type":"Point","coordinates":[19.939586,49.823836]}},{"type":"Feature","properties":{"NUMER_PORZ":"5g","KOD_POCZT":"32-400","NAZWA_ULC":"Tarnówka","NAZWA_GMI":"Myślenice","NAZWA_MSC":"Myślenice","odleglosc_m":148.1,"strefa":"50-200 m","warstwa":"adresy"},"geometry":{"type":"Point","coordinates":[19.922006,49.848365]}},{"type":"Feature","properties":{"NUMER_PORZ":"5f","KOD_POCZT":"32-400","NAZWA_ULC":"Tarnówka","NAZWA_GMI":"Myślenice","NAZWA_MSC":"Myślenice","odleglosc_m":119.0,"strefa":"50-200 m","warstwa":"adresy"},"geometry":{"type":"Point","coordinates":[19.922086,49.848659]}},{"type":"Feature","properties":{"NUMER_PORZ":"44a","KOD_POCZT":"32-400","NAZWA_ULC":"Marszałka Józefa Piłsudskiego","NAZWA_GMI":"Myślenice","NAZWA_MSC":"Myślenice","odleglosc_m":111.7,"strefa":"50-200 m","warstwa":"adresy"},"geometry":{"type":"Point","coordinates":[19.943838,49.824184]}},{"type":"Feature","properties":{"NUMER_PORZ":"49b","KOD_POCZT":"32-400","NAZWA_ULC":"Ignacego Daszyńskiego","NAZWA_GMI":"Myślenice","NAZWA_MSC":"Myślenice","odleglosc_m":50.4,"strefa":"50-200 m","warstwa":"adresy"},"geometry":{"type":"Point","coordinates":[19.933176,49.819257]}},{"type":"Feature","properties":{"NUMER_PORZ":"15","KOD_POCZT":"32-400","NAZWA_ULC":"Słoneczna","NAZWA_GMI":"Myślenice","NAZWA_MSC":"Myślenice","odleglosc_m":90.8,"strefa":"50-200 m","warstwa":"adresy"},"geometry":{"type":"Point","coordinates":[19.948137,49.834622]}},{"type":"Feature","properties":{"NUMER_PORZ":"6","KOD_POCZT":"32-400","NAZWA_ULC":"Elizy Orzeszkowej","NAZWA_GMI":"Myślenice","NAZWA_MSC":"Myślenice","odleglosc_m":183.7,"strefa":"50-200 m","warstwa":"adresy"},"geometry":{"type":"Point","coordinates":[19.948723,49.840587]}},{"type":"Feature","properties":{"NUMER_PORZ":"30","KOD_POCZT":"32-400","NAZWA_ULC":"Kazimierza Wielkiego","NAZWA_GMI":"Myślenice","NAZWA_MSC":"Myślenice","odleglosc_m":162.1,"strefa":"50-200 m","warstwa":"adresy"},"geometry":{"type":"Point","coordinates":[19.946516,49.836427]}},{"type":"Feature","properties":{"NUMER_PORZ":"30a","KOD_POCZT":"32-400","NAZWA_ULC":"Romualda Traugutta","NAZWA_GMI":"Myślenice","NAZWA_MSC":"Myślenice","odleglosc_m":178.8,"strefa":"50-200 m","warstwa":"adresy"},"geometry":{"type":"Point","coordinates":[19.938008,49.840344]}},{"type":"Feature","properties":{"NUMER_PORZ":"30a","KOD_POCZT":"32-400","NAZWA_ULC":"Ignacego Daszyńskiego","NAZWA_GMI":"Myślenice","NAZWA_MSC":"Myślenice","odleglosc_m":19.3,"strefa":"0-20 m","warstwa":"adresy"},"geometry":{"type":"Point","coordinates":[19.939475,49.822482]}},{"type":"Feature","properties":{"NUMER_PORZ":"42d","KOD_POCZT":"32-400","NAZWA_ULC":"Ignacego Daszyńskiego","NAZWA_GMI":"Myślenice","NAZWA_MSC":"Myślenice","odleglosc_m":157.6,"strefa":"50-200 m","warstwa":"adresy"},"geometry":{"type":"Point","coordinates":[19.934023,49.82072]}},{"type":"Feature","properties":{"NUMER_PORZ":"1","KOD_POCZT":"32-400","NAZWA_ULC":"Mikołaja Kopernika","NAZWA_GMI":"Myślenice","NAZWA_MSC":"Myślenice","odleglosc_m":76.9,"strefa":"50-200 m","warstwa":"adresy"},"geometry":{"type":"Point","coordinates":[19.943405,49.826657]}},{"type":"Feature","properties":{"NUMER_PORZ":"10","KOD_POCZT":"32-400","NAZWA_ULC":"Generała Leopolda Okulickiego","NAZWA_GMI":"Myślenice","NAZWA_MSC":"Myślenice","odleglosc_m":134.1,"strefa":"50-200 m","warstwa":"adresy"},"geometry":{"type":"Point","coordinates":[19.947446,49.834905]}},{"type":"Feature","properties":{"NUMER_PORZ":"83A","KOD_POCZT":"32-400","NAZWA_ULC":"Rajmunda Bergela","NAZWA_GMI":"Myślenice","NAZWA_MSC":"Myślenice","odleglosc_m":142.0,"strefa":"50-200 m","warstwa":"adresy"},"geometry":{"type":"Point","coordinates":[19.938727,49.823797]}},{"type":"Feature","properties":{"NUMER_PORZ":"2F","KOD_POCZT":"32-400","NAZWA_ULC":"Słoneczna","NAZWA_GMI":"Myślenice","NAZWA_MSC":"Myślenice","odleglosc_m":94.0,"strefa":"50-200 m","warstwa":"adresy"},"geometry":{"type":"Point","coordinates":[19.947228,49.836948]}},{"type":"Feature","properties":{"NUMER_PORZ":"10","KOD_POCZT":"32-400","NAZWA_ULC":"Stefana Batorego","NAZWA_GMI":"Myślenice","NAZWA_MSC":"Myślenice","odleglosc_m":158.5,"strefa":"50-200 m","warstwa":"adresy"},"geometry":{"type":"Point","coordinates":[19.948245,49.832189]}},{"type":"Feature","properties":{"NUMER_PORZ":"3K","KOD_POCZT":"32-400","NAZWA_ULC":"Tarnówka","NAZWA_GMI":"Myślenice","NAZWA_MSC":"Myślenice","odleglosc_m":58.6,"strefa":"50-200 m","warstwa":"adresy"},"geometry":{"type":"Point","coordinates":[19.924385,49.847721]}},{"type":"Feature","properties":{"NUMER_PORZ":"24F","KOD_POCZT":"32-400","NAZWA_ULC":"Ignacego Daszyńskiego","NAZWA_GMI":"Myślenice","NAZWA_MSC":"Myślenice","odleglosc_m":59.2,"strefa":"50-200 m","warstwa":"adresy"},"geometry":{"type":"Point","coordinates":[19.9413,49.825134]}},{"type":"Feature","properties":{"NUMER_PORZ":"24","KOD_POCZT":"32-400","NAZWA_ULC":"Słoneczna","NAZWA_GMI":"Myślenice","NAZWA_MSC":"Myślenice","odleglosc_m":45.1,"strefa":"30-50 m","warstwa":"adresy"},"geometry":{"type":"Point","coordinates":[19.950566,49.830786]}},{"type":"Feature","properties":{"NUMER_PORZ":"31","KOD_POCZT":"32-400","NAZWA_ULC":"Ignacego Kraszewskiego","NAZWA_GMI":"Myślenice","NAZWA_MSC":"Myślenice","odleglosc_m":8.7,"strefa":"0-20 m","warstwa":"adresy"},"geometry":{"type":"Point","coordinates":[19.946387,49.839291]}},{"type":"Feature","properties":{"NUMER_PORZ":"14D","KOD_POCZT":"32-400","NAZWA_ULC":"Ignacego Kraszewskiego","NAZWA_GMI":"Myślenice","NAZWA_MSC":"Myślenice","odleglosc_m":154.2,"strefa":"50-200 m","warstwa":"adresy"},"geometry":{"type":"Point","coordinates":[19.944975,49.838261]}},{"type":"Feature","properties":{"NUMER_PORZ":"10","KOD_POCZT":"32-400","NAZWA_ULC":"Słoneczna","NAZWA_GMI":"Myślenice","NAZWA_MSC":"Myślenice","odleglosc_m":41.0,"strefa":"30-50 m","warstwa":"adresy"},"geometry":{"type":"Point","coordinates":[19.950009,49.832199]}},{"type":"Feature","properties":{"NUMER_PORZ":"6","KOD_POCZT":"32-400","NAZWA_ULC":"Słoneczna","NAZWA_GMI":"Myślenice","NAZWA_MSC":"Myślenice","odleglosc_m":38.5,"strefa":"30-50 m","warstwa":"adresy"},"geometry":{"type":"Point","coordinates":[19.949831,49.832527]}},{"type":"Feature","properties":{"NUMER_PORZ":"5","KOD_POCZT":"32-400","NAZWA_ULC":"Władysława Orkana","NAZWA_GMI":"Myślenice","NAZWA_MSC":"Myślenice","odleglosc_m":179.5,"strefa":"50-200 m","warstwa":"adresy"},"geometry":{"type":"Point","coordinates":[19.942722,49.827468]}},{"type":"Feature","properties":{"NUMER_PORZ":"27a","KOD_POCZT":"32-400","NAZWA_ULC":"Mostowa","NAZWA_GMI":"Myślenice","NAZWA_MSC":"Myślenice","odleglosc_m":58.7,"strefa":"50-200 m","warstwa":"adresy"},"geometry":{"type":"Point","coordinates":[19.941722,49.822929]}},{"type":"Feature","properties":{"NUMER_PORZ":"4","KOD_POCZT":"32-400","NAZWA_ULC":"Krótka","NAZWA_GMI":"Myślenice","NAZWA_MSC":"Myślenice","odleglosc_m":60.8,"strefa":"50-200 m","warstwa":"adresy"},"geometry":{"type":"Point","coordinates":[19.942951,49.824162]}},{"type":"Feature","properties":{"NUMER_PORZ":"75b","KOD_POCZT":"32-400","NAZWA_ULC":"Rajmunda Bergela","NAZWA_GMI":"Myślenice","NAZWA_MSC":"Myślenice","odleglosc_m":46.1,"strefa":"30-50 m","warstwa":"adresy"},"geometry":{"type":"Point","coordinates":[19.940183,49.82379]}},{"type":"Feature","properties":{"NUMER_PORZ":"31","KOD_POCZT":"32-400","NAZWA_ULC":"Mostowa","NAZWA_GMI":"Myślenice","NAZWA_MSC":"Myślenice","odleglosc_m":57.5,"strefa":"50-200 m","warstwa":"adresy"},"geometry":{"type":"Point","coordinates":[19.941435,49.822612]}},{"type":"Feature","properties":{"NUMER_PORZ":"4f","KOD_POCZT":"32-400","NAZWA_ULC":"Tarnówka","NAZWA_GMI":"Myślenice","NAZWA_MSC":"Myślenice","odleglosc_m":49.8,"strefa":"30-50 m","warstwa":"adresy"},"geometry":{"type":"Point","coordinates":[19.925656,49.848733]}},{"type":"Feature","properties":{"NUMER_PORZ":"42c","KOD_POCZT":"32-400","NAZWA_ULC":"Ignacego Daszyńskiego","NAZWA_GMI":"Myślenice","NAZWA_MSC":"Myślenice","odleglosc_m":166.5,"strefa":"50-200 m","warstwa":"adresy"},"geometry":{"type":"Point","coordinates":[19.932628,49.820272]}},{"type":"Feature","properties":{"NUMER_PORZ":"39a","KOD_POCZT":"32-400","NAZWA_ULC":"Marszałka Józefa Piłsudskiego","NAZWA_GMI":"Myślenice","NAZWA_MSC":"Myślenice","odleglosc_m":0.0,"strefa":"w śladzie","warstwa":"adresy"},"geometry":{"type":"Point","coordinates":[19.945809,49.826448]}},{"type":"Feature","properties":{"NUMER_PORZ":"21h","KOD_POCZT":"32-400","NAZWA_ULC":"Henryka Sienkiewicza","NAZWA_GMI":"Myślenice","NAZWA_MSC":"Myślenice","odleglosc_m":173.5,"strefa":"50-200 m","warstwa":"adresy"},"geometry":{"type":"Point","coordinates":[19.940668,49.840246]}},{"type":"Feature","properties":{"NUMER_PORZ":"41","KOD_POCZT":"32-400","NAZWA_ULC":"Kazimierza Wielkiego","NAZWA_GMI":"Myślenice","NAZWA_MSC":"Myślenice","odleglosc_m":30.0,"strefa":"20-30 m","warstwa":"adresy"},"geometry":{"type":"Point","coordinates":[19.946871,49.838445]}},{"type":"Feature","properties":{"NUMER_PORZ":"25A","KOD_POCZT":"32-400","NAZWA_ULC":"Józefa Fijałkowskiego","NAZWA_GMI":"Myślenice","NAZWA_MSC":"Myślenice","odleglosc_m":153.5,"strefa":"50-200 m","warstwa":"adresy"},"geometry":{"type":"Point","coordinates":[19.936822,49.840638]}},{"type":"Feature","properties":{"NUMER_PORZ":"11","KOD_POCZT":"32-400","NAZWA_ULC":"Kornela Ujejskiego","NAZWA_GMI":"Myślenice","NAZWA_MSC":"Myślenice","odleglosc_m":189.0,"strefa":"50-200 m","warstwa":"adresy"},"geometry":{"type":"Point","coordinates":[19.949051,49.840355]}},{"type":"Feature","properties":{"NUMER_PORZ":"55c","KOD_POCZT":"32-400","NAZWA_ULC":"Kazimierza Wielkiego","NAZWA_GMI":"Myślenice","NAZWA_MSC":"Myślenice","odleglosc_m":81.8,"strefa":"50-200 m","warstwa":"adresy"},"geometry":{"type":"Point","coordinates":[19.94859,49.839084]}},{"type":"Feature","properties":{"NUMER_PORZ":"19f","KOD_POCZT":"32-400","NAZWA_ULC":"Ignacego Kraszewskiego","NAZWA_GMI":"Myślenice","NAZWA_MSC":"Myślenice","odleglosc_m":158.8,"strefa":"50-200 m","warstwa":"adresy"},"geometry":{"type":"Point","coordinates":[19.944503,49.838684]}},{"type":"Feature","properties":{"NUMER_PORZ":"36","KOD_POCZT":"32-400","NAZWA_ULC":"Ignacego Daszyńskiego","NAZWA_GMI":"Myślenice","NAZWA_MSC":"Myślenice","odleglosc_m":23.0,"strefa":"20-30 m","warstwa":"adresy"},"geometry":{"type":"Point","coordinates":[19.936647,49.820486]}},{"type":"Feature","properties":{"NUMER_PORZ":"4","KOD_POCZT":"32-400","NAZWA_ULC":"Władysława Łokietka","NAZWA_GMI":"Myślenice","NAZWA_MSC":"Myślenice","odleglosc_m":171.9,"strefa":"50-200 m","warstwa":"adresy"},"geometry":{"type":"Point","coordinates":[19.949681,49.839484]}},{"type":"Feature","properties":{"NUMER_PORZ":"9","KOD_POCZT":"32-400","NAZWA_ULC":"Władysława Reymonta","NAZWA_GMI":"Myślenice","NAZWA_MSC":"Myślenice","odleglosc_m":66.2,"strefa":"50-200 m","warstwa":"adresy"},"geometry":{"type":"Point","coordinates":[19.950077,49.829385]}},{"type":"Feature","properties":{"NUMER_PORZ":"35a","KOD_POCZT":"32-400","NAZWA_ULC":"Ignacego Daszyńskiego","NAZWA_GMI":"Myślenice","NAZWA_MSC":"Myślenice","odleglosc_m":46.9,"strefa":"30-50 m","warstwa":"adresy"},"geometry":{"type":"Point","coordinates":[19.936793,49.82086]}},{"type":"Feature","properties":{"NUMER_PORZ":"9","KOD_POCZT":"32-400","NAZWA_ULC":"Przemysłowa","NAZWA_GMI":"Myślenice","NAZWA_MSC":"Myślenice","odleglosc_m":111.2,"strefa":"50-200 m","warstwa":"adresy"},"geometry":{"type":"Point","coordinates":[19.952949,49.831483]}},{"type":"Feature","properties":{"NUMER_PORZ":"42","KOD_POCZT":"32-400","NAZWA_ULC":"Kazimierza Wielkiego","NAZWA_GMI":"Myślenice","NAZWA_MSC":"Myślenice","odleglosc_m":47.1,"strefa":"30-50 m","warstwa":"adresy"},"geometry":{"type":"Point","coordinates":[19.947701,49.837294]}},{"type":"Feature","properties":{"NUMER_PORZ":"20","KOD_POCZT":"32-400","NAZWA_ULC":"Senatorska","NAZWA_GMI":"Myślenice","NAZWA_MSC":"Myślenice","odleglosc_m":137.4,"strefa":"50-200 m","warstwa":"adresy"},"geometry":{"type":"Point","coordinates":[19.948999,49.831439]}},{"type":"Feature","properties":{"NUMER_PORZ":"4","KOD_POCZT":"32-400","NAZWA_ULC":"Przemysłowa","NAZWA_GMI":"Myślenice","NAZWA_MSC":"Myślenice","odleglosc_m":121.9,"strefa":"50-200 m","warstwa":"adresy"},"geometry":{"type":"Point","coordinates":[19.953229,49.831082]}},{"type":"Feature","properties":{"NUMER_PORZ":"20","KOD_POCZT":"32-400","NAZWA_ULC":"Szpitalna","NAZWA_GMI":"Myślenice","NAZWA_MSC":"Myślenice","odleglosc_m":18.0,"strefa":"0-20 m","warstwa":"adresy"},"geometry":{"type":"Point","coordinates":[19.950998,49.830027]}},{"type":"Feature","properties":{"NUMER_PORZ":"35a","KOD_POCZT":"32-400","NAZWA_ULC":"Marszałka Józefa Piłsudskiego","NAZWA_GMI":"Myślenice","NAZWA_MSC":"Myślenice","odleglosc_m":22.9,"strefa":"20-30 m","warstwa":"adresy"},"geometry":{"type":"Point","coordinates":[19.944122,49.826352]}},{"type":"Feature","properties":{"NUMER_PORZ":"11","KOD_POCZT":"32-400","NAZWA_ULC":"Stefana Batorego","NAZWA_GMI":"Myślenice","NAZWA_MSC":"Myślenice","odleglosc_m":172.0,"strefa":"50-200 m","warstwa":"adresy"},"geometry":{"type":"Point","coordinates":[19.947933,49.832396]}},{"type":"Feature","properties":{"NUMER_PORZ":"2","KOD_POCZT":"32-400","NAZWA_ULC":"Władysława Reymonta","NAZWA_GMI":"Myślenice","NAZWA_MSC":"Myślenice","odleglosc_m":145.4,"strefa":"50-200 m","warstwa":"adresy"},"geometry":{"type":"Point","coordinates":[19.948673,49.82928]}},{"type":"Feature","properties":{"NUMER_PORZ":"36a","KOD_POCZT":"32-400","NAZWA_ULC":"Ignacego Daszyńskiego","NAZWA_GMI":"Myślenice","NAZWA_MSC":"Myślenice","odleglosc_m":66.2,"strefa":"50-200 m","warstwa":"adresy"},"geometry":{"type":"Point","coordinates":[19.936557,49.820956]}},{"type":"Feature","properties":{"NUMER_PORZ":"3","KOD_POCZT":"32-400","NAZWA_ULC":"Galla Anonima","NAZWA_GMI":"Myślenice","NAZWA_MSC":"Myślenice","odleglosc_m":76.5,"strefa":"50-200 m","warstwa":"adresy"},"geometry":{"type":"Point","coordinates":[19.942744,49.826339]}},{"type":"Feature","properties":{"NUMER_PORZ":"63","KOD_POCZT":"32-400","NAZWA_ULC":"Mostowa","NAZWA_GMI":"Myślenice","NAZWA_MSC":"Myślenice","odleglosc_m":9.0,"strefa":"0-20 m","warstwa":"adresy"},"geometry":{"type":"Point","coordinates":[19.937483,49.820196]}},{"type":"Feature","properties":{"NUMER_PORZ":"18","KOD_POCZT":"32-400","NAZWA_ULC":"Ignacego Kraszewskiego","NAZWA_GMI":"Myślenice","NAZWA_MSC":"Myślenice","odleglosc_m":109.4,"strefa":"50-200 m","warstwa":"adresy"},"geometry":{"type":"Point","coordinates":[19.945642,49.838342]}},{"type":"Feature","properties":{"NUMER_PORZ":"12","KOD_POCZT":"32-400","NAZWA_ULC":"Władysława Reymonta","NAZWA_GMI":"Myślenice","NAZWA_MSC":"Myślenice","odleglosc_m":76.4,"strefa":"50-200 m","warstwa":"adresy"},"geometry":{"type":"Point","coordinates":[19.949598,49.829038]}},{"type":"Feature","properties":{"NUMER_PORZ":"16","KOD_POCZT":"32-400","NAZWA_ULC":"Władysława Reymonta","NAZWA_GMI":"Myślenice","NAZWA_MSC":"Myślenice","odleglosc_m":38.6,"strefa":"30-50 m","warstwa":"adresy"},"geometry":{"type":"Point","coordinates":[19.950275,49.829084]}},{"type":"Feature","properties":{"NUMER_PORZ":"6A","KOD_POCZT":"32-400","NAZWA_ULC":"Parkowa","NAZWA_GMI":"Myślenice","NAZWA_MSC":"Myślenice","odleglosc_m":103.7,"strefa":"50-200 m","warstwa":"adresy"},"geometry":{"type":"Point","coordinates":[19.934682,49.817851]}},{"type":"Feature","properties":{"NUMER_PORZ":"3J","KOD_POCZT":"32-400","NAZWA_ULC":"Tarnówka","NAZWA_GMI":"Myślenice","NAZWA_MSC":"Myślenice","odleglosc_m":137.1,"strefa":"50-200 m","warstwa":"adresy"},"geometry":{"type":"Point","coordinates":[19.923749,49.846801]}},{"type":"Feature","properties":{"NUMER_PORZ":"19b","KOD_POCZT":"32-400","NAZWA_ULC":"Ignacego Kraszewskiego","NAZWA_GMI":"Myślenice","NAZWA_MSC":"Myślenice","odleglosc_m":113.3,"strefa":"50-200 m","warstwa":"adresy"},"geometry":{"type":"Point","coordinates":[19.944581,49.83933]}},{"type":"Feature","properties":{"NUMER_PORZ":"58","KOD_POCZT":"32-400","NAZWA_ULC":"Juliusza Słowackiego","NAZWA_GMI":"Myślenice","NAZWA_MSC":"Myślenice","odleglosc_m":135.4,"strefa":"50-200 m","warstwa":"adresy"},"geometry":{"type":"Point","coordinates":[19.948257,49.833152]}},{"type":"Feature","properties":{"NUMER_PORZ":"14","KOD_POCZT":"32-400","NAZWA_ULC":"Stefana Batorego","NAZWA_GMI":"Myślenice","NAZWA_MSC":"Myślenice","odleglosc_m":126.0,"strefa":"50-200 m","warstwa":"adresy"},"geometry":{"type":"Point","coordinates":[19.948679,49.832273]}},{"type":"Feature","properties":{"NUMER_PORZ":"44a","KOD_POCZT":"32-400","NAZWA_ULC":"Ignacego Daszyńskiego","NAZWA_GMI":"Myślenice","NAZWA_MSC":"Myślenice","odleglosc_m":87.6,"strefa":"50-200 m","warstwa":"adresy"},"geometry":{"type":"Point","coordinates":[19.935015,49.820398]}},{"type":"Feature","properties":{"NUMER_PORZ":"21","KOD_POCZT":"32-400","NAZWA_ULC":"Senatorska","NAZWA_GMI":"Myślenice","NAZWA_MSC":"Myślenice","odleglosc_m":124.5,"strefa":"50-200 m","warstwa":"adresy"},"geometry":{"type":"Point","coordinates":[19.949087,49.831652]}},{"type":"Feature","properties":{"NUMER_PORZ":"40f","KOD_POCZT":"32-400","NAZWA_ULC":"Jana Sobieskiego","NAZWA_GMI":"Myślenice","NAZWA_MSC":"Myślenice","odleglosc_m":150.2,"strefa":"50-200 m","warstwa":"adresy"},"geometry":{"type":"Point","coordinates":[19.931844,49.841118]}},{"type":"Feature","properties":{"NUMER_PORZ":"28","KOD_POCZT":"32-400","NAZWA_ULC":"Ignacego Daszyńskiego","NAZWA_GMI":"Myślenice","NAZWA_MSC":"Myślenice","odleglosc_m":5.3,"strefa":"0-20 m","warstwa":"adresy"},"geometry":{"type":"Point","coordinates":[19.940188,49.822957]}},{"type":"Feature","properties":{"NUMER_PORZ":"19","KOD_POCZT":"32-400","NAZWA_ULC":"Senatorska","NAZWA_GMI":"Myślenice","NAZWA_MSC":"Myślenice","odleglosc_m":142.3,"strefa":"50-200 m","warstwa":"adresy"},"geometry":{"type":"Point","coordinates":[19.948749,49.831779]}},{"type":"Feature","properties":{"NUMER_PORZ":"25","KOD_POCZT":"32-400","NAZWA_ULC":"Kazimierza Wielkiego","NAZWA_GMI":"Myślenice","NAZWA_MSC":"Myślenice","odleglosc_m":186.7,"strefa":"50-200 m","warstwa":"adresy"},"geometry":{"type":"Point","coordinates":[19.945554,49.837141]}},{"type":"Feature","properties":{"NUMER_PORZ":"24f","KOD_POCZT":"32-400","NAZWA_ULC":"Jana Sobieskiego","NAZWA_GMI":"Myślenice","NAZWA_MSC":"Myślenice","odleglosc_m":100.5,"strefa":"50-200 m","warstwa":"adresy"},"geometry":{"type":"Point","coordinates":[19.936672,49.84113]}},{"type":"Feature","properties":{"NUMER_PORZ":"14","KOD_POCZT":"32-400","NAZWA_ULC":"Słoneczna","NAZWA_GMI":"Myślenice","NAZWA_MSC":"Myślenice","odleglosc_m":34.6,"strefa":"30-50 m","warstwa":"adresy"},"geometry":{"type":"Point","coordinates":[19.950355,49.831737]}},{"type":"Feature","properties":{"NUMER_PORZ":"85","KOD_POCZT":"32-400","NAZWA_ULC":"Rajmunda Bergela","NAZWA_GMI":"Myślenice","NAZWA_MSC":"Myślenice","odleglosc_m":126.0,"strefa":"50-200 m","warstwa":"adresy"},"geometry":{"type":"Point","coordinates":[19.939301,49.824585]}},{"type":"Feature","properties":{"NUMER_PORZ":"25","KOD_POCZT":"32-400","NAZWA_ULC":"Mostowa","NAZWA_GMI":"Myślenice","NAZWA_MSC":"Myślenice","odleglosc_m":26.8,"strefa":"20-30 m","warstwa":"adresy"},"geometry":{"type":"Point","coordinates":[19.941036,49.822724]}},{"type":"Feature","properties":{"NUMER_PORZ":"53a","KOD_POCZT":"32-400","NAZWA_ULC":"Kazimierza Wielkiego","NAZWA_GMI":"Myślenice","NAZWA_MSC":"Myślenice","odleglosc_m":47.0,"strefa":"30-50 m","warstwa":"adresy"},"geometry":{"type":"Point","coordinates":[19.948674,49.838442]}},{"type":"Feature","properties":{"NUMER_PORZ":"27c","KOD_POCZT":"32-400","NAZWA_ULC":"Henryka Sienkiewicza","NAZWA_GMI":"Myślenice","NAZWA_MSC":"Myślenice","odleglosc_m":163.9,"strefa":"50-200 m","warstwa":"adresy"},"geometry":{"type":"Point","coordinates":[19.939847,49.840395]}},{"type":"Feature","properties":{"NUMER_PORZ":"28","KOD_POCZT":"32-400","NAZWA_ULC":"Jagiellońska","NAZWA_GMI":"Myślenice","NAZWA_MSC":"Myślenice","odleglosc_m":114.6,"strefa":"50-200 m","warstwa":"adresy"},"geometry":{"type":"Point","coordinates":[19.949614,49.830676]}},{"type":"Feature","properties":{"NUMER_PORZ":"38b","KOD_POCZT":"32-400","NAZWA_ULC":"Ignacego Daszyńskiego","NAZWA_GMI":"Myślenice","NAZWA_MSC":"Myślenice","odleglosc_m":113.7,"strefa":"50-200 m","warstwa":"adresy"},"geometry":{"type":"Point","coordinates":[19.935614,49.820987]}},{"type":"Feature","properties":{"NUMER_PORZ":"40g","KOD_POCZT":"32-400","NAZWA_ULC":"Jana Sobieskiego","NAZWA_GMI":"Myślenice","NAZWA_MSC":"Myślenice","odleglosc_m":89.1,"strefa":"50-200 m","warstwa":"adresy"},"geometry":{"type":"Point","coordinates":[19.931953,49.841664]}},{"type":"Feature","properties":{"NUMER_PORZ":"39","KOD_POCZT":"32-400","NAZWA_ULC":"Mostowa","NAZWA_GMI":"Myślenice","NAZWA_MSC":"Myślenice","odleglosc_m":88.1,"strefa":"50-200 m","warstwa":"adresy"},"geometry":{"type":"Point","coordinates":[19.941433,49.822111]}},{"type":"Feature","properties":{"NUMER_PORZ":"23","KOD_POCZT":"32-400","NAZWA_ULC":"Ignacego Kraszewskiego","NAZWA_GMI":"Myślenice","NAZWA_MSC":"Myślenice","odleglosc_m":92.8,"strefa":"50-200 m","warstwa":"adresy"},"geometry":{"type":"Point","coordinates":[19.945427,49.838855]}},{"type":"Feature","properties":{"NUMER_PORZ":"8a","KOD_POCZT":"32-400","NAZWA_ULC":"Kazimierza Przerwy-Tetmajera","NAZWA_GMI":"Myślenice","NAZWA_MSC":"Myślenice","odleglosc_m":180.6,"strefa":"50-200 m","warstwa":"adresy"},"geometry":{"type":"Point","coordinates":[19.947341,49.841772]}},{"type":"Feature","properties":{"NUMER_PORZ":"34","KOD_POCZT":"32-400","NAZWA_ULC":"Marszałka Józefa Piłsudskiego","NAZWA_GMI":"Myślenice","NAZWA_MSC":"Myślenice","odleglosc_m":79.5,"strefa":"50-200 m","warstwa":"adresy"},"geometry":{"type":"Point","coordinates":[19.943199,49.826606]}},{"type":"Feature","properties":{"NUMER_PORZ":"1H","KOD_POCZT":"32-400","NAZWA_ULC":"Parkowa","NAZWA_GMI":"Myślenice","NAZWA_MSC":"Myślenice","odleglosc_m":152.8,"strefa":"50-200 m","warstwa":"adresy"},"geometry":{"type":"Point","coordinates":[19.938108,49.818837]}},{"type":"Feature","properties":{"NUMER_PORZ":"53A","KOD_POCZT":"32-400","NAZWA_ULC":"Juliusza Słowackiego","NAZWA_GMI":"Myślenice","NAZWA_MSC":"Myślenice","odleglosc_m":49.2,"strefa":"30-50 m","warstwa":"adresy"},"geometry":{"type":"Point","coordinates":[19.950742,49.83445]}},{"type":"Feature","properties":{"NUMER_PORZ":"42a","KOD_POCZT":"32-400","NAZWA_ULC":"Ignacego Daszyńskiego","NAZWA_GMI":"Myślenice","NAZWA_MSC":"Myślenice","odleglosc_m":125.9,"strefa":"50-200 m","warstwa":"adresy"},"geometry":{"type":"Point","coordinates":[19.93319,49.8201]}},{"type":"Feature","properties":{"NUMER_PORZ":"5","KOD_POCZT":"32-400","NAZWA_ULC":"Władysława Reymonta","NAZWA_GMI":"Myślenice","NAZWA_MSC":"Myślenice","odleglosc_m":93.7,"strefa":"50-200 m","warstwa":"adresy"},"geometry":{"type":"Point","coordinates":[19.949576,49.829293]}},{"type":"Feature","properties":{"NUMER_PORZ":"3e","KOD_POCZT":"32-400","NAZWA_ULC":"Tarnówka","NAZWA_GMI":"Myślenice","NAZWA_MSC":"Myślenice","odleglosc_m":29.3,"strefa":"20-30 m","warstwa":"adresy"},"geometry":{"type":"Point","coordinates":[19.925746,49.845639]}},{"type":"Feature","properties":{"NUMER_PORZ":"1f","KOD_POCZT":"32-400","NAZWA_ULC":"Parkowa","NAZWA_GMI":"Myślenice","NAZWA_MSC":"Myślenice","odleglosc_m":150.4,"strefa":"50-200 m","warstwa":"adresy"},"geometry":{"type":"Point","coordinates":[19.926894,49.813967]}},{"type":"Feature","properties":{"NUMER_PORZ":"5","KOD_POCZT":"32-400","NAZWA_ULC":"Elizy Orzeszkowej","NAZWA_GMI":"Myślenice","NAZWA_MSC":"Myślenice","odleglosc_m":133.3,"strefa":"50-200 m","warstwa":"adresy"},"geometry":{"type":"Point","coordinates":[19.94818,49.840294]}},{"type":"Feature","properties":{"NUMER_PORZ":"55","KOD_POCZT":"32-400","NAZWA_ULC":"Mostowa","NAZWA_GMI":"Myślenice","NAZWA_MSC":"Myślenice","odleglosc_m":21.8,"strefa":"20-30 m","warstwa":"adresy"},"geometry":{"type":"Point","coordinates":[19.938749,49.820789]}},{"type":"Feature","properties":{"NUMER_PORZ":"40","KOD_POCZT":"32-400","NAZWA_ULC":"Adama Mickiewicza","NAZWA_GMI":"Myślenice","NAZWA_MSC":"Myślenice","odleglosc_m":190.3,"strefa":"50-200 m","warstwa":"adresy"},"geometry":{"type":"Point","coordinates":[19.944416,49.828107]}},{"type":"Feature","properties":{"NUMER_PORZ":"27","KOD_POCZT":"32-400","NAZWA_ULC":"Ignacego Kraszewskiego","NAZWA_GMI":"Myślenice","NAZWA_MSC":"Myślenice","odleglosc_m":37.6,"strefa":"30-50 m","warstwa":"adresy"},"geometry":{"type":"Point","coordinates":[19.945526,49.839653]}},{"type":"Feature","properties":{"NUMER_PORZ":"21","KOD_POCZT":"32-400","NAZWA_ULC":"Szpitalna","NAZWA_GMI":"Myślenice","NAZWA_MSC":"Myślenice","odleglosc_m":114.2,"strefa":"50-200 m","warstwa":"adresy"},"geometry":{"type":"Point","coordinates":[19.949672,49.830154]}},{"type":"Feature","properties":{"NUMER_PORZ":"49A","KOD_POCZT":"32-400","NAZWA_ULC":"Mostowa","NAZWA_GMI":"Myślenice","NAZWA_MSC":"Myślenice","odleglosc_m":50.6,"strefa":"50-200 m","warstwa":"adresy"},"geometry":{"type":"Point","coordinates":[19.93791,49.819935]}},{"type":"Feature","properties":{"NUMER_PORZ":"3","KOD_POCZT":"32-400","NAZWA_ULC":"Tarnówka","NAZWA_GMI":"Myślenice","NAZWA_MSC":"Myślenice","odleglosc_m":0.0,"strefa":"w śladzie","warstwa":"adresy"},"geometry":{"type":"Point","coordinates":[19.924701,49.848499]}},{"type":"Feature","properties":{"NUMER_PORZ":"4E","KOD_POCZT":"32-400","NAZWA_ULC":"Tarnówka","NAZWA_GMI":"Myślenice","NAZWA_MSC":"Myślenice","odleglosc_m":98.2,"strefa":"50-200 m","warstwa":"adresy"},"geometry":{"type":"Point","coordinates":[19.925461,49.849615]}},{"type":"Feature","properties":{"NUMER_PORZ":"27A","KOD_POCZT":"32-400","NAZWA_ULC":"Ignacego Kraszewskiego","NAZWA_GMI":"Myślenice","NAZWA_MSC":"Myślenice","odleglosc_m":53.4,"strefa":"50-200 m","warstwa":"adresy"},"geometry":{"type":"Point","coordinates":[19.945606,49.839323]}},{"type":"Feature","properties":{"NUMER_PORZ":"27","KOD_POCZT":"32-400","NAZWA_ULC":"Słoneczna","NAZWA_GMI":"Myślenice","NAZWA_MSC":"Myślenice","odleglosc_m":70.8,"strefa":"50-200 m","warstwa":"adresy"},"geometry":{"type":"Point","coordinates":[19.950221,49.830717]}},{"type":"Feature","properties":{"NUMER_PORZ":"4","KOD_POCZT":"32-400","NAZWA_ULC":"Szpitalna","NAZWA_GMI":"Myślenice","NAZWA_MSC":"Myślenice","odleglosc_m":192.4,"strefa":"50-200 m","warstwa":"adresy"},"geometry":{"type":"Point","coordinates":[19.948365,49.82972]}},{"type":"Feature","properties":{"NUMER_PORZ":"71","KOD_POCZT":"32-400","NAZWA_ULC":"Rajmunda Bergela","NAZWA_GMI":"Myślenice","NAZWA_MSC":"Myślenice","odleglosc_m":65.7,"strefa":"50-200 m","warstwa":"adresy"},"geometry":{"type":"Point","coordinates":[19.940062,49.824354]}},{"type":"Feature","properties":{"NUMER_PORZ":"16A","KOD_POCZT":"32-400","NAZWA_ULC":"Ignacego Daszyńskiego","NAZWA_GMI":"Myślenice","NAZWA_MSC":"Myślenice","odleglosc_m":192.8,"strefa":"50-200 m","warstwa":"adresy"},"geometry":{"type":"Point","coordinates":[19.940603,49.826499]}},{"type":"Feature","properties":{"NUMER_PORZ":"32h","KOD_POCZT":"32-400","NAZWA_ULC":"Jana Sobieskiego","NAZWA_GMI":"Myślenice","NAZWA_MSC":"Myślenice","odleglosc_m":187.6,"strefa":"50-200 m","warstwa":"adresy"},"geometry":{"type":"Point","coordinates":[19.934698,49.840513]}},{"type":"Feature","properties":{"NUMER_PORZ":"53","KOD_POCZT":"32-400","NAZWA_ULC":"Kazimierza Wielkiego","NAZWA_GMI":"Myślenice","NAZWA_MSC":"Myślenice","odleglosc_m":16.0,"strefa":"0-20 m","warstwa":"adresy"},"geometry":{"type":"Point","coordinates":[19.948376,49.838238]}},{"type":"Feature","properties":{"NUMER_PORZ":"12","KOD_POCZT":"32-400","NAZWA_ULC":"Mikołaja Kopernika","NAZWA_GMI":"Myślenice","NAZWA_MSC":"Myślenice","odleglosc_m":194.7,"strefa":"50-200 m","warstwa":"adresy"},"geometry":{"type":"Point","coordinates":[19.941681,49.827157]}},{"type":"Feature","properties":{"NUMER_PORZ":"8a","KOD_POCZT":"32-400","NAZWA_ULC":"Tarnówka","NAZWA_GMI":"Myślenice","NAZWA_MSC":"Myślenice","odleglosc_m":30.2,"strefa":"30-50 m","warstwa":"adresy"},"geometry":{"type":"Point","coordinates":[19.923952,49.849716]}},{"type":"Feature","properties":{"NUMER_PORZ":"75","KOD_POCZT":"32-400","NAZWA_ULC":"Rajmunda Bergela","NAZWA_GMI":"Myślenice","NAZWA_MSC":"Myślenice","odleglosc_m":27.5,"strefa":"20-30 m","warstwa":"adresy"},"geometry":{"type":"Point","coordinates":[19.940421,49.823978]}},{"type":"Feature","properties":{"NUMER_PORZ":"19a","KOD_POCZT":"32-400","NAZWA_ULC":"Słoneczna","NAZWA_GMI":"Myślenice","NAZWA_MSC":"Myślenice","odleglosc_m":73.9,"strefa":"50-200 m","warstwa":"adresy"},"geometry":{"type":"Point","coordinates":[19.949138,49.832915]}},{"type":"Feature","properties":{"NUMER_PORZ":"28b","KOD_POCZT":"32-400","NAZWA_ULC":"Jana Sobieskiego","NAZWA_GMI":"Myślenice","NAZWA_MSC":"Myślenice","odleglosc_m":104.9,"strefa":"50-200 m","warstwa":"adresy"},"geometry":{"type":"Point","coordinates":[19.935912,49.84115]}},{"type":"Feature","properties":{"NUMER_PORZ":"24","KOD_POCZT":"32-400","NAZWA_ULC":"Jagiellońska","NAZWA_GMI":"Myślenice","NAZWA_MSC":"Myślenice","odleglosc_m":153.8,"strefa":"50-200 m","warstwa":"adresy"},"geometry":{"type":"Point","coordinates":[19.94908,49.830607]}},{"type":"Feature","properties":{"NUMER_PORZ":"6","KOD_POCZT":"32-400","NAZWA_ULC":"Tarnówka","NAZWA_GMI":"Myślenice","NAZWA_MSC":"Myślenice","odleglosc_m":35.9,"strefa":"30-50 m","warstwa":"adresy"},"geometry":{"type":"Point","coordinates":[19.924636,49.849369]}},{"type":"Feature","properties":{"NUMER_PORZ":"7","KOD_POCZT":"32-400","NAZWA_ULC":"Kornela Ujejskiego","NAZWA_GMI":"Myślenice","NAZWA_MSC":"Myślenice","odleglosc_m":73.8,"strefa":"50-200 m","warstwa":"adresy"},"geometry":{"type":"Point","coordinates":[19.948066,49.83945]}},{"type":"Feature","properties":{"NUMER_PORZ":"63a","KOD_POCZT":"32-400","NAZWA_ULC":"Kazimierza Wielkiego","NAZWA_GMI":"Myślenice","NAZWA_MSC":"Myślenice","odleglosc_m":178.4,"strefa":"50-200 m","warstwa":"adresy"},"geometry":{"type":"Point","coordinates":[19.949965,49.839319]}},{"type":"Feature","properties":{"NUMER_PORZ":"61","KOD_POCZT":"32-400","NAZWA_ULC":"Mostowa","NAZWA_GMI":"Myślenice","NAZWA_MSC":"Myślenice","odleglosc_m":10.3,"strefa":"0-20 m","warstwa":"adresy"},"geometry":{"type":"Point","coordinates":[19.937719,49.8203]}},{"type":"Feature","properties":{"NUMER_PORZ":"54","KOD_POCZT":"32-400","NAZWA_ULC":"Ignacego Daszyńskiego","NAZWA_GMI":"Myślenice","NAZWA_MSC":"Myślenice","odleglosc_m":34.0,"strefa":"30-50 m","warstwa":"adresy"},"geometry":{"type":"Point","coordinates":[19.930177,49.818065]}},{"type":"Feature","properties":{"NUMER_PORZ":"1a","KOD_POCZT":"32-400","NAZWA_ULC":"Słoneczna","NAZWA_GMI":"Myślenice","NAZWA_MSC":"Myślenice","odleglosc_m":124.3,"strefa":"50-200 m","warstwa":"adresy"},"geometry":{"type":"Point","coordinates":[19.946921,49.836696]}},{"type":"Feature","properties":{"NUMER_PORZ":"23a","KOD_POCZT":"32-400","NAZWA_ULC":"Ignacego Kraszewskiego","NAZWA_GMI":"Myślenice","NAZWA_MSC":"Myślenice","odleglosc_m":123.6,"strefa":"50-200 m","warstwa":"adresy"},"geometry":{"type":"Point","coordinates":[19.945158,49.83861]}},{"type":"Feature","properties":{"NUMER_PORZ":"8d","KOD_POCZT":"32-400","NAZWA_ULC":"Tarnówka","NAZWA_GMI":"Myślenice","NAZWA_MSC":"Myślenice","odleglosc_m":34.8,"strefa":"30-50 m","warstwa":"adresy"},"geometry":{"type":"Point","coordinates":[19.923123,49.850221]}},{"type":"Feature","properties":{"NUMER_PORZ":"39","KOD_POCZT":"32-400","NAZWA_ULC":"Juliusza Słowackiego","NAZWA_GMI":"Myślenice","NAZWA_MSC":"Myślenice","odleglosc_m":186.8,"strefa":"50-200 m","warstwa":"adresy"},"geometry":{"type":"Point","coordinates":[19.947352,49.833515]}},{"type":"Feature","properties":{"NUMER_PORZ":"41","KOD_POCZT":"32-400","NAZWA_ULC":"Juliusza Słowackiego","NAZWA_GMI":"Myślenice","NAZWA_MSC":"Myślenice","odleglosc_m":159.1,"strefa":"50-200 m","warstwa":"adresy"},"geometry":{"type":"Point","coordinates":[19.947714,49.833603]}},{"type":"Feature","properties":{"NUMER_PORZ":"34","KOD_POCZT":"32-400","NAZWA_ULC":"Kazimierza Wielkiego","NAZWA_GMI":"Myślenice","NAZWA_MSC":"Myślenice","odleglosc_m":145.2,"strefa":"50-200 m","warstwa":"adresy"},"geometry":{"type":"Point","coordinates":[19.946754,49.836447]}},{"type":"Feature","properties":{"NUMER_PORZ":"4","KOD_POCZT":"32-400","NAZWA_ULC":"Kazimierza Przerwy-Tetmajera","NAZWA_GMI":"Myślenice","NAZWA_MSC":"Myślenice","odleglosc_m":73.5,"strefa":"50-200 m","warstwa":"adresy"},"geometry":{"type":"Point","coordinates":[19.947005,49.840472]}},{"type":"Feature","properties":{"NUMER_PORZ":"26","KOD_POCZT":"32-400","NAZWA_ULC":"Adama Asnyka","NAZWA_GMI":"Myślenice","NAZWA_MSC":"Myślenice","odleglosc_m":58.3,"strefa":"50-200 m","warstwa":"adresy"},"geometry":{"type":"Point","coordinates":[19.945528,49.841381]}},{"type":"Feature","properties":{"NUMER_PORZ":"4","KOD_POCZT":"32-400","NAZWA_ULC":"Mikołaja Kopernika","NAZWA_GMI":"Myślenice","NAZWA_MSC":"Myślenice","odleglosc_m":159.5,"strefa":"50-200 m","warstwa":"adresy"},"geometry":{"type":"Point","coordinates":[19.942417,49.827136]}},{"type":"Feature","properties":{"NUMER_PORZ":"44","KOD_POCZT":"32-400","NAZWA_ULC":"Jana Sobieskiego","NAZWA_GMI":"Myślenice","NAZWA_MSC":"Myślenice","odleglosc_m":50.6,"strefa":"50-200 m","warstwa":"adresy"},"geometry":{"type":"Point","coordinates":[19.929644,49.842336]}},{"type":"Feature","properties":{"NUMER_PORZ":"18a","KOD_POCZT":"32-400","NAZWA_ULC":"Szpitalna","NAZWA_GMI":"Myślenice","NAZWA_MSC":"Myślenice","odleglosc_m":14.3,"strefa":"0-20 m","warstwa":"adresy"},"geometry":{"type":"Point","coordinates":[19.951004,49.829813]}},{"type":"Feature","properties":{"NUMER_PORZ":"64","KOD_POCZT":"32-400","NAZWA_ULC":"Kazimierza Wielkiego","NAZWA_GMI":"Myślenice","NAZWA_MSC":"Myślenice","odleglosc_m":176.9,"strefa":"50-200 m","warstwa":"adresy"},"geometry":{"type":"Point","coordinates":[19.950533,49.838763]}},{"type":"Feature","properties":{"NUMER_PORZ":"24a","KOD_POCZT":"32-400","NAZWA_ULC":"Ignacego Daszyńskiego","NAZWA_GMI":"Myślenice","NAZWA_MSC":"Myślenice","odleglosc_m":78.9,"strefa":"50-200 m","warstwa":"adresy"},"geometry":{"type":"Point","coordinates":[19.941087,49.825247]}},{"type":"Feature","properties":{"NUMER_PORZ":"45","KOD_POCZT":"32-400","NAZWA_ULC":"Mostowa","NAZWA_GMI":"Myślenice","NAZWA_MSC":"Myślenice","odleglosc_m":32.8,"strefa":"30-50 m","warstwa":"adresy"},"geometry":{"type":"Point","coordinates":[19.940689,49.822289]}},{"type":"Feature","properties":{"NUMER_PORZ":"43b","KOD_POCZT":"32-400","NAZWA_ULC":"Ignacego Daszyńskiego","NAZWA_GMI":"Myślenice","NAZWA_MSC":"Myślenice","odleglosc_m":178.3,"strefa":"50-200 m","warstwa":"adresy"},"geometry":{"type":"Point","coordinates":[19.934887,49.821353]}},{"type":"Feature","properties":{"NUMER_PORZ":"47","KOD_POCZT":"32-400","NAZWA_ULC":"Juliusza Słowackiego","NAZWA_GMI":"Myślenice","NAZWA_MSC":"Myślenice","odleglosc_m":61.3,"strefa":"50-200 m","warstwa":"adresy"},"geometry":{"type":"Point","coordinates":[19.948996,49.833901]}},{"type":"Feature","properties":{"NUMER_PORZ":"1","KOD_POCZT":"32-400","NAZWA_ULC":"Elizy Orzeszkowej","NAZWA_GMI":"Myślenice","NAZWA_MSC":"Myślenice","odleglosc_m":137.4,"strefa":"50-200 m","warstwa":"adresy"},"geometry":{"type":"Point","coordinates":[19.948461,49.84009]}},{"type":"Feature","properties":{"NUMER_PORZ":"4c","KOD_POCZT":"32-400","NAZWA_ULC":"Tarnówka","NAZWA_GMI":"Myślenice","NAZWA_MSC":"Myślenice","odleglosc_m":80.9,"strefa":"50-200 m","warstwa":"adresy"},"geometry":{"type":"Point","coordinates":[19.925621,49.849247]}},{"type":"Feature","properties":{"NUMER_PORZ":"12","KOD_POCZT":"32-400","NAZWA_ULC":"Stefana Batorego","NAZWA_GMI":"Myślenice","NAZWA_MSC":"Myślenice","odleglosc_m":141.7,"strefa":"50-200 m","warstwa":"adresy"},"geometry":{"type":"Point","coordinates":[19.948474,49.832223]}},{"type":"Feature","properties":{"NUMER_PORZ":"16a","KOD_POCZT":"32-400","NAZWA_ULC":"Ignacego Kraszewskiego","NAZWA_GMI":"Myślenice","NAZWA_MSC":"Myślenice","odleglosc_m":132.9,"strefa":"50-200 m","warstwa":"adresy"},"geometry":{"type":"Point","coordinates":[19.945235,49.838354]}},{"type":"Feature","properties":{"NUMER_PORZ":"2","KOD_POCZT":"32-400","NAZWA_ULC":"Tarnówka","NAZWA_GMI":"Myślenice","NAZWA_MSC":"Myślenice","odleglosc_m":76.0,"strefa":"50-200 m","warstwa":"adresy"},"geometry":{"type":"Point","coordinates":[19.926019,49.8488]}},{"type":"Feature","properties":{"NUMER_PORZ":"53b","KOD_POCZT":"32-400","NAZWA_ULC":"Ignacego Daszyńskiego","NAZWA_GMI":"Myślenice","NAZWA_MSC":"Myślenice","odleglosc_m":29.9,"strefa":"20-30 m","warstwa":"adresy"},"geometry":{"type":"Point","coordinates":[19.930594,49.818165]}},{"type":"Feature","properties":{"NUMER_PORZ":"1","KOD_POCZT":"32-400","NAZWA_ULC":"Mostowa","NAZWA_GMI":"Myślenice","NAZWA_MSC":"Myślenice","odleglosc_m":31.0,"strefa":"30-50 m","warstwa":"adresy"},"geometry":{"type":"Point","coordinates":[19.942842,49.824536]}},{"type":"Feature","properties":{"NUMER_PORZ":"60","KOD_POCZT":"32-400","NAZWA_ULC":"Juliusza Słowackiego","NAZWA_GMI":"Myślenice","NAZWA_MSC":"Myślenice","odleglosc_m":115.6,"strefa":"50-200 m","warstwa":"adresy"},"geometry":{"type":"Point","coordinates":[19.948526,49.833193]}},{"type":"Feature","properties":{"NUMER_PORZ":"21A","KOD_POCZT":"32-400","NAZWA_ULC":"Jana Sobieskiego","NAZWA_GMI":"Myślenice","NAZWA_MSC":"Myślenice","odleglosc_m":99.0,"strefa":"50-200 m","warstwa":"adresy"},"geometry":{"type":"Point","coordinates":[19.928236,49.842285]}},{"type":"Feature","properties":{"NUMER_PORZ":"24","KOD_POCZT":"32-400","NAZWA_ULC":"Kazimierza Wielkiego","NAZWA_GMI":"Myślenice","NAZWA_MSC":"Myślenice","odleglosc_m":197.5,"strefa":"50-200 m","warstwa":"adresy"},"geometry":{"type":"Point","coordinates":[19.945971,49.836458]}},{"type":"Feature","properties":{"NUMER_PORZ":"30d","KOD_POCZT":"32-400","NAZWA_ULC":"Jana Sobieskiego","NAZWA_GMI":"Myślenice","NAZWA_MSC":"Myślenice","odleglosc_m":179.6,"strefa":"50-200 m","warstwa":"adresy"},"geometry":{"type":"Point","coordinates":[19.935501,49.84051]}},{"type":"Feature","properties":{"NUMER_PORZ":"57a","KOD_POCZT":"32-400","NAZWA_ULC":"Kazimierza Wielkiego","NAZWA_GMI":"Myślenice","NAZWA_MSC":"Myślenice","odleglosc_m":126.8,"strefa":"50-200 m","warstwa":"adresy"},"geometry":{"type":"Point","coordinates":[19.949529,49.838908]}},{"type":"Feature","properties":{"NUMER_PORZ":"29","KOD_POCZT":"32-400","NAZWA_ULC":"Mostowa","NAZWA_GMI":"Myślenice","NAZWA_MSC":"Myślenice","odleglosc_m":87.2,"strefa":"50-200 m","warstwa":"adresy"},"geometry":{"type":"Point","coordinates":[19.941683,49.822371]}},{"type":"Feature","properties":{"NUMER_PORZ":"53c","KOD_POCZT":"32-400","NAZWA_ULC":"Kazimierza Wielkiego","NAZWA_GMI":"Myślenice","NAZWA_MSC":"Myślenice","odleglosc_m":58.1,"strefa":"50-200 m","warstwa":"adresy"},"geometry":{"type":"Point","coordinates":[19.948269,49.839012]}},{"type":"Feature","properties":{"NUMER_PORZ":"24b","KOD_POCZT":"32-400","NAZWA_ULC":"Ignacego Daszyńskiego","NAZWA_GMI":"Myślenice","NAZWA_MSC":"Myślenice","odleglosc_m":85.4,"strefa":"50-200 m","warstwa":"adresy"},"geometry":{"type":"Point","coordinates":[19.941237,49.82549]}},{"type":"Feature","properties":{"NUMER_PORZ":"19b","KOD_POCZT":"32-400","NAZWA_ULC":"Słoneczna","NAZWA_GMI":"Myślenice","NAZWA_MSC":"Myślenice","odleglosc_m":71.8,"strefa":"50-200 m","warstwa":"adresy"},"geometry":{"type":"Point","coordinates":[19.949615,49.83209]}},{"type":"Feature","properties":{"NUMER_PORZ":"30","KOD_POCZT":"32-400","NAZWA_ULC":"Ignacego Daszyńskiego","NAZWA_GMI":"Myślenice","NAZWA_MSC":"Myślenice","odleglosc_m":1.8,"strefa":"0-20 m","warstwa":"adresy"},"geometry":{"type":"Point","coordinates":[19.93976,49.822469]}},{"type":"Feature","properties":{"NUMER_PORZ":"6","KOD_POCZT":"32-400","NAZWA_ULC":"Parkowa","NAZWA_GMI":"Myślenice","NAZWA_MSC":"Myślenice","odleglosc_m":131.9,"strefa":"50-200 m","warstwa":"adresy"},"geometry":{"type":"Point","coordinates":[19.935161,49.817732]}},{"type":"Feature","properties":{"NUMER_PORZ":"8","KOD_POCZT":"32-400","NAZWA_ULC":"Elizy Orzeszkowej","NAZWA_GMI":"Myślenice","NAZWA_MSC":"Myślenice","odleglosc_m":190.8,"strefa":"50-200 m","warstwa":"adresy"},"geometry":{"type":"Point","coordinates":[19.948679,49.840748]}},{"type":"Feature","properties":{"NUMER_PORZ":"10","KOD_POCZT":"32-400","NAZWA_ULC":"Henryka Sienkiewicza","NAZWA_GMI":"Myślenice","NAZWA_MSC":"Myślenice","odleglosc_m":147.7,"strefa":"50-200 m","warstwa":"adresy"},"geometry":{"type":"Point","coordinates":[19.943195,49.843111]}},{"type":"Feature","properties":{"NUMER_PORZ":"18","KOD_POCZT":"32-400","NAZWA_ULC":"Słoneczna","NAZWA_GMI":"Myślenice","NAZWA_MSC":"Myślenice","odleglosc_m":44.0,"strefa":"30-50 m","warstwa":"adresy"},"geometry":{"type":"Point","coordinates":[19.95037,49.831386]}},{"type":"Feature","properties":{"NUMER_PORZ":"16","KOD_POCZT":"32-400","NAZWA_ULC":"Słoneczna","NAZWA_GMI":"Myślenice","NAZWA_MSC":"Myślenice","odleglosc_m":34.6,"strefa":"30-50 m","warstwa":"adresy"},"geometry":{"type":"Point","coordinates":[19.950434,49.831553]}},{"type":"Feature","properties":{"NUMER_PORZ":"4","KOD_POCZT":"32-400","NAZWA_ULC":"Galla Anonima","NAZWA_GMI":"Myślenice","NAZWA_MSC":"Myślenice","odleglosc_m":103.5,"strefa":"50-200 m","warstwa":"adresy"},"geometry":{"type":"Point","coordinates":[19.942368,49.826459]}},{"type":"Feature","properties":{"NUMER_PORZ":"127","KOD_POCZT":"32-400","NAZWA_ULC":"Rajmunda Bergela","NAZWA_GMI":"Myślenice","NAZWA_MSC":"Myślenice","odleglosc_m":195.1,"strefa":"50-200 m","warstwa":"adresy"},"geometry":{"type":"Point","coordinates":[19.935417,49.821853]}},{"type":"Feature","properties":{"NUMER_PORZ":"36","KOD_POCZT":"32-400","NAZWA_ULC":"Jana Sobieskiego","NAZWA_GMI":"Myślenice","NAZWA_MSC":"Myślenice","odleglosc_m":182.0,"strefa":"50-200 m","warstwa":"adresy"},"geometry":{"type":"Point","coordinates":[19.932554,49.84078]}},{"type":"Feature","properties":{"NUMER_PORZ":"18","KOD_POCZT":"32-400","NAZWA_ULC":"Stefana Batorego","NAZWA_GMI":"Myślenice","NAZWA_MSC":"Myślenice","odleglosc_m":90.3,"strefa":"50-200 m","warstwa":"adresy"},"geometry":{"type":"Point","coordinates":[19.949194,49.8323]}},{"type":"Feature","properties":{"NUMER_PORZ":"3c","KOD_POCZT":"32-400","NAZWA_ULC":"Tarnówka","NAZWA_GMI":"Myślenice","NAZWA_MSC":"Myślenice","odleglosc_m":155.1,"strefa":"50-200 m","warstwa":"adresy"},"geometry":{"type":"Point","coordinates":[19.923851,49.84588]}},{"type":"Feature","properties":{"NUMER_PORZ":"22","KOD_POCZT":"32-400","NAZWA_ULC":"Ignacego Kraszewskiego","NAZWA_GMI":"Myślenice","NAZWA_MSC":"Myślenice","odleglosc_m":37.3,"strefa":"30-50 m","warstwa":"adresy"},"geometry":{"type":"Point","coordinates":[19.946329,49.838848]}},{"type":"Feature","properties":{"NUMER_PORZ":"23","KOD_POCZT":"32-400","NAZWA_ULC":"Słoneczna","NAZWA_GMI":"Myślenice","NAZWA_MSC":"Myślenice","odleglosc_m":78.1,"strefa":"50-200 m","warstwa":"adresy"},"geometry":{"type":"Point","coordinates":[19.94971,49.831766]}},{"type":"Feature","properties":{"NUMER_PORZ":"3a","KOD_POCZT":"32-400","NAZWA_ULC":"Tarnówka","NAZWA_GMI":"Myślenice","NAZWA_MSC":"Myślenice","odleglosc_m":145.1,"strefa":"50-200 m","warstwa":"adresy"},"geometry":{"type":"Point","coordinates":[19.924072,49.845677]}},{"type":"Feature","properties":{"NUMER_PORZ":"13","KOD_POCZT":"32-400","NAZWA_ULC":"Mostowa","NAZWA_GMI":"Myślenice","NAZWA_MSC":"Myślenice","odleglosc_m":59.4,"strefa":"50-200 m","warstwa":"adresy"},"geometry":{"type":"Point","coordinates":[19.941992,49.823267]}},{"type":"Feature","properties":{"NUMER_PORZ":"45a","KOD_POCZT":"32-400","NAZWA_ULC":"Mostowa","NAZWA_GMI":"Myślenice","NAZWA_MSC":"Myślenice","odleglosc_m":46.0,"strefa":"30-50 m","warstwa":"adresy"},"geometry":{"type":"Point","coordinates":[19.940699,49.822058]}},{"type":"Feature","properties":{"NUMER_PORZ":"1","KOD_POCZT":"32-400","NAZWA_ULC":"Krótka","NAZWA_GMI":"Myślenice","NAZWA_MSC":"Myślenice","odleglosc_m":68.8,"strefa":"50-200 m","warstwa":"adresy"},"geometry":{"type":"Point","coordinates":[19.943294,49.824359]}},{"type":"Feature","properties":{"NUMER_PORZ":"5","KOD_POCZT":"32-400","NAZWA_ULC":"Generała Leopolda Okulickiego","NAZWA_GMI":"Myślenice","NAZWA_MSC":"Myślenice","odleglosc_m":192.3,"strefa":"50-200 m","warstwa":"adresy"},"geometry":{"type":"Point","coordinates":[19.946606,49.835018]}},{"type":"Feature","properties":{"NUMER_PORZ":"20","KOD_POCZT":"32-400","NAZWA_ULC":"Adama Asnyka","NAZWA_GMI":"Myślenice","NAZWA_MSC":"Myślenice","odleglosc_m":58.2,"strefa":"50-200 m","warstwa":"adresy"},"geometry":{"type":"Point","coordinates":[19.946022,49.841073]}},{"type":"Feature","properties":{"NUMER_PORZ":"35c","KOD_POCZT":"32-400","NAZWA_ULC":"Marszałka Józefa Piłsudskiego","NAZWA_GMI":"Myślenice","NAZWA_MSC":"Myślenice","odleglosc_m":14.8,"strefa":"0-20 m","warstwa":"adresy"},"geometry":{"type":"Point","coordinates":[19.944919,49.826511]}},{"type":"Feature","properties":{"NUMER_PORZ":"55b","KOD_POCZT":"32-400","NAZWA_ULC":"Kazimierza Wielkiego","NAZWA_GMI":"Myślenice","NAZWA_MSC":"Myślenice","odleglosc_m":73.5,"strefa":"50-200 m","warstwa":"adresy"},"geometry":{"type":"Point","coordinates":[19.948883,49.83867]}},{"type":"Feature","properties":{"NUMER_PORZ":"16","KOD_POCZT":"32-400","NAZWA_ULC":"Ignacego Daszyńskiego","NAZWA_GMI":"Myślenice","NAZWA_MSC":"Myślenice","odleglosc_m":188.7,"strefa":"50-200 m","warstwa":"adresy"},"geometry":{"type":"Point","coordinates":[19.940785,49.826568]}},{"type":"Feature","properties":{"NUMER_PORZ":"64","KOD_POCZT":"32-400","NAZWA_ULC":"Juliusza Słowackiego","NAZWA_GMI":"Myślenice","NAZWA_MSC":"Myślenice","odleglosc_m":41.0,"strefa":"30-50 m","warstwa":"adresy"},"geometry":{"type":"Point","coordinates":[19.949559,49.833298]}},{"type":"Feature","properties":{"NUMER_PORZ":"53","KOD_POCZT":"32-400","NAZWA_ULC":"Mostowa","NAZWA_GMI":"Myślenice","NAZWA_MSC":"Myślenice","odleglosc_m":15.6,"strefa":"0-20 m","warstwa":"adresy"},"geometry":{"type":"Point","coordinates":[19.939095,49.821121]}},{"type":"Feature","properties":{"NUMER_PORZ":"38a","KOD_POCZT":"32-400","NAZWA_ULC":"Henryka Sienkiewicza","NAZWA_GMI":"Myślenice","NAZWA_MSC":"Myślenice","odleglosc_m":155.6,"strefa":"50-200 m","warstwa":"adresy"},"geometry":{"type":"Point","coordinates":[19.942492,49.843318]}},{"type":"Feature","properties":{"NUMER_PORZ":"5","KOD_POCZT":"32-400","NAZWA_ULC":"Krótka","NAZWA_GMI":"Myślenice","NAZWA_MSC":"Myślenice","odleglosc_m":93.7,"strefa":"50-200 m","warstwa":"adresy"},"geometry":{"type":"Point","coordinates":[19.943221,49.82388]}},{"type":"Feature","properties":{"NUMER_PORZ":"8","KOD_POCZT":"32-400","NAZWA_ULC":"Generała Leopolda Okulickiego","NAZWA_GMI":"Myślenice","NAZWA_MSC":"Myślenice","odleglosc_m":159.4,"strefa":"50-200 m","warstwa":"adresy"},"geometry":{"type":"Point","coordinates":[19.947092,49.8349]}},{"type":"Feature","properties":{"NUMER_PORZ":"27","KOD_POCZT":"32-400","NAZWA_ULC":"Szpitalna","NAZWA_GMI":"Myślenice","NAZWA_MSC":"Myślenice","odleglosc_m":19.3,"strefa":"0-20 m","warstwa":"adresy"},"geometry":{"type":"Point","coordinates":[19.950995,49.830234]}},{"type":"Feature","properties":{"NUMER_PORZ":"56","KOD_POCZT":"32-400","NAZWA_ULC":"Juliusza Słowackiego","NAZWA_GMI":"Myślenice","NAZWA_MSC":"Myślenice","odleglosc_m":155.7,"strefa":"50-200 m","warstwa":"adresy"},"geometry":{"type":"Point","coordinates":[19.947985,49.833103]}},{"type":"Feature","properties":{"NUMER_PORZ":"17","KOD_POCZT":"32-400","NAZWA_ULC":"Senatorska","NAZWA_GMI":"Myślenice","NAZWA_MSC":"Myślenice","odleglosc_m":153.6,"strefa":"50-200 m","warstwa":"adresy"},"geometry":{"type":"Point","coordinates":[19.94869,49.831592]}},{"type":"Feature","properties":{"NUMER_PORZ":"29","KOD_POCZT":"32-400","NAZWA_ULC":"Marszałka Józefa Piłsudskiego","NAZWA_GMI":"Myślenice","NAZWA_MSC":"Myślenice","odleglosc_m":105.4,"strefa":"50-200 m","warstwa":"adresy"},"geometry":{"type":"Point","coordinates":[19.943856,49.827095]}},{"type":"Feature","properties":{"NUMER_PORZ":"1","KOD_POCZT":"32-400","NAZWA_ULC":"Kornela Ujejskiego","NAZWA_GMI":"Myślenice","NAZWA_MSC":"Myślenice","odleglosc_m":51.8,"strefa":"50-200 m","warstwa":"adresy"},"geometry":{"type":"Point","coordinates":[19.947199,49.839927]}},{"type":"Feature","properties":{"NUMER_PORZ":"38","KOD_POCZT":"32-400","NAZWA_ULC":"Henryka Sienkiewicza","NAZWA_GMI":"Myślenice","NAZWA_MSC":"Myślenice","odleglosc_m":184.3,"strefa":"50-200 m","warstwa":"adresy"},"geometry":{"type":"Point","coordinates":[19.942398,49.843595]}},{"type":"Feature","properties":{"NUMER_PORZ":"26a","KOD_POCZT":"32-400","NAZWA_ULC":"Adama Asnyka","NAZWA_GMI":"Myślenice","NAZWA_MSC":"Myślenice","odleglosc_m":144.3,"strefa":"50-200 m","warstwa":"adresy"},"geometry":{"type":"Point","coordinates":[19.945851,49.842208]}},{"type":"Feature","properties":{"NUMER_PORZ":"8c","KOD_POCZT":"32-400","NAZWA_ULC":"Tarnówka","NAZWA_GMI":"Myślenice","NAZWA_MSC":"Myślenice","odleglosc_m":79.4,"strefa":"50-200 m","warstwa":"adresy"},"geometry":{"type":"Point","coordinates":[19.923637,49.850457]}},{"type":"Feature","properties":{"NUMER_PORZ":"1","KOD_POCZT":"32-400","NAZWA_ULC":"Władysława Reymonta","NAZWA_GMI":"Myślenice","NAZWA_MSC":"Myślenice","odleglosc_m":133.8,"strefa":"50-200 m","warstwa":"adresy"},"geometry":{"type":"Point","coordinates":[19.948993,49.829381]}},{"type":"Feature","properties":{"NUMER_PORZ":"26","KOD_POCZT":"32-400","NAZWA_ULC":"Jagiellońska","NAZWA_GMI":"Myślenice","NAZWA_MSC":"Myślenice","odleglosc_m":134.6,"strefa":"50-200 m","warstwa":"adresy"},"geometry":{"type":"Point","coordinates":[19.949336,49.830659]}},{"type":"Feature","properties":{"NUMER_PORZ":"53","KOD_POCZT":"32-400","NAZWA_ULC":"Ignacego Daszyńskiego","NAZWA_GMI":"Myślenice","NAZWA_MSC":"Myślenice","odleglosc_m":112.2,"strefa":"50-200 m","warstwa":"adresy"},"geometry":{"type":"Point","coordinates":[19.931064,49.819161]}},{"type":"Feature","properties":{"NUMER_PORZ":"20","KOD_POCZT":"32-400","NAZWA_ULC":"Słoneczna","NAZWA_GMI":"Myślenice","NAZWA_MSC":"Myślenice","odleglosc_m":43.5,"strefa":"30-50 m","warstwa":"adresy"},"geometry":{"type":"Point","coordinates":[19.950449,49.831217]}},{"type":"Feature","properties":{"NUMER_PORZ":"41a","KOD_POCZT":"32-400","NAZWA_ULC":"Ignacego Daszyńskiego","NAZWA_GMI":"Myślenice","NAZWA_MSC":"Myślenice","odleglosc_m":104.7,"strefa":"50-200 m","warstwa":"adresy"},"geometry":{"type":"Point","coordinates":[19.934313,49.820268]}},{"type":"Feature","properties":{"NUMER_PORZ":"42b","KOD_POCZT":"32-400","NAZWA_ULC":"Ignacego Daszyńskiego","NAZWA_GMI":"Myślenice","NAZWA_MSC":"Myślenice","odleglosc_m":165.5,"strefa":"50-200 m","warstwa":"adresy"},"geometry":{"type":"Point","coordinates":[19.933823,49.820714]}},{"type":"Feature","properties":{"NUMER_PORZ":"27b","KOD_POCZT":"32-400","NAZWA_ULC":"Jagiellońska","NAZWA_GMI":"Myślenice","NAZWA_MSC":"Myślenice","odleglosc_m":145.7,"strefa":"50-200 m","warstwa":"adresy"},"geometry":{"type":"Point","coordinates":[19.949055,49.83103]}},{"type":"Feature","properties":{"NUMER_PORZ":"42a","KOD_POCZT":"32-400","NAZWA_ULC":"Kazimierza Wielkiego","NAZWA_GMI":"Myślenice","NAZWA_MSC":"Myślenice","odleglosc_m":55.3,"strefa":"50-200 m","warstwa":"adresy"},"geometry":{"type":"Point","coordinates":[19.947468,49.837432]}},{"type":"Feature","properties":{"NUMER_PORZ":"61","KOD_POCZT":"32-400","NAZWA_ULC":"Kazimierza Wielkiego","NAZWA_GMI":"Myślenice","NAZWA_MSC":"Myślenice","odleglosc_m":160.5,"strefa":"50-200 m","warstwa":"adresy"},"geometry":{"type":"Point","coordinates":[19.949943,49.839063]}},{"type":"Feature","properties":{"NUMER_PORZ":"23","KOD_POCZT":"32-400","NAZWA_ULC":"Senatorska","NAZWA_GMI":"Myślenice","NAZWA_MSC":"Myślenice","odleglosc_m":123.0,"strefa":"50-200 m","warstwa":"adresy"},"geometry":{"type":"Point","coordinates":[19.948993,49.831851]}},{"type":"Feature","properties":{"NUMER_PORZ":"25","KOD_POCZT":"32-400","NAZWA_ULC":"Jana Sobieskiego","NAZWA_GMI":"Myślenice","NAZWA_MSC":"Myślenice","odleglosc_m":109.7,"strefa":"50-200 m","warstwa":"adresy"},"geometry":{"type":"Point","coordinates":[19.927359,49.842559]}},{"type":"Feature","properties":{"NUMER_PORZ":"70","KOD_POCZT":"32-400","NAZWA_ULC":"Juliusza Słowackiego","NAZWA_GMI":"Myślenice","NAZWA_MSC":"Myślenice","odleglosc_m":122.9,"strefa":"50-200 m","warstwa":"adresy"},"geometry":{"type":"Point","coordinates":[19.952031,49.833927]}},{"type":"Feature","properties":{"NUMER_PORZ":"24e","KOD_POCZT":"32-400","NAZWA_ULC":"Jana Sobieskiego","NAZWA_GMI":"Myślenice","NAZWA_MSC":"Myślenice","odleglosc_m":146.3,"strefa":"50-200 m","warstwa":"adresy"},"geometry":{"type":"Point","coordinates":[19.936543,49.840724]}},{"type":"Feature","properties":{"NUMER_PORZ":"2a","KOD_POCZT":"32-400","NAZWA_ULC":"Słoneczna","NAZWA_GMI":"Myślenice","NAZWA_MSC":"Myślenice","odleglosc_m":101.9,"strefa":"50-200 m","warstwa":"adresy"},"geometry":{"type":"Point","coordinates":[19.947271,49.836664]}},{"type":"Feature","properties":{"NUMER_PORZ":"4","KOD_POCZT":"32-400","NAZWA_ULC":"Adama Asnyka","NAZWA_GMI":"Myślenice","NAZWA_MSC":"Myślenice","odleglosc_m":13.3,"strefa":"0-20 m","warstwa":"adresy"},"geometry":{"type":"Point","coordinates":[19.94703,49.839466]}},{"type":"Feature","properties":{"NUMER_PORZ":"15K","KOD_POCZT":"32-400","NAZWA_ULC":"Jana Sobieskiego","NAZWA_GMI":"Myślenice","NAZWA_MSC":"Myślenice","odleglosc_m":160.8,"strefa":"50-200 m","warstwa":"adresy"},"geometry":{"type":"Point","coordinates":[19.92982,49.841262]}},{"type":"Feature","properties":{"NUMER_PORZ":"35e","KOD_POCZT":"32-400","NAZWA_ULC":"Ignacego Daszyńskiego","NAZWA_GMI":"Myślenice","NAZWA_MSC":"Myślenice","odleglosc_m":127.2,"strefa":"50-200 m","warstwa":"adresy"},"geometry":{"type":"Point","coordinates":[19.937631,49.822583]}},{"type":"Feature","properties":{"NUMER_PORZ":"53b","KOD_POCZT":"32-400","NAZWA_ULC":"Kazimierza Wielkiego","NAZWA_GMI":"Myślenice","NAZWA_MSC":"Myślenice","odleglosc_m":49.1,"strefa":"30-50 m","warstwa":"adresy"},"geometry":{"type":"Point","coordinates":[19.948528,49.838619]}},{"type":"Feature","properties":{"NUMER_PORZ":"6c","KOD_POCZT":"32-400","NAZWA_ULC":"Tarnówka","NAZWA_GMI":"Myślenice","NAZWA_MSC":"Myślenice","odleglosc_m":44.3,"strefa":"30-50 m","warstwa":"adresy"},"geometry":{"type":"Point","coordinates":[19.924932,49.849271]}},{"type":"Feature","properties":{"NUMER_PORZ":"25","KOD_POCZT":"32-400","NAZWA_ULC":"Słoneczna","NAZWA_GMI":"Myślenice","NAZWA_MSC":"Myślenice","odleglosc_m":71.5,"strefa":"50-200 m","warstwa":"adresy"},"geometry":{"type":"Point","coordinates":[19.950044,49.831222]}},{"type":"Feature","properties":{"NUMER_PORZ":"22a","KOD_POCZT":"32-400","NAZWA_ULC":"Ignacego Daszyńskiego","NAZWA_GMI":"Myślenice","NAZWA_MSC":"Myślenice","odleglosc_m":157.1,"strefa":"50-200 m","warstwa":"adresy"},"geometry":{"type":"Point","coordinates":[19.940824,49.826178]}},{"type":"Feature","properties":{"NUMER_PORZ":"4I","KOD_POCZT":"32-400","NAZWA_ULC":"Tarnówka","NAZWA_GMI":"Myślenice","NAZWA_MSC":"Myślenice","odleglosc_m":27.5,"strefa":"20-30 m","warstwa":"adresy"},"geometry":{"type":"Point","coordinates":[19.925369,49.84865]}},{"type":"Feature","properties":{"NUMER_PORZ":"62A","KOD_POCZT":"32-400","NAZWA_ULC":"Juliusza Słowackiego","NAZWA_GMI":"Myślenice","NAZWA_MSC":"Myślenice","odleglosc_m":95.9,"strefa":"50-200 m","warstwa":"adresy"},"geometry":{"type":"Point","coordinates":[19.948823,49.833029]}},{"type":"Feature","properties":{"NUMER_PORZ":"10A","KOD_POCZT":"32-400","NAZWA_ULC":"Kornela Ujejskiego","NAZWA_GMI":"Myślenice","NAZWA_MSC":"Myślenice","odleglosc_m":163.3,"strefa":"50-200 m","warstwa":"adresy"},"geometry":{"type":"Point","coordinates":[19.949136,49.839863]}},{"type":"Feature","properties":{"NUMER_PORZ":"9","KOD_POCZT":"32-400","NAZWA_ULC":"Generała Leopolda Okulickiego","NAZWA_GMI":"Myślenice","NAZWA_MSC":"Myślenice","odleglosc_m":163.7,"strefa":"50-200 m","warstwa":"adresy"},"geometry":{"type":"Point","coordinates":[19.946992,49.835093]}},{"type":"Feature","properties":{"NUMER_PORZ":"32","KOD_POCZT":"32-400","NAZWA_ULC":"Kazimierza Wielkiego","NAZWA_GMI":"Myślenice","NAZWA_MSC":"Myślenice","odleglosc_m":150.3,"strefa":"50-200 m","warstwa":"adresy"},"geometry":{"type":"Point","coordinates":[19.94648,49.836787]}},{"type":"Feature","properties":{"NUMER_PORZ":"37","KOD_POCZT":"32-400","NAZWA_ULC":"Kazimierza Wielkiego","NAZWA_GMI":"Myślenice","NAZWA_MSC":"Myślenice","odleglosc_m":78.6,"strefa":"50-200 m","warstwa":"adresy"},"geometry":{"type":"Point","coordinates":[19.946889,49.837589]}},{"type":"Feature","properties":{"NUMER_PORZ":"9","KOD_POCZT":"32-400","NAZWA_ULC":"Mikołaja Kopernika","NAZWA_GMI":"Myślenice","NAZWA_MSC":"Myślenice","odleglosc_m":152.0,"strefa":"50-200 m","warstwa":"adresy"},"geometry":{"type":"Point","coordinates":[19.941965,49.826809]}},{"type":"Feature","properties":{"NUMER_PORZ":"51a","KOD_POCZT":"32-400","NAZWA_ULC":"Ignacego Daszyńskiego","NAZWA_GMI":"Myślenice","NAZWA_MSC":"Myślenice","odleglosc_m":21.5,"strefa":"20-30 m","warstwa":"adresy"},"geometry":{"type":"Point","coordinates":[19.932068,49.81858]}},{"type":"Feature","properties":{"NUMER_PORZ":"14","KOD_POCZT":"32-400","NAZWA_ULC":"Tarnówka","NAZWA_GMI":"Myślenice","NAZWA_MSC":"Myślenice","odleglosc_m":32.6,"strefa":"30-50 m","warstwa":"adresy"},"geometry":{"type":"Point","coordinates":[19.92084,49.851339]}},{"type":"Feature","properties":{"NUMER_PORZ":"11","KOD_POCZT":"32-400","NAZWA_ULC":"Elizy Orzeszkowej","NAZWA_GMI":"Myślenice","NAZWA_MSC":"Myślenice","odleglosc_m":137.2,"strefa":"50-200 m","warstwa":"adresy"},"geometry":{"type":"Point","coordinates":[19.947659,49.840866]}},{"type":"Feature","properties":{"NUMER_PORZ":"14","KOD_POCZT":"32-400","NAZWA_ULC":"Elizy Orzeszkowej","NAZWA_GMI":"Myślenice","NAZWA_MSC":"Myślenice","odleglosc_m":186.0,"strefa":"50-200 m","warstwa":"adresy"},"geometry":{"type":"Point","coordinates":[19.948202,49.841132]}},{"type":"Feature","properties":{"NUMER_PORZ":"35b","KOD_POCZT":"32-400","NAZWA_ULC":"Marszałka Józefa Piłsudskiego","NAZWA_GMI":"Myślenice","NAZWA_MSC":"Myślenice","odleglosc_m":16.6,"strefa":"0-20 m","warstwa":"adresy"},"geometry":{"type":"Point","coordinates":[19.944789,49.82649]}},{"type":"Feature","properties":{"NUMER_PORZ":"18","KOD_POCZT":"32-400","NAZWA_ULC":"Elizy Orzeszkowej","NAZWA_GMI":"Myślenice","NAZWA_MSC":"Myślenice","odleglosc_m":191.4,"strefa":"50-200 m","warstwa":"adresy"},"geometry":{"type":"Point","coordinates":[19.948032,49.841371]}},{"type":"Feature","properties":{"NUMER_PORZ":"28","KOD_POCZT":"32-400","NAZWA_ULC":"Słoneczna","NAZWA_GMI":"Myślenice","NAZWA_MSC":"Myślenice","odleglosc_m":41.6,"strefa":"30-50 m","warstwa":"adresy"},"geometry":{"type":"Point","coordinates":[19.950681,49.830379]}},{"type":"Feature","properties":{"NUMER_PORZ":"19","KOD_POCZT":"32-400","NAZWA_ULC":"Słoneczna","NAZWA_GMI":"Myślenice","NAZWA_MSC":"Myślenice","odleglosc_m":70.0,"strefa":"50-200 m","warstwa":"adresy"},"geometry":{"type":"Point","coordinates":[19.949489,49.832313]}},{"type":"Feature","properties":{"NUMER_PORZ":"3","KOD_POCZT":"32-400","NAZWA_ULC":"Mikołaja Kopernika","NAZWA_GMI":"Myślenice","NAZWA_MSC":"Myślenice","odleglosc_m":112.7,"strefa":"50-200 m","warstwa":"adresy"},"geometry":{"type":"Point","coordinates":[19.94267,49.826737]}},{"type":"Feature","properties":{"NUMER_PORZ":"4","KOD_POCZT":"32-400","NAZWA_ULC":"Mostowa","NAZWA_GMI":"Myślenice","NAZWA_MSC":"Myślenice","odleglosc_m":0.0,"strefa":"w śladzie","warstwa":"adresy"},"geometry":{"type":"Point","coordinates":[19.942803,49.82501]}},{"type":"Feature","properties":{"NUMER_PORZ":"14","KOD_POCZT":"32-400","NAZWA_ULC":"Senatorska","NAZWA_GMI":"Myślenice","NAZWA_MSC":"Myślenice","odleglosc_m":199.3,"strefa":"50-200 m","warstwa":"adresy"},"geometry":{"type":"Point","coordinates":[19.948154,49.831325]}},{"type":"Feature","properties":{"NUMER_PORZ":"11a","KOD_POCZT":"32-400","NAZWA_ULC":"Senatorska","NAZWA_GMI":"Myślenice","NAZWA_MSC":"Myślenice","odleglosc_m":178.7,"strefa":"50-200 m","warstwa":"adresy"},"geometry":{"type":"Point","coordinates":[19.948225,49.83175]}},{"type":"Feature","properties":{"NUMER_PORZ":"22a","KOD_POCZT":"32-400","NAZWA_ULC":"Adama Asnyka","NAZWA_GMI":"Myślenice","NAZWA_MSC":"Myślenice","odleglosc_m":113.0,"strefa":"50-200 m","warstwa":"adresy"},"geometry":{"type":"Point","coordinates":[19.946049,49.84174]}},{"type":"Feature","properties":{"NUMER_PORZ":"33","KOD_POCZT":"32-400","NAZWA_ULC":"Ignacego Daszyńskiego","NAZWA_GMI":"Myślenice","NAZWA_MSC":"Myślenice","odleglosc_m":27.2,"strefa":"20-30 m","warstwa":"adresy"},"geometry":{"type":"Point","coordinates":[19.93897,49.822237]}},{"type":"Feature","properties":{"NUMER_PORZ":"22b","KOD_POCZT":"32-400","NAZWA_ULC":"Kazimierza Wielkiego","NAZWA_GMI":"Myślenice","NAZWA_MSC":"Myślenice","odleglosc_m":194.5,"strefa":"50-200 m","warstwa":"adresy"},"geometry":{"type":"Point","coordinates":[19.945878,49.836682]}},{"type":"Feature","properties":{"NUMER_PORZ":"19e","KOD_POCZT":"32-400","NAZWA_ULC":"Ignacego Kraszewskiego","NAZWA_GMI":"Myślenice","NAZWA_MSC":"Myślenice","odleglosc_m":143.5,"strefa":"50-200 m","warstwa":"adresy"},"geometry":{"type":"Point","coordinates":[19.944508,49.838926]}},{"type":"Feature","properties":{"NUMER_PORZ":"8E","KOD_POCZT":"32-400","NAZWA_ULC":"Tarnówka","NAZWA_GMI":"Myślenice","NAZWA_MSC":"Myślenice","odleglosc_m":64.8,"strefa":"50-200 m","warstwa":"adresy"},"geometry":{"type":"Point","coordinates":[19.924118,49.85003]}},{"type":"Feature","properties":{"NUMER_PORZ":"33e","KOD_POCZT":"32-400","NAZWA_ULC":"Kazimierza Wielkiego","NAZWA_GMI":"Myślenice","NAZWA_MSC":"Myślenice","odleglosc_m":113.3,"strefa":"50-200 m","warstwa":"adresy"},"geometry":{"type":"Point","coordinates":[19.946488,49.837413]}},{"type":"Feature","properties":{"NUMER_PORZ":"33","KOD_POCZT":"32-400","NAZWA_ULC":"Jagiellońska","NAZWA_GMI":"Myślenice","NAZWA_MSC":"Myślenice","odleglosc_m":86.0,"strefa":"50-200 m","warstwa":"adresy"},"geometry":{"type":"Point","coordinates":[19.94993,49.830959]}},{"type":"Feature","properties":{"NUMER_PORZ":"10","KOD_POCZT":"32-400","NAZWA_ULC":"Kazimierza Przerwy-Tetmajera","NAZWA_GMI":"Myślenice","NAZWA_MSC":"Myślenice","odleglosc_m":141.7,"strefa":"50-200 m","warstwa":"adresy"},"geometry":{"type":"Point","coordinates":[19.947427,49.841147]}},{"type":"Feature","properties":{"NUMER_PORZ":"12a","KOD_POCZT":"32-400","NAZWA_ULC":"Tarnówka","NAZWA_GMI":"Myślenice","NAZWA_MSC":"Myślenice","odleglosc_m":38.6,"strefa":"30-50 m","warstwa":"adresy"},"geometry":{"type":"Point","coordinates":[19.921199,49.851236]}},{"type":"Feature","properties":{"NUMER_PORZ":"67","KOD_POCZT":"32-400","NAZWA_ULC":"Rajmunda Bergela","NAZWA_GMI":"Myślenice","NAZWA_MSC":"Myślenice","odleglosc_m":26.6,"strefa":"20-30 m","warstwa":"adresy"},"geometry":{"type":"Point","coordinates":[19.940543,49.824191]}},{"type":"Feature","properties":{"NUMER_PORZ":"3","KOD_POCZT":"32-400","NAZWA_ULC":"Mostowa","NAZWA_GMI":"Myślenice","NAZWA_MSC":"Myślenice","odleglosc_m":17.8,"strefa":"0-20 m","warstwa":"adresy"},"geometry":{"type":"Point","coordinates":[19.942496,49.82442]}},{"type":"Feature","properties":{"NUMER_PORZ":"55","KOD_POCZT":"32-400","NAZWA_ULC":"Rajmunda Bergela","NAZWA_GMI":"Myślenice","NAZWA_MSC":"Myślenice","odleglosc_m":137.1,"strefa":"50-200 m","warstwa":"adresy"},"geometry":{"type":"Point","coordinates":[19.940307,49.825434]}},{"type":"Feature","properties":{"NUMER_PORZ":"73a","KOD_POCZT":"32-400","NAZWA_ULC":"Rajmunda Bergela","NAZWA_GMI":"Myślenice","NAZWA_MSC":"Myślenice","odleglosc_m":101.6,"strefa":"50-200 m","warstwa":"adresy"},"geometry":{"type":"Point","coordinates":[19.939394,49.824052]}},{"type":"Feature","properties":{"NUMER_PORZ":"31","KOD_POCZT":"32-400","NAZWA_ULC":"Jagiellońska","NAZWA_GMI":"Myślenice","NAZWA_MSC":"Myślenice","odleglosc_m":107.4,"strefa":"50-200 m","warstwa":"adresy"},"geometry":{"type":"Point","coordinates":[19.949636,49.830928]}},{"type":"Feature","properties":{"NUMER_PORZ":"19a","KOD_POCZT":"32-400","NAZWA_ULC":"Jana Sobieskiego","NAZWA_GMI":"Myślenice","NAZWA_MSC":"Myślenice","odleglosc_m":49.1,"strefa":"30-50 m","warstwa":"adresy"},"geometry":{"type":"Point","coordinates":[19.928662,49.842643]}},{"type":"Feature","properties":{"NUMER_PORZ":"40i","KOD_POCZT":"32-400","NAZWA_ULC":"Jana Sobieskiego","NAZWA_GMI":"Myślenice","NAZWA_MSC":"Myślenice","odleglosc_m":134.7,"strefa":"50-200 m","warstwa":"adresy"},"geometry":{"type":"Point","coordinates":[19.9311,49.841327]}},{"type":"Feature","properties":{"NUMER_PORZ":"38a","KOD_POCZT":"32-400","NAZWA_ULC":"Jana Sobieskiego","NAZWA_GMI":"Myślenice","NAZWA_MSC":"Myślenice","odleglosc_m":119.4,"strefa":"50-200 m","warstwa":"adresy"},"geometry":{"type":"Point","coordinates":[19.932196,49.841372]}},{"type":"Feature","properties":{"NUMER_PORZ":"63","KOD_POCZT":"32-400","NAZWA_ULC":"Kazimierza Wielkiego","NAZWA_GMI":"Myślenice","NAZWA_MSC":"Myślenice","odleglosc_m":178.1,"strefa":"50-200 m","warstwa":"adresy"},"geometry":{"type":"Point","coordinates":[19.950152,49.839151]}},{"type":"Feature","properties":{"NUMER_PORZ":"16","KOD_POCZT":"32-400","NAZWA_ULC":"Senatorska","NAZWA_GMI":"Myślenice","NAZWA_MSC":"Myślenice","odleglosc_m":174.2,"strefa":"50-200 m","warstwa":"adresy"},"geometry":{"type":"Point","coordinates":[19.948502,49.831361]}},{"type":"Feature","properties":{"NUMER_PORZ":"75","KOD_POCZT":"32-400","NAZWA_ULC":"Ignacego Daszyńskiego","NAZWA_GMI":"Myślenice","NAZWA_MSC":"Myślenice","odleglosc_m":176.8,"strefa":"50-200 m","warstwa":"adresy"},"geometry":{"type":"Point","coordinates":[19.933551,49.820715]}},{"type":"Feature","properties":{"NUMER_PORZ":"40b","KOD_POCZT":"32-400","NAZWA_ULC":"Kazimierza Wielkiego","NAZWA_GMI":"Myślenice","NAZWA_MSC":"Myślenice","odleglosc_m":78.0,"strefa":"50-200 m","warstwa":"adresy"},"geometry":{"type":"Point","coordinates":[19.94746,49.836954]}},{"type":"Feature","properties":{"NUMER_PORZ":"14a","KOD_POCZT":"32-400","NAZWA_ULC":"Ignacego Kraszewskiego","NAZWA_GMI":"Myślenice","NAZWA_MSC":"Myślenice","odleglosc_m":175.7,"strefa":"50-200 m","warstwa":"adresy"},"geometry":{"type":"Point","coordinates":[19.944699,49.838183]}},{"type":"Feature","properties":{"NUMER_PORZ":"35c","KOD_POCZT":"32-400","NAZWA_ULC":"Ignacego Daszyńskiego","NAZWA_GMI":"Myślenice","NAZWA_MSC":"Myślenice","odleglosc_m":41.4,"strefa":"30-50 m","warstwa":"adresy"},"geometry":{"type":"Point","coordinates":[19.937072,49.820957]}},{"type":"Feature","properties":{"NUMER_PORZ":"4","KOD_POCZT":"32-400","NAZWA_ULC":"Słoneczna","NAZWA_GMI":"Myślenice","NAZWA_MSC":"Myślenice","odleglosc_m":41.6,"strefa":"30-50 m","warstwa":"adresy"},"geometry":{"type":"Point","coordinates":[19.949679,49.832716]}},{"type":"Feature","properties":{"NUMER_PORZ":"117a","KOD_POCZT":"32-400","NAZWA_ULC":"Rajmunda Bergela","NAZWA_GMI":"Myślenice","NAZWA_MSC":"Myślenice","odleglosc_m":169.8,"strefa":"50-200 m","warstwa":"adresy"},"geometry":{"type":"Point","coordinates":[19.936794,49.822517]}},{"type":"Feature","properties":{"NUMER_PORZ":"27a","KOD_POCZT":"32-400","NAZWA_ULC":"Kazimierza Wielkiego","NAZWA_GMI":"Myślenice","NAZWA_MSC":"Myślenice","odleglosc_m":152.5,"strefa":"50-200 m","warstwa":"adresy"},"geometry":{"type":"Point","coordinates":[19.945848,49.837454]}},{"type":"Feature","properties":{"NUMER_PORZ":"21","KOD_POCZT":"32-400","NAZWA_ULC":"Marszałka Józefa Piłsudskiego","NAZWA_GMI":"Myślenice","NAZWA_MSC":"Myślenice","odleglosc_m":182.3,"strefa":"50-200 m","warstwa":"adresy"},"geometry":{"type":"Point","coordinates":[19.943825,49.827844]}},{"type":"Feature","properties":{"NUMER_PORZ":"32f","KOD_POCZT":"32-400","NAZWA_ULC":"Jana Sobieskiego","NAZWA_GMI":"Myślenice","NAZWA_MSC":"Myślenice","odleglosc_m":104.1,"strefa":"50-200 m","warstwa":"adresy"},"geometry":{"type":"Point","coordinates":[19.934692,49.841272]}},{"type":"Feature","properties":{"NUMER_PORZ":"25","KOD_POCZT":"32-400","NAZWA_ULC":"Szpitalna","NAZWA_GMI":"Myślenice","NAZWA_MSC":"Myślenice","odleglosc_m":75.4,"strefa":"50-200 m","warstwa":"adresy"},"geometry":{"type":"Point","coordinates":[19.950212,49.830157]}},{"type":"Feature","properties":{"NUMER_PORZ":"16","KOD_POCZT":"32-400","NAZWA_ULC":"Stefana Batorego","NAZWA_GMI":"Myślenice","NAZWA_MSC":"Myślenice","odleglosc_m":107.3,"strefa":"50-200 m","warstwa":"adresy"},"geometry":{"type":"Point","coordinates":[19.948956,49.832275]}},{"type":"Feature","properties":{"NUMER_PORZ":"54","KOD_POCZT":"32-400","NAZWA_ULC":"Juliusza Słowackiego","NAZWA_GMI":"Myślenice","NAZWA_MSC":"Myślenice","odleglosc_m":177.4,"strefa":"50-200 m","warstwa":"adresy"},"geometry":{"type":"Point","coordinates":[19.947689,49.833006]}},{"type":"Feature","properties":{"NUMER_PORZ":"26d","KOD_POCZT":"32-400","NAZWA_ULC":"Ignacego Daszyńskiego","NAZWA_GMI":"Myślenice","NAZWA_MSC":"Myślenice","odleglosc_m":5.1,"strefa":"0-20 m","warstwa":"adresy"},"geometry":{"type":"Point","coordinates":[19.940445,49.823232]}},{"type":"Feature","properties":{"NUMER_PORZ":"43a","KOD_POCZT":"32-400","NAZWA_ULC":"Juliusza Słowackiego","NAZWA_GMI":"Myślenice","NAZWA_MSC":"Myślenice","odleglosc_m":135.0,"strefa":"50-200 m","warstwa":"adresy"},"geometry":{"type":"Point","coordinates":[19.948044,49.833644]}},{"type":"Feature","properties":{"NUMER_PORZ":"26a","KOD_POCZT":"32-400","NAZWA_ULC":"Kazimierza Wielkiego","NAZWA_GMI":"Myślenice","NAZWA_MSC":"Myślenice","odleglosc_m":155.4,"strefa":"50-200 m","warstwa":"adresy"},"geometry":{"type":"Point","coordinates":[19.946284,49.836943]}},{"type":"Feature","properties":{"NUMER_PORZ":"33","KOD_POCZT":"32-400","NAZWA_ULC":"Marszałka Józefa Piłsudskiego","NAZWA_GMI":"Myślenice","NAZWA_MSC":"Myślenice","odleglosc_m":65.0,"strefa":"50-200 m","warstwa":"adresy"},"geometry":{"type":"Point","coordinates":[19.943894,49.826701]}},{"type":"Feature","properties":{"NUMER_PORZ":"26","KOD_POCZT":"32-400","NAZWA_ULC":"Słoneczna","NAZWA_GMI":"Myślenice","NAZWA_MSC":"Myślenice","odleglosc_m":43.2,"strefa":"30-50 m","warstwa":"adresy"},"geometry":{"type":"Point","coordinates":[19.950638,49.830561]}},{"type":"Feature","properties":{"NUMER_PORZ":"4c","KOD_POCZT":"32-400","NAZWA_ULC":"Słoneczna","NAZWA_GMI":"Myślenice","NAZWA_MSC":"Myślenice","odleglosc_m":54.5,"strefa":"50-200 m","warstwa":"adresy"},"geometry":{"type":"Point","coordinates":[19.949398,49.833047]}},{"type":"Feature","properties":{"NUMER_PORZ":"42a","KOD_POCZT":"32-400","NAZWA_ULC":"Jana Sobieskiego","NAZWA_GMI":"Myślenice","NAZWA_MSC":"Myślenice","odleglosc_m":66.9,"strefa":"50-200 m","warstwa":"adresy"},"geometry":{"type":"Point","coordinates":[19.92979,49.842149]}},{"type":"Feature","properties":{"NUMER_PORZ":"32g","KOD_POCZT":"32-400","NAZWA_ULC":"Jana Sobieskiego","NAZWA_GMI":"Myślenice","NAZWA_MSC":"Myślenice","odleglosc_m":102.6,"strefa":"50-200 m","warstwa":"adresy"},"geometry":{"type":"Point","coordinates":[19.934903,49.841267]}},{"type":"Feature","properties":{"NUMER_PORZ":"19","KOD_POCZT":"32-400","NAZWA_ULC":"Jana Sobieskiego","NAZWA_GMI":"Myślenice","NAZWA_MSC":"Myślenice","odleglosc_m":52.0,"strefa":"50-200 m","warstwa":"adresy"},"geometry":{"type":"Point","coordinates":[19.928532,49.842665]}},{"type":"Feature","properties":{"NUMER_PORZ":"35b","KOD_POCZT":"32-400","NAZWA_ULC":"Ignacego Daszyńskiego","NAZWA_GMI":"Myślenice","NAZWA_MSC":"Myślenice","odleglosc_m":42.0,"strefa":"30-50 m","warstwa":"adresy"},"geometry":{"type":"Point","coordinates":[19.938004,49.821675]}},{"type":"Feature","properties":{"NUMER_PORZ":"76","KOD_POCZT":"32-400","NAZWA_ULC":"Ignacego Daszyńskiego","NAZWA_GMI":"Myślenice","NAZWA_MSC":"Myślenice","odleglosc_m":197.9,"strefa":"50-200 m","warstwa":"adresy"},"geometry":{"type":"Point","coordinates":[19.93348,49.820913]}},{"type":"Feature","properties":{"NUMER_PORZ":"20","KOD_POCZT":"32-400","NAZWA_ULC":"Ignacego Kraszewskiego","NAZWA_GMI":"Myślenice","NAZWA_MSC":"Myślenice","odleglosc_m":80.4,"strefa":"50-200 m","warstwa":"adresy"},"geometry":{"type":"Point","coordinates":[19.945885,49.838574]}},{"type":"Feature","properties":{"NUMER_PORZ":"38a","KOD_POCZT":"32-400","NAZWA_ULC":"Marszałka Józefa Piłsudskiego","NAZWA_GMI":"Myślenice","NAZWA_MSC":"Myślenice","odleglosc_m":47.0,"strefa":"30-50 m","warstwa":"adresy"},"geometry":{"type":"Point","coordinates":[19.943697,49.824979]}},{"type":"Feature","properties":{"NUMER_PORZ":"17","KOD_POCZT":"32-400","NAZWA_ULC":"Jana Sobieskiego","NAZWA_GMI":"Myślenice","NAZWA_MSC":"Myślenice","odleglosc_m":135.3,"strefa":"50-200 m","warstwa":"adresy"},"geometry":{"type":"Point","coordinates":[19.929681,49.841528]}},{"type":"Feature","properties":{"NUMER_PORZ":"24c","KOD_POCZT":"32-400","NAZWA_ULC":"Ignacego Daszyńskiego","NAZWA_GMI":"Myślenice","NAZWA_MSC":"Myślenice","odleglosc_m":53.7,"strefa":"50-200 m","warstwa":"adresy"},"geometry":{"type":"Point","coordinates":[19.939434,49.822997]}},{"type":"Feature","properties":{"NUMER_PORZ":"55a","KOD_POCZT":"32-400","NAZWA_ULC":"Kazimierza Wielkiego","NAZWA_GMI":"Myślenice","NAZWA_MSC":"Myślenice","odleglosc_m":90.9,"strefa":"50-200 m","warstwa":"adresy"},"geometry":{"type":"Point","coordinates":[19.949272,49.838609]}},{"type":"Feature","properties":{"NUMER_PORZ":"2","KOD_POCZT":"32-400","NAZWA_ULC":"Galla Anonima","NAZWA_GMI":"Myślenice","NAZWA_MSC":"Myślenice","odleglosc_m":66.4,"strefa":"50-200 m","warstwa":"adresy"},"geometry":{"type":"Point","coordinates":[19.9429,49.826313]}},{"type":"Feature","properties":{"NUMER_PORZ":"40","KOD_POCZT":"32-400","NAZWA_ULC":"Marszałka Józefa Piłsudskiego","NAZWA_GMI":"Myślenice","NAZWA_MSC":"Myślenice","odleglosc_m":42.7,"strefa":"30-50 m","warstwa":"adresy"},"geometry":{"type":"Point","coordinates":[19.943409,49.824834]}},{"type":"Feature","properties":{"NUMER_PORZ":"14c","KOD_POCZT":"32-400","NAZWA_ULC":"Ignacego Kraszewskiego","NAZWA_GMI":"Myślenice","NAZWA_MSC":"Myślenice","odleglosc_m":162.7,"strefa":"50-200 m","warstwa":"adresy"},"geometry":{"type":"Point","coordinates":[19.944872,49.838223]}},{"type":"Feature","properties":{"NUMER_PORZ":"27d","KOD_POCZT":"32-400","NAZWA_ULC":"Henryka Sienkiewicza","NAZWA_GMI":"Myślenice","NAZWA_MSC":"Myślenice","odleglosc_m":64.2,"strefa":"50-200 m","warstwa":"adresy"},"geometry":{"type":"Point","coordinates":[19.940198,49.841275]}},{"type":"Feature","properties":{"NUMER_PORZ":"42","KOD_POCZT":"32-400","NAZWA_ULC":"Marszałka Józefa Piłsudskiego","NAZWA_GMI":"Myślenice","NAZWA_MSC":"Myślenice","odleglosc_m":87.7,"strefa":"50-200 m","warstwa":"adresy"},"geometry":{"type":"Point","coordinates":[19.943852,49.824548]}},{"type":"Feature","properties":{"NUMER_PORZ":"8","KOD_POCZT":"32-400","NAZWA_ULC":"Mikołaja Kopernika","NAZWA_GMI":"Myślenice","NAZWA_MSC":"Myślenice","odleglosc_m":179.8,"strefa":"50-200 m","warstwa":"adresy"},"geometry":{"type":"Point","coordinates":[19.941968,49.827147]}},{"type":"Feature","properties":{"NUMER_PORZ":"15","KOD_POCZT":"32-400","NAZWA_ULC":"Senatorska","NAZWA_GMI":"Myślenice","NAZWA_MSC":"Myślenice","odleglosc_m":175.6,"strefa":"50-200 m","warstwa":"adresy"},"geometry":{"type":"Point","coordinates":[19.948352,49.831611]}},{"type":"Feature","properties":{"NUMER_PORZ":"52","KOD_POCZT":"32-400","NAZWA_ULC":"Juliusza Słowackiego","NAZWA_GMI":"Myślenice","NAZWA_MSC":"Myślenice","odleglosc_m":199.8,"strefa":"50-200 m","warstwa":"adresy"},"geometry":{"type":"Point","coordinates":[19.947383,49.832945]}},{"type":"Feature","properties":{"NUMER_PORZ":"9","KOD_POCZT":"32-400","NAZWA_ULC":"Słoneczna","NAZWA_GMI":"Myślenice","NAZWA_MSC":"Myślenice","odleglosc_m":103.4,"strefa":"50-200 m","warstwa":"adresy"},"geometry":{"type":"Point","coordinates":[19.947802,49.835263]}},{"type":"Feature","properties":{"NUMER_PORZ":"2a","KOD_POCZT":"32-400","NAZWA_ULC":"Władysława Łokietka","NAZWA_GMI":"Myślenice","NAZWA_MSC":"Myślenice","odleglosc_m":152.8,"strefa":"50-200 m","warstwa":"adresy"},"geometry":{"type":"Point","coordinates":[19.949408,49.839442]}},{"type":"Feature","properties":{"NUMER_PORZ":"40h","KOD_POCZT":"32-400","NAZWA_ULC":"Jana Sobieskiego","NAZWA_GMI":"Myślenice","NAZWA_MSC":"Myślenice","odleglosc_m":112.2,"strefa":"50-200 m","warstwa":"adresy"},"geometry":{"type":"Point","coordinates":[19.931923,49.841457]}},{"type":"Feature","properties":{"NUMER_PORZ":"87","KOD_POCZT":"32-400","NAZWA_ULC":"Rajmunda Bergela","NAZWA_GMI":"Myślenice","NAZWA_MSC":"Myślenice","odleglosc_m":144.6,"strefa":"50-200 m","warstwa":"adresy"},"geometry":{"type":"Point","coordinates":[19.938903,49.824413]}},{"type":"Feature","properties":{"NUMER_PORZ":"11","KOD_POCZT":"32-400","NAZWA_ULC":"Generała Leopolda Okulickiego","NAZWA_GMI":"Myślenice","NAZWA_MSC":"Myślenice","odleglosc_m":144.0,"strefa":"50-200 m","warstwa":"adresy"},"geometry":{"type":"Point","coordinates":[19.947267,49.8351]}},{"type":"Feature","properties":{"NUMER_PORZ":"28c","KOD_POCZT":"32-400","NAZWA_ULC":"Jana Sobieskiego","NAZWA_GMI":"Myślenice","NAZWA_MSC":"Myślenice","odleglosc_m":152.1,"strefa":"50-200 m","warstwa":"adresy"},"geometry":{"type":"Point","coordinates":[19.935812,49.840729]}},{"type":"Feature","properties":{"NUMER_PORZ":"34a","KOD_POCZT":"32-400","NAZWA_ULC":"Ignacego Daszyńskiego","NAZWA_GMI":"Myślenice","NAZWA_MSC":"Myślenice","odleglosc_m":24.7,"strefa":"20-30 m","warstwa":"adresy"},"geometry":{"type":"Point","coordinates":[19.938793,49.822048]}},{"type":"Feature","properties":{"NUMER_PORZ":"5h","KOD_POCZT":"32-400","NAZWA_ULC":"Tarnówka","NAZWA_GMI":"Myślenice","NAZWA_MSC":"Myślenice","odleglosc_m":184.7,"strefa":"50-200 m","warstwa":"adresy"},"geometry":{"type":"Point","coordinates":[19.921879,49.848001]}},{"type":"Feature","properties":{"NUMER_PORZ":"6a","KOD_POCZT":"32-400","NAZWA_ULC":"Tarnówka","NAZWA_GMI":"Myślenice","NAZWA_MSC":"Myślenice","odleglosc_m":42.9,"strefa":"30-50 m","warstwa":"adresy"},"geometry":{"type":"Point","coordinates":[19.926265,49.847808]}},{"type":"Feature","properties":{"NUMER_PORZ":"4","KOD_POCZT":"32-400","NAZWA_ULC":"Generała Leopolda Okulickiego","NAZWA_GMI":"Myślenice","NAZWA_MSC":"Myślenice","odleglosc_m":194.0,"strefa":"50-200 m","warstwa":"adresy"},"geometry":{"type":"Point","coordinates":[19.946626,49.834809]}},{"type":"Feature","properties":{"NUMER_PORZ":"41","KOD_POCZT":"32-400","NAZWA_ULC":"Adama Mickiewicza","NAZWA_GMI":"Myślenice","NAZWA_MSC":"Myślenice","odleglosc_m":28.7,"strefa":"20-30 m","warstwa":"adresy"},"geometry":{"type":"Point","coordinates":[19.948634,49.8279]}},{"type":"Feature","properties":{"NUMER_PORZ":"79","KOD_POCZT":"32-400","NAZWA_ULC":"Rajmunda Bergela","NAZWA_GMI":"Myślenice","NAZWA_MSC":"Myślenice","odleglosc_m":122.8,"strefa":"50-200 m","warstwa":"adresy"},"geometry":{"type":"Point","coordinates":[19.939598,49.824814]}},{"type":"Feature","properties":{"NUMER_PORZ":"5a","KOD_POCZT":"32-400","NAZWA_ULC":"Kornela Ujejskiego","NAZWA_GMI":"Myślenice","NAZWA_MSC":"Myślenice","odleglosc_m":82.4,"strefa":"50-200 m","warstwa":"adresy"},"geometry":{"type":"Point","coordinates":[19.947576,49.840057]}},{"type":"Feature","properties":{"NUMER_PORZ":"49","KOD_POCZT":"32-400","NAZWA_ULC":"Mostowa","NAZWA_GMI":"Myślenice","NAZWA_MSC":"Myślenice","odleglosc_m":64.2,"strefa":"50-200 m","warstwa":"adresy"},"geometry":{"type":"Point","coordinates":[19.939246,49.820574]}},{"type":"Feature","properties":{"NUMER_PORZ":"4b","KOD_POCZT":"32-400","NAZWA_ULC":"Słoneczna","NAZWA_GMI":"Myślenice","NAZWA_MSC":"Myślenice","odleglosc_m":46.2,"strefa":"30-50 m","warstwa":"adresy"},"geometry":{"type":"Point","coordinates":[19.949534,49.832881]}},{"type":"Feature","properties":{"NUMER_PORZ":"24","KOD_POCZT":"32-400","NAZWA_ULC":"Ignacego Daszyńskiego","NAZWA_GMI":"Myślenice","NAZWA_MSC":"Myślenice","odleglosc_m":117.0,"strefa":"50-200 m","warstwa":"adresy"},"geometry":{"type":"Point","coordinates":[19.941004,49.825758]}},{"type":"Feature","properties":{"NUMER_PORZ":"13","KOD_POCZT":"32-400","NAZWA_ULC":"Armii Krajowej","NAZWA_GMI":"Myślenice","NAZWA_MSC":"Myślenice","odleglosc_m":189.0,"strefa":"50-200 m","warstwa":"adresy"},"geometry":{"type":"Point","coordinates":[19.946817,49.83438]}},{"type":"Feature","properties":{"NUMER_PORZ":"10","KOD_POCZT":"32-400","NAZWA_ULC":"Kornela Ujejskiego","NAZWA_GMI":"Myślenice","NAZWA_MSC":"Myślenice","odleglosc_m":177.6,"strefa":"50-200 m","warstwa":"adresy"},"geometry":{"type":"Point","coordinates":[19.949232,49.840004]}},{"type":"Feature","properties":{"NUMER_PORZ":"2","KOD_POCZT":"32-400","NAZWA_ULC":"Mostowa","NAZWA_GMI":"Myślenice","NAZWA_MSC":"Myślenice","odleglosc_m":9.6,"strefa":"0-20 m","warstwa":"adresy"},"geometry":{"type":"Point","coordinates":[19.942878,49.824888]}},{"type":"Feature","properties":{"NUMER_PORZ":"62","KOD_POCZT":"32-400","NAZWA_ULC":"Juliusza Słowackiego","NAZWA_GMI":"Myślenice","NAZWA_MSC":"Myślenice","odleglosc_m":96.6,"strefa":"50-200 m","warstwa":"adresy"},"geometry":{"type":"Point","coordinates":[19.948776,49.833248]}},{"type":"Feature","properties":{"NUMER_PORZ":"11","KOD_POCZT":"32-400","NAZWA_ULC":"Senatorska","NAZWA_GMI":"Myślenice","NAZWA_MSC":"Myślenice","odleglosc_m":192.6,"strefa":"50-200 m","warstwa":"adresy"},"geometry":{"type":"Point","coordinates":[19.948129,49.831559]}},{"type":"Feature","properties":{"NUMER_PORZ":"60","KOD_POCZT":"32-400","NAZWA_ULC":"Ignacego Daszyńskiego","NAZWA_GMI":"Myślenice","NAZWA_MSC":"Myślenice","odleglosc_m":20.5,"strefa":"20-30 m","warstwa":"adresy"},"geometry":{"type":"Point","coordinates":[19.924565,49.815119]}},{"type":"Feature","properties":{"NUMER_PORZ":"117","KOD_POCZT":"32-400","NAZWA_ULC":"Rajmunda Bergela","NAZWA_GMI":"Myślenice","NAZWA_MSC":"Myślenice","odleglosc_m":192.2,"strefa":"50-200 m","warstwa":"adresy"},"geometry":{"type":"Point","coordinates":[19.936492,49.82261]}},{"type":"Feature","properties":{"NUMER_PORZ":"10","KOD_POCZT":"32-400","NAZWA_ULC":"Władysława Reymonta","NAZWA_GMI":"Myślenice","NAZWA_MSC":"Myślenice","odleglosc_m":104.0,"strefa":"50-200 m","warstwa":"adresy"},"geometry":{"type":"Point","coordinates":[19.949081,49.829014]}},{"type":"Feature","properties":{"NUMER_PORZ":"6","KOD_POCZT":"32-400","NAZWA_ULC":"Generała Leopolda Okulickiego","NAZWA_GMI":"Myślenice","NAZWA_MSC":"Myślenice","odleglosc_m":176.0,"strefa":"50-200 m","warstwa":"adresy"},"geometry":{"type":"Point","coordinates":[19.94687,49.834848]}},{"type":"Feature","properties":{"NUMER_PORZ":"40","KOD_POCZT":"32-400","NAZWA_ULC":"Kazimierza Wielkiego","NAZWA_GMI":"Myślenice","NAZWA_MSC":"Myślenice","odleglosc_m":74.1,"strefa":"50-200 m","warstwa":"adresy"},"geometry":{"type":"Point","coordinates":[19.947166,49.837402]}},{"type":"Feature","properties":{"NUMER_PORZ":"2","KOD_POCZT":"32-400","NAZWA_ULC":"Drogowców","NAZWA_GMI":"Myślenice","NAZWA_MSC":"Myślenice","odleglosc_m":172.9,"strefa":"50-200 m","warstwa":"adresy"},"geometry":{"type":"Point","coordinates":[19.953565,49.832156]}},{"type":"Feature","properties":{"NUMER_PORZ":"64a","KOD_POCZT":"32-400","NAZWA_ULC":"Juliusza Słowackiego","NAZWA_GMI":"Myślenice","NAZWA_MSC":"Myślenice","odleglosc_m":32.6,"strefa":"30-50 m","warstwa":"adresy"},"geometry":{"type":"Point","coordinates":[19.9497,49.833087]}},{"type":"Feature","properties":{"NUMER_PORZ":"3b","KOD_POCZT":"32-400","NAZWA_ULC":"Tarnówka","NAZWA_GMI":"Myślenice","NAZWA_MSC":"Myślenice","odleglosc_m":118.2,"strefa":"50-200 m","warstwa":"adresy"},"geometry":{"type":"Point","coordinates":[19.924257,49.846206]}},{"type":"Feature","properties":{"NUMER_PORZ":"19","KOD_POCZT":"32-400","NAZWA_ULC":"Stefana Batorego","NAZWA_GMI":"Myślenice","NAZWA_MSC":"Myślenice","odleglosc_m":66.9,"strefa":"50-200 m","warstwa":"adresy"},"geometry":{"type":"Point","coordinates":[19.949363,49.832606]}},{"type":"Feature","properties":{"NUMER_PORZ":"27","KOD_POCZT":"32-400","NAZWA_ULC":"Marszałka Józefa Piłsudskiego","NAZWA_GMI":"Myślenice","NAZWA_MSC":"Myślenice","odleglosc_m":125.4,"strefa":"50-200 m","warstwa":"adresy"},"geometry":{"type":"Point","coordinates":[19.943836,49.827287]}},{"type":"Feature","properties":{"NUMER_PORZ":"29","KOD_POCZT":"32-400","NAZWA_ULC":"Słoneczna","NAZWA_GMI":"Myślenice","NAZWA_MSC":"Myślenice","odleglosc_m":64.0,"strefa":"50-200 m","warstwa":"adresy"},"geometry":{"type":"Point","coordinates":[19.95037,49.830386]}},{"type":"Feature","properties":{"NUMER_PORZ":"21a","KOD_POCZT":"32-400","NAZWA_ULC":"Ignacego Kraszewskiego","NAZWA_GMI":"Myślenice","NAZWA_MSC":"Myślenice","odleglosc_m":125.2,"strefa":"50-200 m","warstwa":"adresy"},"geometry":{"type":"Point","coordinates":[19.944898,49.838846]}},{"type":"Feature","properties":{"NUMER_PORZ":"18a","KOD_POCZT":"32-400","NAZWA_ULC":"Adama Asnyka","NAZWA_GMI":"Myślenice","NAZWA_MSC":"Myślenice","odleglosc_m":139.3,"strefa":"50-200 m","warstwa":"adresy"},"geometry":{"type":"Point","coordinates":[19.946552,49.841761]}},{"type":"Feature","properties":{"NUMER_PORZ":"42b","KOD_POCZT":"32-400","NAZWA_ULC":"Kazimierza Wielkiego","NAZWA_GMI":"Myślenice","NAZWA_MSC":"Myślenice","odleglosc_m":52.0,"strefa":"50-200 m","warstwa":"adresy"},"geometry":{"type":"Point","coordinates":[19.947814,49.837006]}},{"type":"Feature","properties":{"NUMER_PORZ":"33c","KOD_POCZT":"32-400","NAZWA_ULC":"Kazimierza Wielkiego","NAZWA_GMI":"Myślenice","NAZWA_MSC":"Myślenice","odleglosc_m":102.7,"strefa":"50-200 m","warstwa":"adresy"},"geometry":{"type":"Point","coordinates":[19.946493,49.837636]}},{"type":"Feature","properties":{"NUMER_PORZ":"38","KOD_POCZT":"32-400","NAZWA_ULC":"Armii Krajowej","NAZWA_GMI":"Myślenice","NAZWA_MSC":"Myślenice","odleglosc_m":100.3,"strefa":"50-200 m","warstwa":"adresy"},"geometry":{"type":"Point","coordinates":[19.948114,49.834331]}},{"type":"Feature","properties":{"NUMER_PORZ":"16a","KOD_POCZT":"32-400","NAZWA_ULC":"Tarnówka","NAZWA_GMI":"Myślenice","NAZWA_MSC":"Myślenice","odleglosc_m":29.1,"strefa":"20-30 m","warstwa":"adresy"},"geometry":{"type":"Point","coordinates":[19.922614,49.85045]}},{"type":"Feature","properties":{"NUMER_PORZ":"60a","KOD_POCZT":"32-400","NAZWA_ULC":"Ignacego Daszyńskiego","NAZWA_GMI":"Myślenice","NAZWA_MSC":"Myślenice","odleglosc_m":93.5,"strefa":"50-200 m","warstwa":"adresy"},"geometry":{"type":"Point","coordinates":[19.924017,49.815691]}},{"type":"Feature","properties":{"NUMER_PORZ":"21","KOD_POCZT":"32-400","NAZWA_ULC":"Rzemieślnicza","NAZWA_GMI":"Myślenice","NAZWA_MSC":"Myślenice","odleglosc_m":169.2,"strefa":"50-200 m","warstwa":"adresy"},"geometry":{"type":"Point","coordinates":[19.946681,49.835756]}},{"type":"Feature","properties":{"NUMER_PORZ":"12","KOD_POCZT":"32-400","NAZWA_ULC":"Tarnówka","NAZWA_GMI":"Myślenice","NAZWA_MSC":"Myślenice","odleglosc_m":22.3,"strefa":"20-30 m","warstwa":"adresy"},"geometry":{"type":"Point","coordinates":[19.921291,49.851022]}},{"type":"Feature","properties":{"NUMER_PORZ":"3","KOD_POCZT":"32-400","NAZWA_ULC":"Elizy Orzeszkowej","NAZWA_GMI":"Myślenice","NAZWA_MSC":"Myślenice","odleglosc_m":158.4,"strefa":"50-200 m","warstwa":"adresy"},"geometry":{"type":"Point","coordinates":[19.948472,49.84042]}},{"type":"Feature","properties":{"NUMER_PORZ":"14","KOD_POCZT":"32-400","NAZWA_ULC":"Szpitalna","NAZWA_GMI":"Myślenice","NAZWA_MSC":"Myślenice","odleglosc_m":84.0,"strefa":"50-200 m","warstwa":"adresy"},"geometry":{"type":"Point","coordinates":[19.950044,49.829897]}},{"type":"Feature","properties":{"NUMER_PORZ":"43","KOD_POCZT":"32-400","NAZWA_ULC":"Marszałka Józefa Piłsudskiego","NAZWA_GMI":"Myślenice","NAZWA_MSC":"Myślenice","odleglosc_m":43.9,"strefa":"30-50 m","warstwa":"adresy"},"geometry":{"type":"Point","coordinates":[19.944131,49.825243]}},{"type":"Feature","properties":{"NUMER_PORZ":"38","KOD_POCZT":"32-400","NAZWA_ULC":"Jana Sobieskiego","NAZWA_GMI":"Myślenice","NAZWA_MSC":"Myślenice","odleglosc_m":180.7,"strefa":"50-200 m","warstwa":"adresy"},"geometry":{"type":"Point","coordinates":[19.932015,49.84083]}},{"type":"Feature","properties":{"NUMER_PORZ":"6","KOD_POCZT":"32-400","NAZWA_ULC":"Kazimierza Przerwy-Tetmajera","NAZWA_GMI":"Myślenice","NAZWA_MSC":"Myślenice","odleglosc_m":81.0,"strefa":"50-200 m","warstwa":"adresy"},"geometry":{"type":"Point","coordinates":[19.947029,49.840566]}},{"type":"Feature","properties":{"NUMER_PORZ":"36","KOD_POCZT":"32-400","NAZWA_ULC":"Marszałka Józefa Piłsudskiego","NAZWA_GMI":"Myślenice","NAZWA_MSC":"Myślenice","odleglosc_m":10.5,"strefa":"0-20 m","warstwa":"adresy"},"geometry":{"type":"Point","coordinates":[19.94337,49.82523]}},{"type":"Feature","properties":{"NUMER_PORZ":"30a","KOD_POCZT":"32-400","NAZWA_ULC":"Jana Sobieskiego","NAZWA_GMI":"Myślenice","NAZWA_MSC":"Myślenice","odleglosc_m":41.7,"strefa":"30-50 m","warstwa":"adresy"},"geometry":{"type":"Point","coordinates":[19.935379,49.841778]}},{"type":"Feature","properties":{"NUMER_PORZ":"22","KOD_POCZT":"32-400","NAZWA_ULC":"Jagiellońska","NAZWA_GMI":"Myślenice","NAZWA_MSC":"Myślenice","odleglosc_m":172.3,"strefa":"50-200 m","warstwa":"adresy"},"geometry":{"type":"Point","coordinates":[19.948824,49.830585]}},{"type":"Feature","properties":{"NUMER_PORZ":"38","KOD_POCZT":"32-400","NAZWA_ULC":"Ignacego Daszyńskiego","NAZWA_GMI":"Myślenice","NAZWA_MSC":"Myślenice","odleglosc_m":39.9,"strefa":"30-50 m","warstwa":"adresy"},"geometry":{"type":"Point","coordinates":[19.936134,49.820405]}},{"type":"Feature","properties":{"NUMER_PORZ":"1b","KOD_POCZT":"32-400","NAZWA_ULC":"Władysława Reymonta","NAZWA_GMI":"Myślenice","NAZWA_MSC":"Myślenice","odleglosc_m":121.2,"strefa":"50-200 m","warstwa":"adresy"},"geometry":{"type":"Point","coordinates":[19.949282,49.829458]}},{"type":"Feature","properties":{"NUMER_PORZ":"46a","KOD_POCZT":"32-400","NAZWA_ULC":"Adama Mickiewicza","NAZWA_GMI":"Myślenice","NAZWA_MSC":"Myślenice","odleglosc_m":91.1,"strefa":"50-200 m","warstwa":"adresy"},"geometry":{"type":"Point","coordinates":[19.948615,49.828572]}},{"type":"Feature","properties":{"NUMER_PORZ":"5e","KOD_POCZT":"32-400","NAZWA_ULC":"Tarnówka","NAZWA_GMI":"Myślenice","NAZWA_MSC":"Myślenice","odleglosc_m":40.8,"strefa":"30-50 m","warstwa":"adresy"},"geometry":{"type":"Point","coordinates":[19.922379,49.84941]}},{"type":"Feature","properties":{"NUMER_PORZ":"25","KOD_POCZT":"32-400","NAZWA_ULC":"Senatorska","NAZWA_GMI":"Myślenice","NAZWA_MSC":"Myślenice","odleglosc_m":105.8,"strefa":"50-200 m","warstwa":"adresy"},"geometry":{"type":"Point","coordinates":[19.949272,49.831812]}},{"type":"Feature","properties":{"NUMER_PORZ":"40a","KOD_POCZT":"32-400","NAZWA_ULC":"Adama Mickiewicza","NAZWA_GMI":"Myślenice","NAZWA_MSC":"Myślenice","odleglosc_m":145.4,"strefa":"50-200 m","warstwa":"adresy"},"geometry":{"type":"Point","coordinates":[19.945086,49.827869]}},{"type":"Feature","properties":{"NUMER_PORZ":"36c","KOD_POCZT":"32-400","NAZWA_ULC":"Jana Sobieskiego","NAZWA_GMI":"Myślenice","NAZWA_MSC":"Myślenice","odleglosc_m":104.5,"strefa":"50-200 m","warstwa":"adresy"},"geometry":{"type":"Point","coordinates":[19.932806,49.841463]}},{"type":"Feature","properties":{"NUMER_PORZ":"26c","KOD_POCZT":"32-400","NAZWA_ULC":"Ignacego Daszyńskiego","NAZWA_GMI":"Myślenice","NAZWA_MSC":"Myślenice","odleglosc_m":36.1,"strefa":"30-50 m","warstwa":"adresy"},"geometry":{"type":"Point","coordinates":[19.940042,49.823334]}},{"type":"Feature","properties":{"NUMER_PORZ":"26","KOD_POCZT":"32-400","NAZWA_ULC":"Marszałka Józefa Piłsudskiego","NAZWA_GMI":"Myślenice","NAZWA_MSC":"Myślenice","odleglosc_m":191.7,"strefa":"50-200 m","warstwa":"adresy"},"geometry":{"type":"Point","coordinates":[19.943428,49.827823]}},{"type":"Feature","properties":{"NUMER_PORZ":"39","KOD_POCZT":"32-400","NAZWA_ULC":"Adama Mickiewicza","NAZWA_GMI":"Myślenice","NAZWA_MSC":"Myślenice","odleglosc_m":150.1,"strefa":"50-200 m","warstwa":"adresy"},"geometry":{"type":"Point","coordinates":[19.945681,49.828114]}},{"type":"Feature","properties":{"NUMER_PORZ":"8","KOD_POCZT":"32-400","NAZWA_ULC":"Słoneczna","NAZWA_GMI":"Myślenice","NAZWA_MSC":"Myślenice","odleglosc_m":39.7,"strefa":"30-50 m","warstwa":"adresy"},"geometry":{"type":"Point","coordinates":[19.949931,49.832345]}},{"type":"Feature","properties":{"NUMER_PORZ":"28","KOD_POCZT":"32-400","NAZWA_ULC":"Kazimierza Wielkiego","NAZWA_GMI":"Myślenice","NAZWA_MSC":"Myślenice","odleglosc_m":138.8,"strefa":"50-200 m","warstwa":"adresy"},"geometry":{"type":"Point","coordinates":[19.94647,49.837032]}},{"type":"Feature","properties":{"NUMER_PORZ":"32","KOD_POCZT":"32-400","NAZWA_ULC":"Marszałka Józefa Piłsudskiego","NAZWA_GMI":"Myślenice","NAZWA_MSC":"Myślenice","odleglosc_m":98.3,"strefa":"50-200 m","warstwa":"adresy"},"geometry":{"type":"Point","coordinates":[19.94348,49.826904]}},{"type":"Feature","properties":{"NUMER_PORZ":"40d","KOD_POCZT":"32-400","NAZWA_ULC":"Jana Sobieskiego","NAZWA_GMI":"Myślenice","NAZWA_MSC":"Myślenice","odleglosc_m":170.0,"strefa":"50-200 m","warstwa":"adresy"},"geometry":{"type":"Point","coordinates":[19.930747,49.841042]}},{"type":"Feature","properties":{"NUMER_PORZ":"42","KOD_POCZT":"32-400","NAZWA_ULC":"Ignacego Daszyńskiego","NAZWA_GMI":"Myślenice","NAZWA_MSC":"Myślenice","odleglosc_m":50.1,"strefa":"50-200 m","warstwa":"adresy"},"geometry":{"type":"Point","coordinates":[19.934819,49.8199]}},{"type":"Feature","properties":{"NUMER_PORZ":"6","KOD_POCZT":"32-400","NAZWA_ULC":"Mostowa","NAZWA_GMI":"Myślenice","NAZWA_MSC":"Myślenice","odleglosc_m":9.2,"strefa":"0-20 m","warstwa":"adresy"},"geometry":{"type":"Point","coordinates":[19.942673,49.824716]}},{"type":"Feature","properties":{"NUMER_PORZ":"10","KOD_POCZT":"32-400","NAZWA_ULC":"Tarnówka","NAZWA_GMI":"Myślenice","NAZWA_MSC":"Myślenice","odleglosc_m":103.5,"strefa":"50-200 m","warstwa":"adresy"},"geometry":{"type":"Point","coordinates":[19.927169,49.847787]}},{"type":"Feature","properties":{"NUMER_PORZ":"35d","KOD_POCZT":"32-400","NAZWA_ULC":"Ignacego Daszyńskiego","NAZWA_GMI":"Myślenice","NAZWA_MSC":"Myślenice","odleglosc_m":41.3,"strefa":"30-50 m","warstwa":"adresy"},"geometry":{"type":"Point","coordinates":[19.937614,49.821306]}},{"type":"Feature","properties":{"NUMER_PORZ":"34","KOD_POCZT":"32-400","NAZWA_ULC":"Jana Sobieskiego","NAZWA_GMI":"Myślenice","NAZWA_MSC":"Myślenice","odleglosc_m":179.5,"strefa":"50-200 m","warstwa":"adresy"},"geometry":{"type":"Point","coordinates":[19.933035,49.840745]}},{"type":"Feature","properties":{"NUMER_PORZ":"23a","KOD_POCZT":"32-400","NAZWA_ULC":"Słoneczna","NAZWA_GMI":"Myślenice","NAZWA_MSC":"Myślenice","odleglosc_m":72.6,"strefa":"50-200 m","warstwa":"adresy"},"geometry":{"type":"Point","coordinates":[19.949913,49.83149]}},{"type":"Feature","properties":{"NUMER_PORZ":"21","KOD_POCZT":"32-400","NAZWA_ULC":"Jana Sobieskiego","NAZWA_GMI":"Myślenice","NAZWA_MSC":"Myślenice","odleglosc_m":44.3,"strefa":"30-50 m","warstwa":"adresy"},"geometry":{"type":"Point","coordinates":[19.928312,49.842835]}},{"type":"Feature","properties":{"NUMER_PORZ":"23b","KOD_POCZT":"32-400","NAZWA_ULC":"Ignacego Kraszewskiego","NAZWA_GMI":"Myślenice","NAZWA_MSC":"Myślenice","odleglosc_m":57.4,"strefa":"50-200 m","warstwa":"adresy"},"geometry":{"type":"Point","coordinates":[19.945079,49.839735]}},{"type":"Feature","properties":{"NUMER_PORZ":"26a","KOD_POCZT":"32-400","NAZWA_ULC":"Ignacego Daszyńskiego","NAZWA_GMI":"Myślenice","NAZWA_MSC":"Myślenice","odleglosc_m":2.2,"strefa":"0-20 m","warstwa":"adresy"},"geometry":{"type":"Point","coordinates":[19.940586,49.823407]}},{"type":"Feature","properties":{"NUMER_PORZ":"5","KOD_POCZT":"32-400","NAZWA_ULC":"Mikołaja Kopernika","NAZWA_GMI":"Myślenice","NAZWA_MSC":"Myślenice","odleglosc_m":128.2,"strefa":"50-200 m","warstwa":"adresy"},"geometry":{"type":"Point","coordinates":[19.942428,49.826789]}},{"type":"Feature","properties":{"NUMER_PORZ":"21","KOD_POCZT":"32-400","NAZWA_ULC":"Ignacego Kraszewskiego","NAZWA_GMI":"Myślenice","NAZWA_MSC":"Myślenice","odleglosc_m":154.4,"strefa":"50-200 m","warstwa":"adresy"},"geometry":{"type":"Point","coordinates":[19.944819,49.838436]}},{"type":"Feature","properties":{"NUMER_PORZ":"6","KOD_POCZT":"32-400","NAZWA_ULC":"Władysława Reymonta","NAZWA_GMI":"Myślenice","NAZWA_MSC":"Myślenice","odleglosc_m":91.4,"strefa":"50-200 m","warstwa":"adresy"},"geometry":{"type":"Point","coordinates":[19.948774,49.828658]}},{"type":"Feature","properties":{"NUMER_PORZ":"21b","KOD_POCZT":"32-400","NAZWA_ULC":"Ignacego Kraszewskiego","NAZWA_GMI":"Myślenice","NAZWA_MSC":"Myślenice","odleglosc_m":90.8,"strefa":"50-200 m","warstwa":"adresy"},"geometry":{"type":"Point","coordinates":[19.944802,49.839476]}},{"type":"Feature","properties":{"NUMER_PORZ":"33b","KOD_POCZT":"32-400","NAZWA_ULC":"Kazimierza Wielkiego","NAZWA_GMI":"Myślenice","NAZWA_MSC":"Myślenice","odleglosc_m":96.2,"strefa":"50-200 m","warstwa":"adresy"},"geometry":{"type":"Point","coordinates":[19.946387,49.837842]}},{"type":"Feature","properties":{"NUMER_PORZ":"43","KOD_POCZT":"32-400","NAZWA_ULC":"Ignacego Daszyńskiego","NAZWA_GMI":"Myślenice","NAZWA_MSC":"Myślenice","odleglosc_m":11.1,"strefa":"0-20 m","warstwa":"adresy"},"geometry":{"type":"Point","coordinates":[19.935141,49.819617]}},{"type":"Feature","properties":{"NUMER_PORZ":"13","KOD_POCZT":"32-400","NAZWA_ULC":"Szpitalna","NAZWA_GMI":"Myślenice","NAZWA_MSC":"Myślenice","odleglosc_m":195.8,"strefa":"50-200 m","warstwa":"adresy"},"geometry":{"type":"Point","coordinates":[19.948505,49.830041]}},{"type":"Feature","properties":{"NUMER_PORZ":"37","KOD_POCZT":"32-400","NAZWA_ULC":"Marszałka Józefa Piłsudskiego","NAZWA_GMI":"Myślenice","NAZWA_MSC":"Myślenice","odleglosc_m":0.0,"strefa":"w śladzie","warstwa":"adresy"},"geometry":{"type":"Point","coordinates":[19.944602,49.826153]}},{"type":"Feature","properties":{"NUMER_PORZ":"30","KOD_POCZT":"32-400","NAZWA_ULC":"Marszałka Józefa Piłsudskiego","NAZWA_GMI":"Myślenice","NAZWA_MSC":"Myślenice","odleglosc_m":116.9,"strefa":"50-200 m","warstwa":"adresy"},"geometry":{"type":"Point","coordinates":[19.943445,49.827079]}},{"type":"Feature","properties":{"NUMER_PORZ":"12B","KOD_POCZT":"32-400","NAZWA_ULC":"Tarnówka","NAZWA_GMI":"Myślenice","NAZWA_MSC":"Myślenice","odleglosc_m":70.3,"strefa":"50-200 m","warstwa":"adresy"},"geometry":{"type":"Point","coordinates":[19.921738,49.851355]}},{"type":"Feature","properties":{"NUMER_PORZ":"45","KOD_POCZT":"32-400","NAZWA_ULC":"Marszałka Józefa Piłsudskiego","NAZWA_GMI":"Myślenice","NAZWA_MSC":"Myślenice","odleglosc_m":63.6,"strefa":"50-200 m","warstwa":"adresy"},"geometry":{"type":"Point","coordinates":[19.944161,49.825042]}},{"type":"Feature","properties":{"NUMER_PORZ":"6","KOD_POCZT":"32-400","NAZWA_ULC":"Przemysłowa","NAZWA_GMI":"Myślenice","NAZWA_MSC":"Myślenice","odleglosc_m":132.8,"strefa":"50-200 m","warstwa":"adresy"},"geometry":{"type":"Point","coordinates":[19.9526,49.833016]}},{"type":"Feature","properties":{"NUMER_PORZ":"24a","KOD_POCZT":"32-400","NAZWA_ULC":"Słoneczna","NAZWA_GMI":"Myślenice","NAZWA_MSC":"Myślenice","odleglosc_m":38.7,"strefa":"30-50 m","warstwa":"adresy"},"geometry":{"type":"Point","coordinates":[19.950671,49.830727]}},{"type":"Feature","properties":{"NUMER_PORZ":"17","KOD_POCZT":"32-400","NAZWA_ULC":"Szpitalna","NAZWA_GMI":"Myślenice","NAZWA_MSC":"Myślenice","odleglosc_m":151.4,"strefa":"50-200 m","warstwa":"adresy"},"geometry":{"type":"Point","coordinates":[19.949144,49.830113]}},{"type":"Feature","properties":{"NUMER_PORZ":"59","KOD_POCZT":"32-400","NAZWA_ULC":"Rajmunda Bergela","NAZWA_GMI":"Myślenice","NAZWA_MSC":"Myślenice","odleglosc_m":115.3,"strefa":"50-200 m","warstwa":"adresy"},"geometry":{"type":"Point","coordinates":[19.940374,49.825122]}},{"type":"Feature","properties":{"NUMER_PORZ":"37","KOD_POCZT":"32-400","NAZWA_ULC":"Mostowa","NAZWA_GMI":"Myślenice","NAZWA_MSC":"Myślenice","odleglosc_m":72.6,"strefa":"50-200 m","warstwa":"adresy"},"geometry":{"type":"Point","coordinates":[19.941262,49.822198]}},{"type":"Feature","properties":{"NUMER_PORZ":"48","KOD_POCZT":"32-400","NAZWA_ULC":"Kazimierza Wielkiego","NAZWA_GMI":"Myślenice","NAZWA_MSC":"Myślenice","odleglosc_m":14.5,"strefa":"0-20 m","warstwa":"adresy"},"geometry":{"type":"Point","coordinates":[19.947924,49.837659]}},{"type":"Feature","properties":{"NUMER_PORZ":"19c","KOD_POCZT":"32-400","NAZWA_ULC":"Słoneczna","NAZWA_GMI":"Myślenice","NAZWA_MSC":"Myślenice","odleglosc_m":78.9,"strefa":"50-200 m","warstwa":"adresy"},"geometry":{"type":"Point","coordinates":[19.949057,49.833073]}},{"type":"Feature","properties":{"NUMER_PORZ":"14","KOD_POCZT":"32-400","NAZWA_ULC":"Władysława Reymonta","NAZWA_GMI":"Myślenice","NAZWA_MSC":"Myślenice","odleglosc_m":57.9,"strefa":"50-200 m","warstwa":"adresy"},"geometry":{"type":"Point","coordinates":[19.949929,49.829058]}},{"type":"Feature","properties":{"NUMER_PORZ":"26","KOD_POCZT":"32-400","NAZWA_ULC":"Armii Krajowej","NAZWA_GMI":"Myślenice","NAZWA_MSC":"Myślenice","odleglosc_m":195.2,"strefa":"50-200 m","warstwa":"adresy"},"geometry":{"type":"Point","coordinates":[19.946839,49.834102]}},{"type":"Feature","properties":{"NUMER_PORZ":"8b","KOD_POCZT":"32-400","NAZWA_ULC":"Władysława Reymonta","NAZWA_GMI":"Myślenice","NAZWA_MSC":"Myślenice","odleglosc_m":49.3,"strefa":"30-50 m","warstwa":"adresy"},"geometry":{"type":"Point","coordinates":[19.949666,49.8287]}},{"type":"Feature","properties":{"NUMER_PORZ":"17b","KOD_POCZT":"32-400","NAZWA_ULC":"Jana Sobieskiego","NAZWA_GMI":"Myślenice","NAZWA_MSC":"Myślenice","odleglosc_m":188.9,"strefa":"50-200 m","warstwa":"adresy"},"geometry":{"type":"Point","coordinates":[19.929537,49.841052]}},{"type":"Feature","properties":{"NUMER_PORZ":"28","KOD_POCZT":"32-400","NAZWA_ULC":"Rzemieślnicza","NAZWA_GMI":"Myślenice","NAZWA_MSC":"Myślenice","odleglosc_m":191.6,"strefa":"50-200 m","warstwa":"adresy"},"geometry":{"type":"Point","coordinates":[19.946465,49.835463]}},{"type":"Feature","properties":{"NUMER_PORZ":"27","KOD_POCZT":"32-400","NAZWA_ULC":"Kazimierza Wielkiego","NAZWA_GMI":"Myślenice","NAZWA_MSC":"Myślenice","odleglosc_m":167.3,"strefa":"50-200 m","warstwa":"adresy"},"geometry":{"type":"Point","coordinates":[19.9458,49.837214]}},{"type":"Feature","properties":{"NUMER_PORZ":"41","KOD_POCZT":"32-400","NAZWA_ULC":"Ignacego Daszyńskiego","NAZWA_GMI":"Myślenice","NAZWA_MSC":"Myślenice","odleglosc_m":107.1,"strefa":"50-200 m","warstwa":"adresy"},"geometry":{"type":"Point","coordinates":[19.934335,49.820306]}},{"type":"Feature","properties":{"NUMER_PORZ":"81","KOD_POCZT":"32-400","NAZWA_ULC":"Rajmunda Bergela","NAZWA_GMI":"Myślenice","NAZWA_MSC":"Myślenice","odleglosc_m":113.0,"strefa":"50-200 m","warstwa":"adresy"},"geometry":{"type":"Point","coordinates":[19.939351,49.82438]}},{"type":"Feature","properties":{"NUMER_PORZ":"39","KOD_POCZT":"32-400","NAZWA_ULC":"Marszałka Józefa Piłsudskiego","NAZWA_GMI":"Myślenice","NAZWA_MSC":"Myślenice","odleglosc_m":9.0,"strefa":"0-20 m","warstwa":"adresy"},"geometry":{"type":"Point","coordinates":[19.945467,49.826624]}},{"type":"Feature","properties":{"NUMER_PORZ":"23","KOD_POCZT":"32-400","NAZWA_ULC":"Rzemieślnicza","NAZWA_GMI":"Myślenice","NAZWA_MSC":"Myślenice","odleglosc_m":149.7,"strefa":"50-200 m","warstwa":"adresy"},"geometry":{"type":"Point","coordinates":[19.946952,49.835777]}},{"type":"Feature","properties":{"NUMER_PORZ":"3a","KOD_POCZT":"32-400","NAZWA_ULC":"Władysława Orkana","NAZWA_GMI":"Myślenice","NAZWA_MSC":"Myślenice","odleglosc_m":148.6,"strefa":"50-200 m","warstwa":"adresy"},"geometry":{"type":"Point","coordinates":[19.94291,49.827217]}},{"type":"Feature","properties":{"NUMER_PORZ":"37a","KOD_POCZT":"32-400","NAZWA_ULC":"Marszałka Józefa Piłsudskiego","NAZWA_GMI":"Myślenice","NAZWA_MSC":"Myślenice","odleglosc_m":15.4,"strefa":"0-20 m","warstwa":"adresy"},"geometry":{"type":"Point","coordinates":[19.945159,49.826592]}},{"type":"Feature","properties":{"NUMER_PORZ":"91","KOD_POCZT":"32-400","NAZWA_ULC":"Rajmunda Bergela","NAZWA_GMI":"Myślenice","NAZWA_MSC":"Myślenice","odleglosc_m":191.1,"strefa":"50-200 m","warstwa":"adresy"},"geometry":{"type":"Point","coordinates":[19.938111,49.823991]}},{"type":"Feature","properties":{"NUMER_PORZ":"4a","KOD_POCZT":"32-400","NAZWA_ULC":"Władysława Reymonta","NAZWA_GMI":"Myślenice","NAZWA_MSC":"Myślenice","odleglosc_m":109.7,"strefa":"50-200 m","warstwa":"adresy"},"geometry":{"type":"Point","coordinates":[19.948745,49.828857]}},{"type":"Feature","properties":{"NUMER_PORZ":"5a","KOD_POCZT":"32-400","NAZWA_ULC":"Tarnówka","NAZWA_GMI":"Myślenice","NAZWA_MSC":"Myślenice","odleglosc_m":51.6,"strefa":"50-200 m","warstwa":"adresy"},"geometry":{"type":"Point","coordinates":[19.922501,49.849222]}},{"type":"Feature","properties":{"NUMER_PORZ":"17","KOD_POCZT":"32-400","NAZWA_ULC":"Kazimierza Przerwy-Tetmajera","NAZWA_GMI":"Myślenice","NAZWA_MSC":"Myślenice","odleglosc_m":146.7,"strefa":"50-200 m","warstwa":"adresy"},"geometry":{"type":"Point","coordinates":[19.946845,49.84167]}},{"type":"Feature","properties":{"NUMER_PORZ":"34","KOD_POCZT":"32-400","NAZWA_ULC":"Słoneczna","NAZWA_GMI":"Myślenice","NAZWA_MSC":"Myślenice","odleglosc_m":9.2,"strefa":"0-20 m","warstwa":"adresy"},"geometry":{"type":"Point","coordinates":[19.950725,49.829071]}},{"type":"Feature","properties":{"NUMER_PORZ":"2A","KOD_POCZT":"32-400","NAZWA_ULC":"Elizy Orzeszkowej","NAZWA_GMI":"Myślenice","NAZWA_MSC":"Myślenice","odleglosc_m":166.1,"strefa":"50-200 m","warstwa":"adresy"},"geometry":{"type":"Point","coordinates":[19.948814,49.840217]}},{"type":"Feature","properties":{"NUMER_PORZ":"33","KOD_POCZT":"32-400","NAZWA_ULC":"Mostowa","NAZWA_GMI":"Myślenice","NAZWA_MSC":"Myślenice","odleglosc_m":40.0,"strefa":"30-50 m","warstwa":"adresy"},"geometry":{"type":"Point","coordinates":[19.940912,49.82239]}},{"type":"Feature","properties":{"NUMER_PORZ":"44B","KOD_POCZT":"32-400","NAZWA_ULC":"Ignacego Daszyńskiego","NAZWA_GMI":"Myślenice","NAZWA_MSC":"Myślenice","odleglosc_m":140.8,"strefa":"50-200 m","warstwa":"adresy"},"geometry":{"type":"Point","coordinates":[19.934424,49.820716]}},{"type":"Feature","properties":{"NUMER_PORZ":"37b","KOD_POCZT":"32-400","NAZWA_ULC":"Kazimierza Wielkiego","NAZWA_GMI":"Myślenice","NAZWA_MSC":"Myślenice","odleglosc_m":66.5,"strefa":"50-200 m","warstwa":"adresy"},"geometry":{"type":"Point","coordinates":[19.946797,49.837924]}},{"type":"Feature","properties":{"NUMER_PORZ":"64A","KOD_POCZT":"32-400","NAZWA_ULC":"Rajmunda Bergela","NAZWA_GMI":"Myślenice","NAZWA_MSC":"Myślenice","odleglosc_m":181.5,"strefa":"50-200 m","warstwa":"adresy"},"geometry":{"type":"Point","coordinates":[19.936141,49.822174]}},{"type":"Feature","properties":{"NUMER_PORZ":"46","KOD_POCZT":"32-400","NAZWA_ULC":"Kazimierza Wielkiego","NAZWA_GMI":"Myślenice","NAZWA_MSC":"Myślenice","odleglosc_m":37.1,"strefa":"30-50 m","warstwa":"adresy"},"geometry":{"type":"Point","coordinates":[19.947981,49.837105]}},{"type":"Feature","properties":{"NUMER_PORZ":"34J","KOD_POCZT":"32-400","NAZWA_ULC":"Jana Sobieskiego","NAZWA_GMI":"Myślenice","NAZWA_MSC":"Myślenice","odleglosc_m":167.3,"strefa":"50-200 m","warstwa":"adresy"},"geometry":{"type":"Point","coordinates":[19.933451,49.840811]}},{"type":"Feature","properties":{"NUMER_PORZ":"5B","KOD_POCZT":"32-400","NAZWA_ULC":"Kornela Ujejskiego","NAZWA_GMI":"Myślenice","NAZWA_MSC":"Myślenice","odleglosc_m":84.0,"strefa":"50-200 m","warstwa":"adresy"},"geometry":{"type":"Point","coordinates":[19.947714,49.839947]}},{"type":"Feature","properties":{"NUMER_PORZ":"59","KOD_POCZT":"32-400","NAZWA_ULC":"Mostowa","NAZWA_GMI":"Myślenice","NAZWA_MSC":"Myślenice","odleglosc_m":10.6,"strefa":"0-20 m","warstwa":"adresy"},"geometry":{"type":"Point","coordinates":[19.938021,49.820464]}},{"type":"Feature","properties":{"NUMER_PORZ":"66","KOD_POCZT":"32-400","NAZWA_ULC":"Juliusza Słowackiego","NAZWA_GMI":"Myślenice","NAZWA_MSC":"Myślenice","odleglosc_m":47.1,"strefa":"30-50 m","warstwa":"adresy"},"geometry":{"type":"Point","coordinates":[19.951016,49.833741]}},{"type":"Feature","properties":{"NUMER_PORZ":"8F","KOD_POCZT":"32-400","NAZWA_ULC":"Tarnówka","NAZWA_GMI":"Myślenice","NAZWA_MSC":"Myślenice","odleglosc_m":87.1,"strefa":"50-200 m","warstwa":"adresy"},"geometry":{"type":"Point","coordinates":[19.923884,49.85041]}},{"type":"Feature","properties":{"NUMER_PORZ":"59","KOD_POCZT":"32-400","NAZWA_ULC":"Kazimierza Wielkiego","NAZWA_GMI":"Myślenice","NAZWA_MSC":"Myślenice","odleglosc_m":146.7,"strefa":"50-200 m","warstwa":"adresy"},"geometry":{"type":"Point","coordinates":[19.949797,49.838983]}},{"type":"Feature","properties":{"NUMER_PORZ":"12a","KOD_POCZT":"32-400","NAZWA_ULC":"Stefana Batorego","NAZWA_GMI":"Myślenice","NAZWA_MSC":"Myślenice","odleglosc_m":147.3,"strefa":"50-200 m","warstwa":"adresy"},"geometry":{"type":"Point","coordinates":[19.94851,49.832026]}},{"type":"Feature","properties":{"NUMER_PORZ":"47","KOD_POCZT":"32-400","NAZWA_ULC":"Mostowa","NAZWA_GMI":"Myślenice","NAZWA_MSC":"Myślenice","odleglosc_m":82.2,"strefa":"50-200 m","warstwa":"adresy"},"geometry":{"type":"Point","coordinates":[19.941068,49.821831]}},{"type":"Feature","properties":{"NUMER_PORZ":"4","KOD_POCZT":"32-400","NAZWA_ULC":"Tarnówka","NAZWA_GMI":"Myślenice","NAZWA_MSC":"Myślenice","odleglosc_m":43.7,"strefa":"30-50 m","warstwa":"adresy"},"geometry":{"type":"Point","coordinates":[19.925406,49.848872]}},{"type":"Feature","properties":{"NUMER_PORZ":"45","KOD_POCZT":"32-400","NAZWA_ULC":"Adama Mickiewicza","NAZWA_GMI":"Myślenice","NAZWA_MSC":"Myślenice","odleglosc_m":2.5,"strefa":"0-20 m","warstwa":"adresy"},"geometry":{"type":"Point","coordinates":[19.949921,49.828257]}},{"type":"Feature","properties":{"NUMER_PORZ":"41","KOD_POCZT":"32-400","NAZWA_ULC":"Marszałka Józefa Piłsudskiego","NAZWA_GMI":"Myślenice","NAZWA_MSC":"Myślenice","odleglosc_m":13.2,"strefa":"0-20 m","warstwa":"adresy"},"geometry":{"type":"Point","coordinates":[19.944082,49.825567]}},{"type":"Feature","properties":{"NUMER_PORZ":"31","KOD_POCZT":"32-400","NAZWA_ULC":"Marszałka Józefa Piłsudskiego","NAZWA_GMI":"Myślenice","NAZWA_MSC":"Myślenice","odleglosc_m":84.6,"strefa":"50-200 m","warstwa":"adresy"},"geometry":{"type":"Point","coordinates":[19.943873,49.826891]}},{"type":"Feature","properties":{"NUMER_PORZ":"1c","KOD_POCZT":"32-400","NAZWA_ULC":"Tarnówka","NAZWA_GMI":"Myślenice","NAZWA_MSC":"Myślenice","odleglosc_m":140.4,"strefa":"50-200 m","warstwa":"adresy"},"geometry":{"type":"Point","coordinates":[19.924566,49.844706]}},{"type":"Feature","properties":{"NUMER_PORZ":"16","KOD_POCZT":"32-400","NAZWA_ULC":"Tarnówka","NAZWA_GMI":"Myślenice","NAZWA_MSC":"Myślenice","odleglosc_m":33.5,"strefa":"30-50 m","warstwa":"adresy"},"geometry":{"type":"Point","coordinates":[19.922726,49.850438]}},{"type":"Feature","properties":{"NUMER_PORZ":"23","KOD_POCZT":"32-400","NAZWA_ULC":"Kazimierza Wielkiego","NAZWA_GMI":"Myślenice","NAZWA_MSC":"Myślenice","odleglosc_m":181.2,"strefa":"50-200 m","warstwa":"adresy"},"geometry":{"type":"Point","coordinates":[19.945154,49.837659]}},{"type":"Feature","properties":{"NUMER_PORZ":"23B","KOD_POCZT":"32-400","NAZWA_ULC":"Kazimierza Wielkiego","NAZWA_GMI":"Myślenice","NAZWA_MSC":"Myślenice","odleglosc_m":172.2,"strefa":"50-200 m","warstwa":"adresy"},"geometry":{"type":"Point","coordinates":[19.945254,49.837708]}},{"type":"Feature","properties":{"NUMER_PORZ":"37B","KOD_POCZT":"32-400","NAZWA_ULC":"Ignacego Daszyńskiego","NAZWA_GMI":"Myślenice","NAZWA_MSC":"Myślenice","odleglosc_m":62.0,"strefa":"50-200 m","warstwa":"adresy"},"geometry":{"type":"Point","coordinates":[19.936379,49.820802]}},{"type":"Feature","properties":{"NUMER_PORZ":"12B","KOD_POCZT":"32-040","NAZWA_ULC":"Spacerowa","NAZWA_GMI":"Świątniki Górne","NAZWA_MSC":"Wrząsowice","odleglosc_m":161.0,"strefa":"50-200 m","warstwa":"adresy"},"geometry":{"type":"Point","coordinates":[19.944651,49.970842]}},{"type":"Feature","properties":{"NUMER_PORZ":"12A","KOD_POCZT":"32-040","NAZWA_ULC":"Spacerowa","NAZWA_GMI":"Świątniki Górne","NAZWA_MSC":"Wrząsowice","odleglosc_m":184.8,"strefa":"50-200 m","warstwa":"adresy"},"geometry":{"type":"Point","coordinates":[19.944539,49.970487]}},{"type":"Feature","properties":{"NUMER_PORZ":"21N","KOD_POCZT":"32-400","NAZWA_ULC":"Henryka Sienkiewicza","NAZWA_GMI":"Myślenice","NAZWA_MSC":"Myślenice","odleglosc_m":96.8,"strefa":"50-200 m","warstwa":"adresy"},"geometry":{"type":"Point","coordinates":[19.940905,49.840923]}},{"type":"Feature","properties":{"NUMER_PORZ":"40c","KOD_POCZT":"32-400","NAZWA_ULC":"Jana Sobieskiego","NAZWA_GMI":"Myślenice","NAZWA_MSC":"Myślenice","odleglosc_m":184.8,"strefa":"50-200 m","warstwa":"adresy"},"geometry":{"type":"Point","coordinates":[19.931809,49.840808]}},{"type":"Feature","properties":{"NUMER_PORZ":"40L","KOD_POCZT":"32-400","NAZWA_ULC":"Jana Sobieskiego","NAZWA_GMI":"Myślenice","NAZWA_MSC":"Myślenice","odleglosc_m":198.8,"strefa":"50-200 m","warstwa":"adresy"},"geometry":{"type":"Point","coordinates":[19.931758,49.840685]}},{"type":"Feature","properties":{"NUMER_PORZ":"40j","KOD_POCZT":"32-400","NAZWA_ULC":"Jana Sobieskiego","NAZWA_GMI":"Myślenice","NAZWA_MSC":"Myślenice","odleglosc_m":106.3,"strefa":"50-200 m","warstwa":"adresy"},"geometry":{"type":"Point","coordinates":[19.930889,49.841608]}},{"type":"Feature","properties":{"NUMER_PORZ":"43B","KOD_POCZT":"32-400","NAZWA_ULC":"Adama Mickiewicza","NAZWA_GMI":"Myślenice","NAZWA_MSC":"Myślenice","odleglosc_m":41.1,"strefa":"30-50 m","warstwa":"adresy"},"geometry":{"type":"Point","coordinates":[19.949219,49.828308]}},{"type":"Feature","properties":{"NUMER_PORZ":"53A","KOD_POCZT":"32-040","NAZWA_ULC":"Kraśnik","NAZWA_GMI":"Świątniki Górne","NAZWA_MSC":"Wrząsowice","odleglosc_m":186.8,"strefa":"50-200 m","warstwa":"adresy"},"geometry":{"type":"Point","coordinates":[19.939191,49.966653]}},{"type":"Feature","properties":{"NUMER_PORZ":"51A","KOD_POCZT":"32-040","NAZWA_ULC":"Kraśnik","NAZWA_GMI":"Świątniki Górne","NAZWA_MSC":"Wrząsowice","odleglosc_m":193.7,"strefa":"50-200 m","warstwa":"adresy"},"geometry":{"type":"Point","coordinates":[19.938988,49.966453]}},{"type":"Feature","properties":{"NUMER_PORZ":"20B","KOD_POCZT":"32-400","NAZWA_ULC":"Adama Asnyka","NAZWA_GMI":"Myślenice","NAZWA_MSC":"Myślenice","odleglosc_m":86.4,"strefa":"50-200 m","warstwa":"adresy"},"geometry":{"type":"Point","coordinates":[19.946062,49.841403]}},{"type":"Feature","properties":{"NUMER_PORZ":"47A","KOD_POCZT":"32-400","NAZWA_ULC":"Juliusza Słowackiego","NAZWA_GMI":"Myślenice","NAZWA_MSC":"Myślenice","odleglosc_m":48.3,"strefa":"30-50 m","warstwa":"adresy"},"geometry":{"type":"Point","coordinates":[19.949041,49.834237]}},{"type":"Feature","properties":{"NUMER_PORZ":"37a","KOD_POCZT":"32-400","NAZWA_ULC":"Kazimierza Wielkiego","NAZWA_GMI":"Myślenice","NAZWA_MSC":"Myślenice","odleglosc_m":53.3,"strefa":"50-200 m","warstwa":"adresy"},"geometry":{"type":"Point","coordinates":[19.946625,49.838308]}},{"type":"Feature","properties":{"NUMER_PORZ":"37C","KOD_POCZT":"32-400","NAZWA_ULC":"Kazimierza Wielkiego","NAZWA_GMI":"Myślenice","NAZWA_MSC":"Myślenice","odleglosc_m":67.0,"strefa":"50-200 m","warstwa":"adresy"},"geometry":{"type":"Point","coordinates":[19.946575,49.838141]}},{"type":"Feature","properties":{"NUMER_PORZ":"38D","KOD_POCZT":"32-400","NAZWA_ULC":"Ignacego Daszyńskiego","NAZWA_GMI":"Myślenice","NAZWA_MSC":"Myślenice","odleglosc_m":71.9,"strefa":"50-200 m","warstwa":"adresy"},"geometry":{"type":"Point","coordinates":[19.935352,49.820381]}},{"type":"Feature","properties":{"NUMER_PORZ":"4L","KOD_POCZT":"32-400","NAZWA_ULC":"Tarnówka","NAZWA_GMI":"Myślenice","NAZWA_MSC":"Myślenice","odleglosc_m":82.7,"strefa":"50-200 m","warstwa":"adresy"},"geometry":{"type":"Point","coordinates":[19.925807,49.849114]}},{"type":"Feature","properties":{"NUMER_PORZ":"49B","KOD_POCZT":"32-400","NAZWA_ULC":"Mostowa","NAZWA_GMI":"Myślenice","NAZWA_MSC":"Myślenice","odleglosc_m":131.4,"strefa":"50-200 m","warstwa":"adresy"},"geometry":{"type":"Point","coordinates":[19.941124,49.821193]}},{"type":"Feature","properties":{"NUMER_PORZ":"29C","KOD_POCZT":"32-400","NAZWA_ULC":"Henryka Sienkiewicza","NAZWA_GMI":"Myślenice","NAZWA_MSC":"Myślenice","odleglosc_m":158.4,"strefa":"50-200 m","warstwa":"adresy"},"geometry":{"type":"Point","coordinates":[19.939426,49.84047]}},{"type":"Feature","properties":{"NUMER_PORZ":"41A","KOD_POCZT":"32-400","NAZWA_ULC":"Juliusza Słowackiego","NAZWA_GMI":"Myślenice","NAZWA_MSC":"Myślenice","odleglosc_m":161.9,"strefa":"50-200 m","warstwa":"adresy"},"geometry":{"type":"Point","coordinates":[19.947599,49.83377]}},{"type":"Feature","properties":{"NUMER_PORZ":"41","KOD_POCZT":"32-400","NAZWA_ULC":"Mostowa","NAZWA_GMI":"Myślenice","NAZWA_MSC":"Myślenice","odleglosc_m":91.8,"strefa":"50-200 m","warstwa":"adresy"},"geometry":{"type":"Point","coordinates":[19.941287,49.821895]}},{"type":"Feature","properties":{"NUMER_PORZ":"35F","KOD_POCZT":"32-400","NAZWA_ULC":"Ignacego Daszyńskiego","NAZWA_GMI":"Myślenice","NAZWA_MSC":"Myślenice","odleglosc_m":94.1,"strefa":"50-200 m","warstwa":"adresy"},"geometry":{"type":"Point","coordinates":[19.93724,49.821824]}},{"type":"Feature","properties":{"NUMER_PORZ":"109","KOD_POCZT":"32-040","NAZWA_ULC":"Wrzosowa","NAZWA_GMI":"Świątniki Górne","NAZWA_MSC":"Wrząsowice","odleglosc_m":142.1,"strefa":"50-200 m","warstwa":"adresy"},"geometry":{"type":"Point","coordinates":[19.945767,49.971625]}},{"type":"Feature","properties":{"NUMER_PORZ":"8G","KOD_POCZT":"32-400","NAZWA_ULC":"Tarnówka","NAZWA_GMI":"Myślenice","NAZWA_MSC":"Myślenice","odleglosc_m":132.0,"strefa":"50-200 m","warstwa":"adresy"},"geometry":{"type":"Point","coordinates":[19.924368,49.850677]}},{"type":"Feature","properties":{"NUMER_PORZ":"34i","KOD_POCZT":"32-400","NAZWA_ULC":"Jana Sobieskiego","NAZWA_GMI":"Myślenice","NAZWA_MSC":"Myślenice","odleglosc_m":55.8,"strefa":"50-200 m","warstwa":"adresy"},"geometry":{"type":"Point","coordinates":[19.934282,49.841756]}},{"type":"Feature","properties":{"NUMER_PORZ":"30i","KOD_POCZT":"32-400","NAZWA_ULC":"Jana Sobieskiego","NAZWA_GMI":"Myślenice","NAZWA_MSC":"Myślenice","odleglosc_m":91.4,"strefa":"50-200 m","warstwa":"adresy"},"geometry":{"type":"Point","coordinates":[19.935659,49.8413]}},{"type":"Feature","properties":{"NUMER_PORZ":"26j","KOD_POCZT":"32-400","NAZWA_ULC":"Jana Sobieskiego","NAZWA_GMI":"Myślenice","NAZWA_MSC":"Myślenice","odleglosc_m":179.7,"strefa":"50-200 m","warstwa":"adresy"},"geometry":{"type":"Point","coordinates":[19.936243,49.840446]}},{"type":"Feature","properties":{"NUMER_PORZ":"3A","KOD_POCZT":"32-400","NAZWA_ULC":"Słoneczna","NAZWA_GMI":"Myślenice","NAZWA_MSC":"Myślenice","odleglosc_m":112.8,"strefa":"50-200 m","warstwa":"adresy"},"geometry":{"type":"Point","coordinates":[19.947424,49.835937]}},{"type":"Feature","properties":{"NUMER_PORZ":"3i","KOD_POCZT":"32-400","NAZWA_ULC":"Tarnówka","NAZWA_GMI":"Myślenice","NAZWA_MSC":"Myślenice","odleglosc_m":81.1,"strefa":"50-200 m","warstwa":"adresy"},"geometry":{"type":"Point","coordinates":[19.92425,49.847422]}},{"type":"Feature","properties":{"NUMER_PORZ":"1D","KOD_POCZT":"30-698","NAZWA_ULC":"Gościnna","NAZWA_GMI":"Kraków","NAZWA_MSC":"Kraków","odleglosc_m":109.6,"strefa":"50-200 m","warstwa":"adresy"},"geometry":{"type":"Point","coordinates":[19.945381,49.974658]}},{"type":"Feature","properties":{"NUMER_PORZ":"54B","KOD_POCZT":"30-698","NAZWA_ULC":"Mirosława Krzyżańskiego","NAZWA_GMI":"Kraków","NAZWA_MSC":"Kraków","odleglosc_m":25.6,"strefa":"20-30 m","warstwa":"adresy"},"geometry":{"type":"Point","coordinates":[19.946726,49.974287]}},{"type":"Feature","properties":{"NUMER_PORZ":"134C","KOD_POCZT":"30-698","NAZWA_ULC":"Henryka Niewodniczańskiego","NAZWA_GMI":"Kraków","NAZWA_MSC":"Kraków","odleglosc_m":136.3,"strefa":"50-200 m","warstwa":"adresy"},"geometry":{"type":"Point","coordinates":[19.958912,49.981032]}},{"type":"Feature","properties":{"NUMER_PORZ":"54C","KOD_POCZT":"30-698","NAZWA_ULC":"Mirosława Krzyżańskiego","NAZWA_GMI":"Kraków","NAZWA_MSC":"Kraków","odleglosc_m":31.3,"strefa":"30-50 m","warstwa":"adresy"},"geometry":{"type":"Point","coordinates":[19.946558,49.974281]}},{"type":"Feature","properties":{"NUMER_PORZ":"54E","KOD_POCZT":"30-698","NAZWA_ULC":"Mirosława Krzyżańskiego","NAZWA_GMI":"Kraków","NAZWA_MSC":"Kraków","odleglosc_m":45.5,"strefa":"30-50 m","warstwa":"adresy"},"geometry":{"type":"Point","coordinates":[19.946162,49.974274]}},{"type":"Feature","properties":{"NUMER_PORZ":"56G","KOD_POCZT":"30-698","NAZWA_ULC":"Mirosława Krzyżańskiego","NAZWA_GMI":"Kraków","NAZWA_MSC":"Kraków","odleglosc_m":5.4,"strefa":"0-20 m","warstwa":"adresy"},"geometry":{"type":"Point","coordinates":[19.946874,49.973654]}},{"type":"Feature","properties":{"NUMER_PORZ":"116A","KOD_POCZT":"31-045","NAZWA_ULC":"Tuchowska","NAZWA_GMI":"Kraków","NAZWA_MSC":"Kraków","odleglosc_m":149.2,"strefa":"50-200 m","warstwa":"adresy"},"geometry":{"type":"Point","coordinates":[19.971608,49.990834]}},{"type":"Feature","properties":{"NUMER_PORZ":"31","KOD_POCZT":"30-698","NAZWA_ULC":"Mirosława Krzyżańskiego","NAZWA_GMI":"Kraków","NAZWA_MSC":"Kraków","odleglosc_m":27.2,"strefa":"20-30 m","warstwa":"adresy"},"geometry":{"type":"Point","coordinates":[19.947215,49.974514]}},{"type":"Feature","properties":{"NUMER_PORZ":"33","KOD_POCZT":"30-698","NAZWA_ULC":"Mirosława Krzyżańskiego","NAZWA_GMI":"Kraków","NAZWA_MSC":"Kraków","odleglosc_m":14.9,"strefa":"0-20 m","warstwa":"adresy"},"geometry":{"type":"Point","coordinates":[19.947586,49.97454]}},{"type":"Feature","properties":{"NUMER_PORZ":"35","KOD_POCZT":"30-698","NAZWA_ULC":"Mirosława Krzyżańskiego","NAZWA_GMI":"Kraków","NAZWA_MSC":"Kraków","odleglosc_m":0.0,"strefa":"w śladzie","warstwa":"adresy"},"geometry":{"type":"Point","coordinates":[19.9474,49.974117]}},{"type":"Feature","properties":{"NUMER_PORZ":"37","KOD_POCZT":"30-698","NAZWA_ULC":"Mirosława Krzyżańskiego","NAZWA_GMI":"Kraków","NAZWA_MSC":"Kraków","odleglosc_m":0.0,"strefa":"w śladzie","warstwa":"adresy"},"geometry":{"type":"Point","coordinates":[19.947258,49.97392]}},{"type":"Feature","properties":{"NUMER_PORZ":"39","KOD_POCZT":"30-698","NAZWA_ULC":"Mirosława Krzyżańskiego","NAZWA_GMI":"Kraków","NAZWA_MSC":"Kraków","odleglosc_m":22.5,"strefa":"20-30 m","warstwa":"adresy"},"geometry":{"type":"Point","coordinates":[19.947398,49.973679]}},{"type":"Feature","properties":{"NUMER_PORZ":"41","KOD_POCZT":"30-698","NAZWA_ULC":"Mirosława Krzyżańskiego","NAZWA_GMI":"Kraków","NAZWA_MSC":"Kraków","odleglosc_m":94.5,"strefa":"50-200 m","warstwa":"adresy"},"geometry":{"type":"Point","coordinates":[19.94737,49.972908]}},{"type":"Feature","properties":{"NUMER_PORZ":"46","KOD_POCZT":"30-698","NAZWA_ULC":"Mirosława Krzyżańskiego","NAZWA_GMI":"Kraków","NAZWA_MSC":"Kraków","odleglosc_m":139.3,"strefa":"50-200 m","warstwa":"adresy"},"geometry":{"type":"Point","coordinates":[19.94617,49.975275]}},{"type":"Feature","properties":{"NUMER_PORZ":"54","KOD_POCZT":"30-698","NAZWA_ULC":"Mirosława Krzyżańskiego","NAZWA_GMI":"Kraków","NAZWA_MSC":"Kraków","odleglosc_m":61.1,"strefa":"50-200 m","warstwa":"adresy"},"geometry":{"type":"Point","coordinates":[19.946568,49.9746]}},{"type":"Feature","properties":{"NUMER_PORZ":"56b","KOD_POCZT":"30-698","NAZWA_ULC":"Mirosława Krzyżańskiego","NAZWA_GMI":"Kraków","NAZWA_MSC":"Kraków","odleglosc_m":24.6,"strefa":"20-30 m","warstwa":"adresy"},"geometry":{"type":"Point","coordinates":[19.946095,49.974033]}},{"type":"Feature","properties":{"NUMER_PORZ":"58","KOD_POCZT":"30-698","NAZWA_ULC":"Mirosława Krzyżańskiego","NAZWA_GMI":"Kraków","NAZWA_MSC":"Kraków","odleglosc_m":56.1,"strefa":"50-200 m","warstwa":"adresy"},"geometry":{"type":"Point","coordinates":[19.94699,49.97316]}},{"type":"Feature","properties":{"NUMER_PORZ":"62","KOD_POCZT":"30-698","NAZWA_ULC":"Mirosława Krzyżańskiego","NAZWA_GMI":"Kraków","NAZWA_MSC":"Kraków","odleglosc_m":46.2,"strefa":"30-50 m","warstwa":"adresy"},"geometry":{"type":"Point","coordinates":[19.946503,49.973031]}},{"type":"Feature","properties":{"NUMER_PORZ":"64","KOD_POCZT":"30-698","NAZWA_ULC":"Mirosława Krzyżańskiego","NAZWA_GMI":"Kraków","NAZWA_MSC":"Kraków","odleglosc_m":99.2,"strefa":"50-200 m","warstwa":"adresy"},"geometry":{"type":"Point","coordinates":[19.947011,49.97268]}},{"type":"Feature","properties":{"NUMER_PORZ":"66","KOD_POCZT":"30-698","NAZWA_ULC":"Mirosława Krzyżańskiego","NAZWA_GMI":"Kraków","NAZWA_MSC":"Kraków","odleglosc_m":105.4,"strefa":"50-200 m","warstwa":"adresy"},"geometry":{"type":"Point","coordinates":[19.947015,49.972612]}},{"type":"Feature","properties":{"NUMER_PORZ":"5G","KOD_POCZT":"30-698","NAZWA_ULC":"Gościnna","NAZWA_GMI":"Kraków","NAZWA_MSC":"Kraków","odleglosc_m":141.2,"strefa":"50-200 m","warstwa":"adresy"},"geometry":{"type":"Point","coordinates":[19.944574,49.974687]}},{"type":"Feature","properties":{"NUMER_PORZ":"9C","KOD_POCZT":"30-698","NAZWA_ULC":"Gościnna","NAZWA_GMI":"Kraków","NAZWA_MSC":"Kraków","odleglosc_m":195.0,"strefa":"50-200 m","warstwa":"adresy"},"geometry":{"type":"Point","coordinates":[19.943222,49.974779]}},{"type":"Feature","properties":{"NUMER_PORZ":"11","KOD_POCZT":"30-698","NAZWA_ULC":"Ignacego Chrzanowskiego","NAZWA_GMI":"Kraków","NAZWA_MSC":"Kraków","odleglosc_m":25.6,"strefa":"20-30 m","warstwa":"adresy"},"geometry":{"type":"Point","coordinates":[19.956431,49.978201]}},{"type":"Feature","properties":{"NUMER_PORZ":"15","KOD_POCZT":"30-698","NAZWA_ULC":"Ignacego Chrzanowskiego","NAZWA_GMI":"Kraków","NAZWA_MSC":"Kraków","odleglosc_m":0.0,"strefa":"w śladzie","warstwa":"adresy"},"geometry":{"type":"Point","coordinates":[19.957153,49.978091]}},{"type":"Feature","properties":{"NUMER_PORZ":"17","KOD_POCZT":"30-698","NAZWA_ULC":"Ignacego Chrzanowskiego","NAZWA_GMI":"Kraków","NAZWA_MSC":"Kraków","odleglosc_m":42.1,"strefa":"30-50 m","warstwa":"adresy"},"geometry":{"type":"Point","coordinates":[19.957957,49.977715]}},{"type":"Feature","properties":{"NUMER_PORZ":"18","KOD_POCZT":"30-698","NAZWA_ULC":"Ignacego Chrzanowskiego","NAZWA_GMI":"Kraków","NAZWA_MSC":"Kraków","odleglosc_m":24.9,"strefa":"20-30 m","warstwa":"adresy"},"geometry":{"type":"Point","coordinates":[19.956789,49.977379]}},{"type":"Feature","properties":{"NUMER_PORZ":"20","KOD_POCZT":"30-698","NAZWA_ULC":"Ignacego Chrzanowskiego","NAZWA_GMI":"Kraków","NAZWA_MSC":"Kraków","odleglosc_m":17.1,"strefa":"0-20 m","warstwa":"adresy"},"geometry":{"type":"Point","coordinates":[19.957255,49.977651]}},{"type":"Feature","properties":{"NUMER_PORZ":"21","KOD_POCZT":"30-698","NAZWA_ULC":"Ignacego Chrzanowskiego","NAZWA_GMI":"Kraków","NAZWA_MSC":"Kraków","odleglosc_m":28.6,"strefa":"20-30 m","warstwa":"adresy"},"geometry":{"type":"Point","coordinates":[19.958207,49.977992]}},{"type":"Feature","properties":{"NUMER_PORZ":"21a","KOD_POCZT":"30-698","NAZWA_ULC":"Ignacego Chrzanowskiego","NAZWA_GMI":"Kraków","NAZWA_MSC":"Kraków","odleglosc_m":63.5,"strefa":"50-200 m","warstwa":"adresy"},"geometry":{"type":"Point","coordinates":[19.958388,49.977689]}},{"type":"Feature","properties":{"NUMER_PORZ":"23","KOD_POCZT":"30-698","NAZWA_ULC":"Ignacego Chrzanowskiego","NAZWA_GMI":"Kraków","NAZWA_MSC":"Kraków","odleglosc_m":72.0,"strefa":"50-200 m","warstwa":"adresy"},"geometry":{"type":"Point","coordinates":[19.958704,49.977724]}},{"type":"Feature","properties":{"NUMER_PORZ":"32","KOD_POCZT":"30-616","NAZWA_ULC":"Miarowa","NAZWA_GMI":"Kraków","NAZWA_MSC":"Kraków","odleglosc_m":187.0,"strefa":"50-200 m","warstwa":"adresy"},"geometry":{"type":"Point","coordinates":[19.967258,49.994678]}},{"type":"Feature","properties":{"NUMER_PORZ":"32b","KOD_POCZT":"30-698","NAZWA_ULC":"Miarowa","NAZWA_GMI":"Kraków","NAZWA_MSC":"Kraków","odleglosc_m":191.7,"strefa":"50-200 m","warstwa":"adresy"},"geometry":{"type":"Point","coordinates":[19.967207,49.994407]}},{"type":"Feature","properties":{"NUMER_PORZ":"34","KOD_POCZT":"30-616","NAZWA_ULC":"Miarowa","NAZWA_GMI":"Kraków","NAZWA_MSC":"Kraków","odleglosc_m":165.8,"strefa":"50-200 m","warstwa":"adresy"},"geometry":{"type":"Point","coordinates":[19.967562,49.994558]}},{"type":"Feature","properties":{"NUMER_PORZ":"36","KOD_POCZT":"30-698","NAZWA_ULC":"Miarowa","NAZWA_GMI":"Kraków","NAZWA_MSC":"Kraków","odleglosc_m":119.8,"strefa":"50-200 m","warstwa":"adresy"},"geometry":{"type":"Point","coordinates":[19.968211,49.994396]}},{"type":"Feature","properties":{"NUMER_PORZ":"120","KOD_POCZT":"30-698","NAZWA_ULC":"Henryka Niewodniczańskiego","NAZWA_GMI":"Kraków","NAZWA_MSC":"Kraków","odleglosc_m":148.7,"strefa":"50-200 m","warstwa":"adresy"},"geometry":{"type":"Point","coordinates":[19.956588,49.979683]}},{"type":"Feature","properties":{"NUMER_PORZ":"122","KOD_POCZT":"30-698","NAZWA_ULC":"Henryka Niewodniczańskiego","NAZWA_GMI":"Kraków","NAZWA_MSC":"Kraków","odleglosc_m":186.7,"strefa":"50-200 m","warstwa":"adresy"},"geometry":{"type":"Point","coordinates":[19.956431,49.980045]}},{"type":"Feature","properties":{"NUMER_PORZ":"124","KOD_POCZT":"30-698","NAZWA_ULC":"Henryka Niewodniczańskiego","NAZWA_GMI":"Kraków","NAZWA_MSC":"Kraków","odleglosc_m":177.9,"strefa":"50-200 m","warstwa":"adresy"},"geometry":{"type":"Point","coordinates":[19.956766,49.980124]}},{"type":"Feature","properties":{"NUMER_PORZ":"126","KOD_POCZT":"30-698","NAZWA_ULC":"Henryka Niewodniczańskiego","NAZWA_GMI":"Kraków","NAZWA_MSC":"Kraków","odleglosc_m":178.1,"strefa":"50-200 m","warstwa":"adresy"},"geometry":{"type":"Point","coordinates":[19.956987,49.980267]}},{"type":"Feature","properties":{"NUMER_PORZ":"128","KOD_POCZT":"30-698","NAZWA_ULC":"Henryka Niewodniczańskiego","NAZWA_GMI":"Kraków","NAZWA_MSC":"Kraków","odleglosc_m":165.3,"strefa":"50-200 m","warstwa":"adresy"},"geometry":{"type":"Point","coordinates":[19.957383,49.980329]}},{"type":"Feature","properties":{"NUMER_PORZ":"130","KOD_POCZT":"30-698","NAZWA_ULC":"Henryka Niewodniczańskiego","NAZWA_GMI":"Kraków","NAZWA_MSC":"Kraków","odleglosc_m":158.2,"strefa":"50-200 m","warstwa":"adresy"},"geometry":{"type":"Point","coordinates":[19.95763,49.980361]}},{"type":"Feature","properties":{"NUMER_PORZ":"134","KOD_POCZT":"30-698","NAZWA_ULC":"Henryka Niewodniczańskiego","NAZWA_GMI":"Kraków","NAZWA_MSC":"Kraków","odleglosc_m":146.4,"strefa":"50-200 m","warstwa":"adresy"},"geometry":{"type":"Point","coordinates":[19.958717,49.981035]}},{"type":"Feature","properties":{"NUMER_PORZ":"134a","KOD_POCZT":"30-698","NAZWA_ULC":"Henryka Niewodniczańskiego","NAZWA_GMI":"Kraków","NAZWA_MSC":"Kraków","odleglosc_m":109.4,"strefa":"50-200 m","warstwa":"adresy"},"geometry":{"type":"Point","coordinates":[19.959271,49.980924]}},{"type":"Feature","properties":{"NUMER_PORZ":"138","KOD_POCZT":"30-698","NAZWA_ULC":"Henryka Niewodniczańskiego","NAZWA_GMI":"Kraków","NAZWA_MSC":"Kraków","odleglosc_m":144.8,"strefa":"50-200 m","warstwa":"adresy"},"geometry":{"type":"Point","coordinates":[19.959414,49.981669]}},{"type":"Feature","properties":{"NUMER_PORZ":"140","KOD_POCZT":"30-698","NAZWA_ULC":"Henryka Niewodniczańskiego","NAZWA_GMI":"Kraków","NAZWA_MSC":"Kraków","odleglosc_m":89.6,"strefa":"50-200 m","warstwa":"adresy"},"geometry":{"type":"Point","coordinates":[19.959863,49.981221]}},{"type":"Feature","properties":{"NUMER_PORZ":"141","KOD_POCZT":"30-698","NAZWA_ULC":"Henryka Niewodniczańskiego","NAZWA_GMI":"Kraków","NAZWA_MSC":"Kraków","odleglosc_m":192.7,"strefa":"50-200 m","warstwa":"adresy"},"geometry":{"type":"Point","coordinates":[19.957172,49.980535]}},{"type":"Feature","properties":{"NUMER_PORZ":"142","KOD_POCZT":"30-698","NAZWA_ULC":"Henryka Niewodniczańskiego","NAZWA_GMI":"Kraków","NAZWA_MSC":"Kraków","odleglosc_m":129.8,"strefa":"50-200 m","warstwa":"adresy"},"geometry":{"type":"Point","coordinates":[19.959743,49.981735]}},{"type":"Feature","properties":{"NUMER_PORZ":"145","KOD_POCZT":"30-698","NAZWA_ULC":"Henryka Niewodniczańskiego","NAZWA_GMI":"Kraków","NAZWA_MSC":"Kraków","odleglosc_m":176.8,"strefa":"50-200 m","warstwa":"adresy"},"geometry":{"type":"Point","coordinates":[19.957892,49.980809]}},{"type":"Feature","properties":{"NUMER_PORZ":"146","KOD_POCZT":"30-698","NAZWA_ULC":"Henryka Niewodniczańskiego","NAZWA_GMI":"Kraków","NAZWA_MSC":"Kraków","odleglosc_m":108.9,"strefa":"50-200 m","warstwa":"adresy"},"geometry":{"type":"Point","coordinates":[19.960326,49.981939]}},{"type":"Feature","properties":{"NUMER_PORZ":"146A","KOD_POCZT":"30-698","NAZWA_ULC":"Henryka Niewodniczańskiego","NAZWA_GMI":"Kraków","NAZWA_MSC":"Kraków","odleglosc_m":102.2,"strefa":"50-200 m","warstwa":"adresy"},"geometry":{"type":"Point","coordinates":[19.960435,49.981934]}},{"type":"Feature","properties":{"NUMER_PORZ":"147","KOD_POCZT":"30-698","NAZWA_ULC":"Henryka Niewodniczańskiego","NAZWA_GMI":"Kraków","NAZWA_MSC":"Kraków","odleglosc_m":165.1,"strefa":"50-200 m","warstwa":"adresy"},"geometry":{"type":"Point","coordinates":[19.958382,49.981049]}},{"type":"Feature","properties":{"NUMER_PORZ":"147a","KOD_POCZT":"30-698","NAZWA_ULC":"Henryka Niewodniczańskiego","NAZWA_GMI":"Kraków","NAZWA_MSC":"Kraków","odleglosc_m":179.8,"strefa":"50-200 m","warstwa":"adresy"},"geometry":{"type":"Point","coordinates":[19.958456,49.981292]}},{"type":"Feature","properties":{"NUMER_PORZ":"148","KOD_POCZT":"30-698","NAZWA_ULC":"Henryka Niewodniczańskiego","NAZWA_GMI":"Kraków","NAZWA_MSC":"Kraków","odleglosc_m":64.3,"strefa":"50-200 m","warstwa":"adresy"},"geometry":{"type":"Point","coordinates":[19.960719,49.981602]}},{"type":"Feature","properties":{"NUMER_PORZ":"155","KOD_POCZT":"30-698","NAZWA_ULC":"Henryka Niewodniczańskiego","NAZWA_GMI":"Kraków","NAZWA_MSC":"Kraków","odleglosc_m":162.2,"strefa":"50-200 m","warstwa":"adresy"},"geometry":{"type":"Point","coordinates":[19.959602,49.98211]}},{"type":"Feature","properties":{"NUMER_PORZ":"157","KOD_POCZT":"30-698","NAZWA_ULC":"Henryka Niewodniczańskiego","NAZWA_GMI":"Kraków","NAZWA_MSC":"Kraków","odleglosc_m":146.2,"strefa":"50-200 m","warstwa":"adresy"},"geometry":{"type":"Point","coordinates":[19.960103,49.982305]}},{"type":"Feature","properties":{"NUMER_PORZ":"10","KOD_POCZT":"30-699","NAZWA_ULC":"Droga Rokadowa","NAZWA_GMI":"Kraków","NAZWA_MSC":"Kraków","odleglosc_m":109.1,"strefa":"50-200 m","warstwa":"adresy"},"geometry":{"type":"Point","coordinates":[19.966398,49.989586]}},{"type":"Feature","properties":{"NUMER_PORZ":"14","KOD_POCZT":"30-699","NAZWA_ULC":"Droga Rokadowa","NAZWA_GMI":"Kraków","NAZWA_MSC":"Kraków","odleglosc_m":88.0,"strefa":"50-200 m","warstwa":"adresy"},"geometry":{"type":"Point","coordinates":[19.96673,49.989596]}},{"type":"Feature","properties":{"NUMER_PORZ":"15","KOD_POCZT":"30-699","NAZWA_ULC":"Droga Rokadowa","NAZWA_GMI":"Kraków","NAZWA_MSC":"Kraków","odleglosc_m":39.0,"strefa":"30-50 m","warstwa":"adresy"},"geometry":{"type":"Point","coordinates":[19.967678,49.989867]}},{"type":"Feature","properties":{"NUMER_PORZ":"20","KOD_POCZT":"30-699","NAZWA_ULC":"Droga Rokadowa","NAZWA_GMI":"Kraków","NAZWA_MSC":"Kraków","odleglosc_m":47.4,"strefa":"30-50 m","warstwa":"adresy"},"geometry":{"type":"Point","coordinates":[19.967386,49.989637]}},{"type":"Feature","properties":{"NUMER_PORZ":"24","KOD_POCZT":"30-699","NAZWA_ULC":"Droga Rokadowa","NAZWA_GMI":"Kraków","NAZWA_MSC":"Kraków","odleglosc_m":55.2,"strefa":"50-200 m","warstwa":"adresy"},"geometry":{"type":"Point","coordinates":[19.969658,49.989915]}},{"type":"Feature","properties":{"NUMER_PORZ":"27","KOD_POCZT":"30-699","NAZWA_ULC":"Droga Rokadowa","NAZWA_GMI":"Kraków","NAZWA_MSC":"Kraków","odleglosc_m":49.4,"strefa":"30-50 m","warstwa":"adresy"},"geometry":{"type":"Point","coordinates":[19.970176,49.990909]}},{"type":"Feature","properties":{"NUMER_PORZ":"31","KOD_POCZT":"30-699","NAZWA_ULC":"Droga Rokadowa","NAZWA_GMI":"Kraków","NAZWA_MSC":"Kraków","odleglosc_m":91.1,"strefa":"50-200 m","warstwa":"adresy"},"geometry":{"type":"Point","coordinates":[19.971028,49.991407]}},{"type":"Feature","properties":{"NUMER_PORZ":"32","KOD_POCZT":"30-699","NAZWA_ULC":"Droga Rokadowa","NAZWA_GMI":"Kraków","NAZWA_MSC":"Kraków","odleglosc_m":102.6,"strefa":"50-200 m","warstwa":"adresy"},"geometry":{"type":"Point","coordinates":[19.971121,49.99124]}},{"type":"Feature","properties":{"NUMER_PORZ":"8","KOD_POCZT":"30-699","NAZWA_ULC":"Droga Rokadowa","NAZWA_GMI":"Kraków","NAZWA_MSC":"Kraków","odleglosc_m":158.5,"strefa":"50-200 m","warstwa":"adresy"},"geometry":{"type":"Point","coordinates":[19.965627,49.989572]}},{"type":"Feature","properties":{"NUMER_PORZ":"10","KOD_POCZT":"30-699","NAZWA_ULC":"Jerzego Kuryłowicza","NAZWA_GMI":"Kraków","NAZWA_MSC":"Kraków","odleglosc_m":79.5,"strefa":"50-200 m","warstwa":"adresy"},"geometry":{"type":"Point","coordinates":[19.965347,49.987511]}},{"type":"Feature","properties":{"NUMER_PORZ":"11","KOD_POCZT":"30-699","NAZWA_ULC":"Jerzego Kuryłowicza","NAZWA_GMI":"Kraków","NAZWA_MSC":"Kraków","odleglosc_m":131.9,"strefa":"50-200 m","warstwa":"adresy"},"geometry":{"type":"Point","coordinates":[19.965001,49.988147]}},{"type":"Feature","properties":{"NUMER_PORZ":"12","KOD_POCZT":"30-699","NAZWA_ULC":"Jerzego Kuryłowicza","NAZWA_GMI":"Kraków","NAZWA_MSC":"Kraków","odleglosc_m":27.0,"strefa":"20-30 m","warstwa":"adresy"},"geometry":{"type":"Point","coordinates":[19.966115,49.987455]}},{"type":"Feature","properties":{"NUMER_PORZ":"13","KOD_POCZT":"30-699","NAZWA_ULC":"Jerzego Kuryłowicza","NAZWA_GMI":"Kraków","NAZWA_MSC":"Kraków","odleglosc_m":69.3,"strefa":"50-200 m","warstwa":"adresy"},"geometry":{"type":"Point","coordinates":[19.965768,49.987874]}},{"type":"Feature","properties":{"NUMER_PORZ":"13B","KOD_POCZT":"30-699","NAZWA_ULC":"Jerzego Kuryłowicza","NAZWA_GMI":"Kraków","NAZWA_MSC":"Kraków","odleglosc_m":77.6,"strefa":"50-200 m","warstwa":"adresy"},"geometry":{"type":"Point","coordinates":[19.965641,49.987875]}},{"type":"Feature","properties":{"NUMER_PORZ":"14","KOD_POCZT":"30-699","NAZWA_ULC":"Jerzego Kuryłowicza","NAZWA_GMI":"Kraków","NAZWA_MSC":"Kraków","odleglosc_m":3.8,"strefa":"0-20 m","warstwa":"adresy"},"geometry":{"type":"Point","coordinates":[19.966522,49.987523]}},{"type":"Feature","properties":{"NUMER_PORZ":"16c","KOD_POCZT":"30-699","NAZWA_ULC":"Jerzego Kuryłowicza","NAZWA_GMI":"Kraków","NAZWA_MSC":"Kraków","odleglosc_m":106.8,"strefa":"50-200 m","warstwa":"adresy"},"geometry":{"type":"Point","coordinates":[19.968545,49.987251]}},{"type":"Feature","properties":{"NUMER_PORZ":"19","KOD_POCZT":"30-699","NAZWA_ULC":"Jerzego Kuryłowicza","NAZWA_GMI":"Kraków","NAZWA_MSC":"Kraków","odleglosc_m":93.8,"strefa":"50-200 m","warstwa":"adresy"},"geometry":{"type":"Point","coordinates":[19.968604,49.987609]}},{"type":"Feature","properties":{"NUMER_PORZ":"20","KOD_POCZT":"30-699","NAZWA_ULC":"Jerzego Kuryłowicza","NAZWA_GMI":"Kraków","NAZWA_MSC":"Kraków","odleglosc_m":175.2,"strefa":"50-200 m","warstwa":"adresy"},"geometry":{"type":"Point","coordinates":[19.969195,49.986697]}},{"type":"Feature","properties":{"NUMER_PORZ":"23","KOD_POCZT":"30-699","NAZWA_ULC":"Jerzego Kuryłowicza","NAZWA_GMI":"Kraków","NAZWA_MSC":"Kraków","odleglosc_m":158.1,"strefa":"50-200 m","warstwa":"adresy"},"geometry":{"type":"Point","coordinates":[19.969316,49.987224]}},{"type":"Feature","properties":{"NUMER_PORZ":"25","KOD_POCZT":"30-699","NAZWA_ULC":"Jerzego Kuryłowicza","NAZWA_GMI":"Kraków","NAZWA_MSC":"Kraków","odleglosc_m":176.1,"strefa":"50-200 m","warstwa":"adresy"},"geometry":{"type":"Point","coordinates":[19.969472,49.987057]}},{"type":"Feature","properties":{"NUMER_PORZ":"9","KOD_POCZT":"30-699","NAZWA_ULC":"Jerzego Kuryłowicza","NAZWA_GMI":"Kraków","NAZWA_MSC":"Kraków","odleglosc_m":151.1,"strefa":"50-200 m","warstwa":"adresy"},"geometry":{"type":"Point","coordinates":[19.964723,49.988172]}},{"type":"Feature","properties":{"NUMER_PORZ":"11","KOD_POCZT":"30-698","NAZWA_ULC":"Lwa Landaua","NAZWA_GMI":"Kraków","NAZWA_MSC":"Kraków","odleglosc_m":144.2,"strefa":"50-200 m","warstwa":"adresy"},"geometry":{"type":"Point","coordinates":[19.963085,49.986546]}},{"type":"Feature","properties":{"NUMER_PORZ":"13A","KOD_POCZT":"30-698","NAZWA_ULC":"Lwa Landaua","NAZWA_GMI":"Kraków","NAZWA_MSC":"Kraków","odleglosc_m":152.5,"strefa":"50-200 m","warstwa":"adresy"},"geometry":{"type":"Point","coordinates":[19.962758,49.98633]}},{"type":"Feature","properties":{"NUMER_PORZ":"14","KOD_POCZT":"30-698","NAZWA_ULC":"Lwa Landaua","NAZWA_GMI":"Kraków","NAZWA_MSC":"Kraków","odleglosc_m":192.9,"strefa":"50-200 m","warstwa":"adresy"},"geometry":{"type":"Point","coordinates":[19.962282,49.98653]}},{"type":"Feature","properties":{"NUMER_PORZ":"16","KOD_POCZT":"30-698","NAZWA_ULC":"Lwa Landaua","NAZWA_GMI":"Kraków","NAZWA_MSC":"Kraków","odleglosc_m":180.5,"strefa":"50-200 m","warstwa":"adresy"},"geometry":{"type":"Point","coordinates":[19.962219,49.986145]}},{"type":"Feature","properties":{"NUMER_PORZ":"17","KOD_POCZT":"30-698","NAZWA_ULC":"Lwa Landaua","NAZWA_GMI":"Kraków","NAZWA_MSC":"Kraków","odleglosc_m":144.8,"strefa":"50-200 m","warstwa":"adresy"},"geometry":{"type":"Point","coordinates":[19.962426,49.985667]}},{"type":"Feature","properties":{"NUMER_PORZ":"18","KOD_POCZT":"30-698","NAZWA_ULC":"Lwa Landaua","NAZWA_GMI":"Kraków","NAZWA_MSC":"Kraków","odleglosc_m":171.8,"strefa":"50-200 m","warstwa":"adresy"},"geometry":{"type":"Point","coordinates":[19.961815,49.985299]}},{"type":"Feature","properties":{"NUMER_PORZ":"18A","KOD_POCZT":"30-698","NAZWA_ULC":"Lwa Landaua","NAZWA_GMI":"Kraków","NAZWA_MSC":"Kraków","odleglosc_m":177.5,"strefa":"50-200 m","warstwa":"adresy"},"geometry":{"type":"Point","coordinates":[19.96166,49.985192]}},{"type":"Feature","properties":{"NUMER_PORZ":"18B","KOD_POCZT":"30-698","NAZWA_ULC":"Lwa Landaua","NAZWA_GMI":"Kraków","NAZWA_MSC":"Kraków","odleglosc_m":177.2,"strefa":"50-200 m","warstwa":"adresy"},"geometry":{"type":"Point","coordinates":[19.961644,49.985163]}},{"type":"Feature","properties":{"NUMER_PORZ":"19","KOD_POCZT":"30-698","NAZWA_ULC":"Lwa Landaua","NAZWA_GMI":"Kraków","NAZWA_MSC":"Kraków","odleglosc_m":132.3,"strefa":"50-200 m","warstwa":"adresy"},"geometry":{"type":"Point","coordinates":[19.962412,49.985316]}},{"type":"Feature","properties":{"NUMER_PORZ":"21","KOD_POCZT":"30-698","NAZWA_ULC":"Lwa Landaua","NAZWA_GMI":"Kraków","NAZWA_MSC":"Kraków","odleglosc_m":109.0,"strefa":"50-200 m","warstwa":"adresy"},"geometry":{"type":"Point","coordinates":[19.962468,49.98484]}},{"type":"Feature","properties":{"NUMER_PORZ":"21a","KOD_POCZT":"30-698","NAZWA_ULC":"Lwa Landaua","NAZWA_GMI":"Kraków","NAZWA_MSC":"Kraków","odleglosc_m":109.1,"strefa":"50-200 m","warstwa":"adresy"},"geometry":{"type":"Point","coordinates":[19.962336,49.984651]}},{"type":"Feature","properties":{"NUMER_PORZ":"22","KOD_POCZT":"30-698","NAZWA_ULC":"Lwa Landaua","NAZWA_GMI":"Kraków","NAZWA_MSC":"Kraków","odleglosc_m":183.9,"strefa":"50-200 m","warstwa":"adresy"},"geometry":{"type":"Point","coordinates":[19.961265,49.984696]}},{"type":"Feature","properties":{"NUMER_PORZ":"16a","KOD_POCZT":"30-699","NAZWA_ULC":"Antoniego Kenara","NAZWA_GMI":"Kraków","NAZWA_MSC":"Kraków","odleglosc_m":18.6,"strefa":"0-20 m","warstwa":"adresy"},"geometry":{"type":"Point","coordinates":[19.963656,49.984566]}},{"type":"Feature","properties":{"NUMER_PORZ":"16c","KOD_POCZT":"30-699","NAZWA_ULC":"Antoniego Kenara","NAZWA_GMI":"Kraków","NAZWA_MSC":"Kraków","odleglosc_m":57.7,"strefa":"50-200 m","warstwa":"adresy"},"geometry":{"type":"Point","coordinates":[19.963324,49.98497]}},{"type":"Feature","properties":{"NUMER_PORZ":"18","KOD_POCZT":"30-699","NAZWA_ULC":"Antoniego Kenara","NAZWA_GMI":"Kraków","NAZWA_MSC":"Kraków","odleglosc_m":41.9,"strefa":"30-50 m","warstwa":"adresy"},"geometry":{"type":"Point","coordinates":[19.963187,49.984387]}},{"type":"Feature","properties":{"NUMER_PORZ":"23","KOD_POCZT":"30-699","NAZWA_ULC":"Antoniego Kenara","NAZWA_GMI":"Kraków","NAZWA_MSC":"Kraków","odleglosc_m":0.0,"strefa":"w śladzie","warstwa":"adresy"},"geometry":{"type":"Point","coordinates":[19.964491,49.984135]}},{"type":"Feature","properties":{"NUMER_PORZ":"34","KOD_POCZT":"30-699","NAZWA_ULC":"Antoniego Kenara","NAZWA_GMI":"Kraków","NAZWA_MSC":"Kraków","odleglosc_m":95.3,"strefa":"50-200 m","warstwa":"adresy"},"geometry":{"type":"Point","coordinates":[19.961662,49.983011]}},{"type":"Feature","properties":{"NUMER_PORZ":"35","KOD_POCZT":"30-699","NAZWA_ULC":"Antoniego Kenara","NAZWA_GMI":"Kraków","NAZWA_MSC":"Kraków","odleglosc_m":18.4,"strefa":"0-20 m","warstwa":"adresy"},"geometry":{"type":"Point","coordinates":[19.962852,49.983145]}},{"type":"Feature","properties":{"NUMER_PORZ":"35a","KOD_POCZT":"30-699","NAZWA_ULC":"Antoniego Kenara","NAZWA_GMI":"Kraków","NAZWA_MSC":"Kraków","odleglosc_m":22.5,"strefa":"20-30 m","warstwa":"adresy"},"geometry":{"type":"Point","coordinates":[19.962777,49.983113]}},{"type":"Feature","properties":{"NUMER_PORZ":"36","KOD_POCZT":"30-699","NAZWA_ULC":"Antoniego Kenara","NAZWA_GMI":"Kraków","NAZWA_MSC":"Kraków","odleglosc_m":86.9,"strefa":"50-200 m","warstwa":"adresy"},"geometry":{"type":"Point","coordinates":[19.961591,49.98268]}},{"type":"Feature","properties":{"NUMER_PORZ":"37","KOD_POCZT":"30-699","NAZWA_ULC":"Antoniego Kenara","NAZWA_GMI":"Kraków","NAZWA_MSC":"Kraków","odleglosc_m":58.1,"strefa":"50-200 m","warstwa":"adresy"},"geometry":{"type":"Point","coordinates":[19.962095,49.982769]}},{"type":"Feature","properties":{"NUMER_PORZ":"39","KOD_POCZT":"30-699","NAZWA_ULC":"Antoniego Kenara","NAZWA_GMI":"Kraków","NAZWA_MSC":"Kraków","odleglosc_m":53.4,"strefa":"50-200 m","warstwa":"adresy"},"geometry":{"type":"Point","coordinates":[19.962037,49.98258]}},{"type":"Feature","properties":{"NUMER_PORZ":"41","KOD_POCZT":"30-699","NAZWA_ULC":"Antoniego Kenara","NAZWA_GMI":"Kraków","NAZWA_MSC":"Kraków","odleglosc_m":74.7,"strefa":"50-200 m","warstwa":"adresy"},"geometry":{"type":"Point","coordinates":[19.961706,49.982575]}},{"type":"Feature","properties":{"NUMER_PORZ":"41a","KOD_POCZT":"30-699","NAZWA_ULC":"Antoniego Kenara","NAZWA_GMI":"Kraków","NAZWA_MSC":"Kraków","odleglosc_m":57.3,"strefa":"50-200 m","warstwa":"adresy"},"geometry":{"type":"Point","coordinates":[19.961739,49.982389]}},{"type":"Feature","properties":{"NUMER_PORZ":"6","KOD_POCZT":"30-699","NAZWA_ULC":"Jerzego Kuryłowicza","NAZWA_GMI":"Kraków","NAZWA_MSC":"Kraków","odleglosc_m":153.5,"strefa":"50-200 m","warstwa":"adresy"},"geometry":{"type":"Point","coordinates":[19.964415,49.987799]}},{"type":"Feature","properties":{"NUMER_PORZ":"23","KOD_POCZT":"30-698","NAZWA_ULC":"Lwa Landaua","NAZWA_GMI":"Kraków","NAZWA_MSC":"Kraków","odleglosc_m":88.4,"strefa":"50-200 m","warstwa":"adresy"},"geometry":{"type":"Point","coordinates":[19.962448,49.984248]}},{"type":"Feature","properties":{"NUMER_PORZ":"24","KOD_POCZT":"30-698","NAZWA_ULC":"Lwa Landaua","NAZWA_GMI":"Kraków","NAZWA_MSC":"Kraków","odleglosc_m":194.4,"strefa":"50-200 m","warstwa":"adresy"},"geometry":{"type":"Point","coordinates":[19.960942,49.984373]}},{"type":"Feature","properties":{"NUMER_PORZ":"26a","KOD_POCZT":"30-698","NAZWA_ULC":"Lwa Landaua","NAZWA_GMI":"Kraków","NAZWA_MSC":"Kraków","odleglosc_m":190.0,"strefa":"50-200 m","warstwa":"adresy"},"geometry":{"type":"Point","coordinates":[19.960828,49.984023]}},{"type":"Feature","properties":{"NUMER_PORZ":"29","KOD_POCZT":"30-698","NAZWA_ULC":"Lwa Landaua","NAZWA_GMI":"Kraków","NAZWA_MSC":"Kraków","odleglosc_m":122.3,"strefa":"50-200 m","warstwa":"adresy"},"geometry":{"type":"Point","coordinates":[19.961892,49.984159]}},{"type":"Feature","properties":{"NUMER_PORZ":"29a","KOD_POCZT":"30-698","NAZWA_ULC":"Lwa Landaua","NAZWA_GMI":"Kraków","NAZWA_MSC":"Kraków","odleglosc_m":136.3,"strefa":"50-200 m","warstwa":"adresy"},"geometry":{"type":"Point","coordinates":[19.961931,49.984642]}},{"type":"Feature","properties":{"NUMER_PORZ":"32","KOD_POCZT":"30-698","NAZWA_ULC":"Lwa Landaua","NAZWA_GMI":"Kraków","NAZWA_MSC":"Kraków","odleglosc_m":156.5,"strefa":"50-200 m","warstwa":"adresy"},"geometry":{"type":"Point","coordinates":[19.960641,49.982948]}},{"type":"Feature","properties":{"NUMER_PORZ":"33","KOD_POCZT":"30-698","NAZWA_ULC":"Lwa Landaua","NAZWA_GMI":"Kraków","NAZWA_MSC":"Kraków","odleglosc_m":147.5,"strefa":"50-200 m","warstwa":"adresy"},"geometry":{"type":"Point","coordinates":[19.961964,49.98496]}},{"type":"Feature","properties":{"NUMER_PORZ":"34","KOD_POCZT":"30-698","NAZWA_ULC":"Lwa Landaua","NAZWA_GMI":"Kraków","NAZWA_MSC":"Kraków","odleglosc_m":114.7,"strefa":"50-200 m","warstwa":"adresy"},"geometry":{"type":"Point","coordinates":[19.960854,49.982518]}},{"type":"Feature","properties":{"NUMER_PORZ":"43","KOD_POCZT":"30-699","NAZWA_ULC":"Antoniego Kenara","NAZWA_GMI":"Kraków","NAZWA_MSC":"Kraków","odleglosc_m":75.5,"strefa":"50-200 m","warstwa":"adresy"},"geometry":{"type":"Point","coordinates":[19.961289,49.982302]}},{"type":"Feature","properties":{"NUMER_PORZ":"8","KOD_POCZT":"30-699","NAZWA_ULC":"Jerzego Kuryłowicza","NAZWA_GMI":"Kraków","NAZWA_MSC":"Kraków","odleglosc_m":126.8,"strefa":"50-200 m","warstwa":"adresy"},"geometry":{"type":"Point","coordinates":[19.964606,49.987493]}},{"type":"Feature","properties":{"NUMER_PORZ":"32a","KOD_POCZT":"30-617","NAZWA_ULC":"Wyżynna","NAZWA_GMI":"Kraków","NAZWA_MSC":"Kraków","odleglosc_m":181.9,"strefa":"50-200 m","warstwa":"adresy"},"geometry":{"type":"Point","coordinates":[19.966433,49.999391]}},{"type":"Feature","properties":{"NUMER_PORZ":"39c","KOD_POCZT":"30-698","NAZWA_ULC":"Lwa Landaua","NAZWA_GMI":"Kraków","NAZWA_MSC":"Kraków","odleglosc_m":160.3,"strefa":"50-200 m","warstwa":"adresy"},"geometry":{"type":"Point","coordinates":[19.961249,49.983974]}},{"type":"Feature","properties":{"NUMER_PORZ":"41","KOD_POCZT":"30-698","NAZWA_ULC":"Lwa Landaua","NAZWA_GMI":"Kraków","NAZWA_MSC":"Kraków","odleglosc_m":152.7,"strefa":"50-200 m","warstwa":"adresy"},"geometry":{"type":"Point","coordinates":[19.961221,49.983777]}},{"type":"Feature","properties":{"NUMER_PORZ":"45","KOD_POCZT":"30-698","NAZWA_ULC":"Lwa Landaua","NAZWA_GMI":"Kraków","NAZWA_MSC":"Kraków","odleglosc_m":133.4,"strefa":"50-200 m","warstwa":"adresy"},"geometry":{"type":"Point","coordinates":[19.961159,49.983122]}},{"type":"Feature","properties":{"NUMER_PORZ":"47","KOD_POCZT":"30-698","NAZWA_ULC":"Lwa Landaua","NAZWA_GMI":"Kraków","NAZWA_MSC":"Kraków","odleglosc_m":106.3,"strefa":"50-200 m","warstwa":"adresy"},"geometry":{"type":"Point","coordinates":[19.961251,49.982701]}},{"type":"Feature","properties":{"NUMER_PORZ":"5b","KOD_POCZT":"30-698","NAZWA_ULC":"Lwa Landaua","NAZWA_GMI":"Kraków","NAZWA_MSC":"Kraków","odleglosc_m":147.4,"strefa":"50-200 m","warstwa":"adresy"},"geometry":{"type":"Point","coordinates":[19.963846,49.987081]}},{"type":"Feature","properties":{"NUMER_PORZ":"7","KOD_POCZT":"30-698","NAZWA_ULC":"Lwa Landaua","NAZWA_GMI":"Kraków","NAZWA_MSC":"Kraków","odleglosc_m":174.9,"strefa":"50-200 m","warstwa":"adresy"},"geometry":{"type":"Point","coordinates":[19.963077,49.987]}},{"type":"Feature","properties":{"NUMER_PORZ":"32c","KOD_POCZT":"30-617","NAZWA_ULC":"Wyżynna","NAZWA_GMI":"Kraków","NAZWA_MSC":"Kraków","odleglosc_m":194.0,"strefa":"50-200 m","warstwa":"adresy"},"geometry":{"type":"Point","coordinates":[19.966382,49.998646]}},{"type":"Feature","properties":{"NUMER_PORZ":"34C","KOD_POCZT":"30-617","NAZWA_ULC":"Wyżynna","NAZWA_GMI":"Kraków","NAZWA_MSC":"Kraków","odleglosc_m":166.8,"strefa":"50-200 m","warstwa":"adresy"},"geometry":{"type":"Point","coordinates":[19.966757,49.99868]}},{"type":"Feature","properties":{"NUMER_PORZ":"34D","KOD_POCZT":"30-617","NAZWA_ULC":"Wyżynna","NAZWA_GMI":"Kraków","NAZWA_MSC":"Kraków","odleglosc_m":177.6,"strefa":"50-200 m","warstwa":"adresy"},"geometry":{"type":"Point","coordinates":[19.966693,49.998234]}},{"type":"Feature","properties":{"NUMER_PORZ":"34E","KOD_POCZT":"30-617","NAZWA_ULC":"Wyżynna","NAZWA_GMI":"Kraków","NAZWA_MSC":"Kraków","odleglosc_m":150.7,"strefa":"50-200 m","warstwa":"adresy"},"geometry":{"type":"Point","coordinates":[19.967142,49.997977]}},{"type":"Feature","properties":{"NUMER_PORZ":"23","KOD_POCZT":"30-698","NAZWA_ULC":"Mirosława Krzyżańskiego","NAZWA_GMI":"Kraków","NAZWA_MSC":"Kraków","odleglosc_m":182.1,"strefa":"50-200 m","warstwa":"adresy"},"geometry":{"type":"Point","coordinates":[19.946821,49.976006]}},{"type":"Feature","properties":{"NUMER_PORZ":"23a","KOD_POCZT":"30-698","NAZWA_ULC":"Mirosława Krzyżańskiego","NAZWA_GMI":"Kraków","NAZWA_MSC":"Kraków","odleglosc_m":150.9,"strefa":"50-200 m","warstwa":"adresy"},"geometry":{"type":"Point","coordinates":[19.946859,49.97569]}},{"type":"Feature","properties":{"NUMER_PORZ":"15","KOD_POCZT":"30-699","NAZWA_ULC":"Jerzego Kuryłowicza","NAZWA_GMI":"Kraków","NAZWA_MSC":"Kraków","odleglosc_m":4.1,"strefa":"0-20 m","warstwa":"adresy"},"geometry":{"type":"Point","coordinates":[19.966782,49.987888]}},{"type":"Feature","properties":{"NUMER_PORZ":"18","KOD_POCZT":"30-699","NAZWA_ULC":"Jerzego Kuryłowicza","NAZWA_GMI":"Kraków","NAZWA_MSC":"Kraków","odleglosc_m":152.2,"strefa":"50-200 m","warstwa":"adresy"},"geometry":{"type":"Point","coordinates":[19.969034,49.986964]}},{"type":"Feature","properties":{"NUMER_PORZ":"51","KOD_POCZT":"30-698","NAZWA_ULC":"Miarowa","NAZWA_GMI":"Kraków","NAZWA_MSC":"Kraków","odleglosc_m":48.9,"strefa":"30-50 m","warstwa":"adresy"},"geometry":{"type":"Point","coordinates":[19.969198,49.994499]}},{"type":"Feature","properties":{"NUMER_PORZ":"32A","KOD_POCZT":"30-698","NAZWA_ULC":"Stanisława Grzepskiego","NAZWA_GMI":"Kraków","NAZWA_MSC":"Kraków","odleglosc_m":35.2,"strefa":"30-50 m","warstwa":"adresy"},"geometry":{"type":"Point","coordinates":[19.952779,49.976842]}},{"type":"Feature","properties":{"NUMER_PORZ":"14a","KOD_POCZT":"30-698","NAZWA_ULC":"Lwa Landaua","NAZWA_GMI":"Kraków","NAZWA_MSC":"Kraków","odleglosc_m":180.4,"strefa":"50-200 m","warstwa":"adresy"},"geometry":{"type":"Point","coordinates":[19.962459,49.986506]}},{"type":"Feature","properties":{"NUMER_PORZ":"5","KOD_POCZT":"30-698","NAZWA_ULC":"Lwa Landaua","NAZWA_GMI":"Kraków","NAZWA_MSC":"Kraków","odleglosc_m":188.3,"strefa":"50-200 m","warstwa":"adresy"},"geometry":{"type":"Point","coordinates":[19.963205,49.98724]}},{"type":"Feature","properties":{"NUMER_PORZ":"34","KOD_POCZT":"30-617","NAZWA_ULC":"Wyżynna","NAZWA_GMI":"Kraków","NAZWA_MSC":"Kraków","odleglosc_m":154.5,"strefa":"50-200 m","warstwa":"adresy"},"geometry":{"type":"Point","coordinates":[19.966793,49.999523]}},{"type":"Feature","properties":{"NUMER_PORZ":"12h","KOD_POCZT":"30-699","NAZWA_ULC":"Golkowicka","NAZWA_GMI":"Kraków","NAZWA_MSC":"Kraków","odleglosc_m":155.7,"strefa":"50-200 m","warstwa":"adresy"},"geometry":{"type":"Point","coordinates":[19.96793,49.985004]}},{"type":"Feature","properties":{"NUMER_PORZ":"50a","KOD_POCZT":"30-698","NAZWA_ULC":"Mirosława Krzyżańskiego","NAZWA_GMI":"Kraków","NAZWA_MSC":"Kraków","odleglosc_m":106.3,"strefa":"50-200 m","warstwa":"adresy"},"geometry":{"type":"Point","coordinates":[19.946079,49.974883]}},{"type":"Feature","properties":{"NUMER_PORZ":"124a","KOD_POCZT":"30-698","NAZWA_ULC":"Henryka Niewodniczańskiego","NAZWA_GMI":"Kraków","NAZWA_MSC":"Kraków","odleglosc_m":148.7,"strefa":"50-200 m","warstwa":"adresy"},"geometry":{"type":"Point","coordinates":[19.956954,49.979878]}},{"type":"Feature","properties":{"NUMER_PORZ":"3a","KOD_POCZT":"30-698","NAZWA_ULC":"Stanisława Grzepskiego","NAZWA_GMI":"Kraków","NAZWA_MSC":"Kraków","odleglosc_m":150.9,"strefa":"50-200 m","warstwa":"adresy"},"geometry":{"type":"Point","coordinates":[19.947501,49.975941]}},{"type":"Feature","properties":{"NUMER_PORZ":"6a","KOD_POCZT":"30-698","NAZWA_ULC":"Stanisława Grzepskiego","NAZWA_GMI":"Kraków","NAZWA_MSC":"Kraków","odleglosc_m":43.8,"strefa":"30-50 m","warstwa":"adresy"},"geometry":{"type":"Point","coordinates":[19.948112,49.975059]}},{"type":"Feature","properties":{"NUMER_PORZ":"7","KOD_POCZT":"30-698","NAZWA_ULC":"Stanisława Grzepskiego","NAZWA_GMI":"Kraków","NAZWA_MSC":"Kraków","odleglosc_m":122.6,"strefa":"50-200 m","warstwa":"adresy"},"geometry":{"type":"Point","coordinates":[19.948869,49.976176]}},{"type":"Feature","properties":{"NUMER_PORZ":"8","KOD_POCZT":"30-698","NAZWA_ULC":"Grawerska","NAZWA_GMI":"Kraków","NAZWA_MSC":"Kraków","odleglosc_m":79.8,"strefa":"50-200 m","warstwa":"adresy"},"geometry":{"type":"Point","coordinates":[19.968502,49.992492]}},{"type":"Feature","properties":{"NUMER_PORZ":"6a","KOD_POCZT":"30-699","NAZWA_ULC":"Droga Rokadowa","NAZWA_GMI":"Kraków","NAZWA_MSC":"Kraków","odleglosc_m":178.9,"strefa":"50-200 m","warstwa":"adresy"},"geometry":{"type":"Point","coordinates":[19.965249,49.989485]}},{"type":"Feature","properties":{"NUMER_PORZ":"5K","KOD_POCZT":"30-698","NAZWA_ULC":"Gościnna","NAZWA_GMI":"Kraków","NAZWA_MSC":"Kraków","odleglosc_m":138.3,"strefa":"50-200 m","warstwa":"adresy"},"geometry":{"type":"Point","coordinates":[19.943887,49.974418]}},{"type":"Feature","properties":{"NUMER_PORZ":"24","KOD_POCZT":"30-699","NAZWA_ULC":"Antoniego Kenara","NAZWA_GMI":"Kraków","NAZWA_MSC":"Kraków","odleglosc_m":28.9,"strefa":"20-30 m","warstwa":"adresy"},"geometry":{"type":"Point","coordinates":[19.962946,49.98351]}},{"type":"Feature","properties":{"NUMER_PORZ":"39","KOD_POCZT":"30-698","NAZWA_ULC":"Lwa Landaua","NAZWA_GMI":"Kraków","NAZWA_MSC":"Kraków","odleglosc_m":153.9,"strefa":"50-200 m","warstwa":"adresy"},"geometry":{"type":"Point","coordinates":[19.961426,49.984168]}},{"type":"Feature","properties":{"NUMER_PORZ":"12f","KOD_POCZT":"30-699","NAZWA_ULC":"Golkowicka","NAZWA_GMI":"Kraków","NAZWA_MSC":"Kraków","odleglosc_m":151.5,"strefa":"50-200 m","warstwa":"adresy"},"geometry":{"type":"Point","coordinates":[19.968065,49.985389]}},{"type":"Feature","properties":{"NUMER_PORZ":"35a","KOD_POCZT":"30-698","NAZWA_ULC":"Stanisława Grzepskiego","NAZWA_GMI":"Kraków","NAZWA_MSC":"Kraków","odleglosc_m":137.6,"strefa":"50-200 m","warstwa":"adresy"},"geometry":{"type":"Point","coordinates":[19.952245,49.977705]}},{"type":"Feature","properties":{"NUMER_PORZ":"2H","KOD_POCZT":"30-698","NAZWA_ULC":"Grawerska","NAZWA_GMI":"Kraków","NAZWA_MSC":"Kraków","odleglosc_m":117.4,"strefa":"50-200 m","warstwa":"adresy"},"geometry":{"type":"Point","coordinates":[19.96824,49.993912]}},{"type":"Feature","properties":{"NUMER_PORZ":"37a","KOD_POCZT":"30-698","NAZWA_ULC":"Mirosława Krzyżańskiego","NAZWA_GMI":"Kraków","NAZWA_MSC":"Kraków","odleglosc_m":8.2,"strefa":"0-20 m","warstwa":"adresy"},"geometry":{"type":"Point","coordinates":[19.947692,49.973949]}},{"type":"Feature","properties":{"NUMER_PORZ":"48","KOD_POCZT":"30-698","NAZWA_ULC":"Mirosława Krzyżańskiego","NAZWA_GMI":"Kraków","NAZWA_MSC":"Kraków","odleglosc_m":135.4,"strefa":"50-200 m","warstwa":"adresy"},"geometry":{"type":"Point","coordinates":[19.945877,49.975111]}},{"type":"Feature","properties":{"NUMER_PORZ":"60","KOD_POCZT":"30-698","NAZWA_ULC":"Mirosława Krzyżańskiego","NAZWA_GMI":"Kraków","NAZWA_MSC":"Kraków","odleglosc_m":75.0,"strefa":"50-200 m","warstwa":"adresy"},"geometry":{"type":"Point","coordinates":[19.946996,49.972948]}},{"type":"Feature","properties":{"NUMER_PORZ":"134b","KOD_POCZT":"30-698","NAZWA_ULC":"Henryka Niewodniczańskiego","NAZWA_GMI":"Kraków","NAZWA_MSC":"Kraków","odleglosc_m":67.3,"strefa":"50-200 m","warstwa":"adresy"},"geometry":{"type":"Point","coordinates":[19.959963,49.980935]}},{"type":"Feature","properties":{"NUMER_PORZ":"6","KOD_POCZT":"30-698","NAZWA_ULC":"Grawerska","NAZWA_GMI":"Kraków","NAZWA_MSC":"Kraków","odleglosc_m":122.1,"strefa":"50-200 m","warstwa":"adresy"},"geometry":{"type":"Point","coordinates":[19.96804,49.992986]}},{"type":"Feature","properties":{"NUMER_PORZ":"16b","KOD_POCZT":"30-698","NAZWA_ULC":"Adolfa Aleksandrowicza","NAZWA_GMI":"Kraków","NAZWA_MSC":"Kraków","odleglosc_m":199.4,"strefa":"50-200 m","warstwa":"adresy"},"geometry":{"type":"Point","coordinates":[19.948243,49.976737]}},{"type":"Feature","properties":{"NUMER_PORZ":"25","KOD_POCZT":"30-617","NAZWA_ULC":"Wyżynna","NAZWA_GMI":"Kraków","NAZWA_MSC":"Kraków","odleglosc_m":180.1,"strefa":"50-200 m","warstwa":"adresy"},"geometry":{"type":"Point","coordinates":[19.966303,50.000096]}},{"type":"Feature","properties":{"NUMER_PORZ":"16D","KOD_POCZT":"30-698","NAZWA_ULC":"Matematyków Krakowskich","NAZWA_GMI":"Kraków","NAZWA_MSC":"Kraków","odleglosc_m":150.1,"strefa":"50-200 m","warstwa":"adresy"},"geometry":{"type":"Point","coordinates":[19.961876,49.978624]}},{"type":"Feature","properties":{"NUMER_PORZ":"23a","KOD_POCZT":"30-698","NAZWA_ULC":"Ignacego Chrzanowskiego","NAZWA_GMI":"Kraków","NAZWA_MSC":"Kraków","odleglosc_m":41.7,"strefa":"30-50 m","warstwa":"adresy"},"geometry":{"type":"Point","coordinates":[19.958555,49.977979]}},{"type":"Feature","properties":{"NUMER_PORZ":"30d","KOD_POCZT":"30-698","NAZWA_ULC":"Ignacego Chrzanowskiego","NAZWA_GMI":"Kraków","NAZWA_MSC":"Kraków","odleglosc_m":92.3,"strefa":"50-200 m","warstwa":"adresy"},"geometry":{"type":"Point","coordinates":[19.958378,49.977353]}},{"type":"Feature","properties":{"NUMER_PORZ":"155","KOD_POCZT":"30-698","NAZWA_ULC":"Matematyków Krakowskich","NAZWA_GMI":"Kraków","NAZWA_MSC":"Kraków","odleglosc_m":175.1,"strefa":"50-200 m","warstwa":"adresy"},"geometry":{"type":"Point","coordinates":[19.948395,49.972466]}},{"type":"Feature","properties":{"NUMER_PORZ":"166","KOD_POCZT":"30-698","NAZWA_ULC":"Matematyków Krakowskich","NAZWA_GMI":"Kraków","NAZWA_MSC":"Kraków","odleglosc_m":183.7,"strefa":"50-200 m","warstwa":"adresy"},"geometry":{"type":"Point","coordinates":[19.948847,49.97255]}},{"type":"Feature","properties":{"NUMER_PORZ":"36","KOD_POCZT":"30-617","NAZWA_ULC":"Wyżynna","NAZWA_GMI":"Kraków","NAZWA_MSC":"Kraków","odleglosc_m":98.8,"strefa":"50-200 m","warstwa":"adresy"},"geometry":{"type":"Point","coordinates":[19.967533,49.99973]}},{"type":"Feature","properties":{"NUMER_PORZ":"4","KOD_POCZT":"30-698","NAZWA_ULC":"Matematyków Krakowskich","NAZWA_GMI":"Kraków","NAZWA_MSC":"Kraków","odleglosc_m":0.0,"strefa":"w śladzie","warstwa":"adresy"},"geometry":{"type":"Point","coordinates":[19.961863,49.981492]}},{"type":"Feature","properties":{"NUMER_PORZ":"19","KOD_POCZT":"30-698","NAZWA_ULC":"Ignacego Chrzanowskiego","NAZWA_GMI":"Kraków","NAZWA_MSC":"Kraków","odleglosc_m":11.7,"strefa":"0-20 m","warstwa":"adresy"},"geometry":{"type":"Point","coordinates":[19.957828,49.977998]}},{"type":"Feature","properties":{"NUMER_PORZ":"39","KOD_POCZT":"30-698","NAZWA_ULC":"Ignacego Chrzanowskiego","NAZWA_GMI":"Kraków","NAZWA_MSC":"Kraków","odleglosc_m":136.2,"strefa":"50-200 m","warstwa":"adresy"},"geometry":{"type":"Point","coordinates":[19.96066,49.978011]}},{"type":"Feature","properties":{"NUMER_PORZ":"11","KOD_POCZT":"30-698","NAZWA_ULC":"Grawerska","NAZWA_GMI":"Kraków","NAZWA_MSC":"Kraków","odleglosc_m":7.4,"strefa":"0-20 m","warstwa":"adresy"},"geometry":{"type":"Point","coordinates":[19.969667,49.993046]}},{"type":"Feature","properties":{"NUMER_PORZ":"101E","KOD_POCZT":"30-699","NAZWA_ULC":"Tuchowska","NAZWA_GMI":"Kraków","NAZWA_MSC":"Kraków","odleglosc_m":96.8,"strefa":"50-200 m","warstwa":"adresy"},"geometry":{"type":"Point","coordinates":[19.971591,49.992979]}},{"type":"Feature","properties":{"NUMER_PORZ":"12","KOD_POCZT":"30-698","NAZWA_ULC":"Grawerska","NAZWA_GMI":"Kraków","NAZWA_MSC":"Kraków","odleglosc_m":37.5,"strefa":"30-50 m","warstwa":"adresy"},"geometry":{"type":"Point","coordinates":[19.969011,49.992208]}},{"type":"Feature","properties":{"NUMER_PORZ":"143","KOD_POCZT":"30-698","NAZWA_ULC":"Henryka Niewodniczańskiego","NAZWA_GMI":"Kraków","NAZWA_MSC":"Kraków","odleglosc_m":190.4,"strefa":"50-200 m","warstwa":"adresy"},"geometry":{"type":"Point","coordinates":[19.957523,49.980686]}},{"type":"Feature","properties":{"NUMER_PORZ":"153a","KOD_POCZT":"30-698","NAZWA_ULC":"Matematyków Krakowskich","NAZWA_GMI":"Kraków","NAZWA_MSC":"Kraków","odleglosc_m":195.2,"strefa":"50-200 m","warstwa":"adresy"},"geometry":{"type":"Point","coordinates":[19.948467,49.972284]}},{"type":"Feature","properties":{"NUMER_PORZ":"46A","KOD_POCZT":"30-698","NAZWA_ULC":"Mirosława Krzyżańskiego","NAZWA_GMI":"Kraków","NAZWA_MSC":"Kraków","odleglosc_m":143.8,"strefa":"50-200 m","warstwa":"adresy"},"geometry":{"type":"Point","coordinates":[19.946045,49.975269]}},{"type":"Feature","properties":{"NUMER_PORZ":"13a","KOD_POCZT":"30-699","NAZWA_ULC":"Jerzego Kuryłowicza","NAZWA_GMI":"Kraków","NAZWA_MSC":"Kraków","odleglosc_m":51.0,"strefa":"50-200 m","warstwa":"adresy"},"geometry":{"type":"Point","coordinates":[19.966042,49.987864]}},{"type":"Feature","properties":{"NUMER_PORZ":"147c","KOD_POCZT":"30-698","NAZWA_ULC":"Henryka Niewodniczańskiego","NAZWA_GMI":"Kraków","NAZWA_MSC":"Kraków","odleglosc_m":192.9,"strefa":"50-200 m","warstwa":"adresy"},"geometry":{"type":"Point","coordinates":[19.958198,49.981289]}},{"type":"Feature","properties":{"NUMER_PORZ":"15A","KOD_POCZT":"30-699","NAZWA_ULC":"Jerzego Kuryłowicza","NAZWA_GMI":"Kraków","NAZWA_MSC":"Kraków","odleglosc_m":0.0,"strefa":"w śladzie","warstwa":"adresy"},"geometry":{"type":"Point","coordinates":[19.967319,49.987864]}},{"type":"Feature","properties":{"NUMER_PORZ":"34","KOD_POCZT":"31-045","NAZWA_ULC":"Stanisława Grzepskiego","NAZWA_GMI":"Kraków","NAZWA_MSC":"Kraków","odleglosc_m":113.7,"strefa":"50-200 m","warstwa":"adresy"},"geometry":{"type":"Point","coordinates":[19.952731,49.977627]}},{"type":"Feature","properties":{"NUMER_PORZ":"22","KOD_POCZT":"30-699","NAZWA_ULC":"Droga Rokadowa","NAZWA_GMI":"Kraków","NAZWA_MSC":"Kraków","odleglosc_m":19.3,"strefa":"0-20 m","warstwa":"adresy"},"geometry":{"type":"Point","coordinates":[19.968712,49.989338]}},{"type":"Feature","properties":{"NUMER_PORZ":"25a","KOD_POCZT":"30-698","NAZWA_ULC":"Mirosława Krzyżańskiego","NAZWA_GMI":"Kraków","NAZWA_MSC":"Kraków","odleglosc_m":187.8,"strefa":"50-200 m","warstwa":"adresy"},"geometry":{"type":"Point","coordinates":[19.946194,49.975813]}},{"type":"Feature","properties":{"NUMER_PORZ":"39a","KOD_POCZT":"30-698","NAZWA_ULC":"Mirosława Krzyżańskiego","NAZWA_GMI":"Kraków","NAZWA_MSC":"Kraków","odleglosc_m":54.2,"strefa":"50-200 m","warstwa":"adresy"},"geometry":{"type":"Point","coordinates":[19.947677,49.973454]}},{"type":"Feature","properties":{"NUMER_PORZ":"50","KOD_POCZT":"30-698","NAZWA_ULC":"Mirosława Krzyżańskiego","NAZWA_GMI":"Kraków","NAZWA_MSC":"Kraków","odleglosc_m":112.2,"strefa":"50-200 m","warstwa":"adresy"},"geometry":{"type":"Point","coordinates":[19.94634,49.975054]}},{"type":"Feature","properties":{"NUMER_PORZ":"54D","KOD_POCZT":"30-698","NAZWA_ULC":"Mirosława Krzyżańskiego","NAZWA_GMI":"Kraków","NAZWA_MSC":"Kraków","odleglosc_m":39.5,"strefa":"30-50 m","warstwa":"adresy"},"geometry":{"type":"Point","coordinates":[19.946339,49.974281]}},{"type":"Feature","properties":{"NUMER_PORZ":"28","KOD_POCZT":"30-698","NAZWA_ULC":"Lwa Landaua","NAZWA_GMI":"Kraków","NAZWA_MSC":"Kraków","odleglosc_m":189.4,"strefa":"50-200 m","warstwa":"adresy"},"geometry":{"type":"Point","coordinates":[19.960703,49.983835]}},{"type":"Feature","properties":{"NUMER_PORZ":"10","KOD_POCZT":"30-698","NAZWA_ULC":"Lwa Landaua","NAZWA_GMI":"Kraków","NAZWA_MSC":"Kraków","odleglosc_m":199.8,"strefa":"50-200 m","warstwa":"adresy"},"geometry":{"type":"Point","coordinates":[19.962599,49.986981]}},{"type":"Feature","properties":{"NUMER_PORZ":"43","KOD_POCZT":"30-698","NAZWA_ULC":"Lwa Landaua","NAZWA_GMI":"Kraków","NAZWA_MSC":"Kraków","odleglosc_m":146.0,"strefa":"50-200 m","warstwa":"adresy"},"geometry":{"type":"Point","coordinates":[19.961163,49.983508]}},{"type":"Feature","properties":{"NUMER_PORZ":"56d","KOD_POCZT":"30-698","NAZWA_ULC":"Mirosława Krzyżańskiego","NAZWA_GMI":"Kraków","NAZWA_MSC":"Kraków","odleglosc_m":0.0,"strefa":"w śladzie","warstwa":"adresy"},"geometry":{"type":"Point","coordinates":[19.945965,49.973646]}},{"type":"Feature","properties":{"NUMER_PORZ":"34AB","KOD_POCZT":"30-617","NAZWA_ULC":"Wyżynna","NAZWA_GMI":"Kraków","NAZWA_MSC":"Kraków","odleglosc_m":129.7,"strefa":"50-200 m","warstwa":"adresy"},"geometry":{"type":"Point","coordinates":[19.967168,49.999371]}},{"type":"Feature","properties":{"NUMER_PORZ":"14","KOD_POCZT":"30-698","NAZWA_ULC":"Stanisława Grzepskiego","NAZWA_GMI":"Kraków","NAZWA_MSC":"Kraków","odleglosc_m":70.6,"strefa":"50-200 m","warstwa":"adresy"},"geometry":{"type":"Point","coordinates":[19.950169,49.976166]}},{"type":"Feature","properties":{"NUMER_PORZ":"34a","KOD_POCZT":"30-698","NAZWA_ULC":"Miarowa","NAZWA_GMI":"Kraków","NAZWA_MSC":"Kraków","odleglosc_m":151.0,"strefa":"50-200 m","warstwa":"adresy"},"geometry":{"type":"Point","coordinates":[19.967766,49.994603]}},{"type":"Feature","properties":{"NUMER_PORZ":"157","KOD_POCZT":"30-698","NAZWA_ULC":"Matematyków Krakowskich","NAZWA_GMI":"Kraków","NAZWA_MSC":"Kraków","odleglosc_m":125.2,"strefa":"50-200 m","warstwa":"adresy"},"geometry":{"type":"Point","coordinates":[19.947411,49.972583]}},{"type":"Feature","properties":{"NUMER_PORZ":"172","KOD_POCZT":"30-698","NAZWA_ULC":"Matematyków Krakowskich","NAZWA_GMI":"Kraków","NAZWA_MSC":"Kraków","odleglosc_m":141.2,"strefa":"50-200 m","warstwa":"adresy"},"geometry":{"type":"Point","coordinates":[19.94935,49.973198]}},{"type":"Feature","properties":{"NUMER_PORZ":"30A","KOD_POCZT":"30-698","NAZWA_ULC":"Ignacego Chrzanowskiego","NAZWA_GMI":"Kraków","NAZWA_MSC":"Kraków","odleglosc_m":99.2,"strefa":"50-200 m","warstwa":"adresy"},"geometry":{"type":"Point","coordinates":[19.958107,49.977139]}},{"type":"Feature","properties":{"NUMER_PORZ":"5C","KOD_POCZT":"30-698","NAZWA_ULC":"Lwa Landaua","NAZWA_GMI":"Kraków","NAZWA_MSC":"Kraków","odleglosc_m":172.2,"strefa":"50-200 m","warstwa":"adresy"},"geometry":{"type":"Point","coordinates":[19.963433,49.987172]}},{"type":"Feature","properties":{"NUMER_PORZ":"118","KOD_POCZT":"30-698","NAZWA_ULC":"Henryka Niewodniczańskiego","NAZWA_GMI":"Kraków","NAZWA_MSC":"Kraków","odleglosc_m":198.6,"strefa":"50-200 m","warstwa":"adresy"},"geometry":{"type":"Point","coordinates":[19.955822,49.979825]}},{"type":"Feature","properties":{"NUMER_PORZ":"147b","KOD_POCZT":"30-698","NAZWA_ULC":"Henryka Niewodniczańskiego","NAZWA_GMI":"Kraków","NAZWA_MSC":"Kraków","odleglosc_m":168.2,"strefa":"50-200 m","warstwa":"adresy"},"geometry":{"type":"Point","coordinates":[19.958283,49.981021]}},{"type":"Feature","properties":{"NUMER_PORZ":"126a","KOD_POCZT":"30-698","NAZWA_ULC":"Henryka Niewodniczańskiego","NAZWA_GMI":"Kraków","NAZWA_MSC":"Kraków","odleglosc_m":153.9,"strefa":"50-200 m","warstwa":"adresy"},"geometry":{"type":"Point","coordinates":[19.957253,49.98013]}},{"type":"Feature","properties":{"NUMER_PORZ":"33a","KOD_POCZT":"30-698","NAZWA_ULC":"Ignacego Chrzanowskiego","NAZWA_GMI":"Kraków","NAZWA_MSC":"Kraków","odleglosc_m":122.8,"strefa":"50-200 m","warstwa":"adresy"},"geometry":{"type":"Point","coordinates":[19.960391,49.977995]}},{"type":"Feature","properties":{"NUMER_PORZ":"43","KOD_POCZT":"30-698","NAZWA_ULC":"Mirosława Krzyżańskiego","NAZWA_GMI":"Kraków","NAZWA_MSC":"Kraków","odleglosc_m":126.7,"strefa":"50-200 m","warstwa":"adresy"},"geometry":{"type":"Point","coordinates":[19.94733,49.972527]}},{"type":"Feature","properties":{"NUMER_PORZ":"52a","KOD_POCZT":"30-698","NAZWA_ULC":"Mirosława Krzyżańskiego","NAZWA_GMI":"Kraków","NAZWA_MSC":"Kraków","odleglosc_m":75.0,"strefa":"50-200 m","warstwa":"adresy"},"geometry":{"type":"Point","coordinates":[19.945866,49.974468]}},{"type":"Feature","properties":{"NUMER_PORZ":"6d","KOD_POCZT":"30-698","NAZWA_ULC":"Matematyków Krakowskich","NAZWA_GMI":"Kraków","NAZWA_MSC":"Kraków","odleglosc_m":9.9,"strefa":"0-20 m","warstwa":"adresy"},"geometry":{"type":"Point","coordinates":[19.96144,49.980179]}},{"type":"Feature","properties":{"NUMER_PORZ":"35F","KOD_POCZT":"30-699","NAZWA_ULC":"Antoniego Kenara","NAZWA_GMI":"Kraków","NAZWA_MSC":"Kraków","odleglosc_m":30.5,"strefa":"30-50 m","warstwa":"adresy"},"geometry":{"type":"Point","coordinates":[19.962591,49.982973]}},{"type":"Feature","properties":{"NUMER_PORZ":"5a","KOD_POCZT":"30-698","NAZWA_ULC":"Lwa Landaua","NAZWA_GMI":"Kraków","NAZWA_MSC":"Kraków","odleglosc_m":183.0,"strefa":"50-200 m","warstwa":"adresy"},"geometry":{"type":"Point","coordinates":[19.963532,49.987334]}},{"type":"Feature","properties":{"NUMER_PORZ":"7a","KOD_POCZT":"30-698","NAZWA_ULC":"Lwa Landaua","NAZWA_GMI":"Kraków","NAZWA_MSC":"Kraków","odleglosc_m":156.7,"strefa":"50-200 m","warstwa":"adresy"},"geometry":{"type":"Point","coordinates":[19.963298,49.986911]}},{"type":"Feature","properties":{"NUMER_PORZ":"44","KOD_POCZT":"30-698","NAZWA_ULC":"Mirosława Krzyżańskiego","NAZWA_GMI":"Kraków","NAZWA_MSC":"Kraków","odleglosc_m":164.5,"strefa":"50-200 m","warstwa":"adresy"},"geometry":{"type":"Point","coordinates":[19.946017,49.975482]}},{"type":"Feature","properties":{"NUMER_PORZ":"6","KOD_POCZT":"30-699","NAZWA_ULC":"Rytownicza","NAZWA_GMI":"Kraków","NAZWA_MSC":"Kraków","odleglosc_m":165.6,"strefa":"50-200 m","warstwa":"adresy"},"geometry":{"type":"Point","coordinates":[19.972526,49.992813]}},{"type":"Feature","properties":{"NUMER_PORZ":"20","KOD_POCZT":"30-699","NAZWA_ULC":"Antoniego Kenara","NAZWA_GMI":"Kraków","NAZWA_MSC":"Kraków","odleglosc_m":14.2,"strefa":"0-20 m","warstwa":"adresy"},"geometry":{"type":"Point","coordinates":[19.963508,49.984169]}},{"type":"Feature","properties":{"NUMER_PORZ":"15","KOD_POCZT":"30-698","NAZWA_ULC":"Stanisława Grzepskiego","NAZWA_GMI":"Kraków","NAZWA_MSC":"Kraków","odleglosc_m":147.1,"strefa":"50-200 m","warstwa":"adresy"},"geometry":{"type":"Point","coordinates":[19.950159,49.976975]}},{"type":"Feature","properties":{"NUMER_PORZ":"34H","KOD_POCZT":"30-617","NAZWA_ULC":"Wyżynna","NAZWA_GMI":"Kraków","NAZWA_MSC":"Kraków","odleglosc_m":194.1,"strefa":"50-200 m","warstwa":"adresy"},"geometry":{"type":"Point","coordinates":[19.966723,49.997371]}},{"type":"Feature","properties":{"NUMER_PORZ":"34AA","KOD_POCZT":"30-617","NAZWA_ULC":"Wyżynna","NAZWA_GMI":"Kraków","NAZWA_MSC":"Kraków","odleglosc_m":127.3,"strefa":"50-200 m","warstwa":"adresy"},"geometry":{"type":"Point","coordinates":[19.967174,49.999534]}},{"type":"Feature","properties":{"NUMER_PORZ":"34G","KOD_POCZT":"30-617","NAZWA_ULC":"Wyżynna","NAZWA_GMI":"Kraków","NAZWA_MSC":"Kraków","odleglosc_m":191.6,"strefa":"50-200 m","warstwa":"adresy"},"geometry":{"type":"Point","coordinates":[19.966718,49.997484]}},{"type":"Feature","properties":{"NUMER_PORZ":"39B","KOD_POCZT":"30-698","NAZWA_ULC":"Mirosława Krzyżańskiego","NAZWA_GMI":"Kraków","NAZWA_MSC":"Kraków","odleglosc_m":66.5,"strefa":"50-200 m","warstwa":"adresy"},"geometry":{"type":"Point","coordinates":[19.947996,49.973451]}},{"type":"Feature","properties":{"NUMER_PORZ":"107","KOD_POCZT":"30-693","NAZWA_ULC":"Tuchowska","NAZWA_GMI":"Kraków","NAZWA_MSC":"Kraków","odleglosc_m":71.3,"strefa":"50-200 m","warstwa":"adresy"},"geometry":{"type":"Point","coordinates":[19.970953,49.991941]}},{"type":"Feature","properties":{"NUMER_PORZ":"12c","KOD_POCZT":"30-699","NAZWA_ULC":"Golkowicka","NAZWA_GMI":"Kraków","NAZWA_MSC":"Kraków","odleglosc_m":196.1,"strefa":"50-200 m","warstwa":"adresy"},"geometry":{"type":"Point","coordinates":[19.968643,49.98521]}},{"type":"Feature","properties":{"NUMER_PORZ":"55","KOD_POCZT":"30-698","NAZWA_ULC":"Miarowa","NAZWA_GMI":"Kraków","NAZWA_MSC":"Kraków","odleglosc_m":0.0,"strefa":"w śladzie","warstwa":"adresy"},"geometry":{"type":"Point","coordinates":[19.969962,49.994569]}},{"type":"Feature","properties":{"NUMER_PORZ":"16","KOD_POCZT":"30-699","NAZWA_ULC":"Jerzego Kuryłowicza","NAZWA_GMI":"Kraków","NAZWA_MSC":"Kraków","odleglosc_m":70.5,"strefa":"50-200 m","warstwa":"adresy"},"geometry":{"type":"Point","coordinates":[19.968056,49.987348]}},{"type":"Feature","properties":{"NUMER_PORZ":"36E","KOD_POCZT":"30-617","NAZWA_ULC":"Wyżynna","NAZWA_GMI":"Kraków","NAZWA_MSC":"Kraków","odleglosc_m":109.5,"strefa":"50-200 m","warstwa":"adresy"},"geometry":{"type":"Point","coordinates":[19.96754,49.9988]}},{"type":"Feature","properties":{"NUMER_PORZ":"116B","KOD_POCZT":"30-699","NAZWA_ULC":"Tuchowska","NAZWA_GMI":"Kraków","NAZWA_MSC":"Kraków","odleglosc_m":134.1,"strefa":"50-200 m","warstwa":"adresy"},"geometry":{"type":"Point","coordinates":[19.971298,49.990668]}},{"type":"Feature","properties":{"NUMER_PORZ":"14C","KOD_POCZT":"30-698","NAZWA_ULC":"Matematyków Krakowskich","NAZWA_GMI":"Kraków","NAZWA_MSC":"Kraków","odleglosc_m":120.7,"strefa":"50-200 m","warstwa":"adresy"},"geometry":{"type":"Point","coordinates":[19.962007,49.979164]}},{"type":"Feature","properties":{"NUMER_PORZ":"49","KOD_POCZT":"30-698","NAZWA_ULC":"Tuchowska","NAZWA_GMI":"Kraków","NAZWA_MSC":"Kraków","odleglosc_m":199.8,"strefa":"50-200 m","warstwa":"adresy"},"geometry":{"type":"Point","coordinates":[19.968875,50.003599]}},{"type":"Feature","properties":{"NUMER_PORZ":"1","KOD_POCZT":"31-045","NAZWA_ULC":"Stanisława Grzepskiego","NAZWA_GMI":"Kraków","NAZWA_MSC":"Kraków","odleglosc_m":105.4,"strefa":"50-200 m","warstwa":"adresy"},"geometry":{"type":"Point","coordinates":[19.946872,49.975212]}},{"type":"Feature","properties":{"NUMER_PORZ":"10","KOD_POCZT":"30-698","NAZWA_ULC":"Stanisława Grzepskiego","NAZWA_GMI":"Kraków","NAZWA_MSC":"Kraków","odleglosc_m":78.0,"strefa":"50-200 m","warstwa":"adresy"},"geometry":{"type":"Point","coordinates":[19.949322,49.975892]}},{"type":"Feature","properties":{"NUMER_PORZ":"10a","KOD_POCZT":"30-698","NAZWA_ULC":"Stanisława Grzepskiego","NAZWA_GMI":"Kraków","NAZWA_MSC":"Kraków","odleglosc_m":59.8,"strefa":"50-200 m","warstwa":"adresy"},"geometry":{"type":"Point","coordinates":[19.949793,49.975893]}},{"type":"Feature","properties":{"NUMER_PORZ":"13","KOD_POCZT":"30-699","NAZWA_ULC":"Droga Rokadowa","NAZWA_GMI":"Kraków","NAZWA_MSC":"Kraków","odleglosc_m":93.2,"strefa":"50-200 m","warstwa":"adresy"},"geometry":{"type":"Point","coordinates":[19.966812,49.989819]}},{"type":"Feature","properties":{"NUMER_PORZ":"23","KOD_POCZT":"30-699","NAZWA_ULC":"Droga Rokadowa","NAZWA_GMI":"Kraków","NAZWA_MSC":"Kraków","odleglosc_m":38.5,"strefa":"30-50 m","warstwa":"adresy"},"geometry":{"type":"Point","coordinates":[19.969788,49.990521]}},{"type":"Feature","properties":{"NUMER_PORZ":"50B","KOD_POCZT":"30-698","NAZWA_ULC":"Mirosława Krzyżańskiego","NAZWA_GMI":"Kraków","NAZWA_MSC":"Kraków","odleglosc_m":123.7,"strefa":"50-200 m","warstwa":"adresy"},"geometry":{"type":"Point","coordinates":[19.946319,49.97517]}},{"type":"Feature","properties":{"NUMER_PORZ":"36N","KOD_POCZT":"30-617","NAZWA_ULC":"Wyżynna","NAZWA_GMI":"Kraków","NAZWA_MSC":"Kraków","odleglosc_m":132.3,"strefa":"50-200 m","warstwa":"adresy"},"geometry":{"type":"Point","coordinates":[19.967562,49.997503]}},{"type":"Feature","properties":{"NUMER_PORZ":"12","KOD_POCZT":"30-698","NAZWA_ULC":"Stanisława Grzepskiego","NAZWA_GMI":"Kraków","NAZWA_MSC":"Kraków","odleglosc_m":78.0,"strefa":"50-200 m","warstwa":"adresy"},"geometry":{"type":"Point","coordinates":[19.949947,49.97615]}},{"type":"Feature","properties":{"NUMER_PORZ":"16","KOD_POCZT":"31-045","NAZWA_ULC":"Stanisława Grzepskiego","NAZWA_GMI":"Kraków","NAZWA_MSC":"Kraków","odleglosc_m":68.2,"strefa":"50-200 m","warstwa":"adresy"},"geometry":{"type":"Point","coordinates":[19.950389,49.976235]}},{"type":"Feature","properties":{"NUMER_PORZ":"19","KOD_POCZT":"30-698","NAZWA_ULC":"Stanisława Grzepskiego","NAZWA_GMI":"Kraków","NAZWA_MSC":"Kraków","odleglosc_m":119.0,"strefa":"50-200 m","warstwa":"adresy"},"geometry":{"type":"Point","coordinates":[19.950514,49.976818]}},{"type":"Feature","properties":{"NUMER_PORZ":"2","KOD_POCZT":"30-698","NAZWA_ULC":"Stanisława Grzepskiego","NAZWA_GMI":"Kraków","NAZWA_MSC":"Kraków","odleglosc_m":50.8,"strefa":"50-200 m","warstwa":"adresy"},"geometry":{"type":"Point","coordinates":[19.947505,49.974889]}},{"type":"Feature","properties":{"NUMER_PORZ":"20","KOD_POCZT":"30-698","NAZWA_ULC":"Stanisława Grzepskiego","NAZWA_GMI":"Kraków","NAZWA_MSC":"Kraków","odleglosc_m":57.9,"strefa":"50-200 m","warstwa":"adresy"},"geometry":{"type":"Point","coordinates":[19.951063,49.97639]}},{"type":"Feature","properties":{"NUMER_PORZ":"21","KOD_POCZT":"30-698","NAZWA_ULC":"Stanisława Grzepskiego","NAZWA_GMI":"Kraków","NAZWA_MSC":"Kraków","odleglosc_m":123.9,"strefa":"50-200 m","warstwa":"adresy"},"geometry":{"type":"Point","coordinates":[19.95074,49.976965]}},{"type":"Feature","properties":{"NUMER_PORZ":"22","KOD_POCZT":"30-698","NAZWA_ULC":"Stanisława Grzepskiego","NAZWA_GMI":"Kraków","NAZWA_MSC":"Kraków","odleglosc_m":65.9,"strefa":"50-200 m","warstwa":"adresy"},"geometry":{"type":"Point","coordinates":[19.951226,49.976547]}},{"type":"Feature","properties":{"NUMER_PORZ":"22A","KOD_POCZT":"30-698","NAZWA_ULC":"Stanisława Grzepskiego","NAZWA_GMI":"Kraków","NAZWA_MSC":"Kraków","odleglosc_m":62.8,"strefa":"50-200 m","warstwa":"adresy"},"geometry":{"type":"Point","coordinates":[19.951355,49.976568]}},{"type":"Feature","properties":{"NUMER_PORZ":"23","KOD_POCZT":"30-698","NAZWA_ULC":"Stanisława Grzepskiego","NAZWA_GMI":"Kraków","NAZWA_MSC":"Kraków","odleglosc_m":103.5,"strefa":"50-200 m","warstwa":"adresy"},"geometry":{"type":"Point","coordinates":[19.951015,49.976863]}},{"type":"Feature","properties":{"NUMER_PORZ":"24","KOD_POCZT":"30-698","NAZWA_ULC":"Stanisława Grzepskiego","NAZWA_GMI":"Kraków","NAZWA_MSC":"Kraków","odleglosc_m":67.2,"strefa":"50-200 m","warstwa":"adresy"},"geometry":{"type":"Point","coordinates":[19.95148,49.976663]}},{"type":"Feature","properties":{"NUMER_PORZ":"25","KOD_POCZT":"30-698","NAZWA_ULC":"Stanisława Grzepskiego","NAZWA_GMI":"Kraków","NAZWA_MSC":"Kraków","odleglosc_m":109.0,"strefa":"50-200 m","warstwa":"adresy"},"geometry":{"type":"Point","coordinates":[19.951258,49.977027]}},{"type":"Feature","properties":{"NUMER_PORZ":"26","KOD_POCZT":"31-045","NAZWA_ULC":"Stanisława Grzepskiego","NAZWA_GMI":"Kraków","NAZWA_MSC":"Kraków","odleglosc_m":75.2,"strefa":"50-200 m","warstwa":"adresy"},"geometry":{"type":"Point","coordinates":[19.95177,49.976895]}},{"type":"Feature","properties":{"NUMER_PORZ":"37","KOD_POCZT":"30-698","NAZWA_ULC":"Lwa Landaua","NAZWA_GMI":"Kraków","NAZWA_MSC":"Kraków","odleglosc_m":157.9,"strefa":"50-200 m","warstwa":"adresy"},"geometry":{"type":"Point","coordinates":[19.961535,49.984457]}},{"type":"Feature","properties":{"NUMER_PORZ":"64B","KOD_POCZT":"30-698","NAZWA_ULC":"Mirosława Krzyżańskiego","NAZWA_GMI":"Kraków","NAZWA_MSC":"Kraków","odleglosc_m":67.7,"strefa":"50-200 m","warstwa":"adresy"},"geometry":{"type":"Point","coordinates":[19.946234,49.972635]}},{"type":"Feature","properties":{"NUMER_PORZ":"101C","KOD_POCZT":"30-693","NAZWA_ULC":"Tuchowska","NAZWA_GMI":"Kraków","NAZWA_MSC":"Kraków","odleglosc_m":69.0,"strefa":"50-200 m","warstwa":"adresy"},"geometry":{"type":"Point","coordinates":[19.971228,49.993131]}},{"type":"Feature","properties":{"NUMER_PORZ":"5A","KOD_POCZT":"30-698","NAZWA_ULC":"Szczawnicka","NAZWA_GMI":"Kraków","NAZWA_MSC":"Kraków","odleglosc_m":137.0,"strefa":"50-200 m","warstwa":"adresy"},"geometry":{"type":"Point","coordinates":[19.972255,49.993821]}},{"type":"Feature","properties":{"NUMER_PORZ":"29","KOD_POCZT":"30-698","NAZWA_ULC":"Stanisława Grzepskiego","NAZWA_GMI":"Kraków","NAZWA_MSC":"Kraków","odleglosc_m":130.2,"strefa":"50-200 m","warstwa":"adresy"},"geometry":{"type":"Point","coordinates":[19.951611,49.977404]}},{"type":"Feature","properties":{"NUMER_PORZ":"3","KOD_POCZT":"30-698","NAZWA_ULC":"Stanisława Grzepskiego","NAZWA_GMI":"Kraków","NAZWA_MSC":"Kraków","odleglosc_m":113.2,"strefa":"50-200 m","warstwa":"adresy"},"geometry":{"type":"Point","coordinates":[19.947166,49.975414]}},{"type":"Feature","properties":{"NUMER_PORZ":"30","KOD_POCZT":"30-698","NAZWA_ULC":"Stanisława Grzepskiego","NAZWA_GMI":"Kraków","NAZWA_MSC":"Kraków","odleglosc_m":71.1,"strefa":"50-200 m","warstwa":"adresy"},"geometry":{"type":"Point","coordinates":[19.952343,49.977052]}},{"type":"Feature","properties":{"NUMER_PORZ":"32","KOD_POCZT":"30-698","NAZWA_ULC":"Stanisława Grzepskiego","NAZWA_GMI":"Kraków","NAZWA_MSC":"Kraków","odleglosc_m":94.9,"strefa":"50-200 m","warstwa":"adresy"},"geometry":{"type":"Point","coordinates":[19.952525,49.977366]}},{"type":"Feature","properties":{"NUMER_PORZ":"35","KOD_POCZT":"30-698","NAZWA_ULC":"Stanisława Grzepskiego","NAZWA_GMI":"Kraków","NAZWA_MSC":"Kraków","odleglosc_m":189.8,"strefa":"50-200 m","warstwa":"adresy"},"geometry":{"type":"Point","coordinates":[19.952171,49.978209]}},{"type":"Feature","properties":{"NUMER_PORZ":"36","KOD_POCZT":"30-698","NAZWA_ULC":"Stanisława Grzepskiego","NAZWA_GMI":"Kraków","NAZWA_MSC":"Kraków","odleglosc_m":123.9,"strefa":"50-200 m","warstwa":"adresy"},"geometry":{"type":"Point","coordinates":[19.9529,49.977808]}},{"type":"Feature","properties":{"NUMER_PORZ":"37","KOD_POCZT":"30-698","NAZWA_ULC":"Stanisława Grzepskiego","NAZWA_GMI":"Kraków","NAZWA_MSC":"Kraków","odleglosc_m":173.1,"strefa":"50-200 m","warstwa":"adresy"},"geometry":{"type":"Point","coordinates":[19.952436,49.978145]}},{"type":"Feature","properties":{"NUMER_PORZ":"37b","KOD_POCZT":"30-698","NAZWA_ULC":"Stanisława Grzepskiego","NAZWA_GMI":"Kraków","NAZWA_MSC":"Kraków","odleglosc_m":147.9,"strefa":"50-200 m","warstwa":"adresy"},"geometry":{"type":"Point","coordinates":[19.952499,49.977898]}},{"type":"Feature","properties":{"NUMER_PORZ":"38","KOD_POCZT":"30-698","NAZWA_ULC":"Stanisława Grzepskiego","NAZWA_GMI":"Kraków","NAZWA_MSC":"Kraków","odleglosc_m":111.7,"strefa":"50-200 m","warstwa":"adresy"},"geometry":{"type":"Point","coordinates":[19.953312,49.977831]}},{"type":"Feature","properties":{"NUMER_PORZ":"4","KOD_POCZT":"30-698","NAZWA_ULC":"Stanisława Grzepskiego","NAZWA_GMI":"Kraków","NAZWA_MSC":"Kraków","odleglosc_m":66.2,"strefa":"50-200 m","warstwa":"adresy"},"geometry":{"type":"Point","coordinates":[19.947815,49.975178]}},{"type":"Feature","properties":{"NUMER_PORZ":"21B","KOD_POCZT":"30-698","NAZWA_ULC":"Lwa Landaua","NAZWA_GMI":"Kraków","NAZWA_MSC":"Kraków","odleglosc_m":82.9,"strefa":"50-200 m","warstwa":"adresy"},"geometry":{"type":"Point","coordinates":[19.962629,49.984468]}},{"type":"Feature","properties":{"NUMER_PORZ":"24","KOD_POCZT":"30-698","NAZWA_ULC":"Adolfa Aleksandrowicza","NAZWA_GMI":"Kraków","NAZWA_MSC":"Kraków","odleglosc_m":140.7,"strefa":"50-200 m","warstwa":"adresy"},"geometry":{"type":"Point","coordinates":[19.949327,49.976563]}},{"type":"Feature","properties":{"NUMER_PORZ":"13C","KOD_POCZT":"30-699","NAZWA_ULC":"Jerzego Kuryłowicza","NAZWA_GMI":"Kraków","NAZWA_MSC":"Kraków","odleglosc_m":29.4,"strefa":"20-30 m","warstwa":"adresy"},"geometry":{"type":"Point","coordinates":[19.966433,49.987944]}},{"type":"Feature","properties":{"NUMER_PORZ":"36A","KOD_POCZT":"30-617","NAZWA_ULC":"Wyżynna","NAZWA_GMI":"Kraków","NAZWA_MSC":"Kraków","odleglosc_m":99.5,"strefa":"50-200 m","warstwa":"adresy"},"geometry":{"type":"Point","coordinates":[19.967533,49.999688]}},{"type":"Feature","properties":{"NUMER_PORZ":"36D","KOD_POCZT":"30-617","NAZWA_ULC":"Wyżynna","NAZWA_GMI":"Kraków","NAZWA_MSC":"Kraków","odleglosc_m":108.8,"strefa":"50-200 m","warstwa":"adresy"},"geometry":{"type":"Point","coordinates":[19.96754,49.998842]}},{"type":"Feature","properties":{"NUMER_PORZ":"53","KOD_POCZT":"30-698","NAZWA_ULC":"Miarowa","NAZWA_GMI":"Kraków","NAZWA_MSC":"Kraków","odleglosc_m":20.3,"strefa":"20-30 m","warstwa":"adresy"},"geometry":{"type":"Point","coordinates":[19.969596,49.994538]}},{"type":"Feature","properties":{"NUMER_PORZ":"36M","KOD_POCZT":"30-617","NAZWA_ULC":"Wyżynna","NAZWA_GMI":"Kraków","NAZWA_MSC":"Kraków","odleglosc_m":131.1,"strefa":"50-200 m","warstwa":"adresy"},"geometry":{"type":"Point","coordinates":[19.967563,49.997545]}},{"type":"Feature","properties":{"NUMER_PORZ":"40","KOD_POCZT":"30-698","NAZWA_ULC":"Stanisława Grzepskiego","NAZWA_GMI":"Kraków","NAZWA_MSC":"Kraków","odleglosc_m":144.9,"strefa":"50-200 m","warstwa":"adresy"},"geometry":{"type":"Point","coordinates":[19.953428,49.978212]}},{"type":"Feature","properties":{"NUMER_PORZ":"41","KOD_POCZT":"30-698","NAZWA_ULC":"Stanisława Grzepskiego","NAZWA_GMI":"Kraków","NAZWA_MSC":"Kraków","odleglosc_m":189.2,"strefa":"50-200 m","warstwa":"adresy"},"geometry":{"type":"Point","coordinates":[19.953209,49.978595]}},{"type":"Feature","properties":{"NUMER_PORZ":"5","KOD_POCZT":"30-698","NAZWA_ULC":"Stanisława Grzepskiego","NAZWA_GMI":"Kraków","NAZWA_MSC":"Kraków","odleglosc_m":117.4,"strefa":"50-200 m","warstwa":"adresy"},"geometry":{"type":"Point","coordinates":[19.947883,49.975729]}},{"type":"Feature","properties":{"NUMER_PORZ":"5B","KOD_POCZT":"30-698","NAZWA_ULC":"Stanisława Grzepskiego","NAZWA_GMI":"Kraków","NAZWA_MSC":"Kraków","odleglosc_m":121.3,"strefa":"50-200 m","warstwa":"adresy"},"geometry":{"type":"Point","coordinates":[19.948251,49.9759]}},{"type":"Feature","properties":{"NUMER_PORZ":"5c","KOD_POCZT":"30-698","NAZWA_ULC":"Stanisława Grzepskiego","NAZWA_GMI":"Kraków","NAZWA_MSC":"Kraków","odleglosc_m":124.7,"strefa":"50-200 m","warstwa":"adresy"},"geometry":{"type":"Point","coordinates":[19.948532,49.976051]}},{"type":"Feature","properties":{"NUMER_PORZ":"8","KOD_POCZT":"30-698","NAZWA_ULC":"Stanisława Grzepskiego","NAZWA_GMI":"Kraków","NAZWA_MSC":"Kraków","odleglosc_m":82.0,"strefa":"50-200 m","warstwa":"adresy"},"geometry":{"type":"Point","coordinates":[19.94846,49.975566]}},{"type":"Feature","properties":{"NUMER_PORZ":"36B","KOD_POCZT":"30-617","NAZWA_ULC":"Wyżynna","NAZWA_GMI":"Kraków","NAZWA_MSC":"Kraków","odleglosc_m":102.7,"strefa":"50-200 m","warstwa":"adresy"},"geometry":{"type":"Point","coordinates":[19.967544,49.999387]}},{"type":"Feature","properties":{"NUMER_PORZ":"36K","KOD_POCZT":"30-617","NAZWA_ULC":"Wyżynna","NAZWA_GMI":"Kraków","NAZWA_MSC":"Kraków","odleglosc_m":124.0,"strefa":"50-200 m","warstwa":"adresy"},"geometry":{"type":"Point","coordinates":[19.96755,49.997871]}},{"type":"Feature","properties":{"NUMER_PORZ":"21","KOD_POCZT":"30-699","NAZWA_ULC":"Droga Rokadowa","NAZWA_GMI":"Kraków","NAZWA_MSC":"Kraków","odleglosc_m":38.5,"strefa":"30-50 m","warstwa":"adresy"},"geometry":{"type":"Point","coordinates":[19.969553,49.990132]}},{"type":"Feature","properties":{"NUMER_PORZ":"36J","KOD_POCZT":"30-617","NAZWA_ULC":"Wyżynna","NAZWA_GMI":"Kraków","NAZWA_MSC":"Kraków","odleglosc_m":118.7,"strefa":"50-200 m","warstwa":"adresy"},"geometry":{"type":"Point","coordinates":[19.967548,49.998147]}},{"type":"Feature","properties":{"NUMER_PORZ":"28a","KOD_POCZT":"30-698","NAZWA_ULC":"Ignacego Chrzanowskiego","NAZWA_GMI":"Kraków","NAZWA_MSC":"Kraków","odleglosc_m":85.2,"strefa":"50-200 m","warstwa":"adresy"},"geometry":{"type":"Point","coordinates":[19.957091,49.976856]}},{"type":"Feature","properties":{"NUMER_PORZ":"2J","KOD_POCZT":"30-698","NAZWA_ULC":"Grawerska","NAZWA_GMI":"Kraków","NAZWA_MSC":"Kraków","odleglosc_m":90.9,"strefa":"50-200 m","warstwa":"adresy"},"geometry":{"type":"Point","coordinates":[19.968611,49.993923]}},{"type":"Feature","properties":{"NUMER_PORZ":"35C","KOD_POCZT":"30-699","NAZWA_ULC":"Antoniego Kenara","NAZWA_GMI":"Kraków","NAZWA_MSC":"Kraków","odleglosc_m":0.0,"strefa":"w śladzie","warstwa":"adresy"},"geometry":{"type":"Point","coordinates":[19.963052,49.982835]}},{"type":"Feature","properties":{"NUMER_PORZ":"36G","KOD_POCZT":"30-617","NAZWA_ULC":"Wyżynna","NAZWA_GMI":"Kraków","NAZWA_MSC":"Kraków","odleglosc_m":113.9,"strefa":"50-200 m","warstwa":"adresy"},"geometry":{"type":"Point","coordinates":[19.967543,49.998469]}},{"type":"Feature","properties":{"NUMER_PORZ":"36F","KOD_POCZT":"30-617","NAZWA_ULC":"Wyżynna","NAZWA_GMI":"Kraków","NAZWA_MSC":"Kraków","odleglosc_m":113.1,"strefa":"50-200 m","warstwa":"adresy"},"geometry":{"type":"Point","coordinates":[19.967546,49.998512]}},{"type":"Feature","properties":{"NUMER_PORZ":"36L","KOD_POCZT":"30-617","NAZWA_ULC":"Wyżynna","NAZWA_GMI":"Kraków","NAZWA_MSC":"Kraków","odleglosc_m":125.1,"strefa":"50-200 m","warstwa":"adresy"},"geometry":{"type":"Point","coordinates":[19.967551,49.997819]}},{"type":"Feature","properties":{"NUMER_PORZ":"19A","KOD_POCZT":"30-698","NAZWA_ULC":"Ignacego Chrzanowskiego","NAZWA_GMI":"Kraków","NAZWA_MSC":"Kraków","odleglosc_m":0.0,"strefa":"w śladzie","warstwa":"adresy"},"geometry":{"type":"Point","coordinates":[19.957385,49.978276]}},{"type":"Feature","properties":{"NUMER_PORZ":"1A","KOD_POCZT":"30-698","NAZWA_ULC":"Gościnna","NAZWA_GMI":"Kraków","NAZWA_MSC":"Kraków","odleglosc_m":188.9,"strefa":"50-200 m","warstwa":"adresy"},"geometry":{"type":"Point","coordinates":[19.945544,49.975544]}},{"type":"Feature","properties":{"NUMER_PORZ":"54A","KOD_POCZT":"30-698","NAZWA_ULC":"Mirosława Krzyżańskiego","NAZWA_GMI":"Kraków","NAZWA_MSC":"Kraków","odleglosc_m":70.2,"strefa":"50-200 m","warstwa":"adresy"},"geometry":{"type":"Point","coordinates":[19.946195,49.974548]}},{"type":"Feature","properties":{"NUMER_PORZ":"15","KOD_POCZT":"30-698","NAZWA_ULC":"Lwa Landaua","NAZWA_GMI":"Kraków","NAZWA_MSC":"Kraków","odleglosc_m":145.7,"strefa":"50-200 m","warstwa":"adresy"},"geometry":{"type":"Point","coordinates":[19.96262,49.985959]}},{"type":"Feature","properties":{"NUMER_PORZ":"26","KOD_POCZT":"30-698","NAZWA_ULC":"Adolfa Aleksandrowicza","NAZWA_GMI":"Kraków","NAZWA_MSC":"Kraków","odleglosc_m":121.0,"strefa":"50-200 m","warstwa":"adresy"},"geometry":{"type":"Point","coordinates":[19.949309,49.976347]}},{"type":"Feature","properties":{"NUMER_PORZ":"2C","KOD_POCZT":"30-617","NAZWA_ULC":"Grawerska","NAZWA_GMI":"Kraków","NAZWA_MSC":"Kraków","odleglosc_m":169.7,"strefa":"50-200 m","warstwa":"adresy"},"geometry":{"type":"Point","coordinates":[19.967517,49.994141]}},{"type":"Feature","properties":{"NUMER_PORZ":"28","KOD_POCZT":"30-698","NAZWA_ULC":"Adolfa Aleksandrowicza","NAZWA_GMI":"Kraków","NAZWA_MSC":"Kraków","odleglosc_m":109.5,"strefa":"50-200 m","warstwa":"adresy"},"geometry":{"type":"Point","coordinates":[19.949266,49.976207]}},{"type":"Feature","properties":{"NUMER_PORZ":"100","KOD_POCZT":"30-699","NAZWA_ULC":"Tuchowska","NAZWA_GMI":"Kraków","NAZWA_MSC":"Kraków","odleglosc_m":0.0,"strefa":"w śladzie","warstwa":"adresy"},"geometry":{"type":"Point","coordinates":[19.97016,49.993131]}},{"type":"Feature","properties":{"NUMER_PORZ":"101D","KOD_POCZT":"30-693","NAZWA_ULC":"Tuchowska","NAZWA_GMI":"Kraków","NAZWA_MSC":"Kraków","odleglosc_m":76.5,"strefa":"50-200 m","warstwa":"adresy"},"geometry":{"type":"Point","coordinates":[19.971292,49.992916]}},{"type":"Feature","properties":{"NUMER_PORZ":"34A","KOD_POCZT":"30-698","NAZWA_ULC":"Stanisława Grzepskiego","NAZWA_GMI":"Kraków","NAZWA_MSC":"Kraków","odleglosc_m":54.2,"strefa":"50-200 m","warstwa":"adresy"},"geometry":{"type":"Point","coordinates":[19.952983,49.977103]}},{"type":"Feature","properties":{"NUMER_PORZ":"36C","KOD_POCZT":"30-617","NAZWA_ULC":"Wyżynna","NAZWA_GMI":"Kraków","NAZWA_MSC":"Kraków","odleglosc_m":103.3,"strefa":"50-200 m","warstwa":"adresy"},"geometry":{"type":"Point","coordinates":[19.967543,49.999345]}},{"type":"Feature","properties":{"NUMER_PORZ":"36H","KOD_POCZT":"30-617","NAZWA_ULC":"Wyżynna","NAZWA_GMI":"Kraków","NAZWA_MSC":"Kraków","odleglosc_m":117.8,"strefa":"50-200 m","warstwa":"adresy"},"geometry":{"type":"Point","coordinates":[19.967549,49.998189]}},{"type":"Feature","properties":{"NUMER_PORZ":"5F","KOD_POCZT":"30-698","NAZWA_ULC":"Gościnna","NAZWA_GMI":"Kraków","NAZWA_MSC":"Kraków","odleglosc_m":171.4,"strefa":"50-200 m","warstwa":"adresy"},"geometry":{"type":"Point","coordinates":[19.944542,49.974992]}},{"type":"Feature","properties":{"NUMER_PORZ":"11","KOD_POCZT":"30-699","NAZWA_ULC":"Droga Rokadowa","NAZWA_GMI":"Kraków","NAZWA_MSC":"Kraków","odleglosc_m":144.9,"strefa":"50-200 m","warstwa":"adresy"},"geometry":{"type":"Point","coordinates":[19.966014,49.989816]}},{"type":"Feature","properties":{"NUMER_PORZ":"12g","KOD_POCZT":"30-699","NAZWA_ULC":"Golkowicka","NAZWA_GMI":"Kraków","NAZWA_MSC":"Kraków","odleglosc_m":122.7,"strefa":"50-200 m","warstwa":"adresy"},"geometry":{"type":"Point","coordinates":[19.967629,49.985319]}},{"type":"Feature","properties":{"NUMER_PORZ":"14l","KOD_POCZT":"30-699","NAZWA_ULC":"Golkowicka","NAZWA_GMI":"Kraków","NAZWA_MSC":"Kraków","odleglosc_m":140.4,"strefa":"50-200 m","warstwa":"adresy"},"geometry":{"type":"Point","coordinates":[19.967221,49.984339]}},{"type":"Feature","properties":{"NUMER_PORZ":"34B","KOD_POCZT":"30-617","NAZWA_ULC":"Wyżynna","NAZWA_GMI":"Kraków","NAZWA_MSC":"Kraków","odleglosc_m":137.9,"strefa":"50-200 m","warstwa":"adresy"},"geometry":{"type":"Point","coordinates":[19.967126,49.998865]}},{"type":"Feature","properties":{"NUMER_PORZ":"34CA","KOD_POCZT":"30-617","NAZWA_ULC":"Wyżynna","NAZWA_GMI":"Kraków","NAZWA_MSC":"Kraków","odleglosc_m":141.7,"strefa":"50-200 m","warstwa":"adresy"},"geometry":{"type":"Point","coordinates":[19.967127,49.998595]}},{"type":"Feature","properties":{"NUMER_PORZ":"36","KOD_POCZT":"30-699","NAZWA_ULC":"Golkowicka","NAZWA_GMI":"Kraków","NAZWA_MSC":"Kraków","odleglosc_m":167.5,"strefa":"50-200 m","warstwa":"adresy"},"geometry":{"type":"Point","coordinates":[19.965616,49.981875]}},{"type":"Feature","properties":{"NUMER_PORZ":"4","KOD_POCZT":"30-699","NAZWA_ULC":"Golkowicka","NAZWA_GMI":"Kraków","NAZWA_MSC":"Kraków","odleglosc_m":164.9,"strefa":"50-200 m","warstwa":"adresy"},"geometry":{"type":"Point","coordinates":[19.968797,49.986368]}},{"type":"Feature","properties":{"NUMER_PORZ":"6","KOD_POCZT":"30-699","NAZWA_ULC":"Golkowicka","NAZWA_GMI":"Kraków","NAZWA_MSC":"Kraków","odleglosc_m":198.3,"strefa":"50-200 m","warstwa":"adresy"},"geometry":{"type":"Point","coordinates":[19.9692,49.986213]}},{"type":"Feature","properties":{"NUMER_PORZ":"8c","KOD_POCZT":"30-699","NAZWA_ULC":"Golkowicka","NAZWA_GMI":"Kraków","NAZWA_MSC":"Kraków","odleglosc_m":150.1,"strefa":"50-200 m","warstwa":"adresy"},"geometry":{"type":"Point","coordinates":[19.96826,49.985942]}},{"type":"Feature","properties":{"NUMER_PORZ":"2G","KOD_POCZT":"30-698","NAZWA_ULC":"Grawerska","NAZWA_GMI":"Kraków","NAZWA_MSC":"Kraków","odleglosc_m":151.1,"strefa":"50-200 m","warstwa":"adresy"},"geometry":{"type":"Point","coordinates":[19.967767,49.993876]}},{"type":"Feature","properties":{"NUMER_PORZ":"17","KOD_POCZT":"30-698","NAZWA_ULC":"Stanisława Grzepskiego","NAZWA_GMI":"Kraków","NAZWA_MSC":"Kraków","odleglosc_m":99.1,"strefa":"50-200 m","warstwa":"adresy"},"geometry":{"type":"Point","coordinates":[19.950334,49.976539]}},{"type":"Feature","properties":{"NUMER_PORZ":"34A","KOD_POCZT":"30-617","NAZWA_ULC":"Wyżynna","NAZWA_GMI":"Kraków","NAZWA_MSC":"Kraków","odleglosc_m":159.8,"strefa":"50-200 m","warstwa":"adresy"},"geometry":{"type":"Point","coordinates":[19.966814,49.998889]}},{"type":"Feature","properties":{"NUMER_PORZ":"11","KOD_POCZT":"30-698","NAZWA_ULC":"Matematyków Krakowskich","NAZWA_GMI":"Kraków","NAZWA_MSC":"Kraków","odleglosc_m":0.0,"strefa":"w śladzie","warstwa":"adresy"},"geometry":{"type":"Point","coordinates":[19.962402,49.981397]}},{"type":"Feature","properties":{"NUMER_PORZ":"12","KOD_POCZT":"30-698","NAZWA_ULC":"Matematyków Krakowskich","NAZWA_GMI":"Kraków","NAZWA_MSC":"Kraków","odleglosc_m":49.9,"strefa":"30-50 m","warstwa":"adresy"},"geometry":{"type":"Point","coordinates":[19.962431,49.980366]}},{"type":"Feature","properties":{"NUMER_PORZ":"14","KOD_POCZT":"30-698","NAZWA_ULC":"Matematyków Krakowskich","NAZWA_GMI":"Kraków","NAZWA_MSC":"Kraków","odleglosc_m":110.7,"strefa":"50-200 m","warstwa":"adresy"},"geometry":{"type":"Point","coordinates":[19.962707,49.97971]}},{"type":"Feature","properties":{"NUMER_PORZ":"14d","KOD_POCZT":"30-698","NAZWA_ULC":"Matematyków Krakowskich","NAZWA_GMI":"Kraków","NAZWA_MSC":"Kraków","odleglosc_m":146.7,"strefa":"50-200 m","warstwa":"adresy"},"geometry":{"type":"Point","coordinates":[19.962904,49.979372]}},{"type":"Feature","properties":{"NUMER_PORZ":"14e","KOD_POCZT":"30-698","NAZWA_ULC":"Matematyków Krakowskich","NAZWA_GMI":"Kraków","NAZWA_MSC":"Kraków","odleglosc_m":165.4,"strefa":"50-200 m","warstwa":"adresy"},"geometry":{"type":"Point","coordinates":[19.962946,49.97917]}},{"type":"Feature","properties":{"NUMER_PORZ":"14f","KOD_POCZT":"30-698","NAZWA_ULC":"Matematyków Krakowskich","NAZWA_GMI":"Kraków","NAZWA_MSC":"Kraków","odleglosc_m":186.6,"strefa":"50-200 m","warstwa":"adresy"},"geometry":{"type":"Point","coordinates":[19.963088,49.978997]}},{"type":"Feature","properties":{"NUMER_PORZ":"17","KOD_POCZT":"30-698","NAZWA_ULC":"Matematyków Krakowskich","NAZWA_GMI":"Kraków","NAZWA_MSC":"Kraków","odleglosc_m":141.2,"strefa":"50-200 m","warstwa":"adresy"},"geometry":{"type":"Point","coordinates":[19.963238,49.979689]}},{"type":"Feature","properties":{"NUMER_PORZ":"174","KOD_POCZT":"30-698","NAZWA_ULC":"Matematyków Krakowskich","NAZWA_GMI":"Kraków","NAZWA_MSC":"Kraków","odleglosc_m":95.7,"strefa":"50-200 m","warstwa":"adresy"},"geometry":{"type":"Point","coordinates":[19.948304,49.973266]}},{"type":"Feature","properties":{"NUMER_PORZ":"2","KOD_POCZT":"30-698","NAZWA_ULC":"Matematyków Krakowskich","NAZWA_GMI":"Kraków","NAZWA_MSC":"Kraków","odleglosc_m":52.4,"strefa":"50-200 m","warstwa":"adresy"},"geometry":{"type":"Point","coordinates":[19.961131,49.981783]}},{"type":"Feature","properties":{"NUMER_PORZ":"2A","KOD_POCZT":"30-698","NAZWA_ULC":"Matematyków Krakowskich","NAZWA_GMI":"Kraków","NAZWA_MSC":"Kraków","odleglosc_m":44.9,"strefa":"30-50 m","warstwa":"adresy"},"geometry":{"type":"Point","coordinates":[19.961326,49.981839]}},{"type":"Feature","properties":{"NUMER_PORZ":"6b","KOD_POCZT":"30-698","NAZWA_ULC":"Matematyków Krakowskich","NAZWA_GMI":"Kraków","NAZWA_MSC":"Kraków","odleglosc_m":0.0,"strefa":"w śladzie","warstwa":"adresy"},"geometry":{"type":"Point","coordinates":[19.961704,49.980771]}},{"type":"Feature","properties":{"NUMER_PORZ":"8","KOD_POCZT":"30-698","NAZWA_ULC":"Matematyków Krakowskich","NAZWA_GMI":"Kraków","NAZWA_MSC":"Kraków","odleglosc_m":13.7,"strefa":"0-20 m","warstwa":"adresy"},"geometry":{"type":"Point","coordinates":[19.96185,49.980406]}},{"type":"Feature","properties":{"NUMER_PORZ":"4","KOD_POCZT":"30-698","NAZWA_ULC":"Grawerska","NAZWA_GMI":"Kraków","NAZWA_MSC":"Kraków","odleglosc_m":51.0,"strefa":"50-200 m","warstwa":"adresy"},"geometry":{"type":"Point","coordinates":[19.969111,49.993366]}},{"type":"Feature","properties":{"NUMER_PORZ":"7","KOD_POCZT":"30-617","NAZWA_ULC":"Grawerska","NAZWA_GMI":"Kraków","NAZWA_MSC":"Kraków","odleglosc_m":19.7,"strefa":"0-20 m","warstwa":"adresy"},"geometry":{"type":"Point","coordinates":[19.969536,49.993269]}},{"type":"Feature","properties":{"NUMER_PORZ":"9","KOD_POCZT":"30-617","NAZWA_ULC":"Grawerska","NAZWA_GMI":"Kraków","NAZWA_MSC":"Kraków","odleglosc_m":18.0,"strefa":"0-20 m","warstwa":"adresy"},"geometry":{"type":"Point","coordinates":[19.969551,49.993212]}},{"type":"Feature","properties":{"NUMER_PORZ":"11","KOD_POCZT":"30-698","NAZWA_ULC":"Adolfa Aleksandrowicza","NAZWA_GMI":"Kraków","NAZWA_MSC":"Kraków","odleglosc_m":194.2,"strefa":"50-200 m","warstwa":"adresy"},"geometry":{"type":"Point","coordinates":[19.949566,49.977239]}},{"type":"Feature","properties":{"NUMER_PORZ":"1","KOD_POCZT":"30-699","NAZWA_ULC":"Nad Fosą","NAZWA_GMI":"Kraków","NAZWA_MSC":"Kraków","odleglosc_m":131.1,"strefa":"50-200 m","warstwa":"adresy"},"geometry":{"type":"Point","coordinates":[19.969255,49.987714]}},{"type":"Feature","properties":{"NUMER_PORZ":"24","KOD_POCZT":"30-698","NAZWA_ULC":"Ignacego Chrzanowskiego","NAZWA_GMI":"Kraków","NAZWA_MSC":"Kraków","odleglosc_m":190.2,"strefa":"50-200 m","warstwa":"adresy"},"geometry":{"type":"Point","coordinates":[19.958028,49.976125]}},{"type":"Feature","properties":{"NUMER_PORZ":"25","KOD_POCZT":"30-698","NAZWA_ULC":"Ignacego Chrzanowskiego","NAZWA_GMI":"Kraków","NAZWA_MSC":"Kraków","odleglosc_m":92.1,"strefa":"50-200 m","warstwa":"adresy"},"geometry":{"type":"Point","coordinates":[19.959117,49.977648]}},{"type":"Feature","properties":{"NUMER_PORZ":"28","KOD_POCZT":"30-698","NAZWA_ULC":"Ignacego Chrzanowskiego","NAZWA_GMI":"Kraków","NAZWA_MSC":"Kraków","odleglosc_m":73.7,"strefa":"50-200 m","warstwa":"adresy"},"geometry":{"type":"Point","coordinates":[19.957488,49.977145]}},{"type":"Feature","properties":{"NUMER_PORZ":"30","KOD_POCZT":"30-698","NAZWA_ULC":"Ignacego Chrzanowskiego","NAZWA_GMI":"Kraków","NAZWA_MSC":"Kraków","odleglosc_m":66.1,"strefa":"50-200 m","warstwa":"adresy"},"geometry":{"type":"Point","coordinates":[19.957713,49.977321]}},{"type":"Feature","properties":{"NUMER_PORZ":"13","KOD_POCZT":"30-698","NAZWA_ULC":"Adolfa Aleksandrowicza","NAZWA_GMI":"Kraków","NAZWA_MSC":"Kraków","odleglosc_m":173.3,"strefa":"50-200 m","warstwa":"adresy"},"geometry":{"type":"Point","coordinates":[19.949726,49.977082]}},{"type":"Feature","properties":{"NUMER_PORZ":"15","KOD_POCZT":"30-698","NAZWA_ULC":"Adolfa Aleksandrowicza","NAZWA_GMI":"Kraków","NAZWA_MSC":"Kraków","odleglosc_m":153.8,"strefa":"50-200 m","warstwa":"adresy"},"geometry":{"type":"Point","coordinates":[19.949635,49.976836]}},{"type":"Feature","properties":{"NUMER_PORZ":"19","KOD_POCZT":"30-698","NAZWA_ULC":"Adolfa Aleksandrowicza","NAZWA_GMI":"Kraków","NAZWA_MSC":"Kraków","odleglosc_m":108.4,"strefa":"50-200 m","warstwa":"adresy"},"geometry":{"type":"Point","coordinates":[19.949773,49.976403]}},{"type":"Feature","properties":{"NUMER_PORZ":"32","KOD_POCZT":"30-698","NAZWA_ULC":"Ignacego Chrzanowskiego","NAZWA_GMI":"Kraków","NAZWA_MSC":"Kraków","odleglosc_m":116.2,"strefa":"50-200 m","warstwa":"adresy"},"geometry":{"type":"Point","coordinates":[19.958943,49.977357]}},{"type":"Feature","properties":{"NUMER_PORZ":"33","KOD_POCZT":"30-698","NAZWA_ULC":"Ignacego Chrzanowskiego","NAZWA_GMI":"Kraków","NAZWA_MSC":"Kraków","odleglosc_m":96.0,"strefa":"50-200 m","warstwa":"adresy"},"geometry":{"type":"Point","coordinates":[19.960163,49.978193]}},{"type":"Feature","properties":{"NUMER_PORZ":"35","KOD_POCZT":"30-698","NAZWA_ULC":"Ignacego Chrzanowskiego","NAZWA_GMI":"Kraków","NAZWA_MSC":"Kraków","odleglosc_m":74.5,"strefa":"50-200 m","warstwa":"adresy"},"geometry":{"type":"Point","coordinates":[19.960096,49.97844]}},{"type":"Feature","properties":{"NUMER_PORZ":"36","KOD_POCZT":"30-698","NAZWA_ULC":"Ignacego Chrzanowskiego","NAZWA_GMI":"Kraków","NAZWA_MSC":"Kraków","odleglosc_m":122.9,"strefa":"50-200 m","warstwa":"adresy"},"geometry":{"type":"Point","coordinates":[19.959575,49.97751]}},{"type":"Feature","properties":{"NUMER_PORZ":"40","KOD_POCZT":"30-698","NAZWA_ULC":"Ignacego Chrzanowskiego","NAZWA_GMI":"Kraków","NAZWA_MSC":"Kraków","odleglosc_m":174.5,"strefa":"50-200 m","warstwa":"adresy"},"geometry":{"type":"Point","coordinates":[19.960597,49.977454]}},{"type":"Feature","properties":{"NUMER_PORZ":"42","KOD_POCZT":"30-698","NAZWA_ULC":"Ignacego Chrzanowskiego","NAZWA_GMI":"Kraków","NAZWA_MSC":"Kraków","odleglosc_m":198.2,"strefa":"50-200 m","warstwa":"adresy"},"geometry":{"type":"Point","coordinates":[19.96116,49.977531]}},{"type":"Feature","properties":{"NUMER_PORZ":"43A","KOD_POCZT":"30-698","NAZWA_ULC":"Ignacego Chrzanowskiego","NAZWA_GMI":"Kraków","NAZWA_MSC":"Kraków","odleglosc_m":91.5,"strefa":"50-200 m","warstwa":"adresy"},"geometry":{"type":"Point","coordinates":[19.961032,49.97881]}},{"type":"Feature","properties":{"NUMER_PORZ":"43B","KOD_POCZT":"30-698","NAZWA_ULC":"Ignacego Chrzanowskiego","NAZWA_GMI":"Kraków","NAZWA_MSC":"Kraków","odleglosc_m":64.8,"strefa":"50-200 m","warstwa":"adresy"},"geometry":{"type":"Point","coordinates":[19.961042,49.979186]}},{"type":"Feature","properties":{"NUMER_PORZ":"43C","KOD_POCZT":"30-698","NAZWA_ULC":"Ignacego Chrzanowskiego","NAZWA_GMI":"Kraków","NAZWA_MSC":"Kraków","odleglosc_m":39.7,"strefa":"30-50 m","warstwa":"adresy"},"geometry":{"type":"Point","coordinates":[19.960839,49.97939]}},{"type":"Feature","properties":{"NUMER_PORZ":"45","KOD_POCZT":"30-698","NAZWA_ULC":"Ignacego Chrzanowskiego","NAZWA_GMI":"Kraków","NAZWA_MSC":"Kraków","odleglosc_m":153.3,"strefa":"50-200 m","warstwa":"adresy"},"geometry":{"type":"Point","coordinates":[19.961072,49.978073]}},{"type":"Feature","properties":{"NUMER_PORZ":"45a","KOD_POCZT":"30-698","NAZWA_ULC":"Ignacego Chrzanowskiego","NAZWA_GMI":"Kraków","NAZWA_MSC":"Kraków","odleglosc_m":144.3,"strefa":"50-200 m","warstwa":"adresy"},"geometry":{"type":"Point","coordinates":[19.961228,49.978278]}},{"type":"Feature","properties":{"NUMER_PORZ":"47","KOD_POCZT":"30-698","NAZWA_ULC":"Ignacego Chrzanowskiego","NAZWA_GMI":"Kraków","NAZWA_MSC":"Kraków","odleglosc_m":181.9,"strefa":"50-200 m","warstwa":"adresy"},"geometry":{"type":"Point","coordinates":[19.961458,49.977955]}},{"type":"Feature","properties":{"NUMER_PORZ":"1","KOD_POCZT":"30-699","NAZWA_ULC":"Rytownicza","NAZWA_GMI":"Kraków","NAZWA_MSC":"Kraków","odleglosc_m":189.8,"strefa":"50-200 m","warstwa":"adresy"},"geometry":{"type":"Point","coordinates":[19.972993,49.993876]}},{"type":"Feature","properties":{"NUMER_PORZ":"4","KOD_POCZT":"30-699","NAZWA_ULC":"Rytownicza","NAZWA_GMI":"Kraków","NAZWA_MSC":"Kraków","odleglosc_m":186.3,"strefa":"50-200 m","warstwa":"adresy"},"geometry":{"type":"Point","coordinates":[19.972848,49.992968]}},{"type":"Feature","properties":{"NUMER_PORZ":"2","KOD_POCZT":"30-699","NAZWA_ULC":"Nad Fosą","NAZWA_GMI":"Kraków","NAZWA_MSC":"Kraków","odleglosc_m":140.1,"strefa":"50-200 m","warstwa":"adresy"},"geometry":{"type":"Point","coordinates":[19.9692,49.987449]}},{"type":"Feature","properties":{"NUMER_PORZ":"102","KOD_POCZT":"31-160","NAZWA_ULC":"Tuchowska","NAZWA_GMI":"Kraków","NAZWA_MSC":"Kraków","odleglosc_m":8.3,"strefa":"0-20 m","warstwa":"adresy"},"geometry":{"type":"Point","coordinates":[19.970325,49.992874]}},{"type":"Feature","properties":{"NUMER_PORZ":"103","KOD_POCZT":"30-693","NAZWA_ULC":"Tuchowska","NAZWA_GMI":"Kraków","NAZWA_MSC":"Kraków","odleglosc_m":47.5,"strefa":"30-50 m","warstwa":"adresy"},"geometry":{"type":"Point","coordinates":[19.970792,49.99252]}},{"type":"Feature","properties":{"NUMER_PORZ":"104","KOD_POCZT":"30-698","NAZWA_ULC":"Tuchowska","NAZWA_GMI":"Kraków","NAZWA_MSC":"Kraków","odleglosc_m":13.2,"strefa":"0-20 m","warstwa":"adresy"},"geometry":{"type":"Point","coordinates":[19.970357,49.992717]}},{"type":"Feature","properties":{"NUMER_PORZ":"105","KOD_POCZT":"30-618","NAZWA_ULC":"Tuchowska","NAZWA_GMI":"Kraków","NAZWA_MSC":"Kraków","odleglosc_m":60.9,"strefa":"50-200 m","warstwa":"adresy"},"geometry":{"type":"Point","coordinates":[19.970912,49.99227]}},{"type":"Feature","properties":{"NUMER_PORZ":"106","KOD_POCZT":"31-045","NAZWA_ULC":"Tuchowska","NAZWA_GMI":"Kraków","NAZWA_MSC":"Kraków","odleglosc_m":21.5,"strefa":"20-30 m","warstwa":"adresy"},"geometry":{"type":"Point","coordinates":[19.970413,49.992473]}},{"type":"Feature","properties":{"NUMER_PORZ":"108","KOD_POCZT":"30-698","NAZWA_ULC":"Tuchowska","NAZWA_GMI":"Kraków","NAZWA_MSC":"Kraków","odleglosc_m":41.1,"strefa":"30-50 m","warstwa":"adresy"},"geometry":{"type":"Point","coordinates":[19.970562,49.992055]}},{"type":"Feature","properties":{"NUMER_PORZ":"109","KOD_POCZT":"30-699","NAZWA_ULC":"Tuchowska","NAZWA_GMI":"Kraków","NAZWA_MSC":"Kraków","odleglosc_m":109.3,"strefa":"50-200 m","warstwa":"adresy"},"geometry":{"type":"Point","coordinates":[19.971437,49.991773]}},{"type":"Feature","properties":{"NUMER_PORZ":"110","KOD_POCZT":"30-698","NAZWA_ULC":"Tuchowska","NAZWA_GMI":"Kraków","NAZWA_MSC":"Kraków","odleglosc_m":50.2,"strefa":"50-200 m","warstwa":"adresy"},"geometry":{"type":"Point","coordinates":[19.970582,49.991755]}},{"type":"Feature","properties":{"NUMER_PORZ":"111","KOD_POCZT":"30-693","NAZWA_ULC":"Tuchowska","NAZWA_GMI":"Kraków","NAZWA_MSC":"Kraków","odleglosc_m":117.2,"strefa":"50-200 m","warstwa":"adresy"},"geometry":{"type":"Point","coordinates":[19.971418,49.991438]}},{"type":"Feature","properties":{"NUMER_PORZ":"113","KOD_POCZT":"30-699","NAZWA_ULC":"Tuchowska","NAZWA_GMI":"Kraków","NAZWA_MSC":"Kraków","odleglosc_m":153.4,"strefa":"50-200 m","warstwa":"adresy"},"geometry":{"type":"Point","coordinates":[19.971866,49.991259]}},{"type":"Feature","properties":{"NUMER_PORZ":"114","KOD_POCZT":"31-045","NAZWA_ULC":"Tuchowska","NAZWA_GMI":"Kraków","NAZWA_MSC":"Kraków","odleglosc_m":135.5,"strefa":"50-200 m","warstwa":"adresy"},"geometry":{"type":"Point","coordinates":[19.971511,49.991049]}},{"type":"Feature","properties":{"NUMER_PORZ":"116","KOD_POCZT":"31-045","NAZWA_ULC":"Tuchowska","NAZWA_GMI":"Kraków","NAZWA_MSC":"Kraków","odleglosc_m":174.9,"strefa":"50-200 m","warstwa":"adresy"},"geometry":{"type":"Point","coordinates":[19.971975,49.990816]}},{"type":"Feature","properties":{"NUMER_PORZ":"3","KOD_POCZT":"30-699","NAZWA_ULC":"Szczawnicka","NAZWA_GMI":"Kraków","NAZWA_MSC":"Kraków","odleglosc_m":75.3,"strefa":"50-200 m","warstwa":"adresy"},"geometry":{"type":"Point","coordinates":[19.971376,49.993614]}},{"type":"Feature","properties":{"NUMER_PORZ":"6","KOD_POCZT":"30-699","NAZWA_ULC":"Nad Fosą","NAZWA_GMI":"Kraków","NAZWA_MSC":"Kraków","odleglosc_m":192.4,"strefa":"50-200 m","warstwa":"adresy"},"geometry":{"type":"Point","coordinates":[19.97012,49.987604]}},{"type":"Feature","properties":{"NUMER_PORZ":"4","KOD_POCZT":"30-699","NAZWA_ULC":"Szczawnicka","NAZWA_GMI":"Kraków","NAZWA_MSC":"Kraków","odleglosc_m":112.5,"strefa":"50-200 m","warstwa":"adresy"},"geometry":{"type":"Point","coordinates":[19.971874,49.993393]}},{"type":"Feature","properties":{"NUMER_PORZ":"5","KOD_POCZT":"30-699","NAZWA_ULC":"Szczawnicka","NAZWA_GMI":"Kraków","NAZWA_MSC":"Kraków","odleglosc_m":151.1,"strefa":"50-200 m","warstwa":"adresy"},"geometry":{"type":"Point","coordinates":[19.972453,49.993872]}},{"type":"Feature","properties":{"NUMER_PORZ":"7","KOD_POCZT":"30-699","NAZWA_ULC":"Szczawnicka","NAZWA_GMI":"Kraków","NAZWA_MSC":"Kraków","odleglosc_m":193.7,"strefa":"50-200 m","warstwa":"adresy"},"geometry":{"type":"Point","coordinates":[19.973053,49.994031]}},{"type":"Feature","properties":{"NUMER_PORZ":"98","KOD_POCZT":"30-618","NAZWA_ULC":"Tuchowska","NAZWA_GMI":"Kraków","NAZWA_MSC":"Kraków","odleglosc_m":0.0,"strefa":"w śladzie","warstwa":"adresy"},"geometry":{"type":"Point","coordinates":[19.970144,49.993366]}},{"type":"Feature","properties":{"NUMER_PORZ":"99","KOD_POCZT":"30-693","NAZWA_ULC":"Tuchowska","NAZWA_GMI":"Kraków","NAZWA_MSC":"Kraków","odleglosc_m":34.8,"strefa":"30-50 m","warstwa":"adresy"},"geometry":{"type":"Point","coordinates":[19.970803,49.993537]}},{"type":"Feature","properties":{"NUMER_PORZ":"99A","KOD_POCZT":"30-693","NAZWA_ULC":"Tuchowska","NAZWA_GMI":"Kraków","NAZWA_MSC":"Kraków","odleglosc_m":20.7,"strefa":"20-30 m","warstwa":"adresy"},"geometry":{"type":"Point","coordinates":[19.970592,49.99342]}},{"type":"Feature","properties":{"NUMER_PORZ":"10","KOD_POCZT":"30-698","NAZWA_ULC":"Matematyków Krakowskich","NAZWA_GMI":"Kraków","NAZWA_MSC":"Kraków","odleglosc_m":30.3,"strefa":"30-50 m","warstwa":"adresy"},"geometry":{"type":"Point","coordinates":[19.96219,49.980452]}},{"type":"Feature","properties":{"NUMER_PORZ":"14Y","KOD_POCZT":"30-698","NAZWA_ULC":"Matematyków Krakowskich","NAZWA_GMI":"Kraków","NAZWA_MSC":"Kraków","odleglosc_m":83.8,"strefa":"50-200 m","warstwa":"adresy"},"geometry":{"type":"Point","coordinates":[19.96184,49.979533]}},{"type":"Feature","properties":{"NUMER_PORZ":"14Z","KOD_POCZT":"30-698","NAZWA_ULC":"Matematyków Krakowskich","NAZWA_GMI":"Kraków","NAZWA_MSC":"Kraków","odleglosc_m":88.7,"strefa":"50-200 m","warstwa":"adresy"},"geometry":{"type":"Point","coordinates":[19.962012,49.979566]}},{"type":"Feature","properties":{"NUMER_PORZ":"103","KOD_POCZT":"32-400","NAZWA_ULC":"Rajmunda Bergela","NAZWA_GMI":"Myślenice","NAZWA_MSC":"Myślenice","odleglosc_m":193.7,"strefa":"50-200 m","warstwa":"adresy"},"geometry":{"type":"Point","coordinates":[19.937845,49.82373]}},{"type":"Feature","properties":{"NUMER_PORZ":"47B","KOD_POCZT":"32-400","NAZWA_ULC":"Juliusza Słowackiego","NAZWA_GMI":"Myślenice","NAZWA_MSC":"Myślenice","odleglosc_m":29.9,"strefa":"20-30 m","warstwa":"adresy"},"geometry":{"type":"Point","coordinates":[19.949269,49.834329]}},{"type":"Feature","properties":{"NUMER_PORZ":"39C","KOD_POCZT":"32-400","NAZWA_ULC":"Adama Mickiewicza","NAZWA_GMI":"Myślenice","NAZWA_MSC":"Myślenice","odleglosc_m":78.7,"strefa":"50-200 m","warstwa":"adresy"},"geometry":{"type":"Point","coordinates":[19.947462,49.827981]}},{"type":"Feature","properties":{"NUMER_PORZ":"51","KOD_POCZT":"32-400","NAZWA_ULC":"Rajmunda Bergela","NAZWA_GMI":"Myślenice","NAZWA_MSC":"Myślenice","odleglosc_m":167.5,"strefa":"50-200 m","warstwa":"adresy"},"geometry":{"type":"Point","coordinates":[19.939878,49.825506]}},{"type":"Feature","properties":{"NUMER_PORZ":"51A","KOD_POCZT":"32-400","NAZWA_ULC":"Rajmunda Bergela","NAZWA_GMI":"Myślenice","NAZWA_MSC":"Myślenice","odleglosc_m":148.4,"strefa":"50-200 m","warstwa":"adresy"},"geometry":{"type":"Point","coordinates":[19.9399,49.825269]}},{"type":"Feature","properties":{"NUMER_PORZ":"14W","KOD_POCZT":"30-698","NAZWA_ULC":"Matematyków Krakowskich","NAZWA_GMI":"Kraków","NAZWA_MSC":"Kraków","odleglosc_m":72.5,"strefa":"50-200 m","warstwa":"adresy"},"geometry":{"type":"Point","coordinates":[19.961467,49.979421]}},{"type":"Feature","properties":{"NUMER_PORZ":"14X","KOD_POCZT":"30-698","NAZWA_ULC":"Matematyków Krakowskich","NAZWA_GMI":"Kraków","NAZWA_MSC":"Kraków","odleglosc_m":77.2,"strefa":"50-200 m","warstwa":"adresy"},"geometry":{"type":"Point","coordinates":[19.961607,49.979475]}},{"type":"Feature","properties":{"NUMER_PORZ":"43","KOD_POCZT":"32-400","NAZWA_ULC":"Adama Mickiewicza","NAZWA_GMI":"Myślenice","NAZWA_MSC":"Myślenice","odleglosc_m":56.1,"strefa":"50-200 m","warstwa":"adresy"},"geometry":{"type":"Point","coordinates":[19.948911,49.828322]}},{"type":"Feature","properties":{"NUMER_PORZ":"43C","KOD_POCZT":"32-400","NAZWA_ULC":"Adama Mickiewicza","NAZWA_GMI":"Myślenice","NAZWA_MSC":"Myślenice","odleglosc_m":50.2,"strefa":"50-200 m","warstwa":"adresy"},"geometry":{"type":"Point","coordinates":[19.948943,49.828272]}},{"type":"Feature","properties":{"NUMER_PORZ":"43D","KOD_POCZT":"32-400","NAZWA_ULC":"Adama Mickiewicza","NAZWA_GMI":"Myślenice","NAZWA_MSC":"Myślenice","odleglosc_m":45.2,"strefa":"30-50 m","warstwa":"adresy"},"geometry":{"type":"Point","coordinates":[19.948946,49.828216]}},{"type":"Feature","properties":{"NUMER_PORZ":"43E","KOD_POCZT":"32-400","NAZWA_ULC":"Adama Mickiewicza","NAZWA_GMI":"Myślenice","NAZWA_MSC":"Myślenice","odleglosc_m":38.3,"strefa":"30-50 m","warstwa":"adresy"},"geometry":{"type":"Point","coordinates":[19.94895,49.828137]}},{"type":"Feature","properties":{"NUMER_PORZ":"43F","KOD_POCZT":"32-400","NAZWA_ULC":"Adama Mickiewicza","NAZWA_GMI":"Myślenice","NAZWA_MSC":"Myślenice","odleglosc_m":32.9,"strefa":"30-50 m","warstwa":"adresy"},"geometry":{"type":"Point","coordinates":[19.948994,49.828098]}},{"type":"Feature","properties":{"NUMER_PORZ":"43G","KOD_POCZT":"32-400","NAZWA_ULC":"Adama Mickiewicza","NAZWA_GMI":"Myślenice","NAZWA_MSC":"Myślenice","odleglosc_m":28.1,"strefa":"20-30 m","warstwa":"adresy"},"geometry":{"type":"Point","coordinates":[19.948982,49.82803]}},{"type":"Feature","properties":{"NUMER_PORZ":"43H","KOD_POCZT":"32-400","NAZWA_ULC":"Adama Mickiewicza","NAZWA_GMI":"Myślenice","NAZWA_MSC":"Myślenice","odleglosc_m":21.9,"strefa":"20-30 m","warstwa":"adresy"},"geometry":{"type":"Point","coordinates":[19.949009,49.827974]}},{"type":"Feature","properties":{"NUMER_PORZ":"2e","KOD_POCZT":"32-400","NAZWA_ULC":"Słoneczna","NAZWA_GMI":"Myślenice","NAZWA_MSC":"Myślenice","odleglosc_m":43.4,"strefa":"30-50 m","warstwa":"adresy"},"geometry":{"type":"Point","coordinates":[19.948301,49.836253]}},{"type":"Feature","properties":{"NUMER_PORZ":"45C","KOD_POCZT":"32-040","NAZWA_ULC":"Kraśnik","NAZWA_GMI":"Świątniki Górne","NAZWA_MSC":"Wrząsowice","odleglosc_m":190.7,"strefa":"50-200 m","warstwa":"adresy"},"geometry":{"type":"Point","coordinates":[19.937821,49.965849]}},{"type":"Feature","properties":{"NUMER_PORZ":"117B","KOD_POCZT":"32-400","NAZWA_ULC":"Rajmunda Bergela","NAZWA_GMI":"Myślenice","NAZWA_MSC":"Myślenice","odleglosc_m":135.4,"strefa":"50-200 m","warstwa":"adresy"},"geometry":{"type":"Point","coordinates":[19.936674,49.821944]}},{"type":"Feature","properties":{"NUMER_PORZ":"60B","KOD_POCZT":"32-400","NAZWA_ULC":"Ignacego Daszyńskiego","NAZWA_GMI":"Myślenice","NAZWA_MSC":"Myślenice","odleglosc_m":48.4,"strefa":"30-50 m","warstwa":"adresy"},"geometry":{"type":"Point","coordinates":[19.924605,49.815496]}},{"type":"Feature","properties":{"NUMER_PORZ":"3L","KOD_POCZT":"32-400","NAZWA_ULC":"Tarnówka","NAZWA_GMI":"Myślenice","NAZWA_MSC":"Myślenice","odleglosc_m":93.6,"strefa":"50-200 m","warstwa":"adresy"},"geometry":{"type":"Point","coordinates":[19.92442,49.846702]}},{"type":"Feature","properties":{"NUMER_PORZ":"39A","KOD_POCZT":"32-400","NAZWA_ULC":"Henryka Sienkiewicza","NAZWA_GMI":"Myślenice","NAZWA_MSC":"Myślenice","odleglosc_m":158.9,"strefa":"50-200 m","warstwa":"adresy"},"geometry":{"type":"Point","coordinates":[19.941838,49.843477]}},{"type":"Feature","properties":{"NUMER_PORZ":"1J","KOD_POCZT":"32-400","NAZWA_ULC":"Parkowa","NAZWA_GMI":"Myślenice","NAZWA_MSC":"Myślenice","odleglosc_m":153.5,"strefa":"50-200 m","warstwa":"adresy"},"geometry":{"type":"Point","coordinates":[19.938372,49.818988]}},{"type":"Feature","properties":{"NUMER_PORZ":"98","KOD_POCZT":"32-031","NAZWA_ULC":"Łobzowska","NAZWA_GMI":"Mogilany","NAZWA_MSC":"Włosań","odleglosc_m":160.6,"strefa":"50-200 m","warstwa":"adresy"},"geometry":{"type":"Point","coordinates":[19.889764,49.921008]}},{"type":"Feature","properties":{"NUMER_PORZ":"28","KOD_POCZT":"32-031","NAZWA_ULC":"Łobzowska","NAZWA_GMI":"Mogilany","NAZWA_MSC":"Włosań","odleglosc_m":162.3,"strefa":"50-200 m","warstwa":"adresy"},"geometry":{"type":"Point","coordinates":[19.902156,49.929315]}},{"type":"Feature","properties":{"NUMER_PORZ":"42","KOD_POCZT":"32-031","NAZWA_ULC":"Łobzowska","NAZWA_GMI":"Mogilany","NAZWA_MSC":"Włosań","odleglosc_m":0.0,"strefa":"w śladzie","warstwa":"adresy"},"geometry":{"type":"Point","coordinates":[19.899286,49.929279]}},{"type":"Feature","properties":{"NUMER_PORZ":"40","KOD_POCZT":"32-031","NAZWA_ULC":"Łobzowska","NAZWA_GMI":"Mogilany","NAZWA_MSC":"Włosań","odleglosc_m":0.0,"strefa":"w śladzie","warstwa":"adresy"},"geometry":{"type":"Point","coordinates":[19.899784,49.929531]}},{"type":"Feature","properties":{"NUMER_PORZ":"30","KOD_POCZT":"32-031","NAZWA_ULC":"Łobzowska","NAZWA_GMI":"Mogilany","NAZWA_MSC":"Włosań","odleglosc_m":159.9,"strefa":"50-200 m","warstwa":"adresy"},"geometry":{"type":"Point","coordinates":[19.901631,49.928653]}},{"type":"Feature","properties":{"NUMER_PORZ":"10","KOD_POCZT":"32-031","NAZWA_ULC":"Wrzosowa","NAZWA_GMI":"Mogilany","NAZWA_MSC":"Lusina","odleglosc_m":64.2,"strefa":"50-200 m","warstwa":"adresy"},"geometry":{"type":"Point","coordinates":[19.931638,49.965485]}},{"type":"Feature","properties":{"NUMER_PORZ":"5","KOD_POCZT":"32-031","NAZWA_ULC":"Wrzosowa","NAZWA_GMI":"Mogilany","NAZWA_MSC":"Lusina","odleglosc_m":119.6,"strefa":"50-200 m","warstwa":"adresy"},"geometry":{"type":"Point","coordinates":[19.932766,49.967329]}},{"type":"Feature","properties":{"NUMER_PORZ":"7","KOD_POCZT":"32-031","NAZWA_ULC":"Wrzosowa","NAZWA_GMI":"Mogilany","NAZWA_MSC":"Lusina","odleglosc_m":115.2,"strefa":"50-200 m","warstwa":"adresy"},"geometry":{"type":"Point","coordinates":[19.932922,49.96739]}},{"type":"Feature","properties":{"NUMER_PORZ":"3","KOD_POCZT":"32-031","NAZWA_ULC":"Wrzosowa","NAZWA_GMI":"Mogilany","NAZWA_MSC":"Lusina","odleglosc_m":188.7,"strefa":"50-200 m","warstwa":"adresy"},"geometry":{"type":"Point","coordinates":[19.932433,49.968017]}},{"type":"Feature","properties":{"NUMER_PORZ":"15","KOD_POCZT":"32-031","NAZWA_ULC":"Stroma","NAZWA_GMI":"Mogilany","NAZWA_MSC":"Lusina","odleglosc_m":135.3,"strefa":"50-200 m","warstwa":"adresy"},"geometry":{"type":"Point","coordinates":[19.924816,49.961309]}},{"type":"Feature","properties":{"NUMER_PORZ":"19","KOD_POCZT":"32-031","NAZWA_ULC":"Stroma","NAZWA_GMI":"Mogilany","NAZWA_MSC":"Lusina","odleglosc_m":15.1,"strefa":"0-20 m","warstwa":"adresy"},"geometry":{"type":"Point","coordinates":[19.926735,49.961137]}},{"type":"Feature","properties":{"NUMER_PORZ":"11","KOD_POCZT":"32-031","NAZWA_ULC":"Stroma","NAZWA_GMI":"Mogilany","NAZWA_MSC":"Lusina","odleglosc_m":141.1,"strefa":"50-200 m","warstwa":"adresy"},"geometry":{"type":"Point","coordinates":[19.924964,49.961536]}},{"type":"Feature","properties":{"NUMER_PORZ":"23","KOD_POCZT":"32-031","NAZWA_ULC":"Stroma","NAZWA_GMI":"Mogilany","NAZWA_MSC":"Lusina","odleglosc_m":10.8,"strefa":"0-20 m","warstwa":"adresy"},"geometry":{"type":"Point","coordinates":[19.928226,49.961422]}},{"type":"Feature","properties":{"NUMER_PORZ":"20","KOD_POCZT":"32-031","NAZWA_ULC":"Skrzyszów","NAZWA_GMI":"Mogilany","NAZWA_MSC":"Mogilany","odleglosc_m":139.2,"strefa":"50-200 m","warstwa":"adresy"},"geometry":{"type":"Point","coordinates":[19.907616,49.945822]}},{"type":"Feature","properties":{"NUMER_PORZ":"24","KOD_POCZT":"32-031","NAZWA_ULC":"Skrzyszów","NAZWA_GMI":"Mogilany","NAZWA_MSC":"Mogilany","odleglosc_m":56.2,"strefa":"50-200 m","warstwa":"adresy"},"geometry":{"type":"Point","coordinates":[19.906804,49.946359]}},{"type":"Feature","properties":{"NUMER_PORZ":"26","KOD_POCZT":"32-031","NAZWA_ULC":"Skrzyszów","NAZWA_GMI":"Mogilany","NAZWA_MSC":"Mogilany","odleglosc_m":53.3,"strefa":"50-200 m","warstwa":"adresy"},"geometry":{"type":"Point","coordinates":[19.906259,49.946029]}},{"type":"Feature","properties":{"NUMER_PORZ":"28","KOD_POCZT":"32-031","NAZWA_ULC":"Skrzyszów","NAZWA_GMI":"Mogilany","NAZWA_MSC":"Mogilany","odleglosc_m":41.0,"strefa":"30-50 m","warstwa":"adresy"},"geometry":{"type":"Point","coordinates":[19.90568,49.945798]}},{"type":"Feature","properties":{"NUMER_PORZ":"25","KOD_POCZT":"32-031","NAZWA_ULC":"Stroma","NAZWA_GMI":"Mogilany","NAZWA_MSC":"Lusina","odleglosc_m":13.6,"strefa":"0-20 m","warstwa":"adresy"},"geometry":{"type":"Point","coordinates":[19.928333,49.961462]}},{"type":"Feature","properties":{"NUMER_PORZ":"21","KOD_POCZT":"32-031","NAZWA_ULC":"Stroma","NAZWA_GMI":"Mogilany","NAZWA_MSC":"Lusina","odleglosc_m":39.9,"strefa":"30-50 m","warstwa":"adresy"},"geometry":{"type":"Point","coordinates":[19.927025,49.961992]}},{"type":"Feature","properties":{"NUMER_PORZ":"6","KOD_POCZT":"32-031","NAZWA_ULC":"Stroma","NAZWA_GMI":"Mogilany","NAZWA_MSC":"Lusina","odleglosc_m":199.7,"strefa":"50-200 m","warstwa":"adresy"},"geometry":{"type":"Point","coordinates":[19.923863,49.961423]}},{"type":"Feature","properties":{"NUMER_PORZ":"92","KOD_POCZT":"32-031","NAZWA_ULC":"Łobzowska","NAZWA_GMI":"Mogilany","NAZWA_MSC":"Włosań","odleglosc_m":196.6,"strefa":"50-200 m","warstwa":"adresy"},"geometry":{"type":"Point","coordinates":[19.891223,49.921319]}},{"type":"Feature","properties":{"NUMER_PORZ":"40","KOD_POCZT":"32-031","NAZWA_ULC":"Świątnicka","NAZWA_GMI":"Mogilany","NAZWA_MSC":"Mogilany","odleglosc_m":157.0,"strefa":"50-200 m","warstwa":"adresy"},"geometry":{"type":"Point","coordinates":[19.898626,49.936294]}},{"type":"Feature","properties":{"NUMER_PORZ":"42","KOD_POCZT":"32-031","NAZWA_ULC":"Świątnicka","NAZWA_GMI":"Mogilany","NAZWA_MSC":"Mogilany","odleglosc_m":129.3,"strefa":"50-200 m","warstwa":"adresy"},"geometry":{"type":"Point","coordinates":[19.899012,49.936284]}},{"type":"Feature","properties":{"NUMER_PORZ":"54","KOD_POCZT":"32-031","NAZWA_ULC":"Świątnicka","NAZWA_GMI":"Mogilany","NAZWA_MSC":"Mogilany","odleglosc_m":59.3,"strefa":"50-200 m","warstwa":"adresy"},"geometry":{"type":"Point","coordinates":[19.899968,49.936001]}},{"type":"Feature","properties":{"NUMER_PORZ":"62","KOD_POCZT":"32-031","NAZWA_ULC":"Świątnicka","NAZWA_GMI":"Mogilany","NAZWA_MSC":"Mogilany","odleglosc_m":22.3,"strefa":"20-30 m","warstwa":"adresy"},"geometry":{"type":"Point","coordinates":[19.900486,49.936036]}},{"type":"Feature","properties":{"NUMER_PORZ":"58","KOD_POCZT":"32-031","NAZWA_ULC":"Świątnicka","NAZWA_GMI":"Mogilany","NAZWA_MSC":"Mogilany","odleglosc_m":38.8,"strefa":"30-50 m","warstwa":"adresy"},"geometry":{"type":"Point","coordinates":[19.900276,49.936303]}},{"type":"Feature","properties":{"NUMER_PORZ":"25A","KOD_POCZT":"32-031","NAZWA_ULC":"Świątnicka","NAZWA_GMI":"Mogilany","NAZWA_MSC":"Mogilany","odleglosc_m":157.6,"strefa":"50-200 m","warstwa":"adresy"},"geometry":{"type":"Point","coordinates":[19.898643,49.936632]}},{"type":"Feature","properties":{"NUMER_PORZ":"41","KOD_POCZT":"32-031","NAZWA_ULC":"Świątnicka","NAZWA_GMI":"Mogilany","NAZWA_MSC":"Mogilany","odleglosc_m":46.8,"strefa":"30-50 m","warstwa":"adresy"},"geometry":{"type":"Point","coordinates":[19.900204,49.936836]}},{"type":"Feature","properties":{"NUMER_PORZ":"34","KOD_POCZT":"32-031","NAZWA_ULC":"Osiedlowa","NAZWA_GMI":"Mogilany","NAZWA_MSC":"Mogilany","odleglosc_m":91.2,"strefa":"50-200 m","warstwa":"adresy"},"geometry":{"type":"Point","coordinates":[19.90229,49.945434]}},{"type":"Feature","properties":{"NUMER_PORZ":"22","KOD_POCZT":"32-031","NAZWA_ULC":"Skrzyszów","NAZWA_GMI":"Mogilany","NAZWA_MSC":"Mogilany","odleglosc_m":70.6,"strefa":"50-200 m","warstwa":"adresy"},"geometry":{"type":"Point","coordinates":[19.907324,49.946485]}},{"type":"Feature","properties":{"NUMER_PORZ":"18","KOD_POCZT":"32-031","NAZWA_ULC":"Skrzyszów","NAZWA_GMI":"Mogilany","NAZWA_MSC":"Mogilany","odleglosc_m":163.3,"strefa":"50-200 m","warstwa":"adresy"},"geometry":{"type":"Point","coordinates":[19.90823,49.945889]}},{"type":"Feature","properties":{"NUMER_PORZ":"38","KOD_POCZT":"32-031","NAZWA_ULC":"Łobzowska","NAZWA_GMI":"Mogilany","NAZWA_MSC":"Włosań","odleglosc_m":136.9,"strefa":"50-200 m","warstwa":"adresy"},"geometry":{"type":"Point","coordinates":[19.90086,49.928273]}},{"type":"Feature","properties":{"NUMER_PORZ":"66","KOD_POCZT":"32-031","NAZWA_ULC":"Świątnicka","NAZWA_GMI":"Mogilany","NAZWA_MSC":"Mogilany","odleglosc_m":20.9,"strefa":"20-30 m","warstwa":"adresy"},"geometry":{"type":"Point","coordinates":[19.901588,49.936453]}},{"type":"Feature","properties":{"NUMER_PORZ":"70","KOD_POCZT":"32-031","NAZWA_ULC":"Świątnicka","NAZWA_GMI":"Mogilany","NAZWA_MSC":"Mogilany","odleglosc_m":104.6,"strefa":"50-200 m","warstwa":"adresy"},"geometry":{"type":"Point","coordinates":[19.902738,49.936217]}},{"type":"Feature","properties":{"NUMER_PORZ":"39","KOD_POCZT":"32-031","NAZWA_ULC":"Świątnicka","NAZWA_GMI":"Mogilany","NAZWA_MSC":"Mogilany","odleglosc_m":74.0,"strefa":"50-200 m","warstwa":"adresy"},"geometry":{"type":"Point","coordinates":[19.899829,49.936893]}},{"type":"Feature","properties":{"NUMER_PORZ":"15","KOD_POCZT":"32-031","NAZWA_ULC":"Skrzyszów","NAZWA_GMI":"Mogilany","NAZWA_MSC":"Mogilany","odleglosc_m":190.0,"strefa":"50-200 m","warstwa":"adresy"},"geometry":{"type":"Point","coordinates":[19.907837,49.945315]}},{"type":"Feature","properties":{"NUMER_PORZ":"30","KOD_POCZT":"32-031","NAZWA_ULC":"Skrzyszów","NAZWA_GMI":"Mogilany","NAZWA_MSC":"Mogilany","odleglosc_m":25.6,"strefa":"20-30 m","warstwa":"adresy"},"geometry":{"type":"Point","coordinates":[19.906005,49.946217]}},{"type":"Feature","properties":{"NUMER_PORZ":"169","KOD_POCZT":"32-031","NAZWA_ULC":"Łobzowska","NAZWA_GMI":"Mogilany","NAZWA_MSC":"Włosań","odleglosc_m":156.8,"strefa":"50-200 m","warstwa":"adresy"},"geometry":{"type":"Point","coordinates":[19.887323,49.919848]}},{"type":"Feature","properties":{"NUMER_PORZ":"106","KOD_POCZT":"32-031","NAZWA_ULC":"Łobzowska","NAZWA_GMI":"Mogilany","NAZWA_MSC":"Włosań","odleglosc_m":0.0,"strefa":"w śladzie","warstwa":"adresy"},"geometry":{"type":"Point","coordinates":[19.885196,49.920915]}},{"type":"Feature","properties":{"NUMER_PORZ":"108","KOD_POCZT":"32-031","NAZWA_ULC":"Łobzowska","NAZWA_GMI":"Mogilany","NAZWA_MSC":"Włosań","odleglosc_m":34.1,"strefa":"30-50 m","warstwa":"adresy"},"geometry":{"type":"Point","coordinates":[19.88413,49.921144]}},{"type":"Feature","properties":{"NUMER_PORZ":"108A","KOD_POCZT":"32-031","NAZWA_ULC":"Łobzowska","NAZWA_GMI":"Mogilany","NAZWA_MSC":"Włosań","odleglosc_m":39.6,"strefa":"30-50 m","warstwa":"adresy"},"geometry":{"type":"Point","coordinates":[19.8841,49.921191]}},{"type":"Feature","properties":{"NUMER_PORZ":"108B","KOD_POCZT":"32-031","NAZWA_ULC":"Łobzowska","NAZWA_GMI":"Mogilany","NAZWA_MSC":"Włosań","odleglosc_m":51.6,"strefa":"50-200 m","warstwa":"adresy"},"geometry":{"type":"Point","coordinates":[19.88404,49.921295]}},{"type":"Feature","properties":{"NUMER_PORZ":"108C","KOD_POCZT":"32-031","NAZWA_ULC":"Łobzowska","NAZWA_GMI":"Mogilany","NAZWA_MSC":"Włosań","odleglosc_m":57.3,"strefa":"50-200 m","warstwa":"adresy"},"geometry":{"type":"Point","coordinates":[19.884011,49.921345]}},{"type":"Feature","properties":{"NUMER_PORZ":"108D","KOD_POCZT":"32-031","NAZWA_ULC":"Łobzowska","NAZWA_GMI":"Mogilany","NAZWA_MSC":"Włosań","odleglosc_m":69.6,"strefa":"50-200 m","warstwa":"adresy"},"geometry":{"type":"Point","coordinates":[19.883957,49.921458]}},{"type":"Feature","properties":{"NUMER_PORZ":"23","KOD_POCZT":"32-031","NAZWA_ULC":"Uzdrowiskowa","NAZWA_GMI":"Mogilany","NAZWA_MSC":"Włosań","odleglosc_m":101.1,"strefa":"50-200 m","warstwa":"adresy"},"geometry":{"type":"Point","coordinates":[19.881355,49.91749]}},{"type":"Feature","properties":{"NUMER_PORZ":"53","KOD_POCZT":"32-031","NAZWA_ULC":"Świątnicka","NAZWA_GMI":"Mogilany","NAZWA_MSC":"Mogilany","odleglosc_m":103.4,"strefa":"50-200 m","warstwa":"adresy"},"geometry":{"type":"Point","coordinates":[19.902773,49.936914]}},{"type":"Feature","properties":{"NUMER_PORZ":"26A","KOD_POCZT":"32-031","NAZWA_ULC":"Skrzyszów","NAZWA_GMI":"Mogilany","NAZWA_MSC":"Mogilany","odleglosc_m":45.2,"strefa":"30-50 m","warstwa":"adresy"},"geometry":{"type":"Point","coordinates":[19.906497,49.946308]}},{"type":"Feature","properties":{"NUMER_PORZ":"108E","KOD_POCZT":"32-031","NAZWA_ULC":"Łobzowska","NAZWA_GMI":"Mogilany","NAZWA_MSC":"Włosań","odleglosc_m":59.5,"strefa":"50-200 m","warstwa":"adresy"},"geometry":{"type":"Point","coordinates":[19.884394,49.92156]}},{"type":"Feature","properties":{"NUMER_PORZ":"108F","KOD_POCZT":"32-031","NAZWA_ULC":"Łobzowska","NAZWA_GMI":"Mogilany","NAZWA_MSC":"Włosań","odleglosc_m":47.3,"strefa":"30-50 m","warstwa":"adresy"},"geometry":{"type":"Point","coordinates":[19.884458,49.921454]}},{"type":"Feature","properties":{"NUMER_PORZ":"108G","KOD_POCZT":"32-031","NAZWA_ULC":"Łobzowska","NAZWA_GMI":"Mogilany","NAZWA_MSC":"Włosań","odleglosc_m":41.6,"strefa":"30-50 m","warstwa":"adresy"},"geometry":{"type":"Point","coordinates":[19.884494,49.921407]}},{"type":"Feature","properties":{"NUMER_PORZ":"108H","KOD_POCZT":"32-031","NAZWA_ULC":"Łobzowska","NAZWA_GMI":"Mogilany","NAZWA_MSC":"Włosań","odleglosc_m":29.5,"strefa":"20-30 m","warstwa":"adresy"},"geometry":{"type":"Point","coordinates":[19.884547,49.921296]}},{"type":"Feature","properties":{"NUMER_PORZ":"40D","KOD_POCZT":"32-031","NAZWA_ULC":"Łobzowska","NAZWA_GMI":"Mogilany","NAZWA_MSC":"Włosań","odleglosc_m":33.5,"strefa":"30-50 m","warstwa":"adresy"},"geometry":{"type":"Point","coordinates":[19.89986,49.928989]}},{"type":"Feature","properties":{"NUMER_PORZ":"38A","KOD_POCZT":"32-031","NAZWA_ULC":"Łobzowska","NAZWA_GMI":"Mogilany","NAZWA_MSC":"Włosań","odleglosc_m":72.7,"strefa":"50-200 m","warstwa":"adresy"},"geometry":{"type":"Point","coordinates":[19.900431,49.928898]}},{"type":"Feature","properties":{"NUMER_PORZ":"38B","KOD_POCZT":"32-031","NAZWA_ULC":"Łobzowska","NAZWA_GMI":"Mogilany","NAZWA_MSC":"Włosań","odleglosc_m":82.5,"strefa":"50-200 m","warstwa":"adresy"},"geometry":{"type":"Point","coordinates":[19.90065,49.928959]}},{"type":"Feature","properties":{"NUMER_PORZ":"25","KOD_POCZT":"32-031","NAZWA_ULC":"Uzdrowiskowa","NAZWA_GMI":"Mogilany","NAZWA_MSC":"Włosań","odleglosc_m":97.1,"strefa":"50-200 m","warstwa":"adresy"},"geometry":{"type":"Point","coordinates":[19.88116,49.917431]}},{"type":"Feature","properties":{"NUMER_PORZ":"25A","KOD_POCZT":"32-031","NAZWA_ULC":"Uzdrowiskowa","NAZWA_GMI":"Mogilany","NAZWA_MSC":"Włosań","odleglosc_m":99.6,"strefa":"50-200 m","warstwa":"adresy"},"geometry":{"type":"Point","coordinates":[19.881286,49.91747]}},{"type":"Feature","properties":{"NUMER_PORZ":"27","KOD_POCZT":"32-031","NAZWA_ULC":"Św. Rity","NAZWA_GMI":"Mogilany","NAZWA_MSC":"Włosań","odleglosc_m":146.3,"strefa":"50-200 m","warstwa":"adresy"},"geometry":{"type":"Point","coordinates":[19.889841,49.925265]}},{"type":"Feature","properties":{"NUMER_PORZ":"29","KOD_POCZT":"32-031","NAZWA_ULC":"Św. Rity","NAZWA_GMI":"Mogilany","NAZWA_MSC":"Włosań","odleglosc_m":181.4,"strefa":"50-200 m","warstwa":"adresy"},"geometry":{"type":"Point","coordinates":[19.88921,49.92531]}},{"type":"Feature","properties":{"NUMER_PORZ":"10","KOD_POCZT":"32-031","NAZWA_ULC":"Św. Rity","NAZWA_GMI":"Mogilany","NAZWA_MSC":"Włosań","odleglosc_m":64.0,"strefa":"50-200 m","warstwa":"adresy"},"geometry":{"type":"Point","coordinates":[19.895535,49.927788]}},{"type":"Feature","properties":{"NUMER_PORZ":"3","KOD_POCZT":"32-031","NAZWA_ULC":"Św. Rity","NAZWA_GMI":"Mogilany","NAZWA_MSC":"Włosań","odleglosc_m":19.7,"strefa":"0-20 m","warstwa":"adresy"},"geometry":{"type":"Point","coordinates":[19.898009,49.927323]}},{"type":"Feature","properties":{"NUMER_PORZ":"23","KOD_POCZT":"32-031","NAZWA_ULC":"Św. Rity","NAZWA_GMI":"Mogilany","NAZWA_MSC":"Włosań","odleglosc_m":124.1,"strefa":"50-200 m","warstwa":"adresy"},"geometry":{"type":"Point","coordinates":[19.891231,49.925819]}},{"type":"Feature","properties":{"NUMER_PORZ":"43","KOD_POCZT":"32-031","NAZWA_ULC":"Świątnicka","NAZWA_GMI":"Mogilany","NAZWA_MSC":"Mogilany","odleglosc_m":0.0,"strefa":"w śladzie","warstwa":"adresy"},"geometry":{"type":"Point","coordinates":[19.900984,49.936904]}},{"type":"Feature","properties":{"NUMER_PORZ":"29A","KOD_POCZT":"32-031","NAZWA_ULC":"Świątnicka","NAZWA_GMI":"Mogilany","NAZWA_MSC":"Mogilany","odleglosc_m":178.5,"strefa":"50-200 m","warstwa":"adresy"},"geometry":{"type":"Point","coordinates":[19.898384,49.937061]}},{"type":"Feature","properties":{"NUMER_PORZ":"35","KOD_POCZT":"32-031","NAZWA_ULC":"Świątnicka","NAZWA_GMI":"Mogilany","NAZWA_MSC":"Mogilany","odleglosc_m":121.4,"strefa":"50-200 m","warstwa":"adresy"},"geometry":{"type":"Point","coordinates":[19.899171,49.936942]}},{"type":"Feature","properties":{"NUMER_PORZ":"37","KOD_POCZT":"32-031","NAZWA_ULC":"Świątnicka","NAZWA_GMI":"Mogilany","NAZWA_MSC":"Mogilany","odleglosc_m":110.9,"strefa":"50-200 m","warstwa":"adresy"},"geometry":{"type":"Point","coordinates":[19.899318,49.936947]}},{"type":"Feature","properties":{"NUMER_PORZ":"60","KOD_POCZT":"32-031","NAZWA_ULC":"Świątnicka","NAZWA_GMI":"Mogilany","NAZWA_MSC":"Mogilany","odleglosc_m":24.6,"strefa":"20-30 m","warstwa":"adresy"},"geometry":{"type":"Point","coordinates":[19.900482,49.936403]}},{"type":"Feature","properties":{"NUMER_PORZ":"28A","KOD_POCZT":"32-031","NAZWA_ULC":"Skrzyszów","NAZWA_GMI":"Mogilany","NAZWA_MSC":"Mogilany","odleglosc_m":26.3,"strefa":"20-30 m","warstwa":"adresy"},"geometry":{"type":"Point","coordinates":[19.905795,49.946067]}},{"type":"Feature","properties":{"NUMER_PORZ":"15A","KOD_POCZT":"32-031","NAZWA_ULC":"Skrzyszów","NAZWA_GMI":"Mogilany","NAZWA_MSC":"Mogilany","odleglosc_m":184.4,"strefa":"50-200 m","warstwa":"adresy"},"geometry":{"type":"Point","coordinates":[19.907833,49.945391]}},{"type":"Feature","properties":{"NUMER_PORZ":"15B","KOD_POCZT":"32-031","NAZWA_ULC":"Skrzyszów","NAZWA_GMI":"Mogilany","NAZWA_MSC":"Mogilany","odleglosc_m":176.2,"strefa":"50-200 m","warstwa":"adresy"},"geometry":{"type":"Point","coordinates":[19.907841,49.94551]}},{"type":"Feature","properties":{"NUMER_PORZ":"15C","KOD_POCZT":"32-031","NAZWA_ULC":"Skrzyszów","NAZWA_GMI":"Mogilany","NAZWA_MSC":"Mogilany","odleglosc_m":169.9,"strefa":"50-200 m","warstwa":"adresy"},"geometry":{"type":"Point","coordinates":[19.907848,49.945588]}},{"type":"Feature","properties":{"NUMER_PORZ":"3","KOD_POCZT":"32-031","NAZWA_ULC":"Ks. Józefa Mazurka","NAZWA_GMI":"Mogilany","NAZWA_MSC":"Mogilany","odleglosc_m":0.0,"strefa":"w śladzie","warstwa":"adresy"},"geometry":{"type":"Point","coordinates":[19.902468,49.944026]}},{"type":"Feature","properties":{"NUMER_PORZ":"5A","KOD_POCZT":"32-031","NAZWA_ULC":"Ks. Józefa Mazurka","NAZWA_GMI":"Mogilany","NAZWA_MSC":"Mogilany","odleglosc_m":0.0,"strefa":"w śladzie","warstwa":"adresy"},"geometry":{"type":"Point","coordinates":[19.902706,49.943696]}},{"type":"Feature","properties":{"NUMER_PORZ":"5B","KOD_POCZT":"32-031","NAZWA_ULC":"Ks. Józefa Mazurka","NAZWA_GMI":"Mogilany","NAZWA_MSC":"Mogilany","odleglosc_m":0.0,"strefa":"w śladzie","warstwa":"adresy"},"geometry":{"type":"Point","coordinates":[19.902581,49.943978]}},{"type":"Feature","properties":{"NUMER_PORZ":"66","KOD_POCZT":"32-031","NAZWA_ULC":"Konarska","NAZWA_GMI":"Mogilany","NAZWA_MSC":"Konary","odleglosc_m":176.2,"strefa":"50-200 m","warstwa":"adresy"},"geometry":{"type":"Point","coordinates":[19.913352,49.948661]}},{"type":"Feature","properties":{"NUMER_PORZ":"38C","KOD_POCZT":"32-031","NAZWA_ULC":"Łobzowska","NAZWA_GMI":"Mogilany","NAZWA_MSC":"Włosań","odleglosc_m":91.8,"strefa":"50-200 m","warstwa":"adresy"},"geometry":{"type":"Point","coordinates":[19.900874,49.929028]}},{"type":"Feature","properties":{"NUMER_PORZ":"38D","KOD_POCZT":"32-031","NAZWA_ULC":"Łobzowska","NAZWA_GMI":"Mogilany","NAZWA_MSC":"Włosań","odleglosc_m":101.6,"strefa":"50-200 m","warstwa":"adresy"},"geometry":{"type":"Point","coordinates":[19.901105,49.929117]}},{"type":"Feature","properties":{"NUMER_PORZ":"38E","KOD_POCZT":"32-031","NAZWA_ULC":"Łobzowska","NAZWA_GMI":"Mogilany","NAZWA_MSC":"Włosań","odleglosc_m":78.2,"strefa":"50-200 m","warstwa":"adresy"},"geometry":{"type":"Point","coordinates":[19.900888,49.929316]}},{"type":"Feature","properties":{"NUMER_PORZ":"38F","KOD_POCZT":"32-031","NAZWA_ULC":"Łobzowska","NAZWA_GMI":"Mogilany","NAZWA_MSC":"Włosań","odleglosc_m":65.7,"strefa":"50-200 m","warstwa":"adresy"},"geometry":{"type":"Point","coordinates":[19.90065,49.929251]}},{"type":"Feature","properties":{"NUMER_PORZ":"38G","KOD_POCZT":"32-031","NAZWA_ULC":"Łobzowska","NAZWA_GMI":"Mogilany","NAZWA_MSC":"Włosań","odleglosc_m":50.8,"strefa":"50-200 m","warstwa":"adresy"},"geometry":{"type":"Point","coordinates":[19.900321,49.929155]}},{"type":"Feature","properties":{"NUMER_PORZ":"175A","KOD_POCZT":"32-031","NAZWA_ULC":"Łobzowska","NAZWA_GMI":"Mogilany","NAZWA_MSC":"Włosań","odleglosc_m":52.7,"strefa":"50-200 m","warstwa":"adresy"},"geometry":{"type":"Point","coordinates":[19.883859,49.919321]}},{"type":"Feature","properties":{"NUMER_PORZ":"28A","KOD_POCZT":"32-031","NAZWA_ULC":"Łobzowska","NAZWA_GMI":"Mogilany","NAZWA_MSC":"Włosań","odleglosc_m":185.4,"strefa":"50-200 m","warstwa":"adresy"},"geometry":{"type":"Point","coordinates":[19.902607,49.929776]}},{"type":"Feature","properties":{"NUMER_PORZ":"25","KOD_POCZT":"32-031","NAZWA_ULC":"Św. Rity","NAZWA_GMI":"Mogilany","NAZWA_MSC":"Włosań","odleglosc_m":81.3,"strefa":"50-200 m","warstwa":"adresy"},"geometry":{"type":"Point","coordinates":[19.891381,49.925403]}},{"type":"Feature","properties":{"NUMER_PORZ":"9","KOD_POCZT":"32-031","NAZWA_ULC":"Św. Rity","NAZWA_GMI":"Mogilany","NAZWA_MSC":"Włosań","odleglosc_m":5.1,"strefa":"0-20 m","warstwa":"adresy"},"geometry":{"type":"Point","coordinates":[19.895623,49.926839]}},{"type":"Feature","properties":{"NUMER_PORZ":"12","KOD_POCZT":"32-031","NAZWA_ULC":"Św. Rity","NAZWA_GMI":"Mogilany","NAZWA_MSC":"Włosań","odleglosc_m":106.7,"strefa":"50-200 m","warstwa":"adresy"},"geometry":{"type":"Point","coordinates":[19.894877,49.927804]}},{"type":"Feature","properties":{"NUMER_PORZ":"25","KOD_POCZT":"32-031","NAZWA_ULC":"Świątnicka","NAZWA_GMI":"Mogilany","NAZWA_MSC":"Mogilany","odleglosc_m":173.2,"strefa":"50-200 m","warstwa":"adresy"},"geometry":{"type":"Point","coordinates":[19.898432,49.936715]}},{"type":"Feature","properties":{"NUMER_PORZ":"68","KOD_POCZT":"32-031","NAZWA_ULC":"Świątnicka","NAZWA_GMI":"Mogilany","NAZWA_MSC":"Mogilany","odleglosc_m":50.3,"strefa":"50-200 m","warstwa":"adresy"},"geometry":{"type":"Point","coordinates":[19.902004,49.936535]}},{"type":"Feature","properties":{"NUMER_PORZ":"72","KOD_POCZT":"32-031","NAZWA_ULC":"Świątnicka","NAZWA_GMI":"Mogilany","NAZWA_MSC":"Mogilany","odleglosc_m":127.3,"strefa":"50-200 m","warstwa":"adresy"},"geometry":{"type":"Point","coordinates":[19.903072,49.936441]}},{"type":"Feature","properties":{"NUMER_PORZ":"44","KOD_POCZT":"32-031","NAZWA_ULC":"Świątnicka","NAZWA_GMI":"Mogilany","NAZWA_MSC":"Mogilany","odleglosc_m":106.0,"strefa":"50-200 m","warstwa":"adresy"},"geometry":{"type":"Point","coordinates":[19.899325,49.936113]}},{"type":"Feature","properties":{"NUMER_PORZ":"48","KOD_POCZT":"32-031","NAZWA_ULC":"Świątnicka","NAZWA_GMI":"Mogilany","NAZWA_MSC":"Mogilany","odleglosc_m":81.4,"strefa":"50-200 m","warstwa":"adresy"},"geometry":{"type":"Point","coordinates":[19.899672,49.936162]}},{"type":"Feature","properties":{"NUMER_PORZ":"29","KOD_POCZT":"32-031","NAZWA_ULC":"Świątnicka","NAZWA_GMI":"Mogilany","NAZWA_MSC":"Mogilany","odleglosc_m":195.4,"strefa":"50-200 m","warstwa":"adresy"},"geometry":{"type":"Point","coordinates":[19.898147,49.937047]}},{"type":"Feature","properties":{"NUMER_PORZ":"55","KOD_POCZT":"32-031","NAZWA_ULC":"Świątnicka","NAZWA_GMI":"Mogilany","NAZWA_MSC":"Mogilany","odleglosc_m":143.1,"strefa":"50-200 m","warstwa":"adresy"},"geometry":{"type":"Point","coordinates":[19.903325,49.936873]}},{"type":"Feature","properties":{"NUMER_PORZ":"110A","KOD_POCZT":"32-031","NAZWA_ULC":"Łobzowska","NAZWA_GMI":"Mogilany","NAZWA_MSC":"Włosań","odleglosc_m":130.3,"strefa":"50-200 m","warstwa":"adresy"},"geometry":{"type":"Point","coordinates":[19.883891,49.922113]}},{"type":"Feature","properties":{"NUMER_PORZ":"57","KOD_POCZT":"32-031","NAZWA_ULC":"Świątnicka","NAZWA_GMI":"Mogilany","NAZWA_MSC":"Mogilany","odleglosc_m":172.1,"strefa":"50-200 m","warstwa":"adresy"},"geometry":{"type":"Point","coordinates":[19.903729,49.936879]}},{"type":"Feature","properties":{"NUMER_PORZ":"57A","KOD_POCZT":"32-031","NAZWA_ULC":"Świątnicka","NAZWA_GMI":"Mogilany","NAZWA_MSC":"Mogilany","odleglosc_m":170.2,"strefa":"50-200 m","warstwa":"adresy"},"geometry":{"type":"Point","coordinates":[19.903712,49.936995]}},{"type":"Feature","properties":{"NUMER_PORZ":"57B","KOD_POCZT":"32-031","NAZWA_ULC":"Świątnicka","NAZWA_GMI":"Mogilany","NAZWA_MSC":"Mogilany","odleglosc_m":188.6,"strefa":"50-200 m","warstwa":"adresy"},"geometry":{"type":"Point","coordinates":[19.903961,49.936887]}},{"type":"Feature","properties":{"NUMER_PORZ":"57C","KOD_POCZT":"32-031","NAZWA_ULC":"Świątnicka","NAZWA_GMI":"Mogilany","NAZWA_MSC":"Mogilany","odleglosc_m":186.6,"strefa":"50-200 m","warstwa":"adresy"},"geometry":{"type":"Point","coordinates":[19.903941,49.937007]}},{"type":"Feature","properties":{"NUMER_PORZ":"57D","KOD_POCZT":"32-031","NAZWA_ULC":"Świątnicka","NAZWA_GMI":"Mogilany","NAZWA_MSC":"Mogilany","odleglosc_m":163.9,"strefa":"50-200 m","warstwa":"adresy"},"geometry":{"type":"Point","coordinates":[19.90364,49.937206]}},{"type":"Feature","properties":{"NUMER_PORZ":"57E","KOD_POCZT":"32-031","NAZWA_ULC":"Świątnicka","NAZWA_GMI":"Mogilany","NAZWA_MSC":"Mogilany","odleglosc_m":157.7,"strefa":"50-200 m","warstwa":"adresy"},"geometry":{"type":"Point","coordinates":[19.903567,49.937407]}},{"type":"Feature","properties":{"NUMER_PORZ":"57F","KOD_POCZT":"32-031","NAZWA_ULC":"Świątnicka","NAZWA_GMI":"Mogilany","NAZWA_MSC":"Mogilany","odleglosc_m":180.2,"strefa":"50-200 m","warstwa":"adresy"},"geometry":{"type":"Point","coordinates":[19.903869,49.937236]}},{"type":"Feature","properties":{"NUMER_PORZ":"57G","KOD_POCZT":"32-031","NAZWA_ULC":"Świątnicka","NAZWA_GMI":"Mogilany","NAZWA_MSC":"Mogilany","odleglosc_m":172.0,"strefa":"50-200 m","warstwa":"adresy"},"geometry":{"type":"Point","coordinates":[19.903769,49.93743]}},{"type":"Feature","properties":{"NUMER_PORZ":"3","KOD_POCZT":"32-031","NAZWA_ULC":"Cegielniana","NAZWA_GMI":"Mogilany","NAZWA_MSC":"Mogilany","odleglosc_m":197.4,"strefa":"50-200 m","warstwa":"adresy"},"geometry":{"type":"Point","coordinates":[19.897957,49.93509]}},{"type":"Feature","properties":{"NUMER_PORZ":"4","KOD_POCZT":"32-031","NAZWA_ULC":"Górska","NAZWA_GMI":"Mogilany","NAZWA_MSC":"Mogilany","odleglosc_m":141.6,"strefa":"50-200 m","warstwa":"adresy"},"geometry":{"type":"Point","coordinates":[19.90319,49.93544]}},{"type":"Feature","properties":{"NUMER_PORZ":"3","KOD_POCZT":"32-031","NAZWA_ULC":"Górska","NAZWA_GMI":"Mogilany","NAZWA_MSC":"Mogilany","odleglosc_m":168.0,"strefa":"50-200 m","warstwa":"adresy"},"geometry":{"type":"Point","coordinates":[19.903557,49.935439]}},{"type":"Feature","properties":{"NUMER_PORZ":"1","KOD_POCZT":"32-031","NAZWA_ULC":"Górska","NAZWA_GMI":"Mogilany","NAZWA_MSC":"Mogilany","odleglosc_m":167.0,"strefa":"50-200 m","warstwa":"adresy"},"geometry":{"type":"Point","coordinates":[19.903592,49.935987]}},{"type":"Feature","properties":{"NUMER_PORZ":"24","KOD_POCZT":"32-031","NAZWA_ULC":"Św. Antoniego","NAZWA_GMI":"Mogilany","NAZWA_MSC":"Włosań","odleglosc_m":54.2,"strefa":"50-200 m","warstwa":"adresy"},"geometry":{"type":"Point","coordinates":[19.893955,49.924311]}},{"type":"Feature","properties":{"NUMER_PORZ":"25","KOD_POCZT":"32-031","NAZWA_ULC":"Św. Antoniego","NAZWA_GMI":"Mogilany","NAZWA_MSC":"Włosań","odleglosc_m":164.2,"strefa":"50-200 m","warstwa":"adresy"},"geometry":{"type":"Point","coordinates":[19.894221,49.923098]}},{"type":"Feature","properties":{"NUMER_PORZ":"140","KOD_POCZT":"32-031","NAZWA_ULC":"Brzegi","NAZWA_GMI":"Mogilany","NAZWA_MSC":"Lusina","odleglosc_m":194.2,"strefa":"50-200 m","warstwa":"adresy"},"geometry":{"type":"Point","coordinates":[19.928287,49.95839]}},{"type":"Feature","properties":{"NUMER_PORZ":"54","KOD_POCZT":"32-031","NAZWA_ULC":"Brzegi","NAZWA_GMI":"Mogilany","NAZWA_MSC":"Lusina","odleglosc_m":148.7,"strefa":"50-200 m","warstwa":"adresy"},"geometry":{"type":"Point","coordinates":[19.934187,49.968811]}},{"type":"Feature","properties":{"NUMER_PORZ":"56","KOD_POCZT":"32-031","NAZWA_ULC":"Brzegi","NAZWA_GMI":"Mogilany","NAZWA_MSC":"Lusina","odleglosc_m":103.8,"strefa":"50-200 m","warstwa":"adresy"},"geometry":{"type":"Point","coordinates":[19.934713,49.968591]}},{"type":"Feature","properties":{"NUMER_PORZ":"50","KOD_POCZT":"32-031","NAZWA_ULC":"Brzegi","NAZWA_GMI":"Mogilany","NAZWA_MSC":"Lusina","odleglosc_m":27.8,"strefa":"20-30 m","warstwa":"adresy"},"geometry":{"type":"Point","coordinates":[19.936222,49.968676]}},{"type":"Feature","properties":{"NUMER_PORZ":"60","KOD_POCZT":"32-031","NAZWA_ULC":"Brzegi","NAZWA_GMI":"Mogilany","NAZWA_MSC":"Lusina","odleglosc_m":0.0,"strefa":"w śladzie","warstwa":"adresy"},"geometry":{"type":"Point","coordinates":[19.936621,49.968192]}},{"type":"Feature","properties":{"NUMER_PORZ":"66","KOD_POCZT":"32-031","NAZWA_ULC":"Brzegi","NAZWA_GMI":"Mogilany","NAZWA_MSC":"Lusina","odleglosc_m":90.4,"strefa":"50-200 m","warstwa":"adresy"},"geometry":{"type":"Point","coordinates":[19.936655,49.966363]}},{"type":"Feature","properties":{"NUMER_PORZ":"68","KOD_POCZT":"32-031","NAZWA_ULC":"Brzegi","NAZWA_GMI":"Mogilany","NAZWA_MSC":"Lusina","odleglosc_m":86.2,"strefa":"50-200 m","warstwa":"adresy"},"geometry":{"type":"Point","coordinates":[19.936384,49.966245]}},{"type":"Feature","properties":{"NUMER_PORZ":"57M","KOD_POCZT":"32-031","NAZWA_ULC":"Świątnicka","NAZWA_GMI":"Mogilany","NAZWA_MSC":"Mogilany","odleglosc_m":196.6,"strefa":"50-200 m","warstwa":"adresy"},"geometry":{"type":"Point","coordinates":[19.904111,49.937409]}},{"type":"Feature","properties":{"NUMER_PORZ":"57N","KOD_POCZT":"32-031","NAZWA_ULC":"Świątnicka","NAZWA_GMI":"Mogilany","NAZWA_MSC":"Mogilany","odleglosc_m":193.1,"strefa":"50-200 m","warstwa":"adresy"},"geometry":{"type":"Point","coordinates":[19.904069,49.937504]}},{"type":"Feature","properties":{"NUMER_PORZ":"55A","KOD_POCZT":"32-031","NAZWA_ULC":"Świątnicka","NAZWA_GMI":"Mogilany","NAZWA_MSC":"Mogilany","odleglosc_m":140.3,"strefa":"50-200 m","warstwa":"adresy"},"geometry":{"type":"Point","coordinates":[19.903294,49.936982]}},{"type":"Feature","properties":{"NUMER_PORZ":"55B","KOD_POCZT":"32-031","NAZWA_ULC":"Świątnicka","NAZWA_GMI":"Mogilany","NAZWA_MSC":"Mogilany","odleglosc_m":134.0,"strefa":"50-200 m","warstwa":"adresy"},"geometry":{"type":"Point","coordinates":[19.903214,49.937095]}},{"type":"Feature","properties":{"NUMER_PORZ":"55C","KOD_POCZT":"32-031","NAZWA_ULC":"Świątnicka","NAZWA_GMI":"Mogilany","NAZWA_MSC":"Mogilany","odleglosc_m":134.8,"strefa":"50-200 m","warstwa":"adresy"},"geometry":{"type":"Point","coordinates":[19.903233,49.937193]}},{"type":"Feature","properties":{"NUMER_PORZ":"55D","KOD_POCZT":"32-031","NAZWA_ULC":"Świątnicka","NAZWA_GMI":"Mogilany","NAZWA_MSC":"Mogilany","odleglosc_m":128.9,"strefa":"50-200 m","warstwa":"adresy"},"geometry":{"type":"Point","coordinates":[19.903158,49.937299]}},{"type":"Feature","properties":{"NUMER_PORZ":"55E","KOD_POCZT":"32-031","NAZWA_ULC":"Świątnicka","NAZWA_GMI":"Mogilany","NAZWA_MSC":"Mogilany","odleglosc_m":130.7,"strefa":"50-200 m","warstwa":"adresy"},"geometry":{"type":"Point","coordinates":[19.90319,49.937387]}},{"type":"Feature","properties":{"NUMER_PORZ":"25A","KOD_POCZT":"32-031","NAZWA_ULC":"Św. Antoniego","NAZWA_GMI":"Mogilany","NAZWA_MSC":"Włosań","odleglosc_m":189.4,"strefa":"50-200 m","warstwa":"adresy"},"geometry":{"type":"Point","coordinates":[19.894336,49.922862]}},{"type":"Feature","properties":{"NUMER_PORZ":"44","KOD_POCZT":"32-031","NAZWA_ULC":"Brzegi","NAZWA_GMI":"Mogilany","NAZWA_MSC":"Lusina","odleglosc_m":186.0,"strefa":"50-200 m","warstwa":"adresy"},"geometry":{"type":"Point","coordinates":[19.934944,49.969854]}},{"type":"Feature","properties":{"NUMER_PORZ":"45","KOD_POCZT":"32-031","NAZWA_ULC":"Brzegi","NAZWA_GMI":"Mogilany","NAZWA_MSC":"Lusina","odleglosc_m":80.5,"strefa":"50-200 m","warstwa":"adresy"},"geometry":{"type":"Point","coordinates":[19.936422,49.969414]}},{"type":"Feature","properties":{"NUMER_PORZ":"21","KOD_POCZT":"32-031","NAZWA_ULC":"Kwiatowa","NAZWA_GMI":"Mogilany","NAZWA_MSC":"Lusina","odleglosc_m":146.8,"strefa":"50-200 m","warstwa":"adresy"},"geometry":{"type":"Point","coordinates":[19.922711,49.959452]}},{"type":"Feature","properties":{"NUMER_PORZ":"84","KOD_POCZT":"32-031","NAZWA_ULC":"Brzegi","NAZWA_GMI":"Mogilany","NAZWA_MSC":"Lusina","odleglosc_m":135.2,"strefa":"50-200 m","warstwa":"adresy"},"geometry":{"type":"Point","coordinates":[19.934943,49.964419]}},{"type":"Feature","properties":{"NUMER_PORZ":"80","KOD_POCZT":"32-031","NAZWA_ULC":"Brzegi","NAZWA_GMI":"Mogilany","NAZWA_MSC":"Lusina","odleglosc_m":136.0,"strefa":"50-200 m","warstwa":"adresy"},"geometry":{"type":"Point","coordinates":[19.935438,49.964874]}},{"type":"Feature","properties":{"NUMER_PORZ":"74","KOD_POCZT":"32-031","NAZWA_ULC":"Brzegi","NAZWA_GMI":"Mogilany","NAZWA_MSC":"Lusina","odleglosc_m":122.9,"strefa":"50-200 m","warstwa":"adresy"},"geometry":{"type":"Point","coordinates":[19.935657,49.965335]}},{"type":"Feature","properties":{"NUMER_PORZ":"72","KOD_POCZT":"32-031","NAZWA_ULC":"Brzegi","NAZWA_GMI":"Mogilany","NAZWA_MSC":"Lusina","odleglosc_m":123.5,"strefa":"50-200 m","warstwa":"adresy"},"geometry":{"type":"Point","coordinates":[19.935985,49.965568]}},{"type":"Feature","properties":{"NUMER_PORZ":"90","KOD_POCZT":"32-031","NAZWA_ULC":"Brzegi","NAZWA_GMI":"Mogilany","NAZWA_MSC":"Lusina","odleglosc_m":86.8,"strefa":"50-200 m","warstwa":"adresy"},"geometry":{"type":"Point","coordinates":[19.933887,49.964243]}},{"type":"Feature","properties":{"NUMER_PORZ":"88","KOD_POCZT":"32-031","NAZWA_ULC":"Brzegi","NAZWA_GMI":"Mogilany","NAZWA_MSC":"Lusina","odleglosc_m":132.5,"strefa":"50-200 m","warstwa":"adresy"},"geometry":{"type":"Point","coordinates":[19.934643,49.964175]}},{"type":"Feature","properties":{"NUMER_PORZ":"9","KOD_POCZT":"32-031","NAZWA_ULC":"Leśna","NAZWA_GMI":"Mogilany","NAZWA_MSC":"Mogilany","odleglosc_m":111.9,"strefa":"50-200 m","warstwa":"adresy"},"geometry":{"type":"Point","coordinates":[19.902739,49.935043]}},{"type":"Feature","properties":{"NUMER_PORZ":"4","KOD_POCZT":"32-031","NAZWA_ULC":"Leśna","NAZWA_GMI":"Mogilany","NAZWA_MSC":"Mogilany","odleglosc_m":53.9,"strefa":"50-200 m","warstwa":"adresy"},"geometry":{"type":"Point","coordinates":[19.902002,49.935853]}},{"type":"Feature","properties":{"NUMER_PORZ":"11","KOD_POCZT":"32-031","NAZWA_ULC":"Leśna","NAZWA_GMI":"Mogilany","NAZWA_MSC":"Mogilany","odleglosc_m":88.4,"strefa":"50-200 m","warstwa":"adresy"},"geometry":{"type":"Point","coordinates":[19.902402,49.934956]}},{"type":"Feature","properties":{"NUMER_PORZ":"12","KOD_POCZT":"32-031","NAZWA_ULC":"Kwiatowa","NAZWA_GMI":"Mogilany","NAZWA_MSC":"Lusina","odleglosc_m":196.3,"strefa":"50-200 m","warstwa":"adresy"},"geometry":{"type":"Point","coordinates":[19.92195,49.959548]}},{"type":"Feature","properties":{"NUMER_PORZ":"16","KOD_POCZT":"32-031","NAZWA_ULC":"Kwiatowa","NAZWA_GMI":"Mogilany","NAZWA_MSC":"Lusina","odleglosc_m":171.5,"strefa":"50-200 m","warstwa":"adresy"},"geometry":{"type":"Point","coordinates":[19.921739,49.959002]}},{"type":"Feature","properties":{"NUMER_PORZ":"14","KOD_POCZT":"32-031","NAZWA_ULC":"Kwiatowa","NAZWA_GMI":"Mogilany","NAZWA_MSC":"Lusina","odleglosc_m":135.4,"strefa":"50-200 m","warstwa":"adresy"},"geometry":{"type":"Point","coordinates":[19.922547,49.959148]}},{"type":"Feature","properties":{"NUMER_PORZ":"48","KOD_POCZT":"32-031","NAZWA_ULC":"Kwiatowa","NAZWA_GMI":"Mogilany","NAZWA_MSC":"Lusina","odleglosc_m":93.9,"strefa":"50-200 m","warstwa":"adresy"},"geometry":{"type":"Point","coordinates":[19.922465,49.954696]}},{"type":"Feature","properties":{"NUMER_PORZ":"59","KOD_POCZT":"32-031","NAZWA_ULC":"Kwiatowa","NAZWA_GMI":"Mogilany","NAZWA_MSC":"Lusina","odleglosc_m":193.6,"strefa":"50-200 m","warstwa":"adresy"},"geometry":{"type":"Point","coordinates":[19.92365,49.954196]}},{"type":"Feature","properties":{"NUMER_PORZ":"16","KOD_POCZT":"32-031","NAZWA_ULC":"Leśników","NAZWA_GMI":"Mogilany","NAZWA_MSC":"Włosań","odleglosc_m":190.1,"strefa":"50-200 m","warstwa":"adresy"},"geometry":{"type":"Point","coordinates":[19.897352,49.924403]}},{"type":"Feature","properties":{"NUMER_PORZ":"14","KOD_POCZT":"32-031","NAZWA_ULC":"Leśników","NAZWA_GMI":"Mogilany","NAZWA_MSC":"Włosań","odleglosc_m":183.1,"strefa":"50-200 m","warstwa":"adresy"},"geometry":{"type":"Point","coordinates":[19.897199,49.924378]}},{"type":"Feature","properties":{"NUMER_PORZ":"11","KOD_POCZT":"32-031","NAZWA_ULC":"Leśników","NAZWA_GMI":"Mogilany","NAZWA_MSC":"Włosań","odleglosc_m":125.4,"strefa":"50-200 m","warstwa":"adresy"},"geometry":{"type":"Point","coordinates":[19.896639,49.92476]}},{"type":"Feature","properties":{"NUMER_PORZ":"86","KOD_POCZT":"32-031","NAZWA_ULC":"Brzegi","NAZWA_GMI":"Mogilany","NAZWA_MSC":"Lusina","odleglosc_m":133.2,"strefa":"50-200 m","warstwa":"adresy"},"geometry":{"type":"Point","coordinates":[19.934727,49.964239]}},{"type":"Feature","properties":{"NUMER_PORZ":"124","KOD_POCZT":"32-031","NAZWA_ULC":"Brzegi","NAZWA_GMI":"Mogilany","NAZWA_MSC":"Lusina","odleglosc_m":198.2,"strefa":"50-200 m","warstwa":"adresy"},"geometry":{"type":"Point","coordinates":[19.929789,49.959864]}},{"type":"Feature","properties":{"NUMER_PORZ":"126","KOD_POCZT":"32-031","NAZWA_ULC":"Brzegi","NAZWA_GMI":"Mogilany","NAZWA_MSC":"Lusina","odleglosc_m":195.0,"strefa":"50-200 m","warstwa":"adresy"},"geometry":{"type":"Point","coordinates":[19.929501,49.959627]}},{"type":"Feature","properties":{"NUMER_PORZ":"128","KOD_POCZT":"32-031","NAZWA_ULC":"Brzegi","NAZWA_GMI":"Mogilany","NAZWA_MSC":"Lusina","odleglosc_m":186.8,"strefa":"50-200 m","warstwa":"adresy"},"geometry":{"type":"Point","coordinates":[19.929241,49.959437]}},{"type":"Feature","properties":{"NUMER_PORZ":"15","KOD_POCZT":"32-031","NAZWA_ULC":"Markoszów","NAZWA_GMI":"Mogilany","NAZWA_MSC":"Mogilany","odleglosc_m":129.6,"strefa":"50-200 m","warstwa":"adresy"},"geometry":{"type":"Point","coordinates":[19.902915,49.932829]}},{"type":"Feature","properties":{"NUMER_PORZ":"14","KOD_POCZT":"32-031","NAZWA_ULC":"Markoszów","NAZWA_GMI":"Mogilany","NAZWA_MSC":"Mogilany","odleglosc_m":181.5,"strefa":"50-200 m","warstwa":"adresy"},"geometry":{"type":"Point","coordinates":[19.903774,49.933606]}},{"type":"Feature","properties":{"NUMER_PORZ":"26","KOD_POCZT":"32-031","NAZWA_ULC":"Markoszów","NAZWA_GMI":"Mogilany","NAZWA_MSC":"Mogilany","odleglosc_m":93.7,"strefa":"50-200 m","warstwa":"adresy"},"geometry":{"type":"Point","coordinates":[19.902382,49.933137]}},{"type":"Feature","properties":{"NUMER_PORZ":"3","KOD_POCZT":"32-031","NAZWA_ULC":"Leśna","NAZWA_GMI":"Mogilany","NAZWA_MSC":"Mogilany","odleglosc_m":82.2,"strefa":"50-200 m","warstwa":"adresy"},"geometry":{"type":"Point","coordinates":[19.902373,49.935583]}},{"type":"Feature","properties":{"NUMER_PORZ":"1","KOD_POCZT":"32-031","NAZWA_ULC":"Leśna","NAZWA_GMI":"Mogilany","NAZWA_MSC":"Mogilany","odleglosc_m":84.7,"strefa":"50-200 m","warstwa":"adresy"},"geometry":{"type":"Point","coordinates":[19.902448,49.936048]}},{"type":"Feature","properties":{"NUMER_PORZ":"5","KOD_POCZT":"32-031","NAZWA_ULC":"Leśna","NAZWA_GMI":"Mogilany","NAZWA_MSC":"Mogilany","odleglosc_m":107.6,"strefa":"50-200 m","warstwa":"adresy"},"geometry":{"type":"Point","coordinates":[19.902713,49.935426]}},{"type":"Feature","properties":{"NUMER_PORZ":"1A","KOD_POCZT":"32-031","NAZWA_ULC":"Leśna","NAZWA_GMI":"Mogilany","NAZWA_MSC":"Mogilany","odleglosc_m":83.5,"strefa":"50-200 m","warstwa":"adresy"},"geometry":{"type":"Point","coordinates":[19.902458,49.936414]}},{"type":"Feature","properties":{"NUMER_PORZ":"7","KOD_POCZT":"32-031","NAZWA_ULC":"Leśna","NAZWA_GMI":"Mogilany","NAZWA_MSC":"Mogilany","odleglosc_m":109.3,"strefa":"50-200 m","warstwa":"adresy"},"geometry":{"type":"Point","coordinates":[19.902762,49.935698]}},{"type":"Feature","properties":{"NUMER_PORZ":"54","KOD_POCZT":"32-031","NAZWA_ULC":"Kwiatowa","NAZWA_GMI":"Mogilany","NAZWA_MSC":"Lusina","odleglosc_m":157.5,"strefa":"50-200 m","warstwa":"adresy"},"geometry":{"type":"Point","coordinates":[19.922785,49.954138]}},{"type":"Feature","properties":{"NUMER_PORZ":"27","KOD_POCZT":"32-031","NAZWA_ULC":"Kwiatowa","NAZWA_GMI":"Mogilany","NAZWA_MSC":"Lusina","odleglosc_m":0.0,"strefa":"w śladzie","warstwa":"adresy"},"geometry":{"type":"Point","coordinates":[19.924182,49.957574]}},{"type":"Feature","properties":{"NUMER_PORZ":"18","KOD_POCZT":"32-031","NAZWA_ULC":"Kwiatowa","NAZWA_GMI":"Mogilany","NAZWA_MSC":"Lusina","odleglosc_m":87.3,"strefa":"50-200 m","warstwa":"adresy"},"geometry":{"type":"Point","coordinates":[19.92258,49.958472]}},{"type":"Feature","properties":{"NUMER_PORZ":"22","KOD_POCZT":"32-031","NAZWA_ULC":"Kwiatowa","NAZWA_GMI":"Mogilany","NAZWA_MSC":"Lusina","odleglosc_m":97.6,"strefa":"50-200 m","warstwa":"adresy"},"geometry":{"type":"Point","coordinates":[19.921786,49.957818]}},{"type":"Feature","properties":{"NUMER_PORZ":"24","KOD_POCZT":"32-031","NAZWA_ULC":"Kwiatowa","NAZWA_GMI":"Mogilany","NAZWA_MSC":"Lusina","odleglosc_m":99.5,"strefa":"50-200 m","warstwa":"adresy"},"geometry":{"type":"Point","coordinates":[19.921708,49.957751]}},{"type":"Feature","properties":{"NUMER_PORZ":"20","KOD_POCZT":"32-031","NAZWA_ULC":"Kwiatowa","NAZWA_GMI":"Mogilany","NAZWA_MSC":"Lusina","odleglosc_m":144.9,"strefa":"50-200 m","warstwa":"adresy"},"geometry":{"type":"Point","coordinates":[19.921336,49.958191]}},{"type":"Feature","properties":{"NUMER_PORZ":"11","KOD_POCZT":"32-031","NAZWA_ULC":"Kwiatowa","NAZWA_GMI":"Mogilany","NAZWA_MSC":"Lusina","odleglosc_m":155.9,"strefa":"50-200 m","warstwa":"adresy"},"geometry":{"type":"Point","coordinates":[19.923825,49.960601]}},{"type":"Feature","properties":{"NUMER_PORZ":"41","KOD_POCZT":"32-031","NAZWA_ULC":"Kwiatowa","NAZWA_GMI":"Mogilany","NAZWA_MSC":"Lusina","odleglosc_m":113.8,"strefa":"50-200 m","warstwa":"adresy"},"geometry":{"type":"Point","coordinates":[19.923449,49.955259]}},{"type":"Feature","properties":{"NUMER_PORZ":"132","KOD_POCZT":"32-031","NAZWA_ULC":"Brzegi","NAZWA_GMI":"Mogilany","NAZWA_MSC":"Lusina","odleglosc_m":182.6,"strefa":"50-200 m","warstwa":"adresy"},"geometry":{"type":"Point","coordinates":[19.928894,49.9591]}},{"type":"Feature","properties":{"NUMER_PORZ":"134","KOD_POCZT":"32-031","NAZWA_ULC":"Brzegi","NAZWA_GMI":"Mogilany","NAZWA_MSC":"Lusina","odleglosc_m":149.8,"strefa":"50-200 m","warstwa":"adresy"},"geometry":{"type":"Point","coordinates":[19.928474,49.959223]}},{"type":"Feature","properties":{"NUMER_PORZ":"52","KOD_POCZT":"32-031","NAZWA_ULC":"Brzegi","NAZWA_GMI":"Mogilany","NAZWA_MSC":"Lusina","odleglosc_m":63.8,"strefa":"50-200 m","warstwa":"adresy"},"geometry":{"type":"Point","coordinates":[19.935639,49.968762]}},{"type":"Feature","properties":{"NUMER_PORZ":"78","KOD_POCZT":"32-031","NAZWA_ULC":"Brzegi","NAZWA_GMI":"Mogilany","NAZWA_MSC":"Lusina","odleglosc_m":102.8,"strefa":"50-200 m","warstwa":"adresy"},"geometry":{"type":"Point","coordinates":[19.935164,49.965184]}},{"type":"Feature","properties":{"NUMER_PORZ":"20","KOD_POCZT":"32-031","NAZWA_ULC":"Markoszów","NAZWA_GMI":"Mogilany","NAZWA_MSC":"Mogilany","odleglosc_m":111.8,"strefa":"50-200 m","warstwa":"adresy"},"geometry":{"type":"Point","coordinates":[19.902635,49.933145]}},{"type":"Feature","properties":{"NUMER_PORZ":"24","KOD_POCZT":"32-031","NAZWA_ULC":"Markoszów","NAZWA_GMI":"Mogilany","NAZWA_MSC":"Mogilany","odleglosc_m":92.9,"strefa":"50-200 m","warstwa":"adresy"},"geometry":{"type":"Point","coordinates":[19.902363,49.933313]}},{"type":"Feature","properties":{"NUMER_PORZ":"21","KOD_POCZT":"32-031","NAZWA_ULC":"Markoszów","NAZWA_GMI":"Mogilany","NAZWA_MSC":"Mogilany","odleglosc_m":49.8,"strefa":"30-50 m","warstwa":"adresy"},"geometry":{"type":"Point","coordinates":[19.901784,49.932774]}},{"type":"Feature","properties":{"NUMER_PORZ":"18","KOD_POCZT":"32-031","NAZWA_ULC":"Markoszów","NAZWA_GMI":"Mogilany","NAZWA_MSC":"Mogilany","odleglosc_m":162.0,"strefa":"50-200 m","warstwa":"adresy"},"geometry":{"type":"Point","coordinates":[19.903422,49.933427]}},{"type":"Feature","properties":{"NUMER_PORZ":"28","KOD_POCZT":"32-031","NAZWA_ULC":"Markoszów","NAZWA_GMI":"Mogilany","NAZWA_MSC":"Mogilany","odleglosc_m":55.8,"strefa":"50-200 m","warstwa":"adresy"},"geometry":{"type":"Point","coordinates":[19.901853,49.93326]}},{"type":"Feature","properties":{"NUMER_PORZ":"27A","KOD_POCZT":"32-031","NAZWA_ULC":"Kwiatowa","NAZWA_GMI":"Mogilany","NAZWA_MSC":"Lusina","odleglosc_m":0.0,"strefa":"w śladzie","warstwa":"adresy"},"geometry":{"type":"Point","coordinates":[19.924394,49.957544]}},{"type":"Feature","properties":{"NUMER_PORZ":"7","KOD_POCZT":"32-031","NAZWA_ULC":"Krótka","NAZWA_GMI":"Mogilany","NAZWA_MSC":"Lusina","odleglosc_m":85.4,"strefa":"50-200 m","warstwa":"adresy"},"geometry":{"type":"Point","coordinates":[19.929081,49.961002]}},{"type":"Feature","properties":{"NUMER_PORZ":"14","KOD_POCZT":"32-031","NAZWA_ULC":"Krótka","NAZWA_GMI":"Mogilany","NAZWA_MSC":"Lusina","odleglosc_m":93.8,"strefa":"50-200 m","warstwa":"adresy"},"geometry":{"type":"Point","coordinates":[19.931003,49.962311]}},{"type":"Feature","properties":{"NUMER_PORZ":"1","KOD_POCZT":"32-031","NAZWA_ULC":"Firmowa","NAZWA_GMI":"Mogilany","NAZWA_MSC":"Włosań","odleglosc_m":11.4,"strefa":"0-20 m","warstwa":"adresy"},"geometry":{"type":"Point","coordinates":[19.881739,49.918729]}},{"type":"Feature","properties":{"NUMER_PORZ":"2","KOD_POCZT":"32-031","NAZWA_ULC":"Firmowa","NAZWA_GMI":"Mogilany","NAZWA_MSC":"Włosań","odleglosc_m":51.4,"strefa":"50-200 m","warstwa":"adresy"},"geometry":{"type":"Point","coordinates":[19.882084,49.918446]}},{"type":"Feature","properties":{"NUMER_PORZ":"32","KOD_POCZT":"32-031","NAZWA_ULC":"Łobzowska","NAZWA_GMI":"Mogilany","NAZWA_MSC":"Włosań","odleglosc_m":145.5,"strefa":"50-200 m","warstwa":"adresy"},"geometry":{"type":"Point","coordinates":[19.901289,49.928549]}},{"type":"Feature","properties":{"NUMER_PORZ":"44","KOD_POCZT":"32-031","NAZWA_ULC":"Łobzowska","NAZWA_GMI":"Mogilany","NAZWA_MSC":"Włosań","odleglosc_m":142.5,"strefa":"50-200 m","warstwa":"adresy"},"geometry":{"type":"Point","coordinates":[19.899459,49.926733]}},{"type":"Feature","properties":{"NUMER_PORZ":"92","KOD_POCZT":"32-031","NAZWA_ULC":"Brzegi","NAZWA_GMI":"Mogilany","NAZWA_MSC":"Lusina","odleglosc_m":136.5,"strefa":"50-200 m","warstwa":"adresy"},"geometry":{"type":"Point","coordinates":[19.934371,49.963922]}},{"type":"Feature","properties":{"NUMER_PORZ":"96","KOD_POCZT":"32-031","NAZWA_ULC":"Brzegi","NAZWA_GMI":"Mogilany","NAZWA_MSC":"Lusina","odleglosc_m":81.6,"strefa":"50-200 m","warstwa":"adresy"},"geometry":{"type":"Point","coordinates":[19.933407,49.963918]}},{"type":"Feature","properties":{"NUMER_PORZ":"53","KOD_POCZT":"32-031","NAZWA_ULC":"Brzegi","NAZWA_GMI":"Mogilany","NAZWA_MSC":"Lusina","odleglosc_m":31.4,"strefa":"30-50 m","warstwa":"adresy"},"geometry":{"type":"Point","coordinates":[19.937931,49.967838]}},{"type":"Feature","properties":{"NUMER_PORZ":"57","KOD_POCZT":"32-031","NAZWA_ULC":"Brzegi","NAZWA_GMI":"Mogilany","NAZWA_MSC":"Lusina","odleglosc_m":49.8,"strefa":"30-50 m","warstwa":"adresy"},"geometry":{"type":"Point","coordinates":[19.938007,49.967638]}},{"type":"Feature","properties":{"NUMER_PORZ":"61","KOD_POCZT":"32-031","NAZWA_ULC":"Brzegi","NAZWA_GMI":"Mogilany","NAZWA_MSC":"Lusina","odleglosc_m":40.6,"strefa":"30-50 m","warstwa":"adresy"},"geometry":{"type":"Point","coordinates":[19.937537,49.967466]}},{"type":"Feature","properties":{"NUMER_PORZ":"63","KOD_POCZT":"32-031","NAZWA_ULC":"Brzegi","NAZWA_GMI":"Mogilany","NAZWA_MSC":"Lusina","odleglosc_m":75.6,"strefa":"50-200 m","warstwa":"adresy"},"geometry":{"type":"Point","coordinates":[19.937588,49.967084]}},{"type":"Feature","properties":{"NUMER_PORZ":"82","KOD_POCZT":"32-031","NAZWA_ULC":"Brzegi","NAZWA_GMI":"Mogilany","NAZWA_MSC":"Lusina","odleglosc_m":147.1,"strefa":"50-200 m","warstwa":"adresy"},"geometry":{"type":"Point","coordinates":[19.935261,49.964513]}},{"type":"Feature","properties":{"NUMER_PORZ":"12","KOD_POCZT":"32-031","NAZWA_ULC":"Krótka","NAZWA_GMI":"Mogilany","NAZWA_MSC":"Lusina","odleglosc_m":125.9,"strefa":"50-200 m","warstwa":"adresy"},"geometry":{"type":"Point","coordinates":[19.930992,49.9619]}},{"type":"Feature","properties":{"NUMER_PORZ":"9","KOD_POCZT":"32-031","NAZWA_ULC":"Krótka","NAZWA_GMI":"Mogilany","NAZWA_MSC":"Lusina","odleglosc_m":43.9,"strefa":"30-50 m","warstwa":"adresy"},"geometry":{"type":"Point","coordinates":[19.929735,49.962111]}},{"type":"Feature","properties":{"NUMER_PORZ":"15","KOD_POCZT":"32-031","NAZWA_ULC":"Krótka","NAZWA_GMI":"Mogilany","NAZWA_MSC":"Lusina","odleglosc_m":45.5,"strefa":"30-50 m","warstwa":"adresy"},"geometry":{"type":"Point","coordinates":[19.929123,49.963389]}},{"type":"Feature","properties":{"NUMER_PORZ":"17","KOD_POCZT":"32-031","NAZWA_ULC":"Krótka","NAZWA_GMI":"Mogilany","NAZWA_MSC":"Lusina","odleglosc_m":42.9,"strefa":"30-50 m","warstwa":"adresy"},"geometry":{"type":"Point","coordinates":[19.929208,49.963426]}},{"type":"Feature","properties":{"NUMER_PORZ":"1","KOD_POCZT":"32-031","NAZWA_ULC":"Krótka","NAZWA_GMI":"Mogilany","NAZWA_MSC":"Lusina","odleglosc_m":142.1,"strefa":"50-200 m","warstwa":"adresy"},"geometry":{"type":"Point","coordinates":[19.9298,49.960765]}},{"type":"Feature","properties":{"NUMER_PORZ":"9","KOD_POCZT":"32-031","NAZWA_ULC":"Górska","NAZWA_GMI":"Mogilany","NAZWA_MSC":"Lusina","odleglosc_m":0.0,"strefa":"w śladzie","warstwa":"adresy"},"geometry":{"type":"Point","coordinates":[19.925471,49.958995]}},{"type":"Feature","properties":{"NUMER_PORZ":"8","KOD_POCZT":"32-031","NAZWA_ULC":"Górska","NAZWA_GMI":"Mogilany","NAZWA_MSC":"Lusina","odleglosc_m":0.0,"strefa":"w śladzie","warstwa":"adresy"},"geometry":{"type":"Point","coordinates":[19.924993,49.958624]}},{"type":"Feature","properties":{"NUMER_PORZ":"37","KOD_POCZT":"32-031","NAZWA_ULC":"Górska","NAZWA_GMI":"Mogilany","NAZWA_MSC":"Lusina","odleglosc_m":189.8,"strefa":"50-200 m","warstwa":"adresy"},"geometry":{"type":"Point","coordinates":[19.931583,49.96147]}},{"type":"Feature","properties":{"NUMER_PORZ":"24","KOD_POCZT":"32-031","NAZWA_ULC":"Górska","NAZWA_GMI":"Mogilany","NAZWA_MSC":"Lusina","odleglosc_m":82.4,"strefa":"50-200 m","warstwa":"adresy"},"geometry":{"type":"Point","coordinates":[19.926441,49.95823]}},{"type":"Feature","properties":{"NUMER_PORZ":"6","KOD_POCZT":"32-031","NAZWA_ULC":"Górska","NAZWA_GMI":"Mogilany","NAZWA_MSC":"Lusina","odleglosc_m":0.0,"strefa":"w śladzie","warstwa":"adresy"},"geometry":{"type":"Point","coordinates":[19.924581,49.958418]}},{"type":"Feature","properties":{"NUMER_PORZ":"1","KOD_POCZT":"32-031","NAZWA_ULC":"Górska","NAZWA_GMI":"Mogilany","NAZWA_MSC":"Lusina","odleglosc_m":49.8,"strefa":"30-50 m","warstwa":"adresy"},"geometry":{"type":"Point","coordinates":[19.924047,49.959053]}},{"type":"Feature","properties":{"NUMER_PORZ":"100","KOD_POCZT":"32-031","NAZWA_ULC":"Łobzowska","NAZWA_GMI":"Mogilany","NAZWA_MSC":"Włosań","odleglosc_m":156.2,"strefa":"50-200 m","warstwa":"adresy"},"geometry":{"type":"Point","coordinates":[19.889297,49.920799]}},{"type":"Feature","properties":{"NUMER_PORZ":"51A","KOD_POCZT":"32-031","NAZWA_ULC":"Brzegi","NAZWA_GMI":"Mogilany","NAZWA_MSC":"Lusina","odleglosc_m":0.0,"strefa":"w śladzie","warstwa":"adresy"},"geometry":{"type":"Point","coordinates":[19.937656,49.968232]}},{"type":"Feature","properties":{"NUMER_PORZ":"51B","KOD_POCZT":"32-031","NAZWA_ULC":"Brzegi","NAZWA_GMI":"Mogilany","NAZWA_MSC":"Lusina","odleglosc_m":27.1,"strefa":"20-30 m","warstwa":"adresy"},"geometry":{"type":"Point","coordinates":[19.938139,49.968072]}},{"type":"Feature","properties":{"NUMER_PORZ":"61A","KOD_POCZT":"32-031","NAZWA_ULC":"Brzegi","NAZWA_GMI":"Mogilany","NAZWA_MSC":"Lusina","odleglosc_m":64.2,"strefa":"50-200 m","warstwa":"adresy"},"geometry":{"type":"Point","coordinates":[19.93782,49.967342]}},{"type":"Feature","properties":{"NUMER_PORZ":"61B","KOD_POCZT":"32-031","NAZWA_ULC":"Brzegi","NAZWA_GMI":"Mogilany","NAZWA_MSC":"Lusina","odleglosc_m":85.6,"strefa":"50-200 m","warstwa":"adresy"},"geometry":{"type":"Point","coordinates":[19.938044,49.967212]}},{"type":"Feature","properties":{"NUMER_PORZ":"42","KOD_POCZT":"32-031","NAZWA_ULC":"Górska","NAZWA_GMI":"Mogilany","NAZWA_MSC":"Lusina","odleglosc_m":108.8,"strefa":"50-200 m","warstwa":"adresy"},"geometry":{"type":"Point","coordinates":[19.927899,49.959325]}},{"type":"Feature","properties":{"NUMER_PORZ":"27","KOD_POCZT":"32-031","NAZWA_ULC":"Górska","NAZWA_GMI":"Mogilany","NAZWA_MSC":"Lusina","odleglosc_m":127.8,"strefa":"50-200 m","warstwa":"adresy"},"geometry":{"type":"Point","coordinates":[19.928796,49.960104]}},{"type":"Feature","properties":{"NUMER_PORZ":"1A","KOD_POCZT":"32-031","NAZWA_ULC":"Górska","NAZWA_GMI":"Mogilany","NAZWA_MSC":"Lusina","odleglosc_m":72.9,"strefa":"50-200 m","warstwa":"adresy"},"geometry":{"type":"Point","coordinates":[19.92343,49.958972]}},{"type":"Feature","properties":{"NUMER_PORZ":"12","KOD_POCZT":"32-031","NAZWA_ULC":"Górska","NAZWA_GMI":"Mogilany","NAZWA_MSC":"Lusina","odleglosc_m":24.4,"strefa":"20-30 m","warstwa":"adresy"},"geometry":{"type":"Point","coordinates":[19.925633,49.958357]}},{"type":"Feature","properties":{"NUMER_PORZ":"3","KOD_POCZT":"32-031","NAZWA_ULC":"Górska","NAZWA_GMI":"Mogilany","NAZWA_MSC":"Lusina","odleglosc_m":24.9,"strefa":"20-30 m","warstwa":"adresy"},"geometry":{"type":"Point","coordinates":[19.924443,49.95903]}},{"type":"Feature","properties":{"NUMER_PORZ":"13","KOD_POCZT":"32-031","NAZWA_ULC":"Górska","NAZWA_GMI":"Mogilany","NAZWA_MSC":"Lusina","odleglosc_m":18.4,"strefa":"0-20 m","warstwa":"adresy"},"geometry":{"type":"Point","coordinates":[19.926192,49.959211]}},{"type":"Feature","properties":{"NUMER_PORZ":"14","KOD_POCZT":"32-031","NAZWA_ULC":"Górska","NAZWA_GMI":"Mogilany","NAZWA_MSC":"Lusina","odleglosc_m":24.5,"strefa":"20-30 m","warstwa":"adresy"},"geometry":{"type":"Point","coordinates":[19.925865,49.958688]}},{"type":"Feature","properties":{"NUMER_PORZ":"15","KOD_POCZT":"32-031","NAZWA_ULC":"Górska","NAZWA_GMI":"Mogilany","NAZWA_MSC":"Lusina","odleglosc_m":82.9,"strefa":"50-200 m","warstwa":"adresy"},"geometry":{"type":"Point","coordinates":[19.927299,49.959206]}},{"type":"Feature","properties":{"NUMER_PORZ":"16","KOD_POCZT":"32-031","NAZWA_ULC":"Górska","NAZWA_GMI":"Mogilany","NAZWA_MSC":"Lusina","odleglosc_m":40.4,"strefa":"30-50 m","warstwa":"adresy"},"geometry":{"type":"Point","coordinates":[19.926134,49.958732]}},{"type":"Feature","properties":{"NUMER_PORZ":"17","KOD_POCZT":"32-031","NAZWA_ULC":"Górska","NAZWA_GMI":"Mogilany","NAZWA_MSC":"Lusina","odleglosc_m":88.0,"strefa":"50-200 m","warstwa":"adresy"},"geometry":{"type":"Point","coordinates":[19.92767,49.959443]}},{"type":"Feature","properties":{"NUMER_PORZ":"22","KOD_POCZT":"32-031","NAZWA_ULC":"Górska","NAZWA_GMI":"Mogilany","NAZWA_MSC":"Lusina","odleglosc_m":98.0,"strefa":"50-200 m","warstwa":"adresy"},"geometry":{"type":"Point","coordinates":[19.9265,49.957837]}},{"type":"Feature","properties":{"NUMER_PORZ":"110","KOD_POCZT":"32-031","NAZWA_ULC":"Łobzowska","NAZWA_GMI":"Mogilany","NAZWA_MSC":"Włosań","odleglosc_m":105.8,"strefa":"50-200 m","warstwa":"adresy"},"geometry":{"type":"Point","coordinates":[19.883971,49.921875]}},{"type":"Feature","properties":{"NUMER_PORZ":"177","KOD_POCZT":"32-031","NAZWA_ULC":"Łobzowska","NAZWA_GMI":"Mogilany","NAZWA_MSC":"Włosań","odleglosc_m":0.0,"strefa":"w śladzie","warstwa":"adresy"},"geometry":{"type":"Point","coordinates":[19.88368,49.920441]}},{"type":"Feature","properties":{"NUMER_PORZ":"175","KOD_POCZT":"32-031","NAZWA_ULC":"Łobzowska","NAZWA_GMI":"Mogilany","NAZWA_MSC":"Włosań","odleglosc_m":6.4,"strefa":"0-20 m","warstwa":"adresy"},"geometry":{"type":"Point","coordinates":[19.883675,49.919754]}},{"type":"Feature","properties":{"NUMER_PORZ":"37","KOD_POCZT":"32-031","NAZWA_ULC":"Brzegi","NAZWA_GMI":"Mogilany","NAZWA_MSC":"Lusina","odleglosc_m":185.3,"strefa":"50-200 m","warstwa":"adresy"},"geometry":{"type":"Point","coordinates":[19.935631,49.970219]}},{"type":"Feature","properties":{"NUMER_PORZ":"26","KOD_POCZT":"32-031","NAZWA_ULC":"Górska","NAZWA_GMI":"Mogilany","NAZWA_MSC":"Lusina","odleglosc_m":109.2,"strefa":"50-200 m","warstwa":"adresy"},"geometry":{"type":"Point","coordinates":[19.926856,49.958243]}},{"type":"Feature","properties":{"NUMER_PORZ":"31","KOD_POCZT":"32-031","NAZWA_ULC":"Górska","NAZWA_GMI":"Mogilany","NAZWA_MSC":"Lusina","odleglosc_m":178.1,"strefa":"50-200 m","warstwa":"adresy"},"geometry":{"type":"Point","coordinates":[19.930324,49.960643]}},{"type":"Feature","properties":{"NUMER_PORZ":"32","KOD_POCZT":"32-031","NAZWA_ULC":"Górska","NAZWA_GMI":"Mogilany","NAZWA_MSC":"Lusina","odleglosc_m":112.9,"strefa":"50-200 m","warstwa":"adresy"},"geometry":{"type":"Point","coordinates":[19.927055,49.95846]}},{"type":"Feature","properties":{"NUMER_PORZ":"44","KOD_POCZT":"32-031","NAZWA_ULC":"Górska","NAZWA_GMI":"Mogilany","NAZWA_MSC":"Lusina","odleglosc_m":113.7,"strefa":"50-200 m","warstwa":"adresy"},"geometry":{"type":"Point","coordinates":[19.928171,49.959526]}},{"type":"Feature","properties":{"NUMER_PORZ":"46","KOD_POCZT":"32-031","NAZWA_ULC":"Górska","NAZWA_GMI":"Mogilany","NAZWA_MSC":"Lusina","odleglosc_m":128.7,"strefa":"50-200 m","warstwa":"adresy"},"geometry":{"type":"Point","coordinates":[19.928442,49.959566]}},{"type":"Feature","properties":{"NUMER_PORZ":"14","KOD_POCZT":"32-031","NAZWA_ULC":"Polna","NAZWA_GMI":"Mogilany","NAZWA_MSC":"Lusina","odleglosc_m":61.2,"strefa":"50-200 m","warstwa":"adresy"},"geometry":{"type":"Point","coordinates":[19.933875,49.964583]}},{"type":"Feature","properties":{"NUMER_PORZ":"16","KOD_POCZT":"32-031","NAZWA_ULC":"Polna","NAZWA_GMI":"Mogilany","NAZWA_MSC":"Lusina","odleglosc_m":91.1,"strefa":"50-200 m","warstwa":"adresy"},"geometry":{"type":"Point","coordinates":[19.934342,49.964548]}},{"type":"Feature","properties":{"NUMER_PORZ":"5","KOD_POCZT":"32-031","NAZWA_ULC":"Polna","NAZWA_GMI":"Mogilany","NAZWA_MSC":"Lusina","odleglosc_m":29.7,"strefa":"20-30 m","warstwa":"adresy"},"geometry":{"type":"Point","coordinates":[19.932774,49.964144]}},{"type":"Feature","properties":{"NUMER_PORZ":"18","KOD_POCZT":"32-031","NAZWA_ULC":"Polna","NAZWA_GMI":"Mogilany","NAZWA_MSC":"Lusina","odleglosc_m":89.2,"strefa":"50-200 m","warstwa":"adresy"},"geometry":{"type":"Point","coordinates":[19.934499,49.964736]}},{"type":"Feature","properties":{"NUMER_PORZ":"2","KOD_POCZT":"32-031","NAZWA_ULC":"Wrzosowa","NAZWA_GMI":"Mogilany","NAZWA_MSC":"Lusina","odleglosc_m":190.0,"strefa":"50-200 m","warstwa":"adresy"},"geometry":{"type":"Point","coordinates":[19.931212,49.966936]}},{"type":"Feature","properties":{"NUMER_PORZ":"6","KOD_POCZT":"32-031","NAZWA_ULC":"Wrzosowa","NAZWA_GMI":"Mogilany","NAZWA_MSC":"Lusina","odleglosc_m":173.1,"strefa":"50-200 m","warstwa":"adresy"},"geometry":{"type":"Point","coordinates":[19.931008,49.966588]}},{"type":"Feature","properties":{"NUMER_PORZ":"8","KOD_POCZT":"32-400","NAZWA_ULC":"Jaśminowa","NAZWA_GMI":"Myślenice","NAZWA_MSC":"Jawornik","odleglosc_m":155.4,"strefa":"50-200 m","warstwa":"adresy"},"geometry":{"type":"Point","coordinates":[19.916249,49.85117]}},{"type":"Feature","properties":{"NUMER_PORZ":"5","KOD_POCZT":"32-400","NAZWA_ULC":"Bugaj","NAZWA_GMI":"Myślenice","NAZWA_MSC":"Jawornik","odleglosc_m":170.7,"strefa":"50-200 m","warstwa":"adresy"},"geometry":{"type":"Point","coordinates":[19.906553,49.869188]}},{"type":"Feature","properties":{"NUMER_PORZ":"45","KOD_POCZT":"32-400","NAZWA_ULC":"Miodowa","NAZWA_GMI":"Myślenice","NAZWA_MSC":"Jawornik","odleglosc_m":52.0,"strefa":"50-200 m","warstwa":"adresy"},"geometry":{"type":"Point","coordinates":[19.91776,49.851598]}},{"type":"Feature","properties":{"NUMER_PORZ":"11","KOD_POCZT":"32-400","NAZWA_ULC":"Miodowa","NAZWA_GMI":"Myślenice","NAZWA_MSC":"Jawornik","odleglosc_m":66.1,"strefa":"50-200 m","warstwa":"adresy"},"geometry":{"type":"Point","coordinates":[19.918927,49.850846]}},{"type":"Feature","properties":{"NUMER_PORZ":"43","KOD_POCZT":"32-400","NAZWA_ULC":"Miodowa","NAZWA_GMI":"Myślenice","NAZWA_MSC":"Jawornik","odleglosc_m":44.8,"strefa":"30-50 m","warstwa":"adresy"},"geometry":{"type":"Point","coordinates":[19.918275,49.851428]}},{"type":"Feature","properties":{"NUMER_PORZ":"77","KOD_POCZT":"32-400","NAZWA_ULC":"Miodowa","NAZWA_GMI":"Myślenice","NAZWA_MSC":"Jawornik","odleglosc_m":92.1,"strefa":"50-200 m","warstwa":"adresy"},"geometry":{"type":"Point","coordinates":[19.915518,49.852279]}},{"type":"Feature","properties":{"NUMER_PORZ":"13","KOD_POCZT":"32-400","NAZWA_ULC":"Miodowa","NAZWA_GMI":"Myślenice","NAZWA_MSC":"Jawornik","odleglosc_m":58.6,"strefa":"50-200 m","warstwa":"adresy"},"geometry":{"type":"Point","coordinates":[19.919587,49.850608]}},{"type":"Feature","properties":{"NUMER_PORZ":"55","KOD_POCZT":"32-400","NAZWA_ULC":"Miodowa","NAZWA_GMI":"Myślenice","NAZWA_MSC":"Jawornik","odleglosc_m":9.1,"strefa":"0-20 m","warstwa":"adresy"},"geometry":{"type":"Point","coordinates":[19.916598,49.852662]}},{"type":"Feature","properties":{"NUMER_PORZ":"81","KOD_POCZT":"32-400","NAZWA_ULC":"Miodowa","NAZWA_GMI":"Myślenice","NAZWA_MSC":"Jawornik","odleglosc_m":79.5,"strefa":"50-200 m","warstwa":"adresy"},"geometry":{"type":"Point","coordinates":[19.915222,49.852605]}},{"type":"Feature","properties":{"NUMER_PORZ":"5","KOD_POCZT":"32-400","NAZWA_ULC":"Miodowa","NAZWA_GMI":"Myślenice","NAZWA_MSC":"Jawornik","odleglosc_m":13.2,"strefa":"0-20 m","warstwa":"adresy"},"geometry":{"type":"Point","coordinates":[19.918919,49.851458]}},{"type":"Feature","properties":{"NUMER_PORZ":"51","KOD_POCZT":"32-400","NAZWA_ULC":"Miodowa","NAZWA_GMI":"Myślenice","NAZWA_MSC":"Jawornik","odleglosc_m":33.1,"strefa":"30-50 m","warstwa":"adresy"},"geometry":{"type":"Point","coordinates":[19.917194,49.852089]}},{"type":"Feature","properties":{"NUMER_PORZ":"15","KOD_POCZT":"32-400","NAZWA_ULC":"Miodowa","NAZWA_GMI":"Myślenice","NAZWA_MSC":"Jawornik","odleglosc_m":111.7,"strefa":"50-200 m","warstwa":"adresy"},"geometry":{"type":"Point","coordinates":[19.918518,49.850532]}},{"type":"Feature","properties":{"NUMER_PORZ":"33","KOD_POCZT":"32-400","NAZWA_ULC":"Miodowa","NAZWA_GMI":"Myślenice","NAZWA_MSC":"Jawornik","odleglosc_m":183.5,"strefa":"50-200 m","warstwa":"adresy"},"geometry":{"type":"Point","coordinates":[19.916914,49.850528]}},{"type":"Feature","properties":{"NUMER_PORZ":"42","KOD_POCZT":"32-400","NAZWA_ULC":"Kasztanowa","NAZWA_GMI":"Myślenice","NAZWA_MSC":"Jawornik","odleglosc_m":85.7,"strefa":"50-200 m","warstwa":"adresy"},"geometry":{"type":"Point","coordinates":[19.909029,49.865598]}},{"type":"Feature","properties":{"NUMER_PORZ":"38","KOD_POCZT":"32-400","NAZWA_ULC":"Kasztanowa","NAZWA_GMI":"Myślenice","NAZWA_MSC":"Jawornik","odleglosc_m":158.7,"strefa":"50-200 m","warstwa":"adresy"},"geometry":{"type":"Point","coordinates":[19.907676,49.86658]}},{"type":"Feature","properties":{"NUMER_PORZ":"13","KOD_POCZT":"32-400","NAZWA_ULC":"Kasztanowa","NAZWA_GMI":"Myślenice","NAZWA_MSC":"Jawornik","odleglosc_m":191.1,"strefa":"50-200 m","warstwa":"adresy"},"geometry":{"type":"Point","coordinates":[19.906804,49.862419]}},{"type":"Feature","properties":{"NUMER_PORZ":"1","KOD_POCZT":"32-400","NAZWA_ULC":"Północna","NAZWA_GMI":"Myślenice","NAZWA_MSC":"Jawornik","odleglosc_m":178.7,"strefa":"50-200 m","warstwa":"adresy"},"geometry":{"type":"Point","coordinates":[19.907179,49.862787]}},{"type":"Feature","properties":{"NUMER_PORZ":"47","KOD_POCZT":"32-400","NAZWA_ULC":"Miodowa","NAZWA_GMI":"Myślenice","NAZWA_MSC":"Jawornik","odleglosc_m":48.5,"strefa":"30-50 m","warstwa":"adresy"},"geometry":{"type":"Point","coordinates":[19.917445,49.85179]}},{"type":"Feature","properties":{"NUMER_PORZ":"53","KOD_POCZT":"32-400","NAZWA_ULC":"Miodowa","NAZWA_GMI":"Myślenice","NAZWA_MSC":"Jawornik","odleglosc_m":30.2,"strefa":"30-50 m","warstwa":"adresy"},"geometry":{"type":"Point","coordinates":[19.916916,49.852261]}},{"type":"Feature","properties":{"NUMER_PORZ":"7","KOD_POCZT":"32-400","NAZWA_ULC":"Miodowa","NAZWA_GMI":"Myślenice","NAZWA_MSC":"Jawornik","odleglosc_m":21.5,"strefa":"20-30 m","warstwa":"adresy"},"geometry":{"type":"Point","coordinates":[19.918776,49.851438]}},{"type":"Feature","properties":{"NUMER_PORZ":"21","KOD_POCZT":"32-400","NAZWA_ULC":"Miodowa","NAZWA_GMI":"Myślenice","NAZWA_MSC":"Jawornik","odleglosc_m":145.3,"strefa":"50-200 m","warstwa":"adresy"},"geometry":{"type":"Point","coordinates":[19.918135,49.850342]}},{"type":"Feature","properties":{"NUMER_PORZ":"35","KOD_POCZT":"32-400","NAZWA_ULC":"Miodowa","NAZWA_GMI":"Myślenice","NAZWA_MSC":"Jawornik","odleglosc_m":161.2,"strefa":"50-200 m","warstwa":"adresy"},"geometry":{"type":"Point","coordinates":[19.917513,49.850481]}},{"type":"Feature","properties":{"NUMER_PORZ":"8","KOD_POCZT":"32-400","NAZWA_ULC":"Cysterska","NAZWA_GMI":"Myślenice","NAZWA_MSC":"Jawornik","odleglosc_m":109.6,"strefa":"50-200 m","warstwa":"adresy"},"geometry":{"type":"Point","coordinates":[19.913994,49.852967]}},{"type":"Feature","properties":{"NUMER_PORZ":"14","KOD_POCZT":"32-400","NAZWA_ULC":"Cysterska","NAZWA_GMI":"Myślenice","NAZWA_MSC":"Jawornik","odleglosc_m":192.2,"strefa":"50-200 m","warstwa":"adresy"},"geometry":{"type":"Point","coordinates":[19.913626,49.852177]}},{"type":"Feature","properties":{"NUMER_PORZ":"16","KOD_POCZT":"32-400","NAZWA_ULC":"Cysterska","NAZWA_GMI":"Myślenice","NAZWA_MSC":"Jawornik","odleglosc_m":182.2,"strefa":"50-200 m","warstwa":"adresy"},"geometry":{"type":"Point","coordinates":[19.913902,49.85213]}},{"type":"Feature","properties":{"NUMER_PORZ":"10","KOD_POCZT":"32-400","NAZWA_ULC":"Cysterska","NAZWA_GMI":"Myślenice","NAZWA_MSC":"Jawornik","odleglosc_m":135.7,"strefa":"50-200 m","warstwa":"adresy"},"geometry":{"type":"Point","coordinates":[19.9138,49.852759]}},{"type":"Feature","properties":{"NUMER_PORZ":"3","KOD_POCZT":"32-400","NAZWA_ULC":"Cysterska","NAZWA_GMI":"Myślenice","NAZWA_MSC":"Jawornik","odleglosc_m":81.6,"strefa":"50-200 m","warstwa":"adresy"},"geometry":{"type":"Point","coordinates":[19.914696,49.852893]}},{"type":"Feature","properties":{"NUMER_PORZ":"7","KOD_POCZT":"32-400","NAZWA_ULC":"Bugaj","NAZWA_GMI":"Myślenice","NAZWA_MSC":"Jawornik","odleglosc_m":199.3,"strefa":"50-200 m","warstwa":"adresy"},"geometry":{"type":"Point","coordinates":[19.906116,49.869252]}},{"type":"Feature","properties":{"NUMER_PORZ":"1","KOD_POCZT":"32-400","NAZWA_ULC":"Kasztanowa","NAZWA_GMI":"Myślenice","NAZWA_MSC":"Jawornik","odleglosc_m":16.9,"strefa":"0-20 m","warstwa":"adresy"},"geometry":{"type":"Point","coordinates":[19.908518,49.860013]}},{"type":"Feature","properties":{"NUMER_PORZ":"8","KOD_POCZT":"32-400","NAZWA_ULC":"Kasztanowa","NAZWA_GMI":"Myślenice","NAZWA_MSC":"Jawornik","odleglosc_m":76.4,"strefa":"50-200 m","warstwa":"adresy"},"geometry":{"type":"Point","coordinates":[19.908523,49.862483]}},{"type":"Feature","properties":{"NUMER_PORZ":"5","KOD_POCZT":"32-400","NAZWA_ULC":"Kasztanowa","NAZWA_GMI":"Myślenice","NAZWA_MSC":"Jawornik","odleglosc_m":71.8,"strefa":"50-200 m","warstwa":"adresy"},"geometry":{"type":"Point","coordinates":[19.907798,49.860589]}},{"type":"Feature","properties":{"NUMER_PORZ":"3","KOD_POCZT":"32-400","NAZWA_ULC":"Kasztanowa","NAZWA_GMI":"Myślenice","NAZWA_MSC":"Jawornik","odleglosc_m":61.3,"strefa":"50-200 m","warstwa":"adresy"},"geometry":{"type":"Point","coordinates":[19.907903,49.860252]}},{"type":"Feature","properties":{"NUMER_PORZ":"7","KOD_POCZT":"32-400","NAZWA_ULC":"Kasztanowa","NAZWA_GMI":"Myślenice","NAZWA_MSC":"Jawornik","odleglosc_m":119.7,"strefa":"50-200 m","warstwa":"adresy"},"geometry":{"type":"Point","coordinates":[19.907745,49.862211]}},{"type":"Feature","properties":{"NUMER_PORZ":"17","KOD_POCZT":"32-400","NAZWA_ULC":"Kasztanowa","NAZWA_GMI":"Myślenice","NAZWA_MSC":"Jawornik","odleglosc_m":187.6,"strefa":"50-200 m","warstwa":"adresy"},"geometry":{"type":"Point","coordinates":[19.907532,49.863724]}},{"type":"Feature","properties":{"NUMER_PORZ":"14","KOD_POCZT":"32-400","NAZWA_ULC":"Kasztanowa","NAZWA_GMI":"Myślenice","NAZWA_MSC":"Jawornik","odleglosc_m":118.9,"strefa":"50-200 m","warstwa":"adresy"},"geometry":{"type":"Point","coordinates":[19.908121,49.862887]}},{"type":"Feature","properties":{"NUMER_PORZ":"6","KOD_POCZT":"32-400","NAZWA_ULC":"Cysterska","NAZWA_GMI":"Myślenice","NAZWA_MSC":"Jawornik","odleglosc_m":130.9,"strefa":"50-200 m","warstwa":"adresy"},"geometry":{"type":"Point","coordinates":[19.913649,49.85292]}},{"type":"Feature","properties":{"NUMER_PORZ":"7","KOD_POCZT":"32-400","NAZWA_ULC":"Cysterska","NAZWA_GMI":"Myślenice","NAZWA_MSC":"Jawornik","odleglosc_m":161.6,"strefa":"50-200 m","warstwa":"adresy"},"geometry":{"type":"Point","coordinates":[19.914552,49.852002]}},{"type":"Feature","properties":{"NUMER_PORZ":"12","KOD_POCZT":"32-400","NAZWA_ULC":"Cysterska","NAZWA_GMI":"Myślenice","NAZWA_MSC":"Jawornik","odleglosc_m":167.2,"strefa":"50-200 m","warstwa":"adresy"},"geometry":{"type":"Point","coordinates":[19.913841,49.852356]}},{"type":"Feature","properties":{"NUMER_PORZ":"5","KOD_POCZT":"32-400","NAZWA_ULC":"Sąsiedzka","NAZWA_GMI":"Myślenice","NAZWA_MSC":"Jawornik","odleglosc_m":174.2,"strefa":"50-200 m","warstwa":"adresy"},"geometry":{"type":"Point","coordinates":[19.912647,49.853013]}},{"type":"Feature","properties":{"NUMER_PORZ":"9","KOD_POCZT":"32-400","NAZWA_ULC":"Sąsiedzka","NAZWA_GMI":"Myślenice","NAZWA_MSC":"Jawornik","odleglosc_m":158.0,"strefa":"50-200 m","warstwa":"adresy"},"geometry":{"type":"Point","coordinates":[19.913448,49.852704]}},{"type":"Feature","properties":{"NUMER_PORZ":"6","KOD_POCZT":"32-400","NAZWA_ULC":"Sąsiedzka","NAZWA_GMI":"Myślenice","NAZWA_MSC":"Jawornik","odleglosc_m":190.3,"strefa":"50-200 m","warstwa":"adresy"},"geometry":{"type":"Point","coordinates":[19.912203,49.853095]}},{"type":"Feature","properties":{"NUMER_PORZ":"4","KOD_POCZT":"32-400","NAZWA_ULC":"Sąsiedzka","NAZWA_GMI":"Myślenice","NAZWA_MSC":"Jawornik","odleglosc_m":167.4,"strefa":"50-200 m","warstwa":"adresy"},"geometry":{"type":"Point","coordinates":[19.912196,49.853398]}},{"type":"Feature","properties":{"NUMER_PORZ":"34","KOD_POCZT":"32-400","NAZWA_ULC":"Akacjowa","NAZWA_GMI":"Myślenice","NAZWA_MSC":"Jawornik","odleglosc_m":131.0,"strefa":"50-200 m","warstwa":"adresy"},"geometry":{"type":"Point","coordinates":[19.906965,49.859324]}},{"type":"Feature","properties":{"NUMER_PORZ":"34","KOD_POCZT":"32-400","NAZWA_ULC":"Świętego Floriana","NAZWA_GMI":"Myślenice","NAZWA_MSC":"Jawornik","odleglosc_m":96.8,"strefa":"50-200 m","warstwa":"adresy"},"geometry":{"type":"Point","coordinates":[19.907773,49.861592]}},{"type":"Feature","properties":{"NUMER_PORZ":"4","KOD_POCZT":"32-400","NAZWA_ULC":"Kasztanowa","NAZWA_GMI":"Myślenice","NAZWA_MSC":"Jawornik","odleglosc_m":15.9,"strefa":"0-20 m","warstwa":"adresy"},"geometry":{"type":"Point","coordinates":[19.909003,49.861682]}},{"type":"Feature","properties":{"NUMER_PORZ":"6","KOD_POCZT":"32-400","NAZWA_ULC":"Kasztanowa","NAZWA_GMI":"Myślenice","NAZWA_MSC":"Jawornik","odleglosc_m":37.8,"strefa":"30-50 m","warstwa":"adresy"},"geometry":{"type":"Point","coordinates":[19.908814,49.861953]}},{"type":"Feature","properties":{"NUMER_PORZ":"2","KOD_POCZT":"32-400","NAZWA_ULC":"Kasztanowa","NAZWA_GMI":"Myślenice","NAZWA_MSC":"Jawornik","odleglosc_m":0.0,"strefa":"w śladzie","warstwa":"adresy"},"geometry":{"type":"Point","coordinates":[19.9092,49.86149]}},{"type":"Feature","properties":{"NUMER_PORZ":"22","KOD_POCZT":"32-400","NAZWA_ULC":"Kasztanowa","NAZWA_GMI":"Myślenice","NAZWA_MSC":"Jawornik","odleglosc_m":153.4,"strefa":"50-200 m","warstwa":"adresy"},"geometry":{"type":"Point","coordinates":[19.908075,49.864076]}},{"type":"Feature","properties":{"NUMER_PORZ":"3","KOD_POCZT":"32-400","NAZWA_ULC":"Sąsiedzka","NAZWA_GMI":"Myślenice","NAZWA_MSC":"Jawornik","odleglosc_m":152.6,"strefa":"50-200 m","warstwa":"adresy"},"geometry":{"type":"Point","coordinates":[19.912629,49.853301]}},{"type":"Feature","properties":{"NUMER_PORZ":"11","KOD_POCZT":"32-400","NAZWA_ULC":"Sąsiedzka","NAZWA_GMI":"Myślenice","NAZWA_MSC":"Jawornik","odleglosc_m":183.1,"strefa":"50-200 m","warstwa":"adresy"},"geometry":{"type":"Point","coordinates":[19.913148,49.852579]}},{"type":"Feature","properties":{"NUMER_PORZ":"30","KOD_POCZT":"32-400","NAZWA_ULC":"Świętego Floriana","NAZWA_GMI":"Myślenice","NAZWA_MSC":"Jawornik","odleglosc_m":199.5,"strefa":"50-200 m","warstwa":"adresy"},"geometry":{"type":"Point","coordinates":[19.905995,49.860468]}},{"type":"Feature","properties":{"NUMER_PORZ":"35","KOD_POCZT":"32-400","NAZWA_ULC":"Świętego Floriana","NAZWA_GMI":"Myślenice","NAZWA_MSC":"Jawornik","odleglosc_m":158.4,"strefa":"50-200 m","warstwa":"adresy"},"geometry":{"type":"Point","coordinates":[19.906824,49.861454]}},{"type":"Feature","properties":{"NUMER_PORZ":"39","KOD_POCZT":"32-400","NAZWA_ULC":"Świętego Floriana","NAZWA_GMI":"Myślenice","NAZWA_MSC":"Jawornik","odleglosc_m":143.6,"strefa":"50-200 m","warstwa":"adresy"},"geometry":{"type":"Point","coordinates":[19.90722,49.86185]}},{"type":"Feature","properties":{"NUMER_PORZ":"37","KOD_POCZT":"32-400","NAZWA_ULC":"Świętego Floriana","NAZWA_GMI":"Myślenice","NAZWA_MSC":"Jawornik","odleglosc_m":175.0,"strefa":"50-200 m","warstwa":"adresy"},"geometry":{"type":"Point","coordinates":[19.906668,49.861647]}},{"type":"Feature","properties":{"NUMER_PORZ":"33","KOD_POCZT":"32-400","NAZWA_ULC":"Świętego Floriana","NAZWA_GMI":"Myślenice","NAZWA_MSC":"Jawornik","odleglosc_m":196.0,"strefa":"50-200 m","warstwa":"adresy"},"geometry":{"type":"Point","coordinates":[19.906231,49.86127]}},{"type":"Feature","properties":{"NUMER_PORZ":"2","KOD_POCZT":"32-400","NAZWA_ULC":"Akacjowa","NAZWA_GMI":"Myślenice","NAZWA_MSC":"Jawornik","odleglosc_m":154.8,"strefa":"50-200 m","warstwa":"adresy"},"geometry":{"type":"Point","coordinates":[19.906705,49.860905]}},{"type":"Feature","properties":{"NUMER_PORZ":"20","KOD_POCZT":"32-400","NAZWA_ULC":"Akacjowa","NAZWA_GMI":"Myślenice","NAZWA_MSC":"Jawornik","odleglosc_m":113.0,"strefa":"50-200 m","warstwa":"adresy"},"geometry":{"type":"Point","coordinates":[19.907183,49.860079]}},{"type":"Feature","properties":{"NUMER_PORZ":"24","KOD_POCZT":"32-400","NAZWA_ULC":"Akacjowa","NAZWA_GMI":"Myślenice","NAZWA_MSC":"Jawornik","odleglosc_m":105.8,"strefa":"50-200 m","warstwa":"adresy"},"geometry":{"type":"Point","coordinates":[19.907272,49.859794]}},{"type":"Feature","properties":{"NUMER_PORZ":"46","KOD_POCZT":"32-400","NAZWA_ULC":"Akacjowa","NAZWA_GMI":"Myślenice","NAZWA_MSC":"Jawornik","odleglosc_m":59.3,"strefa":"50-200 m","warstwa":"adresy"},"geometry":{"type":"Point","coordinates":[19.908036,49.859029]}},{"type":"Feature","properties":{"NUMER_PORZ":"42","KOD_POCZT":"32-400","NAZWA_ULC":"Akacjowa","NAZWA_GMI":"Myślenice","NAZWA_MSC":"Jawornik","odleglosc_m":114.3,"strefa":"50-200 m","warstwa":"adresy"},"geometry":{"type":"Point","coordinates":[19.907312,49.858858]}},{"type":"Feature","properties":{"NUMER_PORZ":"10","KOD_POCZT":"32-400","NAZWA_ULC":"Za Kosorem","NAZWA_GMI":"Myślenice","NAZWA_MSC":"Jawornik","odleglosc_m":36.3,"strefa":"30-50 m","warstwa":"adresy"},"geometry":{"type":"Point","coordinates":[19.910637,49.867596]}},{"type":"Feature","properties":{"NUMER_PORZ":"2","KOD_POCZT":"32-400","NAZWA_ULC":"Za Kosorem","NAZWA_GMI":"Myślenice","NAZWA_MSC":"Jawornik","odleglosc_m":0.0,"strefa":"w śladzie","warstwa":"adresy"},"geometry":{"type":"Point","coordinates":[19.909744,49.867506]}},{"type":"Feature","properties":{"NUMER_PORZ":"8","KOD_POCZT":"32-400","NAZWA_ULC":"Za Kosorem","NAZWA_GMI":"Myślenice","NAZWA_MSC":"Jawornik","odleglosc_m":16.6,"strefa":"0-20 m","warstwa":"adresy"},"geometry":{"type":"Point","coordinates":[19.910402,49.86746]}},{"type":"Feature","properties":{"NUMER_PORZ":"1","KOD_POCZT":"32-400","NAZWA_ULC":"Zakręty","NAZWA_GMI":"Myślenice","NAZWA_MSC":"Jawornik","odleglosc_m":2.2,"strefa":"0-20 m","warstwa":"adresy"},"geometry":{"type":"Point","coordinates":[19.910861,49.866054]}},{"type":"Feature","properties":{"NUMER_PORZ":"26","KOD_POCZT":"32-400","NAZWA_ULC":"Akacjowa","NAZWA_GMI":"Myślenice","NAZWA_MSC":"Jawornik","odleglosc_m":83.9,"strefa":"50-200 m","warstwa":"adresy"},"geometry":{"type":"Point","coordinates":[19.907575,49.859894]}},{"type":"Feature","properties":{"NUMER_PORZ":"36","KOD_POCZT":"32-400","NAZWA_ULC":"Kasztanowa","NAZWA_GMI":"Myślenice","NAZWA_MSC":"Jawornik","odleglosc_m":164.0,"strefa":"50-200 m","warstwa":"adresy"},"geometry":{"type":"Point","coordinates":[19.907414,49.866946]}},{"type":"Feature","properties":{"NUMER_PORZ":"32","KOD_POCZT":"32-400","NAZWA_ULC":"Akacjowa","NAZWA_GMI":"Myślenice","NAZWA_MSC":"Jawornik","odleglosc_m":121.9,"strefa":"50-200 m","warstwa":"adresy"},"geometry":{"type":"Point","coordinates":[19.90709,49.859342]}},{"type":"Feature","properties":{"NUMER_PORZ":"22","KOD_POCZT":"32-400","NAZWA_ULC":"Akacjowa","NAZWA_GMI":"Myślenice","NAZWA_MSC":"Jawornik","odleglosc_m":92.9,"strefa":"50-200 m","warstwa":"adresy"},"geometry":{"type":"Point","coordinates":[19.907465,49.860107]}},{"type":"Feature","properties":{"NUMER_PORZ":"28","KOD_POCZT":"32-400","NAZWA_ULC":"Akacjowa","NAZWA_GMI":"Myślenice","NAZWA_MSC":"Jawornik","odleglosc_m":71.7,"strefa":"50-200 m","warstwa":"adresy"},"geometry":{"type":"Point","coordinates":[19.907757,49.859689]}},{"type":"Feature","properties":{"NUMER_PORZ":"30","KOD_POCZT":"32-400","NAZWA_ULC":"Akacjowa","NAZWA_GMI":"Myślenice","NAZWA_MSC":"Jawornik","odleglosc_m":96.0,"strefa":"50-200 m","warstwa":"adresy"},"geometry":{"type":"Point","coordinates":[19.907437,49.859471]}},{"type":"Feature","properties":{"NUMER_PORZ":"3","KOD_POCZT":"32-400","NAZWA_ULC":"Zakręty","NAZWA_GMI":"Myślenice","NAZWA_MSC":"Jawornik","odleglosc_m":31.7,"strefa":"30-50 m","warstwa":"adresy"},"geometry":{"type":"Point","coordinates":[19.911386,49.865765]}},{"type":"Feature","properties":{"NUMER_PORZ":"2","KOD_POCZT":"32-400","NAZWA_ULC":"Zakręty","NAZWA_GMI":"Myślenice","NAZWA_MSC":"Jawornik","odleglosc_m":96.3,"strefa":"50-200 m","warstwa":"adresy"},"geometry":{"type":"Point","coordinates":[19.911919,49.863158]}},{"type":"Feature","properties":{"NUMER_PORZ":"28","KOD_POCZT":"32-400","NAZWA_ULC":"Przy Trakcie","NAZWA_GMI":"Myślenice","NAZWA_MSC":"Jawornik","odleglosc_m":59.9,"strefa":"50-200 m","warstwa":"adresy"},"geometry":{"type":"Point","coordinates":[19.910797,49.855938]}},{"type":"Feature","properties":{"NUMER_PORZ":"30","KOD_POCZT":"32-400","NAZWA_ULC":"Przy Trakcie","NAZWA_GMI":"Myślenice","NAZWA_MSC":"Jawornik","odleglosc_m":61.6,"strefa":"50-200 m","warstwa":"adresy"},"geometry":{"type":"Point","coordinates":[19.910992,49.855781]}},{"type":"Feature","properties":{"NUMER_PORZ":"26","KOD_POCZT":"32-400","NAZWA_ULC":"Przy Trakcie","NAZWA_GMI":"Myślenice","NAZWA_MSC":"Jawornik","odleglosc_m":4.8,"strefa":"0-20 m","warstwa":"adresy"},"geometry":{"type":"Point","coordinates":[19.911343,49.856287]}},{"type":"Feature","properties":{"NUMER_PORZ":"14","KOD_POCZT":"32-400","NAZWA_ULC":"Przy Trakcie","NAZWA_GMI":"Myślenice","NAZWA_MSC":"Jawornik","odleglosc_m":39.9,"strefa":"30-50 m","warstwa":"adresy"},"geometry":{"type":"Point","coordinates":[19.910064,49.856787]}},{"type":"Feature","properties":{"NUMER_PORZ":"3","KOD_POCZT":"32-400","NAZWA_ULC":"Przy Trakcie","NAZWA_GMI":"Myślenice","NAZWA_MSC":"Jawornik","odleglosc_m":27.4,"strefa":"20-30 m","warstwa":"adresy"},"geometry":{"type":"Point","coordinates":[19.90931,49.857712]}},{"type":"Feature","properties":{"NUMER_PORZ":"16","KOD_POCZT":"32-400","NAZWA_ULC":"Przy Trakcie","NAZWA_GMI":"Myślenice","NAZWA_MSC":"Jawornik","odleglosc_m":64.9,"strefa":"50-200 m","warstwa":"adresy"},"geometry":{"type":"Point","coordinates":[19.910091,49.856405]}},{"type":"Feature","properties":{"NUMER_PORZ":"18","KOD_POCZT":"32-400","NAZWA_ULC":"Przy Trakcie","NAZWA_GMI":"Myślenice","NAZWA_MSC":"Jawornik","odleglosc_m":85.7,"strefa":"50-200 m","warstwa":"adresy"},"geometry":{"type":"Point","coordinates":[19.909977,49.856205]}},{"type":"Feature","properties":{"NUMER_PORZ":"6","KOD_POCZT":"32-400","NAZWA_ULC":"Fabryczna","NAZWA_GMI":"Myślenice","NAZWA_MSC":"Jawornik","odleglosc_m":28.9,"strefa":"20-30 m","warstwa":"adresy"},"geometry":{"type":"Point","coordinates":[19.919878,49.851776]}},{"type":"Feature","properties":{"NUMER_PORZ":"1","KOD_POCZT":"32-400","NAZWA_ULC":"Fabryczna","NAZWA_GMI":"Myślenice","NAZWA_MSC":"Jawornik","odleglosc_m":29.8,"strefa":"20-30 m","warstwa":"adresy"},"geometry":{"type":"Point","coordinates":[19.914038,49.855147]}},{"type":"Feature","properties":{"NUMER_PORZ":"3","KOD_POCZT":"32-400","NAZWA_ULC":"Fabryczna","NAZWA_GMI":"Myślenice","NAZWA_MSC":"Jawornik","odleglosc_m":32.5,"strefa":"30-50 m","warstwa":"adresy"},"geometry":{"type":"Point","coordinates":[19.915399,49.854215]}},{"type":"Feature","properties":{"NUMER_PORZ":"6","KOD_POCZT":"32-400","NAZWA_ULC":"Podleśna","NAZWA_GMI":"Myślenice","NAZWA_MSC":"Jawornik","odleglosc_m":156.1,"strefa":"50-200 m","warstwa":"adresy"},"geometry":{"type":"Point","coordinates":[19.92001,49.849206]}},{"type":"Feature","properties":{"NUMER_PORZ":"2","KOD_POCZT":"32-400","NAZWA_ULC":"Fabryczna","NAZWA_GMI":"Myślenice","NAZWA_MSC":"Jawornik","odleglosc_m":3.4,"strefa":"0-20 m","warstwa":"adresy"},"geometry":{"type":"Point","coordinates":[19.92042,49.851223]}},{"type":"Feature","properties":{"NUMER_PORZ":"9","KOD_POCZT":"32-400","NAZWA_ULC":"Fabryczna","NAZWA_GMI":"Myślenice","NAZWA_MSC":"Jawornik","odleglosc_m":44.0,"strefa":"30-50 m","warstwa":"adresy"},"geometry":{"type":"Point","coordinates":[19.916349,49.85378]}},{"type":"Feature","properties":{"NUMER_PORZ":"15","KOD_POCZT":"32-400","NAZWA_ULC":"Fabryczna","NAZWA_GMI":"Myślenice","NAZWA_MSC":"Jawornik","odleglosc_m":34.5,"strefa":"30-50 m","warstwa":"adresy"},"geometry":{"type":"Point","coordinates":[19.917708,49.852966]}},{"type":"Feature","properties":{"NUMER_PORZ":"24","KOD_POCZT":"32-400","NAZWA_ULC":"Fabryczna","NAZWA_GMI":"Myślenice","NAZWA_MSC":"Jawornik","odleglosc_m":156.2,"strefa":"50-200 m","warstwa":"adresy"},"geometry":{"type":"Point","coordinates":[19.919159,49.853617]}},{"type":"Feature","properties":{"NUMER_PORZ":"17","KOD_POCZT":"32-400","NAZWA_ULC":"Fabryczna","NAZWA_GMI":"Myślenice","NAZWA_MSC":"Jawornik","odleglosc_m":142.9,"strefa":"50-200 m","warstwa":"adresy"},"geometry":{"type":"Point","coordinates":[19.917587,49.854271]}},{"type":"Feature","properties":{"NUMER_PORZ":"13","KOD_POCZT":"32-400","NAZWA_ULC":"Fabryczna","NAZWA_GMI":"Myślenice","NAZWA_MSC":"Jawornik","odleglosc_m":40.9,"strefa":"30-50 m","warstwa":"adresy"},"geometry":{"type":"Point","coordinates":[19.91721,49.853295]}},{"type":"Feature","properties":{"NUMER_PORZ":"11","KOD_POCZT":"32-400","NAZWA_ULC":"Fabryczna","NAZWA_GMI":"Myślenice","NAZWA_MSC":"Jawornik","odleglosc_m":63.4,"strefa":"50-200 m","warstwa":"adresy"},"geometry":{"type":"Point","coordinates":[19.916894,49.853714]}},{"type":"Feature","properties":{"NUMER_PORZ":"16","KOD_POCZT":"32-400","NAZWA_ULC":"Fabryczna","NAZWA_GMI":"Myślenice","NAZWA_MSC":"Jawornik","odleglosc_m":102.7,"strefa":"50-200 m","warstwa":"adresy"},"geometry":{"type":"Point","coordinates":[19.919214,49.852967]}},{"type":"Feature","properties":{"NUMER_PORZ":"27","KOD_POCZT":"32-400","NAZWA_ULC":"Fabryczna","NAZWA_GMI":"Myślenice","NAZWA_MSC":"Jawornik","odleglosc_m":194.2,"strefa":"50-200 m","warstwa":"adresy"},"geometry":{"type":"Point","coordinates":[19.91634,49.855695]}},{"type":"Feature","properties":{"NUMER_PORZ":"10","KOD_POCZT":"32-400","NAZWA_ULC":"Fabryczna","NAZWA_GMI":"Myślenice","NAZWA_MSC":"Jawornik","odleglosc_m":41.6,"strefa":"30-50 m","warstwa":"adresy"},"geometry":{"type":"Point","coordinates":[19.919102,49.852319]}},{"type":"Feature","properties":{"NUMER_PORZ":"18","KOD_POCZT":"32-400","NAZWA_ULC":"Kasztanowa","NAZWA_GMI":"Myślenice","NAZWA_MSC":"Jawornik","odleglosc_m":87.4,"strefa":"50-200 m","warstwa":"adresy"},"geometry":{"type":"Point","coordinates":[19.908799,49.863181]}},{"type":"Feature","properties":{"NUMER_PORZ":"12","KOD_POCZT":"32-400","NAZWA_ULC":"Kasztanowa","NAZWA_GMI":"Myślenice","NAZWA_MSC":"Jawornik","odleglosc_m":102.1,"strefa":"50-200 m","warstwa":"adresy"},"geometry":{"type":"Point","coordinates":[19.908333,49.862822]}},{"type":"Feature","properties":{"NUMER_PORZ":"7","KOD_POCZT":"32-400","NAZWA_ULC":"Podleśna","NAZWA_GMI":"Myślenice","NAZWA_MSC":"Jawornik","odleglosc_m":159.4,"strefa":"50-200 m","warstwa":"adresy"},"geometry":{"type":"Point","coordinates":[19.920614,49.848908]}},{"type":"Feature","properties":{"NUMER_PORZ":"4","KOD_POCZT":"32-400","NAZWA_ULC":"Podleśna","NAZWA_GMI":"Myślenice","NAZWA_MSC":"Jawornik","odleglosc_m":121.9,"strefa":"50-200 m","warstwa":"adresy"},"geometry":{"type":"Point","coordinates":[19.920386,49.849402]}},{"type":"Feature","properties":{"NUMER_PORZ":"11","KOD_POCZT":"32-400","NAZWA_ULC":"Podleśna","NAZWA_GMI":"Myślenice","NAZWA_MSC":"Jawornik","odleglosc_m":198.3,"strefa":"50-200 m","warstwa":"adresy"},"geometry":{"type":"Point","coordinates":[19.920722,49.84843]}},{"type":"Feature","properties":{"NUMER_PORZ":"5","KOD_POCZT":"32-400","NAZWA_ULC":"Podleśna","NAZWA_GMI":"Myślenice","NAZWA_MSC":"Jawornik","odleglosc_m":131.9,"strefa":"50-200 m","warstwa":"adresy"},"geometry":{"type":"Point","coordinates":[19.920714,49.849158]}},{"type":"Feature","properties":{"NUMER_PORZ":"8","KOD_POCZT":"32-400","NAZWA_ULC":"Podleśna","NAZWA_GMI":"Myślenice","NAZWA_MSC":"Jawornik","odleglosc_m":190.6,"strefa":"50-200 m","warstwa":"adresy"},"geometry":{"type":"Point","coordinates":[19.919819,49.848903]}},{"type":"Feature","properties":{"NUMER_PORZ":"15","KOD_POCZT":"32-400","NAZWA_ULC":"Brzozowa","NAZWA_GMI":"Myślenice","NAZWA_MSC":"Jawornik","odleglosc_m":173.8,"strefa":"50-200 m","warstwa":"adresy"},"geometry":{"type":"Point","coordinates":[19.906706,49.858284]}},{"type":"Feature","properties":{"NUMER_PORZ":"6","KOD_POCZT":"32-400","NAZWA_ULC":"Jaśminowa","NAZWA_GMI":"Myślenice","NAZWA_MSC":"Jawornik","odleglosc_m":107.8,"strefa":"50-200 m","warstwa":"adresy"},"geometry":{"type":"Point","coordinates":[19.916425,49.851624]}},{"type":"Feature","properties":{"NUMER_PORZ":"24","KOD_POCZT":"32-400","NAZWA_ULC":"Syberia","NAZWA_GMI":"Myślenice","NAZWA_MSC":"Jawornik","odleglosc_m":74.7,"strefa":"50-200 m","warstwa":"adresy"},"geometry":{"type":"Point","coordinates":[19.91221,49.857138]}},{"type":"Feature","properties":{"NUMER_PORZ":"64","KOD_POCZT":"32-400","NAZWA_ULC":"Syberia","NAZWA_GMI":"Myślenice","NAZWA_MSC":"Jawornik","odleglosc_m":88.4,"strefa":"50-200 m","warstwa":"adresy"},"geometry":{"type":"Point","coordinates":[19.910502,49.859351]}},{"type":"Feature","properties":{"NUMER_PORZ":"112","KOD_POCZT":"32-400","NAZWA_ULC":"Syberia","NAZWA_GMI":"Myślenice","NAZWA_MSC":"Jawornik","odleglosc_m":77.7,"strefa":"50-200 m","warstwa":"adresy"},"geometry":{"type":"Point","coordinates":[19.910276,49.860442]}},{"type":"Feature","properties":{"NUMER_PORZ":"62","KOD_POCZT":"32-400","NAZWA_ULC":"Syberia","NAZWA_GMI":"Myślenice","NAZWA_MSC":"Jawornik","odleglosc_m":34.0,"strefa":"30-50 m","warstwa":"adresy"},"geometry":{"type":"Point","coordinates":[19.909759,49.859254]}},{"type":"Feature","properties":{"NUMER_PORZ":"44","KOD_POCZT":"32-400","NAZWA_ULC":"Syberia","NAZWA_GMI":"Myślenice","NAZWA_MSC":"Jawornik","odleglosc_m":35.8,"strefa":"30-50 m","warstwa":"adresy"},"geometry":{"type":"Point","coordinates":[19.910516,49.857994]}},{"type":"Feature","properties":{"NUMER_PORZ":"156","KOD_POCZT":"32-400","NAZWA_ULC":"Syberia","NAZWA_GMI":"Myślenice","NAZWA_MSC":"Jawornik","odleglosc_m":190.3,"strefa":"50-200 m","warstwa":"adresy"},"geometry":{"type":"Point","coordinates":[19.912255,49.861275]}},{"type":"Feature","properties":{"NUMER_PORZ":"38","KOD_POCZT":"32-400","NAZWA_ULC":"Syberia","NAZWA_GMI":"Myślenice","NAZWA_MSC":"Jawornik","odleglosc_m":48.0,"strefa":"30-50 m","warstwa":"adresy"},"geometry":{"type":"Point","coordinates":[19.910983,49.857744]}},{"type":"Feature","properties":{"NUMER_PORZ":"34","KOD_POCZT":"32-400","NAZWA_ULC":"Syberia","NAZWA_GMI":"Myślenice","NAZWA_MSC":"Jawornik","odleglosc_m":33.3,"strefa":"30-50 m","warstwa":"adresy"},"geometry":{"type":"Point","coordinates":[19.911269,49.857275]}},{"type":"Feature","properties":{"NUMER_PORZ":"58","KOD_POCZT":"32-400","NAZWA_ULC":"Syberia","NAZWA_GMI":"Myślenice","NAZWA_MSC":"Jawornik","odleglosc_m":105.7,"strefa":"50-200 m","warstwa":"adresy"},"geometry":{"type":"Point","coordinates":[19.910813,49.859128]}},{"type":"Feature","properties":{"NUMER_PORZ":"22","KOD_POCZT":"32-400","NAZWA_ULC":"Syberia","NAZWA_GMI":"Myślenice","NAZWA_MSC":"Jawornik","odleglosc_m":26.6,"strefa":"20-30 m","warstwa":"adresy"},"geometry":{"type":"Point","coordinates":[19.911358,49.857117]}},{"type":"Feature","properties":{"NUMER_PORZ":"40","KOD_POCZT":"32-400","NAZWA_ULC":"Syberia","NAZWA_GMI":"Myślenice","NAZWA_MSC":"Jawornik","odleglosc_m":102.7,"strefa":"50-200 m","warstwa":"adresy"},"geometry":{"type":"Point","coordinates":[19.911837,49.85782]}},{"type":"Feature","properties":{"NUMER_PORZ":"32","KOD_POCZT":"32-400","NAZWA_ULC":"Syberia","NAZWA_GMI":"Myślenice","NAZWA_MSC":"Jawornik","odleglosc_m":62.1,"strefa":"50-200 m","warstwa":"adresy"},"geometry":{"type":"Point","coordinates":[19.911768,49.857301]}},{"type":"Feature","properties":{"NUMER_PORZ":"36","KOD_POCZT":"32-400","NAZWA_ULC":"Syberia","NAZWA_GMI":"Myślenice","NAZWA_MSC":"Jawornik","odleglosc_m":12.2,"strefa":"0-20 m","warstwa":"adresy"},"geometry":{"type":"Point","coordinates":[19.910666,49.857476]}},{"type":"Feature","properties":{"NUMER_PORZ":"166","KOD_POCZT":"32-400","NAZWA_ULC":"Syberia","NAZWA_GMI":"Myślenice","NAZWA_MSC":"Jawornik","odleglosc_m":66.0,"strefa":"50-200 m","warstwa":"adresy"},"geometry":{"type":"Point","coordinates":[19.910402,49.861219]}},{"type":"Feature","properties":{"NUMER_PORZ":"164","KOD_POCZT":"32-400","NAZWA_ULC":"Syberia","NAZWA_GMI":"Myślenice","NAZWA_MSC":"Jawornik","odleglosc_m":49.7,"strefa":"30-50 m","warstwa":"adresy"},"geometry":{"type":"Point","coordinates":[19.909997,49.860856]}},{"type":"Feature","properties":{"NUMER_PORZ":"108","KOD_POCZT":"32-400","NAZWA_ULC":"Syberia","NAZWA_GMI":"Myślenice","NAZWA_MSC":"Jawornik","odleglosc_m":14.6,"strefa":"0-20 m","warstwa":"adresy"},"geometry":{"type":"Point","coordinates":[19.909359,49.860068]}},{"type":"Feature","properties":{"NUMER_PORZ":"3","KOD_POCZT":"32-400","NAZWA_ULC":"Bugaj","NAZWA_GMI":"Myślenice","NAZWA_MSC":"Jawornik","odleglosc_m":87.8,"strefa":"50-200 m","warstwa":"adresy"},"geometry":{"type":"Point","coordinates":[19.907916,49.868668]}},{"type":"Feature","properties":{"NUMER_PORZ":"12","KOD_POCZT":"32-400","NAZWA_ULC":"Kalwaryjska","NAZWA_GMI":"Myślenice","NAZWA_MSC":"Jawornik","odleglosc_m":120.1,"strefa":"50-200 m","warstwa":"adresy"},"geometry":{"type":"Point","coordinates":[19.911915,49.854221]}},{"type":"Feature","properties":{"NUMER_PORZ":"116","KOD_POCZT":"32-400","NAZWA_ULC":"Syberia","NAZWA_GMI":"Myślenice","NAZWA_MSC":"Jawornik","odleglosc_m":170.7,"strefa":"50-200 m","warstwa":"adresy"},"geometry":{"type":"Point","coordinates":[19.911645,49.860619]}},{"type":"Feature","properties":{"NUMER_PORZ":"20","KOD_POCZT":"32-400","NAZWA_ULC":"Syberia","NAZWA_GMI":"Myślenice","NAZWA_MSC":"Jawornik","odleglosc_m":55.4,"strefa":"50-200 m","warstwa":"adresy"},"geometry":{"type":"Point","coordinates":[19.912138,49.856923]}},{"type":"Feature","properties":{"NUMER_PORZ":"18","KOD_POCZT":"32-400","NAZWA_ULC":"Syberia","NAZWA_GMI":"Myślenice","NAZWA_MSC":"Jawornik","odleglosc_m":41.4,"strefa":"30-50 m","warstwa":"adresy"},"geometry":{"type":"Point","coordinates":[19.912339,49.856568]}},{"type":"Feature","properties":{"NUMER_PORZ":"54","KOD_POCZT":"32-400","NAZWA_ULC":"Syberia","NAZWA_GMI":"Myślenice","NAZWA_MSC":"Jawornik","odleglosc_m":33.1,"strefa":"30-50 m","warstwa":"adresy"},"geometry":{"type":"Point","coordinates":[19.910113,49.858436]}},{"type":"Feature","properties":{"NUMER_PORZ":"110","KOD_POCZT":"32-400","NAZWA_ULC":"Syberia","NAZWA_GMI":"Myślenice","NAZWA_MSC":"Jawornik","odleglosc_m":45.1,"strefa":"30-50 m","warstwa":"adresy"},"geometry":{"type":"Point","coordinates":[19.909861,49.860631]}},{"type":"Feature","properties":{"NUMER_PORZ":"154","KOD_POCZT":"32-400","NAZWA_ULC":"Syberia","NAZWA_GMI":"Myślenice","NAZWA_MSC":"Jawornik","odleglosc_m":194.1,"strefa":"50-200 m","warstwa":"adresy"},"geometry":{"type":"Point","coordinates":[19.912469,49.861526]}},{"type":"Feature","properties":{"NUMER_PORZ":"168","KOD_POCZT":"32-400","NAZWA_ULC":"Syberia","NAZWA_GMI":"Myślenice","NAZWA_MSC":"Jawornik","odleglosc_m":79.3,"strefa":"50-200 m","warstwa":"adresy"},"geometry":{"type":"Point","coordinates":[19.910736,49.861492]}},{"type":"Feature","properties":{"NUMER_PORZ":"3","KOD_POCZT":"32-400","NAZWA_ULC":"Jaśminowa","NAZWA_GMI":"Myślenice","NAZWA_MSC":"Jawornik","odleglosc_m":81.4,"strefa":"50-200 m","warstwa":"adresy"},"geometry":{"type":"Point","coordinates":[19.916999,49.851637]}},{"type":"Feature","properties":{"NUMER_PORZ":"15","KOD_POCZT":"32-400","NAZWA_ULC":"Kalwaryjska","NAZWA_GMI":"Myślenice","NAZWA_MSC":"Jawornik","odleglosc_m":194.6,"strefa":"50-200 m","warstwa":"adresy"},"geometry":{"type":"Point","coordinates":[19.911098,49.853809]}},{"type":"Feature","properties":{"NUMER_PORZ":"8","KOD_POCZT":"32-400","NAZWA_ULC":"Kalwaryjska","NAZWA_GMI":"Myślenice","NAZWA_MSC":"Jawornik","odleglosc_m":66.9,"strefa":"50-200 m","warstwa":"adresy"},"geometry":{"type":"Point","coordinates":[19.912721,49.854354]}},{"type":"Feature","properties":{"NUMER_PORZ":"11","KOD_POCZT":"32-400","NAZWA_ULC":"Kalwaryjska","NAZWA_GMI":"Myślenice","NAZWA_MSC":"Jawornik","odleglosc_m":173.4,"strefa":"50-200 m","warstwa":"adresy"},"geometry":{"type":"Point","coordinates":[19.9116,49.853726]}},{"type":"Feature","properties":{"NUMER_PORZ":"10","KOD_POCZT":"32-400","NAZWA_ULC":"Kalwaryjska","NAZWA_GMI":"Myślenice","NAZWA_MSC":"Jawornik","odleglosc_m":68.9,"strefa":"50-200 m","warstwa":"adresy"},"geometry":{"type":"Point","coordinates":[19.912804,49.854276]}},{"type":"Feature","properties":{"NUMER_PORZ":"13","KOD_POCZT":"32-400","NAZWA_ULC":"Kalwaryjska","NAZWA_GMI":"Myślenice","NAZWA_MSC":"Jawornik","odleglosc_m":187.3,"strefa":"50-200 m","warstwa":"adresy"},"geometry":{"type":"Point","coordinates":[19.911363,49.853713]}},{"type":"Feature","properties":{"NUMER_PORZ":"4","KOD_POCZT":"32-400","NAZWA_ULC":"Kalwaryjska","NAZWA_GMI":"Myślenice","NAZWA_MSC":"Jawornik","odleglosc_m":73.2,"strefa":"50-200 m","warstwa":"adresy"},"geometry":{"type":"Point","coordinates":[19.913079,49.854032]}},{"type":"Feature","properties":{"NUMER_PORZ":"1","KOD_POCZT":"32-400","NAZWA_ULC":"Kalwaryjska","NAZWA_GMI":"Myślenice","NAZWA_MSC":"Jawornik","odleglosc_m":44.4,"strefa":"30-50 m","warstwa":"adresy"},"geometry":{"type":"Point","coordinates":[19.914413,49.853527]}},{"type":"Feature","properties":{"NUMER_PORZ":"16","KOD_POCZT":"32-400","NAZWA_ULC":"Syberia","NAZWA_GMI":"Myślenice","NAZWA_MSC":"Jawornik","odleglosc_m":37.9,"strefa":"30-50 m","warstwa":"adresy"},"geometry":{"type":"Point","coordinates":[19.91272,49.856232]}},{"type":"Feature","properties":{"NUMER_PORZ":"56","KOD_POCZT":"32-400","NAZWA_ULC":"Syberia","NAZWA_GMI":"Myślenice","NAZWA_MSC":"Jawornik","odleglosc_m":35.2,"strefa":"30-50 m","warstwa":"adresy"},"geometry":{"type":"Point","coordinates":[19.90998,49.858701]}},{"type":"Feature","properties":{"NUMER_PORZ":"106","KOD_POCZT":"32-400","NAZWA_ULC":"Syberia","NAZWA_GMI":"Myślenice","NAZWA_MSC":"Jawornik","odleglosc_m":16.8,"strefa":"0-20 m","warstwa":"adresy"},"geometry":{"type":"Point","coordinates":[19.909388,49.859994]}},{"type":"Feature","properties":{"NUMER_PORZ":"60","KOD_POCZT":"32-400","NAZWA_ULC":"Syberia","NAZWA_GMI":"Myślenice","NAZWA_MSC":"Jawornik","odleglosc_m":30.2,"strefa":"30-50 m","warstwa":"adresy"},"geometry":{"type":"Point","coordinates":[19.909788,49.858979]}},{"type":"Feature","properties":{"NUMER_PORZ":"1","KOD_POCZT":"32-400","NAZWA_ULC":"Syberia","NAZWA_GMI":"Myślenice","NAZWA_MSC":"Jawornik","odleglosc_m":0.0,"strefa":"w śladzie","warstwa":"adresy"},"geometry":{"type":"Point","coordinates":[19.909199,49.858495]}},{"type":"Feature","properties":{"NUMER_PORZ":"158","KOD_POCZT":"32-400","NAZWA_ULC":"Syberia","NAZWA_GMI":"Myślenice","NAZWA_MSC":"Jawornik","odleglosc_m":177.9,"strefa":"50-200 m","warstwa":"adresy"},"geometry":{"type":"Point","coordinates":[19.912054,49.861238]}},{"type":"Feature","properties":{"NUMER_PORZ":"42","KOD_POCZT":"32-400","NAZWA_ULC":"Syberia","NAZWA_GMI":"Myślenice","NAZWA_MSC":"Jawornik","odleglosc_m":122.4,"strefa":"50-200 m","warstwa":"adresy"},"geometry":{"type":"Point","coordinates":[19.912086,49.8579]}},{"type":"Feature","properties":{"NUMER_PORZ":"5","KOD_POCZT":"32-400","NAZWA_ULC":"Kalwaryjska","NAZWA_GMI":"Myślenice","NAZWA_MSC":"Jawornik","odleglosc_m":136.9,"strefa":"50-200 m","warstwa":"adresy"},"geometry":{"type":"Point","coordinates":[19.913005,49.853258]}},{"type":"Feature","properties":{"NUMER_PORZ":"9","KOD_POCZT":"32-400","NAZWA_ULC":"Kalwaryjska","NAZWA_GMI":"Myślenice","NAZWA_MSC":"Jawornik","odleglosc_m":151.6,"strefa":"50-200 m","warstwa":"adresy"},"geometry":{"type":"Point","coordinates":[19.91193,49.853789]}},{"type":"Feature","properties":{"NUMER_PORZ":"2","KOD_POCZT":"32-400","NAZWA_ULC":"Kalwaryjska","NAZWA_GMI":"Myślenice","NAZWA_MSC":"Jawornik","odleglosc_m":14.3,"strefa":"0-20 m","warstwa":"adresy"},"geometry":{"type":"Point","coordinates":[19.91442,49.853901]}},{"type":"Feature","properties":{"NUMER_PORZ":"3","KOD_POCZT":"32-400","NAZWA_ULC":"Miodowa","NAZWA_GMI":"Myślenice","NAZWA_MSC":"Jawornik","odleglosc_m":31.4,"strefa":"30-50 m","warstwa":"adresy"},"geometry":{"type":"Point","coordinates":[19.919073,49.851169]}},{"type":"Feature","properties":{"NUMER_PORZ":"1","KOD_POCZT":"32-400","NAZWA_ULC":"Miodowa","NAZWA_GMI":"Myślenice","NAZWA_MSC":"Jawornik","odleglosc_m":19.9,"strefa":"0-20 m","warstwa":"adresy"},"geometry":{"type":"Point","coordinates":[19.919499,49.851089]}},{"type":"Feature","properties":{"NUMER_PORZ":"37","KOD_POCZT":"32-400","NAZWA_ULC":"Miodowa","NAZWA_GMI":"Myślenice","NAZWA_MSC":"Jawornik","odleglosc_m":115.7,"strefa":"50-200 m","warstwa":"adresy"},"geometry":{"type":"Point","coordinates":[19.91791,49.8508]}},{"type":"Feature","properties":{"NUMER_PORZ":"73","KOD_POCZT":"32-400","NAZWA_ULC":"Miodowa","NAZWA_GMI":"Myślenice","NAZWA_MSC":"Jawornik","odleglosc_m":124.7,"strefa":"50-200 m","warstwa":"adresy"},"geometry":{"type":"Point","coordinates":[19.915592,49.85185]}},{"type":"Feature","properties":{"NUMER_PORZ":"9","KOD_POCZT":"32-400","NAZWA_ULC":"Miodowa","NAZWA_GMI":"Myślenice","NAZWA_MSC":"Jawornik","odleglosc_m":53.2,"strefa":"50-200 m","warstwa":"adresy"},"geometry":{"type":"Point","coordinates":[19.918751,49.851088]}},{"type":"Feature","properties":{"NUMER_PORZ":"19","KOD_POCZT":"32-400","NAZWA_ULC":"Miodowa","NAZWA_GMI":"Myślenice","NAZWA_MSC":"Jawornik","odleglosc_m":154.2,"strefa":"50-200 m","warstwa":"adresy"},"geometry":{"type":"Point","coordinates":[19.918514,49.850061]}},{"type":"Feature","properties":{"NUMER_PORZ":"39","KOD_POCZT":"32-400","NAZWA_ULC":"Miodowa","NAZWA_GMI":"Myślenice","NAZWA_MSC":"Jawornik","odleglosc_m":108.5,"strefa":"50-200 m","warstwa":"adresy"},"geometry":{"type":"Point","coordinates":[19.917709,49.850986]}},{"type":"Feature","properties":{"NUMER_PORZ":"57","KOD_POCZT":"32-400","NAZWA_ULC":"Miodowa","NAZWA_GMI":"Myślenice","NAZWA_MSC":"Jawornik","odleglosc_m":10.3,"strefa":"0-20 m","warstwa":"adresy"},"geometry":{"type":"Point","coordinates":[19.916249,49.852846]}},{"type":"Feature","properties":{"NUMER_PORZ":"5","KOD_POCZT":"00-000","NAZWA_ULC":"Zakręty","NAZWA_GMI":"Myślenice","NAZWA_MSC":"Jawornik","odleglosc_m":24.1,"strefa":"20-30 m","warstwa":"adresy"},"geometry":{"type":"Point","coordinates":[19.911456,49.864959]}},{"type":"Feature","properties":{"NUMER_PORZ":"28F","KOD_POCZT":"32-400","NAZWA_ULC":"Jana Sobieskiego","NAZWA_GMI":"Myślenice","NAZWA_MSC":"Myślenice","odleglosc_m":73.2,"strefa":"50-200 m","warstwa":"adresy"},"geometry":{"type":"Point","coordinates":[19.936211,49.841413]}}]}