{"type":"FeatureCollection","features":[{"type":"Feature","properties":{"rodzaj":"powierzchnia","warstwa":"korytarz"},"geometry":{"type":"MultiPolygon","coordinates":[[[[19.921298,49.811155],[19.921149,49.811361],[19.921174,49.81136],[19.921255,49.811367],[19.921332,49.811385],[19.921402,49.811412],[19.921463,49.811447],[19.921481,49.811463],[19.923574,49.808566],[19.923576,49.808542],[19.923537,49.808541],[19.923296,49.808468],[19.923269,49.808449],[19.923241,49.808465],[19.921298,49.811154],[19.921298,49.811155]]],[[[19.911932,49.830115],[19.911871,49.830148],[19.911864,49.830176],[19.911982,49.830381],[19.912031,49.83044],[19.912048,49.830464],[19.912128,49.830596],[19.912203,49.830682],[19.912236,49.830738],[19.912268,49.83082],[19.912317,49.830903],[19.91234,49.830972],[19.91236,49.831214],[19.912359,49.831246],[19.912317,49.831547],[19.912367,49.831599],[19.912413,49.831675],[19.912486,49.831922],[19.912697,49.832415],[19.912881,49.832804],[19.913034,49.833084],[19.91322,49.83338],[19.913224,49.833387],[19.913426,49.833741],[19.913747,49.834243],[19.913753,49.834253],[19.91393,49.834571],[19.913941,49.834596],[19.913963,49.834655],[19.914006,49.834709],[19.914044,49.834743],[19.914101,49.834819],[19.914166,49.834976],[19.914404,49.835455],[19.914423,49.835486],[19.914423,49.835486],[19.914723,49.835995],[19.914961,49.836314],[19.915233,49.836646],[19.915597,49.837026],[19.915786,49.837189],[19.916083,49.837412],[19.91612,49.837445],[19.916293,49.837637],[19.916419,49.83776],[19.916597,49.837888],[19.916639,49.837925],[19.916882,49.838196],[19.917013,49.838314],[19.917045,49.838349],[19.917186,49.838544],[19.917649,49.839062],[19.918211,49.839624],[19.918812,49.8402],[19.919067,49.840393],[19.919083,49.840407],[19.919312,49.84061],[19.919328,49.840626],[19.919405,49.840708],[19.919416,49.84072],[19.919911,49.841334],[19.920145,49.841608],[19.920522,49.842001],[19.920914,49.842357],[19.921219,49.842606],[19.921226,49.842612],[19.921516,49.842865],[19.921906,49.843183],[19.921906,49.843184],[19.922623,49.843766],[19.92265,49.843791],[19.922955,49.84412],[19.922982,49.844156],[19.923036,49.84425],[19.923139,49.844358],[19.923152,49.844373],[19.923185,49.844414],[19.923316,49.844578],[19.923324,49.84459],[19.923436,49.844752],[19.923735,49.845145],[19.923986,49.845446],[19.924005,49.845473],[19.924076,49.845595],[19.924204,49.845723],[19.924226,49.845749],[19.924292,49.845839],[19.924469,49.846037],[19.924481,49.846053],[19.924529,49.846118],[19.924607,49.846191],[19.924625,49.846209],[19.92472,49.846319],[19.924736,49.84634],[19.924763,49.84638],[19.924838,49.846442],[19.924863,49.846465],[19.925104,49.846721],[19.925115,49.846734],[19.925434,49.847132],[19.925532,49.847233],[19.925564,49.847277],[19.925746,49.847612],[19.925817,49.847695],[19.925838,49.847726],[19.925892,49.847822],[19.925963,49.847922],[19.925977,49.847944],[19.926275,49.848515],[19.92628,49.848526],[19.926378,49.848749],[19.926383,49.848762],[19.926466,49.848999],[19.926571,49.849246],[19.926574,49.849256],[19.926689,49.849585],[19.926693,49.8496],[19.926786,49.849989],[19.92679,49.85001],[19.926832,49.850457],[19.926867,49.850695],[19.926868,49.850713],[19.926896,49.851915],[19.926895,49.851929],[19.926878,49.852152],[19.926871,49.852188],[19.92686,49.85222],[19.926864,49.852234],[19.926877,49.852441],[19.926897,49.852571],[19.926886,49.852654],[19.926812,49.852825],[19.92678,49.852972],[19.926779,49.853002],[19.926802,49.853122],[19.926766,49.853253],[19.926745,49.85328],[19.926725,49.85332],[19.926726,49.853383],[19.926728,49.853465],[19.926726,49.853487],[19.926711,49.853604],[19.926709,49.853615],[19.926604,49.854113],[19.926601,49.854125],[19.926516,49.854409],[19.926464,49.854627],[19.926459,49.854645],[19.926389,49.854834],[19.926364,49.854938],[19.926287,49.855049],[19.926263,49.855067],[19.926244,49.855096],[19.926138,49.855374],[19.926064,49.855645],[19.926045,49.855688],[19.925999,49.855762],[19.925914,49.855955],[19.925903,49.856043],[19.925895,49.856074],[19.925823,49.856274],[19.925821,49.856281],[19.925583,49.856861],[19.92558,49.856867],[19.925475,49.857099],[19.925478,49.857183],[19.925466,49.857245],[19.925405,49.857396],[19.925302,49.857702],[19.924855,49.859188],[19.924846,49.859212],[19.924586,49.859753],[19.924498,49.859991],[19.924461,49.860051],[19.92443,49.860086],[19.924406,49.86013],[19.924406,49.860211],[19.924399,49.860258],[19.924331,49.860465],[19.924239,49.860808],[19.924221,49.860922],[19.9242,49.860979],[19.923989,49.861343],[19.923847,49.861676],[19.923778,49.861868],[19.923715,49.86213],[19.923714,49.862234],[19.923713,49.862251],[19.923693,49.862404],[19.923688,49.862441],[19.923673,49.862491],[19.923412,49.863012],[19.923299,49.863288],[19.923227,49.863546],[19.923199,49.863602],[19.923141,49.863681],[19.923071,49.863804],[19.923,49.864025],[19.922896,49.864468],[19.922854,49.864731],[19.92284,49.864971],[19.922862,49.865224],[19.922862,49.865246],[19.922843,49.86555],[19.922872,49.865726],[19.922904,49.865813],[19.922913,49.865854],[19.922921,49.865974],[19.922971,49.866303],[19.923084,49.8668],[19.923086,49.866813],[19.923109,49.866976],[19.923111,49.866997],[19.92311,49.867795],[19.923109,49.867807],[19.9231,49.867909],[19.923127,49.868139],[19.923128,49.868146],[19.923167,49.868696],[19.923168,49.868712],[19.923165,49.86879],[19.923223,49.86918],[19.923289,49.869507],[19.923366,49.869806],[19.923425,49.869984],[19.923631,49.870465],[19.923643,49.870538],[19.923577,49.871259],[19.923574,49.871277],[19.923549,49.871391],[19.923548,49.871403],[19.923535,49.871539],[19.923565,49.871582],[19.923696,49.871657],[19.923696,49.871658],[19.923727,49.871673],[19.923794,49.871798],[19.923824,49.872329],[19.923825,49.872338],[19.923824,49.872831],[19.923762,49.872958],[19.923599,49.873041],[19.923562,49.87305],[19.923553,49.873063],[19.923556,49.873082],[19.92359,49.873251],[19.923632,49.873366],[19.923637,49.873385],[19.923718,49.873743],[19.923721,49.873767],[19.923726,49.873849],[19.923709,49.873928],[19.923634,49.874074],[19.923625,49.874091],[19.923459,49.874346],[19.923303,49.874669],[19.923299,49.874677],[19.923136,49.874976],[19.923127,49.874991],[19.923028,49.875138],[19.923019,49.875151],[19.922814,49.87541],[19.922738,49.875535],[19.922613,49.875792],[19.922531,49.876],[19.922454,49.876195],[19.922445,49.876215],[19.922376,49.876339],[19.922364,49.876429],[19.922342,49.876491],[19.92221,49.87671],[19.922199,49.876727],[19.92215,49.876793],[19.92201,49.877061],[19.922001,49.877078],[19.921776,49.877418],[19.921756,49.877443],[19.921553,49.877669],[19.921419,49.877846],[19.921405,49.877861],[19.921161,49.878127],[19.921099,49.878209],[19.921087,49.878224],[19.920945,49.878382],[19.920936,49.878392],[19.920538,49.878787],[19.920524,49.8788],[19.920382,49.878921],[19.920012,49.879271],[19.919921,49.87933],[19.919413,49.879554],[19.919198,49.879657],[19.918948,49.879807],[19.918932,49.879817],[19.918577,49.880005],[19.918485,49.880068],[19.918458,49.880084],[19.918254,49.880196],[19.918225,49.880211],[19.91809,49.88027],[19.918049,49.880285],[19.917875,49.880341],[19.917859,49.880348],[19.917846,49.880366],[19.917741,49.880446],[19.917746,49.880446],[19.917745,49.880447],[19.917679,49.88048],[19.91766,49.880489],[19.91746,49.880576],[19.917375,49.880624],[19.917303,49.880655],[19.917229,49.880679],[19.916946,49.880799],[19.916841,49.880854],[19.916805,49.880871],[19.916282,49.881082],[19.916222,49.881111],[19.916124,49.88118],[19.916068,49.881211],[19.915652,49.8814],[19.915643,49.881404],[19.915171,49.881603],[19.915141,49.881615],[19.914962,49.881675],[19.914926,49.881685],[19.914857,49.881702],[19.914854,49.881704],[19.914732,49.881766],[19.914732,49.881766],[19.914674,49.881802],[19.913811,49.882127],[19.913059,49.882438],[19.913054,49.88244],[19.912182,49.882788],[19.912048,49.882854],[19.912017,49.882868],[19.911747,49.882973],[19.911699,49.882988],[19.910793,49.883227],[19.910187,49.883396],[19.909829,49.88351],[19.909519,49.883619],[19.909081,49.883802],[19.908758,49.883959],[19.908758,49.883959],[19.908369,49.884147],[19.908351,49.884155],[19.90823,49.884207],[19.908201,49.884218],[19.907984,49.884291],[19.907783,49.884377],[19.907556,49.884492],[19.907476,49.884522],[19.907237,49.884587],[19.906405,49.884919],[19.906393,49.884923],[19.9054,49.885285],[19.905391,49.885288],[19.904791,49.885492],[19.90477,49.885498],[19.904315,49.885628],[19.90425,49.885642],[19.904094,49.885664],[19.904049,49.885674],[19.903861,49.885739],[19.903703,49.885766],[19.903666,49.885767],[19.903591,49.885781],[19.903528,49.885808],[19.903488,49.885832],[19.903382,49.885922],[19.90335,49.885945],[19.903172,49.886057],[19.903149,49.886071],[19.903066,49.886115],[19.903037,49.886129],[19.902829,49.886217],[19.902807,49.886225],[19.902696,49.886265],[19.902568,49.886292],[19.902524,49.886295],[19.902464,49.886309],[19.902404,49.886334],[19.902329,49.886359],[19.902286,49.886369],[19.902245,49.886401],[19.902109,49.886465],[19.901937,49.88651],[19.901135,49.886769],[19.900927,49.886858],[19.900826,49.886917],[19.90069,49.886966],[19.900566,49.886989],[19.900397,49.887052],[19.900378,49.887058],[19.90019,49.887119],[19.899112,49.887543],[19.898785,49.887694],[19.898599,49.887735],[19.898531,49.887737],[19.898474,49.887752],[19.898192,49.887902],[19.898155,49.887919],[19.898077,49.887951],[19.898037,49.887965],[19.89767,49.888073],[19.897611,49.888087],[19.897525,49.888101],[19.897479,49.888114],[19.897377,49.888156],[19.897326,49.888174],[19.897142,49.888225],[19.896445,49.888463],[19.896129,49.888588],[19.895494,49.88886],[19.895493,49.888858],[19.895489,49.88886],[19.895465,49.888886],[19.895479,49.888923],[19.895358,49.889155],[19.894934,49.889371],[19.894934,49.889371],[19.894843,49.889418],[19.89447,49.889625],[19.89447,49.889625],[19.89423,49.889759],[19.893643,49.890119],[19.893109,49.890482],[19.892605,49.890863],[19.892143,49.891251],[19.891871,49.8915],[19.8916,49.891766],[19.891343,49.892038],[19.891101,49.892316],[19.890877,49.892591],[19.890673,49.892864],[19.890478,49.893149],[19.890293,49.893444],[19.890131,49.893729],[19.889979,49.894025],[19.889846,49.894315],[19.889725,49.894616],[19.88958,49.895043],[19.889311,49.895215],[19.889187,49.895232],[19.889168,49.895251],[19.889158,49.895334],[19.889164,49.895522],[19.889284,49.896302],[19.889269,49.896392],[19.88905,49.89684],[19.88886,49.897297],[19.888806,49.897529],[19.88879,49.897703],[19.888824,49.897915],[19.888833,49.897938],[19.888921,49.898097],[19.888936,49.898131],[19.888965,49.898229],[19.889003,49.898288],[19.889045,49.898322],[19.889031,49.898328],[19.889115,49.898443],[19.889126,49.89844],[19.889134,49.898452],[19.889132,49.898466],[19.889162,49.898507],[19.889153,49.898557],[19.889117,49.898554],[19.889099,49.898663],[19.889098,49.898672],[19.888975,49.898783],[19.88895,49.898829],[19.888935,49.898889],[19.888927,49.898912],[19.888813,49.899182],[19.888754,49.899368],[19.888728,49.89954],[19.888726,49.899655],[19.888751,49.899772],[19.888796,49.899904],[19.888859,49.900044],[19.888865,49.900062],[19.888941,49.900306],[19.888947,49.900335],[19.888971,49.900557],[19.889077,49.900937],[19.889081,49.900958],[19.88912,49.901255],[19.889137,49.901333],[19.889155,49.901368],[19.889274,49.901515],[19.889253,49.901746],[19.889069,49.901919],[19.889047,49.901953],[19.88907,49.901997],[19.889081,49.902029],[19.889144,49.902093],[19.889172,49.902108],[19.889218,49.902135],[19.889294,49.90219],[19.889378,49.902373],[19.889359,49.902455],[19.889359,49.902498],[19.889416,49.902781],[19.889371,49.90289],[19.889383,49.902892],[19.889337,49.902994],[19.889384,49.903065],[19.889398,49.903218],[19.889363,49.903295],[19.889335,49.903409],[19.889332,49.903422],[19.889255,49.903649],[19.88913,49.904179],[19.889092,49.904436],[19.889101,49.904629],[19.889101,49.904643],[19.889094,49.904781],[19.889137,49.905043],[19.889122,49.905136],[19.889091,49.905198],[19.88897,49.905307],[19.888774,49.905352],[19.888672,49.905355],[19.888475,49.905322],[19.888341,49.905222],[19.8883,49.905164],[19.888251,49.905152],[19.888054,49.905156],[19.887462,49.905197],[19.886893,49.905256],[19.886787,49.905275],[19.886743,49.905281],[19.886063,49.905343],[19.885875,49.905373],[19.885819,49.905379],[19.885661,49.905387],[19.885339,49.905424],[19.884675,49.905533],[19.883761,49.905703],[19.883368,49.905789],[19.883155,49.905841],[19.883118,49.905856],[19.883041,49.90588],[19.882909,49.905909],[19.882546,49.906007],[19.882423,49.906025],[19.882382,49.906025],[19.88227,49.906048],[19.882125,49.906056],[19.882097,49.906054],[19.881802,49.906064],[19.881332,49.906097],[19.881313,49.906099],[19.881197,49.90611],[19.881196,49.906111],[19.881173,49.906123],[19.881171,49.906134],[19.881174,49.906139],[19.881184,49.906182],[19.881141,49.906327],[19.880968,49.906424],[19.879078,49.90691],[19.879071,49.906912],[19.878511,49.907046],[19.878305,49.907054],[19.878129,49.906985],[19.878061,49.906936],[19.877955,49.906995],[19.877722,49.907045],[19.877418,49.907126],[19.87731,49.907179],[19.877288,49.907188],[19.876833,49.907374],[19.876684,49.907408],[19.876164,49.907444],[19.875821,49.907525],[19.875655,49.907537],[19.875286,49.907504],[19.875208,49.907491],[19.874866,49.907406],[19.874841,49.907406],[19.874816,49.907404],[19.874728,49.907464],[19.874717,49.907457],[19.874699,49.907497],[19.874582,49.907608],[19.874387,49.907657],[19.87377,49.907682],[19.873753,49.907683],[19.873048,49.907689],[19.873032,49.907688],[19.872324,49.907673],[19.872311,49.907672],[19.871634,49.907641],[19.871625,49.90764],[19.870875,49.907593],[19.870868,49.907592],[19.867521,49.907333],[19.867485,49.90734],[19.867496,49.907364],[19.867464,49.907535],[19.867444,49.907558],[19.867477,49.90757],[19.870478,49.907802],[19.870828,49.907829],[19.871627,49.90788],[19.872339,49.907912],[19.873079,49.907927],[19.873802,49.90792],[19.874433,49.907893],[19.874571,49.907943],[19.874578,49.907928],[19.874608,49.907934],[19.874666,49.907956],[19.874726,49.907961],[19.874741,49.907959],[19.874985,49.907897],[19.875021,49.907889],[19.875335,49.907833],[19.875446,49.907826],[19.87605,49.907847],[19.87613,49.907841],[19.876468,49.907784],[19.876579,49.907756],[19.876794,49.907701],[19.876949,49.907638],[19.877127,49.907604],[19.877323,49.907602],[19.877665,49.907571],[19.877793,49.907545],[19.877875,49.907535],[19.878034,49.907529],[19.878065,49.907516],[19.878081,49.907487],[19.87829,49.90735],[19.879211,49.907132],[19.881109,49.906645],[19.881323,49.906671],[19.881323,49.906671],[19.881465,49.906689],[19.881499,49.906687],[19.881508,49.906687],[19.881929,49.906512],[19.882166,49.906407],[19.882197,49.906394],[19.882362,49.906337],[19.882512,49.90631],[19.882565,49.906308],[19.88262,49.906297],[19.88269,49.906288],[19.883138,49.906259],[19.883745,49.906201],[19.88393,49.906168],[19.883973,49.906163],[19.884105,49.906151],[19.884673,49.906065],[19.884684,49.906063],[19.885036,49.906017],[19.885046,49.906016],[19.885811,49.905931],[19.885851,49.905928],[19.886023,49.905922],[19.886226,49.905888],[19.886269,49.905883],[19.886526,49.905862],[19.886542,49.905861],[19.887371,49.905817],[19.887396,49.905816],[19.88751,49.905815],[19.887643,49.905801],[19.887681,49.905799],[19.888096,49.905784],[19.888376,49.905767],[19.888423,49.905751],[19.888423,49.905751],[19.888543,49.905638],[19.888742,49.905592],[19.888906,49.905587],[19.889131,49.905633],[19.889259,49.90576],[19.889352,49.906013],[19.889402,49.906105],[19.88941,49.906124],[19.889457,49.906243],[19.88946,49.90625],[19.889543,49.90649],[19.889552,49.906532],[19.889556,49.906618],[19.88961,49.906839],[19.88961,49.906906],[19.88959,49.906995],[19.889582,49.907021],[19.889517,49.907176],[19.889487,49.907317],[19.889436,49.907407],[19.889272,49.907573],[19.889268,49.907596],[19.889272,49.907606],[19.889292,49.907626],[19.889344,49.907659],[19.889358,49.907668],[19.889412,49.907712],[19.889433,49.907735],[19.889462,49.907927],[19.889437,49.90797],[19.889439,49.907993],[19.889464,49.908026],[19.889536,49.908088],[19.889593,49.908164],[19.889697,49.908414],[19.889709,49.908477],[19.889706,49.908569],[19.889704,49.908591],[19.889612,49.90909],[19.889601,49.909321],[19.889636,49.909516],[19.889725,49.909782],[19.889731,49.909807],[19.889758,49.909985],[19.889789,49.910088],[19.889738,49.910254],[19.889708,49.910284],[19.889661,49.910321],[19.889591,49.910365],[19.88959,49.91037],[19.889603,49.910399],[19.889665,49.91045],[19.8897,49.910485],[19.88978,49.910584],[19.889815,49.910722],[19.889749,49.911002],[19.889746,49.911014],[19.889708,49.911133],[19.889693,49.911226],[19.889684,49.91126],[19.889635,49.911381],[19.889626,49.911476],[19.889622,49.911498],[19.88952,49.911901],[19.88951,49.912016],[19.88951,49.912271],[19.889534,49.91248],[19.889576,49.912708],[19.889586,49.912735],[19.889664,49.912866],[19.889675,49.912888],[19.889777,49.91313],[19.889865,49.913289],[19.889932,49.913383],[19.889959,49.913517],[19.889948,49.913557],[19.889942,49.913627],[19.890009,49.913741],[19.890031,49.913811],[19.890162,49.916041],[19.89022,49.916649],[19.89022,49.916649],[19.890228,49.916734],[19.890312,49.917342],[19.890422,49.917914],[19.890557,49.918444],[19.89068,49.918831],[19.890822,49.919208],[19.890977,49.91956],[19.891152,49.919907],[19.891058,49.920142],[19.891028,49.92016],[19.891027,49.920186],[19.891045,49.920212],[19.891112,49.92026],[19.891113,49.920261],[19.891213,49.920325],[19.891424,49.920527],[19.891639,49.920717],[19.891694,49.92079],[19.891884,49.921239],[19.892002,49.921462],[19.892186,49.921755],[19.892196,49.921774],[19.892225,49.921835],[19.892446,49.922133],[19.892908,49.92269],[19.893061,49.922845],[19.893286,49.923044],[19.893457,49.923174],[19.893627,49.923289],[19.894314,49.9237],[19.89455,49.923799],[19.895076,49.923938],[19.8951,49.923945],[19.895305,49.924012],[19.895404,49.92403],[19.895577,49.924105],[19.895585,49.924108],[19.895684,49.92419],[19.895733,49.924246],[19.89576,49.924291],[19.895803,49.924332],[19.895929,49.924405],[19.896441,49.924602],[19.896979,49.92477],[19.897034,49.924792],[19.897136,49.92484],[19.897164,49.924855],[19.897454,49.925027],[19.897479,49.925039],[19.897507,49.925048],[19.89759,49.925066],[19.897709,49.925109],[19.897794,49.925157],[19.897969,49.925231],[19.898057,49.925261],[19.898277,49.925322],[19.89838,49.925339],[19.898561,49.925416],[19.898767,49.92558],[19.898763,49.92558],[19.898796,49.925608],[19.898965,49.925709],[19.899198,49.925826],[19.899881,49.926088],[19.900317,49.926223],[19.900427,49.926237],[19.900522,49.926259],[19.900678,49.926311],[19.900995,49.926382],[19.901399,49.926456],[19.901459,49.92646],[19.901514,49.926458],[19.901582,49.926459],[19.901705,49.926469],[19.90184,49.926467],[19.902028,49.9265],[19.902098,49.926528],[19.902206,49.926553],[19.902313,49.926594],[19.9024,49.926642],[19.902487,49.926674],[19.902552,49.92669],[19.902889,49.926748],[19.902992,49.926778],[19.903078,49.926816],[19.903152,49.926858],[19.903221,49.926911],[19.903297,49.926951],[19.904055,49.927207],[19.9044,49.927303],[19.904939,49.92744],[19.905401,49.92754],[19.905624,49.927578],[19.90574,49.927613],[19.905815,49.927648],[19.905891,49.927696],[19.905929,49.927729],[19.905993,49.927764],[19.906122,49.927809],[19.90628,49.927923],[19.906284,49.92793],[19.906332,49.92797],[19.90634,49.927973],[19.906417,49.927991],[19.906594,49.928079],[19.906633,49.928118],[19.906655,49.928133],[19.906695,49.928151],[19.906763,49.928172],[19.906848,49.928187],[19.906894,49.928187],[19.907,49.928175],[19.907064,49.928172],[19.907125,49.928172],[19.907167,49.928174],[19.907667,49.928218],[19.907867,49.928281],[19.907957,49.92834],[19.908019,49.928363],[19.908102,49.928406],[19.908239,49.928505],[19.908534,49.92866],[19.908736,49.928746],[19.909227,49.92891],[19.909286,49.928935],[19.90939,49.928989],[19.909533,49.929043],[19.909606,49.929064],[19.909745,49.929103],[19.910105,49.929186],[19.910136,49.929194],[19.910348,49.929257],[19.910384,49.92927],[19.910578,49.929348],[19.910606,49.92936],[19.910845,49.929478],[19.910867,49.929482],[19.910951,49.929506],[19.911177,49.929596],[19.91153,49.929707],[19.911638,49.929724],[19.911824,49.9298],[19.911829,49.929804],[19.911842,49.929813],[19.911864,49.929819],[19.911956,49.929854],[19.912038,49.929896],[19.912067,49.929916],[19.912072,49.929918],[19.912242,49.930039],[19.912268,49.930082],[19.912337,49.930165],[19.912938,49.930772],[19.912954,49.930778],[19.912985,49.930773],[19.913032,49.930743],[19.913288,49.93068],[19.913314,49.930688],[19.913312,49.930661],[19.913324,49.930609],[19.913352,49.930559],[19.913394,49.930513],[19.913449,49.930474],[19.913515,49.930443],[19.913589,49.93042],[19.913669,49.930408],[19.913751,49.930405],[19.913832,49.930413],[19.913909,49.930431],[19.913934,49.930441],[19.913933,49.930438],[19.913948,49.930402],[19.91394,49.930393],[19.913929,49.930379],[19.91388,49.930353],[19.913666,49.930269],[19.913529,49.930156],[19.913462,49.930131],[19.913434,49.930117],[19.9134,49.930112],[19.91337,49.930101],[19.91321,49.929957],[19.913198,49.929921],[19.913178,49.929888],[19.913156,49.929868],[19.913071,49.929811],[19.912914,49.929736],[19.91276,49.929679],[19.912423,49.929595],[19.912241,49.929491],[19.912154,49.929385],[19.912133,49.929373],[19.912137,49.92937],[19.912058,49.929346],[19.911962,49.929337],[19.911734,49.929246],[19.911688,49.929205],[19.911667,49.929194],[19.911606,49.92917],[19.911572,49.929156],[19.911383,49.929062],[19.911354,49.929047],[19.911268,49.928994],[19.911078,49.928906],[19.910473,49.928679],[19.910459,49.928674],[19.910054,49.928506],[19.909704,49.928375],[19.909624,49.928355],[19.909593,49.928346],[19.909582,49.928343],[19.909342,49.92826],[19.908746,49.928107],[19.908459,49.928045],[19.908267,49.928021],[19.908092,49.927962],[19.907637,49.927678],[19.907616,49.927664],[19.907571,49.927631],[19.907478,49.927582],[19.907437,49.927557],[19.907285,49.927448],[19.90723,49.927422],[19.90713,49.927392],[19.907012,49.927386],[19.906937,49.9274],[19.906849,49.927409],[19.906748,49.927412],[19.906651,49.927405],[19.90616,49.927324],[19.905823,49.927283],[19.905705,49.927254],[19.90545,49.927154],[19.904648,49.926887],[19.90363,49.926591],[19.903451,49.926558],[19.903306,49.926502],[19.903217,49.926447],[19.90308,49.926404],[19.903039,49.926388],[19.902945,49.926348],[19.902815,49.926314],[19.902752,49.926293],[19.902639,49.926245],[19.902557,49.926224],[19.902499,49.926217],[19.902443,49.926217],[19.902164,49.926121],[19.902117,49.926079],[19.902081,49.926054],[19.902039,49.926034],[19.901537,49.925809],[19.901117,49.925655],[19.900955,49.925611],[19.900842,49.925588],[19.900778,49.925571],[19.900761,49.925565],[19.900663,49.92553],[19.900212,49.925421],[19.899975,49.925377],[19.89968,49.925338],[19.899595,49.925319],[19.89926,49.925212],[19.899057,49.925171],[19.899022,49.925162],[19.898736,49.925082],[19.898713,49.925074],[19.898517,49.925008],[19.898449,49.924977],[19.898321,49.924904],[19.898301,49.924892],[19.898036,49.924715],[19.897746,49.924566],[19.897666,49.924537],[19.897598,49.924523],[19.897502,49.924512],[19.89738,49.924483],[19.89721,49.924416],[19.897168,49.924397],[19.896834,49.924218],[19.896806,49.924201],[19.896553,49.924031],[19.896517,49.924004],[19.896507,49.923994],[19.896442,49.923956],[19.896221,49.923879],[19.896149,49.923868],[19.896061,49.923846],[19.895966,49.923812],[19.895865,49.923792],[19.895695,49.923714],[19.895587,49.923624],[19.895568,49.923614],[19.895476,49.923565],[19.895438,49.923541],[19.895291,49.923435],[19.895177,49.923382],[19.895133,49.923357],[19.895056,49.923307],[19.894967,49.923206],[19.89495,49.923163],[19.894839,49.92301],[19.894822,49.92298],[19.894784,49.922899],[19.894757,49.922864],[19.894577,49.922711],[19.894569,49.922703],[19.894143,49.922303],[19.893927,49.922125],[19.89342,49.921736],[19.893206,49.921592],[19.89319,49.921581],[19.892922,49.921376],[19.892903,49.92136],[19.892623,49.921102],[19.89235,49.920872],[19.89234,49.920864],[19.892181,49.920717],[19.892131,49.920647],[19.892097,49.920564],[19.89209,49.920545],[19.891987,49.920168],[19.891983,49.920142],[19.891977,49.920074],[19.89195,49.919962],[19.891937,49.91994],[19.891932,49.919921],[19.891924,49.919916],[19.891886,49.919915],[19.89169,49.919869],[19.891569,49.91976],[19.891423,49.919472],[19.891419,49.919463],[19.891264,49.91911],[19.891261,49.919102],[19.891127,49.918744],[19.891125,49.918736],[19.891011,49.918375],[19.891009,49.918366],[19.890879,49.917849],[19.890877,49.91784],[19.890774,49.917296],[19.890773,49.917289],[19.890692,49.916696],[19.890691,49.916689],[19.890687,49.916645],[19.890626,49.916003],[19.890626,49.915998],[19.890498,49.913824],[19.890549,49.913698],[19.890595,49.913672],[19.890615,49.913636],[19.890602,49.913583],[19.890579,49.913543],[19.890535,49.913491],[19.890505,49.913326],[19.890642,49.912997],[19.890667,49.912862],[19.890667,49.912651],[19.890675,49.912605],[19.890715,49.912481],[19.890743,49.912429],[19.890816,49.912332],[19.890842,49.912303],[19.890881,49.912266],[19.890911,49.912207],[19.890912,49.912142],[19.890898,49.911961],[19.890858,49.911753],[19.890852,49.911722],[19.890822,49.911661],[19.890811,49.911627],[19.89079,49.91154],[19.890724,49.911401],[19.890682,49.911344],[19.890654,49.911292],[19.890611,49.911155],[19.890477,49.910886],[19.890417,49.910792],[19.890415,49.910624],[19.890417,49.910622],[19.890417,49.910594],[19.890383,49.910425],[19.890349,49.910353],[19.890341,49.910247],[19.890424,49.909967],[19.890428,49.909919],[19.890439,49.909874],[19.890469,49.909799],[19.890472,49.909743],[19.890455,49.909555],[19.890459,49.909505],[19.89049,49.909385],[19.890507,49.909199],[19.890469,49.909015],[19.890451,49.908986],[19.890433,49.908947],[19.890387,49.908797],[19.890329,49.908663],[19.890322,49.908645],[19.89024,49.908369],[19.890174,49.908193],[19.890165,49.908133],[19.890181,49.907845],[19.890181,49.907652],[19.890181,49.907542],[19.890144,49.90723],[19.890113,49.907114],[19.890109,49.907055],[19.890172,49.906586],[19.890251,49.905771],[19.890255,49.905517],[19.890224,49.9053],[19.890223,49.905267],[19.890235,49.905124],[19.890217,49.905028],[19.890255,49.904821],[19.890262,49.904589],[19.89025,49.904397],[19.890228,49.904181],[19.890189,49.903976],[19.890117,49.903675],[19.890037,49.903453],[19.890032,49.903438],[19.890008,49.90334],[19.889959,49.903234],[19.889913,49.903167],[19.889911,49.902987],[19.889955,49.902922],[19.889998,49.902732],[19.890029,49.902467],[19.890027,49.90244],[19.889987,49.902293],[19.889969,49.902259],[19.889878,49.902151],[19.889865,49.902134],[19.889798,49.902037],[19.889835,49.901815],[19.889895,49.901761],[19.889925,49.901711],[19.889915,49.901685],[19.889839,49.901598],[19.889856,49.901466],[19.889904,49.901389],[19.889917,49.901369],[19.890032,49.901225],[19.890064,49.901164],[19.890074,49.901131],[19.890079,49.901026],[19.890082,49.901002],[19.890122,49.900823],[19.890147,49.900432],[19.890141,49.900371],[19.890111,49.900259],[19.890107,49.900236],[19.890074,49.899904],[19.890045,49.899808],[19.89004,49.899785],[19.890025,49.89968],[19.889957,49.899487],[19.889949,49.899449],[19.889946,49.899418],[19.889933,49.89938],[19.889914,49.899352],[19.889895,49.899311],[19.88969,49.898677],[19.88968,49.898659],[19.889649,49.898599],[19.889686,49.898407],[19.889727,49.898366],[19.889737,49.898348],[19.889734,49.898333],[19.889665,49.898227],[19.889643,49.898101],[19.889706,49.897867],[19.88971,49.897855],[19.889766,49.897697],[19.889789,49.897604],[19.889798,49.897513],[19.889755,49.897066],[19.889669,49.896575],[19.889667,49.89656],[19.889658,49.896442],[19.889668,49.896376],[19.889796,49.89605],[19.889803,49.896034],[19.89006,49.895536],[19.890068,49.895521],[19.890144,49.895403],[19.890136,49.895379],[19.890085,49.895358],[19.889951,49.895256],[19.889931,49.895122],[19.890055,49.894746],[19.890059,49.894738],[19.890174,49.894444],[19.890177,49.894436],[19.890308,49.894145],[19.890311,49.894138],[19.890457,49.89385],[19.89046,49.893843],[19.890608,49.893578],[19.890612,49.893571],[19.890786,49.89329],[19.890791,49.893283],[19.890979,49.893005],[19.890984,49.892998],[19.891186,49.892725],[19.891192,49.892718],[19.891408,49.892449],[19.891414,49.892442],[19.891644,49.892178],[19.89165,49.892172],[19.891893,49.891913],[19.8919,49.891906],[19.892157,49.891653],[19.892163,49.891646],[19.892432,49.891399],[19.892441,49.891392],[19.892891,49.891013],[19.892903,49.891004],[19.893382,49.890642],[19.893395,49.890633],[19.893903,49.890288],[19.893916,49.89028],[19.894477,49.889936],[19.894489,49.889929],[19.89494,49.889678],[19.895044,49.889621],[19.895104,49.889587],[19.895115,49.889581],[19.895592,49.889339],[19.895784,49.889292],[19.895949,49.889317],[19.896062,49.889328],[19.896121,49.889318],[19.896845,49.88897],[19.897807,49.888481],[19.897826,49.888472],[19.898256,49.888282],[19.898508,49.88814],[19.898552,49.888119],[19.898924,49.887968],[19.899394,49.88776],[19.899418,49.88775],[19.899593,49.887685],[19.899708,49.887658],[19.899735,49.887655],[19.899766,49.887644],[19.899803,49.887637],[19.899829,49.887622],[19.899844,49.887617],[19.899952,49.887552],[19.900039,49.887514],[19.900174,49.887472],[19.900262,49.887436],[19.900387,49.887404],[19.900409,49.887402],[19.90047,49.887388],[19.900548,49.887351],[19.900637,49.88733],[19.900688,49.887309],[19.900786,49.887254],[19.900859,49.887222],[19.901273,49.887087],[19.901953,49.886814],[19.901995,49.8868],[19.902118,49.886765],[19.902309,49.88676],[19.902309,49.886755],[19.902412,49.886757],[19.902446,49.886741],[19.902541,49.886656],[19.902644,49.886594],[19.90276,49.886548],[19.902798,49.886536],[19.90296,49.886489],[19.902979,49.886483],[19.903398,49.88638],[19.903543,49.886366],[19.903639,49.88637],[19.903696,49.886366],[19.903849,49.886338],[19.90396,49.886305],[19.904026,49.886267],[19.904079,49.886213],[19.904143,49.886165],[19.904279,49.886087],[19.904307,49.886073],[19.904799,49.885847],[19.904813,49.885841],[19.905387,49.885602],[19.905404,49.885596],[19.905732,49.885476],[19.905952,49.885386],[19.905976,49.885377],[19.90616,49.885315],[19.90629,49.88529],[19.906328,49.885288],[19.906344,49.885284],[19.906383,49.885261],[19.906394,49.885256],[19.906416,49.885237],[19.906502,49.885186],[19.9068,49.885059],[19.906845,49.885043],[19.907167,49.884946],[19.907249,49.884929],[19.90748,49.884901],[19.907519,49.884887],[19.907546,49.884882],[19.907564,49.884872],[19.907569,49.884871],[19.907588,49.884858],[19.907713,49.884744],[19.907838,49.884674],[19.908143,49.884574],[19.908477,49.884445],[19.908508,49.884434],[19.908766,49.884357],[19.908766,49.884357],[19.909974,49.883994],[19.910368,49.883866],[19.910965,49.883639],[19.912032,49.883155],[19.912048,49.883148],[19.912259,49.883063],[19.912295,49.88305],[19.912849,49.882883],[19.913565,49.882652],[19.914186,49.882442],[19.91501,49.882142],[19.915124,49.882116],[19.915173,49.882111],[19.915257,49.882089],[19.915567,49.881943],[19.915596,49.881931],[19.917355,49.881266],[19.917419,49.881237],[19.917479,49.881194],[19.917584,49.881142],[19.917649,49.881121],[19.917802,49.881053],[19.917881,49.880999],[19.91794,49.880967],[19.918087,49.880903],[19.918557,49.880645],[19.918572,49.880638],[19.918717,49.880566],[19.918943,49.880437],[19.919049,49.880376],[19.919164,49.880332],[19.919249,49.880312],[19.919289,49.880294],[19.919337,49.880261],[19.91942,49.880179],[19.919488,49.880129],[19.919792,49.879963],[19.919837,49.879932],[19.919863,49.879888],[19.919903,49.879838],[19.920103,49.879651],[19.92032,49.879427],[19.920377,49.879382],[19.920589,49.879254],[19.920876,49.879061],[19.921117,49.878887],[19.921333,49.878719],[19.921553,49.878529],[19.922068,49.878043],[19.922299,49.877785],[19.922325,49.87774],[19.922331,49.87772],[19.922438,49.877595],[19.92252,49.877546],[19.92256,49.877511],[19.92256,49.877511],[19.922605,49.877471],[19.922647,49.877415],[19.922694,49.877333],[19.922716,49.877253],[19.922715,49.877187],[19.922742,49.877148],[19.922733,49.877147],[19.922737,49.877128],[19.922803,49.877025],[19.922959,49.87689],[19.92306,49.876789],[19.923122,49.876743],[19.923204,49.876695],[19.923274,49.876644],[19.9233,49.876619],[19.923392,49.876494],[19.923458,49.876434],[19.923556,49.87637],[19.923599,49.876324],[19.923742,49.876139],[19.923821,49.876003],[19.923864,49.875904],[19.92392,49.875754],[19.924019,49.875259],[19.924095,49.874705],[19.924096,49.874309],[19.924097,49.874299],[19.924106,49.874179],[19.924091,49.874017],[19.924102,49.873947],[19.924209,49.873685],[19.924221,49.87366],[19.924263,49.873591],[19.92438,49.873315],[19.924385,49.873305],[19.924492,49.873093],[19.924492,49.873079],[19.9245,49.873057],[19.924497,49.873052],[19.924398,49.873023],[19.924193,49.872818],[19.924193,49.872332],[19.924161,49.871761],[19.924357,49.871551],[19.924436,49.871526],[19.924437,49.871524],[19.924428,49.87148],[19.924426,49.87148],[19.9244,49.871396],[19.924304,49.871082],[19.924298,49.871045],[19.924292,49.87091],[19.924278,49.870877],[19.924174,49.870732],[19.92416,49.870709],[19.92411,49.870615],[19.924105,49.870606],[19.924056,49.870496],[19.924045,49.87046],[19.924025,49.870357],[19.923988,49.87026],[19.923979,49.870202],[19.923988,49.869883],[19.923958,49.869667],[19.923957,49.869634],[19.923983,49.869313],[19.923933,49.868853],[19.923887,49.868559],[19.923699,49.867823],[19.923696,49.867806],[19.923687,49.867743],[19.923648,49.867642],[19.923643,49.867627],[19.923593,49.867442],[19.923592,49.867436],[19.923483,49.866968],[19.923479,49.866937],[19.923474,49.866652],[19.923476,49.866626],[19.923545,49.866197],[19.923547,49.866189],[19.923591,49.865983],[19.923609,49.865623],[19.92361,49.865609],[19.923635,49.865446],[19.923638,49.865432],[19.923745,49.865008],[19.92379,49.864677],[19.923793,49.864662],[19.92386,49.864392],[19.923886,49.864219],[19.923889,49.864066],[19.923877,49.863973],[19.923849,49.863865],[19.923845,49.863832],[19.923842,49.863683],[19.923844,49.863656],[19.924008,49.862652],[19.924026,49.8626],[19.924137,49.862401],[19.924256,49.862187],[19.924344,49.861979],[19.92439,49.861857],[19.924521,49.861425],[19.924593,49.860985],[19.924608,49.860941],[19.924705,49.860744],[19.924861,49.860381],[19.924888,49.860337],[19.924958,49.860251],[19.924975,49.860218],[19.924965,49.860153],[19.92497,49.860086],[19.92507,49.859773],[19.925082,49.859745],[19.925094,49.859724],[19.92511,49.859636],[19.925115,49.859617],[19.925172,49.859439],[19.925175,49.859429],[19.925272,49.859186],[19.925301,49.859045],[19.925305,49.859029],[19.925386,49.858777],[19.925389,49.85877],[19.925465,49.858566],[19.925474,49.858546],[19.925518,49.858463],[19.92581,49.857774],[19.92593,49.857472],[19.925989,49.857291],[19.926016,49.85724],[19.926049,49.857195],[19.926078,49.857134],[19.926091,49.857096],[19.926092,49.857069],[19.92611,49.857003],[19.926168,49.856894],[19.926267,49.856607],[19.926294,49.856489],[19.92631,49.856447],[19.926335,49.8564],[19.926357,49.856301],[19.926364,49.856275],[19.926505,49.855921],[19.92657,49.855686],[19.926583,49.855654],[19.926634,49.855555],[19.926655,49.855496],[19.926731,49.85522],[19.926739,49.85513],[19.926732,49.855046],[19.926767,49.854879],[19.926773,49.854857],[19.926856,49.854634],[19.926899,49.854434],[19.926902,49.85442],[19.926987,49.854149],[19.926991,49.854138],[19.927107,49.853842],[19.927112,49.853767],[19.927178,49.853644],[19.927217,49.853609],[19.92728,49.853416],[19.927286,49.853379],[19.927322,49.853168],[19.927334,49.852995],[19.927329,49.852759],[19.927302,49.852574],[19.927301,49.852558],[19.927297,49.852439],[19.927297,49.852421],[19.927308,49.852306],[19.927313,49.852278],[19.927389,49.852018],[19.927411,49.851552],[19.927349,49.850844],[19.927245,49.850206],[19.927204,49.850035],[19.927134,49.849831],[19.92713,49.849821],[19.927055,49.849538],[19.927054,49.849535],[19.926895,49.848889],[19.926689,49.848358],[19.926687,49.848352],[19.926593,49.848079],[19.926241,49.847347],[19.926032,49.846944],[19.926024,49.846925],[19.925987,49.846826],[19.925781,49.846519],[19.925768,49.846496],[19.925664,49.846278],[19.925587,49.846167],[19.925578,49.846151],[19.925518,49.846042],[19.925353,49.845823],[19.924902,49.845316],[19.924685,49.845103],[19.924437,49.844874],[19.923896,49.844408],[19.923896,49.844408],[19.92381,49.844335],[19.923802,49.844328],[19.923415,49.843966],[19.923402,49.843954],[19.922315,49.842778],[19.921891,49.842352],[19.921891,49.842354],[19.921745,49.842206],[19.92118,49.841694],[19.92032,49.840995],[19.919813,49.840602],[19.919782,49.840573],[19.919635,49.840414],[19.919395,49.840208],[19.919375,49.840189],[19.919117,49.839911],[19.917474,49.838332],[19.917454,49.838311],[19.917368,49.838204],[19.917356,49.838187],[19.917272,49.83806],[19.917136,49.837898],[19.917059,49.837829],[19.916876,49.837697],[19.916826,49.837651],[19.916723,49.837523],[19.91651,49.83729],[19.91649,49.837265],[19.91645,49.837205],[19.916438,49.837185],[19.91634,49.83699],[19.916207,49.836789],[19.915861,49.83631],[19.915607,49.835987],[19.9153,49.835626],[19.915163,49.835481],[19.915161,49.835481],[19.914919,49.835222],[19.914912,49.835215],[19.914753,49.835029],[19.914492,49.834767],[19.914452,49.834712],[19.914408,49.83462],[19.914399,49.834599],[19.914343,49.834421],[19.914335,49.834405],[19.914208,49.834274],[19.914185,49.834245],[19.914103,49.834124],[19.91409,49.834101],[19.913815,49.833544],[19.913811,49.833534],[19.913735,49.833353],[19.913729,49.833338],[19.913667,49.83314],[19.913295,49.832289],[19.913285,49.832255],[19.913241,49.832028],[19.913174,49.831858],[19.913184,49.831724],[19.913189,49.831715],[19.913185,49.831693],[19.913152,49.831643],[19.913081,49.831579],[19.913033,49.831518],[19.912947,49.831352],[19.912784,49.831104],[19.91277,49.831079],[19.91274,49.831012],[19.912728,49.830927],[19.912756,49.830749],[19.912772,49.830467],[19.91277,49.830311],[19.912779,49.830259],[19.912824,49.830133],[19.912829,49.830104],[19.912816,49.830089],[19.912771,49.830081],[19.912772,49.830131],[19.912757,49.830183],[19.912727,49.830232],[19.912683,49.830276],[19.912626,49.830314],[19.912559,49.830345],[19.912484,49.830366],[19.912404,49.830377],[19.912323,49.830378],[19.912242,49.830368],[19.912166,49.830349],[19.912097,49.83032],[19.912038,49.830284],[19.911992,49.83024],[19.911959,49.830192],[19.911942,49.83014],[19.911937,49.830113],[19.911932,49.830115]]],[[[19.922318,49.940084],[19.922273,49.94016],[19.92228,49.94017],[19.922699,49.940343],[19.922731,49.940358],[19.922808,49.940398],[19.923172,49.940545],[19.923568,49.940676],[19.923595,49.940686],[19.923767,49.940756],[19.923906,49.940813],[19.924048,49.940927],[19.924071,49.940969],[19.924124,49.941028],[19.924245,49.941128],[19.924368,49.941211],[19.924615,49.941334],[19.924731,49.94138],[19.924767,49.941396],[19.925009,49.941521],[19.92511,49.941565],[19.925167,49.941596],[19.925267,49.941664],[19.925298,49.941678],[19.925635,49.941789],[19.925783,49.941885],[19.925829,49.941941],[19.925913,49.942017],[19.925934,49.942028],[19.925955,49.942044],[19.92597,49.94205],[19.926068,49.942077],[19.926136,49.942101],[19.926235,49.942147],[19.926418,49.942202],[19.926512,49.942244],[19.926645,49.942327],[19.926671,49.942346],[19.926734,49.942395],[19.926754,49.942413],[19.926913,49.942566],[19.92715,49.942762],[19.927178,49.942789],[19.927232,49.94285],[19.927335,49.942942],[19.927488,49.943048],[19.927562,49.943087],[19.927851,49.943206],[19.927894,49.943219],[19.928071,49.943256],[19.928241,49.943342],[19.928262,49.943353],[19.928395,49.943494],[19.928433,49.943526],[19.92847,49.943549],[19.928597,49.943596],[19.928777,49.943641],[19.928859,49.943669],[19.929154,49.943809],[19.929201,49.943836],[19.929337,49.943929],[19.929397,49.943985],[19.929476,49.944092],[19.929518,49.944127],[19.92964,49.944195],[19.930111,49.944367],[19.930135,49.944377],[19.930341,49.944468],[19.930533,49.944537],[19.930971,49.944662],[19.931147,49.944694],[19.931345,49.94479],[19.931413,49.944859],[19.931463,49.944948],[19.931479,49.945019],[19.931488,49.945033],[19.931509,49.945044],[19.931539,49.945064],[19.931619,49.945064],[19.93166,49.945069],[19.931654,49.945092],[19.931807,49.945092],[19.931859,49.945112],[19.931926,49.945126],[19.932145,49.945132],[19.932179,49.945134],[19.932282,49.945143],[19.932409,49.945172],[19.932853,49.945339],[19.933086,49.945405],[19.933117,49.945415],[19.93368,49.945618],[19.933701,49.945626],[19.933985,49.945747],[19.934195,49.945824],[19.934227,49.945837],[19.934419,49.945928],[19.934611,49.945986],[19.934733,49.94601],[19.93492,49.946037],[19.935138,49.946052],[19.935404,49.946055],[19.935603,49.946047],[19.935724,49.946055],[19.93583,49.946075],[19.935917,49.946084],[19.936099,49.946141],[19.936194,49.946198],[19.936348,49.94627],[19.936383,49.946282],[19.936589,49.946332],[19.936729,49.94635],[19.937009,49.946363],[19.937338,49.946357],[19.93771,49.946325],[19.937733,49.946323],[19.937816,49.94632],[19.938003,49.946312],[19.938151,49.946326],[19.938455,49.946402],[19.938928,49.946505],[19.939122,49.946541],[19.939938,49.946664],[19.939973,49.946673],[19.939985,49.946673],[19.940036,49.946684],[19.940047,49.946683],[19.940051,49.946679],[19.940078,49.946642],[19.940227,49.94654],[19.940441,49.946515],[19.940945,49.946559],[19.941192,49.946662],[19.9412,49.946701],[19.941242,49.946754],[19.941253,49.946771],[19.94128,49.946779],[19.941281,49.946779],[19.942047,49.946736],[19.942094,49.946735],[19.942407,49.946745],[19.942432,49.946746],[19.942647,49.946763],[19.943417,49.946782],[19.943496,49.94679],[19.943923,49.946865],[19.943949,49.94687],[19.944378,49.946969],[19.944415,49.94698],[19.944551,49.947023],[19.944679,49.94705],[19.945635,49.947191],[19.946075,49.947248],[19.946605,49.947315],[19.946778,49.947331],[19.946906,49.947338],[19.947007,49.947324],[19.947162,49.947325],[19.947369,49.947357],[19.947558,49.947377],[19.948355,49.947423],[19.948468,49.947442],[19.94882,49.947545],[19.94883,49.947548],[19.949372,49.947722],[19.949398,49.947722],[19.949482,49.947726],[19.949732,49.947696],[19.950439,49.947861],[19.950449,49.947863],[19.951208,49.948059],[19.951219,49.948062],[19.951796,49.948224],[19.951967,49.948273],[19.951977,49.948276],[19.952715,49.948502],[19.952725,49.948506],[19.953451,49.948748],[19.953461,49.948751],[19.954175,49.949008],[19.954184,49.949012],[19.954887,49.949284],[19.954894,49.949287],[19.955501,49.949535],[19.955509,49.949539],[19.956445,49.949947],[19.956543,49.950012],[19.956591,49.95006],[19.956599,49.95009],[19.956663,49.950154],[19.956725,49.950173],[19.956837,49.950191],[19.956886,49.950201],[19.957137,49.950268],[19.957233,49.950307],[19.957687,49.950564],[19.957747,49.950585],[19.957783,49.950593],[19.957938,49.950659],[19.958005,49.950709],[19.958192,49.950769],[19.958327,49.950846],[19.958479,49.950993],[19.958733,49.951183],[19.958784,49.951214],[19.958816,49.951236],[19.959028,49.951405],[19.959268,49.951544],[19.959494,49.951653],[19.959709,49.951736],[19.959925,49.951808],[19.960076,49.951847],[19.960322,49.951877],[19.960411,49.951896],[19.960552,49.95194],[19.960651,49.951986],[19.960781,49.952074],[19.960782,49.952074],[19.960964,49.952148],[19.960992,49.952161],[19.961236,49.952283],[19.961267,49.952301],[19.961894,49.952702],[19.962074,49.952803],[19.96225,49.952894],[19.962437,49.952977],[19.962594,49.953031],[19.962734,49.953067],[19.963235,49.953173],[19.963402,49.953249],[19.963455,49.953293],[19.963551,49.953354],[19.963595,49.953388],[19.963694,49.953481],[19.963718,49.953508],[19.963814,49.953633],[19.963842,49.953684],[19.963881,49.953794],[19.963902,49.953827],[19.963916,49.953843],[19.963976,49.953875],[19.963988,49.953885],[19.964002,49.95389],[19.964117,49.95395],[19.964178,49.954],[19.964224,49.95403],[19.964315,49.954056],[19.964336,49.954057],[19.964557,49.95413],[19.964647,49.95428],[19.964647,49.954281],[19.96468,49.954351],[19.964736,49.954415],[19.964783,49.954457],[19.964853,49.954502],[19.964998,49.954581],[19.965109,49.954625],[19.96521,49.954652],[19.965366,49.954733],[19.965406,49.954771],[19.965436,49.954793],[19.965499,49.954814],[19.965506,49.954817],[19.965633,49.954849],[19.965756,49.954902],[19.965874,49.954981],[19.965885,49.954988],[19.966197,49.955096],[19.966271,49.95513],[19.966414,49.955217],[19.966707,49.955339],[19.96682,49.955372],[19.967026,49.9554],[19.967075,49.955409],[19.967497,49.955508],[19.967638,49.95553],[19.967844,49.955621],[19.968136,49.955894],[19.968327,49.956052],[19.968487,49.956158],[19.968584,49.956293],[19.968603,49.956418],[19.968609,49.956424],[19.968622,49.956446],[19.968644,49.956452],[19.96867,49.956452],[19.968684,49.956455],[19.968692,49.956454],[19.968672,49.95641],[19.968665,49.956358],[19.968673,49.956305],[19.968697,49.956255],[19.968736,49.956208],[19.968788,49.956167],[19.968852,49.956134],[19.968924,49.956109],[19.969003,49.956094],[19.969085,49.956089],[19.969166,49.956094],[19.969227,49.956106],[19.969356,49.955971],[19.969434,49.955933],[19.969461,49.955904],[19.969452,49.955882],[19.969268,49.955749],[19.96916,49.955688],[19.969028,49.95563],[19.96887,49.955577],[19.968398,49.955455],[19.968187,49.955297],[19.96813,49.955136],[19.968078,49.955051],[19.967991,49.954987],[19.967914,49.954948],[19.967902,49.954945],[19.967776,49.95492],[19.96771,49.954915],[19.967548,49.954876],[19.966996,49.954626],[19.966955,49.954604],[19.966807,49.954513],[19.966726,49.954473],[19.966649,49.954419],[19.966386,49.954164],[19.966221,49.954055],[19.966054,49.953984],[19.965942,49.95395],[19.965853,49.953935],[19.965849,49.953934],[19.965615,49.9538],[19.965586,49.953755],[19.965555,49.95373],[19.96535,49.953638],[19.965329,49.95363],[19.965242,49.953611],[19.965167,49.953607],[19.9649,49.953499],[19.964812,49.953406],[19.964781,49.953381],[19.964602,49.953278],[19.964563,49.953264],[19.964229,49.953182],[19.96421,49.953177],[19.96404,49.953127],[19.963887,49.95304],[19.963874,49.953027],[19.963766,49.952955],[19.963641,49.952883],[19.963602,49.952856],[19.963533,49.952801],[19.963526,49.952795],[19.963431,49.952715],[19.96341,49.952694],[19.963241,49.952511],[19.962996,49.952277],[19.962869,49.952195],[19.962563,49.952059],[19.962564,49.952059],[19.962564,49.952059],[19.961635,49.951701],[19.961619,49.951695],[19.961174,49.951502],[19.961147,49.951489],[19.960908,49.951362],[19.960823,49.951328],[19.960718,49.951262],[19.960627,49.951175],[19.960574,49.95114],[19.960451,49.951085],[19.960396,49.951054],[19.960289,49.95098],[19.960136,49.950905],[19.959948,49.950826],[19.959811,49.950773],[19.959732,49.950751],[19.959685,49.950736],[19.959561,49.950686],[19.959491,49.95067],[19.959408,49.950641],[19.959312,49.950597],[19.959134,49.950532],[19.959093,49.950522],[19.958987,49.950504],[19.958862,49.950465],[19.958844,49.950456],[19.958628,49.950391],[19.958606,49.950384],[19.958411,49.950315],[19.958341,49.950282],[19.9583,49.950257],[19.958284,49.950251],[19.958054,49.950172],[19.957571,49.950028],[19.957383,49.94998],[19.957232,49.949907],[19.957132,49.949822],[19.9571,49.94979],[19.957079,49.949764],[19.957064,49.949756],[19.957041,49.949739],[19.957022,49.949738],[19.956991,49.949745],[19.956957,49.949747],[19.956732,49.949709],[19.95576,49.949285],[19.95517,49.949043],[19.954418,49.948751],[19.953672,49.948482],[19.952923,49.948233],[19.952161,49.947999],[19.951789,49.947894],[19.951388,49.947781],[19.950615,49.947582],[19.949935,49.947423],[19.949706,49.947227],[19.949701,49.947184],[19.949673,49.947168],[19.949553,49.947147],[19.949283,49.947118],[19.949181,49.947096],[19.94909,49.947066],[19.949081,49.947064],[19.949015,49.94706],[19.948992,49.947062],[19.94882,49.947051],[19.94877,49.947039],[19.948702,49.947033],[19.948667,49.947034],[19.948599,49.947032],[19.948175,49.946994],[19.948041,49.94699],[19.947883,49.946999],[19.947725,49.946984],[19.947383,49.946898],[19.947357,49.94689],[19.947149,49.946824],[19.94694,49.946782],[19.946875,49.946764],[19.946732,49.946713],[19.946072,49.946519],[19.946,49.946505],[19.945919,49.9465],[19.945875,49.946495],[19.945507,49.94644],[19.945371,49.946425],[19.945155,49.946414],[19.944947,49.946411],[19.944234,49.946449],[19.944198,49.946449],[19.943632,49.946441],[19.94359,49.946439],[19.943417,49.946423],[19.943392,49.94642],[19.943152,49.946385],[19.942833,49.946355],[19.94262,49.946355],[19.942403,49.94637],[19.942242,49.946356],[19.941937,49.94628],[19.9417,49.946239],[19.941664,49.946231],[19.941507,49.946191],[19.941483,49.946193],[19.94146,49.946193],[19.941441,49.946206],[19.941143,49.946273],[19.940461,49.946213],[19.940172,49.946047],[19.940155,49.946007],[19.94013,49.945998],[19.93984,49.946008],[19.939825,49.946009],[19.938307,49.946019],[19.938159,49.945999],[19.937808,49.945895],[19.937516,49.945809],[19.936859,49.945664],[19.936711,49.945639],[19.936621,49.945637],[19.936574,49.945641],[19.936289,49.945587],[19.936223,49.945549],[19.936171,49.945529],[19.935801,49.945441],[19.935782,49.945436],[19.935368,49.94532],[19.935356,49.945316],[19.934836,49.945155],[19.934797,49.945141],[19.934645,49.945077],[19.934417,49.945024],[19.934392,49.945017],[19.934258,49.944978],[19.934022,49.944924],[19.933943,49.944917],[19.933829,49.944931],[19.93361,49.944912],[19.933556,49.944894],[19.933452,49.944844],[19.93343,49.944828],[19.933361,49.944708],[19.933331,49.944672],[19.933318,49.944666],[19.933289,49.944658],[19.933083,49.944624],[19.93304,49.944621],[19.932663,49.944622],[19.932629,49.944621],[19.932539,49.944616],[19.932477,49.944621],[19.932142,49.944523],[19.932111,49.944494],[19.932092,49.944482],[19.931976,49.944423],[19.931884,49.944411],[19.931645,49.944296],[19.931474,49.944089],[19.931243,49.94391],[19.931217,49.943886],[19.931106,49.943773],[19.931041,49.943727],[19.930964,49.943638],[19.93094,49.943585],[19.930892,49.943536],[19.930774,49.943466],[19.93069,49.943391],[19.930669,49.94336],[19.930632,49.943323],[19.930632,49.943323],[19.930577,49.943267],[19.93039,49.943111],[19.930238,49.943014],[19.930151,49.94298],[19.930115,49.942963],[19.929866,49.942835],[19.929274,49.942623],[19.92844,49.942423],[19.928394,49.942409],[19.928126,49.942314],[19.927982,49.942279],[19.927944,49.942267],[19.927795,49.942216],[19.927484,49.942131],[19.927279,49.942085],[19.927183,49.942072],[19.927096,49.942051],[19.926901,49.941986],[19.926862,49.94197],[19.926734,49.941912],[19.926646,49.941888],[19.926512,49.941821],[19.926447,49.941767],[19.926371,49.941723],[19.926247,49.941666],[19.926123,49.941562],[19.926105,49.94153],[19.92607,49.941494],[19.926032,49.941467],[19.925977,49.941415],[19.92577,49.941144],[19.925615,49.940994],[19.925374,49.94079],[19.92535,49.940774],[19.925194,49.940694],[19.925073,49.94065],[19.924999,49.940638],[19.924955,49.940636],[19.92485,49.940619],[19.924623,49.940559],[19.924419,49.940519],[19.92428,49.94051],[19.924056,49.940436],[19.923884,49.940311],[19.923815,49.940236],[19.923804,49.940216],[19.923798,49.940212],[19.923756,49.940173],[19.923752,49.940169],[19.923651,49.940145],[19.923497,49.940071],[19.923384,49.939975],[19.92334,49.939926],[19.923269,49.939816],[19.923232,49.93978],[19.923199,49.939759],[19.923147,49.939716],[19.923116,49.939682],[19.923013,49.939599],[19.922999,49.939595],[19.922881,49.939629],[19.922809,49.939635],[19.922831,49.93966],[19.922856,49.939711],[19.922866,49.939763],[19.922859,49.939816],[19.922837,49.939867],[19.922799,49.939914],[19.922748,49.939956],[19.922686,49.93999],[19.922614,49.940016],[19.922536,49.940032],[19.922455,49.940038],[19.922373,49.940033],[19.922296,49.940019],[19.922318,49.940084]]],[[[19.97221,49.96073],[19.972293,49.960798],[19.972418,49.960885],[19.972444,49.960905],[19.972522,49.960973],[19.972555,49.961002],[19.972595,49.961049],[19.972694,49.961202],[19.972792,49.961312],[19.972861,49.961344],[19.972879,49.961362],[19.972911,49.961377],[19.973004,49.961441],[19.973197,49.961641],[19.973541,49.961958],[19.973568,49.961988],[19.973687,49.962145],[19.973903,49.962393],[19.974107,49.96258],[19.97452,49.96287],[19.974678,49.962958],[19.97485,49.96304],[19.974887,49.963061],[19.975061,49.963172],[19.975212,49.963247],[19.975324,49.963342],[19.975338,49.963365],[19.975382,49.963406],[19.975435,49.963437],[19.975572,49.963493],[19.975636,49.963526],[19.975964,49.963744],[19.976415,49.964028],[19.977166,49.964454],[19.977197,49.96446],[19.977241,49.964446],[19.977579,49.964457],[19.978057,49.964649],[19.978549,49.964829],[19.978723,49.965045],[19.978717,49.965093],[19.978706,49.965113],[19.97871,49.965124],[19.978732,49.965132],[19.978744,49.965139],[19.978862,49.965133],[19.97892,49.965133],[19.979353,49.965158],[19.979433,49.965169],[19.97971,49.965229],[19.979752,49.965241],[19.979952,49.965304],[19.980029,49.965348],[19.980091,49.965384],[19.980157,49.96545],[19.980223,49.965493],[19.980344,49.965555],[19.980493,49.965611],[19.980604,49.965627],[19.980701,49.96563],[19.980734,49.965632],[19.981046,49.965659],[19.981082,49.965663],[19.981327,49.965701],[19.981353,49.965706],[19.981562,49.96575],[19.981588,49.965756],[19.98192,49.965846],[19.981944,49.965853],[19.982077,49.965897],[19.982103,49.965906],[19.982313,49.965991],[19.982355,49.966011],[19.982545,49.966116],[19.98259,49.966135],[19.982785,49.966188],[19.982799,49.966192],[19.983373,49.966369],[19.983643,49.96642],[19.983656,49.966425],[19.983672,49.966424],[19.983706,49.966398],[19.983717,49.966376],[19.98389,49.966245],[19.984156,49.966231],[19.986183,49.966652],[19.98619,49.966654],[19.987492,49.966943],[19.987502,49.966946],[19.988171,49.967109],[19.98818,49.967111],[19.988809,49.967278],[19.988819,49.967281],[19.989405,49.96745],[19.989416,49.967454],[19.989958,49.967627],[19.989972,49.967631],[19.990559,49.967838],[19.990574,49.967844],[19.991142,49.968069],[19.991158,49.968076],[19.991309,49.968143],[19.991435,49.968247],[19.99145,49.968379],[19.991447,49.968386],[19.991467,49.968407],[19.991846,49.968539],[19.992102,49.968595],[19.992189,49.968624],[19.992299,49.968674],[19.992325,49.968687],[19.992507,49.968788],[19.992529,49.968801],[19.992914,49.969055],[19.993289,49.969274],[19.993312,49.969288],[19.993549,49.969455],[19.99357,49.969471],[19.993834,49.969695],[19.993848,49.969707],[19.993931,49.969789],[19.994072,49.969926],[19.994072,49.969928],[19.994098,49.969954],[19.994174,49.970011],[19.994225,49.970062],[19.994383,49.970277],[19.994552,49.970471],[19.994559,49.970479],[19.994795,49.97078],[19.994805,49.970794],[19.995027,49.971129],[19.995042,49.971157],[19.995084,49.971254],[19.995299,49.971532],[19.995321,49.971568],[19.995423,49.971788],[19.995468,49.971854],[19.995497,49.971963],[19.995471,49.972179],[19.995462,49.972217],[19.995428,49.972304],[19.995402,49.972409],[19.995403,49.972431],[19.995429,49.972484],[19.995445,49.97254],[19.995446,49.972557],[19.995461,49.972593],[19.995494,49.97264],[19.995513,49.972673],[19.995656,49.972997],[19.995729,49.973102],[19.995778,49.973148],[19.995837,49.973303],[19.995822,49.973379],[19.995791,49.973448],[19.995709,49.973559],[19.995695,49.97359],[19.995662,49.973736],[19.995646,49.973935],[19.995645,49.973946],[19.995601,49.974233],[19.995597,49.974249],[19.995478,49.974698],[19.995429,49.975047],[19.995416,49.975586],[19.99532,49.975737],[19.99514,49.975859],[19.995118,49.975879],[19.995056,49.975957],[19.995041,49.975974],[19.994889,49.976128],[19.994812,49.976224],[19.994689,49.976403],[19.994629,49.976521],[19.994631,49.976542],[19.994723,49.976594],[19.994715,49.9766],[19.994844,49.976675],[19.994857,49.976849],[19.994604,49.977293],[19.994601,49.977298],[19.99436,49.977696],[19.994233,49.977761],[19.994087,49.977837],[19.994037,49.977842],[19.994016,49.977858],[19.993882,49.978288],[19.99388,49.978296],[19.993809,49.978485],[19.993805,49.978495],[19.993714,49.978699],[19.993705,49.978716],[19.993662,49.978788],[19.993539,49.978996],[19.993532,49.979006],[19.993399,49.979204],[19.993393,49.979211],[19.992943,49.979812],[19.992937,49.979821],[19.992792,49.979994],[19.992744,49.980088],[19.992738,49.98012],[19.99274,49.98017],[19.992731,49.980229],[19.992706,49.980295],[19.99266,49.980365],[19.992435,49.980589],[19.992237,49.980817],[19.991553,49.981667],[19.991549,49.981671],[19.991216,49.982065],[19.990942,49.982496],[19.990779,49.982834],[19.990727,49.982989],[19.990708,49.983132],[19.990706,49.983387],[19.990722,49.983535],[19.990723,49.983565],[19.990715,49.983654],[19.990729,49.983892],[19.990728,49.983916],[19.990717,49.984025],[19.990736,49.984165],[19.990735,49.984209],[19.990719,49.984307],[19.99072,49.984358],[19.990712,49.984411],[19.990637,49.984627],[19.990545,49.985197],[19.990502,49.985659],[19.990505,49.985888],[19.990504,49.985905],[19.99047,49.986236],[19.99047,49.986342],[19.990509,49.986647],[19.990658,49.98716],[19.990827,49.987691],[19.990831,49.987704],[19.990855,49.987809],[19.990884,49.987941],[19.990886,49.987952],[19.990931,49.988258],[19.990959,49.988351],[19.991069,49.988593],[19.991177,49.988783],[19.991477,49.98919],[19.991629,49.989377],[19.991665,49.989447],[19.991691,49.989555],[19.991695,49.989576],[19.991704,49.989672],[19.991733,49.989778],[19.991737,49.989804],[19.991743,49.989875],[19.991812,49.990174],[19.9919,49.990456],[19.99207,49.990803],[19.992261,49.991063],[19.99227,49.991076],[19.992328,49.99117],[19.992723,49.991674],[19.992759,49.991755],[19.992774,49.991857],[19.992825,49.992039],[19.992829,49.992057],[19.992842,49.992141],[19.992898,49.992264],[19.992956,49.992357],[19.992975,49.992401],[19.992998,49.992485],[19.993042,49.992546],[19.9932,49.992692],[19.993262,49.992814],[19.993267,49.992922],[19.993286,49.99298],[19.993291,49.993],[19.993324,49.993184],[19.993513,49.993737],[19.993695,49.994118],[19.993745,49.994198],[19.993846,49.994319],[19.993887,49.994411],[19.993899,49.994532],[19.994038,49.994975],[19.994089,49.995097],[19.994287,49.995501],[19.994611,49.996093],[19.994768,49.99638],[19.995023,49.996751],[19.995035,49.99677],[19.995039,49.996778],[19.995099,49.996909],[19.995167,49.997025],[19.995365,49.997295],[19.995452,49.997389],[19.995499,49.997529],[19.995484,49.997613],[19.995469,49.997657],[19.995395,49.997805],[19.995379,49.997832],[19.995318,49.997916],[19.995312,49.997989],[19.995414,49.998132],[19.99545,49.998156],[19.995534,49.998156],[19.995553,49.99815],[19.995782,49.998186],[19.995923,49.998307],[19.996632,49.999786],[19.996656,49.999805],[19.996727,49.999766],[19.996983,49.999715],[19.997075,49.999721],[19.997078,49.999697],[19.99638,49.99824],[19.99649,49.998001],[19.996514,49.997988],[19.996461,49.997947],[19.996434,49.997938],[19.996389,49.997904],[19.996389,49.997904],[19.996321,49.997865],[19.996144,49.997683],[19.996091,49.997554],[19.996104,49.997361],[19.99609,49.99724],[19.996041,49.997084],[19.995972,49.996916],[19.995964,49.996889],[19.995946,49.996806],[19.995933,49.996763],[19.99586,49.996534],[19.995682,49.996141],[19.995535,49.995857],[19.995248,49.995357],[19.994726,49.994545],[19.99472,49.994535],[19.994655,49.994418],[19.99465,49.994408],[19.994573,49.994245],[19.994504,49.994099],[19.994497,49.994082],[19.994343,49.993633],[19.994162,49.993203],[19.993966,49.992898],[19.99372,49.992645],[19.993668,49.992543],[19.993644,49.992347],[19.993569,49.99203],[19.993521,49.991909],[19.993511,49.991873],[19.993495,49.991761],[19.99345,49.991688],[19.993121,49.991372],[19.993062,49.991259],[19.993053,49.991159],[19.99296,49.990895],[19.992958,49.990888],[19.99286,49.990564],[19.992803,49.990397],[19.99271,49.990197],[19.992551,49.989923],[19.992365,49.9897],[19.992356,49.989688],[19.992159,49.989415],[19.992131,49.989355],[19.992087,49.989175],[19.992083,49.98915],[19.992065,49.988892],[19.992045,49.988757],[19.991996,49.988539],[19.991954,49.988427],[19.991947,49.988401],[19.991936,49.988335],[19.99168,49.987802],[19.991616,49.987668],[19.991608,49.987647],[19.991497,49.987301],[19.991493,49.987285],[19.991425,49.98695],[19.991424,49.986942],[19.99126,49.985846],[19.991233,49.985738],[19.99123,49.98572],[19.99116,49.985128],[19.991159,49.985101],[19.991173,49.984888],[19.991168,49.984615],[19.991169,49.984597],[19.991179,49.9845],[19.991202,49.984434],[19.991325,49.984229],[19.991334,49.984215],[19.991837,49.983523],[19.991972,49.983247],[19.991979,49.983234],[19.992041,49.98313],[19.992058,49.983048],[19.992094,49.982974],[19.992171,49.982879],[19.992257,49.982678],[19.992392,49.982284],[19.992474,49.981897],[19.992476,49.981889],[19.992614,49.98137],[19.992623,49.981344],[19.992671,49.98124],[19.992685,49.981215],[19.992737,49.981138],[19.99304,49.980592],[19.993065,49.980556],[19.993252,49.980345],[19.993267,49.980329],[19.993531,49.980082],[19.993589,49.980012],[19.993669,49.979883],[19.993725,49.979703],[19.993744,49.979662],[19.993829,49.979528],[19.993889,49.979397],[19.9939,49.979376],[19.994233,49.978851],[19.994239,49.978842],[19.994255,49.97882],[19.994281,49.978783],[19.994319,49.97873],[19.994329,49.978717],[19.994468,49.97855],[19.994478,49.978539],[19.994884,49.97811],[19.994892,49.978076],[19.994835,49.978025],[19.994792,49.977811],[19.995063,49.977363],[19.99528,49.976978],[19.9955,49.976872],[19.995567,49.976823],[19.995574,49.976796],[19.995582,49.976785],[19.995662,49.976395],[19.995664,49.976384],[19.995736,49.97613],[19.995744,49.976108],[19.995792,49.976],[19.995803,49.975956],[19.995846,49.975879],[19.99597,49.975741],[19.996006,49.975679],[19.996017,49.97563],[19.996062,49.975548],[19.996137,49.975466],[19.99616,49.975444],[19.996331,49.975299],[19.996384,49.975246],[19.996407,49.975207],[19.996417,49.975168],[19.996444,49.975112],[19.996497,49.975037],[19.996589,49.974855],[19.996619,49.974773],[19.996639,49.974671],[19.996645,49.974524],[19.996636,49.974377],[19.996594,49.974025],[19.996555,49.973862],[19.996551,49.973842],[19.996538,49.973698],[19.996468,49.973444],[19.996456,49.973418],[19.996358,49.973275],[19.996329,49.97317],[19.996354,49.972907],[19.996364,49.972867],[19.996379,49.972828],[19.996372,49.972812],[19.996319,49.972731],[19.996304,49.972703],[19.996252,49.972578],[19.996242,49.972541],[19.996201,49.97228],[19.996158,49.97213],[19.996153,49.972105],[19.996141,49.971996],[19.996121,49.971959],[19.99596,49.971771],[19.995917,49.97165],[19.99593,49.971498],[19.995932,49.971482],[19.995966,49.971306],[19.995948,49.971151],[19.995918,49.971057],[19.995862,49.970941],[19.995676,49.970658],[19.995504,49.970476],[19.995337,49.970346],[19.995313,49.970326],[19.995176,49.97019],[19.994928,49.96999],[19.99473,49.969845],[19.994622,49.969783],[19.994524,49.969727],[19.994485,49.9697],[19.994313,49.969564],[19.994277,49.96953],[19.994257,49.969506],[19.994153,49.969426],[19.994131,49.969407],[19.994059,49.969338],[19.994059,49.96934],[19.99401,49.969293],[19.993831,49.969156],[19.993712,49.969088],[19.993688,49.969073],[19.993453,49.968911],[19.993212,49.968762],[19.993194,49.96875],[19.992949,49.968573],[19.992796,49.968487],[19.992612,49.968397],[19.992518,49.968327],[19.992423,49.968215],[19.992314,49.968131],[19.992165,49.968037],[19.992128,49.968009],[19.992008,49.967903],[19.991973,49.967881],[19.991955,49.967878],[19.99193,49.967888],[19.991558,49.967888],[19.990837,49.967594],[19.990217,49.967374],[19.989636,49.967188],[19.989036,49.967013],[19.988375,49.966837],[19.987685,49.966668],[19.986329,49.966366],[19.98439,49.965963],[19.984271,49.965867],[19.984265,49.965872],[19.984208,49.96584],[19.984192,49.965825],[19.984143,49.965801],[19.984044,49.965795],[19.983992,49.965789],[19.983548,49.965717],[19.983476,49.9657],[19.98321,49.965613],[19.98306,49.965575],[19.983005,49.965567],[19.982682,49.965548],[19.982628,49.965542],[19.982182,49.965469],[19.982165,49.965466],[19.981953,49.965423],[19.98193,49.965418],[19.98175,49.965373],[19.981746,49.965372],[19.981243,49.965242],[19.981228,49.965238],[19.981061,49.965188],[19.980626,49.965115],[19.980592,49.965108],[19.980404,49.965063],[19.980315,49.965032],[19.98017,49.964961],[19.98002,49.964899],[19.979961,49.964875],[19.979547,49.964779],[19.97945,49.964766],[19.979264,49.9647],[19.97918,49.964642],[19.97908,49.964595],[19.979053,49.964574],[19.979005,49.964572],[19.978953,49.964585],[19.97875,49.964557],[19.978326,49.964402],[19.978316,49.964397],[19.977962,49.964256],[19.977825,49.964155],[19.977803,49.964021],[19.977817,49.963976],[19.977807,49.963967],[19.977771,49.963956],[19.977755,49.963948],[19.977409,49.963842],[19.977373,49.963829],[19.977079,49.963709],[19.976797,49.963633],[19.976768,49.963624],[19.976521,49.963538],[19.976494,49.963528],[19.976198,49.963402],[19.976122,49.963358],[19.975779,49.963094],[19.975548,49.962929],[19.975522,49.962908],[19.975147,49.962565],[19.975055,49.962496],[19.975041,49.962485],[19.974696,49.962189],[19.974535,49.962072],[19.974452,49.962023],[19.974403,49.961986],[19.974351,49.961938],[19.974209,49.961838],[19.973892,49.961628],[19.973851,49.961595],[19.973793,49.961539],[19.973768,49.961511],[19.973704,49.961424],[19.973396,49.961139],[19.973197,49.960981],[19.973186,49.960968],[19.973129,49.960894],[19.973102,49.960825],[19.973084,49.960799],[19.972908,49.960636],[19.972855,49.960562],[19.972808,49.960441],[19.972654,49.960174],[19.97261,49.960151],[19.972592,49.960148],[19.972595,49.96016],[19.972594,49.960213],[19.972576,49.960264],[19.972544,49.960313],[19.972497,49.960356],[19.972438,49.960393],[19.972369,49.960422],[19.972293,49.960441],[19.972212,49.960451],[19.97213,49.96045],[19.97205,49.960439],[19.971975,49.960417],[19.971908,49.960388],[19.97221,49.96073]]]]}},{"type":"Feature","properties":{"rodzaj":"tunel","warstwa":"korytarz"},"geometry":{"type":"MultiPolygon","coordinates":[[[[19.97254,49.960045],[19.972459,49.959942],[19.972379,49.959839],[19.972299,49.959735],[19.97222,49.959632],[19.972142,49.959527],[19.972064,49.959423],[19.971986,49.959318],[19.971909,49.959214],[19.971832,49.959109],[19.971755,49.959003],[19.971678,49.958898],[19.971602,49.958792],[19.971525,49.958687],[19.971501,49.958653],[19.971455,49.958591],[19.97141,49.958528],[19.971364,49.958465],[19.971319,49.958403],[19.971273,49.95834],[19.971273,49.95834],[19.971227,49.958277],[19.971227,49.958277],[19.971181,49.958214],[19.97118,49.958214],[19.971134,49.958152],[19.971134,49.958151],[19.971088,49.958089],[19.971088,49.958088],[19.971041,49.958026],[19.971041,49.958026],[19.970994,49.957964],[19.970994,49.957963],[19.970947,49.957901],[19.970946,49.9579],[19.970899,49.957838],[19.970898,49.957837],[19.970851,49.957775],[19.97085,49.957775],[19.970803,49.957713],[19.970802,49.957712],[19.970754,49.95765],[19.970753,49.957649],[19.970705,49.957588],[19.970704,49.957587],[19.970655,49.957525],[19.970654,49.957524],[19.970605,49.957463],[19.970604,49.957462],[19.970554,49.957401],[19.970553,49.9574],[19.970503,49.957339],[19.970502,49.957338],[19.970452,49.957277],[19.970451,49.957276],[19.9704,49.957215],[19.970399,49.957214],[19.970347,49.957153],[19.970346,49.957152],[19.970294,49.957091],[19.970292,49.95709],[19.97024,49.95703],[19.970239,49.957028],[19.970185,49.956969],[19.970184,49.956967],[19.97013,49.956907],[19.970129,49.956906],[19.970074,49.956846],[19.970073,49.956845],[19.970018,49.956786],[19.970016,49.956784],[19.96996,49.956725],[19.969952,49.956716],[19.969432,49.95621],[19.96938,49.956169],[19.969317,49.956135],[19.969245,49.95611],[19.969166,49.956094],[19.969085,49.956089],[19.969003,49.956094],[19.968924,49.956109],[19.968852,49.956134],[19.968788,49.956167],[19.968736,49.956208],[19.968697,49.956255],[19.968673,49.956305],[19.968665,49.956358],[19.968672,49.95641],[19.968696,49.956461],[19.968734,49.956508],[19.96925,49.95701],[19.969301,49.957064],[19.969355,49.957122],[19.969408,49.95718],[19.96946,49.957238],[19.969512,49.957296],[19.969564,49.957355],[19.969615,49.957414],[19.969665,49.957473],[19.969715,49.957533],[19.969765,49.957592],[19.969814,49.957652],[19.969863,49.957712],[19.969911,49.957772],[19.969959,49.957833],[19.970007,49.957893],[19.970054,49.957954],[19.970101,49.958015],[19.970148,49.958076],[19.970195,49.958138],[19.970241,49.958199],[19.970287,49.958261],[19.970333,49.958322],[19.970379,49.958384],[19.970425,49.958446],[19.970471,49.958508],[19.970516,49.95857],[19.970561,49.958632],[19.970607,49.958695],[19.970652,49.958757],[19.970698,49.958819],[19.970743,49.958882],[19.970767,49.958916],[19.970844,49.959021],[19.970921,49.959127],[19.970998,49.959233],[19.970998,49.959233],[19.971075,49.959339],[19.971076,49.959339],[19.971153,49.959445],[19.971153,49.959445],[19.971231,49.959551],[19.971231,49.959551],[19.971309,49.959656],[19.97131,49.959657],[19.971389,49.959762],[19.971389,49.959763],[19.971468,49.959868],[19.971469,49.959869],[19.971548,49.959974],[19.971549,49.959975],[19.971629,49.960079],[19.97163,49.96008],[19.971711,49.960185],[19.971712,49.960186],[19.971794,49.96029],[19.971795,49.960291],[19.971806,49.960305],[19.97185,49.960349],[19.971907,49.960387],[19.971975,49.960417],[19.97205,49.960439],[19.97213,49.96045],[19.972212,49.960451],[19.972293,49.960441],[19.972369,49.960422],[19.972438,49.960393],[19.972497,49.960356],[19.972544,49.960313],[19.972576,49.960264],[19.972594,49.960213],[19.972595,49.96016],[19.97258,49.960108],[19.97255,49.960058],[19.97254,49.960045]]],[[[19.912665,49.829488],[19.912582,49.828373],[19.912618,49.827258],[19.912771,49.826147],[19.913042,49.825041],[19.91312,49.824789],[19.913206,49.824534],[19.913298,49.82428],[19.913395,49.824026],[19.913498,49.823774],[19.913606,49.823522],[19.913719,49.823271],[19.913837,49.82302],[19.91396,49.822771],[19.914087,49.822522],[19.914218,49.822274],[19.914354,49.822027],[19.914493,49.821781],[19.914635,49.821535],[19.914781,49.82129],[19.914931,49.821045],[19.915083,49.820802],[19.915238,49.820558],[19.915396,49.820316],[19.915556,49.820074],[19.915718,49.819832],[19.915882,49.819591],[19.916048,49.81935],[19.916216,49.819109],[19.916385,49.818869],[19.916555,49.818629],[19.916726,49.818389],[19.916898,49.818149],[19.917071,49.817909],[19.917245,49.817669],[19.917418,49.817429],[19.921533,49.811744],[19.92156,49.811694],[19.921572,49.811642],[19.921567,49.811589],[19.921547,49.811537],[19.921512,49.81149],[19.921463,49.811447],[19.921402,49.811412],[19.921332,49.811385],[19.921255,49.811367],[19.921174,49.81136],[19.921092,49.811363],[19.921013,49.811376],[19.920939,49.811398],[19.920874,49.81143],[19.920819,49.811469],[19.920777,49.811515],[19.916663,49.817201],[19.916489,49.817441],[19.916315,49.817681],[19.916315,49.817681],[19.916142,49.817921],[19.916142,49.817921],[19.915969,49.818162],[19.915969,49.818162],[19.915797,49.818403],[19.915797,49.818403],[19.915626,49.818644],[19.915626,49.818645],[19.915456,49.818886],[19.915455,49.818887],[19.915287,49.819128],[19.915286,49.819129],[19.91512,49.819371],[19.915119,49.819373],[19.914954,49.819615],[19.914953,49.819616],[19.91479,49.819859],[19.914789,49.819861],[19.914628,49.820104],[19.914627,49.820106],[19.914468,49.82035],[19.914467,49.820352],[19.914311,49.820597],[19.91431,49.820599],[19.914157,49.820844],[19.914155,49.820846],[19.914005,49.821093],[19.914004,49.821095],[19.913856,49.821342],[19.913855,49.821344],[19.913711,49.821592],[19.91371,49.821594],[19.913569,49.821843],[19.913568,49.821846],[19.913431,49.822095],[19.91343,49.822098],[19.913297,49.822349],[19.913296,49.822351],[19.913167,49.822603],[19.913166,49.822606],[19.913042,49.822858],[19.91304,49.822861],[19.912921,49.823115],[19.912919,49.823118],[19.912804,49.823372],[19.912803,49.823376],[19.912693,49.823631],[19.912692,49.823634],[19.912588,49.823891],[19.912586,49.823894],[19.912487,49.824151],[19.912486,49.824155],[19.912393,49.824413],[19.912391,49.824417],[19.912304,49.824676],[19.912303,49.82468],[19.912222,49.82494],[19.912219,49.824951],[19.911945,49.826071],[19.911941,49.826089],[19.911786,49.827219],[19.911784,49.827238],[19.911748,49.828372],[19.911748,49.82839],[19.911832,49.829523],[19.911834,49.829541],[19.911942,49.83014],[19.911959,49.830192],[19.911992,49.83024],[19.912038,49.830284],[19.912097,49.83032],[19.912166,49.830349],[19.912242,49.830368],[19.912323,49.830378],[19.912404,49.830377],[19.912484,49.830366],[19.912559,49.830345],[19.912626,49.830314],[19.912683,49.830276],[19.912727,49.830232],[19.912757,49.830183],[19.912772,49.830131],[19.912771,49.830078],[19.912665,49.829488]]],[[[19.922677,49.939536],[19.922602,49.939488],[19.922528,49.939441],[19.922454,49.939393],[19.922381,49.939345],[19.922308,49.939297],[19.922236,49.939249],[19.922169,49.939202],[19.92161,49.938795],[19.921092,49.938369],[19.920611,49.937922],[19.920558,49.937868],[19.920502,49.937812],[19.920447,49.937755],[19.920392,49.937697],[19.920338,49.93764],[19.920284,49.937582],[19.920231,49.937524],[19.920178,49.937466],[19.920126,49.937407],[19.920074,49.937348],[19.920022,49.937289],[19.919971,49.93723],[19.91992,49.937171],[19.91987,49.937111],[19.91982,49.937051],[19.91977,49.936991],[19.91972,49.936931],[19.919671,49.936871],[19.919622,49.93681],[19.919573,49.93675],[19.919525,49.936689],[19.919476,49.936628],[19.919428,49.936567],[19.91938,49.936506],[19.919332,49.936445],[19.919284,49.936383],[19.919236,49.936322],[19.919188,49.93626],[19.91914,49.936199],[19.919093,49.936137],[19.919045,49.936075],[19.917164,49.933647],[19.917116,49.933585],[19.917069,49.933523],[19.917021,49.933462],[19.916972,49.9334],[19.916924,49.933338],[19.916924,49.933337],[19.916876,49.933276],[19.916876,49.933275],[19.916827,49.933214],[19.916827,49.933213],[19.916778,49.933152],[19.916778,49.933151],[19.916729,49.93309],[19.916729,49.933089],[19.91668,49.933028],[19.91668,49.933027],[19.916631,49.932966],[19.91663,49.932965],[19.916581,49.932904],[19.91658,49.932904],[19.916531,49.932842],[19.91653,49.932842],[19.91648,49.932781],[19.91648,49.93278],[19.916429,49.932719],[19.916429,49.932718],[19.916378,49.932657],[19.916377,49.932656],[19.916327,49.932595],[19.916326,49.932594],[19.916275,49.932534],[19.916274,49.932533],[19.916222,49.932472],[19.916221,49.932471],[19.916169,49.932411],[19.916168,49.93241],[19.916116,49.93235],[19.916115,49.932349],[19.916062,49.932289],[19.91606,49.932287],[19.916007,49.932228],[19.916006,49.932226],[19.915952,49.932167],[19.915951,49.932165],[19.915896,49.932106],[19.915895,49.932105],[19.91584,49.932045],[19.915839,49.932044],[19.915783,49.931985],[19.915782,49.931983],[19.915726,49.931925],[19.915724,49.931923],[19.915667,49.931865],[19.915666,49.931863],[19.915608,49.931805],[19.915607,49.931803],[19.915549,49.931745],[19.915541,49.931737],[19.915013,49.931248],[19.914997,49.931235],[19.914423,49.930768],[19.914406,49.930755],[19.91404,49.930494],[19.913979,49.930458],[19.913909,49.930431],[19.913832,49.930413],[19.913751,49.930405],[19.913669,49.930408],[19.913589,49.93042],[19.913515,49.930443],[19.913449,49.930474],[19.913394,49.930513],[19.913352,49.930559],[19.913324,49.930609],[19.913312,49.930661],[19.913316,49.930714],[19.913336,49.930765],[19.91337,49.930813],[19.913419,49.930856],[19.913776,49.931111],[19.914334,49.931564],[19.91485,49.932042],[19.914903,49.932095],[19.914959,49.932152],[19.915015,49.932209],[19.915069,49.932266],[19.915123,49.932324],[19.915177,49.932381],[19.91523,49.93244],[19.915283,49.932498],[19.915336,49.932556],[19.915388,49.932615],[19.915439,49.932674],[19.91549,49.932734],[19.915541,49.932793],[19.915591,49.932853],[19.915641,49.932912],[19.915691,49.932972],[19.915741,49.933033],[19.91579,49.933093],[19.915839,49.933153],[19.915888,49.933214],[19.915936,49.933275],[19.915985,49.933336],[19.916033,49.933397],[19.916081,49.933458],[19.916129,49.933519],[19.916177,49.93358],[19.916225,49.933642],[19.916273,49.933703],[19.916321,49.933765],[19.916368,49.933827],[19.916416,49.933888],[19.918297,49.936317],[19.918345,49.936378],[19.918392,49.93644],[19.91844,49.936502],[19.918489,49.936564],[19.918537,49.936626],[19.918537,49.936626],[19.918585,49.936688],[19.918585,49.936688],[19.918634,49.93675],[19.918634,49.93675],[19.918683,49.936812],[19.918683,49.936812],[19.918732,49.936874],[19.918732,49.936874],[19.918781,49.936936],[19.918781,49.936936],[19.91883,49.936997],[19.918831,49.936998],[19.91888,49.937059],[19.918881,49.93706],[19.91893,49.937121],[19.918931,49.937122],[19.918981,49.937183],[19.918981,49.937184],[19.919032,49.937245],[19.919032,49.937246],[19.919083,49.937307],[19.919084,49.937307],[19.919134,49.937368],[19.919135,49.937369],[19.919187,49.93743],[19.919187,49.937431],[19.919239,49.937491],[19.91924,49.937492],[19.919292,49.937553],[19.919293,49.937554],[19.919346,49.937614],[19.919347,49.937615],[19.9194,49.937675],[19.919401,49.937676],[19.919454,49.937736],[19.919455,49.937737],[19.919509,49.937797],[19.91951,49.937798],[19.919565,49.937858],[19.919566,49.937859],[19.919621,49.937918],[19.919622,49.93792],[19.919678,49.937979],[19.919679,49.93798],[19.919736,49.938039],[19.919737,49.93804],[19.919794,49.938099],[19.919795,49.938101],[19.919853,49.938159],[19.919854,49.93816],[19.919912,49.938218],[19.91992,49.938226],[19.920412,49.938683],[19.920427,49.938696],[19.920959,49.939134],[19.920975,49.939146],[19.921547,49.939564],[19.921556,49.93957],[19.92163,49.93962],[19.921632,49.939622],[19.921706,49.939671],[19.921708,49.939673],[19.921782,49.939722],[19.921784,49.939724],[19.921859,49.939773],[19.921861,49.939774],[19.921937,49.939823],[19.921939,49.939824],[19.922015,49.939873],[19.922017,49.939874],[19.922093,49.939922],[19.922095,49.939923],[19.922157,49.939962],[19.922221,49.939995],[19.922294,49.940019],[19.922373,49.940033],[19.922455,49.940038],[19.922536,49.940032],[19.922614,49.940016],[19.922686,49.93999],[19.922748,49.939956],[19.922799,49.939914],[19.922837,49.939867],[19.922859,49.939816],[19.922866,49.939763],[19.922856,49.939711],[19.922831,49.93966],[19.922792,49.939614],[19.922738,49.939574],[19.922677,49.939536]]]]}},{"type":"Feature","properties":{"gml_id":"budynki.120614_5.0004.304/4.1_BUD","ID_BUDYNKU":"120614_5.0004.304/4.1_BUD","RODZAJ":"m","KONDYGNACJE_NADZIEMNE":"None","KONDYGNACJE_PODZIEMNE":"None","strefa":"nad tunelem","warstwa":"budynki"},"geometry":{"type":"Polygon","coordinates":[[[19.970012,49.957154],[19.970162,49.957142],[19.970171,49.957191],[19.970192,49.957189],[19.970196,49.957214],[19.970175,49.957216],[19.970179,49.957241],[19.970034,49.957254],[19.970012,49.957154]]]}},{"type":"Feature","properties":{"gml_id":"budynki.120614_5.0004.304/3.1_BUD","ID_BUDYNKU":"120614_5.0004.304/3.1_BUD","RODZAJ":"m","KONDYGNACJE_NADZIEMNE":"None","KONDYGNACJE_PODZIEMNE":"None","strefa":"nad tunelem","warstwa":"budynki"},"geometry":{"type":"Polygon","coordinates":[[[19.96974,49.95723],[19.969885,49.957216],[19.969895,49.957264],[19.969918,49.957262],[19.969923,49.957288],[19.969901,49.957289],[19.969906,49.957315],[19.969762,49.957328],[19.96974,49.95723]]]}},{"type":"Feature","properties":{"gml_id":"budynki.120614_5.0004.305/6.2_BUD","ID_BUDYNKU":"120614_5.0004.305/6.2_BUD","RODZAJ":"i","KONDYGNACJE_NADZIEMNE":"None","KONDYGNACJE_PODZIEMNE":"None","strefa":"nad tunelem","warstwa":"budynki"},"geometry":{"type":"Polygon","coordinates":[[[19.97055,49.957448],[19.970493,49.957455],[19.970476,49.957395],[19.970534,49.957389],[19.97055,49.957448]]]}},{"type":"Feature","properties":{"gml_id":"budynki.120614_5.0004.303.1_BUD","ID_BUDYNKU":"120614_5.0004.303.1_BUD","RODZAJ":"m","KONDYGNACJE_NADZIEMNE":"None","KONDYGNACJE_PODZIEMNE":"None","strefa":"nad tunelem","warstwa":"budynki"},"geometry":{"type":"Polygon","coordinates":[[[19.969868,49.957516],[19.969785,49.957522],[19.96977,49.957426],[19.969862,49.95742],[19.969865,49.957437],[19.969969,49.95743],[19.969981,49.957509],[19.96992,49.957513],[19.969924,49.957534],[19.969871,49.957538],[19.969868,49.957516]]]}},{"type":"Feature","properties":{"gml_id":"budynki.120614_5.0004.302.1_BUD","ID_BUDYNKU":"120614_5.0004.302.1_BUD","RODZAJ":"m","KONDYGNACJE_NADZIEMNE":"None","KONDYGNACJE_PODZIEMNE":"None","strefa":"nad tunelem","warstwa":"budynki"},"geometry":{"type":"Polygon","coordinates":[[[19.969667,49.957493],[19.969512,49.957507],[19.969494,49.957416],[19.969499,49.957416],[19.969643,49.957403],[19.969694,49.957398],[19.969707,49.957468],[19.969662,49.957473],[19.969667,49.957493]]]}},{"type":"Feature","properties":{"gml_id":"budynki.120614_5.0004.255.3_BUD","ID_BUDYNKU":"120614_5.0004.255.3_BUD","RODZAJ":"t","KONDYGNACJE_NADZIEMNE":"None","KONDYGNACJE_PODZIEMNE":"None","strefa":"nad tunelem","warstwa":"budynki"},"geometry":{"type":"Polygon","coordinates":[[[19.970485,49.958216],[19.970297,49.958244],[19.970233,49.958069],[19.970423,49.958041],[19.970485,49.958216]]]}},{"type":"Feature","properties":{"gml_id":"budynki.120614_5.0004.250.1_BUD","ID_BUDYNKU":"120614_5.0004.250.1_BUD","RODZAJ":"m","KONDYGNACJE_NADZIEMNE":"None","KONDYGNACJE_PODZIEMNE":"None","strefa":"nad tunelem","warstwa":"budynki"},"geometry":{"type":"Polygon","coordinates":[[[19.969842,49.957886],[19.969985,49.957867],[19.969997,49.957895],[19.970025,49.957891],[19.970044,49.957953],[19.969869,49.957976],[19.969842,49.957886]]]}},{"type":"Feature","properties":{"gml_id":"budynki.120614_5.0004.255.1_BUD","ID_BUDYNKU":"120614_5.0004.255.1_BUD","RODZAJ":"m","KONDYGNACJE_NADZIEMNE":"None","KONDYGNACJE_PODZIEMNE":"None","strefa":"nad tunelem","warstwa":"budynki"},"geometry":{"type":"Polygon","coordinates":[[[19.97017,49.957892],[19.970296,49.957875],[19.970327,49.95796],[19.970354,49.957957],[19.970361,49.957979],[19.97029,49.95799],[19.970282,49.957971],[19.970202,49.957981],[19.97017,49.957892]]]}},{"type":"Feature","properties":{"gml_id":"budynki.120614_5.0004.255.2_BUD","ID_BUDYNKU":"120614_5.0004.255.2_BUD","RODZAJ":"t","KONDYGNACJE_NADZIEMNE":"None","KONDYGNACJE_PODZIEMNE":"None","strefa":"nad tunelem","warstwa":"budynki"},"geometry":{"type":"Polygon","coordinates":[[[19.970153,49.957843],[19.970279,49.957825],[19.970296,49.957875],[19.97017,49.957892],[19.970153,49.957843]]]}},{"type":"Feature","properties":{"gml_id":"budynki.120614_5.0004.256/2.1_BUD","ID_BUDYNKU":"120614_5.0004.256/2.1_BUD","RODZAJ":"m","KONDYGNACJE_NADZIEMNE":"None","KONDYGNACJE_PODZIEMNE":"None","strefa":"nad tunelem","warstwa":"budynki"},"geometry":{"type":"Polygon","coordinates":[[[19.970454,49.957852],[19.970371,49.957867],[19.970345,49.957809],[19.970347,49.957809],[19.970428,49.957794],[19.970422,49.957778],[19.970413,49.957758],[19.970421,49.957757],[19.97043,49.957776],[19.970462,49.95777],[19.970456,49.957754],[19.970538,49.957739],[19.970586,49.95785],[19.970577,49.957852],[19.970576,49.957849],[19.970513,49.957861],[19.970514,49.957863],[19.970506,49.957864],[19.970504,49.957865],[19.970498,49.957852],[19.970458,49.957859],[19.970454,49.957852]]]}},{"type":"Feature","properties":{"gml_id":"budynki.120614_5.0004.257/2.1_BUD","ID_BUDYNKU":"120614_5.0004.257/2.1_BUD","RODZAJ":"m","KONDYGNACJE_NADZIEMNE":"None","KONDYGNACJE_PODZIEMNE":"None","strefa":"nad tunelem","warstwa":"budynki"},"geometry":{"type":"Polygon","coordinates":[[[19.970911,49.957866],[19.970893,49.957867],[19.970868,49.957764],[19.971009,49.957751],[19.97103,49.957833],[19.970996,49.957837],[19.971,49.957856],[19.970949,49.95786],[19.970953,49.957873],[19.970914,49.957877],[19.970911,49.957866]]]}},{"type":"Feature","properties":{"gml_id":"budynki.120614_5.0004.257/2.2_BUD","ID_BUDYNKU":"120614_5.0004.257/2.2_BUD","RODZAJ":"t","KONDYGNACJE_NADZIEMNE":"None","KONDYGNACJE_PODZIEMNE":"None","strefa":"nad tunelem","warstwa":"budynki"},"geometry":{"type":"Polygon","coordinates":[[[19.970706,49.957831],[19.970789,49.957819],[19.970818,49.957913],[19.97084,49.95791],[19.970855,49.957959],[19.970868,49.957957],[19.970872,49.957967],[19.970808,49.957975],[19.9708,49.957953],[19.970746,49.95796],[19.970706,49.957831]]]}},{"type":"Feature","properties":{"gml_id":"budynki.120903_4.0002.599_BUD","ID_BUDYNKU":"120903_4.0002.599_BUD","RODZAJ":"m","KONDYGNACJE_NADZIEMNE":"1","KONDYGNACJE_PODZIEMNE":"1","strefa":"w śladzie","warstwa":"budynki"},"geometry":{"type":"Polygon","coordinates":[[[19.913365,49.833349],[19.913258,49.83335],[19.913254,49.83326],[19.913361,49.833258],[19.913365,49.833349]]]}},{"type":"Feature","properties":{"gml_id":"budynki.120903_4.0002.516_BUD","ID_BUDYNKU":"120903_4.0002.516_BUD","RODZAJ":"i","KONDYGNACJE_NADZIEMNE":"1","KONDYGNACJE_PODZIEMNE":"0","strefa":"w śladzie","warstwa":"budynki"},"geometry":{"type":"Polygon","coordinates":[[[19.912799,49.832504],[19.912792,49.832573],[19.91269,49.832569],[19.912618,49.832566],[19.912625,49.832497],[19.912697,49.8325],[19.912799,49.832504]]]}},{"type":"Feature","properties":{"gml_id":"budynki.120903_4.0002.2815_BUD","ID_BUDYNKU":"120903_4.0002.2815_BUD","RODZAJ":"m","KONDYGNACJE_NADZIEMNE":"2","KONDYGNACJE_PODZIEMNE":"0","strefa":"w śladzie","warstwa":"budynki"},"geometry":{"type":"Polygon","coordinates":[[[19.913169,49.832963],[19.913162,49.832964],[19.913158,49.832872],[19.913229,49.832871],[19.913229,49.832889],[19.913298,49.832888],[19.913301,49.832961],[19.913169,49.832963]]]}},{"type":"Feature","properties":{"gml_id":"budynki.120903_4.0002.2813_BUD","ID_BUDYNKU":"120903_4.0002.2813_BUD","RODZAJ":"i","KONDYGNACJE_NADZIEMNE":"1","KONDYGNACJE_PODZIEMNE":"0","strefa":"w śladzie","warstwa":"budynki"},"geometry":{"type":"Polygon","coordinates":[[[19.913303,49.832995],[19.913171,49.832998],[19.913169,49.832963],[19.913301,49.832961],[19.913303,49.832995]]]}},{"type":"Feature","properties":{"gml_id":"budynki.120903_4.0002.543_BUD","ID_BUDYNKU":"120903_4.0002.543_BUD","RODZAJ":"g","KONDYGNACJE_NADZIEMNE":"1","KONDYGNACJE_PODZIEMNE":"0","strefa":"w śladzie","warstwa":"budynki"},"geometry":{"type":"Polygon","coordinates":[[[19.913353,49.832763],[19.913244,49.832768],[19.913234,49.832681],[19.913231,49.832653],[19.91334,49.832648],[19.913343,49.832676],[19.913353,49.832763]]]}},{"type":"Feature","properties":{"gml_id":"budynki.120903_4.0002.2814_BUD","ID_BUDYNKU":"120903_4.0002.2814_BUD","RODZAJ":"g","KONDYGNACJE_NADZIEMNE":"1","KONDYGNACJE_PODZIEMNE":"0","strefa":"w śladzie","warstwa":"budynki"},"geometry":{"type":"Polygon","coordinates":[[[19.91322,49.832735],[19.913165,49.832737],[19.913144,49.832738],[19.913137,49.832662],[19.913213,49.832659],[19.91322,49.832735]]]}},{"type":"Feature","properties":{"gml_id":"budynki.120903_4.0002.537_BUD","ID_BUDYNKU":"120903_4.0002.537_BUD","RODZAJ":"g","KONDYGNACJE_NADZIEMNE":"1","KONDYGNACJE_PODZIEMNE":"0","strefa":"w śladzie","warstwa":"budynki"},"geometry":{"type":"Polygon","coordinates":[[[19.913456,49.83259],[19.913452,49.832639],[19.913398,49.832637],[19.913402,49.832589],[19.913456,49.83259]]]}},{"type":"Feature","properties":{"gml_id":"budynki.120903_4.0002.518_BUD","ID_BUDYNKU":"120903_4.0002.518_BUD","RODZAJ":"i","KONDYGNACJE_NADZIEMNE":"1","KONDYGNACJE_PODZIEMNE":"0","strefa":"w śladzie","warstwa":"budynki"},"geometry":{"type":"Polygon","coordinates":[[[19.913047,49.832412],[19.912974,49.832412],[19.912974,49.832345],[19.913047,49.832345],[19.913047,49.832412]]]}},{"type":"Feature","properties":{"gml_id":"budynki.120903_4.0002.520_BUD","ID_BUDYNKU":"120903_4.0002.520_BUD","RODZAJ":"g","KONDYGNACJE_NADZIEMNE":"1","KONDYGNACJE_PODZIEMNE":"0","strefa":"w śladzie","warstwa":"budynki"},"geometry":{"type":"Polygon","coordinates":[[[19.912974,49.832412],[19.912908,49.832412],[19.912908,49.832345],[19.912974,49.832345],[19.912974,49.832412]]]}},{"type":"Feature","properties":{"gml_id":"budynki.120903_4.0002.524_BUD","ID_BUDYNKU":"120903_4.0002.524_BUD","RODZAJ":"i","KONDYGNACJE_NADZIEMNE":"1","KONDYGNACJE_PODZIEMNE":"0","strefa":"w śladzie","warstwa":"budynki"},"geometry":{"type":"Polygon","coordinates":[[[19.913236,49.832344],[19.913235,49.832377],[19.913234,49.832421],[19.913218,49.832421],[19.913198,49.832421],[19.913201,49.832344],[19.913236,49.832344]]]}},{"type":"Feature","properties":{"gml_id":"budynki.120903_4.0002.525_BUD","ID_BUDYNKU":"120903_4.0002.525_BUD","RODZAJ":"g","KONDYGNACJE_NADZIEMNE":"1","KONDYGNACJE_PODZIEMNE":"0","strefa":"w śladzie","warstwa":"budynki"},"geometry":{"type":"Polygon","coordinates":[[[19.913296,49.83231],[19.913294,49.832378],[19.913235,49.832377],[19.913236,49.832344],[19.913238,49.832309],[19.913296,49.83231]]]}},{"type":"Feature","properties":{"gml_id":"budynki.120903_4.0002.2149_BUD","ID_BUDYNKU":"120903_4.0002.2149_BUD","RODZAJ":"m","KONDYGNACJE_NADZIEMNE":"1","KONDYGNACJE_PODZIEMNE":"1","strefa":"w śladzie","warstwa":"budynki"},"geometry":{"type":"Polygon","coordinates":[[[19.913289,49.832288],[19.91329,49.832268],[19.913225,49.832266],[19.913232,49.832184],[19.913357,49.832188],[19.91335,49.83227],[19.913346,49.83227],[19.913344,49.83229],[19.913289,49.832288]]]}},{"type":"Feature","properties":{"gml_id":"budynki.120903_4.0002.2836_BUD","ID_BUDYNKU":"120903_4.0002.2836_BUD","RODZAJ":"m","KONDYGNACJE_NADZIEMNE":"2","KONDYGNACJE_PODZIEMNE":"1","strefa":"w śladzie","warstwa":"budynki"},"geometry":{"type":"Polygon","coordinates":[[[19.913115,49.831964],[19.913102,49.832039],[19.913015,49.832034],[19.913026,49.831959],[19.913115,49.831964]]]}},{"type":"Feature","properties":{"gml_id":"budynki.120903_4.0002.2837_BUD","ID_BUDYNKU":"120903_4.0002.2837_BUD","RODZAJ":"m","KONDYGNACJE_NADZIEMNE":"1","KONDYGNACJE_PODZIEMNE":"1","strefa":"w śladzie","warstwa":"budynki"},"geometry":{"type":"Polygon","coordinates":[[[19.913026,49.831959],[19.913015,49.832034],[19.912994,49.832032],[19.912877,49.832025],[19.912887,49.831951],[19.913026,49.831959]]]}},{"type":"Feature","properties":{"gml_id":"budynki.120903_4.0002.589_BUD","ID_BUDYNKU":"120903_4.0002.589_BUD","RODZAJ":"g","KONDYGNACJE_NADZIEMNE":"1","KONDYGNACJE_PODZIEMNE":"0","strefa":"w śladzie","warstwa":"budynki"},"geometry":{"type":"Polygon","coordinates":[[[19.912994,49.832032],[19.912989,49.83207],[19.912871,49.832063],[19.912877,49.832025],[19.912994,49.832032]]]}},{"type":"Feature","properties":{"gml_id":"budynki.120903_4.0002.2150_BUD","ID_BUDYNKU":"120903_4.0002.2150_BUD","RODZAJ":"m","KONDYGNACJE_NADZIEMNE":"1","KONDYGNACJE_PODZIEMNE":"0","strefa":"w śladzie","warstwa":"budynki"},"geometry":{"type":"Polygon","coordinates":[[[19.913205,49.832187],[19.91319,49.832253],[19.913143,49.832248],[19.913096,49.832243],[19.913055,49.832239],[19.913066,49.832195],[19.913072,49.832174],[19.913205,49.832187]]]}},{"type":"Feature","properties":{"gml_id":"budynki.120903_4.0002.527_BUD","ID_BUDYNKU":"120903_4.0002.527_BUD","RODZAJ":"i","KONDYGNACJE_NADZIEMNE":"1","KONDYGNACJE_PODZIEMNE":"0","strefa":"w śladzie","warstwa":"budynki"},"geometry":{"type":"Polygon","coordinates":[[[19.913066,49.832195],[19.913055,49.832239],[19.913054,49.832243],[19.913022,49.83224],[19.913033,49.832192],[19.913066,49.832195]]]}},{"type":"Feature","properties":{"gml_id":"budynki.120903_4.0002.128_BUD","ID_BUDYNKU":"120903_4.0002.128_BUD","RODZAJ":"m","KONDYGNACJE_NADZIEMNE":"3","KONDYGNACJE_PODZIEMNE":"0","strefa":"w śladzie","warstwa":"budynki"},"geometry":{"type":"Polygon","coordinates":[[[19.912756,49.832206],[19.912754,49.83226],[19.912615,49.832258],[19.912618,49.832165],[19.912713,49.832166],[19.912711,49.832205],[19.912756,49.832206]]]}},{"type":"Feature","properties":{"gml_id":"budynki.120903_4.0002.2607_BUD","ID_BUDYNKU":"120903_4.0002.2607_BUD","RODZAJ":"m","KONDYGNACJE_NADZIEMNE":"3","KONDYGNACJE_PODZIEMNE":"1","strefa":"w śladzie","warstwa":"budynki"},"geometry":{"type":"Polygon","coordinates":[[[19.912762,49.832036],[19.912617,49.832037],[19.912614,49.831944],[19.91276,49.831942],[19.912762,49.832036]]]}},{"type":"Feature","properties":{"gml_id":"budynki.120903_4.0003.2045_BUD","ID_BUDYNKU":"120903_4.0003.2045_BUD","RODZAJ":"m","KONDYGNACJE_NADZIEMNE":"2","KONDYGNACJE_PODZIEMNE":"0","strefa":"w śladzie","warstwa":"budynki"},"geometry":{"type":"Polygon","coordinates":[[[19.912482,49.830794],[19.912436,49.83092],[19.912421,49.830961],[19.912274,49.830939],[19.912294,49.830886],[19.912335,49.830772],[19.912482,49.830794]]]}},{"type":"Feature","properties":{"gml_id":"budynki.120903_4.0003.2889_BUD","ID_BUDYNKU":"120903_4.0003.2889_BUD","RODZAJ":"m","KONDYGNACJE_NADZIEMNE":"3","KONDYGNACJE_PODZIEMNE":"0","strefa":"w śladzie","warstwa":"budynki"},"geometry":{"type":"Polygon","coordinates":[[[19.912648,49.831068],[19.912619,49.831165],[19.912544,49.831155],[19.91254,49.831169],[19.91247,49.831161],[19.912503,49.83105],[19.912648,49.831068]]]}},{"type":"Feature","properties":{"gml_id":"budynki.120903_4.0003.959_BUD","ID_BUDYNKU":"120903_4.0003.959_BUD","RODZAJ":"m","KONDYGNACJE_NADZIEMNE":"1","KONDYGNACJE_PODZIEMNE":"1","strefa":"w śladzie","warstwa":"budynki"},"geometry":{"type":"Polygon","coordinates":[[[19.912893,49.831192],[19.912874,49.831267],[19.912815,49.831261],[19.91281,49.831277],[19.912778,49.831273],[19.912782,49.831257],[19.912702,49.831249],[19.91272,49.831174],[19.912893,49.831192]]]}},{"type":"Feature","properties":{"gml_id":"budynki.120903_4.0003.3058_BUD","ID_BUDYNKU":"120903_4.0003.3058_BUD","RODZAJ":"m","KONDYGNACJE_NADZIEMNE":"2","KONDYGNACJE_PODZIEMNE":"0","strefa":"w śladzie","warstwa":"budynki"},"geometry":{"type":"Polygon","coordinates":[[[19.911874,49.830181],[19.911876,49.830176],[19.911835,49.83017],[19.911851,49.830125],[19.911891,49.83013],[19.911899,49.830107],[19.91203,49.830125],[19.912007,49.830194],[19.91193,49.830183],[19.911928,49.830189],[19.911874,49.830181]]]}},{"type":"Feature","properties":{"gml_id":"budynki.120609_2.0010.346.3_BUD","ID_BUDYNKU":"120609_2.0010.346.3_BUD","RODZAJ":"g","KONDYGNACJE_NADZIEMNE":"None","KONDYGNACJE_PODZIEMNE":"None","strefa":"w śladzie","warstwa":"budynki"},"geometry":{"type":"Polygon","coordinates":[[[19.89147,49.919672],[19.891642,49.919647],[19.891675,49.91974],[19.891619,49.919748],[19.891612,49.919727],[19.891551,49.919736],[19.891558,49.919756],[19.891502,49.919765],[19.89147,49.919672]]]}},{"type":"Feature","properties":{"gml_id":"budynki.120609_2.0010.346.1_BUD","ID_BUDYNKU":"120609_2.0010.346.1_BUD","RODZAJ":"m","KONDYGNACJE_NADZIEMNE":"None","KONDYGNACJE_PODZIEMNE":"None","strefa":"w śladzie","warstwa":"budynki"},"geometry":{"type":"Polygon","coordinates":[[[19.891536,49.919936],[19.891599,49.919927],[19.891594,49.919912],[19.891634,49.919906],[19.89164,49.919921],[19.891706,49.919912],[19.891734,49.919993],[19.891564,49.920018],[19.891536,49.919936]]]}},{"type":"Feature","properties":{"gml_id":"budynki.120609_2.0010.296.2_BUD","ID_BUDYNKU":"120609_2.0010.296.2_BUD","RODZAJ":"i","KONDYGNACJE_NADZIEMNE":"None","KONDYGNACJE_PODZIEMNE":"None","strefa":"w śladzie","warstwa":"budynki"},"geometry":{"type":"Polygon","coordinates":[[[19.891343,49.920378],[19.891398,49.920374],[19.891409,49.920426],[19.891353,49.920431],[19.891343,49.920378]]]}},{"type":"Feature","properties":{"gml_id":"budynki.120609_2.0010.296.1_BUD","ID_BUDYNKU":"120609_2.0010.296.1_BUD","RODZAJ":"m","KONDYGNACJE_NADZIEMNE":"None","KONDYGNACJE_PODZIEMNE":"None","strefa":"w śladzie","warstwa":"budynki"},"geometry":{"type":"Polygon","coordinates":[[[19.891405,49.920492],[19.891539,49.920482],[19.891556,49.920567],[19.891422,49.920578],[19.891405,49.920492]]]}},{"type":"Feature","properties":{"gml_id":"budynki.120609_2.0010.296.3_BUD","ID_BUDYNKU":"120609_2.0010.296.3_BUD","RODZAJ":"i","KONDYGNACJE_NADZIEMNE":"None","KONDYGNACJE_PODZIEMNE":"None","strefa":"w śladzie","warstwa":"budynki"},"geometry":{"type":"Polygon","coordinates":[[[19.891589,49.920592],[19.891671,49.920581],[19.891684,49.920618],[19.891602,49.920629],[19.891589,49.920592]]]}},{"type":"Feature","properties":{"gml_id":"budynki.120609_2.0010.296.4_BUD","ID_BUDYNKU":"120609_2.0010.296.4_BUD","RODZAJ":"i","KONDYGNACJE_NADZIEMNE":"None","KONDYGNACJE_PODZIEMNE":"None","strefa":"w śladzie","warstwa":"budynki"},"geometry":{"type":"Polygon","coordinates":[[[19.891602,49.920629],[19.891684,49.920618],[19.891696,49.920654],[19.891614,49.920666],[19.891602,49.920629]]]}},{"type":"Feature","properties":{"gml_id":"budynki.120609_2.0010.81/1.2_BUD","ID_BUDYNKU":"120609_2.0010.81/1.2_BUD","RODZAJ":"i","KONDYGNACJE_NADZIEMNE":"None","KONDYGNACJE_PODZIEMNE":"None","strefa":"w śladzie","warstwa":"budynki"},"geometry":{"type":"Polygon","coordinates":[[[19.893986,49.923221],[19.893995,49.923168],[19.894063,49.923173],[19.894053,49.923226],[19.893986,49.923221]]]}},{"type":"Feature","properties":{"gml_id":"budynki.120609_2.0010.81/1.1_BUD","ID_BUDYNKU":"120609_2.0010.81/1.1_BUD","RODZAJ":"m","KONDYGNACJE_NADZIEMNE":"None","KONDYGNACJE_PODZIEMNE":"None","strefa":"w śladzie","warstwa":"budynki"},"geometry":{"type":"Polygon","coordinates":[[[19.894076,49.923111],[19.894086,49.923043],[19.894245,49.923054],[19.894238,49.923091],[19.894261,49.923093],[19.894256,49.923122],[19.894194,49.923119],[19.89419,49.923143],[19.894117,49.923138],[19.89412,49.923114],[19.894076,49.923111]]]}},{"type":"Feature","properties":{"gml_id":"budynki.120609_2.0010.81/2.1_BUD","ID_BUDYNKU":"120609_2.0010.81/2.1_BUD","RODZAJ":"m","KONDYGNACJE_NADZIEMNE":"None","KONDYGNACJE_PODZIEMNE":"None","strefa":"w śladzie","warstwa":"budynki"},"geometry":{"type":"Polygon","coordinates":[[[19.894266,49.922882],[19.894273,49.922854],[19.89424,49.922851],[19.894253,49.922794],[19.894254,49.92279],[19.894424,49.922806],[19.894413,49.922852],[19.894393,49.92285],[19.894388,49.922873],[19.894408,49.922875],[19.894464,49.92288],[19.894449,49.922944],[19.894255,49.922925],[19.894266,49.922882]]]}},{"type":"Feature","properties":{"gml_id":"budynki.120609_2.0010.301/1.1_BUD","ID_BUDYNKU":"120609_2.0010.301/1.1_BUD","RODZAJ":"m","KONDYGNACJE_NADZIEMNE":"None","KONDYGNACJE_PODZIEMNE":"None","strefa":"w śladzie","warstwa":"budynki"},"geometry":{"type":"Polygon","coordinates":[[[19.894402,49.922685],[19.894414,49.922637],[19.894426,49.922638],[19.894449,49.92264],[19.894457,49.922605],[19.894478,49.922607],[19.894488,49.922602],[19.894514,49.922605],[19.894521,49.922611],[19.894564,49.922616],[19.894562,49.922622],[19.894567,49.922628],[19.894564,49.922641],[19.894557,49.922645],[19.894555,49.922652],[19.89455,49.922677],[19.894556,49.922678],[19.894555,49.922682],[19.894598,49.922687],[19.894583,49.922748],[19.89445,49.922735],[19.894453,49.922725],[19.894407,49.922721],[19.894416,49.922686],[19.894402,49.922685]]]}},{"type":"Feature","properties":{"gml_id":"budynki.120609_2.0010.555.1_BUD","ID_BUDYNKU":"120609_2.0010.555.1_BUD","RODZAJ":"m","KONDYGNACJE_NADZIEMNE":"None","KONDYGNACJE_PODZIEMNE":"None","strefa":"w śladzie","warstwa":"budynki"},"geometry":{"type":"Polygon","coordinates":[[[19.890837,49.912009],[19.890842,49.912007],[19.890848,49.911997],[19.890845,49.911993],[19.890997,49.911949],[19.891,49.911953],[19.891014,49.911956],[19.89102,49.911955],[19.891021,49.911956],[19.891064,49.912016],[19.891065,49.912019],[19.891059,49.91202],[19.891054,49.912029],[19.891057,49.912033],[19.891004,49.912049],[19.890996,49.912052],[19.890994,49.912048],[19.890963,49.912058],[19.890966,49.912061],[19.890959,49.912063],[19.890905,49.912078],[19.890902,49.912074],[19.890889,49.912071],[19.890882,49.912073],[19.890837,49.912009]]]}},{"type":"Feature","properties":{"gml_id":"budynki.120903_5.0005.1883_BUD","ID_BUDYNKU":"120903_5.0005.1883_BUD","RODZAJ":"m","KONDYGNACJE_NADZIEMNE":"1","KONDYGNACJE_PODZIEMNE":"0","strefa":"w śladzie","warstwa":"budynki"},"geometry":{"type":"Polygon","coordinates":[[[19.889732,49.911635],[19.889818,49.911606],[19.889878,49.91168],[19.889793,49.911709],[19.889732,49.911635]]]}},{"type":"Feature","properties":{"gml_id":"budynki.120903_5.0005.1879_BUD","ID_BUDYNKU":"120903_5.0005.1879_BUD","RODZAJ":"m","KONDYGNACJE_NADZIEMNE":"1","KONDYGNACJE_PODZIEMNE":"0","strefa":"w śladzie","warstwa":"budynki"},"geometry":{"type":"Polygon","coordinates":[[[19.890306,49.911432],[19.890323,49.911425],[19.890337,49.911418],[19.890382,49.911398],[19.890438,49.911449],[19.890363,49.911484],[19.890306,49.911432]]]}},{"type":"Feature","properties":{"gml_id":"budynki.120903_5.0005.2442_BUD","ID_BUDYNKU":"120903_5.0005.2442_BUD","RODZAJ":"m","KONDYGNACJE_NADZIEMNE":"1","KONDYGNACJE_PODZIEMNE":"0","strefa":"w śladzie","warstwa":"budynki"},"geometry":{"type":"Polygon","coordinates":[[[19.889585,49.911456],[19.889675,49.911426],[19.889647,49.911391],[19.889736,49.911361],[19.889816,49.911461],[19.889636,49.911521],[19.889585,49.911456]]]}},{"type":"Feature","properties":{"gml_id":"budynki.120903_5.0005.2447_BUD","ID_BUDYNKU":"120903_5.0005.2447_BUD","RODZAJ":"g","KONDYGNACJE_NADZIEMNE":"1","KONDYGNACJE_PODZIEMNE":"0","strefa":"w śladzie","warstwa":"budynki"},"geometry":{"type":"Polygon","coordinates":[[[19.890259,49.911454],[19.890306,49.911432],[19.890363,49.911484],[19.890317,49.911504],[19.890259,49.911454]]]}},{"type":"Feature","properties":{"gml_id":"budynki.120903_5.0005.1876_BUD","ID_BUDYNKU":"120903_5.0005.1876_BUD","RODZAJ":"i","KONDYGNACJE_NADZIEMNE":"1","KONDYGNACJE_PODZIEMNE":"0","strefa":"w śladzie","warstwa":"budynki"},"geometry":{"type":"Polygon","coordinates":[[[19.890404,49.909914],[19.890505,49.909908],[19.890512,49.909947],[19.89041,49.909954],[19.890404,49.909914]]]}},{"type":"Feature","properties":{"gml_id":"budynki.120609_2.0010.553/2.2_BUD","ID_BUDYNKU":"120609_2.0010.553/2.2_BUD","RODZAJ":"i","KONDYGNACJE_NADZIEMNE":"None","KONDYGNACJE_PODZIEMNE":"None","strefa":"w śladzie","warstwa":"budynki"},"geometry":{"type":"Polygon","coordinates":[[[19.889755,49.912379],[19.889821,49.912364],[19.889822,49.912366],[19.889831,49.912364],[19.889854,49.91241],[19.889782,49.912426],[19.889755,49.912379]]]}},{"type":"Feature","properties":{"gml_id":"budynki.120609_2.0010.553/2.1_BUD","ID_BUDYNKU":"120609_2.0010.553/2.1_BUD","RODZAJ":"m","KONDYGNACJE_NADZIEMNE":"None","KONDYGNACJE_PODZIEMNE":"None","strefa":"w śladzie","warstwa":"budynki"},"geometry":{"type":"Polygon","coordinates":[[[19.88978,49.912277],[19.88985,49.912263],[19.889856,49.912276],[19.88994,49.912259],[19.889964,49.91231],[19.889979,49.912341],[19.889917,49.912353],[19.889909,49.912335],[19.889886,49.91234],[19.889891,49.912352],[19.889831,49.912364],[19.889822,49.912366],[19.889821,49.912364],[19.88978,49.912277]]]}},{"type":"Feature","properties":{"gml_id":"budynki.120609_2.0010.574.1_BUD","ID_BUDYNKU":"120609_2.0010.574.1_BUD","RODZAJ":"m","KONDYGNACJE_NADZIEMNE":"None","KONDYGNACJE_PODZIEMNE":"None","strefa":"w śladzie","warstwa":"budynki"},"geometry":{"type":"Polygon","coordinates":[[[19.89023,49.912857],[19.890525,49.912798],[19.890556,49.912871],[19.890393,49.912903],[19.890399,49.912917],[19.890353,49.912926],[19.890347,49.912913],[19.890265,49.91293],[19.89023,49.912857]]]}},{"type":"Feature","properties":{"gml_id":"budynki.120609_2.0010.560/2.1_BUD","ID_BUDYNKU":"120609_2.0010.560/2.1_BUD","RODZAJ":"g","KONDYGNACJE_NADZIEMNE":"None","KONDYGNACJE_PODZIEMNE":"None","strefa":"w śladzie","warstwa":"budynki"},"geometry":{"type":"Polygon","coordinates":[[[19.889955,49.912869],[19.889977,49.912797],[19.890009,49.912802],[19.890015,49.912781],[19.890111,49.912793],[19.890069,49.912923],[19.889972,49.912911],[19.889985,49.912873],[19.889955,49.912869]]]}},{"type":"Feature","properties":{"gml_id":"budynki.120609_2.0010.560/2.2_BUD","ID_BUDYNKU":"120609_2.0010.560/2.2_BUD","RODZAJ":"g","KONDYGNACJE_NADZIEMNE":"None","KONDYGNACJE_PODZIEMNE":"None","strefa":"w śladzie","warstwa":"budynki"},"geometry":{"type":"Polygon","coordinates":[[[19.889958,49.912949],[19.889972,49.912911],[19.890069,49.912923],[19.890055,49.912962],[19.889958,49.912949]]]}},{"type":"Feature","properties":{"gml_id":"budynki.120903_5.0005.2019_BUD","ID_BUDYNKU":"120903_5.0005.2019_BUD","RODZAJ":"m","KONDYGNACJE_NADZIEMNE":"2","KONDYGNACJE_PODZIEMNE":"0","strefa":"w śladzie","warstwa":"budynki"},"geometry":{"type":"Polygon","coordinates":[[[19.893079,49.890893],[19.893056,49.890946],[19.892888,49.890915],[19.892929,49.890822],[19.893072,49.890848],[19.893054,49.890889],[19.893079,49.890893]]]}},{"type":"Feature","properties":{"gml_id":"budynki.120903_5.0005.1259_BUD","ID_BUDYNKU":"120903_5.0005.1259_BUD","RODZAJ":"g","KONDYGNACJE_NADZIEMNE":"1","KONDYGNACJE_PODZIEMNE":"0","strefa":"w śladzie","warstwa":"budynki"},"geometry":{"type":"Polygon","coordinates":[[[19.89294,49.890702],[19.893006,49.890698],[19.89301,49.890735],[19.892944,49.890738],[19.89294,49.890702]]]}},{"type":"Feature","properties":{"gml_id":"budynki.120903_5.0011.931_BUD","ID_BUDYNKU":"120903_5.0011.931_BUD","RODZAJ":"p","KONDYGNACJE_NADZIEMNE":"1","KONDYGNACJE_PODZIEMNE":"0","strefa":"w śladzie","warstwa":"budynki"},"geometry":{"type":"Polygon","coordinates":[[[19.924658,49.857444],[19.924573,49.857439],[19.924544,49.85737],[19.924563,49.857231],[19.924686,49.857238],[19.924689,49.857215],[19.925762,49.857277],[19.925753,49.857339],[19.925743,49.857414],[19.925725,49.857546],[19.925661,49.857543],[19.925635,49.857511],[19.925573,49.857532],[19.925572,49.857538],[19.925559,49.857537],[19.925533,49.857505],[19.925456,49.857531],[19.924951,49.857502],[19.924925,49.85747],[19.924864,49.857491],[19.924864,49.857497],[19.92485,49.857497],[19.924824,49.857464],[19.924748,49.85749],[19.924652,49.857485],[19.924658,49.857444]]]}},{"type":"Feature","properties":{"gml_id":"budynki.120903_5.0011.963_BUD","ID_BUDYNKU":"120903_5.0011.963_BUD","RODZAJ":"p","KONDYGNACJE_NADZIEMNE":"1","KONDYGNACJE_PODZIEMNE":"0","strefa":"w śladzie","warstwa":"budynki"},"geometry":{"type":"Polygon","coordinates":[[[19.925868,49.857346],[19.925858,49.85742],[19.925743,49.857414],[19.925753,49.857339],[19.925868,49.857346]]]}},{"type":"Feature","properties":{"gml_id":"budynki.120903_5.0011.969_BUD","ID_BUDYNKU":"120903_5.0011.969_BUD","RODZAJ":"b","KONDYGNACJE_NADZIEMNE":"2","KONDYGNACJE_PODZIEMNE":"0","strefa":"w śladzie","warstwa":"budynki"},"geometry":{"type":"Polygon","coordinates":[[[19.925712,49.855682],[19.925716,49.85564],[19.925727,49.855641],[19.925729,49.855619],[19.925787,49.855622],[19.925788,49.855612],[19.925841,49.855615],[19.925841,49.855624],[19.926102,49.855636],[19.926089,49.855755],[19.925823,49.855743],[19.925822,49.855749],[19.92577,49.855746],[19.925771,49.855742],[19.925777,49.855685],[19.925721,49.855682],[19.925712,49.855682]]]}},{"type":"Feature","properties":{"gml_id":"budynki.120903_5.0011.880_BUD","ID_BUDYNKU":"120903_5.0011.880_BUD","RODZAJ":"b","KONDYGNACJE_NADZIEMNE":"1","KONDYGNACJE_PODZIEMNE":"0","strefa":"w śladzie","warstwa":"budynki"},"geometry":{"type":"Polygon","coordinates":[[[19.925819,49.855977],[19.925821,49.855955],[19.925925,49.855959],[19.925923,49.855981],[19.925819,49.855977]]]}},{"type":"Feature","properties":{"gml_id":"budynki.120903_5.0011.879_BUD","ID_BUDYNKU":"120903_5.0011.879_BUD","RODZAJ":"b","KONDYGNACJE_NADZIEMNE":"1","KONDYGNACJE_PODZIEMNE":"0","strefa":"w śladzie","warstwa":"budynki"},"geometry":{"type":"Polygon","coordinates":[[[19.92581,49.856092],[19.925814,49.856049],[19.925897,49.856052],[19.925892,49.856095],[19.92581,49.856092]]]}},{"type":"Feature","properties":{"gml_id":"budynki.120903_4.0002.2728_BUD","ID_BUDYNKU":"120903_4.0002.2728_BUD","RODZAJ":"m","KONDYGNACJE_NADZIEMNE":"2","KONDYGNACJE_PODZIEMNE":"0","strefa":"w śladzie","warstwa":"budynki"},"geometry":{"type":"Polygon","coordinates":[[[19.924516,49.844993],[19.924515,49.844998],[19.924387,49.844985],[19.924388,49.844984],[19.924398,49.844941],[19.924408,49.844898],[19.924536,49.844911],[19.92453,49.844936],[19.92452,49.844974],[19.924516,49.844993]]]}},{"type":"Feature","properties":{"gml_id":"budynki.120903_4.0002.2700_BUD","ID_BUDYNKU":"120903_4.0002.2700_BUD","RODZAJ":"i","KONDYGNACJE_NADZIEMNE":"1","KONDYGNACJE_PODZIEMNE":"0","strefa":"w śladzie","warstwa":"budynki"},"geometry":{"type":"Polygon","coordinates":[[[19.924418,49.84517],[19.924308,49.845166],[19.924309,49.845107],[19.924381,49.845107],[19.92441,49.845108],[19.924491,49.845109],[19.924491,49.84517],[19.924418,49.84517]]]}},{"type":"Feature","properties":{"gml_id":"budynki.120903_4.0002.2702_BUD","ID_BUDYNKU":"120903_4.0002.2702_BUD","RODZAJ":"m","KONDYGNACJE_NADZIEMNE":"1","KONDYGNACJE_PODZIEMNE":"0","strefa":"w śladzie","warstwa":"budynki"},"geometry":{"type":"Polygon","coordinates":[[[19.924387,49.845243],[19.92436,49.845367],[19.924253,49.845357],[19.92428,49.845233],[19.924286,49.845204],[19.924319,49.845207],[19.924312,49.845236],[19.924387,49.845243]]]}},{"type":"Feature","properties":{"gml_id":"budynki.120903_4.0002.2721_BUD","ID_BUDYNKU":"120903_4.0002.2721_BUD","RODZAJ":"m","KONDYGNACJE_NADZIEMNE":"2","KONDYGNACJE_PODZIEMNE":"0","strefa":"w śladzie","warstwa":"budynki"},"geometry":{"type":"Polygon","coordinates":[[[19.923941,49.84576],[19.923974,49.845604],[19.924009,49.845607],[19.924024,49.845595],[19.924052,49.845598],[19.924061,49.845612],[19.924097,49.845615],[19.924092,49.845638],[19.924084,49.845682],[19.924078,49.845712],[19.924073,49.845738],[19.924039,49.845735],[19.924032,49.845767],[19.923941,49.84576]]]}},{"type":"Feature","properties":{"gml_id":"budynki.120903_4.0002.2830_BUD","ID_BUDYNKU":"120903_4.0002.2830_BUD","RODZAJ":"m","KONDYGNACJE_NADZIEMNE":"2","KONDYGNACJE_PODZIEMNE":"0","strefa":"w śladzie","warstwa":"budynki"},"geometry":{"type":"Polygon","coordinates":[[[19.924348,49.845753],[19.924337,49.845799],[19.924191,49.845784],[19.924213,49.845693],[19.924254,49.845697],[19.924265,49.845651],[19.924363,49.845661],[19.924352,49.845707],[19.924384,49.84571],[19.924373,49.845755],[19.924348,49.845753]]]}},{"type":"Feature","properties":{"gml_id":"budynki.120903_4.0002.2781_BUD","ID_BUDYNKU":"120903_4.0002.2781_BUD","RODZAJ":"m","KONDYGNACJE_NADZIEMNE":"2","KONDYGNACJE_PODZIEMNE":"0","strefa":"w śladzie","warstwa":"budynki"},"geometry":{"type":"Polygon","coordinates":[[[19.924864,49.845706],[19.924861,49.845721],[19.92485,49.845726],[19.924844,49.845753],[19.924854,49.845754],[19.92484,49.845817],[19.924805,49.845813],[19.924798,49.845844],[19.924702,49.845835],[19.924734,49.84569],[19.924817,49.845697],[19.924828,49.845692],[19.92485,49.845694],[19.924864,49.845706]]]}},{"type":"Feature","properties":{"gml_id":"budynki.120903_4.0002.3176_BUD","ID_BUDYNKU":"120903_4.0002.3176_BUD","RODZAJ":"m","KONDYGNACJE_NADZIEMNE":"2","KONDYGNACJE_PODZIEMNE":"0","strefa":"w śladzie","warstwa":"budynki"},"geometry":{"type":"Polygon","coordinates":[[[19.92475,49.846437],[19.924742,49.846479],[19.924582,49.846466],[19.924602,49.846364],[19.924716,49.846373],[19.924762,49.846377],[19.92475,49.846437]]]}},{"type":"Feature","properties":{"gml_id":"budynki.120903_4.0001.1800_BUD","ID_BUDYNKU":"120903_4.0001.1800_BUD","RODZAJ":"g","KONDYGNACJE_NADZIEMNE":"1","KONDYGNACJE_PODZIEMNE":"0","strefa":"w śladzie","warstwa":"budynki"},"geometry":{"type":"Polygon","coordinates":[[[19.926562,49.848118],[19.926507,49.848126],[19.926488,49.848072],[19.926543,49.848064],[19.926562,49.848118]]]}},{"type":"Feature","properties":{"gml_id":"budynki.120903_4.0001.1801_BUD","ID_BUDYNKU":"120903_4.0001.1801_BUD","RODZAJ":"g","KONDYGNACJE_NADZIEMNE":"1","KONDYGNACJE_PODZIEMNE":"0","strefa":"w śladzie","warstwa":"budynki"},"geometry":{"type":"Polygon","coordinates":[[[19.926619,49.84811],[19.926568,49.848117],[19.92655,49.848063],[19.9266,49.848056],[19.926619,49.84811]]]}},{"type":"Feature","properties":{"gml_id":"budynki.120903_4.0001.1799_BUD","ID_BUDYNKU":"120903_4.0001.1799_BUD","RODZAJ":"g","KONDYGNACJE_NADZIEMNE":"1","KONDYGNACJE_PODZIEMNE":"0","strefa":"w śladzie","warstwa":"budynki"},"geometry":{"type":"Polygon","coordinates":[[[19.926515,49.848149],[19.926349,49.848173],[19.926319,49.848086],[19.926484,49.848062],[19.926488,49.848072],[19.926507,49.848126],[19.926515,49.848149]]]}},{"type":"Feature","properties":{"gml_id":"budynki.120903_4.0001.1708_BUD","ID_BUDYNKU":"120903_4.0001.1708_BUD","RODZAJ":"m","KONDYGNACJE_NADZIEMNE":"1","KONDYGNACJE_PODZIEMNE":"0","strefa":"w śladzie","warstwa":"budynki"},"geometry":{"type":"Polygon","coordinates":[[[19.926328,49.847982],[19.926323,49.847965],[19.926303,49.847895],[19.926517,49.847869],[19.926537,49.847938],[19.926381,49.847957],[19.926386,49.847974],[19.926328,49.847982]]]}},{"type":"Feature","properties":{"gml_id":"budynki.120903_4.0001.1803_BUD","ID_BUDYNKU":"120903_4.0001.1803_BUD","RODZAJ":"g","KONDYGNACJE_NADZIEMNE":"1","KONDYGNACJE_PODZIEMNE":"0","strefa":"w śladzie","warstwa":"budynki"},"geometry":{"type":"Polygon","coordinates":[[[19.926323,49.847965],[19.926307,49.847966],[19.926287,49.847897],[19.926303,49.847895],[19.926323,49.847965]]]}},{"type":"Feature","properties":{"gml_id":"budynki.120903_4.0001.1709_BUD","ID_BUDYNKU":"120903_4.0001.1709_BUD","RODZAJ":"m","KONDYGNACJE_NADZIEMNE":"3","KONDYGNACJE_PODZIEMNE":"1","strefa":"w śladzie","warstwa":"budynki"},"geometry":{"type":"Polygon","coordinates":[[[19.926412,49.847828],[19.926268,49.847847],[19.926243,49.847767],[19.926387,49.847748],[19.926412,49.847828]]]}},{"type":"Feature","properties":{"gml_id":"budynki.120903_5.0005.1632_BUD","ID_BUDYNKU":"120903_5.0005.1632_BUD","RODZAJ":"m","KONDYGNACJE_NADZIEMNE":"2","KONDYGNACJE_PODZIEMNE":"0","strefa":"w śladzie","warstwa":"budynki"},"geometry":{"type":"Polygon","coordinates":[[[19.877372,49.907281],[19.877378,49.907229],[19.877559,49.907237],[19.877545,49.907352],[19.877499,49.90735],[19.877452,49.907347],[19.877403,49.907345],[19.877382,49.907344],[19.877389,49.907282],[19.877372,49.907281]]]}},{"type":"Feature","properties":{"gml_id":"budynki.120903_5.0005.1635_BUD","ID_BUDYNKU":"120903_5.0005.1635_BUD","RODZAJ":"m","KONDYGNACJE_NADZIEMNE":"2","KONDYGNACJE_PODZIEMNE":"0","strefa":"w śladzie","warstwa":"budynki"},"geometry":{"type":"Polygon","coordinates":[[[19.876559,49.907444],[19.87656,49.90741],[19.87653,49.90741],[19.876532,49.907335],[19.87669,49.907337],[19.876689,49.907388],[19.876688,49.907412],[19.876663,49.907411],[19.876662,49.907445],[19.876559,49.907444]]]}},{"type":"Feature","properties":{"gml_id":"budynki.120903_5.0005.1646_BUD","ID_BUDYNKU":"120903_5.0005.1646_BUD","RODZAJ":"g","KONDYGNACJE_NADZIEMNE":"1","KONDYGNACJE_PODZIEMNE":"0","strefa":"w śladzie","warstwa":"budynki"},"geometry":{"type":"Polygon","coordinates":[[[19.883043,49.905785],[19.883158,49.905735],[19.883278,49.905851],[19.883162,49.905902],[19.883043,49.905785]]]}},{"type":"Feature","properties":{"gml_id":"budynki.120903_5.0005.1645_BUD","ID_BUDYNKU":"120903_5.0005.1645_BUD","RODZAJ":"m","KONDYGNACJE_NADZIEMNE":"3","KONDYGNACJE_PODZIEMNE":"0","strefa":"w śladzie","warstwa":"budynki"},"geometry":{"type":"Polygon","coordinates":[[[19.882659,49.90604],[19.88278,49.905977],[19.882816,49.906006],[19.882837,49.905995],[19.882862,49.906014],[19.88284,49.906025],[19.882853,49.906035],[19.882868,49.906048],[19.882747,49.906111],[19.882659,49.90604]]]}},{"type":"Feature","properties":{"gml_id":"budynki.120903_5.0005.1783_BUD","ID_BUDYNKU":"120903_5.0005.1783_BUD","RODZAJ":"m","KONDYGNACJE_NADZIEMNE":"2","KONDYGNACJE_PODZIEMNE":"0","strefa":"w śladzie","warstwa":"budynki"},"geometry":{"type":"Polygon","coordinates":[[[19.886165,49.905856],[19.886012,49.905938],[19.88592,49.905867],[19.886074,49.905785],[19.886165,49.905856]]]}},{"type":"Feature","properties":{"gml_id":"budynki.120903_5.0005.1656_BUD","ID_BUDYNKU":"120903_5.0005.1656_BUD","RODZAJ":"i","KONDYGNACJE_NADZIEMNE":"1","KONDYGNACJE_PODZIEMNE":"0","strefa":"w śladzie","warstwa":"budynki"},"geometry":{"type":"Polygon","coordinates":[[[19.886855,49.905687],[19.886889,49.905669],[19.886953,49.905722],[19.886919,49.90574],[19.886855,49.905687]]]}},{"type":"Feature","properties":{"gml_id":"budynki.120903_5.0005.2432_BUD","ID_BUDYNKU":"120903_5.0005.2432_BUD","RODZAJ":"m","KONDYGNACJE_NADZIEMNE":"2","KONDYGNACJE_PODZIEMNE":"0","strefa":"w śladzie","warstwa":"budynki"},"geometry":{"type":"Polygon","coordinates":[[[19.886924,49.905602],[19.886978,49.905575],[19.886995,49.905566],[19.887014,49.905556],[19.887055,49.905591],[19.88707,49.905583],[19.887092,49.905602],[19.887076,49.905609],[19.887085,49.905617],[19.887125,49.90565],[19.887094,49.905666],[19.887063,49.905682],[19.887036,49.905696],[19.887034,49.905693],[19.887025,49.905686],[19.887016,49.905691],[19.887018,49.905693],[19.887008,49.905698],[19.886976,49.90567],[19.886997,49.905662],[19.886924,49.905602]]]}},{"type":"Feature","properties":{"gml_id":"budynki.120903_5.0005.1659_BUD","ID_BUDYNKU":"120903_5.0005.1659_BUD","RODZAJ":"h","KONDYGNACJE_NADZIEMNE":"1","KONDYGNACJE_PODZIEMNE":"0","strefa":"w śladzie","warstwa":"budynki"},"geometry":{"type":"Polygon","coordinates":[[[19.887308,49.905335],[19.887395,49.905301],[19.887425,49.905333],[19.887437,49.905332],[19.887525,49.905426],[19.887431,49.905464],[19.887308,49.905335]]]}},{"type":"Feature","properties":{"gml_id":"budynki.120903_5.0005.1658_BUD","ID_BUDYNKU":"120903_5.0005.1658_BUD","RODZAJ":"m","KONDYGNACJE_NADZIEMNE":"2","KONDYGNACJE_PODZIEMNE":"0","strefa":"w śladzie","warstwa":"budynki"},"geometry":{"type":"Polygon","coordinates":[[[19.887565,49.905327],[19.887637,49.905299],[19.887644,49.905306],[19.887756,49.905265],[19.887827,49.905343],[19.887817,49.905347],[19.887785,49.905359],[19.887795,49.905371],[19.887801,49.905376],[19.887761,49.905391],[19.887775,49.905407],[19.887671,49.905446],[19.887565,49.905327]]]}},{"type":"Feature","properties":{"gml_id":"budynki.120903_5.0005.2514_BUD","ID_BUDYNKU":"120903_5.0005.2514_BUD","RODZAJ":"m","KONDYGNACJE_NADZIEMNE":"2","KONDYGNACJE_PODZIEMNE":"0","strefa":"w śladzie","warstwa":"budynki"},"geometry":{"type":"Polygon","coordinates":[[[19.888278,49.905598],[19.888271,49.9056],[19.888187,49.905515],[19.888193,49.905512],[19.888195,49.905514],[19.888203,49.905522],[19.888347,49.905463],[19.888339,49.905455],[19.888337,49.905453],[19.888343,49.90545],[19.888428,49.905535],[19.888421,49.905538],[19.88842,49.905536],[19.888412,49.905528],[19.888268,49.905588],[19.888276,49.905596],[19.888278,49.905598]]]}},{"type":"Feature","properties":{"gml_id":"budynki.120903_5.0005.2513_BUD","ID_BUDYNKU":"120903_5.0005.2513_BUD","RODZAJ":"m","KONDYGNACJE_NADZIEMNE":"2","KONDYGNACJE_PODZIEMNE":"0","strefa":"w śladzie","warstwa":"budynki"},"geometry":{"type":"Polygon","coordinates":[[[19.888102,49.905671],[19.888096,49.905673],[19.888011,49.905588],[19.888017,49.905585],[19.888019,49.905587],[19.888027,49.905595],[19.888171,49.905536],[19.888163,49.905528],[19.888161,49.905526],[19.888167,49.905523],[19.888252,49.905608],[19.888245,49.905611],[19.888244,49.905609],[19.888236,49.905601],[19.888092,49.905661],[19.8881,49.905669],[19.888102,49.905671]]]}},{"type":"Feature","properties":{"gml_id":"budynki.120903_5.0005.1846_BUD","ID_BUDYNKU":"120903_5.0005.1846_BUD","RODZAJ":"m","KONDYGNACJE_NADZIEMNE":"1","KONDYGNACJE_PODZIEMNE":"0","strefa":"w śladzie","warstwa":"budynki"},"geometry":{"type":"Polygon","coordinates":[[[19.887549,49.905732],[19.887599,49.905718],[19.887645,49.905705],[19.88768,49.905695],[19.887693,49.905692],[19.887747,49.905772],[19.88773,49.905777],[19.887698,49.905786],[19.887605,49.905812],[19.887602,49.905808],[19.887549,49.905732]]]}},{"type":"Feature","properties":{"gml_id":"budynki.120903_5.0005.2515_BUD","ID_BUDYNKU":"120903_5.0005.2515_BUD","RODZAJ":"m","KONDYGNACJE_NADZIEMNE":"2","KONDYGNACJE_PODZIEMNE":"0","strefa":"w śladzie","warstwa":"budynki"},"geometry":{"type":"Polygon","coordinates":[[[19.888296,49.905873],[19.888289,49.905876],[19.888203,49.905791],[19.88821,49.905788],[19.888212,49.90579],[19.88822,49.905798],[19.888362,49.905738],[19.888354,49.90573],[19.888352,49.905728],[19.888359,49.905725],[19.888445,49.90581],[19.888438,49.905813],[19.888436,49.905811],[19.888428,49.905803],[19.888286,49.905863],[19.888294,49.905871],[19.888296,49.905873]]]}},{"type":"Feature","properties":{"gml_id":"budynki.120903_5.0005.2516_BUD","ID_BUDYNKU":"120903_5.0005.2516_BUD","RODZAJ":"m","KONDYGNACJE_NADZIEMNE":"2","KONDYGNACJE_PODZIEMNE":"0","strefa":"w śladzie","warstwa":"budynki"},"geometry":{"type":"Polygon","coordinates":[[[19.88847,49.905799],[19.888464,49.905802],[19.888378,49.905717],[19.888385,49.905715],[19.888387,49.905717],[19.888395,49.905724],[19.888537,49.905664],[19.888529,49.905656],[19.888527,49.905654],[19.888534,49.905652],[19.888619,49.905736],[19.888613,49.905739],[19.888611,49.905737],[19.888603,49.905729],[19.88846,49.905789],[19.888468,49.905797],[19.88847,49.905799]]]}},{"type":"Feature","properties":{"gml_id":"budynki.120903_5.0005.1849_BUD","ID_BUDYNKU":"120903_5.0005.1849_BUD","RODZAJ":"m","KONDYGNACJE_NADZIEMNE":"2","KONDYGNACJE_PODZIEMNE":"1","strefa":"w śladzie","warstwa":"budynki"},"geometry":{"type":"Polygon","coordinates":[[[19.889622,49.906937],[19.889541,49.906947],[19.889517,49.906863],[19.889682,49.906844],[19.889706,49.906927],[19.889656,49.906934],[19.889622,49.906937]]]}},{"type":"Feature","properties":{"gml_id":"budynki.120903_5.0005.1851_BUD","ID_BUDYNKU":"120903_5.0005.1851_BUD","RODZAJ":"g","KONDYGNACJE_NADZIEMNE":"1","KONDYGNACJE_PODZIEMNE":"0","strefa":"w śladzie","warstwa":"budynki"},"geometry":{"type":"Polygon","coordinates":[[[19.889764,49.907012],[19.889802,49.907001],[19.889831,49.90704],[19.889793,49.907051],[19.889764,49.907012]]]}},{"type":"Feature","properties":{"gml_id":"budynki.120903_5.0005.2443_BUD","ID_BUDYNKU":"120903_5.0005.2443_BUD","RODZAJ":"g","KONDYGNACJE_NADZIEMNE":"1","KONDYGNACJE_PODZIEMNE":"0","strefa":"w śladzie","warstwa":"budynki"},"geometry":{"type":"Polygon","coordinates":[[[19.889804,49.906999],[19.889851,49.906984],[19.889888,49.907031],[19.889841,49.907047],[19.889804,49.906999]]]}},{"type":"Feature","properties":{"gml_id":"budynki.120903_5.0005.1679_BUD","ID_BUDYNKU":"120903_5.0005.1679_BUD","RODZAJ":"m","KONDYGNACJE_NADZIEMNE":"3","KONDYGNACJE_PODZIEMNE":"0","strefa":"w śladzie","warstwa":"budynki"},"geometry":{"type":"Polygon","coordinates":[[[19.889678,49.904382],[19.889783,49.904333],[19.889862,49.904404],[19.889827,49.90442],[19.889757,49.904453],[19.889678,49.904382]]]}},{"type":"Feature","properties":{"gml_id":"budynki.120903_5.0005.1683_BUD","ID_BUDYNKU":"120903_5.0005.1683_BUD","RODZAJ":"g","KONDYGNACJE_NADZIEMNE":"1","KONDYGNACJE_PODZIEMNE":"0","strefa":"w śladzie","warstwa":"budynki"},"geometry":{"type":"Polygon","coordinates":[[[19.890212,49.904209],[19.890113,49.904252],[19.890067,49.904208],[19.890166,49.904165],[19.890212,49.904209]]]}},{"type":"Feature","properties":{"gml_id":"budynki.120903_5.0005.2441_BUD","ID_BUDYNKU":"120903_5.0005.2441_BUD","RODZAJ":"g","KONDYGNACJE_NADZIEMNE":"1","KONDYGNACJE_PODZIEMNE":"0","strefa":"w śladzie","warstwa":"budynki"},"geometry":{"type":"Polygon","coordinates":[[[19.88933,49.904262],[19.889435,49.90421],[19.88949,49.904257],[19.889473,49.904265],[19.889503,49.904289],[19.88957,49.904347],[19.889482,49.90439],[19.889416,49.904333],[19.88933,49.904262]]]}},{"type":"Feature","properties":{"gml_id":"budynki.120903_5.0005.1899_BUD","ID_BUDYNKU":"120903_5.0005.1899_BUD","RODZAJ":"m","KONDYGNACJE_NADZIEMNE":"2","KONDYGNACJE_PODZIEMNE":"0","strefa":"w śladzie","warstwa":"budynki"},"geometry":{"type":"Polygon","coordinates":[[[19.890066,49.904788],[19.890109,49.904777],[19.890193,49.904756],[19.890232,49.904746],[19.890238,49.904757],[19.890251,49.904778],[19.890281,49.90477],[19.890296,49.904795],[19.890267,49.904803],[19.890277,49.90482],[19.890233,49.904831],[19.890239,49.904841],[19.890204,49.90485],[19.890198,49.90484],[19.890111,49.904862],[19.890066,49.904788]]]}},{"type":"Feature","properties":{"gml_id":"budynki.120903_5.0005.2590_BUD","ID_BUDYNKU":"120903_5.0005.2590_BUD","RODZAJ":"m","KONDYGNACJE_NADZIEMNE":"1","KONDYGNACJE_PODZIEMNE":"0","strefa":"w śladzie","warstwa":"budynki"},"geometry":{"type":"Polygon","coordinates":[[[19.890229,49.904024],[19.890132,49.904069],[19.890013,49.903959],[19.89011,49.903915],[19.890229,49.904024]]]}},{"type":"Feature","properties":{"gml_id":"budynki.120903_5.0005.1881_BUD","ID_BUDYNKU":"120903_5.0005.1881_BUD","RODZAJ":"m","KONDYGNACJE_NADZIEMNE":"2","KONDYGNACJE_PODZIEMNE":"1","strefa":"w śladzie","warstwa":"budynki"},"geometry":{"type":"Polygon","coordinates":[[[19.889241,49.899453],[19.889298,49.899386],[19.889423,49.89943],[19.889364,49.899497],[19.889291,49.899471],[19.889275,49.899491],[19.889247,49.899481],[19.889264,49.899461],[19.889241,49.899453]]]}},{"type":"Feature","properties":{"gml_id":"budynki.120903_5.0005.2568_BUD","ID_BUDYNKU":"120903_5.0005.2568_BUD","RODZAJ":"m","KONDYGNACJE_NADZIEMNE":"2","KONDYGNACJE_PODZIEMNE":"0","strefa":"w śladzie","warstwa":"budynki"},"geometry":{"type":"Polygon","coordinates":[[[19.889472,49.899243],[19.889286,49.899241],[19.889287,49.899177],[19.889473,49.899178],[19.889472,49.899243]]]}},{"type":"Feature","properties":{"gml_id":"budynki.120903_5.0005.2569_BUD","ID_BUDYNKU":"120903_5.0005.2569_BUD","RODZAJ":"m","KONDYGNACJE_NADZIEMNE":"2","KONDYGNACJE_PODZIEMNE":"0","strefa":"w śladzie","warstwa":"budynki"},"geometry":{"type":"Polygon","coordinates":[[[19.889955,49.899247],[19.88977,49.899246],[19.889771,49.899182],[19.889956,49.899183],[19.889955,49.899247]]]}},{"type":"Feature","properties":{"gml_id":"budynki.120903_5.0005.2534_BUD","ID_BUDYNKU":"120903_5.0005.2534_BUD","RODZAJ":"m","KONDYGNACJE_NADZIEMNE":"2","KONDYGNACJE_PODZIEMNE":"1","strefa":"w śladzie","warstwa":"budynki"},"geometry":{"type":"Polygon","coordinates":[[[19.888943,49.899305],[19.888948,49.8993],[19.888894,49.899273],[19.888952,49.899225],[19.888974,49.899207],[19.889006,49.899223],[19.889013,49.899226],[19.889129,49.899286],[19.889049,49.899352],[19.889,49.899327],[19.888995,49.899331],[19.888943,49.899305]]]}},{"type":"Feature","properties":{"gml_id":"budynki.120903_5.0005.2438_BUD","ID_BUDYNKU":"120903_5.0005.2438_BUD","RODZAJ":"m","KONDYGNACJE_NADZIEMNE":"2","KONDYGNACJE_PODZIEMNE":"0","strefa":"w śladzie","warstwa":"budynki"},"geometry":{"type":"Polygon","coordinates":[[[19.889137,49.899775],[19.889067,49.899827],[19.888923,49.899745],[19.888964,49.899716],[19.888963,49.899705],[19.888983,49.89969],[19.889001,49.899689],[19.889027,49.899669],[19.889053,49.899684],[19.889071,49.899683],[19.889131,49.899717],[19.88909,49.899748],[19.889137,49.899775]]]}},{"type":"Feature","properties":{"gml_id":"budynki.120903_5.0005.2439_BUD","ID_BUDYNKU":"120903_5.0005.2439_BUD","RODZAJ":"m","KONDYGNACJE_NADZIEMNE":"2","KONDYGNACJE_PODZIEMNE":"0","strefa":"w śladzie","warstwa":"budynki"},"geometry":{"type":"Polygon","coordinates":[[[19.889202,49.89993],[19.889306,49.899889],[19.889319,49.899902],[19.889343,49.899903],[19.889359,49.899919],[19.889347,49.899933],[19.889362,49.899948],[19.889385,49.899972],[19.889281,49.900013],[19.889258,49.899989],[19.889249,49.899979],[19.88921,49.899939],[19.889202,49.89993]]]}},{"type":"Feature","properties":{"gml_id":"budynki.120903_5.0005.2440_BUD","ID_BUDYNKU":"120903_5.0005.2440_BUD","RODZAJ":"i","KONDYGNACJE_NADZIEMNE":"1","KONDYGNACJE_PODZIEMNE":"0","strefa":"w śladzie","warstwa":"budynki"},"geometry":{"type":"Polygon","coordinates":[[[19.889428,49.899546],[19.889463,49.899506],[19.889547,49.899537],[19.889514,49.899576],[19.889428,49.899546]]]}},{"type":"Feature","properties":{"gml_id":"budynki.120903_5.0005.1350_BUD","ID_BUDYNKU":"120903_5.0005.1350_BUD","RODZAJ":"m","KONDYGNACJE_NADZIEMNE":"2","KONDYGNACJE_PODZIEMNE":"1","strefa":"w śladzie","warstwa":"budynki"},"geometry":{"type":"Polygon","coordinates":[[[19.889935,49.899497],[19.89007,49.899472],[19.890112,49.899567],[19.890068,49.899575],[19.890036,49.899581],[19.889991,49.899589],[19.889973,49.899549],[19.88996,49.899552],[19.889935,49.899497]]]}},{"type":"Feature","properties":{"gml_id":"budynki.120903_5.0005.1710_BUD","ID_BUDYNKU":"120903_5.0005.1710_BUD","RODZAJ":"m","KONDYGNACJE_NADZIEMNE":"1","KONDYGNACJE_PODZIEMNE":"0","strefa":"w śladzie","warstwa":"budynki"},"geometry":{"type":"Polygon","coordinates":[[[19.890034,49.900435],[19.890088,49.900361],[19.89025,49.900411],[19.890195,49.900484],[19.890142,49.900468],[19.890088,49.900451],[19.890034,49.900435]]]}},{"type":"Feature","properties":{"gml_id":"budynki.120903_5.0005.21_BUD","ID_BUDYNKU":"120903_5.0005.21_BUD","RODZAJ":"m","KONDYGNACJE_NADZIEMNE":"2","KONDYGNACJE_PODZIEMNE":"0","strefa":"w śladzie","warstwa":"budynki"},"geometry":{"type":"Polygon","coordinates":[[[19.889697,49.900193],[19.889786,49.900144],[19.889842,49.900186],[19.889872,49.900208],[19.889784,49.900258],[19.889753,49.900235],[19.889697,49.900193]]]}},{"type":"Feature","properties":{"gml_id":"budynki.120903_5.0005.1358_BUD","ID_BUDYNKU":"120903_5.0005.1358_BUD","RODZAJ":"g","KONDYGNACJE_NADZIEMNE":"1","KONDYGNACJE_PODZIEMNE":"0","strefa":"w śladzie","warstwa":"budynki"},"geometry":{"type":"Polygon","coordinates":[[[19.888804,49.897909],[19.888929,49.897861],[19.888978,49.897915],[19.888854,49.897963],[19.888804,49.897909]]]}},{"type":"Feature","properties":{"gml_id":"budynki.120903_5.0005.1357_BUD","ID_BUDYNKU":"120903_5.0005.1357_BUD","RODZAJ":"m","KONDYGNACJE_NADZIEMNE":"2","KONDYGNACJE_PODZIEMNE":"1","strefa":"w śladzie","warstwa":"budynki"},"geometry":{"type":"Polygon","coordinates":[[[19.888788,49.897764],[19.888844,49.897744],[19.888832,49.89773],[19.888911,49.897702],[19.888989,49.897795],[19.888855,49.897842],[19.888788,49.897764]]]}},{"type":"Feature","properties":{"gml_id":"budynki.120903_5.0005.1882_BUD","ID_BUDYNKU":"120903_5.0005.1882_BUD","RODZAJ":"m","KONDYGNACJE_NADZIEMNE":"1","KONDYGNACJE_PODZIEMNE":"0","strefa":"w śladzie","warstwa":"budynki"},"geometry":{"type":"Polygon","coordinates":[[[19.889313,49.897461],[19.889382,49.897449],[19.889374,49.89743],[19.889435,49.897419],[19.889443,49.897438],[19.889483,49.897431],[19.889515,49.897505],[19.889433,49.897519],[19.889444,49.897545],[19.889355,49.89756],[19.889313,49.897461]]]}},{"type":"Feature","properties":{"gml_id":"budynki.120903_5.0005.1360_BUD","ID_BUDYNKU":"120903_5.0005.1360_BUD","RODZAJ":"i","KONDYGNACJE_NADZIEMNE":"1","KONDYGNACJE_PODZIEMNE":"0","strefa":"w śladzie","warstwa":"budynki"},"geometry":{"type":"Polygon","coordinates":[[[19.889406,49.897631],[19.88948,49.897589],[19.889561,49.897648],[19.889486,49.89769],[19.889406,49.897631]]]}},{"type":"Feature","properties":{"gml_id":"budynki.120903_5.0005.1361_BUD","ID_BUDYNKU":"120903_5.0005.1361_BUD","RODZAJ":"i","KONDYGNACJE_NADZIEMNE":"1","KONDYGNACJE_PODZIEMNE":"0","strefa":"w śladzie","warstwa":"budynki"},"geometry":{"type":"Polygon","coordinates":[[[19.888977,49.897293],[19.889012,49.897272],[19.889046,49.897295],[19.889011,49.897317],[19.888977,49.897293]]]}},{"type":"Feature","properties":{"gml_id":"budynki.126104_9.0096.329.1_BUD","ID_BUDYNKU":"126104_9.0096.329.1_BUD","RODZAJ":"m","KONDYGNACJE_NADZIEMNE":"brak_uprawnień","KONDYGNACJE_PODZIEMNE":"brak_uprawnień","strefa":"w śladzie","warstwa":"budynki"},"geometry":{"type":"Polygon","coordinates":[[[19.991341,49.983127],[19.991359,49.983015],[19.9915,49.983024],[19.991486,49.983113],[19.991431,49.983109],[19.991427,49.983133],[19.991341,49.983127]]]}},{"type":"Feature","properties":{"gml_id":"budynki.126104_9.0096.329.2_BUD","ID_BUDYNKU":"126104_9.0096.329.2_BUD","RODZAJ":"i","KONDYGNACJE_NADZIEMNE":"brak_uprawnień","KONDYGNACJE_PODZIEMNE":"brak_uprawnień","strefa":"w śladzie","warstwa":"budynki"},"geometry":{"type":"Polygon","coordinates":[[[19.991057,49.983094],[19.991064,49.982961],[19.991162,49.982963],[19.991157,49.983033],[19.991172,49.983034],[19.991165,49.983096],[19.991057,49.983094]]]}},{"type":"Feature","properties":{"gml_id":"budynki.126104_9.0096.329/6.5_BUD","ID_BUDYNKU":"126104_9.0096.329/6.5_BUD","RODZAJ":"i","KONDYGNACJE_NADZIEMNE":"brak_uprawnień","KONDYGNACJE_PODZIEMNE":"brak_uprawnień","strefa":"w śladzie","warstwa":"budynki"},"geometry":{"type":"Polygon","coordinates":[[[19.991368,49.983164],[19.991438,49.983167],[19.991432,49.983212],[19.991362,49.983208],[19.991368,49.983164]]]}},{"type":"Feature","properties":{"gml_id":"budynki.126104_9.0097.363/2.1_BUD","ID_BUDYNKU":"126104_9.0097.363/2.1_BUD","RODZAJ":"m","KONDYGNACJE_NADZIEMNE":"brak_uprawnień","KONDYGNACJE_PODZIEMNE":"brak_uprawnień","strefa":"w śladzie","warstwa":"budynki"},"geometry":{"type":"Polygon","coordinates":[[[19.992163,49.982671],[19.992266,49.982688],[19.992257,49.982713],[19.992316,49.982722],[19.99229,49.982794],[19.992214,49.982783],[19.99221,49.982794],[19.99212,49.98278],[19.992163,49.982671]]]}},{"type":"Feature","properties":{"gml_id":"budynki.121905_5.0006.735_BUD","ID_BUDYNKU":"121905_5.0006.735_BUD","RODZAJ":"i","KONDYGNACJE_NADZIEMNE":"None","KONDYGNACJE_PODZIEMNE":"None","strefa":"w śladzie","warstwa":"budynki"},"geometry":{"type":"Polygon","coordinates":[[[19.996271,49.973574],[19.996256,49.973607],[19.996189,49.973594],[19.996199,49.97356],[19.996271,49.973574]]]}},{"type":"Feature","properties":{"gml_id":"budynki.121905_5.0006.732_BUD","ID_BUDYNKU":"121905_5.0006.732_BUD","RODZAJ":"m","KONDYGNACJE_NADZIEMNE":"None","KONDYGNACJE_PODZIEMNE":"None","strefa":"w śladzie","warstwa":"budynki"},"geometry":{"type":"Polygon","coordinates":[[[19.996116,49.973638],[19.996123,49.973618],[19.996067,49.973611],[19.996092,49.973535],[19.996204,49.97355],[19.996199,49.97356],[19.996189,49.973594],[19.996174,49.973639],[19.996171,49.973646],[19.996116,49.973638]]]}},{"type":"Feature","properties":{"gml_id":"budynki.121905_5.0006.734_BUD","ID_BUDYNKU":"121905_5.0006.734_BUD","RODZAJ":"m","KONDYGNACJE_NADZIEMNE":"None","KONDYGNACJE_PODZIEMNE":"None","strefa":"w śladzie","warstwa":"budynki"},"geometry":{"type":"Polygon","coordinates":[[[19.996368,49.973659],[19.996345,49.973729],[19.996151,49.973709],[19.996171,49.973646],[19.996174,49.973639],[19.996368,49.973659]]]}},{"type":"Feature","properties":{"gml_id":"budynki.126104_9.0097.237.1_BUD","ID_BUDYNKU":"126104_9.0097.237.1_BUD","RODZAJ":"m","KONDYGNACJE_NADZIEMNE":"brak_uprawnień","KONDYGNACJE_PODZIEMNE":"brak_uprawnień","strefa":"w śladzie","warstwa":"budynki"},"geometry":{"type":"Polygon","coordinates":[[[19.996019,49.973936],[19.995856,49.973925],[19.995867,49.973847],[19.995997,49.973855],[19.99599,49.973902],[19.996024,49.973904],[19.996019,49.973936]]]}},{"type":"Feature","properties":{"gml_id":"budynki.126104_9.0097.238.4_BUD","ID_BUDYNKU":"126104_9.0097.238.4_BUD","RODZAJ":"i","KONDYGNACJE_NADZIEMNE":"brak_uprawnień","KONDYGNACJE_PODZIEMNE":"brak_uprawnień","strefa":"w śladzie","warstwa":"budynki"},"geometry":{"type":"Polygon","coordinates":[[[19.996201,49.973959],[19.996215,49.973933],[19.996278,49.973948],[19.996263,49.973973],[19.996201,49.973959]]]}},{"type":"Feature","properties":{"gml_id":"budynki.126104_9.0097.238.2_BUD","ID_BUDYNKU":"126104_9.0097.238.2_BUD","RODZAJ":"m","KONDYGNACJE_NADZIEMNE":"brak_uprawnień","KONDYGNACJE_PODZIEMNE":"brak_uprawnień","strefa":"w śladzie","warstwa":"budynki"},"geometry":{"type":"Polygon","coordinates":[[[19.996314,49.973955],[19.996346,49.973897],[19.99641,49.973911],[19.996378,49.973969],[19.996314,49.973955]]]}},{"type":"Feature","properties":{"gml_id":"budynki.126104_9.0097.238.1_BUD","ID_BUDYNKU":"126104_9.0097.238.1_BUD","RODZAJ":"m","KONDYGNACJE_NADZIEMNE":"brak_uprawnień","KONDYGNACJE_PODZIEMNE":"brak_uprawnień","strefa":"w śladzie","warstwa":"budynki"},"geometry":{"type":"Polygon","coordinates":[[[19.996215,49.973933],[19.996249,49.973874],[19.996346,49.973897],[19.996314,49.973955],[19.996313,49.973956],[19.996278,49.973948],[19.996215,49.973933]]]}},{"type":"Feature","properties":{"gml_id":"budynki.126104_9.0097.237.2_BUD","ID_BUDYNKU":"126104_9.0097.237.2_BUD","RODZAJ":"i","KONDYGNACJE_NADZIEMNE":"brak_uprawnień","KONDYGNACJE_PODZIEMNE":"brak_uprawnień","strefa":"w śladzie","warstwa":"budynki"},"geometry":{"type":"Polygon","coordinates":[[[19.996069,49.973958],[19.99606,49.973933],[19.996102,49.973926],[19.996112,49.973951],[19.996069,49.973958]]]}},{"type":"Feature","properties":{"gml_id":"budynki.126104_9.0097.238.5_BUD","ID_BUDYNKU":"126104_9.0097.238.5_BUD","RODZAJ":"i","KONDYGNACJE_NADZIEMNE":"brak_uprawnień","KONDYGNACJE_PODZIEMNE":"brak_uprawnień","strefa":"w śladzie","warstwa":"budynki"},"geometry":{"type":"Polygon","coordinates":[[[19.996183,49.973998],[19.996229,49.973986],[19.996255,49.974028],[19.996249,49.97403],[19.99623,49.974034],[19.996208,49.97404],[19.996183,49.973998]]]}},{"type":"Feature","properties":{"gml_id":"budynki.126104_9.0097.238.6_BUD","ID_BUDYNKU":"126104_9.0097.238.6_BUD","RODZAJ":"i","KONDYGNACJE_NADZIEMNE":"brak_uprawnień","KONDYGNACJE_PODZIEMNE":"brak_uprawnień","strefa":"w śladzie","warstwa":"budynki"},"geometry":{"type":"Polygon","coordinates":[[[19.996236,49.974045],[19.99623,49.974034],[19.996249,49.97403],[19.996255,49.97404],[19.996236,49.974045]]]}},{"type":"Feature","properties":{"gml_id":"budynki.126104_9.0097.236.1_BUD","ID_BUDYNKU":"126104_9.0097.236.1_BUD","RODZAJ":"m","KONDYGNACJE_NADZIEMNE":"brak_uprawnień","KONDYGNACJE_PODZIEMNE":"brak_uprawnień","strefa":"w śladzie","warstwa":"budynki"},"geometry":{"type":"Polygon","coordinates":[[[19.995913,49.974519],[19.996111,49.974492],[19.99614,49.97458],[19.996015,49.974597],[19.99601,49.974582],[19.995937,49.974592],[19.995913,49.974519]]]}},{"type":"Feature","properties":{"gml_id":"budynki.126104_9.0097.236.2_BUD","ID_BUDYNKU":"126104_9.0097.236.2_BUD","RODZAJ":"g","KONDYGNACJE_NADZIEMNE":"brak_uprawnień","KONDYGNACJE_PODZIEMNE":"brak_uprawnień","strefa":"w śladzie","warstwa":"budynki"},"geometry":{"type":"Polygon","coordinates":[[[19.995951,49.974662],[19.996034,49.974648],[19.996048,49.974681],[19.995965,49.974696],[19.995951,49.974662]]]}},{"type":"Feature","properties":{"gml_id":"budynki.126104_9.0097.236.3_BUD","ID_BUDYNKU":"126104_9.0097.236.3_BUD","RODZAJ":"g","KONDYGNACJE_NADZIEMNE":"brak_uprawnień","KONDYGNACJE_PODZIEMNE":"brak_uprawnień","strefa":"w śladzie","warstwa":"budynki"},"geometry":{"type":"Polygon","coordinates":[[[19.995965,49.974696],[19.996048,49.974681],[19.996059,49.974706],[19.995976,49.974721],[19.995965,49.974696]]]}},{"type":"Feature","properties":{"gml_id":"budynki.121905_5.0006.730_BUD","ID_BUDYNKU":"121905_5.0006.730_BUD","RODZAJ":"m","KONDYGNACJE_NADZIEMNE":"None","KONDYGNACJE_PODZIEMNE":"None","strefa":"w śladzie","warstwa":"budynki"},"geometry":{"type":"Polygon","coordinates":[[[19.995842,49.97366],[19.995846,49.973639],[19.99582,49.973637],[19.995831,49.973574],[19.995986,49.973586],[19.995963,49.973707],[19.995905,49.973703],[19.995912,49.973666],[19.995842,49.97366]]]}},{"type":"Feature","properties":{"gml_id":"budynki.126104_9.0099.60/6.1_BUD","ID_BUDYNKU":"126104_9.0099.60/6.1_BUD","RODZAJ":"m","KONDYGNACJE_NADZIEMNE":"brak_uprawnień","KONDYGNACJE_PODZIEMNE":"brak_uprawnień","strefa":"w śladzie","warstwa":"budynki"},"geometry":{"type":"Polygon","coordinates":[[[19.996085,49.999115],[19.99611,49.999033],[19.996301,49.999057],[19.996289,49.999099],[19.99627,49.999097],[19.996258,49.999136],[19.996085,49.999115]]]}},{"type":"Feature","properties":{"gml_id":"budynki.126104_9.0099.60/6.3_BUD","ID_BUDYNKU":"126104_9.0099.60/6.3_BUD","RODZAJ":"i","KONDYGNACJE_NADZIEMNE":"brak_uprawnień","KONDYGNACJE_PODZIEMNE":"brak_uprawnień","strefa":"w śladzie","warstwa":"budynki"},"geometry":{"type":"Polygon","coordinates":[[[19.996329,49.99884],[19.996367,49.998774],[19.996473,49.998799],[19.996434,49.998867],[19.996327,49.998843],[19.996329,49.99884]]]}},{"type":"Feature","properties":{"gml_id":"budynki.126104_9.0099.60/6.2_BUD","ID_BUDYNKU":"126104_9.0099.60/6.2_BUD","RODZAJ":"i","KONDYGNACJE_NADZIEMNE":"brak_uprawnień","KONDYGNACJE_PODZIEMNE":"brak_uprawnień","strefa":"w śladzie","warstwa":"budynki"},"geometry":{"type":"Polygon","coordinates":[[[19.996367,49.998774],[19.996329,49.99884],[19.996159,49.9988],[19.996197,49.998734],[19.996367,49.998774]]]}},{"type":"Feature","properties":{"gml_id":"budynki.126104_9.0099.60/10.1_BUD","ID_BUDYNKU":"126104_9.0099.60/10.1_BUD","RODZAJ":"m","KONDYGNACJE_NADZIEMNE":"brak_uprawnień","KONDYGNACJE_PODZIEMNE":"brak_uprawnień","strefa":"w śladzie","warstwa":"budynki"},"geometry":{"type":"Polygon","coordinates":[[[19.996595,49.999136],[19.99664,49.999039],[19.996737,49.999058],[19.99673,49.999073],[19.996774,49.999082],[19.996721,49.999196],[19.996644,49.999181],[19.996659,49.999148],[19.996595,49.999136]]]}},{"type":"Feature","properties":{"gml_id":"budynki.126104_9.0099.60/3.1_BUD","ID_BUDYNKU":"126104_9.0099.60/3.1_BUD","RODZAJ":"m","KONDYGNACJE_NADZIEMNE":"brak_uprawnień","KONDYGNACJE_PODZIEMNE":"brak_uprawnień","strefa":"w śladzie","warstwa":"budynki"},"geometry":{"type":"Polygon","coordinates":[[[19.996405,49.999372],[19.996473,49.999385],[19.996475,49.999381],[19.996508,49.999387],[19.996506,49.999391],[19.996585,49.999406],[19.996545,49.999494],[19.996467,49.999479],[19.996465,49.999484],[19.996432,49.999478],[19.996434,49.999473],[19.996365,49.99946],[19.996405,49.999372]]]}},{"type":"Feature","properties":{"gml_id":"budynki.126104_9.0096.229.3_BUD","ID_BUDYNKU":"126104_9.0096.229.3_BUD","RODZAJ":"g","KONDYGNACJE_NADZIEMNE":"brak_uprawnień","KONDYGNACJE_PODZIEMNE":"brak_uprawnień","strefa":"w śladzie","warstwa":"budynki"},"geometry":{"type":"Polygon","coordinates":[[[19.993825,49.993435],[19.993917,49.993424],[19.993927,49.993457],[19.993835,49.993468],[19.993825,49.993435]]]}},{"type":"Feature","properties":{"gml_id":"budynki.126104_9.0096.227/6.1_BUD","ID_BUDYNKU":"126104_9.0096.227/6.1_BUD","RODZAJ":"m","KONDYGNACJE_NADZIEMNE":"brak_uprawnień","KONDYGNACJE_PODZIEMNE":"brak_uprawnień","strefa":"w śladzie","warstwa":"budynki"},"geometry":{"type":"Polygon","coordinates":[[[19.993631,49.993738],[19.99367,49.993826],[19.99352,49.993853],[19.993482,49.993765],[19.993631,49.993738]]]}},{"type":"Feature","properties":{"gml_id":"budynki.126104_9.0096.369/2.1_BUD","ID_BUDYNKU":"126104_9.0096.369/2.1_BUD","RODZAJ":"m","KONDYGNACJE_NADZIEMNE":"brak_uprawnień","KONDYGNACJE_PODZIEMNE":"brak_uprawnień","strefa":"w śladzie","warstwa":"budynki"},"geometry":{"type":"Polygon","coordinates":[[[19.994215,49.993822],[19.994262,49.993906],[19.994106,49.993942],[19.99406,49.993859],[19.994215,49.993822]]]}},{"type":"Feature","properties":{"gml_id":"budynki.126104_9.0096.228.1_BUD","ID_BUDYNKU":"126104_9.0096.228.1_BUD","RODZAJ":"m","KONDYGNACJE_NADZIEMNE":"brak_uprawnień","KONDYGNACJE_PODZIEMNE":"brak_uprawnień","strefa":"w śladzie","warstwa":"budynki"},"geometry":{"type":"Polygon","coordinates":[[[19.993798,49.994251],[19.993799,49.994247],[19.993803,49.994199],[19.993805,49.994172],[19.993946,49.994177],[19.993939,49.994256],[19.993887,49.994255],[19.993886,49.994272],[19.993847,49.994271],[19.993848,49.994253],[19.993798,49.994251]]]}},{"type":"Feature","properties":{"gml_id":"budynki.126104_9.0096.228.3_BUD","ID_BUDYNKU":"126104_9.0096.228.3_BUD","RODZAJ":"i","KONDYGNACJE_NADZIEMNE":"brak_uprawnień","KONDYGNACJE_PODZIEMNE":"brak_uprawnień","strefa":"w śladzie","warstwa":"budynki"},"geometry":{"type":"Polygon","coordinates":[[[19.993799,49.994247],[19.993751,49.994245],[19.993756,49.994198],[19.993803,49.994199],[19.993799,49.994247]]]}},{"type":"Feature","properties":{"gml_id":"budynki.126104_9.0096.228.2_BUD","ID_BUDYNKU":"126104_9.0096.228.2_BUD","RODZAJ":"i","KONDYGNACJE_NADZIEMNE":"brak_uprawnień","KONDYGNACJE_PODZIEMNE":"brak_uprawnień","strefa":"w śladzie","warstwa":"budynki"},"geometry":{"type":"Polygon","coordinates":[[[19.993693,49.994123],[19.993677,49.99406],[19.993735,49.994054],[19.993751,49.994117],[19.993693,49.994123]]]}},{"type":"Feature","properties":{"gml_id":"budynki.126104_9.0096.230/1.1_BUD","ID_BUDYNKU":"126104_9.0096.230/1.1_BUD","RODZAJ":"m","KONDYGNACJE_NADZIEMNE":"brak_uprawnień","KONDYGNACJE_PODZIEMNE":"brak_uprawnień","strefa":"w śladzie","warstwa":"budynki"},"geometry":{"type":"Polygon","coordinates":[[[19.994493,49.994113],[19.994444,49.994028],[19.994475,49.994021],[19.99447,49.994011],[19.99454,49.993993],[19.994546,49.994004],[19.994577,49.993996],[19.994621,49.994073],[19.994554,49.994089],[19.994547,49.994099],[19.994493,49.994113]]]}},{"type":"Feature","properties":{"gml_id":"budynki.126104_9.0099.99.3_BUD","ID_BUDYNKU":"126104_9.0099.99.3_BUD","RODZAJ":"g","KONDYGNACJE_NADZIEMNE":"brak_uprawnień","KONDYGNACJE_PODZIEMNE":"brak_uprawnień","strefa":"w śladzie","warstwa":"budynki"},"geometry":{"type":"Polygon","coordinates":[[[19.994221,49.995092],[19.994098,49.995056],[19.994187,49.994928],[19.99431,49.994964],[19.994221,49.995092]]]}},{"type":"Feature","properties":{"gml_id":"budynki.126104_9.0099.99.1_BUD","ID_BUDYNKU":"126104_9.0099.99.1_BUD","RODZAJ":"m","KONDYGNACJE_NADZIEMNE":"brak_uprawnień","KONDYGNACJE_PODZIEMNE":"brak_uprawnień","strefa":"w śladzie","warstwa":"budynki"},"geometry":{"type":"Polygon","coordinates":[[[19.99383,49.994841],[19.993892,49.99475],[19.994076,49.994802],[19.994012,49.994892],[19.99383,49.994841]]]}},{"type":"Feature","properties":{"gml_id":"budynki.126104_9.0099.99.5_BUD","ID_BUDYNKU":"126104_9.0099.99.5_BUD","RODZAJ":"g","KONDYGNACJE_NADZIEMNE":"brak_uprawnień","KONDYGNACJE_PODZIEMNE":"brak_uprawnień","strefa":"w śladzie","warstwa":"budynki"},"geometry":{"type":"Polygon","coordinates":[[[19.994098,49.995056],[19.994221,49.995092],[19.994172,49.995162],[19.994049,49.995126],[19.994098,49.995056]]]}},{"type":"Feature","properties":{"gml_id":"budynki.126104_9.0096.364/13.1_BUD","ID_BUDYNKU":"126104_9.0096.364/13.1_BUD","RODZAJ":"g","KONDYGNACJE_NADZIEMNE":"brak_uprawnień","KONDYGNACJE_PODZIEMNE":"brak_uprawnień","strefa":"w śladzie","warstwa":"budynki"},"geometry":{"type":"Polygon","coordinates":[[[19.991514,49.989431],[19.991528,49.989389],[19.991562,49.989393],[19.991567,49.989375],[19.99164,49.989385],[19.99162,49.989446],[19.991514,49.989431]]]}},{"type":"Feature","properties":{"gml_id":"budynki.120614_5.0003.981/1.2_BUD","ID_BUDYNKU":"120614_5.0003.981/1.2_BUD","RODZAJ":"h","KONDYGNACJE_NADZIEMNE":"None","KONDYGNACJE_PODZIEMNE":"None","strefa":"w śladzie","warstwa":"budynki"},"geometry":{"type":"Polygon","coordinates":[[[19.946992,49.947525],[19.946978,49.94751],[19.94698,49.947353],[19.947045,49.947354],[19.947045,49.947318],[19.947121,49.947318],[19.947116,49.947555],[19.947018,49.947555],[19.947018,49.947524],[19.946992,49.947525]]]}},{"type":"Feature","properties":{"gml_id":"budynki.120609_2.0005.209/3.1_BUD","ID_BUDYNKU":"120609_2.0005.209/3.1_BUD","RODZAJ":"m","KONDYGNACJE_NADZIEMNE":"None","KONDYGNACJE_PODZIEMNE":"None","strefa":"w śladzie","warstwa":"budynki"},"geometry":{"type":"Polygon","coordinates":[[[19.944528,49.947052],[19.944682,49.94705],[19.944684,49.947123],[19.944531,49.947125],[19.944528,49.947052]]]}},{"type":"Feature","properties":{"gml_id":"budynki.120614_5.0003.1014/17.1_BUD","ID_BUDYNKU":"120614_5.0003.1014/17.1_BUD","RODZAJ":"m","KONDYGNACJE_NADZIEMNE":"None","KONDYGNACJE_PODZIEMNE":"None","strefa":"w śladzie","warstwa":"budynki"},"geometry":{"type":"Polygon","coordinates":[[[19.945317,49.946838],[19.945251,49.946851],[19.945229,49.946801],[19.94527,49.946793],[19.945264,49.94678],[19.945307,49.946772],[19.945313,49.946785],[19.945347,49.946778],[19.945374,49.946836],[19.945321,49.946846],[19.945317,49.946838]]]}},{"type":"Feature","properties":{"gml_id":"budynki.120614_5.0003.1014/14.2_BUD","ID_BUDYNKU":"120614_5.0003.1014/14.2_BUD","RODZAJ":"i","KONDYGNACJE_NADZIEMNE":"None","KONDYGNACJE_PODZIEMNE":"None","strefa":"w śladzie","warstwa":"budynki"},"geometry":{"type":"Polygon","coordinates":[[[19.945354,49.946478],[19.945367,49.946476],[19.945357,49.94645],[19.945424,49.946439],[19.945448,49.9465],[19.945368,49.946513],[19.945354,49.946478]]]}},{"type":"Feature","properties":{"gml_id":"budynki.120614_5.0003.1014/14.1_BUD","ID_BUDYNKU":"120614_5.0003.1014/14.1_BUD","RODZAJ":"m","KONDYGNACJE_NADZIEMNE":"None","KONDYGNACJE_PODZIEMNE":"None","strefa":"w śladzie","warstwa":"budynki"},"geometry":{"type":"Polygon","coordinates":[[[19.945618,49.946597],[19.945528,49.946618],[19.945516,49.946597],[19.945532,49.946593],[19.945521,49.946574],[19.945564,49.946564],[19.945532,49.946506],[19.945657,49.946477],[19.945677,49.946512],[19.945715,49.946503],[19.945729,49.946528],[19.945691,49.946537],[19.945708,49.946566],[19.945657,49.946578],[19.945665,49.946594],[19.945624,49.946604],[19.945618,49.946597]]]}},{"type":"Feature","properties":{"gml_id":"budynki.120614_5.0003.1014/7.1_BUD","ID_BUDYNKU":"120614_5.0003.1014/7.1_BUD","RODZAJ":"m","KONDYGNACJE_NADZIEMNE":"None","KONDYGNACJE_PODZIEMNE":"None","strefa":"w śladzie","warstwa":"budynki"},"geometry":{"type":"Polygon","coordinates":[[[19.945911,49.946771],[19.945775,49.946799],[19.945733,49.946712],[19.945766,49.946705],[19.945757,49.946683],[19.945808,49.946674],[19.945817,49.946695],[19.945868,49.946684],[19.945911,49.946771]]]}},{"type":"Feature","properties":{"gml_id":"budynki.120903_5.0008.1572_BUD","ID_BUDYNKU":"120903_5.0008.1572_BUD","RODZAJ":"m","KONDYGNACJE_NADZIEMNE":"2","KONDYGNACJE_PODZIEMNE":"0","strefa":"w śladzie","warstwa":"budynki"},"geometry":{"type":"Polygon","coordinates":[[[19.910799,49.88325],[19.910789,49.883254],[19.91072,49.883175],[19.91084,49.883131],[19.910942,49.883249],[19.910833,49.883289],[19.910799,49.88325]]]}},{"type":"Feature","properties":{"gml_id":"budynki.120903_5.0008.1646_BUD","ID_BUDYNKU":"120903_5.0008.1646_BUD","RODZAJ":"m","KONDYGNACJE_NADZIEMNE":"2","KONDYGNACJE_PODZIEMNE":"0","strefa":"w śladzie","warstwa":"budynki"},"geometry":{"type":"Polygon","coordinates":[[[19.910919,49.883423],[19.910938,49.883417],[19.910907,49.883381],[19.911007,49.883344],[19.911063,49.883409],[19.911073,49.883405],[19.911109,49.883445],[19.910979,49.883492],[19.910919,49.883423]]]}},{"type":"Feature","properties":{"gml_id":"budynki.120903_5.0008.29_BUD","ID_BUDYNKU":"120903_5.0008.29_BUD","RODZAJ":"m","KONDYGNACJE_NADZIEMNE":"2","KONDYGNACJE_PODZIEMNE":"0","strefa":"w śladzie","warstwa":"budynki"},"geometry":{"type":"Polygon","coordinates":[[[19.916301,49.881356],[19.916313,49.881352],[19.916291,49.881319],[19.916402,49.881287],[19.916425,49.881321],[19.916438,49.881318],[19.916491,49.881398],[19.916425,49.881416],[19.916434,49.88143],[19.916394,49.881441],[19.916385,49.881427],[19.916354,49.881436],[19.916301,49.881356]]]}},{"type":"Feature","properties":{"gml_id":"budynki.120903_5.0008.33_BUD","ID_BUDYNKU":"120903_5.0008.33_BUD","RODZAJ":"m","KONDYGNACJE_NADZIEMNE":"2","KONDYGNACJE_PODZIEMNE":"0","strefa":"w śladzie","warstwa":"budynki"},"geometry":{"type":"Polygon","coordinates":[[[19.91541,49.881915],[19.915416,49.881912],[19.915362,49.88187],[19.915473,49.881809],[19.915532,49.881855],[19.915506,49.881869],[19.915571,49.88192],[19.915479,49.881969],[19.91541,49.881915]]]}},{"type":"Feature","properties":{"gml_id":"budynki.120903_5.0008.32_BUD","ID_BUDYNKU":"120903_5.0008.32_BUD","RODZAJ":"m","KONDYGNACJE_NADZIEMNE":"2","KONDYGNACJE_PODZIEMNE":"0","strefa":"w śladzie","warstwa":"budynki"},"geometry":{"type":"Polygon","coordinates":[[[19.915316,49.881729],[19.915261,49.881759],[19.915206,49.881717],[19.915328,49.881651],[19.915334,49.881655],[19.91538,49.88163],[19.915425,49.881665],[19.91544,49.881657],[19.915443,49.881656],[19.915501,49.881701],[19.915388,49.881762],[19.915348,49.881731],[19.915331,49.88174],[19.915316,49.881729]]]}},{"type":"Feature","properties":{"gml_id":"budynki.120903_5.0008.1292_BUD","ID_BUDYNKU":"120903_5.0008.1292_BUD","RODZAJ":"i","KONDYGNACJE_NADZIEMNE":"1","KONDYGNACJE_PODZIEMNE":"0","strefa":"w śladzie","warstwa":"budynki"},"geometry":{"type":"Polygon","coordinates":[[[19.915034,49.881637],[19.914962,49.881676],[19.914909,49.881635],[19.914981,49.881596],[19.915034,49.881637]]]}},{"type":"Feature","properties":{"gml_id":"budynki.120903_5.0008.31_BUD","ID_BUDYNKU":"120903_5.0008.31_BUD","RODZAJ":"m","KONDYGNACJE_NADZIEMNE":"2","KONDYGNACJE_PODZIEMNE":"0","strefa":"w śladzie","warstwa":"budynki"},"geometry":{"type":"Polygon","coordinates":[[[19.915274,49.881559],[19.915166,49.881617],[19.915093,49.88156],[19.915132,49.881539],[19.915134,49.881525],[19.915153,49.881515],[19.915173,49.881517],[19.915195,49.881533],[19.915222,49.881518],[19.915274,49.881559]]]}},{"type":"Feature","properties":{"gml_id":"budynki.120903_5.0008.1001_BUD","ID_BUDYNKU":"120903_5.0008.1001_BUD","RODZAJ":"g","KONDYGNACJE_NADZIEMNE":"1","KONDYGNACJE_PODZIEMNE":"0","strefa":"w śladzie","warstwa":"budynki"},"geometry":{"type":"Polygon","coordinates":[[[19.917788,49.880493],[19.917734,49.880569],[19.917636,49.88054],[19.91769,49.880464],[19.917788,49.880493]]]}},{"type":"Feature","properties":{"gml_id":"budynki.120903_5.0008.1004_BUD","ID_BUDYNKU":"120903_5.0008.1004_BUD","RODZAJ":"g","KONDYGNACJE_NADZIEMNE":"1","KONDYGNACJE_PODZIEMNE":"0","strefa":"w śladzie","warstwa":"budynki"},"geometry":{"type":"Polygon","coordinates":[[[19.920498,49.878855],[19.920301,49.878947],[19.920232,49.878885],[19.920429,49.878793],[19.920498,49.878855]]]}},{"type":"Feature","properties":{"gml_id":"budynki.120903_5.0008.1246_BUD","ID_BUDYNKU":"120903_5.0008.1246_BUD","RODZAJ":"g","KONDYGNACJE_NADZIEMNE":"1","KONDYGNACJE_PODZIEMNE":"0","strefa":"w śladzie","warstwa":"budynki"},"geometry":{"type":"Polygon","coordinates":[[[19.922181,49.876947],[19.922079,49.876981],[19.922068,49.876967],[19.922047,49.876941],[19.922148,49.876906],[19.922181,49.876947]]]}},{"type":"Feature","properties":{"gml_id":"budynki.120903_5.0008.1245_BUD","ID_BUDYNKU":"120903_5.0008.1245_BUD","RODZAJ":"g","KONDYGNACJE_NADZIEMNE":"1","KONDYGNACJE_PODZIEMNE":"0","strefa":"w śladzie","warstwa":"budynki"},"geometry":{"type":"Polygon","coordinates":[[[19.922068,49.876967],[19.921951,49.877006],[19.921946,49.877],[19.921936,49.877004],[19.921925,49.876991],[19.92199,49.876969],[19.921967,49.87694],[19.922029,49.876918],[19.922047,49.876941],[19.922068,49.876967]]]}},{"type":"Feature","properties":{"gml_id":"budynki.120903_5.0008.1053_BUD","ID_BUDYNKU":"120903_5.0008.1053_BUD","RODZAJ":"g","KONDYGNACJE_NADZIEMNE":"1","KONDYGNACJE_PODZIEMNE":"0","strefa":"w śladzie","warstwa":"budynki"},"geometry":{"type":"Polygon","coordinates":[[[19.922209,49.876815],[19.922097,49.876852],[19.922076,49.876824],[19.922091,49.876819],[19.922062,49.876782],[19.922047,49.876787],[19.922022,49.876756],[19.922134,49.876719],[19.922209,49.876815]]]}},{"type":"Feature","properties":{"gml_id":"budynki.120609_2.0005.369/4.1_BUD","ID_BUDYNKU":"120609_2.0005.369/4.1_BUD","RODZAJ":"m","KONDYGNACJE_NADZIEMNE":"None","KONDYGNACJE_PODZIEMNE":"None","strefa":"w śladzie","warstwa":"budynki"},"geometry":{"type":"Polygon","coordinates":[[[19.929882,49.942845],[19.929971,49.942834],[19.929965,49.942813],[19.929963,49.942807],[19.930018,49.9428],[19.930059,49.942795],[19.930088,49.942895],[19.930046,49.942901],[19.929903,49.942918],[19.929882,49.942845]]]}},{"type":"Feature","properties":{"gml_id":"budynki.120609_2.0005.360/2.1_BUD","ID_BUDYNKU":"120609_2.0005.360/2.1_BUD","RODZAJ":"m","KONDYGNACJE_NADZIEMNE":"None","KONDYGNACJE_PODZIEMNE":"None","strefa":"w śladzie","warstwa":"budynki"},"geometry":{"type":"Polygon","coordinates":[[[19.930149,49.943669],[19.930326,49.943595],[19.930336,49.943604],[19.930351,49.943606],[19.930365,49.943618],[19.93036,49.943628],[19.930402,49.943671],[19.930344,49.943695],[19.930309,49.94371],[19.930225,49.943745],[19.930149,49.943669]]]}},{"type":"Feature","properties":{"gml_id":"budynki.120609_2.0005.360/5.1_BUD","ID_BUDYNKU":"120609_2.0005.360/5.1_BUD","RODZAJ":"m","KONDYGNACJE_NADZIEMNE":"None","KONDYGNACJE_PODZIEMNE":"None","strefa":"w śladzie","warstwa":"budynki"},"geometry":{"type":"Polygon","coordinates":[[[19.930814,49.94373],[19.930954,49.943725],[19.930958,49.943785],[19.930816,49.943791],[19.930814,49.94373]]]}},{"type":"Feature","properties":{"gml_id":"budynki.120609_2.0005.367/1.1_BUD","ID_BUDYNKU":"120609_2.0005.367/1.1_BUD","RODZAJ":"m","KONDYGNACJE_NADZIEMNE":"None","KONDYGNACJE_PODZIEMNE":"None","strefa":"w śladzie","warstwa":"budynki"},"geometry":{"type":"Polygon","coordinates":[[[19.930286,49.943117],[19.930419,49.94311],[19.930428,49.94318],[19.930346,49.943185],[19.930349,49.943212],[19.930299,49.943215],[19.930286,49.943117]]]}},{"type":"Feature","properties":{"gml_id":"budynki.120903_5.0008.1624_BUD","ID_BUDYNKU":"120903_5.0008.1624_BUD","RODZAJ":"m","KONDYGNACJE_NADZIEMNE":"2","KONDYGNACJE_PODZIEMNE":"0","strefa":"w śladzie","warstwa":"budynki"},"geometry":{"type":"Polygon","coordinates":[[[19.923997,49.868916],[19.923919,49.868934],[19.923886,49.868872],[19.923964,49.868854],[19.924114,49.86882],[19.924108,49.868808],[19.924116,49.868806],[19.924123,49.868818],[19.924213,49.868797],[19.924257,49.868879],[19.924209,49.86889],[19.924221,49.868911],[19.924315,49.868889],[19.924352,49.868957],[19.92421,49.86899],[19.924173,49.868921],[19.924187,49.868918],[19.924176,49.868897],[19.924154,49.868902],[19.924151,49.868895],[19.92407,49.868913],[19.924073,49.86892],[19.924007,49.868935],[19.923997,49.868916]]]}},{"type":"Feature","properties":{"gml_id":"budynki.120903_5.0008.1423_BUD","ID_BUDYNKU":"120903_5.0008.1423_BUD","RODZAJ":"m","KONDYGNACJE_NADZIEMNE":"2","KONDYGNACJE_PODZIEMNE":"1","strefa":"w śladzie","warstwa":"budynki"},"geometry":{"type":"Polygon","coordinates":[[[19.923638,49.86916],[19.923798,49.869128],[19.923831,49.869198],[19.923813,49.869202],[19.92378,49.869208],[19.923784,49.869217],[19.923734,49.869227],[19.92373,49.869218],[19.923671,49.86923],[19.923638,49.86916]]]}},{"type":"Feature","properties":{"gml_id":"budynki.120903_5.0008.1063_BUD","ID_BUDYNKU":"120903_5.0008.1063_BUD","RODZAJ":"m","KONDYGNACJE_NADZIEMNE":"1","KONDYGNACJE_PODZIEMNE":"1","strefa":"w śladzie","warstwa":"budynki"},"geometry":{"type":"Polygon","coordinates":[[[19.923999,49.876044],[19.92391,49.876062],[19.923928,49.876098],[19.923949,49.876094],[19.92396,49.876117],[19.923867,49.876136],[19.9238,49.875997],[19.92396,49.875965],[19.923999,49.876044]]]}},{"type":"Feature","properties":{"gml_id":"budynki.120903_5.0008.1060_BUD","ID_BUDYNKU":"120903_5.0008.1060_BUD","RODZAJ":"m","KONDYGNACJE_NADZIEMNE":"3","KONDYGNACJE_PODZIEMNE":"1","strefa":"w śladzie","warstwa":"budynki"},"geometry":{"type":"Polygon","coordinates":[[[19.922791,49.876041],[19.922652,49.876063],[19.922624,49.875989],[19.922681,49.87598],[19.922685,49.875991],[19.922767,49.875978],[19.922791,49.876041]]]}},{"type":"Feature","properties":{"gml_id":"budynki.126104_9.0097.326/1.1_BUD","ID_BUDYNKU":"126104_9.0097.326/1.1_BUD","RODZAJ":"m","KONDYGNACJE_NADZIEMNE":"brak_uprawnień","KONDYGNACJE_PODZIEMNE":"brak_uprawnień","strefa":"w śladzie","warstwa":"budynki"},"geometry":{"type":"Polygon","coordinates":[[[19.993624,49.97884],[19.993626,49.978918],[19.993568,49.978919],[19.993568,49.978939],[19.993489,49.97894],[19.993486,49.978841],[19.993624,49.97884]]]}},{"type":"Feature","properties":{"gml_id":"budynki.126104_9.0097.326/1.2_BUD","ID_BUDYNKU":"126104_9.0097.326/1.2_BUD","RODZAJ":"g","KONDYGNACJE_NADZIEMNE":"brak_uprawnień","KONDYGNACJE_PODZIEMNE":"brak_uprawnień","strefa":"w śladzie","warstwa":"budynki"},"geometry":{"type":"Polygon","coordinates":[[[19.993898,49.979038],[19.993797,49.979039],[19.993795,49.978948],[19.993769,49.978948],[19.993769,49.978921],[19.993896,49.97892],[19.993898,49.979038]]]}},{"type":"Feature","properties":{"gml_id":"budynki.126104_9.0097.362/3.1_BUD","ID_BUDYNKU":"126104_9.0097.362/3.1_BUD","RODZAJ":"m","KONDYGNACJE_NADZIEMNE":"brak_uprawnień","KONDYGNACJE_PODZIEMNE":"brak_uprawnień","strefa":"w śladzie","warstwa":"budynki"},"geometry":{"type":"Polygon","coordinates":[[[19.99165,49.982031],[19.991686,49.981955],[19.991751,49.981968],[19.991768,49.981932],[19.991868,49.981952],[19.991815,49.982064],[19.99165,49.982031]]]}},{"type":"Feature","properties":{"gml_id":"budynki.126104_9.0097.362/2.1_BUD","ID_BUDYNKU":"126104_9.0097.362/2.1_BUD","RODZAJ":"m","KONDYGNACJE_NADZIEMNE":"brak_uprawnień","KONDYGNACJE_PODZIEMNE":"brak_uprawnień","strefa":"w śladzie","warstwa":"budynki"},"geometry":{"type":"Polygon","coordinates":[[[19.991562,49.982661],[19.991585,49.982594],[19.991556,49.98259],[19.991566,49.98256],[19.99168,49.982576],[19.991676,49.982587],[19.991737,49.982596],[19.991713,49.982667],[19.991659,49.982659],[19.991654,49.982674],[19.991562,49.982661]]]}},{"type":"Feature","properties":{"gml_id":"budynki.126104_9.0097.361/1.1_BUD","ID_BUDYNKU":"126104_9.0097.361/1.1_BUD","RODZAJ":"m","KONDYGNACJE_NADZIEMNE":"brak_uprawnień","KONDYGNACJE_PODZIEMNE":"brak_uprawnień","strefa":"w śladzie","warstwa":"budynki"},"geometry":{"type":"Polygon","coordinates":[[[19.99125,49.98262],[19.991285,49.982521],[19.991372,49.982533],[19.991366,49.982548],[19.991421,49.982557],[19.991405,49.9826],[19.991424,49.982603],[19.991415,49.982629],[19.991362,49.982623],[19.991358,49.982635],[19.99125,49.98262]]]}},{"type":"Feature","properties":{"gml_id":"budynki.126104_9.0097.402.1_BUD","ID_BUDYNKU":"126104_9.0097.402.1_BUD","RODZAJ":"m","KONDYGNACJE_NADZIEMNE":"brak_uprawnień","KONDYGNACJE_PODZIEMNE":"brak_uprawnień","strefa":"w śladzie","warstwa":"budynki"},"geometry":{"type":"Polygon","coordinates":[[[19.990916,49.982592],[19.990869,49.982584],[19.990877,49.982562],[19.990774,49.982547],[19.990808,49.982453],[19.990959,49.982477],[19.990916,49.982592]]]}},{"type":"Feature","properties":{"gml_id":"budynki.121905_5.0006.870_BUD","ID_BUDYNKU":"121905_5.0006.870_BUD","RODZAJ":"m","KONDYGNACJE_NADZIEMNE":"None","KONDYGNACJE_PODZIEMNE":"None","strefa":"w śladzie","warstwa":"budynki"},"geometry":{"type":"Polygon","coordinates":[[[19.979533,49.96501],[19.979501,49.965011],[19.979491,49.965023],[19.979455,49.965023],[19.979456,49.965046],[19.97939,49.965047],[19.979387,49.964957],[19.979529,49.964955],[19.979533,49.96501]]]}},{"type":"Feature","properties":{"gml_id":"budynki.121905_5.0006.779_BUD","ID_BUDYNKU":"121905_5.0006.779_BUD","RODZAJ":"g","KONDYGNACJE_NADZIEMNE":"None","KONDYGNACJE_PODZIEMNE":"None","strefa":"w śladzie","warstwa":"budynki"},"geometry":{"type":"Polygon","coordinates":[[[19.988366,49.967121],[19.98818,49.967118],[19.988183,49.967033],[19.988368,49.967035],[19.988366,49.967121]]]}},{"type":"Feature","properties":{"gml_id":"budynki.121905_5.0006.1336_BUD","ID_BUDYNKU":"121905_5.0006.1336_BUD","RODZAJ":"m","KONDYGNACJE_NADZIEMNE":"None","KONDYGNACJE_PODZIEMNE":"None","strefa":"w śladzie","warstwa":"budynki"},"geometry":{"type":"Polygon","coordinates":[[[19.98974,49.967272],[19.989592,49.967273],[19.989591,49.967219],[19.989739,49.967217],[19.98974,49.967272]]]}},{"type":"Feature","properties":{"gml_id":"budynki.120609_2.0010.148/8.1_BUD","ID_BUDYNKU":"120609_2.0010.148/8.1_BUD","RODZAJ":"m","KONDYGNACJE_NADZIEMNE":"None","KONDYGNACJE_PODZIEMNE":"None","strefa":"w śladzie","warstwa":"budynki"},"geometry":{"type":"Polygon","coordinates":[[[19.907521,49.927831],[19.907581,49.927764],[19.907661,49.927793],[19.907603,49.927861],[19.907521,49.927831]]]}},{"type":"Feature","properties":{"gml_id":"budynki.120609_2.0010.125.2_BUD","ID_BUDYNKU":"120609_2.0010.125.2_BUD","RODZAJ":"g","KONDYGNACJE_NADZIEMNE":"None","KONDYGNACJE_PODZIEMNE":"None","strefa":"w śladzie","warstwa":"budynki"},"geometry":{"type":"Polygon","coordinates":[[[19.900771,49.926183],[19.900953,49.926158],[19.900977,49.926231],[19.900861,49.926247],[19.900866,49.926262],[19.900823,49.926267],[19.900818,49.926252],[19.900796,49.926255],[19.900771,49.926183]]]}},{"type":"Feature","properties":{"gml_id":"budynki.120609_2.0010.125.3_BUD","ID_BUDYNKU":"120609_2.0010.125.3_BUD","RODZAJ":"g","KONDYGNACJE_NADZIEMNE":"None","KONDYGNACJE_PODZIEMNE":"None","strefa":"w śladzie","warstwa":"budynki"},"geometry":{"type":"Polygon","coordinates":[[[19.901011,49.926214],[19.901102,49.926203],[19.901094,49.926175],[19.901169,49.926166],[19.901202,49.92627],[19.901125,49.92628],[19.901115,49.926247],[19.901024,49.926258],[19.901011,49.926214]]]}},{"type":"Feature","properties":{"gml_id":"budynki.120609_2.0010.125.4_BUD","ID_BUDYNKU":"120609_2.0010.125.4_BUD","RODZAJ":"g","KONDYGNACJE_NADZIEMNE":"None","KONDYGNACJE_PODZIEMNE":"None","strefa":"w śladzie","warstwa":"budynki"},"geometry":{"type":"Polygon","coordinates":[[[19.901317,49.926282],[19.901421,49.926271],[19.901431,49.926313],[19.901328,49.926323],[19.901317,49.926282]]]}},{"type":"Feature","properties":{"gml_id":"budynki.120609_2.0010.125.1_BUD","ID_BUDYNKU":"120609_2.0010.125.1_BUD","RODZAJ":"m","KONDYGNACJE_NADZIEMNE":"None","KONDYGNACJE_PODZIEMNE":"None","strefa":"w śladzie","warstwa":"budynki"},"geometry":{"type":"Polygon","coordinates":[[[19.900917,49.926021],[19.901069,49.926003],[19.901139,49.925995],[19.901164,49.926085],[19.901094,49.926093],[19.901062,49.926097],[19.901068,49.926118],[19.901018,49.926123],[19.901012,49.926103],[19.900942,49.926111],[19.900917,49.926021]]]}},{"type":"Feature","properties":{"gml_id":"budynki.120609_2.0010.87.1_BUD","ID_BUDYNKU":"120609_2.0010.87.1_BUD","RODZAJ":"m","KONDYGNACJE_NADZIEMNE":"None","KONDYGNACJE_PODZIEMNE":"None","strefa":"w śladzie","warstwa":"budynki"},"geometry":{"type":"Polygon","coordinates":[[[19.897336,49.924364],[19.897315,49.924436],[19.89716,49.924417],[19.89718,49.924345],[19.897336,49.924364]]]}},{"type":"Feature","properties":{"gml_id":"budynki.120609_2.0010.87.2_BUD","ID_BUDYNKU":"120609_2.0010.87.2_BUD","RODZAJ":"g","KONDYGNACJE_NADZIEMNE":"None","KONDYGNACJE_PODZIEMNE":"None","strefa":"w śladzie","warstwa":"budynki"},"geometry":{"type":"Polygon","coordinates":[[[19.897045,49.924541],[19.897064,49.92448],[19.897114,49.924486],[19.897111,49.924495],[19.897095,49.924547],[19.897045,49.924541]]]}},{"type":"Feature","properties":{"gml_id":"budynki.120609_2.0010.87.3_BUD","ID_BUDYNKU":"120609_2.0010.87.3_BUD","RODZAJ":"g","KONDYGNACJE_NADZIEMNE":"None","KONDYGNACJE_PODZIEMNE":"None","strefa":"w śladzie","warstwa":"budynki"},"geometry":{"type":"Polygon","coordinates":[[[19.897095,49.924547],[19.897111,49.924495],[19.897168,49.924502],[19.897194,49.924505],[19.89718,49.924558],[19.897095,49.924547]]]}},{"type":"Feature","properties":{"gml_id":"budynki.120609_2.0010.88/2.3_BUD","ID_BUDYNKU":"120609_2.0010.88/2.3_BUD","RODZAJ":"i","KONDYGNACJE_NADZIEMNE":"None","KONDYGNACJE_PODZIEMNE":"None","strefa":"w śladzie","warstwa":"budynki"},"geometry":{"type":"Polygon","coordinates":[[[19.89718,49.924558],[19.897194,49.924505],[19.897273,49.924515],[19.897258,49.924568],[19.89718,49.924558]]]}},{"type":"Feature","properties":{"gml_id":"budynki.120609_2.0010.94.1_BUD","ID_BUDYNKU":"120609_2.0010.94.1_BUD","RODZAJ":"m","KONDYGNACJE_NADZIEMNE":"None","KONDYGNACJE_PODZIEMNE":"None","strefa":"w śladzie","warstwa":"budynki"},"geometry":{"type":"Polygon","coordinates":[[[19.900493,49.925686],[19.900471,49.925719],[19.900328,49.925681],[19.900377,49.925604],[19.900521,49.925643],[19.900511,49.925658],[19.900514,49.925659],[19.900523,49.92567],[19.900514,49.925683],[19.900496,49.925687],[19.900493,49.925686]]]}},{"type":"Feature","properties":{"gml_id":"budynki.120609_2.0010.347/7.1_BUD","ID_BUDYNKU":"120609_2.0010.347/7.1_BUD","RODZAJ":"m","KONDYGNACJE_NADZIEMNE":"None","KONDYGNACJE_PODZIEMNE":"None","strefa":"w śladzie","warstwa":"budynki"},"geometry":{"type":"Polygon","coordinates":[[[19.890959,49.919587],[19.890947,49.919588],[19.890913,49.919481],[19.891051,49.919464],[19.891069,49.919528],[19.891045,49.919531],[19.891066,49.919597],[19.891069,49.919608],[19.89097,49.919621],[19.890966,49.91961],[19.890959,49.919587]]]}},{"type":"Feature","properties":{"gml_id":"budynki.120609_2.0010.347/8.1_BUD","ID_BUDYNKU":"120609_2.0010.347/8.1_BUD","RODZAJ":"m","KONDYGNACJE_NADZIEMNE":"None","KONDYGNACJE_PODZIEMNE":"None","strefa":"w śladzie","warstwa":"budynki"},"geometry":{"type":"Polygon","coordinates":[[[19.891176,49.919514],[19.891151,49.919517],[19.891131,49.919452],[19.891268,49.919434],[19.891301,49.919541],[19.891289,49.919543],[19.891296,49.919567],[19.8913,49.919578],[19.891199,49.91959],[19.891196,49.91958],[19.891176,49.919514]]]}},{"type":"Feature","properties":{"gml_id":"budynki.120609_2.0010.148/2.1_BUD","ID_BUDYNKU":"120609_2.0010.148/2.1_BUD","RODZAJ":"m","KONDYGNACJE_NADZIEMNE":"None","KONDYGNACJE_PODZIEMNE":"None","strefa":"w śladzie","warstwa":"budynki"},"geometry":{"type":"Polygon","coordinates":[[[19.907861,49.928412],[19.907899,49.928359],[19.907958,49.928378],[19.907971,49.928361],[19.908005,49.928314],[19.9081,49.928345],[19.908065,49.928395],[19.908054,49.928409],[19.90808,49.928417],[19.908042,49.92847],[19.907861,49.928412]]]}},{"type":"Feature","properties":{"gml_id":"budynki.120609_2.0010.164/4.1_BUD","ID_BUDYNKU":"120609_2.0010.164/4.1_BUD","RODZAJ":"m","KONDYGNACJE_NADZIEMNE":"None","KONDYGNACJE_PODZIEMNE":"None","strefa":"w śladzie","warstwa":"budynki"},"geometry":{"type":"Polygon","coordinates":[[[19.909767,49.928518],[19.90977,49.92848],[19.909771,49.928468],[19.909815,49.92847],[19.909934,49.928474],[19.90993,49.928524],[19.909767,49.928518]]]}},{"type":"Feature","properties":{"gml_id":"budynki.120609_2.0010.165/8.1_BUD","ID_BUDYNKU":"120609_2.0010.165/8.1_BUD","RODZAJ":"m","KONDYGNACJE_NADZIEMNE":"None","KONDYGNACJE_PODZIEMNE":"None","strefa":"w śladzie","warstwa":"budynki"},"geometry":{"type":"Polygon","coordinates":[[[19.911068,49.928946],[19.911069,49.928911],[19.911107,49.928911],[19.911109,49.928861],[19.911215,49.928862],[19.911276,49.928863],[19.911263,49.928918],[19.911253,49.928918],[19.911252,49.928987],[19.911214,49.928986],[19.911213,49.929042],[19.911106,49.929041],[19.911105,49.928986],[19.911106,49.928964],[19.911103,49.928965],[19.911099,49.928965],[19.911095,49.928965],[19.911092,49.928965],[19.911088,49.928964],[19.911085,49.928963],[19.911081,49.928962],[19.911078,49.928961],[19.911076,49.928959],[19.911073,49.928957],[19.911071,49.928955],[19.91107,49.928953],[19.911069,49.92895],[19.911068,49.928948],[19.911068,49.928946]]]}},{"type":"Feature","properties":{"gml_id":"budynki.120609_2.0010.164/9.1_BUD","ID_BUDYNKU":"120609_2.0010.164/9.1_BUD","RODZAJ":"m","KONDYGNACJE_NADZIEMNE":"None","KONDYGNACJE_PODZIEMNE":"None","strefa":"w śladzie","warstwa":"budynki"},"geometry":{"type":"Polygon","coordinates":[[[19.910725,49.929072],[19.910727,49.929006],[19.910736,49.929006],[19.910737,49.928972],[19.910732,49.928972],[19.910733,49.928937],[19.910739,49.928937],[19.91074,49.928888],[19.910856,49.92889],[19.910855,49.928939],[19.91086,49.928939],[19.910859,49.928974],[19.910854,49.928974],[19.910851,49.929074],[19.910725,49.929072]]]}},{"type":"Feature","properties":{"gml_id":"budynki.120609_2.0010.164/12.1_BUD","ID_BUDYNKU":"120609_2.0010.164/12.1_BUD","RODZAJ":"m","KONDYGNACJE_NADZIEMNE":"None","KONDYGNACJE_PODZIEMNE":"None","strefa":"w śladzie","warstwa":"budynki"},"geometry":{"type":"Polygon","coordinates":[[[19.910703,49.929525],[19.910707,49.929443],[19.910754,49.929443],[19.910768,49.929435],[19.910791,49.929436],[19.910803,49.929444],[19.910849,49.929445],[19.910846,49.929527],[19.910827,49.929527],[19.910825,49.929584],[19.91071,49.929582],[19.910713,49.929525],[19.910703,49.929525]]]}},{"type":"Feature","properties":{"gml_id":"budynki.120609_2.0010.165/4.1_BUD","ID_BUDYNKU":"120609_2.0010.165/4.1_BUD","RODZAJ":"m","KONDYGNACJE_NADZIEMNE":"None","KONDYGNACJE_PODZIEMNE":"None","strefa":"w śladzie","warstwa":"budynki"},"geometry":{"type":"Polygon","coordinates":[[[19.911055,49.929485],[19.910995,49.929484],[19.910997,49.929411],[19.911006,49.929411],[19.911006,49.929418],[19.911132,49.929419],[19.911132,49.929411],[19.91114,49.929411],[19.91114,49.929419],[19.911184,49.929419],[19.911184,49.929459],[19.911213,49.929459],[19.911212,49.929515],[19.911182,49.929515],[19.911181,49.929551],[19.911054,49.92955],[19.911055,49.929485]]]}},{"type":"Feature","properties":{"gml_id":"budynki.120609_2.0010.184/3.1_BUD","ID_BUDYNKU":"120609_2.0010.184/3.1_BUD","RODZAJ":"m","KONDYGNACJE_NADZIEMNE":"None","KONDYGNACJE_PODZIEMNE":"None","strefa":"nad tunelem","warstwa":"budynki"},"geometry":{"type":"Polygon","coordinates":[[[19.91573,49.932078],[19.915628,49.932083],[19.915621,49.932017],[19.915631,49.932017],[19.915679,49.932015],[19.915678,49.932004],[19.915797,49.931999],[19.915804,49.932067],[19.915794,49.932067],[19.915729,49.93207],[19.91573,49.932078]]]}},{"type":"Feature","properties":{"gml_id":"budynki.120609_2.0010.184/4.1_BUD","ID_BUDYNKU":"120609_2.0010.184/4.1_BUD","RODZAJ":"m","KONDYGNACJE_NADZIEMNE":"None","KONDYGNACJE_PODZIEMNE":"None","strefa":"nad tunelem","warstwa":"budynki"},"geometry":{"type":"Polygon","coordinates":[[[19.915821,49.932418],[19.915643,49.932422],[19.915639,49.932338],[19.915817,49.932334],[19.915821,49.932418]]]}},{"type":"Feature","properties":{"gml_id":"budynki.120609_2.0010.184/4.2_BUD","ID_BUDYNKU":"120609_2.0010.184/4.2_BUD","RODZAJ":"i","KONDYGNACJE_NADZIEMNE":"None","KONDYGNACJE_PODZIEMNE":"None","strefa":"nad tunelem","warstwa":"budynki"},"geometry":{"type":"Polygon","coordinates":[[[19.915698,49.93266],[19.915795,49.932659],[19.915797,49.932703],[19.915699,49.932704],[19.915698,49.93266]]]}},{"type":"Feature","properties":{"gml_id":"budynki.120609_2.0010.183/2.1_BUD","ID_BUDYNKU":"120609_2.0010.183/2.1_BUD","RODZAJ":"m","KONDYGNACJE_NADZIEMNE":"None","KONDYGNACJE_PODZIEMNE":"None","strefa":"nad tunelem","warstwa":"budynki"},"geometry":{"type":"Polygon","coordinates":[[[19.915321,49.932708],[19.915337,49.932707],[19.915337,49.932698],[19.915339,49.932698],[19.915333,49.93259],[19.91543,49.932589],[19.915432,49.932637],[19.915435,49.932673],[19.915547,49.93267],[19.91555,49.932709],[19.915551,49.932735],[19.915438,49.932738],[19.915439,49.932746],[19.91543,49.932747],[19.91543,49.932738],[19.915349,49.932739],[19.91535,49.932748],[19.915342,49.932749],[19.91534,49.932713],[19.915321,49.932714],[19.915321,49.932708]]]}},{"type":"Feature","properties":{"gml_id":"budynki.120609_2.0005.430/1.1_BUD","ID_BUDYNKU":"120609_2.0005.430/1.1_BUD","RODZAJ":"m","KONDYGNACJE_NADZIEMNE":"None","KONDYGNACJE_PODZIEMNE":"None","strefa":"nad tunelem","warstwa":"budynki"},"geometry":{"type":"Polygon","coordinates":[[[19.916097,49.933594],[19.91624,49.933592],[19.916242,49.933644],[19.91626,49.933644],[19.916261,49.933683],[19.916243,49.933683],[19.916101,49.933685],[19.916097,49.933594]]]}},{"type":"Feature","properties":{"gml_id":"budynki.120609_2.0010.186.1_BUD","ID_BUDYNKU":"120609_2.0010.186.1_BUD","RODZAJ":"m","KONDYGNACJE_NADZIEMNE":"None","KONDYGNACJE_PODZIEMNE":"None","strefa":"nad tunelem","warstwa":"budynki"},"geometry":{"type":"Polygon","coordinates":[[[19.91628,49.933156],[19.916422,49.933156],[19.916423,49.933248],[19.91628,49.933249],[19.91628,49.933156]]]}},{"type":"Feature","properties":{"gml_id":"budynki.120609_2.0010.185.1_BUD","ID_BUDYNKU":"120609_2.0010.185.1_BUD","RODZAJ":"m","KONDYGNACJE_NADZIEMNE":"None","KONDYGNACJE_PODZIEMNE":"None","strefa":"nad tunelem","warstwa":"budynki"},"geometry":{"type":"Polygon","coordinates":[[[19.915965,49.933175],[19.916094,49.933176],[19.916094,49.933249],[19.915965,49.933249],[19.915965,49.933175]]]}},{"type":"Feature","properties":{"gml_id":"budynki.120609_2.0010.185.2_BUD","ID_BUDYNKU":"120609_2.0010.185.2_BUD","RODZAJ":"i","KONDYGNACJE_NADZIEMNE":"None","KONDYGNACJE_PODZIEMNE":"None","strefa":"nad tunelem","warstwa":"budynki"},"geometry":{"type":"Polygon","coordinates":[[[19.916036,49.933032],[19.916037,49.932999],[19.916107,49.932999],[19.916107,49.933002],[19.916103,49.933033],[19.916036,49.933032]]]}},{"type":"Feature","properties":{"gml_id":"budynki.120609_2.0010.185.3_BUD","ID_BUDYNKU":"120609_2.0010.185.3_BUD","RODZAJ":"i","KONDYGNACJE_NADZIEMNE":"None","KONDYGNACJE_PODZIEMNE":"None","strefa":"nad tunelem","warstwa":"budynki"},"geometry":{"type":"Polygon","coordinates":[[[19.916038,49.932958],[19.916121,49.932958],[19.91612,49.933003],[19.916107,49.933002],[19.916107,49.932999],[19.916037,49.932999],[19.916038,49.932958]]]}},{"type":"Feature","properties":{"gml_id":"budynki.120609_2.0010.184.1_BUD","ID_BUDYNKU":"120609_2.0010.184.1_BUD","RODZAJ":"h","KONDYGNACJE_NADZIEMNE":"None","KONDYGNACJE_PODZIEMNE":"None","strefa":"nad tunelem","warstwa":"budynki"},"geometry":{"type":"Polygon","coordinates":[[[19.915648,49.93289],[19.915806,49.932892],[19.915802,49.933042],[19.915644,49.93304],[19.915648,49.93289]]]}},{"type":"Feature","properties":{"gml_id":"budynki.120609_2.0010.187/3.1_BUD","ID_BUDYNKU":"120609_2.0010.187/3.1_BUD","RODZAJ":"m","KONDYGNACJE_NADZIEMNE":"None","KONDYGNACJE_PODZIEMNE":"None","strefa":"nad tunelem","warstwa":"budynki"},"geometry":{"type":"Polygon","coordinates":[[[19.916534,49.93305],[19.916544,49.933044],[19.916544,49.933021],[19.916592,49.933021],[19.916592,49.933016],[19.916655,49.933016],[19.916655,49.933021],[19.916703,49.933021],[19.916703,49.93303],[19.916752,49.93303],[19.916751,49.93309],[19.916702,49.93309],[19.916702,49.933097],[19.916656,49.933097],[19.916584,49.933096],[19.916543,49.933096],[19.916544,49.933073],[19.916533,49.933067],[19.916534,49.93305]]]}},{"type":"Feature","properties":{"gml_id":"budynki.120609_2.0010.187/2.2_BUD","ID_BUDYNKU":"120609_2.0010.187/2.2_BUD","RODZAJ":"g","KONDYGNACJE_NADZIEMNE":"None","KONDYGNACJE_PODZIEMNE":"None","strefa":"nad tunelem","warstwa":"budynki"},"geometry":{"type":"Polygon","coordinates":[[[19.916546,49.933207],[19.916644,49.933205],[19.916644,49.933244],[19.916548,49.933246],[19.916546,49.933207]]]}},{"type":"Feature","properties":{"gml_id":"budynki.120609_2.0010.187/2.1_BUD","ID_BUDYNKU":"120609_2.0010.187/2.1_BUD","RODZAJ":"m","KONDYGNACJE_NADZIEMNE":"None","KONDYGNACJE_PODZIEMNE":"None","strefa":"nad tunelem","warstwa":"budynki"},"geometry":{"type":"Polygon","coordinates":[[[19.916816,49.93324],[19.91687,49.933239],[19.916869,49.933223],[19.916913,49.933221],[19.916914,49.933238],[19.916964,49.933237],[19.916964,49.933242],[19.916968,49.93331],[19.916968,49.933311],[19.916924,49.933311],[19.916926,49.933331],[19.916877,49.933333],[19.916876,49.933312],[19.916821,49.933313],[19.916816,49.93324]]]}},{"type":"Feature","properties":{"gml_id":"budynki.120609_2.0005.430/5.1_BUD","ID_BUDYNKU":"120609_2.0005.430/5.1_BUD","RODZAJ":"m","KONDYGNACJE_NADZIEMNE":"None","KONDYGNACJE_PODZIEMNE":"None","strefa":"nad tunelem","warstwa":"budynki"},"geometry":{"type":"Polygon","coordinates":[[[19.916508,49.933657],[19.91651,49.933589],[19.916706,49.933591],[19.916704,49.933659],[19.916508,49.933657]]]}},{"type":"Feature","properties":{"gml_id":"budynki.120609_2.0005.431.2_BUD","ID_BUDYNKU":"120609_2.0005.431.2_BUD","RODZAJ":"i","KONDYGNACJE_NADZIEMNE":"None","KONDYGNACJE_PODZIEMNE":"None","strefa":"nad tunelem","warstwa":"budynki"},"geometry":{"type":"Polygon","coordinates":[[[19.917185,49.933772],[19.917188,49.933746],[19.917251,49.93375],[19.917247,49.933776],[19.917185,49.933772]]]}},{"type":"Feature","properties":{"gml_id":"budynki.120609_2.0005.431.1_BUD","ID_BUDYNKU":"120609_2.0005.431.1_BUD","RODZAJ":"m","KONDYGNACJE_NADZIEMNE":"None","KONDYGNACJE_PODZIEMNE":"None","strefa":"nad tunelem","warstwa":"budynki"},"geometry":{"type":"Polygon","coordinates":[[[19.917157,49.933744],[19.917163,49.933703],[19.917186,49.933704],[19.917192,49.933661],[19.917346,49.93367],[19.917334,49.933755],[19.917251,49.93375],[19.917188,49.933746],[19.917181,49.933746],[19.917157,49.933744]]]}},{"type":"Feature","properties":{"NUMER_PORZ":"550","KOD_POCZT":"32-445","NAZWA_GMI":"Myślenice","NAZWA_MSC":"Krzyszkowice","odleglosc_m":192.3,"strefa":"50-200 m","warstwa":"adresy"},"geometry":{"type":"Point","coordinates":[19.900106,49.889535]}},{"type":"Feature","properties":{"NUMER_PORZ":"369","KOD_POCZT":"32-445","NAZWA_GMI":"Myślenice","NAZWA_MSC":"Krzyszkowice","odleglosc_m":0.0,"strefa":"w śladzie","warstwa":"adresy"},"geometry":{"type":"Point","coordinates":[19.92272,49.876046]}},{"type":"Feature","properties":{"NUMER_PORZ":"404","KOD_POCZT":"32-445","NAZWA_GMI":"Myślenice","NAZWA_MSC":"Krzyszkowice","odleglosc_m":85.0,"strefa":"50-200 m","warstwa":"adresy"},"geometry":{"type":"Point","coordinates":[19.907965,49.883388]}},{"type":"Feature","properties":{"NUMER_PORZ":"228","KOD_POCZT":"32-445","NAZWA_GMI":"Myślenice","NAZWA_MSC":"Krzyszkowice","odleglosc_m":161.2,"strefa":"50-200 m","warstwa":"adresy"},"geometry":{"type":"Point","coordinates":[19.917849,49.878498]}},{"type":"Feature","properties":{"NUMER_PORZ":"513","KOD_POCZT":"32-445","NAZWA_GMI":"Myślenice","NAZWA_MSC":"Krzyszkowice","odleglosc_m":122.9,"strefa":"50-200 m","warstwa":"adresy"},"geometry":{"type":"Point","coordinates":[19.907473,49.8832]}},{"type":"Feature","properties":{"NUMER_PORZ":"648","KOD_POCZT":"32-445","NAZWA_GMI":"Myślenice","NAZWA_MSC":"Krzyszkowice","odleglosc_m":162.0,"strefa":"50-200 m","warstwa":"adresy"},"geometry":{"type":"Point","coordinates":[19.911282,49.881434]}},{"type":"Feature","properties":{"NUMER_PORZ":"24","KOD_POCZT":"32-445","NAZWA_GMI":"Myślenice","NAZWA_MSC":"Krzyszkowice","odleglosc_m":36.1,"strefa":"30-50 m","warstwa":"adresy"},"geometry":{"type":"Point","coordinates":[19.919962,49.878744]}},{"type":"Feature","properties":{"NUMER_PORZ":"306A","KOD_POCZT":"32-444","NAZWA_GMI":"Myślenice","NAZWA_MSC":"Głogoczów","odleglosc_m":68.4,"strefa":"50-200 m","warstwa":"adresy"},"geometry":{"type":"Point","coordinates":[19.874584,49.906807]}},{"type":"Feature","properties":{"NUMER_PORZ":"253","KOD_POCZT":"32-445","NAZWA_GMI":"Myślenice","NAZWA_MSC":"Krzyszkowice","odleglosc_m":65.4,"strefa":"50-200 m","warstwa":"adresy"},"geometry":{"type":"Point","coordinates":[19.910958,49.882549]}},{"type":"Feature","properties":{"NUMER_PORZ":"48","KOD_POCZT":"32-445","NAZWA_GMI":"Myślenice","NAZWA_MSC":"Krzyszkowice","odleglosc_m":24.0,"strefa":"20-30 m","warstwa":"adresy"},"geometry":{"type":"Point","coordinates":[19.921762,49.876861]}},{"type":"Feature","properties":{"NUMER_PORZ":"320","KOD_POCZT":"32-445","NAZWA_GMI":"Myślenice","NAZWA_MSC":"Krzyszkowice","odleglosc_m":171.2,"strefa":"50-200 m","warstwa":"adresy"},"geometry":{"type":"Point","coordinates":[19.916255,49.883488]}},{"type":"Feature","properties":{"NUMER_PORZ":"531","KOD_POCZT":"32-445","NAZWA_GMI":"Myślenice","NAZWA_MSC":"Krzyszkowice","odleglosc_m":137.1,"strefa":"50-200 m","warstwa":"adresy"},"geometry":{"type":"Point","coordinates":[19.906952,49.883253]}},{"type":"Feature","properties":{"NUMER_PORZ":"401","KOD_POCZT":"32-445","NAZWA_GMI":"Myślenice","NAZWA_MSC":"Krzyszkowice","odleglosc_m":78.7,"strefa":"50-200 m","warstwa":"adresy"},"geometry":{"type":"Point","coordinates":[19.916256,49.882501]}},{"type":"Feature","properties":{"NUMER_PORZ":"347","KOD_POCZT":"32-445","NAZWA_GMI":"Myślenice","NAZWA_MSC":"Krzyszkowice","odleglosc_m":154.6,"strefa":"50-200 m","warstwa":"adresy"},"geometry":{"type":"Point","coordinates":[19.912481,49.881025]}},{"type":"Feature","properties":{"NUMER_PORZ":"408","KOD_POCZT":"32-445","NAZWA_GMI":"Myślenice","NAZWA_MSC":"Krzyszkowice","odleglosc_m":0.0,"strefa":"w śladzie","warstwa":"adresy"},"geometry":{"type":"Point","coordinates":[19.915425,49.881918]}},{"type":"Feature","properties":{"NUMER_PORZ":"625","KOD_POCZT":"32-445","NAZWA_GMI":"Myślenice","NAZWA_MSC":"Krzyszkowice","odleglosc_m":181.5,"strefa":"50-200 m","warstwa":"adresy"},"geometry":{"type":"Point","coordinates":[19.926442,49.86866]}},{"type":"Feature","properties":{"NUMER_PORZ":"349","KOD_POCZT":"32-445","NAZWA_GMI":"Myślenice","NAZWA_MSC":"Krzyszkowice","odleglosc_m":107.9,"strefa":"50-200 m","warstwa":"adresy"},"geometry":{"type":"Point","coordinates":[19.925448,49.868948]}},{"type":"Feature","properties":{"NUMER_PORZ":"48B","KOD_POCZT":"32-445","NAZWA_GMI":"Myślenice","NAZWA_MSC":"Krzyszkowice","odleglosc_m":42.5,"strefa":"30-50 m","warstwa":"adresy"},"geometry":{"type":"Point","coordinates":[19.921287,49.877184]}},{"type":"Feature","properties":{"NUMER_PORZ":"415A","KOD_POCZT":"32-445","NAZWA_GMI":"Myślenice","NAZWA_MSC":"Krzyszkowice","odleglosc_m":149.4,"strefa":"50-200 m","warstwa":"adresy"},"geometry":{"type":"Point","coordinates":[19.913134,49.880826]}},{"type":"Feature","properties":{"NUMER_PORZ":"473","KOD_POCZT":"32-445","NAZWA_GMI":"Myślenice","NAZWA_MSC":"Krzyszkowice","odleglosc_m":130.7,"strefa":"50-200 m","warstwa":"adresy"},"geometry":{"type":"Point","coordinates":[19.919757,49.877353]}},{"type":"Feature","properties":{"NUMER_PORZ":"654","KOD_POCZT":"32-445","NAZWA_GMI":"Myślenice","NAZWA_MSC":"Krzyszkowice","odleglosc_m":133.0,"strefa":"50-200 m","warstwa":"adresy"},"geometry":{"type":"Point","coordinates":[19.913634,49.880802]}},{"type":"Feature","properties":{"NUMER_PORZ":"6","KOD_POCZT":"32-445","NAZWA_GMI":"Myślenice","NAZWA_MSC":"Krzyszkowice","odleglosc_m":6.6,"strefa":"0-20 m","warstwa":"adresy"},"geometry":{"type":"Point","coordinates":[19.917235,49.88138]}},{"type":"Feature","properties":{"NUMER_PORZ":"626","KOD_POCZT":"32-445","NAZWA_GMI":"Myślenice","NAZWA_MSC":"Krzyszkowice","odleglosc_m":118.6,"strefa":"50-200 m","warstwa":"adresy"},"geometry":{"type":"Point","coordinates":[19.925623,49.869183]}},{"type":"Feature","properties":{"NUMER_PORZ":"7","KOD_POCZT":"32-445","NAZWA_GMI":"Myślenice","NAZWA_MSC":"Krzyszkowice","odleglosc_m":173.0,"strefa":"50-200 m","warstwa":"adresy"},"geometry":{"type":"Point","coordinates":[19.913889,49.880277]}},{"type":"Feature","properties":{"NUMER_PORZ":"472","KOD_POCZT":"32-445","NAZWA_GMI":"Myślenice","NAZWA_MSC":"Krzyszkowice","odleglosc_m":89.8,"strefa":"50-200 m","warstwa":"adresy"},"geometry":{"type":"Point","coordinates":[19.920723,49.876956]}},{"type":"Feature","properties":{"NUMER_PORZ":"1104","KOD_POCZT":"32-444","NAZWA_GMI":"Myślenice","NAZWA_MSC":"Głogoczów","odleglosc_m":145.9,"strefa":"50-200 m","warstwa":"adresy"},"geometry":{"type":"Point","coordinates":[19.892043,49.899522]}},{"type":"Feature","properties":{"NUMER_PORZ":"471","KOD_POCZT":"32-445","NAZWA_GMI":"Myślenice","NAZWA_MSC":"Krzyszkowice","odleglosc_m":105.0,"strefa":"50-200 m","warstwa":"adresy"},"geometry":{"type":"Point","coordinates":[19.920402,49.877069]}},{"type":"Feature","properties":{"NUMER_PORZ":"529","KOD_POCZT":"32-445","NAZWA_GMI":"Myślenice","NAZWA_MSC":"Krzyszkowice","odleglosc_m":123.8,"strefa":"50-200 m","warstwa":"adresy"},"geometry":{"type":"Point","coordinates":[19.925531,49.876186]}},{"type":"Feature","properties":{"NUMER_PORZ":"1097","KOD_POCZT":"32-444","NAZWA_GMI":"Myślenice","NAZWA_MSC":"Głogoczów","odleglosc_m":0.0,"strefa":"w śladzie","warstwa":"adresy"},"geometry":{"type":"Point","coordinates":[19.888317,49.905496]}},{"type":"Feature","properties":{"NUMER_PORZ":"1097A","KOD_POCZT":"32-444","NAZWA_GMI":"Myślenice","NAZWA_MSC":"Głogoczów","odleglosc_m":0.0,"strefa":"w śladzie","warstwa":"adresy"},"geometry":{"type":"Point","coordinates":[19.888218,49.905522]}},{"type":"Feature","properties":{"NUMER_PORZ":"476","KOD_POCZT":"32-445","NAZWA_GMI":"Myślenice","NAZWA_MSC":"Krzyszkowice","odleglosc_m":59.4,"strefa":"50-200 m","warstwa":"adresy"},"geometry":{"type":"Point","coordinates":[19.924819,49.875434]}},{"type":"Feature","properties":{"NUMER_PORZ":"567","KOD_POCZT":"32-445","NAZWA_GMI":"Myślenice","NAZWA_MSC":"Krzyszkowice","odleglosc_m":156.0,"strefa":"50-200 m","warstwa":"adresy"},"geometry":{"type":"Point","coordinates":[19.910519,49.881784]}},{"type":"Feature","properties":{"NUMER_PORZ":"457A","KOD_POCZT":"32-445","NAZWA_GMI":"Myślenice","NAZWA_MSC":"Krzyszkowice","odleglosc_m":35.6,"strefa":"30-50 m","warstwa":"adresy"},"geometry":{"type":"Point","coordinates":[19.909327,49.883322]}},{"type":"Feature","properties":{"NUMER_PORZ":"147A","KOD_POCZT":"32-445","NAZWA_GMI":"Myślenice","NAZWA_MSC":"Krzyszkowice","odleglosc_m":179.6,"strefa":"50-200 m","warstwa":"adresy"},"geometry":{"type":"Point","coordinates":[19.926081,49.87671]}},{"type":"Feature","properties":{"NUMER_PORZ":"643","KOD_POCZT":"32-445","NAZWA_GMI":"Myślenice","NAZWA_MSC":"Krzyszkowice","odleglosc_m":196.9,"strefa":"50-200 m","warstwa":"adresy"},"geometry":{"type":"Point","coordinates":[19.905916,49.883034]}},{"type":"Feature","properties":{"NUMER_PORZ":"350","KOD_POCZT":"32-400","NAZWA_GMI":"Myślenice","NAZWA_MSC":"Polanka","odleglosc_m":0.0,"strefa":"w śladzie","warstwa":"adresy"},"geometry":{"type":"Point","coordinates":[19.925778,49.857437]}},{"type":"Feature","properties":{"NUMER_PORZ":"749B","KOD_POCZT":"32-445","NAZWA_GMI":"Myślenice","NAZWA_MSC":"Krzyszkowice","odleglosc_m":0.0,"strefa":"w śladzie","warstwa":"adresy"},"geometry":{"type":"Point","coordinates":[19.910858,49.883233]}},{"type":"Feature","properties":{"NUMER_PORZ":"485","KOD_POCZT":"32-445","NAZWA_GMI":"Myślenice","NAZWA_MSC":"Krzyszkowice","odleglosc_m":150.2,"strefa":"50-200 m","warstwa":"adresy"},"geometry":{"type":"Point","coordinates":[19.906624,49.883253]}},{"type":"Feature","properties":{"NUMER_PORZ":"598","KOD_POCZT":"32-445","NAZWA_GMI":"Myślenice","NAZWA_MSC":"Krzyszkowice","odleglosc_m":33.5,"strefa":"30-50 m","warstwa":"adresy"},"geometry":{"type":"Point","coordinates":[19.916509,49.881934]}},{"type":"Feature","properties":{"NUMER_PORZ":"240","KOD_POCZT":"32-445","NAZWA_GMI":"Myślenice","NAZWA_MSC":"Krzyszkowice","odleglosc_m":64.2,"strefa":"50-200 m","warstwa":"adresy"},"geometry":{"type":"Point","coordinates":[19.921846,49.875441]}},{"type":"Feature","properties":{"NUMER_PORZ":"486","KOD_POCZT":"32-445","NAZWA_GMI":"Myślenice","NAZWA_MSC":"Krzyszkowice","odleglosc_m":106.0,"strefa":"50-200 m","warstwa":"adresy"},"geometry":{"type":"Point","coordinates":[19.906962,49.883584]}},{"type":"Feature","properties":{"NUMER_PORZ":"530","KOD_POCZT":"32-445","NAZWA_GMI":"Myślenice","NAZWA_MSC":"Krzyszkowice","odleglosc_m":19.0,"strefa":"0-20 m","warstwa":"adresy"},"geometry":{"type":"Point","coordinates":[19.924218,49.875596]}},{"type":"Feature","properties":{"NUMER_PORZ":"202","KOD_POCZT":"32-445","NAZWA_GMI":"Myślenice","NAZWA_MSC":"Krzyszkowice","odleglosc_m":78.9,"strefa":"50-200 m","warstwa":"adresy"},"geometry":{"type":"Point","coordinates":[19.921389,49.876017]}},{"type":"Feature","properties":{"NUMER_PORZ":"201","KOD_POCZT":"32-445","NAZWA_GMI":"Myślenice","NAZWA_MSC":"Krzyszkowice","odleglosc_m":176.7,"strefa":"50-200 m","warstwa":"adresy"},"geometry":{"type":"Point","coordinates":[19.915663,49.879442]}},{"type":"Feature","properties":{"NUMER_PORZ":"557","KOD_POCZT":"32-445","NAZWA_GMI":"Myślenice","NAZWA_MSC":"Krzyszkowice","odleglosc_m":168.7,"strefa":"50-200 m","warstwa":"adresy"},"geometry":{"type":"Point","coordinates":[19.907151,49.882841]}},{"type":"Feature","properties":{"NUMER_PORZ":"642","KOD_POCZT":"32-445","NAZWA_GMI":"Myślenice","NAZWA_MSC":"Krzyszkowice","odleglosc_m":145.9,"strefa":"50-200 m","warstwa":"adresy"},"geometry":{"type":"Point","coordinates":[19.919392,49.877482]}},{"type":"Feature","properties":{"NUMER_PORZ":"542","KOD_POCZT":"32-445","NAZWA_GMI":"Myślenice","NAZWA_MSC":"Krzyszkowice","odleglosc_m":83.8,"strefa":"50-200 m","warstwa":"adresy"},"geometry":{"type":"Point","coordinates":[19.922097,49.869432]}},{"type":"Feature","properties":{"NUMER_PORZ":"5","KOD_POCZT":"32-445","NAZWA_GMI":"Myślenice","NAZWA_MSC":"Krzyszkowice","odleglosc_m":16.7,"strefa":"0-20 m","warstwa":"adresy"},"geometry":{"type":"Point","coordinates":[19.917456,49.880397]}},{"type":"Feature","properties":{"NUMER_PORZ":"426","KOD_POCZT":"32-445","NAZWA_GMI":"Myślenice","NAZWA_MSC":"Krzyszkowice","odleglosc_m":150.6,"strefa":"50-200 m","warstwa":"adresy"},"geometry":{"type":"Point","coordinates":[19.909558,49.882096]}},{"type":"Feature","properties":{"NUMER_PORZ":"631","KOD_POCZT":"32-445","NAZWA_GMI":"Myślenice","NAZWA_MSC":"Krzyszkowice","odleglosc_m":176.1,"strefa":"50-200 m","warstwa":"adresy"},"geometry":{"type":"Point","coordinates":[19.926309,49.868316]}},{"type":"Feature","properties":{"NUMER_PORZ":"506","KOD_POCZT":"32-445","NAZWA_GMI":"Myślenice","NAZWA_MSC":"Krzyszkowice","odleglosc_m":3.0,"strefa":"0-20 m","warstwa":"adresy"},"geometry":{"type":"Point","coordinates":[19.915136,49.881585]}},{"type":"Feature","properties":{"NUMER_PORZ":"412","KOD_POCZT":"32-445","NAZWA_GMI":"Myślenice","NAZWA_MSC":"Krzyszkowice","odleglosc_m":151.3,"strefa":"50-200 m","warstwa":"adresy"},"geometry":{"type":"Point","coordinates":[19.906348,49.883353]}},{"type":"Feature","properties":{"NUMER_PORZ":"50","KOD_POCZT":"32-445","NAZWA_GMI":"Myślenice","NAZWA_MSC":"Krzyszkowice","odleglosc_m":161.7,"strefa":"50-200 m","warstwa":"adresy"},"geometry":{"type":"Point","coordinates":[19.918527,49.878098]}},{"type":"Feature","properties":{"NUMER_PORZ":"248","KOD_POCZT":"32-445","NAZWA_GMI":"Myślenice","NAZWA_MSC":"Krzyszkowice","odleglosc_m":82.4,"strefa":"50-200 m","warstwa":"adresy"},"geometry":{"type":"Point","coordinates":[19.914463,49.881005]}},{"type":"Feature","properties":{"NUMER_PORZ":"570","KOD_POCZT":"32-445","NAZWA_GMI":"Myślenice","NAZWA_MSC":"Krzyszkowice","odleglosc_m":79.3,"strefa":"50-200 m","warstwa":"adresy"},"geometry":{"type":"Point","coordinates":[19.897966,49.889308]}},{"type":"Feature","properties":{"NUMER_PORZ":"368","KOD_POCZT":"32-445","NAZWA_GMI":"Myślenice","NAZWA_MSC":"Krzyszkowice","odleglosc_m":131.6,"strefa":"50-200 m","warstwa":"adresy"},"geometry":{"type":"Point","coordinates":[19.917144,49.882717]}},{"type":"Feature","properties":{"NUMER_PORZ":"559","KOD_POCZT":"32-445","NAZWA_GMI":"Myślenice","NAZWA_MSC":"Krzyszkowice","odleglosc_m":67.8,"strefa":"50-200 m","warstwa":"adresy"},"geometry":{"type":"Point","coordinates":[19.908361,49.883388]}},{"type":"Feature","properties":{"NUMER_PORZ":"552","KOD_POCZT":"32-445","NAZWA_GMI":"Myślenice","NAZWA_MSC":"Krzyszkowice","odleglosc_m":196.9,"strefa":"50-200 m","warstwa":"adresy"},"geometry":{"type":"Point","coordinates":[19.913778,49.880073]}},{"type":"Feature","properties":{"NUMER_PORZ":"3","KOD_POCZT":"32-445","NAZWA_GMI":"Myślenice","NAZWA_MSC":"Krzyszkowice","odleglosc_m":108.5,"strefa":"50-200 m","warstwa":"adresy"},"geometry":{"type":"Point","coordinates":[19.920114,49.881112]}},{"type":"Feature","properties":{"NUMER_PORZ":"1087D","KOD_POCZT":"32-444","NAZWA_GMI":"Myślenice","NAZWA_MSC":"Głogoczów","odleglosc_m":61.6,"strefa":"50-200 m","warstwa":"adresy"},"geometry":{"type":"Point","coordinates":[19.891403,49.910936]}},{"type":"Feature","properties":{"NUMER_PORZ":"158","KOD_POCZT":"32-444","NAZWA_GMI":"Myślenice","NAZWA_MSC":"Głogoczów","odleglosc_m":157.2,"strefa":"50-200 m","warstwa":"adresy"},"geometry":{"type":"Point","coordinates":[19.876102,49.90926]}},{"type":"Feature","properties":{"NUMER_PORZ":"4","KOD_POCZT":"32-445","NAZWA_GMI":"Myślenice","NAZWA_MSC":"Krzyszkowice","odleglosc_m":92.2,"strefa":"50-200 m","warstwa":"adresy"},"geometry":{"type":"Point","coordinates":[19.920291,49.880816]}},{"type":"Feature","properties":{"NUMER_PORZ":"636","KOD_POCZT":"32-445","NAZWA_GMI":"Myślenice","NAZWA_MSC":"Krzyszkowice","odleglosc_m":158.2,"strefa":"50-200 m","warstwa":"adresy"},"geometry":{"type":"Point","coordinates":[19.910256,49.881831]}},{"type":"Feature","properties":{"NUMER_PORZ":"532","KOD_POCZT":"32-445","NAZWA_GMI":"Myślenice","NAZWA_MSC":"Krzyszkowice","odleglosc_m":50.7,"strefa":"50-200 m","warstwa":"adresy"},"geometry":{"type":"Point","coordinates":[19.924619,49.868712]}},{"type":"Feature","properties":{"NUMER_PORZ":"675","KOD_POCZT":"32-445","NAZWA_GMI":"Myślenice","NAZWA_MSC":"Krzyszkowice","odleglosc_m":180.3,"strefa":"50-200 m","warstwa":"adresy"},"geometry":{"type":"Point","coordinates":[19.905335,49.883439]}},{"type":"Feature","properties":{"NUMER_PORZ":"681","KOD_POCZT":"32-445","NAZWA_GMI":"Myślenice","NAZWA_MSC":"Krzyszkowice","odleglosc_m":50.9,"strefa":"50-200 m","warstwa":"adresy"},"geometry":{"type":"Point","coordinates":[19.917499,49.881742]}},{"type":"Feature","properties":{"NUMER_PORZ":"199","KOD_POCZT":"32-445","NAZWA_GMI":"Myślenice","NAZWA_MSC":"Krzyszkowice","odleglosc_m":158.6,"strefa":"50-200 m","warstwa":"adresy"},"geometry":{"type":"Point","coordinates":[19.926119,49.868643]}},{"type":"Feature","properties":{"NUMER_PORZ":"628","KOD_POCZT":"32-445","NAZWA_GMI":"Myślenice","NAZWA_MSC":"Krzyszkowice","odleglosc_m":22.2,"strefa":"20-30 m","warstwa":"adresy"},"geometry":{"type":"Point","coordinates":[19.914946,49.881455]}},{"type":"Feature","properties":{"NUMER_PORZ":"308","KOD_POCZT":"32-445","NAZWA_GMI":"Myślenice","NAZWA_MSC":"Krzyszkowice","odleglosc_m":150.6,"strefa":"50-200 m","warstwa":"adresy"},"geometry":{"type":"Point","coordinates":[19.919846,49.881716]}},{"type":"Feature","properties":{"NUMER_PORZ":"227","KOD_POCZT":"32-445","NAZWA_GMI":"Myślenice","NAZWA_MSC":"Krzyszkowice","odleglosc_m":162.5,"strefa":"50-200 m","warstwa":"adresy"},"geometry":{"type":"Point","coordinates":[19.917776,49.878519]}},{"type":"Feature","properties":{"NUMER_PORZ":"656","KOD_POCZT":"32-445","NAZWA_GMI":"Myślenice","NAZWA_MSC":"Krzyszkowice","odleglosc_m":47.5,"strefa":"30-50 m","warstwa":"adresy"},"geometry":{"type":"Point","coordinates":[19.917879,49.881544]}},{"type":"Feature","properties":{"NUMER_PORZ":"457","KOD_POCZT":"32-445","NAZWA_GMI":"Myślenice","NAZWA_MSC":"Krzyszkowice","odleglosc_m":110.0,"strefa":"50-200 m","warstwa":"adresy"},"geometry":{"type":"Point","coordinates":[19.908242,49.882974]}},{"type":"Feature","properties":{"NUMER_PORZ":"144","KOD_POCZT":"32-445","NAZWA_GMI":"Myślenice","NAZWA_MSC":"Krzyszkowice","odleglosc_m":115.3,"strefa":"50-200 m","warstwa":"adresy"},"geometry":{"type":"Point","coordinates":[19.925433,49.868239]}},{"type":"Feature","properties":{"NUMER_PORZ":"424","KOD_POCZT":"32-445","NAZWA_GMI":"Myślenice","NAZWA_MSC":"Krzyszkowice","odleglosc_m":62.7,"strefa":"50-200 m","warstwa":"adresy"},"geometry":{"type":"Point","coordinates":[19.920935,49.877234]}},{"type":"Feature","properties":{"NUMER_PORZ":"423","KOD_POCZT":"32-445","NAZWA_GMI":"Myślenice","NAZWA_MSC":"Krzyszkowice","odleglosc_m":80.6,"strefa":"50-200 m","warstwa":"adresy"},"geometry":{"type":"Point","coordinates":[19.92048,49.877436]}},{"type":"Feature","properties":{"NUMER_PORZ":"347A","KOD_POCZT":"32-445","NAZWA_GMI":"Myślenice","NAZWA_MSC":"Krzyszkowice","odleglosc_m":193.0,"strefa":"50-200 m","warstwa":"adresy"},"geometry":{"type":"Point","coordinates":[19.912264,49.880705]}},{"type":"Feature","properties":{"NUMER_PORZ":"669","KOD_POCZT":"32-445","NAZWA_GMI":"Myślenice","NAZWA_MSC":"Krzyszkowice","odleglosc_m":106.8,"strefa":"50-200 m","warstwa":"adresy"},"geometry":{"type":"Point","coordinates":[19.910852,49.882174]}},{"type":"Feature","properties":{"NUMER_PORZ":"413","KOD_POCZT":"32-445","NAZWA_GMI":"Myślenice","NAZWA_MSC":"Krzyszkowice","odleglosc_m":185.8,"strefa":"50-200 m","warstwa":"adresy"},"geometry":{"type":"Point","coordinates":[19.899665,49.889684]}},{"type":"Feature","properties":{"NUMER_PORZ":"580","KOD_POCZT":"32-445","NAZWA_GMI":"Myślenice","NAZWA_MSC":"Krzyszkowice","odleglosc_m":109.1,"strefa":"50-200 m","warstwa":"adresy"},"geometry":{"type":"Point","coordinates":[19.910444,49.882259]}},{"type":"Feature","properties":{"NUMER_PORZ":"724","KOD_POCZT":"32-445","NAZWA_GMI":"Myślenice","NAZWA_MSC":"Krzyszkowice","odleglosc_m":113.0,"strefa":"50-200 m","warstwa":"adresy"},"geometry":{"type":"Point","coordinates":[19.915893,49.88302]}},{"type":"Feature","properties":{"NUMER_PORZ":"358","KOD_POCZT":"32-445","NAZWA_GMI":"Myślenice","NAZWA_MSC":"Krzyszkowice","odleglosc_m":43.8,"strefa":"30-50 m","warstwa":"adresy"},"geometry":{"type":"Point","coordinates":[19.914584,49.88135]}},{"type":"Feature","properties":{"NUMER_PORZ":"210","KOD_POCZT":"32-445","NAZWA_GMI":"Myślenice","NAZWA_MSC":"Krzyszkowice","odleglosc_m":121.2,"strefa":"50-200 m","warstwa":"adresy"},"geometry":{"type":"Point","coordinates":[19.920672,49.880927]}},{"type":"Feature","properties":{"NUMER_PORZ":"597","KOD_POCZT":"32-445","NAZWA_GMI":"Myślenice","NAZWA_MSC":"Krzyszkowice","odleglosc_m":34.0,"strefa":"30-50 m","warstwa":"adresy"},"geometry":{"type":"Point","coordinates":[19.916362,49.881996]}},{"type":"Feature","properties":{"NUMER_PORZ":"749A","KOD_POCZT":"32-445","NAZWA_GMI":"Myślenice","NAZWA_MSC":"Krzyszkowice","odleglosc_m":0.0,"strefa":"w śladzie","warstwa":"adresy"},"geometry":{"type":"Point","coordinates":[19.910998,49.883454]}},{"type":"Feature","properties":{"NUMER_PORZ":"581","KOD_POCZT":"32-444","NAZWA_GMI":"Myślenice","NAZWA_MSC":"Głogoczów","odleglosc_m":0.0,"strefa":"w śladzie","warstwa":"adresy"},"geometry":{"type":"Point","coordinates":[19.889794,49.904425]}},{"type":"Feature","properties":{"NUMER_PORZ":"275","KOD_POCZT":"32-444","NAZWA_GMI":"Myślenice","NAZWA_MSC":"Głogoczów","odleglosc_m":29.6,"strefa":"20-30 m","warstwa":"adresy"},"geometry":{"type":"Point","coordinates":[19.885519,49.906234]}},{"type":"Feature","properties":{"NUMER_PORZ":"454","KOD_POCZT":"32-444","NAZWA_GMI":"Myślenice","NAZWA_MSC":"Głogoczów","odleglosc_m":0.0,"strefa":"w śladzie","warstwa":"adresy"},"geometry":{"type":"Point","coordinates":[19.887634,49.905733]}},{"type":"Feature","properties":{"NUMER_PORZ":"907","KOD_POCZT":"32-444","NAZWA_GMI":"Myślenice","NAZWA_MSC":"Głogoczów","odleglosc_m":128.6,"strefa":"50-200 m","warstwa":"adresy"},"geometry":{"type":"Point","coordinates":[19.865694,49.907805]}},{"type":"Feature","properties":{"NUMER_PORZ":"523","KOD_POCZT":"32-444","NAZWA_GMI":"Myślenice","NAZWA_MSC":"Głogoczów","odleglosc_m":18.6,"strefa":"0-20 m","warstwa":"adresy"},"geometry":{"type":"Point","coordinates":[19.877543,49.906911]}},{"type":"Feature","properties":{"NUMER_PORZ":"894","KOD_POCZT":"32-444","NAZWA_GMI":"Myślenice","NAZWA_MSC":"Głogoczów","odleglosc_m":98.2,"strefa":"50-200 m","warstwa":"adresy"},"geometry":{"type":"Point","coordinates":[19.869174,49.906571]}},{"type":"Feature","properties":{"NUMER_PORZ":"20","KOD_POCZT":"32-444","NAZWA_GMI":"Myślenice","NAZWA_MSC":"Głogoczów","odleglosc_m":184.3,"strefa":"50-200 m","warstwa":"adresy"},"geometry":{"type":"Point","coordinates":[19.892637,49.901213]}},{"type":"Feature","properties":{"NUMER_PORZ":"780","KOD_POCZT":"32-445","NAZWA_GMI":"Myślenice","NAZWA_MSC":"Krzyszkowice","odleglosc_m":165.6,"strefa":"50-200 m","warstwa":"adresy"},"geometry":{"type":"Point","coordinates":[19.899927,49.88932]}},{"type":"Feature","properties":{"NUMER_PORZ":"783","KOD_POCZT":"32-445","NAZWA_GMI":"Myślenice","NAZWA_MSC":"Krzyszkowice","odleglosc_m":176.1,"strefa":"50-200 m","warstwa":"adresy"},"geometry":{"type":"Point","coordinates":[19.920842,49.869634]}},{"type":"Feature","properties":{"NUMER_PORZ":"787","KOD_POCZT":"32-445","NAZWA_GMI":"Myślenice","NAZWA_MSC":"Krzyszkowice","odleglosc_m":183.0,"strefa":"50-200 m","warstwa":"adresy"},"geometry":{"type":"Point","coordinates":[19.908154,49.882229]}},{"type":"Feature","properties":{"NUMER_PORZ":"4A","KOD_POCZT":"32-445","NAZWA_GMI":"Myślenice","NAZWA_MSC":"Krzyszkowice","odleglosc_m":83.5,"strefa":"50-200 m","warstwa":"adresy"},"geometry":{"type":"Point","coordinates":[19.9201,49.880832]}},{"type":"Feature","properties":{"NUMER_PORZ":"315","KOD_POCZT":"32-400","NAZWA_GMI":"Myślenice","NAZWA_MSC":"Polanka","odleglosc_m":175.6,"strefa":"50-200 m","warstwa":"adresy"},"geometry":{"type":"Point","coordinates":[19.92351,49.855676]}},{"type":"Feature","properties":{"NUMER_PORZ":"150","KOD_POCZT":"32-444","NAZWA_GMI":"Myślenice","NAZWA_MSC":"Głogoczów","odleglosc_m":107.7,"strefa":"50-200 m","warstwa":"adresy"},"geometry":{"type":"Point","coordinates":[19.892277,49.911409]}},{"type":"Feature","properties":{"NUMER_PORZ":"112","KOD_POCZT":"32-444","NAZWA_GMI":"Myślenice","NAZWA_MSC":"Głogoczów","odleglosc_m":76.4,"strefa":"50-200 m","warstwa":"adresy"},"geometry":{"type":"Point","coordinates":[19.892429,49.889946]}},{"type":"Feature","properties":{"NUMER_PORZ":"185","KOD_POCZT":"32-444","NAZWA_GMI":"Myślenice","NAZWA_MSC":"Głogoczów","odleglosc_m":124.2,"strefa":"50-200 m","warstwa":"adresy"},"geometry":{"type":"Point","coordinates":[19.884459,49.907244]}},{"type":"Feature","properties":{"NUMER_PORZ":"506","KOD_POCZT":"32-444","NAZWA_GMI":"Myślenice","NAZWA_MSC":"Głogoczów","odleglosc_m":42.2,"strefa":"30-50 m","warstwa":"adresy"},"geometry":{"type":"Point","coordinates":[19.877597,49.906672]}},{"type":"Feature","properties":{"NUMER_PORZ":"94","KOD_POCZT":"32-444","NAZWA_GMI":"Myślenice","NAZWA_MSC":"Głogoczów","odleglosc_m":184.9,"strefa":"50-200 m","warstwa":"adresy"},"geometry":{"type":"Point","coordinates":[19.867912,49.909279]}},{"type":"Feature","properties":{"NUMER_PORZ":"569","KOD_POCZT":"32-444","NAZWA_GMI":"Myślenice","NAZWA_MSC":"Głogoczów","odleglosc_m":138.1,"strefa":"50-200 m","warstwa":"adresy"},"geometry":{"type":"Point","coordinates":[19.866465,49.908627]}},{"type":"Feature","properties":{"NUMER_PORZ":"348","KOD_POCZT":"32-445","NAZWA_GMI":"Myślenice","NAZWA_MSC":"Krzyszkowice","odleglosc_m":148.5,"strefa":"50-200 m","warstwa":"adresy"},"geometry":{"type":"Point","coordinates":[19.912824,49.880951]}},{"type":"Feature","properties":{"NUMER_PORZ":"314","KOD_POCZT":"32-400","NAZWA_GMI":"Myślenice","NAZWA_MSC":"Polanka","odleglosc_m":110.5,"strefa":"50-200 m","warstwa":"adresy"},"geometry":{"type":"Point","coordinates":[19.924438,49.855678]}},{"type":"Feature","properties":{"NUMER_PORZ":"789","KOD_POCZT":"32-445","NAZWA_GMI":"Myślenice","NAZWA_MSC":"Krzyszkowice","odleglosc_m":11.6,"strefa":"0-20 m","warstwa":"adresy"},"geometry":{"type":"Point","coordinates":[19.924105,49.868942]}},{"type":"Feature","properties":{"NUMER_PORZ":"544","KOD_POCZT":"32-444","NAZWA_GMI":"Myślenice","NAZWA_MSC":"Głogoczów","odleglosc_m":31.7,"strefa":"30-50 m","warstwa":"adresy"},"geometry":{"type":"Point","coordinates":[19.877186,49.906884]}},{"type":"Feature","properties":{"NUMER_PORZ":"365B","KOD_POCZT":"32-444","NAZWA_GMI":"Myślenice","NAZWA_MSC":"Głogoczów","odleglosc_m":42.3,"strefa":"30-50 m","warstwa":"adresy"},"geometry":{"type":"Point","coordinates":[19.890579,49.899539]}},{"type":"Feature","properties":{"NUMER_PORZ":"226","KOD_POCZT":"32-444","NAZWA_GMI":"Myślenice","NAZWA_MSC":"Głogoczów","odleglosc_m":196.3,"strefa":"50-200 m","warstwa":"adresy"},"geometry":{"type":"Point","coordinates":[19.892739,49.902728]}},{"type":"Feature","properties":{"NUMER_PORZ":"1006","KOD_POCZT":"32-444","NAZWA_GMI":"Myślenice","NAZWA_MSC":"Głogoczów","odleglosc_m":96.7,"strefa":"50-200 m","warstwa":"adresy"},"geometry":{"type":"Point","coordinates":[19.890192,49.891586]}},{"type":"Feature","properties":{"NUMER_PORZ":"904","KOD_POCZT":"32-444","NAZWA_GMI":"Myślenice","NAZWA_MSC":"Głogoczów","odleglosc_m":90.7,"strefa":"50-200 m","warstwa":"adresy"},"geometry":{"type":"Point","coordinates":[19.891241,49.90288]}},{"type":"Feature","properties":{"NUMER_PORZ":"834","KOD_POCZT":"32-444","NAZWA_GMI":"Myślenice","NAZWA_MSC":"Głogoczów","odleglosc_m":35.9,"strefa":"30-50 m","warstwa":"adresy"},"geometry":{"type":"Point","coordinates":[19.890668,49.908077]}},{"type":"Feature","properties":{"NUMER_PORZ":"270","KOD_POCZT":"32-445","NAZWA_GMI":"Myślenice","NAZWA_MSC":"Krzyszkowice","odleglosc_m":199.8,"strefa":"50-200 m","warstwa":"adresy"},"geometry":{"type":"Point","coordinates":[19.913157,49.880279]}},{"type":"Feature","properties":{"NUMER_PORZ":"547","KOD_POCZT":"32-445","NAZWA_GMI":"Myślenice","NAZWA_MSC":"Krzyszkowice","odleglosc_m":65.3,"strefa":"50-200 m","warstwa":"adresy"},"geometry":{"type":"Point","coordinates":[19.916777,49.882165]}},{"type":"Feature","properties":{"NUMER_PORZ":"726","KOD_POCZT":"32-445","NAZWA_GMI":"Myślenice","NAZWA_MSC":"Krzyszkowice","odleglosc_m":87.7,"strefa":"50-200 m","warstwa":"adresy"},"geometry":{"type":"Point","coordinates":[19.90771,49.88348]}},{"type":"Feature","properties":{"NUMER_PORZ":"51","KOD_POCZT":"32-445","NAZWA_GMI":"Myślenice","NAZWA_MSC":"Krzyszkowice","odleglosc_m":26.7,"strefa":"20-30 m","warstwa":"adresy"},"geometry":{"type":"Point","coordinates":[19.920589,49.879603]}},{"type":"Feature","properties":{"NUMER_PORZ":"1021","KOD_POCZT":"32-444","NAZWA_GMI":"Myślenice","NAZWA_MSC":"Głogoczów","odleglosc_m":6.7,"strefa":"0-20 m","warstwa":"adresy"},"geometry":{"type":"Point","coordinates":[19.876541,49.907358]}},{"type":"Feature","properties":{"NUMER_PORZ":"407","KOD_POCZT":"32-444","NAZWA_GMI":"Myślenice","NAZWA_MSC":"Głogoczów","odleglosc_m":164.7,"strefa":"50-200 m","warstwa":"adresy"},"geometry":{"type":"Point","coordinates":[19.886432,49.899659]}},{"type":"Feature","properties":{"NUMER_PORZ":"175","KOD_POCZT":"32-444","NAZWA_GMI":"Myślenice","NAZWA_MSC":"Głogoczów","odleglosc_m":49.8,"strefa":"30-50 m","warstwa":"adresy"},"geometry":{"type":"Point","coordinates":[19.891188,49.909353]}},{"type":"Feature","properties":{"NUMER_PORZ":"145","KOD_POCZT":"32-444","NAZWA_GMI":"Myślenice","NAZWA_MSC":"Głogoczów","odleglosc_m":48.4,"strefa":"30-50 m","warstwa":"adresy"},"geometry":{"type":"Point","coordinates":[19.890784,49.900218]}},{"type":"Feature","properties":{"NUMER_PORZ":"291","KOD_POCZT":"32-444","NAZWA_GMI":"Myślenice","NAZWA_MSC":"Głogoczów","odleglosc_m":133.4,"strefa":"50-200 m","warstwa":"adresy"},"geometry":{"type":"Point","coordinates":[19.892039,49.907741]}},{"type":"Feature","properties":{"NUMER_PORZ":"114","KOD_POCZT":"32-444","NAZWA_GMI":"Myślenice","NAZWA_MSC":"Głogoczów","odleglosc_m":71.5,"strefa":"50-200 m","warstwa":"adresy"},"geometry":{"type":"Point","coordinates":[19.891449,49.890779]}},{"type":"Feature","properties":{"NUMER_PORZ":"110","KOD_POCZT":"32-444","NAZWA_GMI":"Myślenice","NAZWA_MSC":"Głogoczów","odleglosc_m":1.0,"strefa":"0-20 m","warstwa":"adresy"},"geometry":{"type":"Point","coordinates":[19.890157,49.900394]}},{"type":"Feature","properties":{"NUMER_PORZ":"905","KOD_POCZT":"32-444","NAZWA_GMI":"Myślenice","NAZWA_MSC":"Głogoczów","odleglosc_m":114.5,"strefa":"50-200 m","warstwa":"adresy"},"geometry":{"type":"Point","coordinates":[19.891544,49.903062]}},{"type":"Feature","properties":{"NUMER_PORZ":"593","KOD_POCZT":"32-445","NAZWA_GMI":"Myślenice","NAZWA_MSC":"Krzyszkowice","odleglosc_m":173.1,"strefa":"50-200 m","warstwa":"adresy"},"geometry":{"type":"Point","coordinates":[19.91075,49.881536]}},{"type":"Feature","properties":{"NUMER_PORZ":"787","KOD_POCZT":"32-444","NAZWA_GMI":"Myślenice","NAZWA_MSC":"Głogoczów","odleglosc_m":56.9,"strefa":"50-200 m","warstwa":"adresy"},"geometry":{"type":"Point","coordinates":[19.891053,49.904648]}},{"type":"Feature","properties":{"NUMER_PORZ":"867","KOD_POCZT":"32-444","NAZWA_GMI":"Myślenice","NAZWA_MSC":"Głogoczów","odleglosc_m":82.4,"strefa":"50-200 m","warstwa":"adresy"},"geometry":{"type":"Point","coordinates":[19.891311,49.906687]}},{"type":"Feature","properties":{"NUMER_PORZ":"336","KOD_POCZT":"32-444","NAZWA_GMI":"Myślenice","NAZWA_MSC":"Głogoczów","odleglosc_m":61.1,"strefa":"50-200 m","warstwa":"adresy"},"geometry":{"type":"Point","coordinates":[19.891036,49.903923]}},{"type":"Feature","properties":{"NUMER_PORZ":"165","KOD_POCZT":"32-444","NAZWA_GMI":"Myślenice","NAZWA_MSC":"Głogoczów","odleglosc_m":35.4,"strefa":"30-50 m","warstwa":"adresy"},"geometry":{"type":"Point","coordinates":[19.871458,49.908189]}},{"type":"Feature","properties":{"NUMER_PORZ":"908","KOD_POCZT":"32-444","NAZWA_GMI":"Myślenice","NAZWA_MSC":"Głogoczów","odleglosc_m":8.6,"strefa":"0-20 m","warstwa":"adresy"},"geometry":{"type":"Point","coordinates":[19.876521,49.907854]}},{"type":"Feature","properties":{"NUMER_PORZ":"999","KOD_POCZT":"32-444","NAZWA_GMI":"Myślenice","NAZWA_MSC":"Głogoczów","odleglosc_m":166.7,"strefa":"50-200 m","warstwa":"adresy"},"geometry":{"type":"Point","coordinates":[19.892501,49.907895]}},{"type":"Feature","properties":{"NUMER_PORZ":"788","KOD_POCZT":"32-444","NAZWA_GMI":"Myślenice","NAZWA_MSC":"Głogoczów","odleglosc_m":39.3,"strefa":"30-50 m","warstwa":"adresy"},"geometry":{"type":"Point","coordinates":[19.891016,49.908995]}},{"type":"Feature","properties":{"NUMER_PORZ":"341","KOD_POCZT":"32-444","NAZWA_GMI":"Myślenice","NAZWA_MSC":"Głogoczów","odleglosc_m":100.8,"strefa":"50-200 m","warstwa":"adresy"},"geometry":{"type":"Point","coordinates":[19.867829,49.908511]}},{"type":"Feature","properties":{"NUMER_PORZ":"364","KOD_POCZT":"32-444","NAZWA_GMI":"Myślenice","NAZWA_MSC":"Głogoczów","odleglosc_m":110.3,"strefa":"50-200 m","warstwa":"adresy"},"geometry":{"type":"Point","coordinates":[19.881982,49.905064]}},{"type":"Feature","properties":{"NUMER_PORZ":"590","KOD_POCZT":"32-444","NAZWA_GMI":"Myślenice","NAZWA_MSC":"Głogoczów","odleglosc_m":0.0,"strefa":"w śladzie","warstwa":"adresy"},"geometry":{"type":"Point","coordinates":[19.887071,49.905669]}},{"type":"Feature","properties":{"NUMER_PORZ":"694","KOD_POCZT":"32-444","NAZWA_GMI":"Myślenice","NAZWA_MSC":"Głogoczów","odleglosc_m":0.0,"strefa":"w śladzie","warstwa":"adresy"},"geometry":{"type":"Point","coordinates":[19.886078,49.905893]}},{"type":"Feature","properties":{"NUMER_PORZ":"509","KOD_POCZT":"32-444","NAZWA_GMI":"Myślenice","NAZWA_MSC":"Głogoczów","odleglosc_m":58.6,"strefa":"50-200 m","warstwa":"adresy"},"geometry":{"type":"Point","coordinates":[19.877175,49.906621]}},{"type":"Feature","properties":{"NUMER_PORZ":"482","KOD_POCZT":"32-444","NAZWA_GMI":"Myślenice","NAZWA_MSC":"Głogoczów","odleglosc_m":0.0,"strefa":"w śladzie","warstwa":"adresy"},"geometry":{"type":"Point","coordinates":[19.889301,49.899494]}},{"type":"Feature","properties":{"NUMER_PORZ":"269","KOD_POCZT":"32-444","NAZWA_GMI":"Myślenice","NAZWA_MSC":"Głogoczów","odleglosc_m":0.0,"strefa":"w śladzie","warstwa":"adresy"},"geometry":{"type":"Point","coordinates":[19.889181,49.9046]}},{"type":"Feature","properties":{"NUMER_PORZ":"151","KOD_POCZT":"32-444","NAZWA_GMI":"Myślenice","NAZWA_MSC":"Głogoczów","odleglosc_m":0.0,"strefa":"w śladzie","warstwa":"adresy"},"geometry":{"type":"Point","coordinates":[19.890427,49.911413]}},{"type":"Feature","properties":{"NUMER_PORZ":"152","KOD_POCZT":"32-444","NAZWA_GMI":"Myślenice","NAZWA_MSC":"Głogoczów","odleglosc_m":151.5,"strefa":"50-200 m","warstwa":"adresy"},"geometry":{"type":"Point","coordinates":[19.887414,49.912445]}},{"type":"Feature","properties":{"NUMER_PORZ":"619","KOD_POCZT":"32-444","NAZWA_GMI":"Myślenice","NAZWA_MSC":"Głogoczów","odleglosc_m":162.8,"strefa":"50-200 m","warstwa":"adresy"},"geometry":{"type":"Point","coordinates":[19.872902,49.90622]}},{"type":"Feature","properties":{"NUMER_PORZ":"995","KOD_POCZT":"32-444","NAZWA_GMI":"Myślenice","NAZWA_MSC":"Głogoczów","odleglosc_m":33.3,"strefa":"30-50 m","warstwa":"adresy"},"geometry":{"type":"Point","coordinates":[19.883693,49.906508]}},{"type":"Feature","properties":{"NUMER_PORZ":"146","KOD_POCZT":"32-444","NAZWA_GMI":"Myślenice","NAZWA_MSC":"Głogoczów","odleglosc_m":13.5,"strefa":"0-20 m","warstwa":"adresy"},"geometry":{"type":"Point","coordinates":[19.891872,49.891289]}},{"type":"Feature","properties":{"NUMER_PORZ":"257","KOD_POCZT":"32-444","NAZWA_GMI":"Myślenice","NAZWA_MSC":"Głogoczów","odleglosc_m":70.9,"strefa":"50-200 m","warstwa":"adresy"},"geometry":{"type":"Point","coordinates":[19.867059,49.908148]}},{"type":"Feature","properties":{"NUMER_PORZ":"181","KOD_POCZT":"32-444","NAZWA_GMI":"Myślenice","NAZWA_MSC":"Głogoczów","odleglosc_m":98.5,"strefa":"50-200 m","warstwa":"adresy"},"geometry":{"type":"Point","coordinates":[19.867092,49.908421]}},{"type":"Feature","properties":{"NUMER_PORZ":"488","KOD_POCZT":"32-444","NAZWA_GMI":"Myślenice","NAZWA_MSC":"Głogoczów","odleglosc_m":61.9,"strefa":"50-200 m","warstwa":"adresy"},"geometry":{"type":"Point","coordinates":[19.888054,49.898187]}},{"type":"Feature","properties":{"NUMER_PORZ":"48A","KOD_POCZT":"32-445","NAZWA_GMI":"Myślenice","NAZWA_MSC":"Krzyszkowice","odleglosc_m":35.7,"strefa":"30-50 m","warstwa":"adresy"},"geometry":{"type":"Point","coordinates":[19.92151,49.877003]}},{"type":"Feature","properties":{"NUMER_PORZ":"407","KOD_POCZT":"32-445","NAZWA_GMI":"Myślenice","NAZWA_MSC":"Krzyszkowice","odleglosc_m":0.0,"strefa":"w śladzie","warstwa":"adresy"},"geometry":{"type":"Point","coordinates":[19.915242,49.881735]}},{"type":"Feature","properties":{"NUMER_PORZ":"496","KOD_POCZT":"32-444","NAZWA_GMI":"Myślenice","NAZWA_MSC":"Głogoczów","odleglosc_m":122.0,"strefa":"50-200 m","warstwa":"adresy"},"geometry":{"type":"Point","coordinates":[19.876878,49.906082]}},{"type":"Feature","properties":{"NUMER_PORZ":"657","KOD_POCZT":"32-444","NAZWA_GMI":"Myślenice","NAZWA_MSC":"Głogoczów","odleglosc_m":24.1,"strefa":"20-30 m","warstwa":"adresy"},"geometry":{"type":"Point","coordinates":[19.876987,49.907879]}},{"type":"Feature","properties":{"NUMER_PORZ":"722","KOD_POCZT":"32-444","NAZWA_GMI":"Myślenice","NAZWA_MSC":"Głogoczów","odleglosc_m":83.1,"strefa":"50-200 m","warstwa":"adresy"},"geometry":{"type":"Point","coordinates":[19.891173,49.899587]}},{"type":"Feature","properties":{"NUMER_PORZ":"147","KOD_POCZT":"32-444","NAZWA_GMI":"Myślenice","NAZWA_MSC":"Głogoczów","odleglosc_m":0.0,"strefa":"w śladzie","warstwa":"adresy"},"geometry":{"type":"Point","coordinates":[19.889341,49.897497]}},{"type":"Feature","properties":{"NUMER_PORZ":"597","KOD_POCZT":"32-444","NAZWA_GMI":"Myślenice","NAZWA_MSC":"Głogoczów","odleglosc_m":56.8,"strefa":"50-200 m","warstwa":"adresy"},"geometry":{"type":"Point","coordinates":[19.867771,49.906838]}},{"type":"Feature","properties":{"NUMER_PORZ":"150A","KOD_POCZT":"32-444","NAZWA_GMI":"Myślenice","NAZWA_MSC":"Głogoczów","odleglosc_m":92.0,"strefa":"50-200 m","warstwa":"adresy"},"geometry":{"type":"Point","coordinates":[19.891937,49.911136]}},{"type":"Feature","properties":{"NUMER_PORZ":"147","KOD_POCZT":"32-445","NAZWA_GMI":"Myślenice","NAZWA_MSC":"Krzyszkowice","odleglosc_m":122.5,"strefa":"50-200 m","warstwa":"adresy"},"geometry":{"type":"Point","coordinates":[19.925315,49.876565]}},{"type":"Feature","properties":{"NUMER_PORZ":"726A","KOD_POCZT":"32-445","NAZWA_GMI":"Myślenice","NAZWA_MSC":"Krzyszkowice","odleglosc_m":87.7,"strefa":"50-200 m","warstwa":"adresy"},"geometry":{"type":"Point","coordinates":[19.907646,49.883511]}},{"type":"Feature","properties":{"NUMER_PORZ":"446","KOD_POCZT":"32-445","NAZWA_GMI":"Myślenice","NAZWA_MSC":"Krzyszkowice","odleglosc_m":10.7,"strefa":"0-20 m","warstwa":"adresy"},"geometry":{"type":"Point","coordinates":[19.915594,49.882049]}},{"type":"Feature","properties":{"NUMER_PORZ":"767","KOD_POCZT":"32-445","NAZWA_GMI":"Myślenice","NAZWA_MSC":"Krzyszkowice","odleglosc_m":196.0,"strefa":"50-200 m","warstwa":"adresy"},"geometry":{"type":"Point","coordinates":[19.911908,49.880821]}},{"type":"Feature","properties":{"NUMER_PORZ":"769","KOD_POCZT":"32-445","NAZWA_GMI":"Myślenice","NAZWA_MSC":"Krzyszkowice","odleglosc_m":122.1,"strefa":"50-200 m","warstwa":"adresy"},"geometry":{"type":"Point","coordinates":[19.925394,49.867712]}},{"type":"Feature","properties":{"NUMER_PORZ":"770","KOD_POCZT":"32-445","NAZWA_GMI":"Myślenice","NAZWA_MSC":"Krzyszkowice","odleglosc_m":154.0,"strefa":"50-200 m","warstwa":"adresy"},"geometry":{"type":"Point","coordinates":[19.92581,49.867553]}},{"type":"Feature","properties":{"NUMER_PORZ":"306","KOD_POCZT":"32-444","NAZWA_GMI":"Myślenice","NAZWA_MSC":"Głogoczów","odleglosc_m":64.7,"strefa":"50-200 m","warstwa":"adresy"},"geometry":{"type":"Point","coordinates":[19.874343,49.906908]}},{"type":"Feature","properties":{"NUMER_PORZ":"678","KOD_POCZT":"32-444","NAZWA_GMI":"Myślenice","NAZWA_MSC":"Głogoczów","odleglosc_m":15.1,"strefa":"0-20 m","warstwa":"adresy"},"geometry":{"type":"Point","coordinates":[19.874228,49.907527]}},{"type":"Feature","properties":{"NUMER_PORZ":"71","KOD_POCZT":"32-444","NAZWA_GMI":"Myślenice","NAZWA_MSC":"Głogoczów","odleglosc_m":0.0,"strefa":"w śladzie","warstwa":"adresy"},"geometry":{"type":"Point","coordinates":[19.882709,49.906079]}},{"type":"Feature","properties":{"NUMER_PORZ":"190","KOD_POCZT":"32-444","NAZWA_GMI":"Myślenice","NAZWA_MSC":"Głogoczów","odleglosc_m":28.7,"strefa":"20-30 m","warstwa":"adresy"},"geometry":{"type":"Point","coordinates":[19.89079,49.910107]}},{"type":"Feature","properties":{"NUMER_PORZ":"1053","KOD_POCZT":"32-444","NAZWA_GMI":"Myślenice","NAZWA_MSC":"Głogoczów","odleglosc_m":177.2,"strefa":"50-200 m","warstwa":"adresy"},"geometry":{"type":"Point","coordinates":[19.892503,49.903265]}},{"type":"Feature","properties":{"NUMER_PORZ":"194","KOD_POCZT":"32-444","NAZWA_GMI":"Myślenice","NAZWA_MSC":"Głogoczów","odleglosc_m":125.3,"strefa":"50-200 m","warstwa":"adresy"},"geometry":{"type":"Point","coordinates":[19.885878,49.904221]}},{"type":"Feature","properties":{"NUMER_PORZ":"150B","KOD_POCZT":"32-444","NAZWA_GMI":"Myślenice","NAZWA_MSC":"Głogoczów","odleglosc_m":125.0,"strefa":"50-200 m","warstwa":"adresy"},"geometry":{"type":"Point","coordinates":[19.892417,49.911131]}},{"type":"Feature","properties":{"NUMER_PORZ":"303","KOD_POCZT":"32-445","NAZWA_GMI":"Myślenice","NAZWA_MSC":"Krzyszkowice","odleglosc_m":10.3,"strefa":"0-20 m","warstwa":"adresy"},"geometry":{"type":"Point","coordinates":[19.923904,49.876124]}},{"type":"Feature","properties":{"NUMER_PORZ":"526","KOD_POCZT":"32-445","NAZWA_GMI":"Myślenice","NAZWA_MSC":"Krzyszkowice","odleglosc_m":178.8,"strefa":"50-200 m","warstwa":"adresy"},"geometry":{"type":"Point","coordinates":[19.926341,49.876128]}},{"type":"Feature","properties":{"NUMER_PORZ":"756C","KOD_POCZT":"32-445","NAZWA_GMI":"Myślenice","NAZWA_MSC":"Krzyszkowice","odleglosc_m":196.4,"strefa":"50-200 m","warstwa":"adresy"},"geometry":{"type":"Point","coordinates":[19.92645,49.867742]}},{"type":"Feature","properties":{"NUMER_PORZ":"752","KOD_POCZT":"32-444","NAZWA_GMI":"Myślenice","NAZWA_MSC":"Głogoczów","odleglosc_m":189.8,"strefa":"50-200 m","warstwa":"adresy"},"geometry":{"type":"Point","coordinates":[19.892731,49.899986]}},{"type":"Feature","properties":{"NUMER_PORZ":"478","KOD_POCZT":"32-444","NAZWA_GMI":"Myślenice","NAZWA_MSC":"Głogoczów","odleglosc_m":96.6,"strefa":"50-200 m","warstwa":"adresy"},"geometry":{"type":"Point","coordinates":[19.878036,49.906068]}},{"type":"Feature","properties":{"NUMER_PORZ":"864","KOD_POCZT":"32-444","NAZWA_GMI":"Myślenice","NAZWA_MSC":"Głogoczów","odleglosc_m":141.6,"strefa":"50-200 m","warstwa":"adresy"},"geometry":{"type":"Point","coordinates":[19.892047,49.901133]}},{"type":"Feature","properties":{"NUMER_PORZ":"328","KOD_POCZT":"32-444","NAZWA_GMI":"Myślenice","NAZWA_MSC":"Głogoczów","odleglosc_m":155.0,"strefa":"50-200 m","warstwa":"adresy"},"geometry":{"type":"Point","coordinates":[19.867886,49.909006]}},{"type":"Feature","properties":{"NUMER_PORZ":"113","KOD_POCZT":"32-444","NAZWA_GMI":"Myślenice","NAZWA_MSC":"Głogoczów","odleglosc_m":0.0,"strefa":"w śladzie","warstwa":"adresy"},"geometry":{"type":"Point","coordinates":[19.892976,49.890922]}},{"type":"Feature","properties":{"NUMER_PORZ":"145A","KOD_POCZT":"32-444","NAZWA_GMI":"Myślenice","NAZWA_MSC":"Głogoczów","odleglosc_m":45.7,"strefa":"30-50 m","warstwa":"adresy"},"geometry":{"type":"Point","coordinates":[19.890776,49.900344]}},{"type":"Feature","properties":{"NUMER_PORZ":"781","KOD_POCZT":"32-444","NAZWA_GMI":"Myślenice","NAZWA_MSC":"Głogoczów","odleglosc_m":0.0,"strefa":"w śladzie","warstwa":"adresy"},"geometry":{"type":"Point","coordinates":[19.889333,49.899921]}},{"type":"Feature","properties":{"NUMER_PORZ":"235","KOD_POCZT":"32-444","NAZWA_GMI":"Myślenice","NAZWA_MSC":"Głogoczów","odleglosc_m":0.0,"strefa":"w śladzie","warstwa":"adresy"},"geometry":{"type":"Point","coordinates":[19.889069,49.899717]}},{"type":"Feature","properties":{"NUMER_PORZ":"768","KOD_POCZT":"32-444","NAZWA_GMI":"Myślenice","NAZWA_MSC":"Głogoczów","odleglosc_m":120.8,"strefa":"50-200 m","warstwa":"adresy"},"geometry":{"type":"Point","coordinates":[19.891858,49.907967]}},{"type":"Feature","properties":{"NUMER_PORZ":"492","KOD_POCZT":"32-444","NAZWA_GMI":"Myślenice","NAZWA_MSC":"Głogoczów","odleglosc_m":0.8,"strefa":"0-20 m","warstwa":"adresy"},"geometry":{"type":"Point","coordinates":[19.890088,49.899926]}},{"type":"Feature","properties":{"NUMER_PORZ":"893","KOD_POCZT":"32-444","NAZWA_GMI":"Myślenice","NAZWA_MSC":"Głogoczów","odleglosc_m":122.3,"strefa":"50-200 m","warstwa":"adresy"},"geometry":{"type":"Point","coordinates":[19.891717,49.902644]}},{"type":"Feature","properties":{"NUMER_PORZ":"231","KOD_POCZT":"32-444","NAZWA_GMI":"Myślenice","NAZWA_MSC":"Głogoczów","odleglosc_m":16.9,"strefa":"0-20 m","warstwa":"adresy"},"geometry":{"type":"Point","coordinates":[19.890474,49.904289]}},{"type":"Feature","properties":{"NUMER_PORZ":"336A","KOD_POCZT":"32-444","NAZWA_GMI":"Myślenice","NAZWA_MSC":"Głogoczów","odleglosc_m":91.4,"strefa":"50-200 m","warstwa":"adresy"},"geometry":{"type":"Point","coordinates":[19.891403,49.90366]}},{"type":"Feature","properties":{"NUMER_PORZ":"782","KOD_POCZT":"32-444","NAZWA_GMI":"Myślenice","NAZWA_MSC":"Głogoczów","odleglosc_m":0.0,"strefa":"w śladzie","warstwa":"adresy"},"geometry":{"type":"Point","coordinates":[19.889801,49.900173]}},{"type":"Feature","properties":{"NUMER_PORZ":"524","KOD_POCZT":"32-444","NAZWA_GMI":"Myślenice","NAZWA_MSC":"Głogoczów","odleglosc_m":68.0,"strefa":"50-200 m","warstwa":"adresy"},"geometry":{"type":"Point","coordinates":[19.877526,49.906431]}},{"type":"Feature","properties":{"NUMER_PORZ":"437","KOD_POCZT":"32-444","NAZWA_GMI":"Myślenice","NAZWA_MSC":"Głogoczów","odleglosc_m":95.6,"strefa":"50-200 m","warstwa":"adresy"},"geometry":{"type":"Point","coordinates":[19.877414,49.908462]}},{"type":"Feature","properties":{"NUMER_PORZ":"161","KOD_POCZT":"32-444","NAZWA_GMI":"Myślenice","NAZWA_MSC":"Głogoczów","odleglosc_m":168.5,"strefa":"50-200 m","warstwa":"adresy"},"geometry":{"type":"Point","coordinates":[19.878107,49.909059]}},{"type":"Feature","properties":{"NUMER_PORZ":"868","KOD_POCZT":"32-444","NAZWA_GMI":"Myślenice","NAZWA_MSC":"Głogoczów","odleglosc_m":50.3,"strefa":"50-200 m","warstwa":"adresy"},"geometry":{"type":"Point","coordinates":[19.888104,49.897815]}},{"type":"Feature","properties":{"NUMER_PORZ":"960","KOD_POCZT":"32-444","NAZWA_GMI":"Myślenice","NAZWA_MSC":"Głogoczów","odleglosc_m":134.7,"strefa":"50-200 m","warstwa":"adresy"},"geometry":{"type":"Point","coordinates":[19.889857,49.891285]}},{"type":"Feature","properties":{"NUMER_PORZ":"817","KOD_POCZT":"32-444","NAZWA_GMI":"Myślenice","NAZWA_MSC":"Głogoczów","odleglosc_m":117.9,"strefa":"50-200 m","warstwa":"adresy"},"geometry":{"type":"Point","coordinates":[19.890102,49.891316]}},{"type":"Feature","properties":{"NUMER_PORZ":"475","KOD_POCZT":"32-445","NAZWA_GMI":"Myślenice","NAZWA_MSC":"Krzyszkowice","odleglosc_m":128.0,"strefa":"50-200 m","warstwa":"adresy"},"geometry":{"type":"Point","coordinates":[19.914108,49.880657]}},{"type":"Feature","properties":{"NUMER_PORZ":"120","KOD_POCZT":"32-444","NAZWA_GMI":"Myślenice","NAZWA_MSC":"Głogoczów","odleglosc_m":165.7,"strefa":"50-200 m","warstwa":"adresy"},"geometry":{"type":"Point","coordinates":[19.889319,49.891322]}},{"type":"Feature","properties":{"NUMER_PORZ":"365A","KOD_POCZT":"32-444","NAZWA_GMI":"Myślenice","NAZWA_MSC":"Głogoczów","odleglosc_m":21.8,"strefa":"20-30 m","warstwa":"adresy"},"geometry":{"type":"Point","coordinates":[19.890293,49.899557]}},{"type":"Feature","properties":{"NUMER_PORZ":"365","KOD_POCZT":"32-444","NAZWA_GMI":"Myślenice","NAZWA_MSC":"Głogoczów","odleglosc_m":4.1,"strefa":"0-20 m","warstwa":"adresy"},"geometry":{"type":"Point","coordinates":[19.890032,49.899535]}},{"type":"Feature","properties":{"NUMER_PORZ":"216","KOD_POCZT":"32-444","NAZWA_GMI":"Myślenice","NAZWA_MSC":"Głogoczów","odleglosc_m":72.9,"strefa":"50-200 m","warstwa":"adresy"},"geometry":{"type":"Point","coordinates":[19.87236,49.908568]}},{"type":"Feature","properties":{"NUMER_PORZ":"793","KOD_POCZT":"32-444","NAZWA_GMI":"Myślenice","NAZWA_MSC":"Głogoczów","odleglosc_m":194.4,"strefa":"50-200 m","warstwa":"adresy"},"geometry":{"type":"Point","coordinates":[19.892989,49.90831]}},{"type":"Feature","properties":{"NUMER_PORZ":"508","KOD_POCZT":"32-444","NAZWA_GMI":"Myślenice","NAZWA_MSC":"Głogoczów","odleglosc_m":7.4,"strefa":"0-20 m","warstwa":"adresy"},"geometry":{"type":"Point","coordinates":[19.877485,49.907654]}},{"type":"Feature","properties":{"NUMER_PORZ":"693A","KOD_POCZT":"32-445","NAZWA_GMI":"Myślenice","NAZWA_MSC":"Krzyszkowice","odleglosc_m":4.1,"strefa":"0-20 m","warstwa":"adresy"},"geometry":{"type":"Point","coordinates":[19.923187,49.869289]}},{"type":"Feature","properties":{"NUMER_PORZ":"412A","KOD_POCZT":"32-445","NAZWA_GMI":"Myślenice","NAZWA_MSC":"Krzyszkowice","odleglosc_m":111.9,"strefa":"50-200 m","warstwa":"adresy"},"geometry":{"type":"Point","coordinates":[19.906616,49.883664]}},{"type":"Feature","properties":{"NUMER_PORZ":"121","KOD_POCZT":"32-444","NAZWA_GMI":"Myślenice","NAZWA_MSC":"Głogoczów","odleglosc_m":34.9,"strefa":"30-50 m","warstwa":"adresy"},"geometry":{"type":"Point","coordinates":[19.891663,49.891146]}},{"type":"Feature","properties":{"NUMER_PORZ":"288","KOD_POCZT":"32-444","NAZWA_GMI":"Myślenice","NAZWA_MSC":"Głogoczów","odleglosc_m":164.2,"strefa":"50-200 m","warstwa":"adresy"},"geometry":{"type":"Point","coordinates":[19.895035,49.891666]}},{"type":"Feature","properties":{"NUMER_PORZ":"86A","KOD_POCZT":"32-444","NAZWA_GMI":"Myślenice","NAZWA_MSC":"Głogoczów","odleglosc_m":172.0,"strefa":"50-200 m","warstwa":"adresy"},"geometry":{"type":"Point","coordinates":[19.8937,49.892972]}},{"type":"Feature","properties":{"NUMER_PORZ":"203","KOD_POCZT":"32-444","NAZWA_GMI":"Myślenice","NAZWA_MSC":"Głogoczów","odleglosc_m":113.2,"strefa":"50-200 m","warstwa":"adresy"},"geometry":{"type":"Point","coordinates":[19.892967,49.892736]}},{"type":"Feature","properties":{"NUMER_PORZ":"86","KOD_POCZT":"32-444","NAZWA_GMI":"Myślenice","NAZWA_MSC":"Głogoczów","odleglosc_m":141.8,"strefa":"50-200 m","warstwa":"adresy"},"geometry":{"type":"Point","coordinates":[19.893492,49.892669]}},{"type":"Feature","properties":{"NUMER_PORZ":"550","KOD_POCZT":"32-444","NAZWA_GMI":"Myślenice","NAZWA_MSC":"Głogoczów","odleglosc_m":0.0,"strefa":"w śladzie","warstwa":"adresy"},"geometry":{"type":"Point","coordinates":[19.877537,49.9073]}},{"type":"Feature","properties":{"NUMER_PORZ":"1019","KOD_POCZT":"32-444","NAZWA_GMI":"Myślenice","NAZWA_MSC":"Głogoczów","odleglosc_m":155.1,"strefa":"50-200 m","warstwa":"adresy"},"geometry":{"type":"Point","coordinates":[19.892816,49.911049]}},{"type":"Feature","properties":{"NUMER_PORZ":"1055","KOD_POCZT":"32-444","NAZWA_GMI":"Myślenice","NAZWA_MSC":"Głogoczów","odleglosc_m":60.8,"strefa":"50-200 m","warstwa":"adresy"},"geometry":{"type":"Point","coordinates":[19.88768,49.904632]}},{"type":"Feature","properties":{"NUMER_PORZ":"1054","KOD_POCZT":"32-444","NAZWA_GMI":"Myślenice","NAZWA_MSC":"Głogoczów","odleglosc_m":122.0,"strefa":"50-200 m","warstwa":"adresy"},"geometry":{"type":"Point","coordinates":[19.869133,49.906352]}},{"type":"Feature","properties":{"NUMER_PORZ":"463","KOD_POCZT":"32-444","NAZWA_GMI":"Myślenice","NAZWA_MSC":"Głogoczów","odleglosc_m":177.9,"strefa":"50-200 m","warstwa":"adresy"},"geometry":{"type":"Point","coordinates":[19.88632,49.897567]}},{"type":"Feature","properties":{"NUMER_PORZ":"791","KOD_POCZT":"32-444","NAZWA_GMI":"Myślenice","NAZWA_MSC":"Głogoczów","odleglosc_m":159.2,"strefa":"50-200 m","warstwa":"adresy"},"geometry":{"type":"Point","coordinates":[19.866121,49.908707]}},{"type":"Feature","properties":{"NUMER_PORZ":"149","KOD_POCZT":"32-444","NAZWA_GMI":"Myślenice","NAZWA_MSC":"Głogoczów","odleglosc_m":135.5,"strefa":"50-200 m","warstwa":"adresy"},"geometry":{"type":"Point","coordinates":[19.89235,49.909599]}},{"type":"Feature","properties":{"NUMER_PORZ":"852","KOD_POCZT":"32-444","NAZWA_GMI":"Myślenice","NAZWA_MSC":"Głogoczów","odleglosc_m":0.0,"strefa":"w śladzie","warstwa":"adresy"},"geometry":{"type":"Point","coordinates":[19.889715,49.911483]}},{"type":"Feature","properties":{"NUMER_PORZ":"714","KOD_POCZT":"32-444","NAZWA_GMI":"Myślenice","NAZWA_MSC":"Głogoczów","odleglosc_m":105.5,"strefa":"50-200 m","warstwa":"adresy"},"geometry":{"type":"Point","coordinates":[19.877338,49.90611]}},{"type":"Feature","properties":{"NUMER_PORZ":"495","KOD_POCZT":"32-444","NAZWA_GMI":"Myślenice","NAZWA_MSC":"Głogoczów","odleglosc_m":166.7,"strefa":"50-200 m","warstwa":"adresy"},"geometry":{"type":"Point","coordinates":[19.867344,49.90907]}},{"type":"Feature","properties":{"NUMER_PORZ":"1019A","KOD_POCZT":"32-444","NAZWA_GMI":"Myślenice","NAZWA_MSC":"Głogoczów","odleglosc_m":85.1,"strefa":"50-200 m","warstwa":"adresy"},"geometry":{"type":"Point","coordinates":[19.891569,49.910378]}},{"type":"Feature","properties":{"NUMER_PORZ":"813","KOD_POCZT":"32-444","NAZWA_GMI":"Myślenice","NAZWA_MSC":"Głogoczów","odleglosc_m":26.6,"strefa":"20-30 m","warstwa":"adresy"},"geometry":{"type":"Point","coordinates":[19.884885,49.906281]}},{"type":"Feature","properties":{"NUMER_PORZ":"773","KOD_POCZT":"32-444","NAZWA_GMI":"Myślenice","NAZWA_MSC":"Głogoczów","odleglosc_m":13.2,"strefa":"0-20 m","warstwa":"adresy"},"geometry":{"type":"Point","coordinates":[19.890652,49.909815]}},{"type":"Feature","properties":{"NUMER_PORZ":"986","KOD_POCZT":"32-444","NAZWA_GMI":"Myślenice","NAZWA_MSC":"Głogoczów","odleglosc_m":77.6,"strefa":"50-200 m","warstwa":"adresy"},"geometry":{"type":"Point","coordinates":[19.867959,49.906664]}},{"type":"Feature","properties":{"NUMER_PORZ":"207","KOD_POCZT":"32-444","NAZWA_GMI":"Myślenice","NAZWA_MSC":"Głogoczów","odleglosc_m":113.8,"strefa":"50-200 m","warstwa":"adresy"},"geometry":{"type":"Point","coordinates":[19.877506,49.908619]}},{"type":"Feature","properties":{"NUMER_PORZ":"589","KOD_POCZT":"32-444","NAZWA_GMI":"Myślenice","NAZWA_MSC":"Głogoczów","odleglosc_m":103.5,"strefa":"50-200 m","warstwa":"adresy"},"geometry":{"type":"Point","coordinates":[19.88712,49.90429]}},{"type":"Feature","properties":{"NUMER_PORZ":"255","KOD_POCZT":"32-444","NAZWA_GMI":"Myślenice","NAZWA_MSC":"Głogoczów","odleglosc_m":9.4,"strefa":"0-20 m","warstwa":"adresy"},"geometry":{"type":"Point","coordinates":[19.890391,49.904548]}},{"type":"Feature","properties":{"NUMER_PORZ":"634","KOD_POCZT":"32-444","NAZWA_GMI":"Myślenice","NAZWA_MSC":"Głogoczów","odleglosc_m":130.5,"strefa":"50-200 m","warstwa":"adresy"},"geometry":{"type":"Point","coordinates":[19.891913,49.900075]}},{"type":"Feature","properties":{"NUMER_PORZ":"949","KOD_POCZT":"32-444","NAZWA_GMI":"Myślenice","NAZWA_MSC":"Głogoczów","odleglosc_m":81.3,"strefa":"50-200 m","warstwa":"adresy"},"geometry":{"type":"Point","coordinates":[19.891625,49.909375]}},{"type":"Feature","properties":{"NUMER_PORZ":"945","KOD_POCZT":"32-444","NAZWA_GMI":"Myślenice","NAZWA_MSC":"Głogoczów","odleglosc_m":35.7,"strefa":"30-50 m","warstwa":"adresy"},"geometry":{"type":"Point","coordinates":[19.890915,49.910604]}},{"type":"Feature","properties":{"NUMER_PORZ":"480","KOD_POCZT":"32-444","NAZWA_GMI":"Myślenice","NAZWA_MSC":"Głogoczów","odleglosc_m":0.0,"strefa":"w śladzie","warstwa":"adresy"},"geometry":{"type":"Point","coordinates":[19.888837,49.897804]}},{"type":"Feature","properties":{"NUMER_PORZ":"415","KOD_POCZT":"32-445","NAZWA_GMI":"Myślenice","NAZWA_MSC":"Krzyszkowice","odleglosc_m":161.7,"strefa":"50-200 m","warstwa":"adresy"},"geometry":{"type":"Point","coordinates":[19.913525,49.880529]}},{"type":"Feature","properties":{"NUMER_PORZ":"249","KOD_POCZT":"32-444","NAZWA_GMI":"Myślenice","NAZWA_MSC":"Głogoczów","odleglosc_m":161.0,"strefa":"50-200 m","warstwa":"adresy"},"geometry":{"type":"Point","coordinates":[19.869168,49.906001]}},{"type":"Feature","properties":{"NUMER_PORZ":"461","KOD_POCZT":"32-444","NAZWA_GMI":"Myślenice","NAZWA_MSC":"Głogoczów","odleglosc_m":159.9,"strefa":"50-200 m","warstwa":"adresy"},"geometry":{"type":"Point","coordinates":[19.892237,49.902678]}},{"type":"Feature","properties":{"NUMER_PORZ":"295","KOD_POCZT":"32-444","NAZWA_GMI":"Myślenice","NAZWA_MSC":"Głogoczów","odleglosc_m":0.0,"strefa":"w śladzie","warstwa":"adresy"},"geometry":{"type":"Point","coordinates":[19.887767,49.905376]}},{"type":"Feature","properties":{"NUMER_PORZ":"967","KOD_POCZT":"32-444","NAZWA_GMI":"Myślenice","NAZWA_MSC":"Głogoczów","odleglosc_m":88.5,"strefa":"50-200 m","warstwa":"adresy"},"geometry":{"type":"Point","coordinates":[19.887563,49.904389]}},{"type":"Feature","properties":{"NUMER_PORZ":"54","KOD_POCZT":"32-444","NAZWA_GMI":"Myślenice","NAZWA_MSC":"Głogoczów","odleglosc_m":130.6,"strefa":"50-200 m","warstwa":"adresy"},"geometry":{"type":"Point","coordinates":[19.881396,49.90491]}},{"type":"Feature","properties":{"NUMER_PORZ":"317","KOD_POCZT":"32-445","NAZWA_GMI":"Myślenice","NAZWA_MSC":"Krzyszkowice","odleglosc_m":0.0,"strefa":"w śladzie","warstwa":"adresy"},"geometry":{"type":"Point","coordinates":[19.91645,49.881365]}},{"type":"Feature","properties":{"NUMER_PORZ":"323","KOD_POCZT":"32-400","NAZWA_GMI":"Myślenice","NAZWA_MSC":"Polanka","odleglosc_m":97.9,"strefa":"50-200 m","warstwa":"adresy"},"geometry":{"type":"Point","coordinates":[19.924469,49.85614]}},{"type":"Feature","properties":{"NUMER_PORZ":"123","KOD_POCZT":"32-444","NAZWA_GMI":"Myślenice","NAZWA_MSC":"Głogoczów","odleglosc_m":144.5,"strefa":"50-200 m","warstwa":"adresy"},"geometry":{"type":"Point","coordinates":[19.89272,49.893677]}},{"type":"Feature","properties":{"NUMER_PORZ":"1087","KOD_POCZT":"32-444","NAZWA_GMI":"Myślenice","NAZWA_MSC":"Głogoczów","odleglosc_m":38.1,"strefa":"30-50 m","warstwa":"adresy"},"geometry":{"type":"Point","coordinates":[19.891233,49.911303]}},{"type":"Feature","properties":{"NUMER_PORZ":"1087A","KOD_POCZT":"32-444","NAZWA_GMI":"Myślenice","NAZWA_MSC":"Głogoczów","odleglosc_m":45.9,"strefa":"30-50 m","warstwa":"adresy"},"geometry":{"type":"Point","coordinates":[19.891344,49.9113]}},{"type":"Feature","properties":{"NUMER_PORZ":"1087B","KOD_POCZT":"32-444","NAZWA_GMI":"Myślenice","NAZWA_MSC":"Głogoczów","odleglosc_m":56.2,"strefa":"50-200 m","warstwa":"adresy"},"geometry":{"type":"Point","coordinates":[19.891492,49.911294]}},{"type":"Feature","properties":{"NUMER_PORZ":"1087C","KOD_POCZT":"32-444","NAZWA_GMI":"Myślenice","NAZWA_MSC":"Głogoczów","odleglosc_m":68.3,"strefa":"50-200 m","warstwa":"adresy"},"geometry":{"type":"Point","coordinates":[19.891659,49.911274]}},{"type":"Feature","properties":{"NUMER_PORZ":"482A","KOD_POCZT":"32-444","NAZWA_GMI":"Myślenice","NAZWA_MSC":"Głogoczów","odleglosc_m":0.0,"strefa":"w śladzie","warstwa":"adresy"},"geometry":{"type":"Point","coordinates":[19.888962,49.899282]}},{"type":"Feature","properties":{"NUMER_PORZ":"386","KOD_POCZT":"32-444","NAZWA_GMI":"Myślenice","NAZWA_MSC":"Głogoczów","odleglosc_m":6.6,"strefa":"0-20 m","warstwa":"adresy"},"geometry":{"type":"Point","coordinates":[19.889505,49.906793]}},{"type":"Feature","properties":{"NUMER_PORZ":"774","KOD_POCZT":"32-444","NAZWA_GMI":"Myślenice","NAZWA_MSC":"Głogoczów","odleglosc_m":83.0,"strefa":"50-200 m","warstwa":"adresy"},"geometry":{"type":"Point","coordinates":[19.889432,49.892829]}},{"type":"Feature","properties":{"NUMER_PORZ":"309","KOD_POCZT":"32-444","NAZWA_GMI":"Myślenice","NAZWA_MSC":"Głogoczów","odleglosc_m":35.9,"strefa":"30-50 m","warstwa":"adresy"},"geometry":{"type":"Point","coordinates":[19.868366,49.907073]}},{"type":"Feature","properties":{"NUMER_PORZ":"360","KOD_POCZT":"32-444","NAZWA_GMI":"Myślenice","NAZWA_MSC":"Głogoczów","odleglosc_m":75.4,"strefa":"50-200 m","warstwa":"adresy"},"geometry":{"type":"Point","coordinates":[19.869128,49.906774]}},{"type":"Feature","properties":{"NUMER_PORZ":"334","KOD_POCZT":"32-444","NAZWA_GMI":"Myślenice","NAZWA_MSC":"Głogoczów","odleglosc_m":129.9,"strefa":"50-200 m","warstwa":"adresy"},"geometry":{"type":"Point","coordinates":[19.868404,49.906224]}},{"type":"Feature","properties":{"NUMER_PORZ":"144","KOD_POCZT":"32-444","NAZWA_GMI":"Myślenice","NAZWA_MSC":"Głogoczów","odleglosc_m":23.2,"strefa":"20-30 m","warstwa":"adresy"},"geometry":{"type":"Point","coordinates":[19.890352,49.902464]}},{"type":"Feature","properties":{"NUMER_PORZ":"797","KOD_POCZT":"32-444","NAZWA_GMI":"Myślenice","NAZWA_MSC":"Głogoczów","odleglosc_m":127.4,"strefa":"50-200 m","warstwa":"adresy"},"geometry":{"type":"Point","coordinates":[19.891782,49.903241]}},{"type":"Feature","properties":{"NUMER_PORZ":"111","KOD_POCZT":"32-445","NAZWA_GMI":"Myślenice","NAZWA_MSC":"Krzyszkowice","odleglosc_m":69.3,"strefa":"50-200 m","warstwa":"adresy"},"geometry":{"type":"Point","coordinates":[19.895927,49.889962]}},{"type":"Feature","properties":{"NUMER_PORZ":"194","KOD_POCZT":"32-445","NAZWA_GMI":"Myślenice","NAZWA_MSC":"Krzyszkowice","odleglosc_m":31.0,"strefa":"30-50 m","warstwa":"adresy"},"geometry":{"type":"Point","coordinates":[19.92292,49.869773]}},{"type":"Feature","properties":{"NUMER_PORZ":"758","KOD_POCZT":"32-445","NAZWA_GMI":"Myślenice","NAZWA_MSC":"Krzyszkowice","odleglosc_m":154.9,"strefa":"50-200 m","warstwa":"adresy"},"geometry":{"type":"Point","coordinates":[19.91213,49.881168]}},{"type":"Feature","properties":{"NUMER_PORZ":"817","KOD_POCZT":"32-445","NAZWA_GMI":"Myślenice","NAZWA_MSC":"Krzyszkowice","odleglosc_m":128.6,"strefa":"50-200 m","warstwa":"adresy"},"geometry":{"type":"Point","coordinates":[19.921752,49.880135]}},{"type":"Feature","properties":{"NUMER_PORZ":"817B","KOD_POCZT":"32-445","NAZWA_GMI":"Myślenice","NAZWA_MSC":"Krzyszkowice","odleglosc_m":140.7,"strefa":"50-200 m","warstwa":"adresy"},"geometry":{"type":"Point","coordinates":[19.922376,49.879876]}},{"type":"Feature","properties":{"NUMER_PORZ":"817C","KOD_POCZT":"32-445","NAZWA_GMI":"Myślenice","NAZWA_MSC":"Krzyszkowice","odleglosc_m":148.9,"strefa":"50-200 m","warstwa":"adresy"},"geometry":{"type":"Point","coordinates":[19.922692,49.879759]}},{"type":"Feature","properties":{"NUMER_PORZ":"819","KOD_POCZT":"32-445","NAZWA_GMI":"Myślenice","NAZWA_MSC":"Krzyszkowice","odleglosc_m":98.6,"strefa":"50-200 m","warstwa":"adresy"},"geometry":{"type":"Point","coordinates":[19.89823,49.889395]}},{"type":"Feature","properties":{"NUMER_PORZ":"1114","KOD_POCZT":"32-444","NAZWA_GMI":"Myślenice","NAZWA_MSC":"Głogoczów","odleglosc_m":0.0,"strefa":"w śladzie","warstwa":"adresy"},"geometry":{"type":"Point","coordinates":[19.873731,49.907702]}},{"type":"Feature","properties":{"NUMER_PORZ":"1097D","KOD_POCZT":"32-444","NAZWA_GMI":"Myślenice","NAZWA_MSC":"Głogoczów","odleglosc_m":5.3,"strefa":"0-20 m","warstwa":"adresy"},"geometry":{"type":"Point","coordinates":[19.888564,49.905704]}},{"type":"Feature","properties":{"NUMER_PORZ":"1097E","KOD_POCZT":"32-444","NAZWA_GMI":"Myślenice","NAZWA_MSC":"Głogoczów","odleglosc_m":0.0,"strefa":"w śladzie","warstwa":"adresy"},"geometry":{"type":"Point","coordinates":[19.888451,49.905717]}},{"type":"Feature","properties":{"NUMER_PORZ":"1097F","KOD_POCZT":"32-444","NAZWA_GMI":"Myślenice","NAZWA_MSC":"Głogoczów","odleglosc_m":0.0,"strefa":"w śladzie","warstwa":"adresy"},"geometry":{"type":"Point","coordinates":[19.888363,49.905762]}},{"type":"Feature","properties":{"NUMER_PORZ":"1097G","KOD_POCZT":"32-444","NAZWA_GMI":"Myślenice","NAZWA_MSC":"Głogoczów","odleglosc_m":1.4,"strefa":"0-20 m","warstwa":"adresy"},"geometry":{"type":"Point","coordinates":[19.888269,49.905787]}},{"type":"Feature","properties":{"NUMER_PORZ":"1097C","KOD_POCZT":"32-444","NAZWA_GMI":"Myślenice","NAZWA_MSC":"Głogoczów","odleglosc_m":0.0,"strefa":"w śladzie","warstwa":"adresy"},"geometry":{"type":"Point","coordinates":[19.888073,49.905588]}},{"type":"Feature","properties":{"NUMER_PORZ":"1097B","KOD_POCZT":"32-444","NAZWA_GMI":"Myślenice","NAZWA_MSC":"Głogoczów","odleglosc_m":0.0,"strefa":"w śladzie","warstwa":"adresy"},"geometry":{"type":"Point","coordinates":[19.888156,49.905553]}},{"type":"Feature","properties":{"NUMER_PORZ":"113A","KOD_POCZT":"32-444","NAZWA_GMI":"Myślenice","NAZWA_MSC":"Głogoczów","odleglosc_m":53.5,"strefa":"50-200 m","warstwa":"adresy"},"geometry":{"type":"Point","coordinates":[19.893781,49.891082]}},{"type":"Feature","properties":{"NUMER_PORZ":"825","KOD_POCZT":"32-445","NAZWA_GMI":"Myślenice","NAZWA_MSC":"Krzyszkowice","odleglosc_m":185.9,"strefa":"50-200 m","warstwa":"adresy"},"geometry":{"type":"Point","coordinates":[19.924133,49.879053]}},{"type":"Feature","properties":{"NUMER_PORZ":"998","KOD_POCZT":"32-444","NAZWA_GMI":"Myślenice","NAZWA_MSC":"Głogoczów","odleglosc_m":135.4,"strefa":"50-200 m","warstwa":"adresy"},"geometry":{"type":"Point","coordinates":[19.888365,49.893301]}},{"type":"Feature","properties":{"NUMER_PORZ":"828","KOD_POCZT":"32-445","NAZWA_GMI":"Myślenice","NAZWA_MSC":"Krzyszkowice","odleglosc_m":89.3,"strefa":"50-200 m","warstwa":"adresy"},"geometry":{"type":"Point","coordinates":[19.915945,49.882758]}},{"type":"Feature","properties":{"NUMER_PORZ":"828A","KOD_POCZT":"32-445","NAZWA_GMI":"Myślenice","NAZWA_MSC":"Krzyszkowice","odleglosc_m":89.8,"strefa":"50-200 m","warstwa":"adresy"},"geometry":{"type":"Point","coordinates":[19.915721,49.882839]}},{"type":"Feature","properties":{"NUMER_PORZ":"828B","KOD_POCZT":"32-445","NAZWA_GMI":"Myślenice","NAZWA_MSC":"Krzyszkowice","odleglosc_m":93.4,"strefa":"50-200 m","warstwa":"adresy"},"geometry":{"type":"Point","coordinates":[19.91543,49.882953]}},{"type":"Feature","properties":{"NUMER_PORZ":"828C","KOD_POCZT":"32-445","NAZWA_GMI":"Myślenice","NAZWA_MSC":"Krzyszkowice","odleglosc_m":93.3,"strefa":"50-200 m","warstwa":"adresy"},"geometry":{"type":"Point","coordinates":[19.915265,49.883013]}},{"type":"Feature","properties":{"NUMER_PORZ":"365C","KOD_POCZT":"32-444","NAZWA_GMI":"Myślenice","NAZWA_MSC":"Głogoczów","odleglosc_m":0.0,"strefa":"w śladzie","warstwa":"adresy"},"geometry":{"type":"Point","coordinates":[19.889411,49.899225]}},{"type":"Feature","properties":{"NUMER_PORZ":"365D","KOD_POCZT":"32-444","NAZWA_GMI":"Myślenice","NAZWA_MSC":"Głogoczów","odleglosc_m":0.0,"strefa":"w śladzie","warstwa":"adresy"},"geometry":{"type":"Point","coordinates":[19.889755,49.899203]}},{"type":"Feature","properties":{"NUMER_PORZ":"840","KOD_POCZT":"32-445","NAZWA_GMI":"Myślenice","NAZWA_MSC":"Krzyszkowice","odleglosc_m":114.7,"strefa":"50-200 m","warstwa":"adresy"},"geometry":{"type":"Point","coordinates":[19.920107,49.877232]}},{"type":"Feature","properties":{"NUMER_PORZ":"840A","KOD_POCZT":"32-445","NAZWA_GMI":"Myślenice","NAZWA_MSC":"Krzyszkowice","odleglosc_m":135.9,"strefa":"50-200 m","warstwa":"adresy"},"geometry":{"type":"Point","coordinates":[19.9199,49.877074]}},{"type":"Feature","properties":{"NUMER_PORZ":"840B","KOD_POCZT":"32-445","NAZWA_GMI":"Myślenice","NAZWA_MSC":"Krzyszkowice","odleglosc_m":132.0,"strefa":"50-200 m","warstwa":"adresy"},"geometry":{"type":"Point","coordinates":[19.919989,49.877045]}},{"type":"Feature","properties":{"NUMER_PORZ":"761","KOD_POCZT":"32-431","NAZWA_GMI":"Pcim","NAZWA_MSC":"Stróża","odleglosc_m":184.4,"strefa":"50-200 m","warstwa":"adresy"},"geometry":{"type":"Point","coordinates":[19.921004,49.807655]}},{"type":"Feature","properties":{"NUMER_PORZ":"1172","KOD_POCZT":"32-431","NAZWA_GMI":"Pcim","NAZWA_MSC":"Stróża","odleglosc_m":142.7,"strefa":"50-200 m","warstwa":"adresy"},"geometry":{"type":"Point","coordinates":[19.920909,49.808662]}},{"type":"Feature","properties":{"NUMER_PORZ":"844","KOD_POCZT":"32-431","NAZWA_GMI":"Pcim","NAZWA_MSC":"Stróża","odleglosc_m":48.8,"strefa":"30-50 m","warstwa":"adresy"},"geometry":{"type":"Point","coordinates":[19.92243,49.808551]}},{"type":"Feature","properties":{"NUMER_PORZ":"812","KOD_POCZT":"32-431","NAZWA_GMI":"Pcim","NAZWA_MSC":"Stróża","odleglosc_m":82.6,"strefa":"50-200 m","warstwa":"adresy"},"geometry":{"type":"Point","coordinates":[19.92202,49.808401]}},{"type":"Feature","properties":{"NUMER_PORZ":"745","KOD_POCZT":"32-431","NAZWA_GMI":"Pcim","NAZWA_MSC":"Stróża","odleglosc_m":80.9,"strefa":"50-200 m","warstwa":"adresy"},"geometry":{"type":"Point","coordinates":[19.921577,49.809049]}},{"type":"Feature","properties":{"NUMER_PORZ":"1054","KOD_POCZT":"32-431","NAZWA_GMI":"Pcim","NAZWA_MSC":"Stróża","odleglosc_m":191.3,"strefa":"50-200 m","warstwa":"adresy"},"geometry":{"type":"Point","coordinates":[19.921129,49.807419]}},{"type":"Feature","properties":{"NUMER_PORZ":"634","KOD_POCZT":"32-431","NAZWA_GMI":"Pcim","NAZWA_MSC":"Stróża","odleglosc_m":119.2,"strefa":"50-200 m","warstwa":"adresy"},"geometry":{"type":"Point","coordinates":[19.921488,49.808361]}},{"type":"Feature","properties":{"NUMER_PORZ":"465","KOD_POCZT":"32-431","NAZWA_GMI":"Pcim","NAZWA_MSC":"Stróża","odleglosc_m":182.2,"strefa":"50-200 m","warstwa":"adresy"},"geometry":{"type":"Point","coordinates":[19.920806,49.807966]}},{"type":"Feature","properties":{"NUMER_PORZ":"1073","KOD_POCZT":"32-431","NAZWA_GMI":"Pcim","NAZWA_MSC":"Stróża","odleglosc_m":178.3,"strefa":"50-200 m","warstwa":"adresy"},"geometry":{"type":"Point","coordinates":[19.920726,49.80816]}},{"type":"Feature","properties":{"NUMER_PORZ":"1182","KOD_POCZT":"32-431","NAZWA_GMI":"Pcim","NAZWA_MSC":"Stróża","odleglosc_m":104.7,"strefa":"50-200 m","warstwa":"adresy"},"geometry":{"type":"Point","coordinates":[19.922855,49.807546]}},{"type":"Feature","properties":{"NUMER_PORZ":"428","KOD_POCZT":"32-431","NAZWA_GMI":"Pcim","NAZWA_MSC":"Stróża","odleglosc_m":88.1,"strefa":"50-200 m","warstwa":"adresy"},"geometry":{"type":"Point","coordinates":[19.922452,49.807858]}},{"type":"Feature","properties":{"NUMER_PORZ":"958","KOD_POCZT":"32-431","NAZWA_GMI":"Pcim","NAZWA_MSC":"Stróża","odleglosc_m":136.8,"strefa":"50-200 m","warstwa":"adresy"},"geometry":{"type":"Point","coordinates":[19.92109,49.808536]}},{"type":"Feature","properties":{"NUMER_PORZ":"324","KOD_POCZT":"32-431","NAZWA_GMI":"Pcim","NAZWA_MSC":"Stróża","odleglosc_m":141.8,"strefa":"50-200 m","warstwa":"adresy"},"geometry":{"type":"Point","coordinates":[19.922673,49.807233]}},{"type":"Feature","properties":{"NUMER_PORZ":"1047","KOD_POCZT":"32-431","NAZWA_GMI":"Pcim","NAZWA_MSC":"Stróża","odleglosc_m":137.5,"strefa":"50-200 m","warstwa":"adresy"},"geometry":{"type":"Point","coordinates":[19.921969,49.807542]}},{"type":"Feature","properties":{"NUMER_PORZ":"483","KOD_POCZT":"32-431","NAZWA_GMI":"Pcim","NAZWA_MSC":"Stróża","odleglosc_m":167.1,"strefa":"50-200 m","warstwa":"adresy"},"geometry":{"type":"Point","coordinates":[19.921311,49.807629]}},{"type":"Feature","properties":{"NUMER_PORZ":"1117","KOD_POCZT":"32-431","NAZWA_GMI":"Pcim","NAZWA_MSC":"Stróża","odleglosc_m":98.9,"strefa":"50-200 m","warstwa":"adresy"},"geometry":{"type":"Point","coordinates":[19.922244,49.807852]}},{"type":"Feature","properties":{"NUMER_PORZ":"817D","KOD_POCZT":"32-445","NAZWA_GMI":"Myślenice","NAZWA_MSC":"Krzyszkowice","odleglosc_m":119.0,"strefa":"50-200 m","warstwa":"adresy"},"geometry":{"type":"Point","coordinates":[19.922349,49.879603]}},{"type":"Feature","properties":{"NUMER_PORZ":"231A","KOD_POCZT":"32-444","NAZWA_GMI":"Myślenice","NAZWA_MSC":"Głogoczów","odleglosc_m":0.0,"strefa":"w śladzie","warstwa":"adresy"},"geometry":{"type":"Point","coordinates":[19.89006,49.903909]}},{"type":"Feature","properties":{"NUMER_PORZ":"1132","KOD_POCZT":"32-444","NAZWA_GMI":"Myślenice","NAZWA_MSC":"Głogoczów","odleglosc_m":0.0,"strefa":"w śladzie","warstwa":"adresy"},"geometry":{"type":"Point","coordinates":[19.889942,49.909366]}},{"type":"Feature","properties":{"NUMER_PORZ":"693","KOD_POCZT":"32-445","NAZWA_GMI":"Myślenice","NAZWA_MSC":"Krzyszkowice","odleglosc_m":0.0,"strefa":"w śladzie","warstwa":"adresy"},"geometry":{"type":"Point","coordinates":[19.923709,49.869183]}},{"type":"Feature","properties":{"NUMER_PORZ":"697","KOD_POCZT":"32-445","NAZWA_GMI":"Myślenice","NAZWA_MSC":"Krzyszkowice","odleglosc_m":145.1,"strefa":"50-200 m","warstwa":"adresy"},"geometry":{"type":"Point","coordinates":[19.926115,49.874737]}},{"type":"Feature","properties":{"NUMER_PORZ":"727","KOD_POCZT":"32-445","NAZWA_GMI":"Myślenice","NAZWA_MSC":"Krzyszkowice","odleglosc_m":83.3,"strefa":"50-200 m","warstwa":"adresy"},"geometry":{"type":"Point","coordinates":[19.925044,49.868512]}},{"type":"Feature","properties":{"NUMER_PORZ":"737","KOD_POCZT":"32-445","NAZWA_GMI":"Myślenice","NAZWA_MSC":"Krzyszkowice","odleglosc_m":178.3,"strefa":"50-200 m","warstwa":"adresy"},"geometry":{"type":"Point","coordinates":[19.905102,49.883552]}},{"type":"Feature","properties":{"NUMER_PORZ":"749","KOD_POCZT":"32-445","NAZWA_GMI":"Myślenice","NAZWA_MSC":"Krzyszkowice","odleglosc_m":6.9,"strefa":"0-20 m","warstwa":"adresy"},"geometry":{"type":"Point","coordinates":[19.911227,49.883596]}},{"type":"Feature","properties":{"NUMER_PORZ":"751","KOD_POCZT":"32-445","NAZWA_GMI":"Myślenice","NAZWA_MSC":"Krzyszkowice","odleglosc_m":131.7,"strefa":"50-200 m","warstwa":"adresy"},"geometry":{"type":"Point","coordinates":[19.921114,49.874967]}},{"type":"Feature","properties":{"NUMER_PORZ":"752","KOD_POCZT":"32-445","NAZWA_GMI":"Myślenice","NAZWA_MSC":"Krzyszkowice","odleglosc_m":159.7,"strefa":"50-200 m","warstwa":"adresy"},"geometry":{"type":"Point","coordinates":[19.920591,49.875158]}},{"type":"Feature","properties":{"NUMER_PORZ":"817A","KOD_POCZT":"32-445","NAZWA_GMI":"Myślenice","NAZWA_MSC":"Krzyszkowice","odleglosc_m":136.1,"strefa":"50-200 m","warstwa":"adresy"},"geometry":{"type":"Point","coordinates":[19.922097,49.880008]}},{"type":"Feature","properties":{"NUMER_PORZ":"820","KOD_POCZT":"32-444","NAZWA_GMI":"Myślenice","NAZWA_MSC":"Głogoczów","odleglosc_m":17.8,"strefa":"0-20 m","warstwa":"adresy"},"geometry":{"type":"Point","coordinates":[19.890377,49.900728]}},{"type":"Feature","properties":{"NUMER_PORZ":"888","KOD_POCZT":"32-444","NAZWA_GMI":"Myślenice","NAZWA_MSC":"Głogoczów","odleglosc_m":0.0,"strefa":"w śladzie","warstwa":"adresy"},"geometry":{"type":"Point","coordinates":[19.890152,49.904805]}},{"type":"Feature","properties":{"NUMER_PORZ":"1016","KOD_POCZT":"32-444","NAZWA_GMI":"Myślenice","NAZWA_MSC":"Głogoczów","odleglosc_m":105.4,"strefa":"50-200 m","warstwa":"adresy"},"geometry":{"type":"Point","coordinates":[19.892568,49.893062]}},{"type":"Feature","properties":{"NUMER_PORZ":"1049","KOD_POCZT":"32-444","NAZWA_GMI":"Myślenice","NAZWA_MSC":"Głogoczów","odleglosc_m":65.1,"strefa":"50-200 m","warstwa":"adresy"},"geometry":{"type":"Point","coordinates":[19.890401,49.891925]}},{"type":"Feature","properties":{"NUMER_PORZ":"1072","KOD_POCZT":"32-444","NAZWA_GMI":"Myślenice","NAZWA_MSC":"Głogoczów","odleglosc_m":92.1,"strefa":"50-200 m","warstwa":"adresy"},"geometry":{"type":"Point","coordinates":[19.887595,49.898154]}},{"type":"Feature","properties":{"NUMER_PORZ":"1087F","KOD_POCZT":"32-444","NAZWA_GMI":"Myślenice","NAZWA_MSC":"Głogoczów","odleglosc_m":69.7,"strefa":"50-200 m","warstwa":"adresy"},"geometry":{"type":"Point","coordinates":[19.891388,49.910589]}},{"type":"Feature","properties":{"NUMER_PORZ":"1000","KOD_POCZT":"32-444","NAZWA_GMI":"Myślenice","NAZWA_MSC":"Głogoczów","odleglosc_m":75.9,"strefa":"50-200 m","warstwa":"adresy"},"geometry":{"type":"Point","coordinates":[19.887775,49.897997]}},{"type":"Feature","properties":{"NUMER_PORZ":"845","KOD_POCZT":"32-445","NAZWA_GMI":"Myślenice","NAZWA_MSC":"Krzyszkowice","odleglosc_m":132.2,"strefa":"50-200 m","warstwa":"adresy"},"geometry":{"type":"Point","coordinates":[19.925787,49.8757]}},{"type":"Feature","properties":{"NUMER_PORZ":"1055A","KOD_POCZT":"32-444","NAZWA_GMI":"Myślenice","NAZWA_MSC":"Głogoczów","odleglosc_m":49.3,"strefa":"30-50 m","warstwa":"adresy"},"geometry":{"type":"Point","coordinates":[19.888411,49.904721]}},{"type":"Feature","properties":{"NUMER_PORZ":"1114A","KOD_POCZT":"32-444","NAZWA_GMI":"Myślenice","NAZWA_MSC":"Głogoczów","odleglosc_m":22.7,"strefa":"20-30 m","warstwa":"adresy"},"geometry":{"type":"Point","coordinates":[19.87326,49.907483]}},{"type":"Feature","properties":{"NUMER_PORZ":"1136","KOD_POCZT":"32-444","NAZWA_GMI":"Myślenice","NAZWA_MSC":"Głogoczów","odleglosc_m":130.5,"strefa":"50-200 m","warstwa":"adresy"},"geometry":{"type":"Point","coordinates":[19.894706,49.891448]}},{"type":"Feature","properties":{"NUMER_PORZ":"1137","KOD_POCZT":"32-444","NAZWA_GMI":"Myślenice","NAZWA_MSC":"Głogoczów","odleglosc_m":174.3,"strefa":"50-200 m","warstwa":"adresy"},"geometry":{"type":"Point","coordinates":[19.892415,49.89941]}},{"type":"Feature","properties":{"NUMER_PORZ":"817F","KOD_POCZT":"32-445","NAZWA_GMI":"Myślenice","NAZWA_MSC":"Krzyszkowice","odleglosc_m":109.6,"strefa":"50-200 m","warstwa":"adresy"},"geometry":{"type":"Point","coordinates":[19.921908,49.87979]}},{"type":"Feature","properties":{"NUMER_PORZ":"1141","KOD_POCZT":"32-444","NAZWA_GMI":"Myślenice","NAZWA_MSC":"Głogoczów","odleglosc_m":107.8,"strefa":"50-200 m","warstwa":"adresy"},"geometry":{"type":"Point","coordinates":[19.892002,49.909115]}},{"type":"Feature","properties":{"NUMER_PORZ":"163","KOD_POCZT":"30-698","NAZWA_GMI":"Wieliczka","NAZWA_MSC":"Golkowice","odleglosc_m":11.7,"strefa":"0-20 m","warstwa":"adresy"},"geometry":{"type":"Point","coordinates":[19.995521,49.97363]}},{"type":"Feature","properties":{"NUMER_PORZ":"455","KOD_POCZT":"30-698","NAZWA_GMI":"Wieliczka","NAZWA_MSC":"Golkowice","odleglosc_m":166.0,"strefa":"50-200 m","warstwa":"adresy"},"geometry":{"type":"Point","coordinates":[19.985909,49.96471]}},{"type":"Feature","properties":{"NUMER_PORZ":"477","KOD_POCZT":"32-020","NAZWA_GMI":"Wieliczka","NAZWA_MSC":"Grabówki","odleglosc_m":113.2,"strefa":"50-200 m","warstwa":"adresy"},"geometry":{"type":"Point","coordinates":[19.996289,49.969457]}},{"type":"Feature","properties":{"NUMER_PORZ":"52","KOD_POCZT":"30-698","NAZWA_GMI":"Wieliczka","NAZWA_MSC":"Golkowice","odleglosc_m":129.5,"strefa":"50-200 m","warstwa":"adresy"},"geometry":{"type":"Point","coordinates":[19.986067,49.965088]}},{"type":"Feature","properties":{"NUMER_PORZ":"41A","KOD_POCZT":"32-020","NAZWA_GMI":"Wieliczka","NAZWA_MSC":"Grabówki","odleglosc_m":106.0,"strefa":"50-200 m","warstwa":"adresy"},"geometry":{"type":"Point","coordinates":[19.996438,49.969693]}},{"type":"Feature","properties":{"NUMER_PORZ":"519","KOD_POCZT":"30-698","NAZWA_GMI":"Wieliczka","NAZWA_MSC":"Golkowice","odleglosc_m":29.1,"strefa":"20-30 m","warstwa":"adresy"},"geometry":{"type":"Point","coordinates":[19.986641,49.967031]}},{"type":"Feature","properties":{"NUMER_PORZ":"619","KOD_POCZT":"30-698","NAZWA_GMI":"Wieliczka","NAZWA_MSC":"Golkowice","odleglosc_m":120.8,"strefa":"50-200 m","warstwa":"adresy"},"geometry":{"type":"Point","coordinates":[19.975022,49.960744]}},{"type":"Feature","properties":{"NUMER_PORZ":"630","KOD_POCZT":"30-698","NAZWA_GMI":"Wieliczka","NAZWA_MSC":"Golkowice","odleglosc_m":191.2,"strefa":"50-200 m","warstwa":"adresy"},"geometry":{"type":"Point","coordinates":[19.982047,49.967866]}},{"type":"Feature","properties":{"NUMER_PORZ":"610","KOD_POCZT":"30-698","NAZWA_GMI":"Wieliczka","NAZWA_MSC":"Golkowice","odleglosc_m":29.7,"strefa":"20-30 m","warstwa":"adresy"},"geometry":{"type":"Point","coordinates":[19.973849,49.962793]}},{"type":"Feature","properties":{"NUMER_PORZ":"254","KOD_POCZT":"32-020","NAZWA_GMI":"Wieliczka","NAZWA_MSC":"Grabówki","odleglosc_m":82.0,"strefa":"50-200 m","warstwa":"adresy"},"geometry":{"type":"Point","coordinates":[19.995769,49.96949]}},{"type":"Feature","properties":{"NUMER_PORZ":"16","KOD_POCZT":"30-698","NAZWA_GMI":"Wieliczka","NAZWA_MSC":"Golkowice","odleglosc_m":117.2,"strefa":"50-200 m","warstwa":"adresy"},"geometry":{"type":"Point","coordinates":[19.983407,49.967467]}},{"type":"Feature","properties":{"NUMER_PORZ":"520","KOD_POCZT":"30-698","NAZWA_GMI":"Wieliczka","NAZWA_MSC":"Golkowice","odleglosc_m":32.6,"strefa":"30-50 m","warstwa":"adresy"},"geometry":{"type":"Point","coordinates":[19.9863,49.966989]}},{"type":"Feature","properties":{"NUMER_PORZ":"438","KOD_POCZT":"30-698","NAZWA_GMI":"Wieliczka","NAZWA_MSC":"Golkowice","odleglosc_m":121.0,"strefa":"50-200 m","warstwa":"adresy"},"geometry":{"type":"Point","coordinates":[19.983865,49.967505]}},{"type":"Feature","properties":{"NUMER_PORZ":"196","KOD_POCZT":"32-020","NAZWA_GMI":"Wieliczka","NAZWA_MSC":"Grabówki","odleglosc_m":138.3,"strefa":"50-200 m","warstwa":"adresy"},"geometry":{"type":"Point","coordinates":[19.996231,49.969062]}},{"type":"Feature","properties":{"NUMER_PORZ":"620","KOD_POCZT":"30-698","NAZWA_GMI":"Wieliczka","NAZWA_MSC":"Golkowice","odleglosc_m":148.0,"strefa":"50-200 m","warstwa":"adresy"},"geometry":{"type":"Point","coordinates":[19.975095,49.960383]}},{"type":"Feature","properties":{"NUMER_PORZ":"162","KOD_POCZT":"30-698","NAZWA_GMI":"Wieliczka","NAZWA_MSC":"Golkowice","odleglosc_m":45.3,"strefa":"30-50 m","warstwa":"adresy"},"geometry":{"type":"Point","coordinates":[19.995105,49.97344]}},{"type":"Feature","properties":{"NUMER_PORZ":"201","KOD_POCZT":"30-698","NAZWA_GMI":"Wieliczka","NAZWA_MSC":"Golkowice","odleglosc_m":169.6,"strefa":"50-200 m","warstwa":"adresy"},"geometry":{"type":"Point","coordinates":[19.982843,49.967859]}},{"type":"Feature","properties":{"NUMER_PORZ":"135","KOD_POCZT":"30-698","NAZWA_GMI":"Wieliczka","NAZWA_MSC":"Golkowice","odleglosc_m":132.1,"strefa":"50-200 m","warstwa":"adresy"},"geometry":{"type":"Point","coordinates":[19.993864,49.973447]}},{"type":"Feature","properties":{"NUMER_PORZ":"369","KOD_POCZT":"30-698","NAZWA_GMI":"Wieliczka","NAZWA_MSC":"Golkowice","odleglosc_m":19.8,"strefa":"0-20 m","warstwa":"adresy"},"geometry":{"type":"Point","coordinates":[19.986994,49.967021]}},{"type":"Feature","properties":{"NUMER_PORZ":"176","KOD_POCZT":"30-698","NAZWA_GMI":"Wieliczka","NAZWA_MSC":"Golkowice","odleglosc_m":0.0,"strefa":"w śladzie","warstwa":"adresy"},"geometry":{"type":"Point","coordinates":[19.988256,49.967062]}},{"type":"Feature","properties":{"NUMER_PORZ":"448","KOD_POCZT":"30-698","NAZWA_GMI":"Wieliczka","NAZWA_MSC":"Golkowice","odleglosc_m":154.7,"strefa":"50-200 m","warstwa":"adresy"},"geometry":{"type":"Point","coordinates":[19.975536,49.960689]}},{"type":"Feature","properties":{"NUMER_PORZ":"50","KOD_POCZT":"30-698","NAZWA_GMI":"Wieliczka","NAZWA_MSC":"Golkowice","odleglosc_m":151.2,"strefa":"50-200 m","warstwa":"adresy"},"geometry":{"type":"Point","coordinates":[19.985491,49.964754]}},{"type":"Feature","properties":{"NUMER_PORZ":"261","KOD_POCZT":"30-698","NAZWA_GMI":"Wieliczka","NAZWA_MSC":"Golkowice","odleglosc_m":121.2,"strefa":"50-200 m","warstwa":"adresy"},"geometry":{"type":"Point","coordinates":[19.979358,49.963502]}},{"type":"Feature","properties":{"NUMER_PORZ":"194","KOD_POCZT":"32-020","NAZWA_GMI":"Wieliczka","NAZWA_MSC":"Grabówki","odleglosc_m":68.0,"strefa":"50-200 m","warstwa":"adresy"},"geometry":{"type":"Point","coordinates":[19.996892,49.97146]}},{"type":"Feature","properties":{"NUMER_PORZ":"288","KOD_POCZT":"30-698","NAZWA_GMI":"Wieliczka","NAZWA_MSC":"Golkowice","odleglosc_m":178.1,"strefa":"50-200 m","warstwa":"adresy"},"geometry":{"type":"Point","coordinates":[19.993195,49.973271]}},{"type":"Feature","properties":{"NUMER_PORZ":"462","KOD_POCZT":"30-698","NAZWA_GMI":"Wieliczka","NAZWA_MSC":"Golkowice","odleglosc_m":151.0,"strefa":"50-200 m","warstwa":"adresy"},"geometry":{"type":"Point","coordinates":[19.986845,49.965046]}},{"type":"Feature","properties":{"NUMER_PORZ":"211","KOD_POCZT":"32-020","NAZWA_GMI":"Wieliczka","NAZWA_MSC":"Podstolice","odleglosc_m":198.7,"strefa":"50-200 m","warstwa":"adresy"},"geometry":{"type":"Point","coordinates":[19.996773,49.968637]}},{"type":"Feature","properties":{"NUMER_PORZ":"476","KOD_POCZT":"32-020","NAZWA_GMI":"Wieliczka","NAZWA_MSC":"Grabówki","odleglosc_m":76.1,"strefa":"50-200 m","warstwa":"adresy"},"geometry":{"type":"Point","coordinates":[19.996179,49.969929]}},{"type":"Feature","properties":{"NUMER_PORZ":"29","KOD_POCZT":"32-020","NAZWA_GMI":"Wieliczka","NAZWA_MSC":"Grabówki","odleglosc_m":153.4,"strefa":"50-200 m","warstwa":"adresy"},"geometry":{"type":"Point","coordinates":[19.9981,49.971405]}},{"type":"Feature","properties":{"NUMER_PORZ":"45","KOD_POCZT":"32-020","NAZWA_GMI":"Wieliczka","NAZWA_MSC":"Grabówki","odleglosc_m":153.8,"strefa":"50-200 m","warstwa":"adresy"},"geometry":{"type":"Point","coordinates":[19.998739,49.973975]}},{"type":"Feature","properties":{"NUMER_PORZ":"50","KOD_POCZT":"32-020","NAZWA_GMI":"Wieliczka","NAZWA_MSC":"Grabówki","odleglosc_m":22.2,"strefa":"20-30 m","warstwa":"adresy"},"geometry":{"type":"Point","coordinates":[19.996241,49.971078]}},{"type":"Feature","properties":{"NUMER_PORZ":"82","KOD_POCZT":"30-698","NAZWA_GMI":"Wieliczka","NAZWA_MSC":"Golkowice","odleglosc_m":107.4,"strefa":"50-200 m","warstwa":"adresy"},"geometry":{"type":"Point","coordinates":[19.992847,49.967096]}},{"type":"Feature","properties":{"NUMER_PORZ":"89","KOD_POCZT":"30-698","NAZWA_GMI":"Wieliczka","NAZWA_MSC":"Golkowice","odleglosc_m":118.6,"strefa":"50-200 m","warstwa":"adresy"},"geometry":{"type":"Point","coordinates":[19.97551,49.961175]}},{"type":"Feature","properties":{"NUMER_PORZ":"101","KOD_POCZT":"30-698","NAZWA_GMI":"Wieliczka","NAZWA_MSC":"Golkowice","odleglosc_m":41.0,"strefa":"30-50 m","warstwa":"adresy"},"geometry":{"type":"Point","coordinates":[19.981531,49.964919]}},{"type":"Feature","properties":{"NUMER_PORZ":"85","KOD_POCZT":"32-020","NAZWA_GMI":"Wieliczka","NAZWA_MSC":"Grabówki","odleglosc_m":178.8,"strefa":"50-200 m","warstwa":"adresy"},"geometry":{"type":"Point","coordinates":[19.994701,49.967428]}},{"type":"Feature","properties":{"NUMER_PORZ":"655","KOD_POCZT":"30-698","NAZWA_GMI":"Wieliczka","NAZWA_MSC":"Golkowice","odleglosc_m":16.9,"strefa":"0-20 m","warstwa":"adresy"},"geometry":{"type":"Point","coordinates":[19.989685,49.967036]}},{"type":"Feature","properties":{"NUMER_PORZ":"31","KOD_POCZT":"32-020","NAZWA_GMI":"Wieliczka","NAZWA_MSC":"Grabówki","odleglosc_m":66.1,"strefa":"50-200 m","warstwa":"adresy"},"geometry":{"type":"Point","coordinates":[19.996432,49.970316]}},{"type":"Feature","properties":{"NUMER_PORZ":"439A","KOD_POCZT":"30-698","NAZWA_GMI":"Wieliczka","NAZWA_MSC":"Golkowice","odleglosc_m":191.4,"strefa":"50-200 m","warstwa":"adresy"},"geometry":{"type":"Point","coordinates":[19.985885,49.964464]}},{"type":"Feature","properties":{"NUMER_PORZ":"57A","KOD_POCZT":"32-020","NAZWA_GMI":"Wieliczka","NAZWA_MSC":"Grabówki","odleglosc_m":121.8,"strefa":"50-200 m","warstwa":"adresy"},"geometry":{"type":"Point","coordinates":[19.994219,49.967845]}},{"type":"Feature","properties":{"NUMER_PORZ":"250","KOD_POCZT":"30-698","NAZWA_GMI":"Wieliczka","NAZWA_MSC":"Golkowice","odleglosc_m":83.7,"strefa":"50-200 m","warstwa":"adresy"},"geometry":{"type":"Point","coordinates":[19.985704,49.967343]}},{"type":"Feature","properties":{"NUMER_PORZ":"626","KOD_POCZT":"30-698","NAZWA_GMI":"Wieliczka","NAZWA_MSC":"Golkowice","odleglosc_m":107.3,"strefa":"50-200 m","warstwa":"adresy"},"geometry":{"type":"Point","coordinates":[19.994222,49.973414]}},{"type":"Feature","properties":{"NUMER_PORZ":"133","KOD_POCZT":"30-698","NAZWA_GMI":"Wieliczka","NAZWA_MSC":"Golkowice","odleglosc_m":31.5,"strefa":"30-50 m","warstwa":"adresy"},"geometry":{"type":"Point","coordinates":[19.996984,49.973763]}},{"type":"Feature","properties":{"NUMER_PORZ":"78","KOD_POCZT":"32-020","NAZWA_GMI":"Wieliczka","NAZWA_MSC":"Grabówki","odleglosc_m":91.2,"strefa":"50-200 m","warstwa":"adresy"},"geometry":{"type":"Point","coordinates":[19.992909,49.967324]}},{"type":"Feature","properties":{"NUMER_PORZ":"30","KOD_POCZT":"32-020","NAZWA_GMI":"Wieliczka","NAZWA_MSC":"Grabówki","odleglosc_m":76.5,"strefa":"50-200 m","warstwa":"adresy"},"geometry":{"type":"Point","coordinates":[19.996997,49.971026]}},{"type":"Feature","properties":{"NUMER_PORZ":"609","KOD_POCZT":"30-698","NAZWA_GMI":"Wieliczka","NAZWA_MSC":"Golkowice","odleglosc_m":178.4,"strefa":"50-200 m","warstwa":"adresy"},"geometry":{"type":"Point","coordinates":[19.992926,49.97259]}},{"type":"Feature","properties":{"NUMER_PORZ":"211","KOD_POCZT":"30-698","NAZWA_GMI":"Wieliczka","NAZWA_MSC":"Golkowice","odleglosc_m":55.2,"strefa":"50-200 m","warstwa":"adresy"},"geometry":{"type":"Point","coordinates":[19.9973,49.973629]}},{"type":"Feature","properties":{"NUMER_PORZ":"86","KOD_POCZT":"30-698","NAZWA_GMI":"Wieliczka","NAZWA_MSC":"Golkowice","odleglosc_m":106.5,"strefa":"50-200 m","warstwa":"adresy"},"geometry":{"type":"Point","coordinates":[19.979051,49.963443]}},{"type":"Feature","properties":{"NUMER_PORZ":"241","KOD_POCZT":"32-020","NAZWA_GMI":"Wieliczka","NAZWA_MSC":"Grabówki","odleglosc_m":156.1,"strefa":"50-200 m","warstwa":"adresy"},"geometry":{"type":"Point","coordinates":[19.994177,49.967384]}},{"type":"Feature","properties":{"NUMER_PORZ":"25a","KOD_POCZT":"30-698","NAZWA_GMI":"Wieliczka","NAZWA_MSC":"Golkowice","odleglosc_m":0.0,"strefa":"w śladzie","warstwa":"adresy"},"geometry":{"type":"Point","coordinates":[19.99612,49.973609]}},{"type":"Feature","properties":{"NUMER_PORZ":"85","KOD_POCZT":"30-698","NAZWA_GMI":"Wieliczka","NAZWA_MSC":"Golkowice","odleglosc_m":45.3,"strefa":"30-50 m","warstwa":"adresy"},"geometry":{"type":"Point","coordinates":[19.979423,49.965596]}},{"type":"Feature","properties":{"NUMER_PORZ":"119","KOD_POCZT":"30-698","NAZWA_GMI":"Wieliczka","NAZWA_MSC":"Golkowice","odleglosc_m":193.3,"strefa":"50-200 m","warstwa":"adresy"},"geometry":{"type":"Point","coordinates":[19.99298,49.973283]}},{"type":"Feature","properties":{"NUMER_PORZ":"57","KOD_POCZT":"32-020","NAZWA_GMI":"Wieliczka","NAZWA_MSC":"Grabówki","odleglosc_m":146.8,"strefa":"50-200 m","warstwa":"adresy"},"geometry":{"type":"Point","coordinates":[19.994561,49.967755]}},{"type":"Feature","properties":{"NUMER_PORZ":"252","KOD_POCZT":"32-020","NAZWA_GMI":"Wieliczka","NAZWA_MSC":"Grabówki","odleglosc_m":192.9,"strefa":"50-200 m","warstwa":"adresy"},"geometry":{"type":"Point","coordinates":[19.999268,49.973836]}},{"type":"Feature","properties":{"NUMER_PORZ":"406","KOD_POCZT":"30-698","NAZWA_GMI":"Wieliczka","NAZWA_MSC":"Golkowice","odleglosc_m":82.3,"strefa":"50-200 m","warstwa":"adresy"},"geometry":{"type":"Point","coordinates":[19.974213,49.960614]}},{"type":"Feature","properties":{"NUMER_PORZ":"43","KOD_POCZT":"32-020","NAZWA_GMI":"Wieliczka","NAZWA_MSC":"Grabówki","odleglosc_m":143.7,"strefa":"50-200 m","warstwa":"adresy"},"geometry":{"type":"Point","coordinates":[19.998645,49.974419]}},{"type":"Feature","properties":{"NUMER_PORZ":"218","KOD_POCZT":"30-698","NAZWA_GMI":"Wieliczka","NAZWA_MSC":"Golkowice","odleglosc_m":92.5,"strefa":"50-200 m","warstwa":"adresy"},"geometry":{"type":"Point","coordinates":[19.983691,49.967257]}},{"type":"Feature","properties":{"NUMER_PORZ":"48","KOD_POCZT":"30-698","NAZWA_GMI":"Wieliczka","NAZWA_MSC":"Golkowice","odleglosc_m":0.0,"strefa":"w śladzie","warstwa":"adresy"},"geometry":{"type":"Point","coordinates":[19.995862,49.973671]}},{"type":"Feature","properties":{"NUMER_PORZ":"27","KOD_POCZT":"32-020","NAZWA_GMI":"Wieliczka","NAZWA_MSC":"Grabówki","odleglosc_m":185.5,"strefa":"50-200 m","warstwa":"adresy"},"geometry":{"type":"Point","coordinates":[19.998873,49.972384]}},{"type":"Feature","properties":{"NUMER_PORZ":"51A","KOD_POCZT":"30-698","NAZWA_GMI":"Wieliczka","NAZWA_MSC":"Golkowice","odleglosc_m":144.8,"strefa":"50-200 m","warstwa":"adresy"},"geometry":{"type":"Point","coordinates":[19.98732,49.965209]}},{"type":"Feature","properties":{"NUMER_PORZ":"226","KOD_POCZT":"32-020","NAZWA_GMI":"Wieliczka","NAZWA_MSC":"Grabówki","odleglosc_m":73.2,"strefa":"50-200 m","warstwa":"adresy"},"geometry":{"type":"Point","coordinates":[19.996751,49.970608]}},{"type":"Feature","properties":{"NUMER_PORZ":"208","KOD_POCZT":"30-698","NAZWA_GMI":"Wieliczka","NAZWA_MSC":"Golkowice","odleglosc_m":92.5,"strefa":"50-200 m","warstwa":"adresy"},"geometry":{"type":"Point","coordinates":[19.991914,49.967046]}},{"type":"Feature","properties":{"NUMER_PORZ":"385","KOD_POCZT":"30-698","NAZWA_GMI":"Wieliczka","NAZWA_MSC":"Golkowice","odleglosc_m":0.0,"strefa":"w śladzie","warstwa":"adresy"},"geometry":{"type":"Point","coordinates":[19.979482,49.965005]}},{"type":"Feature","properties":{"NUMER_PORZ":"474","KOD_POCZT":"30-698","NAZWA_GMI":"Wieliczka","NAZWA_MSC":"Golkowice","odleglosc_m":197.4,"strefa":"50-200 m","warstwa":"adresy"},"geometry":{"type":"Point","coordinates":[19.986393,49.964514]}},{"type":"Feature","properties":{"NUMER_PORZ":"512","KOD_POCZT":"30-698","NAZWA_GMI":"Wieliczka","NAZWA_MSC":"Golkowice","odleglosc_m":103.5,"strefa":"50-200 m","warstwa":"adresy"},"geometry":{"type":"Point","coordinates":[19.97606,49.961809]}},{"type":"Feature","properties":{"NUMER_PORZ":"80","KOD_POCZT":"30-698","NAZWA_GMI":"Wieliczka","NAZWA_MSC":"Golkowice","odleglosc_m":68.9,"strefa":"50-200 m","warstwa":"adresy"},"geometry":{"type":"Point","coordinates":[19.976447,49.962646]}},{"type":"Feature","properties":{"NUMER_PORZ":"139","KOD_POCZT":"30-698","NAZWA_GMI":"Wieliczka","NAZWA_MSC":"Golkowice","odleglosc_m":192.4,"strefa":"50-200 m","warstwa":"adresy"},"geometry":{"type":"Point","coordinates":[19.972723,49.964155]}},{"type":"Feature","properties":{"NUMER_PORZ":"51","KOD_POCZT":"30-698","NAZWA_GMI":"Wieliczka","NAZWA_MSC":"Golkowice","odleglosc_m":125.4,"strefa":"50-200 m","warstwa":"adresy"},"geometry":{"type":"Point","coordinates":[19.987441,49.965421]}},{"type":"Feature","properties":{"NUMER_PORZ":"320","KOD_POCZT":"30-698","NAZWA_GMI":"Wieliczka","NAZWA_MSC":"Golkowice","odleglosc_m":156.5,"strefa":"50-200 m","warstwa":"adresy"},"geometry":{"type":"Point","coordinates":[19.977053,49.961866]}},{"type":"Feature","properties":{"NUMER_PORZ":"246","KOD_POCZT":"30-698","NAZWA_GMI":"Wieliczka","NAZWA_MSC":"Golkowice","odleglosc_m":95.1,"strefa":"50-200 m","warstwa":"adresy"},"geometry":{"type":"Point","coordinates":[19.983928,49.967264]}},{"type":"Feature","properties":{"NUMER_PORZ":"225","KOD_POCZT":"32-020","NAZWA_GMI":"Wieliczka","NAZWA_MSC":"Grabówki","odleglosc_m":110.7,"strefa":"50-200 m","warstwa":"adresy"},"geometry":{"type":"Point","coordinates":[19.99747,49.970985]}},{"type":"Feature","properties":{"NUMER_PORZ":"301","KOD_POCZT":"30-698","NAZWA_GMI":"Wieliczka","NAZWA_MSC":"Golkowice","odleglosc_m":71.8,"strefa":"50-200 m","warstwa":"adresy"},"geometry":{"type":"Point","coordinates":[19.994711,49.973468]}},{"type":"Feature","properties":{"NUMER_PORZ":"25","KOD_POCZT":"30-698","NAZWA_GMI":"Wieliczka","NAZWA_MSC":"Golkowice","odleglosc_m":0.0,"strefa":"w śladzie","warstwa":"adresy"},"geometry":{"type":"Point","coordinates":[19.996257,49.973711]}},{"type":"Feature","properties":{"NUMER_PORZ":"114","KOD_POCZT":"32-020","NAZWA_GMI":"Wieliczka","NAZWA_MSC":"Grabówki","odleglosc_m":193.6,"strefa":"50-200 m","warstwa":"adresy"},"geometry":{"type":"Point","coordinates":[19.999335,49.974304]}},{"type":"Feature","properties":{"NUMER_PORZ":"53","KOD_POCZT":"30-698","NAZWA_GMI":"Wieliczka","NAZWA_MSC":"Golkowice","odleglosc_m":100.7,"strefa":"50-200 m","warstwa":"adresy"},"geometry":{"type":"Point","coordinates":[19.984163,49.967272]}},{"type":"Feature","properties":{"NUMER_PORZ":"69","KOD_POCZT":"30-698","NAZWA_GMI":"Wieliczka","NAZWA_MSC":"Golkowice","odleglosc_m":30.9,"strefa":"30-50 m","warstwa":"adresy"},"geometry":{"type":"Point","coordinates":[19.991376,49.967485]}},{"type":"Feature","properties":{"NUMER_PORZ":"45a","KOD_POCZT":"32-020","NAZWA_GMI":"Wieliczka","NAZWA_MSC":"Grabówki","odleglosc_m":145.2,"strefa":"50-200 m","warstwa":"adresy"},"geometry":{"type":"Point","coordinates":[19.998619,49.973975]}},{"type":"Feature","properties":{"NUMER_PORZ":"99","KOD_POCZT":"30-698","NAZWA_GMI":"Wieliczka","NAZWA_MSC":"Golkowice","odleglosc_m":116.1,"strefa":"50-200 m","warstwa":"adresy"},"geometry":{"type":"Point","coordinates":[19.976597,49.962079]}},{"type":"Feature","properties":{"NUMER_PORZ":"238","KOD_POCZT":"32-020","NAZWA_GMI":"Wieliczka","NAZWA_MSC":"Podstolice","odleglosc_m":195.2,"strefa":"50-200 m","warstwa":"adresy"},"geometry":{"type":"Point","coordinates":[19.997195,49.969008]}},{"type":"Feature","properties":{"NUMER_PORZ":"47","KOD_POCZT":"32-020","NAZWA_GMI":"Wieliczka","NAZWA_MSC":"Grabówki","odleglosc_m":148.0,"strefa":"50-200 m","warstwa":"adresy"},"geometry":{"type":"Point","coordinates":[19.998182,49.971796]}},{"type":"Feature","properties":{"NUMER_PORZ":"172","KOD_POCZT":"30-698","NAZWA_GMI":"Wieliczka","NAZWA_MSC":"Golkowice","odleglosc_m":102.3,"strefa":"50-200 m","warstwa":"adresy"},"geometry":{"type":"Point","coordinates":[19.977801,49.962916]}},{"type":"Feature","properties":{"NUMER_PORZ":"47a","KOD_POCZT":"32-020","NAZWA_GMI":"Wieliczka","NAZWA_MSC":"Grabówki","odleglosc_m":155.9,"strefa":"50-200 m","warstwa":"adresy"},"geometry":{"type":"Point","coordinates":[19.998285,49.971758]}},{"type":"Feature","properties":{"NUMER_PORZ":"190","KOD_POCZT":"30-698","NAZWA_GMI":"Wieliczka","NAZWA_MSC":"Golkowice","odleglosc_m":128.9,"strefa":"50-200 m","warstwa":"adresy"},"geometry":{"type":"Point","coordinates":[19.976532,49.961824]}},{"type":"Feature","properties":{"NUMER_PORZ":"1143","KOD_POCZT":"32-444","NAZWA_GMI":"Myślenice","NAZWA_MSC":"Głogoczów","odleglosc_m":145.5,"strefa":"50-200 m","warstwa":"adresy"},"geometry":{"type":"Point","coordinates":[19.886898,49.89697]}},{"type":"Feature","properties":{"NUMER_PORZ":"836","KOD_POCZT":"32-445","NAZWA_GMI":"Myślenice","NAZWA_MSC":"Krzyszkowice","odleglosc_m":62.8,"strefa":"50-200 m","warstwa":"adresy"},"geometry":{"type":"Point","coordinates":[19.910243,49.882765]}},{"type":"Feature","properties":{"NUMER_PORZ":"836C","KOD_POCZT":"32-445","NAZWA_GMI":"Myślenice","NAZWA_MSC":"Krzyszkowice","odleglosc_m":48.8,"strefa":"30-50 m","warstwa":"adresy"},"geometry":{"type":"Point","coordinates":[19.910364,49.882869]}},{"type":"Feature","properties":{"NUMER_PORZ":"836B","KOD_POCZT":"32-445","NAZWA_GMI":"Myślenice","NAZWA_MSC":"Krzyszkowice","odleglosc_m":53.9,"strefa":"50-200 m","warstwa":"adresy"},"geometry":{"type":"Point","coordinates":[19.910302,49.882836]}},{"type":"Feature","properties":{"NUMER_PORZ":"836A","KOD_POCZT":"32-445","NAZWA_GMI":"Myślenice","NAZWA_MSC":"Krzyszkowice","odleglosc_m":56.8,"strefa":"50-200 m","warstwa":"adresy"},"geometry":{"type":"Point","coordinates":[19.910345,49.882795]}},{"type":"Feature","properties":{"NUMER_PORZ":"1100","KOD_POCZT":"32-444","NAZWA_GMI":"Myślenice","NAZWA_MSC":"Głogoczów","odleglosc_m":192.3,"strefa":"50-200 m","warstwa":"adresy"},"geometry":{"type":"Point","coordinates":[19.89417,49.892824]}},{"type":"Feature","properties":{"NUMER_PORZ":"1112","KOD_POCZT":"32-444","NAZWA_GMI":"Myślenice","NAZWA_MSC":"Głogoczów","odleglosc_m":137.6,"strefa":"50-200 m","warstwa":"adresy"},"geometry":{"type":"Point","coordinates":[19.893687,49.892402]}},{"type":"Feature","properties":{"NUMER_PORZ":"1087E","KOD_POCZT":"32-444","NAZWA_GMI":"Myślenice","NAZWA_MSC":"Głogoczów","odleglosc_m":71.3,"strefa":"50-200 m","warstwa":"adresy"},"geometry":{"type":"Point","coordinates":[19.891436,49.910718]}},{"type":"Feature","properties":{"NUMER_PORZ":"791","KOD_POCZT":"32-445","NAZWA_GMI":"Myślenice","NAZWA_MSC":"Krzyszkowice","odleglosc_m":100.3,"strefa":"50-200 m","warstwa":"adresy"},"geometry":{"type":"Point","coordinates":[19.925151,49.876279]}},{"type":"Feature","properties":{"NUMER_PORZ":"792","KOD_POCZT":"32-445","NAZWA_GMI":"Myślenice","NAZWA_MSC":"Krzyszkowice","odleglosc_m":39.6,"strefa":"30-50 m","warstwa":"adresy"},"geometry":{"type":"Point","coordinates":[19.915913,49.882223]}},{"type":"Feature","properties":{"NUMER_PORZ":"1141A","KOD_POCZT":"32-444","NAZWA_GMI":"Myślenice","NAZWA_MSC":"Głogoczów","odleglosc_m":144.6,"strefa":"50-200 m","warstwa":"adresy"},"geometry":{"type":"Point","coordinates":[19.892466,49.908851]}},{"type":"Feature","properties":{"NUMER_PORZ":"817G","KOD_POCZT":"32-445","NAZWA_GMI":"Myślenice","NAZWA_MSC":"Krzyszkowice","odleglosc_m":105.3,"strefa":"50-200 m","warstwa":"adresy"},"geometry":{"type":"Point","coordinates":[19.921654,49.879905]}},{"type":"Feature","properties":{"NUMER_PORZ":"457B","KOD_POCZT":"32-445","NAZWA_GMI":"Myślenice","NAZWA_MSC":"Krzyszkowice","odleglosc_m":8.7,"strefa":"0-20 m","warstwa":"adresy"},"geometry":{"type":"Point","coordinates":[19.909914,49.883395]}},{"type":"Feature","properties":{"NUMER_PORZ":"4","KOD_POCZT":"32-031","NAZWA_GMI":"Mogilany","NAZWA_MSC":"Włosań","odleglosc_m":0.0,"strefa":"w śladzie","warstwa":"adresy"},"geometry":{"type":"Point","coordinates":[19.890439,49.912861]}},{"type":"Feature","properties":{"NUMER_PORZ":"1055B","KOD_POCZT":"32-444","NAZWA_GMI":"Myślenice","NAZWA_MSC":"Głogoczów","odleglosc_m":29.3,"strefa":"20-30 m","warstwa":"adresy"},"geometry":{"type":"Point","coordinates":[19.88807,49.904892]}},{"type":"Feature","properties":{"NUMER_PORZ":"14","KOD_POCZT":"32-040","NAZWA_ULC":"Zielona","NAZWA_GMI":"Świątniki Górne","NAZWA_MSC":"Wrząsowice","odleglosc_m":89.0,"strefa":"50-200 m","warstwa":"adresy"},"geometry":{"type":"Point","coordinates":[19.946565,49.94812]}},{"type":"Feature","properties":{"NUMER_PORZ":"15","KOD_POCZT":"32-040","NAZWA_ULC":"Zielona","NAZWA_GMI":"Świątniki Górne","NAZWA_MSC":"Wrząsowice","odleglosc_m":29.8,"strefa":"20-30 m","warstwa":"adresy"},"geometry":{"type":"Point","coordinates":[19.946238,49.946273]}},{"type":"Feature","properties":{"NUMER_PORZ":"10","KOD_POCZT":"32-040","NAZWA_ULC":"Zielona","NAZWA_GMI":"Świątniki Górne","NAZWA_MSC":"Wrząsowice","odleglosc_m":124.2,"strefa":"50-200 m","warstwa":"adresy"},"geometry":{"type":"Point","coordinates":[19.946334,49.948419]}},{"type":"Feature","properties":{"NUMER_PORZ":"4","KOD_POCZT":"32-040","NAZWA_ULC":"Zielona","NAZWA_GMI":"Świątniki Górne","NAZWA_MSC":"Wrząsowice","odleglosc_m":167.0,"strefa":"50-200 m","warstwa":"adresy"},"geometry":{"type":"Point","coordinates":[19.946436,49.948816]}},{"type":"Feature","properties":{"NUMER_PORZ":"3","KOD_POCZT":"32-040","NAZWA_ULC":"Zielona","NAZWA_GMI":"Świątniki Górne","NAZWA_MSC":"Wrząsowice","odleglosc_m":108.3,"strefa":"50-200 m","warstwa":"adresy"},"geometry":{"type":"Point","coordinates":[19.947155,49.948321]}},{"type":"Feature","properties":{"NUMER_PORZ":"12","KOD_POCZT":"32-040","NAZWA_ULC":"Zielona","NAZWA_GMI":"Świątniki Górne","NAZWA_MSC":"Wrząsowice","odleglosc_m":95.1,"strefa":"50-200 m","warstwa":"adresy"},"geometry":{"type":"Point","coordinates":[19.946797,49.94819]}},{"type":"Feature","properties":{"NUMER_PORZ":"32","KOD_POCZT":"32-040","NAZWA_ULC":"Zielona","NAZWA_GMI":"Świątniki Górne","NAZWA_MSC":"Wrząsowice","odleglosc_m":0.0,"strefa":"w śladzie","warstwa":"adresy"},"geometry":{"type":"Point","coordinates":[19.945698,49.946509]}},{"type":"Feature","properties":{"NUMER_PORZ":"17","KOD_POCZT":"32-040","NAZWA_ULC":"Zielona","NAZWA_GMI":"Świątniki Górne","NAZWA_MSC":"Wrząsowice","odleglosc_m":79.9,"strefa":"50-200 m","warstwa":"adresy"},"geometry":{"type":"Point","coordinates":[19.946112,49.94579]}},{"type":"Feature","properties":{"NUMER_PORZ":"6","KOD_POCZT":"32-040","NAZWA_ULC":"Zalesie","NAZWA_GMI":"Świątniki Górne","NAZWA_MSC":"Wrząsowice","odleglosc_m":170.2,"strefa":"50-200 m","warstwa":"adresy"},"geometry":{"type":"Point","coordinates":[19.946699,49.945042]}},{"type":"Feature","properties":{"NUMER_PORZ":"5","KOD_POCZT":"32-040","NAZWA_ULC":"Zalesie","NAZWA_GMI":"Świątniki Górne","NAZWA_MSC":"Wrząsowice","odleglosc_m":133.2,"strefa":"50-200 m","warstwa":"adresy"},"geometry":{"type":"Point","coordinates":[19.947609,49.945656]}},{"type":"Feature","properties":{"NUMER_PORZ":"16","KOD_POCZT":"32-040","NAZWA_ULC":"Zalesie","NAZWA_GMI":"Świątniki Górne","NAZWA_MSC":"Wrząsowice","odleglosc_m":186.5,"strefa":"50-200 m","warstwa":"adresy"},"geometry":{"type":"Point","coordinates":[19.947846,49.945197]}},{"type":"Feature","properties":{"NUMER_PORZ":"8","KOD_POCZT":"32-040","NAZWA_ULC":"Zalesie","NAZWA_GMI":"Świątniki Górne","NAZWA_MSC":"Wrząsowice","odleglosc_m":188.7,"strefa":"50-200 m","warstwa":"adresy"},"geometry":{"type":"Point","coordinates":[19.946513,49.94484]}},{"type":"Feature","properties":{"NUMER_PORZ":"21","KOD_POCZT":"32-040","NAZWA_ULC":"Zielona","NAZWA_GMI":"Świątniki Górne","NAZWA_MSC":"Wrząsowice","odleglosc_m":131.6,"strefa":"50-200 m","warstwa":"adresy"},"geometry":{"type":"Point","coordinates":[19.945698,49.94526]}},{"type":"Feature","properties":{"NUMER_PORZ":"14","KOD_POCZT":"32-040","NAZWA_ULC":"Zalesie","NAZWA_GMI":"Świątniki Górne","NAZWA_MSC":"Wrząsowice","odleglosc_m":164.8,"strefa":"50-200 m","warstwa":"adresy"},"geometry":{"type":"Point","coordinates":[19.947616,49.945343]}},{"type":"Feature","properties":{"NUMER_PORZ":"38A","KOD_POCZT":"32-040","NAZWA_ULC":"Zielona","NAZWA_GMI":"Świątniki Górne","NAZWA_MSC":"Wrząsowice","odleglosc_m":85.7,"strefa":"50-200 m","warstwa":"adresy"},"geometry":{"type":"Point","coordinates":[19.945073,49.945642]}},{"type":"Feature","properties":{"NUMER_PORZ":"42","KOD_POCZT":"32-040","NAZWA_ULC":"Zielona","NAZWA_GMI":"Świątniki Górne","NAZWA_MSC":"Wrząsowice","odleglosc_m":112.9,"strefa":"50-200 m","warstwa":"adresy"},"geometry":{"type":"Point","coordinates":[19.945111,49.945397]}},{"type":"Feature","properties":{"NUMER_PORZ":"38","KOD_POCZT":"32-040","NAZWA_ULC":"Zielona","NAZWA_GMI":"Świątniki Górne","NAZWA_MSC":"Wrząsowice","odleglosc_m":80.5,"strefa":"50-200 m","warstwa":"adresy"},"geometry":{"type":"Point","coordinates":[19.945011,49.945688]}},{"type":"Feature","properties":{"NUMER_PORZ":"1","KOD_POCZT":"32-040","NAZWA_ULC":"Zalesie","NAZWA_GMI":"Świątniki Górne","NAZWA_MSC":"Wrząsowice","odleglosc_m":112.0,"strefa":"50-200 m","warstwa":"adresy"},"geometry":{"type":"Point","coordinates":[19.946686,49.945592]}},{"type":"Feature","properties":{"NUMER_PORZ":"36","KOD_POCZT":"32-040","NAZWA_ULC":"Zielona","NAZWA_GMI":"Świątniki Górne","NAZWA_MSC":"Wrząsowice","odleglosc_m":53.8,"strefa":"50-200 m","warstwa":"adresy"},"geometry":{"type":"Point","coordinates":[19.945137,49.94593]}},{"type":"Feature","properties":{"NUMER_PORZ":"28","KOD_POCZT":"32-040","NAZWA_ULC":"Zielona","NAZWA_GMI":"Świątniki Górne","NAZWA_MSC":"Wrząsowice","odleglosc_m":0.0,"strefa":"w śladzie","warstwa":"adresy"},"geometry":{"type":"Point","coordinates":[19.945879,49.946727]}},{"type":"Feature","properties":{"NUMER_PORZ":"9","KOD_POCZT":"32-040","NAZWA_ULC":"Zielona","NAZWA_GMI":"Świątniki Górne","NAZWA_MSC":"Wrząsowice","odleglosc_m":12.3,"strefa":"0-20 m","warstwa":"adresy"},"geometry":{"type":"Point","coordinates":[19.946952,49.947445]}},{"type":"Feature","properties":{"NUMER_PORZ":"7","KOD_POCZT":"32-040","NAZWA_ULC":"Zielona","NAZWA_GMI":"Świątniki Górne","NAZWA_MSC":"Wrząsowice","odleglosc_m":37.2,"strefa":"30-50 m","warstwa":"adresy"},"geometry":{"type":"Point","coordinates":[19.947056,49.947659]}},{"type":"Feature","properties":{"NUMER_PORZ":"2","KOD_POCZT":"32-040","NAZWA_ULC":"Leśna","NAZWA_GMI":"Świątniki Górne","NAZWA_MSC":"Wrząsowice","odleglosc_m":44.3,"strefa":"30-50 m","warstwa":"adresy"},"geometry":{"type":"Point","coordinates":[19.947308,49.947754]}},{"type":"Feature","properties":{"NUMER_PORZ":"18","KOD_POCZT":"32-040","NAZWA_ULC":"Zielona","NAZWA_GMI":"Świątniki Górne","NAZWA_MSC":"Wrząsowice","odleglosc_m":60.1,"strefa":"50-200 m","warstwa":"adresy"},"geometry":{"type":"Point","coordinates":[19.946526,49.947854]}},{"type":"Feature","properties":{"NUMER_PORZ":"16","KOD_POCZT":"32-040","NAZWA_ULC":"Zielona","NAZWA_GMI":"Świątniki Górne","NAZWA_MSC":"Wrząsowice","odleglosc_m":61.3,"strefa":"50-200 m","warstwa":"adresy"},"geometry":{"type":"Point","coordinates":[19.946854,49.947888]}},{"type":"Feature","properties":{"NUMER_PORZ":"8","KOD_POCZT":"32-040","NAZWA_ULC":"Leśna","NAZWA_GMI":"Świątniki Górne","NAZWA_MSC":"Wrząsowice","odleglosc_m":53.2,"strefa":"50-200 m","warstwa":"adresy"},"geometry":{"type":"Point","coordinates":[19.94835,49.947933]}},{"type":"Feature","properties":{"NUMER_PORZ":"3","KOD_POCZT":"32-040","NAZWA_ULC":"Leśna","NAZWA_GMI":"Świątniki Górne","NAZWA_MSC":"Wrząsowice","odleglosc_m":80.0,"strefa":"50-200 m","warstwa":"adresy"},"geometry":{"type":"Point","coordinates":[19.948261,49.948171]}},{"type":"Feature","properties":{"NUMER_PORZ":"1","KOD_POCZT":"32-040","NAZWA_ULC":"Zielona","NAZWA_GMI":"Świątniki Górne","NAZWA_MSC":"Wrząsowice","odleglosc_m":124.6,"strefa":"50-200 m","warstwa":"adresy"},"geometry":{"type":"Point","coordinates":[19.947268,49.948482]}},{"type":"Feature","properties":{"NUMER_PORZ":"4","KOD_POCZT":"32-040","NAZWA_ULC":"Leśna","NAZWA_GMI":"Świątniki Górne","NAZWA_MSC":"Wrząsowice","odleglosc_m":45.5,"strefa":"30-50 m","warstwa":"adresy"},"geometry":{"type":"Point","coordinates":[19.947425,49.947778]}},{"type":"Feature","properties":{"NUMER_PORZ":"16","KOD_POCZT":"32-040","NAZWA_ULC":"Sportowa Polanka","NAZWA_GMI":"Świątniki Górne","NAZWA_MSC":"Wrząsowice","odleglosc_m":135.7,"strefa":"50-200 m","warstwa":"adresy"},"geometry":{"type":"Point","coordinates":[19.951332,49.946452]}},{"type":"Feature","properties":{"NUMER_PORZ":"23","KOD_POCZT":"32-040","NAZWA_ULC":"Zielona","NAZWA_GMI":"Świątniki Górne","NAZWA_MSC":"Wrząsowice","odleglosc_m":154.0,"strefa":"50-200 m","warstwa":"adresy"},"geometry":{"type":"Point","coordinates":[19.945641,49.94505]}},{"type":"Feature","properties":{"NUMER_PORZ":"30","KOD_POCZT":"32-040","NAZWA_ULC":"Zielona","NAZWA_GMI":"Świątniki Górne","NAZWA_MSC":"Wrząsowice","odleglosc_m":0.0,"strefa":"w śladzie","warstwa":"adresy"},"geometry":{"type":"Point","coordinates":[19.945281,49.946801]}},{"type":"Feature","properties":{"NUMER_PORZ":"6","KOD_POCZT":"32-040","NAZWA_ULC":"Leśna","NAZWA_GMI":"Świątniki Górne","NAZWA_MSC":"Wrząsowice","odleglosc_m":42.5,"strefa":"30-50 m","warstwa":"adresy"},"geometry":{"type":"Point","coordinates":[19.947867,49.947779]}},{"type":"Feature","properties":{"NUMER_PORZ":"2","KOD_POCZT":"32-040","NAZWA_ULC":"Zalesie","NAZWA_GMI":"Świątniki Górne","NAZWA_MSC":"Wrząsowice","odleglosc_m":140.4,"strefa":"50-200 m","warstwa":"adresy"},"geometry":{"type":"Point","coordinates":[19.946276,49.945255]}},{"type":"Feature","properties":{"NUMER_PORZ":"40","KOD_POCZT":"32-040","NAZWA_ULC":"Zielona","NAZWA_GMI":"Świątniki Górne","NAZWA_MSC":"Wrząsowice","odleglosc_m":85.4,"strefa":"50-200 m","warstwa":"adresy"},"geometry":{"type":"Point","coordinates":[19.944293,49.945675]}},{"type":"Feature","properties":{"NUMER_PORZ":"8","KOD_POCZT":"32-040","NAZWA_ULC":"Zielona","NAZWA_GMI":"Świątniki Górne","NAZWA_MSC":"Wrząsowice","odleglosc_m":144.2,"strefa":"50-200 m","warstwa":"adresy"},"geometry":{"type":"Point","coordinates":[19.94636,49.948604]}},{"type":"Feature","properties":{"NUMER_PORZ":"6","KOD_POCZT":"32-040","NAZWA_ULC":"Zielona","NAZWA_GMI":"Świątniki Górne","NAZWA_MSC":"Wrząsowice","odleglosc_m":142.5,"strefa":"50-200 m","warstwa":"adresy"},"geometry":{"type":"Point","coordinates":[19.946545,49.948603]}},{"type":"Feature","properties":{"NUMER_PORZ":"105d","KOD_POCZT":"32-400","NAZWA_ULC":"Andrzeja Średniawskiego","NAZWA_GMI":"Myślenice","NAZWA_MSC":"Myślenice","odleglosc_m":121.7,"strefa":"50-200 m","warstwa":"adresy"},"geometry":{"type":"Point","coordinates":[19.916541,49.834841]}},{"type":"Feature","properties":{"NUMER_PORZ":"1","KOD_POCZT":"32-400","NAZWA_ULC":"Tarnówka","NAZWA_GMI":"Myślenice","NAZWA_MSC":"Myślenice","odleglosc_m":0.0,"strefa":"w śladzie","warstwa":"adresy"},"geometry":{"type":"Point","coordinates":[19.924363,49.8453]}},{"type":"Feature","properties":{"NUMER_PORZ":"3h","KOD_POCZT":"32-400","NAZWA_ULC":"Tarnówka","NAZWA_GMI":"Myślenice","NAZWA_MSC":"Myślenice","odleglosc_m":74.4,"strefa":"50-200 m","warstwa":"adresy"},"geometry":{"type":"Point","coordinates":[19.924166,49.847012]}},{"type":"Feature","properties":{"NUMER_PORZ":"126","KOD_POCZT":"32-400","NAZWA_ULC":"Andrzeja Średniawskiego","NAZWA_GMI":"Myślenice","NAZWA_MSC":"Myślenice","odleglosc_m":134.2,"strefa":"50-200 m","warstwa":"adresy"},"geometry":{"type":"Point","coordinates":[19.91061,49.832035]}},{"type":"Feature","properties":{"NUMER_PORZ":"125","KOD_POCZT":"32-400","NAZWA_ULC":"Andrzeja Średniawskiego","NAZWA_GMI":"Myślenice","NAZWA_MSC":"Myślenice","odleglosc_m":88.1,"strefa":"50-200 m","warstwa":"adresy"},"geometry":{"type":"Point","coordinates":[19.911297,49.832114]}},{"type":"Feature","properties":{"NUMER_PORZ":"119a","KOD_POCZT":"32-400","NAZWA_ULC":"Andrzeja Średniawskiego","NAZWA_GMI":"Myślenice","NAZWA_MSC":"Myślenice","odleglosc_m":0.0,"strefa":"w śladzie","warstwa":"adresy"},"geometry":{"type":"Point","coordinates":[19.913191,49.832879]}},{"type":"Feature","properties":{"NUMER_PORZ":"115b","KOD_POCZT":"32-400","NAZWA_ULC":"3-ego Maja","NAZWA_GMI":"Myślenice","NAZWA_MSC":"Myślenice","odleglosc_m":103.1,"strefa":"50-200 m","warstwa":"adresy"},"geometry":{"type":"Point","coordinates":[19.910432,49.830135]}},{"type":"Feature","properties":{"NUMER_PORZ":"125a","KOD_POCZT":"32-400","NAZWA_ULC":"Andrzeja Średniawskiego","NAZWA_GMI":"Myślenice","NAZWA_MSC":"Myślenice","odleglosc_m":114.8,"strefa":"50-200 m","warstwa":"adresy"},"geometry":{"type":"Point","coordinates":[19.910883,49.831999]}},{"type":"Feature","properties":{"NUMER_PORZ":"118b","KOD_POCZT":"32-400","NAZWA_ULC":"3-ego Maja","NAZWA_GMI":"Myślenice","NAZWA_MSC":"Myślenice","odleglosc_m":165.3,"strefa":"50-200 m","warstwa":"adresy"},"geometry":{"type":"Point","coordinates":[19.909717,49.830707]}},{"type":"Feature","properties":{"NUMER_PORZ":"118a","KOD_POCZT":"32-400","NAZWA_ULC":"3-ego Maja","NAZWA_GMI":"Myślenice","NAZWA_MSC":"Myślenice","odleglosc_m":181.7,"strefa":"50-200 m","warstwa":"adresy"},"geometry":{"type":"Point","coordinates":[19.909451,49.83066]}},{"type":"Feature","properties":{"NUMER_PORZ":"3d","KOD_POCZT":"32-400","NAZWA_ULC":"Tarnówka","NAZWA_GMI":"Myślenice","NAZWA_MSC":"Myślenice","odleglosc_m":0.0,"strefa":"w śladzie","warstwa":"adresy"},"geometry":{"type":"Point","coordinates":[19.924837,49.845785]}},{"type":"Feature","properties":{"NUMER_PORZ":"104a","KOD_POCZT":"32-400","NAZWA_ULC":"3-ego Maja","NAZWA_GMI":"Myślenice","NAZWA_MSC":"Myślenice","odleglosc_m":196.0,"strefa":"50-200 m","warstwa":"adresy"},"geometry":{"type":"Point","coordinates":[19.915489,49.830649]}},{"type":"Feature","properties":{"NUMER_PORZ":"4d","KOD_POCZT":"32-400","NAZWA_ULC":"Tarnówka","NAZWA_GMI":"Myślenice","NAZWA_MSC":"Myślenice","odleglosc_m":104.8,"strefa":"50-200 m","warstwa":"adresy"},"geometry":{"type":"Point","coordinates":[19.925303,49.849956]}},{"type":"Feature","properties":{"NUMER_PORZ":"113","KOD_POCZT":"32-400","NAZWA_ULC":"Andrzeja Średniawskiego","NAZWA_GMI":"Myślenice","NAZWA_MSC":"Myślenice","odleglosc_m":82.8,"strefa":"50-200 m","warstwa":"adresy"},"geometry":{"type":"Point","coordinates":[19.914592,49.832515]}},{"type":"Feature","properties":{"NUMER_PORZ":"106E","KOD_POCZT":"32-400","NAZWA_ULC":"Andrzeja Średniawskiego","NAZWA_GMI":"Myślenice","NAZWA_MSC":"Myślenice","odleglosc_m":127.7,"strefa":"50-200 m","warstwa":"adresy"},"geometry":{"type":"Point","coordinates":[19.916253,49.834415]}},{"type":"Feature","properties":{"NUMER_PORZ":"110","KOD_POCZT":"32-400","NAZWA_ULC":"Andrzeja Średniawskiego","NAZWA_GMI":"Myślenice","NAZWA_MSC":"Myślenice","odleglosc_m":107.8,"strefa":"50-200 m","warstwa":"adresy"},"geometry":{"type":"Point","coordinates":[19.915222,49.833196]}},{"type":"Feature","properties":{"NUMER_PORZ":"102","KOD_POCZT":"32-400","NAZWA_ULC":"3-ego Maja","NAZWA_GMI":"Myślenice","NAZWA_MSC":"Myślenice","odleglosc_m":163.8,"strefa":"50-200 m","warstwa":"adresy"},"geometry":{"type":"Point","coordinates":[19.91554,49.832007]}},{"type":"Feature","properties":{"NUMER_PORZ":"4G","KOD_POCZT":"32-400","NAZWA_ULC":"Tarnówka","NAZWA_GMI":"Myślenice","NAZWA_MSC":"Myślenice","odleglosc_m":89.2,"strefa":"50-200 m","warstwa":"adresy"},"geometry":{"type":"Point","coordinates":[19.925634,49.85098]}},{"type":"Feature","properties":{"NUMER_PORZ":"4H","KOD_POCZT":"32-400","NAZWA_ULC":"Tarnówka","NAZWA_GMI":"Myślenice","NAZWA_MSC":"Myślenice","odleglosc_m":102.2,"strefa":"50-200 m","warstwa":"adresy"},"geometry":{"type":"Point","coordinates":[19.925472,49.851842]}},{"type":"Feature","properties":{"NUMER_PORZ":"1h","KOD_POCZT":"32-400","NAZWA_ULC":"Tarnówka","NAZWA_GMI":"Myślenice","NAZWA_MSC":"Myślenice","odleglosc_m":5.6,"strefa":"0-20 m","warstwa":"adresy"},"geometry":{"type":"Point","coordinates":[19.923252,49.844609]}},{"type":"Feature","properties":{"NUMER_PORZ":"111","KOD_POCZT":"32-400","NAZWA_ULC":"3-ego Maja","NAZWA_GMI":"Myślenice","NAZWA_MSC":"Myślenice","odleglosc_m":41.7,"strefa":"30-50 m","warstwa":"adresy"},"geometry":{"type":"Point","coordinates":[19.911772,49.831132]}},{"type":"Feature","properties":{"NUMER_PORZ":"1f","KOD_POCZT":"32-400","NAZWA_ULC":"Tarnówka","NAZWA_GMI":"Myślenice","NAZWA_MSC":"Myślenice","odleglosc_m":60.4,"strefa":"50-200 m","warstwa":"adresy"},"geometry":{"type":"Point","coordinates":[19.922802,49.845149]}},{"type":"Feature","properties":{"NUMER_PORZ":"106C","KOD_POCZT":"32-400","NAZWA_ULC":"Andrzeja Średniawskiego","NAZWA_GMI":"Myślenice","NAZWA_MSC":"Myślenice","odleglosc_m":69.9,"strefa":"50-200 m","warstwa":"adresy"},"geometry":{"type":"Point","coordinates":[19.916805,49.836131]}},{"type":"Feature","properties":{"NUMER_PORZ":"3g","KOD_POCZT":"32-400","NAZWA_ULC":"Tarnówka","NAZWA_GMI":"Myślenice","NAZWA_MSC":"Myślenice","odleglosc_m":5.6,"strefa":"0-20 m","warstwa":"adresy"},"geometry":{"type":"Point","coordinates":[19.924737,49.84644]}},{"type":"Feature","properties":{"NUMER_PORZ":"105e","KOD_POCZT":"32-400","NAZWA_ULC":"Andrzeja Średniawskiego","NAZWA_GMI":"Myślenice","NAZWA_MSC":"Myślenice","odleglosc_m":149.9,"strefa":"50-200 m","warstwa":"adresy"},"geometry":{"type":"Point","coordinates":[19.916395,49.834182]}},{"type":"Feature","properties":{"NUMER_PORZ":"104f","KOD_POCZT":"32-400","NAZWA_ULC":"Andrzeja Średniawskiego","NAZWA_GMI":"Myślenice","NAZWA_MSC":"Myślenice","odleglosc_m":134.7,"strefa":"50-200 m","warstwa":"adresy"},"geometry":{"type":"Point","coordinates":[19.916979,49.835086]}},{"type":"Feature","properties":{"NUMER_PORZ":"110b","KOD_POCZT":"32-400","NAZWA_ULC":"Andrzeja Średniawskiego","NAZWA_GMI":"Myślenice","NAZWA_MSC":"Myślenice","odleglosc_m":130.6,"strefa":"50-200 m","warstwa":"adresy"},"geometry":{"type":"Point","coordinates":[19.915349,49.832668]}},{"type":"Feature","properties":{"NUMER_PORZ":"107","KOD_POCZT":"32-400","NAZWA_ULC":"3-ego Maja","NAZWA_GMI":"Myślenice","NAZWA_MSC":"Myślenice","odleglosc_m":36.2,"strefa":"30-50 m","warstwa":"adresy"},"geometry":{"type":"Point","coordinates":[19.913615,49.831515]}},{"type":"Feature","properties":{"NUMER_PORZ":"110a","KOD_POCZT":"32-400","NAZWA_ULC":"Andrzeja Średniawskiego","NAZWA_GMI":"Myślenice","NAZWA_MSC":"Myślenice","odleglosc_m":116.8,"strefa":"50-200 m","warstwa":"adresy"},"geometry":{"type":"Point","coordinates":[19.915357,49.833206]}},{"type":"Feature","properties":{"NUMER_PORZ":"109","KOD_POCZT":"32-400","NAZWA_ULC":"3-ego Maja","NAZWA_GMI":"Myślenice","NAZWA_MSC":"Myślenice","odleglosc_m":57.0,"strefa":"50-200 m","warstwa":"adresy"},"geometry":{"type":"Point","coordinates":[19.913577,49.830999]}},{"type":"Feature","properties":{"NUMER_PORZ":"105a","KOD_POCZT":"32-400","NAZWA_ULC":"Andrzeja Średniawskiego","NAZWA_GMI":"Myślenice","NAZWA_MSC":"Myślenice","odleglosc_m":175.2,"strefa":"50-200 m","warstwa":"adresy"},"geometry":{"type":"Point","coordinates":[19.916355,49.833508]}},{"type":"Feature","properties":{"NUMER_PORZ":"114a","KOD_POCZT":"32-400","NAZWA_ULC":"3-ego Maja","NAZWA_GMI":"Myślenice","NAZWA_MSC":"Myślenice","odleglosc_m":142.2,"strefa":"50-200 m","warstwa":"adresy"},"geometry":{"type":"Point","coordinates":[19.910326,49.831124]}},{"type":"Feature","properties":{"NUMER_PORZ":"3f","KOD_POCZT":"32-400","NAZWA_ULC":"Tarnówka","NAZWA_GMI":"Myślenice","NAZWA_MSC":"Myślenice","odleglosc_m":0.0,"strefa":"w śladzie","warstwa":"adresy"},"geometry":{"type":"Point","coordinates":[19.924364,49.845734]}},{"type":"Feature","properties":{"NUMER_PORZ":"111b","KOD_POCZT":"32-400","NAZWA_ULC":"3-ego Maja","NAZWA_GMI":"Myślenice","NAZWA_MSC":"Myślenice","odleglosc_m":60.4,"strefa":"50-200 m","warstwa":"adresy"},"geometry":{"type":"Point","coordinates":[19.911511,49.831127]}},{"type":"Feature","properties":{"NUMER_PORZ":"119","KOD_POCZT":"32-400","NAZWA_ULC":"3-ego Maja","NAZWA_GMI":"Myślenice","NAZWA_MSC":"Myślenice","odleglosc_m":181.6,"strefa":"50-200 m","warstwa":"adresy"},"geometry":{"type":"Point","coordinates":[19.909358,49.829911]}},{"type":"Feature","properties":{"NUMER_PORZ":"113A","KOD_POCZT":"32-400","NAZWA_ULC":"Andrzeja Średniawskiego","NAZWA_GMI":"Myślenice","NAZWA_MSC":"Myślenice","odleglosc_m":61.3,"strefa":"50-200 m","warstwa":"adresy"},"geometry":{"type":"Point","coordinates":[19.914544,49.833163]}},{"type":"Feature","properties":{"NUMER_PORZ":"119c","KOD_POCZT":"32-400","NAZWA_ULC":"3-ego Maja","NAZWA_GMI":"Myślenice","NAZWA_MSC":"Myślenice","odleglosc_m":173.4,"strefa":"50-200 m","warstwa":"adresy"},"geometry":{"type":"Point","coordinates":[19.909453,49.830196]}},{"type":"Feature","properties":{"NUMER_PORZ":"116a","KOD_POCZT":"32-400","NAZWA_ULC":"3-ego Maja","NAZWA_GMI":"Myślenice","NAZWA_MSC":"Myślenice","odleglosc_m":170.8,"strefa":"50-200 m","warstwa":"adresy"},"geometry":{"type":"Point","coordinates":[19.909866,49.83108]}},{"type":"Feature","properties":{"NUMER_PORZ":"1e","KOD_POCZT":"32-400","NAZWA_ULC":"Tarnówka","NAZWA_GMI":"Myślenice","NAZWA_MSC":"Myślenice","odleglosc_m":99.4,"strefa":"50-200 m","warstwa":"adresy"},"geometry":{"type":"Point","coordinates":[19.92262,49.845693]}},{"type":"Feature","properties":{"NUMER_PORZ":"111A","KOD_POCZT":"32-400","NAZWA_ULC":"Andrzeja Średniawskiego","NAZWA_GMI":"Myślenice","NAZWA_MSC":"Myślenice","odleglosc_m":91.9,"strefa":"50-200 m","warstwa":"adresy"},"geometry":{"type":"Point","coordinates":[19.91501,49.833237]}},{"type":"Feature","properties":{"NUMER_PORZ":"106D","KOD_POCZT":"32-400","NAZWA_ULC":"Andrzeja Średniawskiego","NAZWA_GMI":"Myślenice","NAZWA_MSC":"Myślenice","odleglosc_m":143.4,"strefa":"50-200 m","warstwa":"adresy"},"geometry":{"type":"Point","coordinates":[19.916158,49.833882]}},{"type":"Feature","properties":{"NUMER_PORZ":"114e","KOD_POCZT":"32-400","NAZWA_ULC":"Andrzeja Średniawskiego","NAZWA_GMI":"Myślenice","NAZWA_MSC":"Myślenice","odleglosc_m":38.5,"strefa":"30-50 m","warstwa":"adresy"},"geometry":{"type":"Point","coordinates":[19.914298,49.83337]}},{"type":"Feature","properties":{"NUMER_PORZ":"105","KOD_POCZT":"32-400","NAZWA_ULC":"Andrzeja Średniawskiego","NAZWA_GMI":"Myślenice","NAZWA_MSC":"Myślenice","odleglosc_m":197.3,"strefa":"50-200 m","warstwa":"adresy"},"geometry":{"type":"Point","coordinates":[19.916385,49.832878]}},{"type":"Feature","properties":{"NUMER_PORZ":"109b","KOD_POCZT":"32-400","NAZWA_ULC":"3-ego Maja","NAZWA_GMI":"Myślenice","NAZWA_MSC":"Myślenice","odleglosc_m":36.8,"strefa":"30-50 m","warstwa":"adresy"},"geometry":{"type":"Point","coordinates":[19.913493,49.831362]}},{"type":"Feature","properties":{"NUMER_PORZ":"113","KOD_POCZT":"32-400","NAZWA_ULC":"3-ego Maja","NAZWA_GMI":"Myślenice","NAZWA_MSC":"Myślenice","odleglosc_m":93.8,"strefa":"50-200 m","warstwa":"adresy"},"geometry":{"type":"Point","coordinates":[19.910939,49.830943]}},{"type":"Feature","properties":{"NUMER_PORZ":"102c","KOD_POCZT":"32-400","NAZWA_ULC":"3-ego Maja","NAZWA_GMI":"Myślenice","NAZWA_MSC":"Myślenice","odleglosc_m":181.4,"strefa":"50-200 m","warstwa":"adresy"},"geometry":{"type":"Point","coordinates":[19.915781,49.831976]}},{"type":"Feature","properties":{"NUMER_PORZ":"58","KOD_POCZT":"32-400","NAZWA_ULC":"Ignacego Daszyńskiego","NAZWA_GMI":"Myślenice","NAZWA_MSC":"Myślenice","odleglosc_m":8.1,"strefa":"0-20 m","warstwa":"adresy"},"geometry":{"type":"Point","coordinates":[19.921775,49.810321]}},{"type":"Feature","properties":{"NUMER_PORZ":"1b","KOD_POCZT":"32-400","NAZWA_ULC":"Tarnówka","NAZWA_GMI":"Myślenice","NAZWA_MSC":"Myślenice","odleglosc_m":0.0,"strefa":"w śladzie","warstwa":"adresy"},"geometry":{"type":"Point","coordinates":[19.924518,49.844952]}},{"type":"Feature","properties":{"NUMER_PORZ":"111E","KOD_POCZT":"32-400","NAZWA_ULC":"3-ego Maja","NAZWA_GMI":"Myślenice","NAZWA_MSC":"Myślenice","odleglosc_m":0.0,"strefa":"nad tunelem","warstwa":"adresy"},"geometry":{"type":"Point","coordinates":[19.912088,49.830175]}},{"type":"Feature","properties":{"NUMER_PORZ":"119","KOD_POCZT":"32-400","NAZWA_ULC":"Andrzeja Średniawskiego","NAZWA_GMI":"Myślenice","NAZWA_MSC":"Myślenice","odleglosc_m":0.0,"strefa":"w śladzie","warstwa":"adresy"},"geometry":{"type":"Point","coordinates":[19.913135,49.832187]}},{"type":"Feature","properties":{"NUMER_PORZ":"104","KOD_POCZT":"32-400","NAZWA_ULC":"3-ego Maja","NAZWA_GMI":"Myślenice","NAZWA_MSC":"Myślenice","odleglosc_m":159.5,"strefa":"50-200 m","warstwa":"adresy"},"geometry":{"type":"Point","coordinates":[19.915289,49.831237]}},{"type":"Feature","properties":{"NUMER_PORZ":"114f","KOD_POCZT":"32-400","NAZWA_ULC":"Andrzeja Średniawskiego","NAZWA_GMI":"Myślenice","NAZWA_MSC":"Myślenice","odleglosc_m":12.7,"strefa":"0-20 m","warstwa":"adresy"},"geometry":{"type":"Point","coordinates":[19.914079,49.833703]}},{"type":"Feature","properties":{"NUMER_PORZ":"5i","KOD_POCZT":"32-400","NAZWA_ULC":"Tarnówka","NAZWA_GMI":"Myślenice","NAZWA_MSC":"Myślenice","odleglosc_m":185.0,"strefa":"50-200 m","warstwa":"adresy"},"geometry":{"type":"Point","coordinates":[19.923536,49.848492]}},{"type":"Feature","properties":{"NUMER_PORZ":"111","KOD_POCZT":"32-400","NAZWA_ULC":"Andrzeja Średniawskiego","NAZWA_GMI":"Myślenice","NAZWA_MSC":"Myślenice","odleglosc_m":119.8,"strefa":"50-200 m","warstwa":"adresy"},"geometry":{"type":"Point","coordinates":[19.91515,49.83257]}},{"type":"Feature","properties":{"NUMER_PORZ":"115a","KOD_POCZT":"32-400","NAZWA_ULC":"3-ego Maja","NAZWA_GMI":"Myślenice","NAZWA_MSC":"Myślenice","odleglosc_m":96.9,"strefa":"50-200 m","warstwa":"adresy"},"geometry":{"type":"Point","coordinates":[19.910571,49.83042]}},{"type":"Feature","properties":{"NUMER_PORZ":"124a","KOD_POCZT":"32-400","NAZWA_ULC":"Andrzeja Średniawskiego","NAZWA_GMI":"Myślenice","NAZWA_MSC":"Myślenice","odleglosc_m":67.5,"strefa":"50-200 m","warstwa":"adresy"},"geometry":{"type":"Point","coordinates":[19.911622,49.832179]}},{"type":"Feature","properties":{"NUMER_PORZ":"6b","KOD_POCZT":"32-400","NAZWA_ULC":"Tarnówka","NAZWA_GMI":"Myślenice","NAZWA_MSC":"Myślenice","odleglosc_m":175.4,"strefa":"50-200 m","warstwa":"adresy"},"geometry":{"type":"Point","coordinates":[19.92413,49.849461]}},{"type":"Feature","properties":{"NUMER_PORZ":"114d","KOD_POCZT":"32-400","NAZWA_ULC":"Andrzeja Średniawskiego","NAZWA_GMI":"Myślenice","NAZWA_MSC":"Myślenice","odleglosc_m":19.8,"strefa":"0-20 m","warstwa":"adresy"},"geometry":{"type":"Point","coordinates":[19.914315,49.83397]}},{"type":"Feature","properties":{"NUMER_PORZ":"118d","KOD_POCZT":"32-400","NAZWA_ULC":"3-ego Maja","NAZWA_GMI":"Myślenice","NAZWA_MSC":"Myślenice","odleglosc_m":130.5,"strefa":"50-200 m","warstwa":"adresy"},"geometry":{"type":"Point","coordinates":[19.910059,49.830053]}},{"type":"Feature","properties":{"NUMER_PORZ":"106","KOD_POCZT":"32-400","NAZWA_ULC":"3-ego Maja","NAZWA_GMI":"Myślenice","NAZWA_MSC":"Myślenice","odleglosc_m":107.4,"strefa":"50-200 m","warstwa":"adresy"},"geometry":{"type":"Point","coordinates":[19.914672,49.8316]}},{"type":"Feature","properties":{"NUMER_PORZ":"117","KOD_POCZT":"32-400","NAZWA_ULC":"3-ego Maja","NAZWA_GMI":"Myślenice","NAZWA_MSC":"Myślenice","odleglosc_m":154.2,"strefa":"50-200 m","warstwa":"adresy"},"geometry":{"type":"Point","coordinates":[19.90991,49.830756]}},{"type":"Feature","properties":{"NUMER_PORZ":"4a","KOD_POCZT":"32-400","NAZWA_ULC":"Tarnówka","NAZWA_GMI":"Myślenice","NAZWA_MSC":"Myślenice","odleglosc_m":89.8,"strefa":"50-200 m","warstwa":"adresy"},"geometry":{"type":"Point","coordinates":[19.92511,49.848819]}},{"type":"Feature","properties":{"NUMER_PORZ":"110c","KOD_POCZT":"32-400","NAZWA_ULC":"Andrzeja Średniawskiego","NAZWA_GMI":"Myślenice","NAZWA_MSC":"Myślenice","odleglosc_m":150.7,"strefa":"50-200 m","warstwa":"adresy"},"geometry":{"type":"Point","coordinates":[19.915681,49.832765]}},{"type":"Feature","properties":{"NUMER_PORZ":"114c","KOD_POCZT":"32-400","NAZWA_ULC":"Andrzeja Średniawskiego","NAZWA_GMI":"Myślenice","NAZWA_MSC":"Myślenice","odleglosc_m":35.4,"strefa":"30-50 m","warstwa":"adresy"},"geometry":{"type":"Point","coordinates":[19.914069,49.832888]}},{"type":"Feature","properties":{"NUMER_PORZ":"114","KOD_POCZT":"32-400","NAZWA_ULC":"Andrzeja Średniawskiego","NAZWA_GMI":"Myślenice","NAZWA_MSC":"Myślenice","odleglosc_m":69.6,"strefa":"50-200 m","warstwa":"adresy"},"geometry":{"type":"Point","coordinates":[19.914372,49.83245]}},{"type":"Feature","properties":{"NUMER_PORZ":"116","KOD_POCZT":"32-400","NAZWA_ULC":"3-ego Maja","NAZWA_GMI":"Myślenice","NAZWA_MSC":"Myślenice","odleglosc_m":146.3,"strefa":"50-200 m","warstwa":"adresy"},"geometry":{"type":"Point","coordinates":[19.910221,49.831056]}},{"type":"Feature","properties":{"NUMER_PORZ":"103a","KOD_POCZT":"32-400","NAZWA_ULC":"Andrzeja Średniawskiego","NAZWA_GMI":"Myślenice","NAZWA_MSC":"Myślenice","odleglosc_m":190.3,"strefa":"50-200 m","warstwa":"adresy"},"geometry":{"type":"Point","coordinates":[19.91703,49.834157]}},{"type":"Feature","properties":{"NUMER_PORZ":"8b","KOD_POCZT":"32-400","NAZWA_ULC":"Tarnówka","NAZWA_GMI":"Myślenice","NAZWA_MSC":"Myślenice","odleglosc_m":14.1,"strefa":"0-20 m","warstwa":"adresy"},"geometry":{"type":"Point","coordinates":[19.926248,49.848948]}},{"type":"Feature","properties":{"NUMER_PORZ":"106a","KOD_POCZT":"32-400","NAZWA_ULC":"3-ego Maja","NAZWA_GMI":"Myślenice","NAZWA_MSC":"Myślenice","odleglosc_m":118.8,"strefa":"50-200 m","warstwa":"adresy"},"geometry":{"type":"Point","coordinates":[19.914778,49.831408]}},{"type":"Feature","properties":{"NUMER_PORZ":"4b","KOD_POCZT":"32-400","NAZWA_ULC":"Tarnówka","NAZWA_GMI":"Myślenice","NAZWA_MSC":"Myślenice","odleglosc_m":46.8,"strefa":"30-50 m","warstwa":"adresy"},"geometry":{"type":"Point","coordinates":[19.925923,49.849311]}},{"type":"Feature","properties":{"NUMER_PORZ":"109g","KOD_POCZT":"32-400","NAZWA_ULC":"3-ego Maja","NAZWA_GMI":"Myślenice","NAZWA_MSC":"Myślenice","odleglosc_m":65.9,"strefa":"50-200 m","warstwa":"adresy"},"geometry":{"type":"Point","coordinates":[19.913685,49.830538]}},{"type":"Feature","properties":{"NUMER_PORZ":"124","KOD_POCZT":"32-400","NAZWA_ULC":"Andrzeja Średniawskiego","NAZWA_GMI":"Myślenice","NAZWA_MSC":"Myślenice","odleglosc_m":61.4,"strefa":"50-200 m","warstwa":"adresy"},"geometry":{"type":"Point","coordinates":[19.911599,49.831866]}},{"type":"Feature","properties":{"NUMER_PORZ":"125E","KOD_POCZT":"32-400","NAZWA_ULC":"Andrzeja Średniawskiego","NAZWA_GMI":"Myślenice","NAZWA_MSC":"Myślenice","odleglosc_m":156.4,"strefa":"50-200 m","warstwa":"adresy"},"geometry":{"type":"Point","coordinates":[19.911157,49.833835]}},{"type":"Feature","properties":{"NUMER_PORZ":"121","KOD_POCZT":"32-400","NAZWA_ULC":"Andrzeja Średniawskiego","NAZWA_GMI":"Myślenice","NAZWA_MSC":"Myślenice","odleglosc_m":0.0,"strefa":"w śladzie","warstwa":"adresy"},"geometry":{"type":"Point","coordinates":[19.912661,49.832174]}},{"type":"Feature","properties":{"NUMER_PORZ":"118","KOD_POCZT":"32-400","NAZWA_ULC":"3-ego Maja","NAZWA_GMI":"Myślenice","NAZWA_MSC":"Myślenice","odleglosc_m":137.9,"strefa":"50-200 m","warstwa":"adresy"},"geometry":{"type":"Point","coordinates":[19.909948,49.829789]}},{"type":"Feature","properties":{"NUMER_PORZ":"109e","KOD_POCZT":"32-400","NAZWA_ULC":"3-ego Maja","NAZWA_GMI":"Myślenice","NAZWA_MSC":"Myślenice","odleglosc_m":70.5,"strefa":"50-200 m","warstwa":"adresy"},"geometry":{"type":"Point","coordinates":[19.91376,49.83033]}},{"type":"Feature","properties":{"NUMER_PORZ":"110","KOD_POCZT":"32-400","NAZWA_ULC":"3-ego Maja","NAZWA_GMI":"Myślenice","NAZWA_MSC":"Myślenice","odleglosc_m":0.0,"strefa":"w śladzie","warstwa":"adresy"},"geometry":{"type":"Point","coordinates":[19.912795,49.831267]}},{"type":"Feature","properties":{"NUMER_PORZ":"3K","KOD_POCZT":"32-400","NAZWA_ULC":"Tarnówka","NAZWA_GMI":"Myślenice","NAZWA_MSC":"Myślenice","odleglosc_m":96.3,"strefa":"50-200 m","warstwa":"adresy"},"geometry":{"type":"Point","coordinates":[19.924385,49.847721]}},{"type":"Feature","properties":{"NUMER_PORZ":"125D","KOD_POCZT":"32-400","NAZWA_ULC":"Andrzeja Średniawskiego","NAZWA_GMI":"Myślenice","NAZWA_MSC":"Myślenice","odleglosc_m":84.7,"strefa":"50-200 m","warstwa":"adresy"},"geometry":{"type":"Point","coordinates":[19.911262,49.831885]}},{"type":"Feature","properties":{"NUMER_PORZ":"106b","KOD_POCZT":"32-400","NAZWA_ULC":"3-ego Maja","NAZWA_GMI":"Myślenice","NAZWA_MSC":"Myślenice","odleglosc_m":88.5,"strefa":"50-200 m","warstwa":"adresy"},"geometry":{"type":"Point","coordinates":[19.914355,49.831445]}},{"type":"Feature","properties":{"NUMER_PORZ":"4f","KOD_POCZT":"32-400","NAZWA_ULC":"Tarnówka","NAZWA_GMI":"Myślenice","NAZWA_MSC":"Myślenice","odleglosc_m":49.4,"strefa":"30-50 m","warstwa":"adresy"},"geometry":{"type":"Point","coordinates":[19.925656,49.848733]}},{"type":"Feature","properties":{"NUMER_PORZ":"109d","KOD_POCZT":"32-400","NAZWA_ULC":"3-ego Maja","NAZWA_GMI":"Myślenice","NAZWA_MSC":"Myślenice","odleglosc_m":48.1,"strefa":"30-50 m","warstwa":"adresy"},"geometry":{"type":"Point","coordinates":[19.913436,49.830579]}},{"type":"Feature","properties":{"NUMER_PORZ":"105b","KOD_POCZT":"32-400","NAZWA_ULC":"Andrzeja Średniawskiego","NAZWA_GMI":"Myślenice","NAZWA_MSC":"Myślenice","odleglosc_m":158.9,"strefa":"50-200 m","warstwa":"adresy"},"geometry":{"type":"Point","coordinates":[19.916375,49.833854]}},{"type":"Feature","properties":{"NUMER_PORZ":"120a","KOD_POCZT":"32-400","NAZWA_ULC":"Andrzeja Średniawskiego","NAZWA_GMI":"Myślenice","NAZWA_MSC":"Myślenice","odleglosc_m":0.0,"strefa":"w śladzie","warstwa":"adresy"},"geometry":{"type":"Point","coordinates":[19.913064,49.831769]}},{"type":"Feature","properties":{"NUMER_PORZ":"109f","KOD_POCZT":"32-400","NAZWA_ULC":"3-ego Maja","NAZWA_GMI":"Myślenice","NAZWA_MSC":"Myślenice","odleglosc_m":62.8,"strefa":"50-200 m","warstwa":"adresy"},"geometry":{"type":"Point","coordinates":[19.913625,49.830804]}},{"type":"Feature","properties":{"NUMER_PORZ":"106","KOD_POCZT":"32-400","NAZWA_ULC":"Andrzeja Średniawskiego","NAZWA_GMI":"Myślenice","NAZWA_MSC":"Myślenice","odleglosc_m":174.6,"strefa":"50-200 m","warstwa":"adresy"},"geometry":{"type":"Point","coordinates":[19.916156,49.833123]}},{"type":"Feature","properties":{"NUMER_PORZ":"123a","KOD_POCZT":"32-400","NAZWA_ULC":"Andrzeja Średniawskiego","NAZWA_GMI":"Myślenice","NAZWA_MSC":"Myślenice","odleglosc_m":44.5,"strefa":"30-50 m","warstwa":"adresy"},"geometry":{"type":"Point","coordinates":[19.911851,49.831904]}},{"type":"Feature","properties":{"NUMER_PORZ":"121a","KOD_POCZT":"32-400","NAZWA_ULC":"Andrzeja Średniawskiego","NAZWA_GMI":"Myślenice","NAZWA_MSC":"Myślenice","odleglosc_m":0.0,"strefa":"w śladzie","warstwa":"adresy"},"geometry":{"type":"Point","coordinates":[19.912684,49.831951]}},{"type":"Feature","properties":{"NUMER_PORZ":"104d","KOD_POCZT":"32-400","NAZWA_ULC":"Andrzeja Średniawskiego","NAZWA_GMI":"Myślenice","NAZWA_MSC":"Myślenice","odleglosc_m":155.4,"strefa":"50-200 m","warstwa":"adresy"},"geometry":{"type":"Point","coordinates":[19.916653,49.834364]}},{"type":"Feature","properties":{"NUMER_PORZ":"3J","KOD_POCZT":"32-400","NAZWA_ULC":"Tarnówka","NAZWA_GMI":"Myślenice","NAZWA_MSC":"Myślenice","odleglosc_m":86.6,"strefa":"50-200 m","warstwa":"adresy"},"geometry":{"type":"Point","coordinates":[19.923749,49.846801]}},{"type":"Feature","properties":{"NUMER_PORZ":"116","KOD_POCZT":"32-400","NAZWA_ULC":"Andrzeja Średniawskiego","NAZWA_GMI":"Myślenice","NAZWA_MSC":"Myślenice","odleglosc_m":21.3,"strefa":"20-30 m","warstwa":"adresy"},"geometry":{"type":"Point","coordinates":[19.913583,49.832241]}},{"type":"Feature","properties":{"NUMER_PORZ":"110d","KOD_POCZT":"32-400","NAZWA_ULC":"Andrzeja Średniawskiego","NAZWA_GMI":"Myślenice","NAZWA_MSC":"Myślenice","odleglosc_m":118.0,"strefa":"50-200 m","warstwa":"adresy"},"geometry":{"type":"Point","coordinates":[19.915267,49.832903]}},{"type":"Feature","properties":{"NUMER_PORZ":"104b","KOD_POCZT":"32-400","NAZWA_ULC":"Andrzeja Średniawskiego","NAZWA_GMI":"Myślenice","NAZWA_MSC":"Myślenice","odleglosc_m":149.8,"strefa":"50-200 m","warstwa":"adresy"},"geometry":{"type":"Point","coordinates":[19.916893,49.834728]}},{"type":"Feature","properties":{"NUMER_PORZ":"106a","KOD_POCZT":"32-400","NAZWA_ULC":"Andrzeja Średniawskiego","NAZWA_GMI":"Myślenice","NAZWA_MSC":"Myślenice","odleglosc_m":182.6,"strefa":"50-200 m","warstwa":"adresy"},"geometry":{"type":"Point","coordinates":[19.916182,49.832897]}},{"type":"Feature","properties":{"NUMER_PORZ":"3e","KOD_POCZT":"32-400","NAZWA_ULC":"Tarnówka","NAZWA_GMI":"Myślenice","NAZWA_MSC":"Myślenice","odleglosc_m":34.7,"strefa":"30-50 m","warstwa":"adresy"},"geometry":{"type":"Point","coordinates":[19.925746,49.845639]}},{"type":"Feature","properties":{"NUMER_PORZ":"105","KOD_POCZT":"32-400","NAZWA_ULC":"3-ego Maja","NAZWA_GMI":"Myślenice","NAZWA_MSC":"Myślenice","odleglosc_m":126.8,"strefa":"50-200 m","warstwa":"adresy"},"geometry":{"type":"Point","coordinates":[19.914968,49.831794]}},{"type":"Feature","properties":{"NUMER_PORZ":"117A","KOD_POCZT":"32-400","NAZWA_ULC":"3-ego Maja","NAZWA_GMI":"Myślenice","NAZWA_MSC":"Myślenice","odleglosc_m":92.6,"strefa":"50-200 m","warstwa":"adresy"},"geometry":{"type":"Point","coordinates":[19.910601,49.829893]}},{"type":"Feature","properties":{"NUMER_PORZ":"107B","KOD_POCZT":"32-400","NAZWA_ULC":"Andrzeja Średniawskiego","NAZWA_GMI":"Myślenice","NAZWA_MSC":"Myślenice","odleglosc_m":97.4,"strefa":"50-200 m","warstwa":"adresy"},"geometry":{"type":"Point","coordinates":[19.91614,49.834835]}},{"type":"Feature","properties":{"NUMER_PORZ":"3","KOD_POCZT":"32-400","NAZWA_ULC":"Tarnówka","NAZWA_GMI":"Myślenice","NAZWA_MSC":"Myślenice","odleglosc_m":106.6,"strefa":"50-200 m","warstwa":"adresy"},"geometry":{"type":"Point","coordinates":[19.924701,49.848499]}},{"type":"Feature","properties":{"NUMER_PORZ":"4E","KOD_POCZT":"32-400","NAZWA_ULC":"Tarnówka","NAZWA_GMI":"Myślenice","NAZWA_MSC":"Myślenice","odleglosc_m":86.8,"strefa":"50-200 m","warstwa":"adresy"},"geometry":{"type":"Point","coordinates":[19.925461,49.849615]}},{"type":"Feature","properties":{"NUMER_PORZ":"118","KOD_POCZT":"32-400","NAZWA_ULC":"Andrzeja Średniawskiego","NAZWA_GMI":"Myślenice","NAZWA_MSC":"Myślenice","odleglosc_m":1.1,"strefa":"0-20 m","warstwa":"adresy"},"geometry":{"type":"Point","coordinates":[19.913288,49.832192]}},{"type":"Feature","properties":{"NUMER_PORZ":"8a","KOD_POCZT":"32-400","NAZWA_ULC":"Tarnówka","NAZWA_GMI":"Myślenice","NAZWA_MSC":"Myślenice","odleglosc_m":195.1,"strefa":"50-200 m","warstwa":"adresy"},"geometry":{"type":"Point","coordinates":[19.923952,49.849716]}},{"type":"Feature","properties":{"NUMER_PORZ":"106E","KOD_POCZT":"32-400","NAZWA_ULC":"3-ego Maja","NAZWA_GMI":"Myślenice","NAZWA_MSC":"Myślenice","odleglosc_m":62.3,"strefa":"50-200 m","warstwa":"adresy"},"geometry":{"type":"Point","coordinates":[19.914022,49.831549]}},{"type":"Feature","properties":{"NUMER_PORZ":"6","KOD_POCZT":"32-400","NAZWA_ULC":"Tarnówka","NAZWA_GMI":"Myślenice","NAZWA_MSC":"Myślenice","odleglosc_m":137.7,"strefa":"50-200 m","warstwa":"adresy"},"geometry":{"type":"Point","coordinates":[19.924636,49.849369]}},{"type":"Feature","properties":{"NUMER_PORZ":"110e","KOD_POCZT":"32-400","NAZWA_ULC":"3-ego Maja","NAZWA_GMI":"Myślenice","NAZWA_MSC":"Myślenice","odleglosc_m":0.0,"strefa":"w śladzie","warstwa":"adresy"},"geometry":{"type":"Point","coordinates":[19.912546,49.830433]}},{"type":"Feature","properties":{"NUMER_PORZ":"108a","KOD_POCZT":"32-400","NAZWA_ULC":"Andrzeja Średniawskiego","NAZWA_GMI":"Myślenice","NAZWA_MSC":"Myślenice","odleglosc_m":146.5,"strefa":"50-200 m","warstwa":"adresy"},"geometry":{"type":"Point","coordinates":[19.915758,49.833145]}},{"type":"Feature","properties":{"NUMER_PORZ":"129b","KOD_POCZT":"32-400","NAZWA_ULC":"Andrzeja Średniawskiego","NAZWA_GMI":"Myślenice","NAZWA_MSC":"Myślenice","odleglosc_m":196.5,"strefa":"50-200 m","warstwa":"adresy"},"geometry":{"type":"Point","coordinates":[19.909594,49.831696]}},{"type":"Feature","properties":{"NUMER_PORZ":"4c","KOD_POCZT":"32-400","NAZWA_ULC":"Tarnówka","NAZWA_GMI":"Myślenice","NAZWA_MSC":"Myślenice","odleglosc_m":65.9,"strefa":"50-200 m","warstwa":"adresy"},"geometry":{"type":"Point","coordinates":[19.925621,49.849247]}},{"type":"Feature","properties":{"NUMER_PORZ":"2","KOD_POCZT":"32-400","NAZWA_ULC":"Tarnówka","NAZWA_GMI":"Myślenice","NAZWA_MSC":"Myślenice","odleglosc_m":26.4,"strefa":"20-30 m","warstwa":"adresy"},"geometry":{"type":"Point","coordinates":[19.926019,49.8488]}},{"type":"Feature","properties":{"NUMER_PORZ":"118e","KOD_POCZT":"32-400","NAZWA_ULC":"3-ego Maja","NAZWA_GMI":"Myślenice","NAZWA_MSC":"Myślenice","odleglosc_m":173.1,"strefa":"50-200 m","warstwa":"adresy"},"geometry":{"type":"Point","coordinates":[19.909553,49.830612]}},{"type":"Feature","properties":{"NUMER_PORZ":"125c","KOD_POCZT":"32-400","NAZWA_ULC":"Andrzeja Średniawskiego","NAZWA_GMI":"Myślenice","NAZWA_MSC":"Myślenice","odleglosc_m":122.8,"strefa":"50-200 m","warstwa":"adresy"},"geometry":{"type":"Point","coordinates":[19.911179,49.832983]}},{"type":"Feature","properties":{"NUMER_PORZ":"125b","KOD_POCZT":"32-400","NAZWA_ULC":"Andrzeja Średniawskiego","NAZWA_GMI":"Myślenice","NAZWA_MSC":"Myślenice","odleglosc_m":116.8,"strefa":"50-200 m","warstwa":"adresy"},"geometry":{"type":"Point","coordinates":[19.911143,49.832719]}},{"type":"Feature","properties":{"NUMER_PORZ":"110a","KOD_POCZT":"32-400","NAZWA_ULC":"3-ego Maja","NAZWA_GMI":"Myślenice","NAZWA_MSC":"Myślenice","odleglosc_m":12.8,"strefa":"0-20 m","warstwa":"adresy"},"geometry":{"type":"Point","coordinates":[19.913095,49.831283]}},{"type":"Feature","properties":{"NUMER_PORZ":"108b","KOD_POCZT":"32-400","NAZWA_ULC":"3-ego Maja","NAZWA_GMI":"Myślenice","NAZWA_MSC":"Myślenice","odleglosc_m":74.9,"strefa":"50-200 m","warstwa":"adresy"},"geometry":{"type":"Point","coordinates":[19.9138,49.830728]}},{"type":"Feature","properties":{"NUMER_PORZ":"3c","KOD_POCZT":"32-400","NAZWA_ULC":"Tarnówka","NAZWA_GMI":"Myślenice","NAZWA_MSC":"Myślenice","odleglosc_m":30.6,"strefa":"30-50 m","warstwa":"adresy"},"geometry":{"type":"Point","coordinates":[19.923851,49.84588]}},{"type":"Feature","properties":{"NUMER_PORZ":"3a","KOD_POCZT":"32-400","NAZWA_ULC":"Tarnówka","NAZWA_GMI":"Myślenice","NAZWA_MSC":"Myślenice","odleglosc_m":5.3,"strefa":"0-20 m","warstwa":"adresy"},"geometry":{"type":"Point","coordinates":[19.924072,49.845677]}},{"type":"Feature","properties":{"NUMER_PORZ":"110G","KOD_POCZT":"32-400","NAZWA_ULC":"3-ego Maja","NAZWA_GMI":"Myślenice","NAZWA_MSC":"Myślenice","odleglosc_m":12.3,"strefa":"0-20 m","warstwa":"adresy"},"geometry":{"type":"Point","coordinates":[19.912912,49.830858]}},{"type":"Feature","properties":{"NUMER_PORZ":"108","KOD_POCZT":"32-400","NAZWA_ULC":"Andrzeja Średniawskiego","NAZWA_GMI":"Myślenice","NAZWA_MSC":"Myślenice","odleglosc_m":155.5,"strefa":"50-200 m","warstwa":"adresy"},"geometry":{"type":"Point","coordinates":[19.91581,49.832936]}},{"type":"Feature","properties":{"NUMER_PORZ":"118a","KOD_POCZT":"32-400","NAZWA_ULC":"Andrzeja Średniawskiego","NAZWA_GMI":"Myślenice","NAZWA_MSC":"Myślenice","odleglosc_m":0.0,"strefa":"w śladzie","warstwa":"adresy"},"geometry":{"type":"Point","coordinates":[19.913303,49.833267]}},{"type":"Feature","properties":{"NUMER_PORZ":"114","KOD_POCZT":"32-400","NAZWA_ULC":"3-ego Maja","NAZWA_GMI":"Myślenice","NAZWA_MSC":"Myślenice","odleglosc_m":116.7,"strefa":"50-200 m","warstwa":"adresy"},"geometry":{"type":"Point","coordinates":[19.910597,49.830947]}},{"type":"Feature","properties":{"NUMER_PORZ":"103f","KOD_POCZT":"32-400","NAZWA_ULC":"Andrzeja Średniawskiego","NAZWA_GMI":"Myślenice","NAZWA_MSC":"Myślenice","odleglosc_m":145.3,"strefa":"50-200 m","warstwa":"adresy"},"geometry":{"type":"Point","coordinates":[19.917265,49.835223]}},{"type":"Feature","properties":{"NUMER_PORZ":"109a","KOD_POCZT":"32-400","NAZWA_ULC":"3-ego Maja","NAZWA_GMI":"Myślenice","NAZWA_MSC":"Myślenice","odleglosc_m":35.7,"strefa":"30-50 m","warstwa":"adresy"},"geometry":{"type":"Point","coordinates":[19.913316,49.831092]}},{"type":"Feature","properties":{"NUMER_PORZ":"118c","KOD_POCZT":"32-400","NAZWA_ULC":"3-ego Maja","NAZWA_GMI":"Myślenice","NAZWA_MSC":"Myślenice","odleglosc_m":156.4,"strefa":"50-200 m","warstwa":"adresy"},"geometry":{"type":"Point","coordinates":[19.909694,49.83027]}},{"type":"Feature","properties":{"NUMER_PORZ":"6c","KOD_POCZT":"32-400","NAZWA_ULC":"Tarnówka","NAZWA_GMI":"Myślenice","NAZWA_MSC":"Myślenice","odleglosc_m":114.3,"strefa":"50-200 m","warstwa":"adresy"},"geometry":{"type":"Point","coordinates":[19.924932,49.849271]}},{"type":"Feature","properties":{"NUMER_PORZ":"122","KOD_POCZT":"32-400","NAZWA_ULC":"Andrzeja Średniawskiego","NAZWA_GMI":"Myślenice","NAZWA_MSC":"Myślenice","odleglosc_m":14.4,"strefa":"0-20 m","warstwa":"adresy"},"geometry":{"type":"Point","coordinates":[19.912365,49.832123]}},{"type":"Feature","properties":{"NUMER_PORZ":"128a","KOD_POCZT":"32-400","NAZWA_ULC":"Andrzeja Średniawskiego","NAZWA_GMI":"Myślenice","NAZWA_MSC":"Myślenice","odleglosc_m":181.3,"strefa":"50-200 m","warstwa":"adresy"},"geometry":{"type":"Point","coordinates":[19.910285,49.83289]}},{"type":"Feature","properties":{"NUMER_PORZ":"122a","KOD_POCZT":"32-400","NAZWA_ULC":"Andrzeja Średniawskiego","NAZWA_GMI":"Myślenice","NAZWA_MSC":"Myślenice","odleglosc_m":7.0,"strefa":"0-20 m","warstwa":"adresy"},"geometry":{"type":"Point","coordinates":[19.912402,49.831961]}},{"type":"Feature","properties":{"NUMER_PORZ":"124B","KOD_POCZT":"32-400","NAZWA_ULC":"Andrzeja Średniawskiego","NAZWA_GMI":"Myślenice","NAZWA_MSC":"Myślenice","odleglosc_m":69.5,"strefa":"50-200 m","warstwa":"adresy"},"geometry":{"type":"Point","coordinates":[19.911572,49.83213]}},{"type":"Feature","properties":{"NUMER_PORZ":"105A","KOD_POCZT":"32-400","NAZWA_ULC":"3-ego Maja","NAZWA_GMI":"Myślenice","NAZWA_MSC":"Myślenice","odleglosc_m":140.8,"strefa":"50-200 m","warstwa":"adresy"},"geometry":{"type":"Point","coordinates":[19.915033,49.831273]}},{"type":"Feature","properties":{"NUMER_PORZ":"4I","KOD_POCZT":"32-400","NAZWA_ULC":"Tarnówka","NAZWA_GMI":"Myślenice","NAZWA_MSC":"Myślenice","odleglosc_m":66.5,"strefa":"50-200 m","warstwa":"adresy"},"geometry":{"type":"Point","coordinates":[19.925369,49.84865]}},{"type":"Feature","properties":{"NUMER_PORZ":"1a","KOD_POCZT":"32-400","NAZWA_ULC":"Tarnówka","NAZWA_GMI":"Myślenice","NAZWA_MSC":"Myślenice","odleglosc_m":67.4,"strefa":"50-200 m","warstwa":"adresy"},"geometry":{"type":"Point","coordinates":[19.923061,49.845615]}},{"type":"Feature","properties":{"NUMER_PORZ":"110d","KOD_POCZT":"32-400","NAZWA_ULC":"3-ego Maja","NAZWA_GMI":"Myślenice","NAZWA_MSC":"Myślenice","odleglosc_m":0.0,"strefa":"w śladzie","warstwa":"adresy"},"geometry":{"type":"Point","coordinates":[19.912507,49.83116]}},{"type":"Feature","properties":{"NUMER_PORZ":"110b","KOD_POCZT":"32-400","NAZWA_ULC":"3-ego Maja","NAZWA_GMI":"Myślenice","NAZWA_MSC":"Myślenice","odleglosc_m":0.0,"strefa":"w śladzie","warstwa":"adresy"},"geometry":{"type":"Point","coordinates":[19.912347,49.830944]}},{"type":"Feature","properties":{"NUMER_PORZ":"1g","KOD_POCZT":"32-400","NAZWA_ULC":"Tarnówka","NAZWA_GMI":"Myślenice","NAZWA_MSC":"Myślenice","odleglosc_m":67.0,"strefa":"50-200 m","warstwa":"adresy"},"geometry":{"type":"Point","coordinates":[19.922559,49.844959]}},{"type":"Feature","properties":{"NUMER_PORZ":"104c","KOD_POCZT":"32-400","NAZWA_ULC":"Andrzeja Średniawskiego","NAZWA_GMI":"Myślenice","NAZWA_MSC":"Myślenice","odleglosc_m":182.3,"strefa":"50-200 m","warstwa":"adresy"},"geometry":{"type":"Point","coordinates":[19.916791,49.833993]}},{"type":"Feature","properties":{"NUMER_PORZ":"8E","KOD_POCZT":"32-400","NAZWA_ULC":"Tarnówka","NAZWA_GMI":"Myślenice","NAZWA_MSC":"Myślenice","odleglosc_m":190.3,"strefa":"50-200 m","warstwa":"adresy"},"geometry":{"type":"Point","coordinates":[19.924118,49.85003]}},{"type":"Feature","properties":{"NUMER_PORZ":"107","KOD_POCZT":"32-400","NAZWA_ULC":"Andrzeja Średniawskiego","NAZWA_GMI":"Myślenice","NAZWA_MSC":"Myślenice","odleglosc_m":147.2,"strefa":"50-200 m","warstwa":"adresy"},"geometry":{"type":"Point","coordinates":[19.915934,49.833484]}},{"type":"Feature","properties":{"NUMER_PORZ":"107a","KOD_POCZT":"32-400","NAZWA_ULC":"Andrzeja Średniawskiego","NAZWA_GMI":"Myślenice","NAZWA_MSC":"Myślenice","odleglosc_m":155.2,"strefa":"50-200 m","warstwa":"adresy"},"geometry":{"type":"Point","coordinates":[19.915928,49.833233]}},{"type":"Feature","properties":{"NUMER_PORZ":"114a","KOD_POCZT":"32-400","NAZWA_ULC":"Andrzeja Średniawskiego","NAZWA_GMI":"Myślenice","NAZWA_MSC":"Myślenice","odleglosc_m":17.3,"strefa":"0-20 m","warstwa":"adresy"},"geometry":{"type":"Point","coordinates":[19.914072,49.833551]}},{"type":"Feature","properties":{"NUMER_PORZ":"106c","KOD_POCZT":"32-400","NAZWA_ULC":"3-ego Maja","NAZWA_GMI":"Myślenice","NAZWA_MSC":"Myślenice","odleglosc_m":146.8,"strefa":"50-200 m","warstwa":"adresy"},"geometry":{"type":"Point","coordinates":[19.914852,49.830282]}},{"type":"Feature","properties":{"NUMER_PORZ":"105c","KOD_POCZT":"32-400","NAZWA_ULC":"Andrzeja Średniawskiego","NAZWA_GMI":"Myślenice","NAZWA_MSC":"Myślenice","odleglosc_m":138.0,"strefa":"50-200 m","warstwa":"adresy"},"geometry":{"type":"Point","coordinates":[19.916468,49.834469]}},{"type":"Feature","properties":{"NUMER_PORZ":"108","KOD_POCZT":"32-400","NAZWA_ULC":"3-ego Maja","NAZWA_GMI":"Myślenice","NAZWA_MSC":"Myślenice","odleglosc_m":68.4,"strefa":"50-200 m","warstwa":"adresy"},"geometry":{"type":"Point","coordinates":[19.913747,49.830997]}},{"type":"Feature","properties":{"NUMER_PORZ":"127","KOD_POCZT":"32-400","NAZWA_ULC":"Andrzeja Średniawskiego","NAZWA_GMI":"Myślenice","NAZWA_MSC":"Myślenice","odleglosc_m":141.0,"strefa":"50-200 m","warstwa":"adresy"},"geometry":{"type":"Point","coordinates":[19.9104,49.831813]}},{"type":"Feature","properties":{"NUMER_PORZ":"119b","KOD_POCZT":"32-400","NAZWA_ULC":"3-ego Maja","NAZWA_GMI":"Myślenice","NAZWA_MSC":"Myślenice","odleglosc_m":193.6,"strefa":"50-200 m","warstwa":"adresy"},"geometry":{"type":"Point","coordinates":[19.909249,49.830592]}},{"type":"Feature","properties":{"NUMER_PORZ":"1d","KOD_POCZT":"32-400","NAZWA_ULC":"Tarnówka","NAZWA_GMI":"Myślenice","NAZWA_MSC":"Myślenice","odleglosc_m":51.3,"strefa":"50-200 m","warstwa":"adresy"},"geometry":{"type":"Point","coordinates":[19.923087,49.845338]}},{"type":"Feature","properties":{"NUMER_PORZ":"111a","KOD_POCZT":"32-400","NAZWA_ULC":"3-ego Maja","NAZWA_GMI":"Myślenice","NAZWA_MSC":"Myślenice","odleglosc_m":23.0,"strefa":"20-30 m","warstwa":"adresy"},"geometry":{"type":"Point","coordinates":[19.912036,49.831165]}},{"type":"Feature","properties":{"NUMER_PORZ":"128","KOD_POCZT":"32-400","NAZWA_ULC":"Andrzeja Średniawskiego","NAZWA_GMI":"Myślenice","NAZWA_MSC":"Myślenice","odleglosc_m":153.9,"strefa":"50-200 m","warstwa":"adresy"},"geometry":{"type":"Point","coordinates":[19.910283,49.831977]}},{"type":"Feature","properties":{"NUMER_PORZ":"110c","KOD_POCZT":"32-400","NAZWA_ULC":"3-ego Maja","NAZWA_GMI":"Myślenice","NAZWA_MSC":"Myślenice","odleglosc_m":17.1,"strefa":"0-20 m","warstwa":"adresy"},"geometry":{"type":"Point","coordinates":[19.913059,49.83113]}},{"type":"Feature","properties":{"NUMER_PORZ":"123","KOD_POCZT":"32-400","NAZWA_ULC":"Andrzeja Średniawskiego","NAZWA_GMI":"Myślenice","NAZWA_MSC":"Myślenice","odleglosc_m":44.3,"strefa":"30-50 m","warstwa":"adresy"},"geometry":{"type":"Point","coordinates":[19.911929,49.832112]}},{"type":"Feature","properties":{"NUMER_PORZ":"6a","KOD_POCZT":"32-400","NAZWA_ULC":"Tarnówka","NAZWA_GMI":"Myślenice","NAZWA_MSC":"Myślenice","odleglosc_m":0.0,"strefa":"w śladzie","warstwa":"adresy"},"geometry":{"type":"Point","coordinates":[19.926265,49.847808]}},{"type":"Feature","properties":{"NUMER_PORZ":"103c","KOD_POCZT":"32-400","NAZWA_ULC":"Andrzeja Średniawskiego","NAZWA_GMI":"Myślenice","NAZWA_MSC":"Myślenice","odleglosc_m":172.6,"strefa":"50-200 m","warstwa":"adresy"},"geometry":{"type":"Point","coordinates":[19.917142,49.834599]}},{"type":"Feature","properties":{"NUMER_PORZ":"115","KOD_POCZT":"32-400","NAZWA_ULC":"3-ego Maja","NAZWA_GMI":"Myślenice","NAZWA_MSC":"Myślenice","odleglosc_m":135.2,"strefa":"50-200 m","warstwa":"adresy"},"geometry":{"type":"Point","coordinates":[19.910221,49.830809]}},{"type":"Feature","properties":{"NUMER_PORZ":"102a","KOD_POCZT":"32-400","NAZWA_ULC":"3-ego Maja","NAZWA_GMI":"Myślenice","NAZWA_MSC":"Myślenice","odleglosc_m":199.5,"strefa":"50-200 m","warstwa":"adresy"},"geometry":{"type":"Point","coordinates":[19.915932,49.831443]}},{"type":"Feature","properties":{"NUMER_PORZ":"111d","KOD_POCZT":"32-400","NAZWA_ULC":"3-ego Maja","NAZWA_GMI":"Myślenice","NAZWA_MSC":"Myślenice","odleglosc_m":27.6,"strefa":"20-30 m","warstwa":"adresy"},"geometry":{"type":"Point","coordinates":[19.911741,49.830638]}},{"type":"Feature","properties":{"NUMER_PORZ":"3b","KOD_POCZT":"32-400","NAZWA_ULC":"Tarnówka","NAZWA_GMI":"Myślenice","NAZWA_MSC":"Myślenice","odleglosc_m":21.8,"strefa":"20-30 m","warstwa":"adresy"},"geometry":{"type":"Point","coordinates":[19.924257,49.846206]}},{"type":"Feature","properties":{"NUMER_PORZ":"120","KOD_POCZT":"32-400","NAZWA_ULC":"Andrzeja Średniawskiego","NAZWA_GMI":"Myślenice","NAZWA_MSC":"Myślenice","odleglosc_m":0.0,"strefa":"w śladzie","warstwa":"adresy"},"geometry":{"type":"Point","coordinates":[19.913065,49.831968]}},{"type":"Feature","properties":{"NUMER_PORZ":"102b","KOD_POCZT":"32-400","NAZWA_ULC":"3-ego Maja","NAZWA_GMI":"Myślenice","NAZWA_MSC":"Myślenice","odleglosc_m":171.4,"strefa":"50-200 m","warstwa":"adresy"},"geometry":{"type":"Point","coordinates":[19.915598,49.831799]}},{"type":"Feature","properties":{"NUMER_PORZ":"106d","KOD_POCZT":"32-400","NAZWA_ULC":"3-ego Maja","NAZWA_GMI":"Myślenice","NAZWA_MSC":"Myślenice","odleglosc_m":157.0,"strefa":"50-200 m","warstwa":"adresy"},"geometry":{"type":"Point","coordinates":[19.914948,49.830618]}},{"type":"Feature","properties":{"NUMER_PORZ":"112","KOD_POCZT":"32-400","NAZWA_ULC":"Andrzeja Średniawskiego","NAZWA_GMI":"Myślenice","NAZWA_MSC":"Myślenice","odleglosc_m":105.2,"strefa":"50-200 m","warstwa":"adresy"},"geometry":{"type":"Point","coordinates":[19.914931,49.832551]}},{"type":"Feature","properties":{"NUMER_PORZ":"10","KOD_POCZT":"32-400","NAZWA_ULC":"Tarnówka","NAZWA_GMI":"Myślenice","NAZWA_MSC":"Myślenice","odleglosc_m":49.2,"strefa":"30-50 m","warstwa":"adresy"},"geometry":{"type":"Point","coordinates":[19.927169,49.847787]}},{"type":"Feature","properties":{"NUMER_PORZ":"129","KOD_POCZT":"32-400","NAZWA_ULC":"Andrzeja Średniawskiego","NAZWA_GMI":"Myślenice","NAZWA_MSC":"Myślenice","odleglosc_m":189.4,"strefa":"50-200 m","warstwa":"adresy"},"geometry":{"type":"Point","coordinates":[19.909791,49.83203]}},{"type":"Feature","properties":{"NUMER_PORZ":"115","KOD_POCZT":"32-400","NAZWA_ULC":"Andrzeja Średniawskiego","NAZWA_GMI":"Myślenice","NAZWA_MSC":"Myślenice","odleglosc_m":40.6,"strefa":"30-50 m","warstwa":"adresy"},"geometry":{"type":"Point","coordinates":[19.913886,49.832297]}},{"type":"Feature","properties":{"NUMER_PORZ":"129a","KOD_POCZT":"32-400","NAZWA_ULC":"Andrzeja Średniawskiego","NAZWA_GMI":"Myślenice","NAZWA_MSC":"Myślenice","odleglosc_m":185.7,"strefa":"50-200 m","warstwa":"adresy"},"geometry":{"type":"Point","coordinates":[19.909783,49.83187]}},{"type":"Feature","properties":{"NUMER_PORZ":"114b","KOD_POCZT":"32-400","NAZWA_ULC":"Andrzeja Średniawskiego","NAZWA_GMI":"Myślenice","NAZWA_MSC":"Myślenice","odleglosc_m":48.1,"strefa":"30-50 m","warstwa":"adresy"},"geometry":{"type":"Point","coordinates":[19.914041,49.832406]}},{"type":"Feature","properties":{"NUMER_PORZ":"111c","KOD_POCZT":"32-400","NAZWA_ULC":"3-ego Maja","NAZWA_GMI":"Myślenice","NAZWA_MSC":"Myślenice","odleglosc_m":48.8,"strefa":"30-50 m","warstwa":"adresy"},"geometry":{"type":"Point","coordinates":[19.911613,49.830936]}},{"type":"Feature","properties":{"NUMER_PORZ":"112","KOD_POCZT":"32-400","NAZWA_ULC":"3-ego Maja","NAZWA_GMI":"Myślenice","NAZWA_MSC":"Myślenice","odleglosc_m":82.2,"strefa":"50-200 m","warstwa":"adresy"},"geometry":{"type":"Point","coordinates":[19.911167,49.831018]}},{"type":"Feature","properties":{"NUMER_PORZ":"106b","KOD_POCZT":"32-400","NAZWA_ULC":"Andrzeja Średniawskiego","NAZWA_GMI":"Myślenice","NAZWA_MSC":"Myślenice","odleglosc_m":88.5,"strefa":"50-200 m","warstwa":"adresy"},"geometry":{"type":"Point","coordinates":[19.916624,49.83553]}},{"type":"Feature","properties":{"NUMER_PORZ":"109c","KOD_POCZT":"32-400","NAZWA_ULC":"3-ego Maja","NAZWA_GMI":"Myślenice","NAZWA_MSC":"Myślenice","odleglosc_m":24.1,"strefa":"20-30 m","warstwa":"adresy"},"geometry":{"type":"Point","coordinates":[19.913379,49.831476]}},{"type":"Feature","properties":{"NUMER_PORZ":"130","KOD_POCZT":"32-400","NAZWA_ULC":"Andrzeja Średniawskiego","NAZWA_GMI":"Myślenice","NAZWA_MSC":"Myślenice","odleglosc_m":199.4,"strefa":"50-200 m","warstwa":"adresy"},"geometry":{"type":"Point","coordinates":[19.909601,49.83191]}},{"type":"Feature","properties":{"NUMER_PORZ":"103","KOD_POCZT":"32-400","NAZWA_ULC":"3-ego Maja","NAZWA_GMI":"Myślenice","NAZWA_MSC":"Myślenice","odleglosc_m":141.5,"strefa":"50-200 m","warstwa":"adresy"},"geometry":{"type":"Point","coordinates":[19.915212,49.83196]}},{"type":"Feature","properties":{"NUMER_PORZ":"110F","KOD_POCZT":"32-400","NAZWA_ULC":"3-ego Maja","NAZWA_GMI":"Myślenice","NAZWA_MSC":"Myślenice","odleglosc_m":4.9,"strefa":"0-20 m","warstwa":"adresy"},"geometry":{"type":"Point","coordinates":[19.912286,49.831149]}},{"type":"Feature","properties":{"NUMER_PORZ":"4","KOD_POCZT":"32-400","NAZWA_ULC":"Tarnówka","NAZWA_GMI":"Myślenice","NAZWA_MSC":"Myślenice","odleglosc_m":71.0,"strefa":"50-200 m","warstwa":"adresy"},"geometry":{"type":"Point","coordinates":[19.925406,49.848872]}},{"type":"Feature","properties":{"NUMER_PORZ":"1c","KOD_POCZT":"32-400","NAZWA_ULC":"Tarnówka","NAZWA_GMI":"Myślenice","NAZWA_MSC":"Myślenice","odleglosc_m":18.6,"strefa":"0-20 m","warstwa":"adresy"},"geometry":{"type":"Point","coordinates":[19.924566,49.844706]}},{"type":"Feature","properties":{"NUMER_PORZ":"4J","KOD_POCZT":"32-400","NAZWA_ULC":"Tarnówka","NAZWA_GMI":"Myślenice","NAZWA_MSC":"Myślenice","odleglosc_m":87.5,"strefa":"50-200 m","warstwa":"adresy"},"geometry":{"type":"Point","coordinates":[19.925664,49.851318]}},{"type":"Feature","properties":{"NUMER_PORZ":"4K","KOD_POCZT":"32-400","NAZWA_ULC":"Tarnówka","NAZWA_GMI":"Myślenice","NAZWA_MSC":"Myślenice","odleglosc_m":88.5,"strefa":"50-200 m","warstwa":"adresy"},"geometry":{"type":"Point","coordinates":[19.925653,49.851429]}},{"type":"Feature","properties":{"NUMER_PORZ":"112A","KOD_POCZT":"32-400","NAZWA_ULC":"Andrzeja Średniawskiego","NAZWA_GMI":"Myślenice","NAZWA_MSC":"Myślenice","odleglosc_m":56.9,"strefa":"50-200 m","warstwa":"adresy"},"geometry":{"type":"Point","coordinates":[19.914774,49.833805]}},{"type":"Feature","properties":{"NUMER_PORZ":"18","KOD_POCZT":"32-040","NAZWA_ULC":"Kamieniec","NAZWA_GMI":"Świątniki Górne","NAZWA_MSC":"Ochojno","odleglosc_m":197.1,"strefa":"50-200 m","warstwa":"adresy"},"geometry":{"type":"Point","coordinates":[19.97372,49.95753]}},{"type":"Feature","properties":{"NUMER_PORZ":"82","KOD_POCZT":"32-040","NAZWA_ULC":"Jagiellońska","NAZWA_GMI":"Świątniki Górne","NAZWA_MSC":"Ochojno","odleglosc_m":113.5,"strefa":"50-200 m","warstwa":"adresy"},"geometry":{"type":"Point","coordinates":[19.968668,49.958449]}},{"type":"Feature","properties":{"NUMER_PORZ":"3","KOD_POCZT":"32-040","NAZWA_ULC":"Mały Kamieniec","NAZWA_GMI":"Świątniki Górne","NAZWA_MSC":"Ochojno","odleglosc_m":122.2,"strefa":"50-200 m","warstwa":"adresy"},"geometry":{"type":"Point","coordinates":[19.971254,49.955994]}},{"type":"Feature","properties":{"NUMER_PORZ":"90","KOD_POCZT":"32-040","NAZWA_ULC":"Jagiellońska","NAZWA_GMI":"Świątniki Górne","NAZWA_MSC":"Ochojno","odleglosc_m":169.9,"strefa":"50-200 m","warstwa":"adresy"},"geometry":{"type":"Point","coordinates":[19.967984,49.958701]}},{"type":"Feature","properties":{"NUMER_PORZ":"3","KOD_POCZT":"32-040","NAZWA_ULC":"Laskowiec","NAZWA_GMI":"Świątniki Górne","NAZWA_MSC":"Ochojno","odleglosc_m":144.2,"strefa":"50-200 m","warstwa":"adresy"},"geometry":{"type":"Point","coordinates":[19.961644,49.950022]}},{"type":"Feature","properties":{"NUMER_PORZ":"17","KOD_POCZT":"32-040","NAZWA_ULC":"Laskowiec","NAZWA_GMI":"Świątniki Górne","NAZWA_MSC":"Ochojno","odleglosc_m":57.4,"strefa":"50-200 m","warstwa":"adresy"},"geometry":{"type":"Point","coordinates":[19.959609,49.950112]}},{"type":"Feature","properties":{"NUMER_PORZ":"69","KOD_POCZT":"32-040","NAZWA_ULC":"Staropolska","NAZWA_GMI":"Świątniki Górne","NAZWA_MSC":"Ochojno","odleglosc_m":168.9,"strefa":"50-200 m","warstwa":"adresy"},"geometry":{"type":"Point","coordinates":[19.963041,49.950474]}},{"type":"Feature","properties":{"NUMER_PORZ":"100","KOD_POCZT":"32-040","NAZWA_ULC":"Staropolska","NAZWA_GMI":"Świątniki Górne","NAZWA_MSC":"Ochojno","odleglosc_m":147.6,"strefa":"50-200 m","warstwa":"adresy"},"geometry":{"type":"Point","coordinates":[19.963608,49.950915]}},{"type":"Feature","properties":{"NUMER_PORZ":"92","KOD_POCZT":"32-040","NAZWA_ULC":"Staropolska","NAZWA_GMI":"Świątniki Górne","NAZWA_MSC":"Ochojno","odleglosc_m":192.6,"strefa":"50-200 m","warstwa":"adresy"},"geometry":{"type":"Point","coordinates":[19.964996,49.95112]}},{"type":"Feature","properties":{"NUMER_PORZ":"96","KOD_POCZT":"32-040","NAZWA_ULC":"Staropolska","NAZWA_GMI":"Świątniki Górne","NAZWA_MSC":"Ochojno","odleglosc_m":161.2,"strefa":"50-200 m","warstwa":"adresy"},"geometry":{"type":"Point","coordinates":[19.964306,49.95108]}},{"type":"Feature","properties":{"NUMER_PORZ":"98","KOD_POCZT":"32-040","NAZWA_ULC":"Staropolska","NAZWA_GMI":"Świątniki Górne","NAZWA_MSC":"Ochojno","odleglosc_m":145.7,"strefa":"50-200 m","warstwa":"adresy"},"geometry":{"type":"Point","coordinates":[19.964159,49.951182]}},{"type":"Feature","properties":{"NUMER_PORZ":"35","KOD_POCZT":"32-040","NAZWA_ULC":"Jagiellońska","NAZWA_GMI":"Świątniki Górne","NAZWA_MSC":"Ochojno","odleglosc_m":194.2,"strefa":"50-200 m","warstwa":"adresy"},"geometry":{"type":"Point","coordinates":[19.972302,49.955846]}},{"type":"Feature","properties":{"NUMER_PORZ":"71","KOD_POCZT":"32-040","NAZWA_ULC":"Staropolska","NAZWA_GMI":"Świątniki Górne","NAZWA_MSC":"Ochojno","odleglosc_m":153.6,"strefa":"50-200 m","warstwa":"adresy"},"geometry":{"type":"Point","coordinates":[19.962633,49.950469]}},{"type":"Feature","properties":{"NUMER_PORZ":"69","KOD_POCZT":"32-040","NAZWA_ULC":"Księdza Jerzego Popiełuszki","NAZWA_GMI":"Świątniki Górne","NAZWA_MSC":"Ochojno","odleglosc_m":191.6,"strefa":"50-200 m","warstwa":"adresy"},"geometry":{"type":"Point","coordinates":[19.963868,49.95619]}},{"type":"Feature","properties":{"NUMER_PORZ":"83A","KOD_POCZT":"32-040","NAZWA_ULC":"Jagiellońska","NAZWA_GMI":"Świątniki Górne","NAZWA_MSC":"Ochojno","odleglosc_m":183.9,"strefa":"50-200 m","warstwa":"adresy"},"geometry":{"type":"Point","coordinates":[19.966859,49.957677]}},{"type":"Feature","properties":{"NUMER_PORZ":"50","KOD_POCZT":"32-040","NAZWA_ULC":"Jagiellońska","NAZWA_GMI":"Świątniki Górne","NAZWA_MSC":"Ochojno","odleglosc_m":32.4,"strefa":"30-50 m","warstwa":"adresy"},"geometry":{"type":"Point","coordinates":[19.971307,49.957713]}},{"type":"Feature","properties":{"NUMER_PORZ":"2","KOD_POCZT":"32-040","NAZWA_ULC":"Mały Kamieniec","NAZWA_GMI":"Świątniki Górne","NAZWA_MSC":"Ochojno","odleglosc_m":147.3,"strefa":"50-200 m","warstwa":"adresy"},"geometry":{"type":"Point","coordinates":[19.971952,49.956293]}},{"type":"Feature","properties":{"NUMER_PORZ":"19","KOD_POCZT":"32-040","NAZWA_ULC":"Kamieniec","NAZWA_GMI":"Świątniki Górne","NAZWA_MSC":"Ochojno","odleglosc_m":126.6,"strefa":"50-200 m","warstwa":"adresy"},"geometry":{"type":"Point","coordinates":[19.973071,49.958131]}},{"type":"Feature","properties":{"NUMER_PORZ":"21","KOD_POCZT":"32-040","NAZWA_ULC":"Kamieniec","NAZWA_GMI":"Świątniki Górne","NAZWA_MSC":"Ochojno","odleglosc_m":137.8,"strefa":"50-200 m","warstwa":"adresy"},"geometry":{"type":"Point","coordinates":[19.973231,49.958114]}},{"type":"Feature","properties":{"NUMER_PORZ":"17","KOD_POCZT":"32-040","NAZWA_ULC":"Kamieniec","NAZWA_GMI":"Świątniki Górne","NAZWA_MSC":"Ochojno","odleglosc_m":108.4,"strefa":"50-200 m","warstwa":"adresy"},"geometry":{"type":"Point","coordinates":[19.972818,49.958167]}},{"type":"Feature","properties":{"NUMER_PORZ":"15","KOD_POCZT":"32-040","NAZWA_ULC":"Kamieniec","NAZWA_GMI":"Świątniki Górne","NAZWA_MSC":"Ochojno","odleglosc_m":97.5,"strefa":"50-200 m","warstwa":"adresy"},"geometry":{"type":"Point","coordinates":[19.972656,49.958176]}},{"type":"Feature","properties":{"NUMER_PORZ":"27","KOD_POCZT":"32-040","NAZWA_ULC":"Laskowiec","NAZWA_GMI":"Świątniki Górne","NAZWA_MSC":"Ochojno","odleglosc_m":59.3,"strefa":"50-200 m","warstwa":"adresy"},"geometry":{"type":"Point","coordinates":[19.960617,49.950471]}},{"type":"Feature","properties":{"NUMER_PORZ":"69A","KOD_POCZT":"32-040","NAZWA_ULC":"Staropolska","NAZWA_GMI":"Świątniki Górne","NAZWA_MSC":"Ochojno","odleglosc_m":166.6,"strefa":"50-200 m","warstwa":"adresy"},"geometry":{"type":"Point","coordinates":[19.962976,49.950472]}},{"type":"Feature","properties":{"NUMER_PORZ":"60","KOD_POCZT":"32-040","NAZWA_ULC":"Jagiellońska","NAZWA_GMI":"Świątniki Górne","NAZWA_MSC":"Ochojno","odleglosc_m":0.0,"strefa":"nad tunelem","warstwa":"adresy"},"geometry":{"type":"Point","coordinates":[19.970487,49.957849]}},{"type":"Feature","properties":{"NUMER_PORZ":"50","KOD_POCZT":"32-040","NAZWA_ULC":"Paryska","NAZWA_GMI":"Świątniki Górne","NAZWA_MSC":"Ochojno","odleglosc_m":102.8,"strefa":"50-200 m","warstwa":"adresy"},"geometry":{"type":"Point","coordinates":[19.953546,49.949843]}},{"type":"Feature","properties":{"NUMER_PORZ":"74","KOD_POCZT":"32-040","NAZWA_ULC":"Jagiellońska","NAZWA_GMI":"Świątniki Górne","NAZWA_MSC":"Ochojno","odleglosc_m":50.5,"strefa":"50-200 m","warstwa":"adresy"},"geometry":{"type":"Point","coordinates":[19.969567,49.958342]}},{"type":"Feature","properties":{"NUMER_PORZ":"54","KOD_POCZT":"32-040","NAZWA_ULC":"Jagiellońska","NAZWA_GMI":"Świątniki Górne","NAZWA_MSC":"Ochojno","odleglosc_m":43.2,"strefa":"30-50 m","warstwa":"adresy"},"geometry":{"type":"Point","coordinates":[19.97169,49.958]}},{"type":"Feature","properties":{"NUMER_PORZ":"9","KOD_POCZT":"32-040","NAZWA_ULC":"Mały Kamieniec","NAZWA_GMI":"Świątniki Górne","NAZWA_MSC":"Ochojno","odleglosc_m":46.4,"strefa":"30-50 m","warstwa":"adresy"},"geometry":{"type":"Point","coordinates":[19.970086,49.955796]}},{"type":"Feature","properties":{"NUMER_PORZ":"39","KOD_POCZT":"32-040","NAZWA_ULC":"Paryska","NAZWA_GMI":"Świątniki Górne","NAZWA_MSC":"Ochojno","odleglosc_m":200.0,"strefa":"50-200 m","warstwa":"adresy"},"geometry":{"type":"Point","coordinates":[19.954498,49.946733]}},{"type":"Feature","properties":{"NUMER_PORZ":"44","KOD_POCZT":"32-040","NAZWA_ULC":"Jagiellońska","NAZWA_GMI":"Świątniki Górne","NAZWA_MSC":"Ochojno","odleglosc_m":72.0,"strefa":"50-200 m","warstwa":"adresy"},"geometry":{"type":"Point","coordinates":[19.971889,49.95767]}},{"type":"Feature","properties":{"NUMER_PORZ":"37","KOD_POCZT":"32-040","NAZWA_ULC":"Jagiellońska","NAZWA_GMI":"Świątniki Górne","NAZWA_MSC":"Ochojno","odleglosc_m":189.8,"strefa":"50-200 m","warstwa":"adresy"},"geometry":{"type":"Point","coordinates":[19.972483,49.956121]}},{"type":"Feature","properties":{"NUMER_PORZ":"39","KOD_POCZT":"32-040","NAZWA_ULC":"Jagiellońska","NAZWA_GMI":"Świątniki Górne","NAZWA_MSC":"Ochojno","odleglosc_m":174.5,"strefa":"50-200 m","warstwa":"adresy"},"geometry":{"type":"Point","coordinates":[19.972423,49.956331]}},{"type":"Feature","properties":{"NUMER_PORZ":"41","KOD_POCZT":"32-040","NAZWA_ULC":"Jagiellońska","NAZWA_GMI":"Świątniki Górne","NAZWA_MSC":"Ochojno","odleglosc_m":159.9,"strefa":"50-200 m","warstwa":"adresy"},"geometry":{"type":"Point","coordinates":[19.972395,49.956571]}},{"type":"Feature","properties":{"NUMER_PORZ":"57","KOD_POCZT":"32-040","NAZWA_ULC":"Księdza Jerzego Popiełuszki","NAZWA_GMI":"Świątniki Górne","NAZWA_MSC":"Ochojno","odleglosc_m":194.8,"strefa":"50-200 m","warstwa":"adresy"},"geometry":{"type":"Point","coordinates":[19.964667,49.956559]}},{"type":"Feature","properties":{"NUMER_PORZ":"63","KOD_POCZT":"32-040","NAZWA_ULC":"Księdza Jerzego Popiełuszki","NAZWA_GMI":"Świątniki Górne","NAZWA_MSC":"Ochojno","odleglosc_m":171.7,"strefa":"50-200 m","warstwa":"adresy"},"geometry":{"type":"Point","coordinates":[19.964832,49.956377]}},{"type":"Feature","properties":{"NUMER_PORZ":"85","KOD_POCZT":"32-040","NAZWA_ULC":"Jagiellońska","NAZWA_GMI":"Świątniki Górne","NAZWA_MSC":"Ochojno","odleglosc_m":159.8,"strefa":"50-200 m","warstwa":"adresy"},"geometry":{"type":"Point","coordinates":[19.966816,49.957288]}},{"type":"Feature","properties":{"NUMER_PORZ":"1","KOD_POCZT":"32-040","NAZWA_ULC":"Kamieniec","NAZWA_GMI":"Świątniki Górne","NAZWA_MSC":"Ochojno","odleglosc_m":170.5,"strefa":"50-200 m","warstwa":"adresy"},"geometry":{"type":"Point","coordinates":[19.972841,49.956913]}},{"type":"Feature","properties":{"NUMER_PORZ":"47","KOD_POCZT":"32-040","NAZWA_ULC":"Jagiellońska","NAZWA_GMI":"Świątniki Górne","NAZWA_MSC":"Ochojno","odleglosc_m":89.8,"strefa":"50-200 m","warstwa":"adresy"},"geometry":{"type":"Point","coordinates":[19.971608,49.956958]}},{"type":"Feature","properties":{"NUMER_PORZ":"51","KOD_POCZT":"32-040","NAZWA_ULC":"Jagiellońska","NAZWA_GMI":"Świątniki Górne","NAZWA_MSC":"Ochojno","odleglosc_m":47.2,"strefa":"30-50 m","warstwa":"adresy"},"geometry":{"type":"Point","coordinates":[19.971119,49.957181]}},{"type":"Feature","properties":{"NUMER_PORZ":"65","KOD_POCZT":"32-040","NAZWA_ULC":"Jagiellońska","NAZWA_GMI":"Świątniki Górne","NAZWA_MSC":"Ochojno","odleglosc_m":6.4,"strefa":"0-20 m","warstwa":"adresy"},"geometry":{"type":"Point","coordinates":[19.969575,49.957488]}},{"type":"Feature","properties":{"NUMER_PORZ":"69","KOD_POCZT":"32-040","NAZWA_ULC":"Jagiellońska","NAZWA_GMI":"Świątniki Górne","NAZWA_MSC":"Ochojno","odleglosc_m":39.4,"strefa":"30-50 m","warstwa":"adresy"},"geometry":{"type":"Point","coordinates":[19.96907,49.957512]}},{"type":"Feature","properties":{"NUMER_PORZ":"63","KOD_POCZT":"32-040","NAZWA_ULC":"Jagiellońska","NAZWA_GMI":"Świątniki Górne","NAZWA_MSC":"Ochojno","odleglosc_m":0.0,"strefa":"nad tunelem","warstwa":"adresy"},"geometry":{"type":"Point","coordinates":[19.96987,49.95752]}},{"type":"Feature","properties":{"NUMER_PORZ":"44","KOD_POCZT":"32-040","NAZWA_ULC":"Księdza Jerzego Popiełuszki","NAZWA_GMI":"Świątniki Górne","NAZWA_MSC":"Ochojno","odleglosc_m":171.3,"strefa":"50-200 m","warstwa":"adresy"},"geometry":{"type":"Point","coordinates":[19.962817,49.955334]}},{"type":"Feature","properties":{"NUMER_PORZ":"43","KOD_POCZT":"32-040","NAZWA_ULC":"Jagiellońska","NAZWA_GMI":"Świątniki Górne","NAZWA_MSC":"Ochojno","odleglosc_m":59.3,"strefa":"50-200 m","warstwa":"adresy"},"geometry":{"type":"Point","coordinates":[19.970748,49.956535]}},{"type":"Feature","properties":{"NUMER_PORZ":"92","KOD_POCZT":"32-040","NAZWA_ULC":"Jagiellońska","NAZWA_GMI":"Świątniki Górne","NAZWA_MSC":"Ochojno","odleglosc_m":164.3,"strefa":"50-200 m","warstwa":"adresy"},"geometry":{"type":"Point","coordinates":[19.967896,49.958477]}},{"type":"Feature","properties":{"NUMER_PORZ":"49","KOD_POCZT":"32-040","NAZWA_ULC":"Paryska","NAZWA_GMI":"Świątniki Górne","NAZWA_MSC":"Ochojno","odleglosc_m":150.3,"strefa":"50-200 m","warstwa":"adresy"},"geometry":{"type":"Point","coordinates":[19.953172,49.950197]}},{"type":"Feature","properties":{"NUMER_PORZ":"67","KOD_POCZT":"32-040","NAZWA_ULC":"Jagiellońska","NAZWA_GMI":"Świątniki Górne","NAZWA_MSC":"Ochojno","odleglosc_m":26.6,"strefa":"20-30 m","warstwa":"adresy"},"geometry":{"type":"Point","coordinates":[19.969287,49.957525]}},{"type":"Feature","properties":{"NUMER_PORZ":"75","KOD_POCZT":"32-040","NAZWA_ULC":"Jagiellońska","NAZWA_GMI":"Świątniki Górne","NAZWA_MSC":"Ochojno","odleglosc_m":84.2,"strefa":"50-200 m","warstwa":"adresy"},"geometry":{"type":"Point","coordinates":[19.968407,49.957576]}},{"type":"Feature","properties":{"NUMER_PORZ":"25","KOD_POCZT":"32-040","NAZWA_ULC":"Kamieniec","NAZWA_GMI":"Świątniki Górne","NAZWA_MSC":"Ochojno","odleglosc_m":177.0,"strefa":"50-200 m","warstwa":"adresy"},"geometry":{"type":"Point","coordinates":[19.973609,49.957804]}},{"type":"Feature","properties":{"NUMER_PORZ":"58","KOD_POCZT":"32-040","NAZWA_ULC":"Jagiellońska","NAZWA_GMI":"Świątniki Górne","NAZWA_MSC":"Ochojno","odleglosc_m":5.7,"strefa":"0-20 m","warstwa":"adresy"},"geometry":{"type":"Point","coordinates":[19.970997,49.95785]}},{"type":"Feature","properties":{"NUMER_PORZ":"13","KOD_POCZT":"32-040","NAZWA_ULC":"Kresowa","NAZWA_GMI":"Świątniki Górne","NAZWA_MSC":"Ochojno","odleglosc_m":175.5,"strefa":"50-200 m","warstwa":"adresy"},"geometry":{"type":"Point","coordinates":[19.965973,49.951971]}},{"type":"Feature","properties":{"NUMER_PORZ":"29","KOD_POCZT":"32-040","NAZWA_ULC":"Jagiellońska","NAZWA_GMI":"Świątniki Górne","NAZWA_MSC":"Ochojno","odleglosc_m":81.7,"strefa":"50-200 m","warstwa":"adresy"},"geometry":{"type":"Point","coordinates":[19.970427,49.955502]}},{"type":"Feature","properties":{"NUMER_PORZ":"70","KOD_POCZT":"32-040","NAZWA_ULC":"Jagiellońska","NAZWA_GMI":"Świątniki Górne","NAZWA_MSC":"Ochojno","odleglosc_m":0.7,"strefa":"0-20 m","warstwa":"adresy"},"geometry":{"type":"Point","coordinates":[19.970008,49.95791]}},{"type":"Feature","properties":{"NUMER_PORZ":"31","KOD_POCZT":"32-040","NAZWA_ULC":"Jagiellońska","NAZWA_GMI":"Świątniki Górne","NAZWA_MSC":"Ochojno","odleglosc_m":67.3,"strefa":"50-200 m","warstwa":"adresy"},"geometry":{"type":"Point","coordinates":[19.970166,49.955488]}},{"type":"Feature","properties":{"NUMER_PORZ":"56","KOD_POCZT":"32-040","NAZWA_ULC":"Jagiellońska","NAZWA_GMI":"Świątniki Górne","NAZWA_MSC":"Ochojno","odleglosc_m":17.5,"strefa":"0-20 m","warstwa":"adresy"},"geometry":{"type":"Point","coordinates":[19.97134,49.958065]}},{"type":"Feature","properties":{"NUMER_PORZ":"48","KOD_POCZT":"32-040","NAZWA_ULC":"Jagiellońska","NAZWA_GMI":"Świątniki Górne","NAZWA_MSC":"Ochojno","odleglosc_m":56.5,"strefa":"50-200 m","warstwa":"adresy"},"geometry":{"type":"Point","coordinates":[19.971487,49.957458]}},{"type":"Feature","properties":{"NUMER_PORZ":"7","KOD_POCZT":"32-040","NAZWA_ULC":"Kresowa","NAZWA_GMI":"Świątniki Górne","NAZWA_MSC":"Ochojno","odleglosc_m":148.8,"strefa":"50-200 m","warstwa":"adresy"},"geometry":{"type":"Point","coordinates":[19.965052,49.951856]}},{"type":"Feature","properties":{"NUMER_PORZ":"83","KOD_POCZT":"32-040","NAZWA_ULC":"Jagiellońska","NAZWA_GMI":"Świątniki Górne","NAZWA_MSC":"Ochojno","odleglosc_m":193.9,"strefa":"50-200 m","warstwa":"adresy"},"geometry":{"type":"Point","coordinates":[19.966939,49.957918]}},{"type":"Feature","properties":{"NUMER_PORZ":"9","KOD_POCZT":"32-040","NAZWA_ULC":"Kresowa","NAZWA_GMI":"Świątniki Górne","NAZWA_MSC":"Ochojno","odleglosc_m":161.2,"strefa":"50-200 m","warstwa":"adresy"},"geometry":{"type":"Point","coordinates":[19.965413,49.951921]}},{"type":"Feature","properties":{"NUMER_PORZ":"71A","KOD_POCZT":"32-040","NAZWA_ULC":"Staropolska","NAZWA_GMI":"Świątniki Górne","NAZWA_MSC":"Ochojno","odleglosc_m":152.5,"strefa":"50-200 m","warstwa":"adresy"},"geometry":{"type":"Point","coordinates":[19.962563,49.950451]}},{"type":"Feature","properties":{"NUMER_PORZ":"8","KOD_POCZT":"32-040","NAZWA_ULC":"Kresowa","NAZWA_GMI":"Świątniki Górne","NAZWA_MSC":"Ochojno","odleglosc_m":195.2,"strefa":"50-200 m","warstwa":"adresy"},"geometry":{"type":"Point","coordinates":[19.966504,49.95202]}},{"type":"Feature","properties":{"NUMER_PORZ":"19","KOD_POCZT":"32-040","NAZWA_ULC":"Kresowa","NAZWA_GMI":"Świątniki Górne","NAZWA_MSC":"Ochojno","odleglosc_m":111.9,"strefa":"50-200 m","warstwa":"adresy"},"geometry":{"type":"Point","coordinates":[19.966014,49.952726]}},{"type":"Feature","properties":{"NUMER_PORZ":"94","KOD_POCZT":"32-040","NAZWA_ULC":"Jagiellońska","NAZWA_GMI":"Świątniki Górne","NAZWA_MSC":"Ochojno","odleglosc_m":195.1,"strefa":"50-200 m","warstwa":"adresy"},"geometry":{"type":"Point","coordinates":[19.967509,49.958598]}},{"type":"Feature","properties":{"NUMER_PORZ":"25","KOD_POCZT":"32-040","NAZWA_ULC":"Laskowiec","NAZWA_GMI":"Świątniki Górne","NAZWA_MSC":"Ochojno","odleglosc_m":82.0,"strefa":"50-200 m","warstwa":"adresy"},"geometry":{"type":"Point","coordinates":[19.961139,49.950486]}},{"type":"Feature","properties":{"NUMER_PORZ":"10","KOD_POCZT":"32-040","NAZWA_ULC":"Muzyczna","NAZWA_GMI":"Świątniki Górne","NAZWA_MSC":"Ochojno","odleglosc_m":187.3,"strefa":"50-200 m","warstwa":"adresy"},"geometry":{"type":"Point","coordinates":[19.970901,49.954432]}},{"type":"Feature","properties":{"NUMER_PORZ":"27","KOD_POCZT":"32-040","NAZWA_ULC":"Jagiellońska","NAZWA_GMI":"Świątniki Górne","NAZWA_MSC":"Ochojno","odleglosc_m":116.1,"strefa":"50-200 m","warstwa":"adresy"},"geometry":{"type":"Point","coordinates":[19.971001,49.955578]}},{"type":"Feature","properties":{"NUMER_PORZ":"61","KOD_POCZT":"32-040","NAZWA_ULC":"Jagiellońska","NAZWA_GMI":"Świątniki Górne","NAZWA_MSC":"Ochojno","odleglosc_m":0.0,"strefa":"nad tunelem","warstwa":"adresy"},"geometry":{"type":"Point","coordinates":[19.969831,49.957311]}},{"type":"Feature","properties":{"NUMER_PORZ":"79","KOD_POCZT":"32-040","NAZWA_ULC":"Księdza Jerzego Popiełuszki","NAZWA_GMI":"Świątniki Górne","NAZWA_MSC":"Ochojno","odleglosc_m":156.0,"strefa":"50-200 m","warstwa":"adresy"},"geometry":{"type":"Point","coordinates":[19.963272,49.955467]}},{"type":"Feature","properties":{"NUMER_PORZ":"23","KOD_POCZT":"32-040","NAZWA_ULC":"Jagiellońska","NAZWA_GMI":"Świątniki Górne","NAZWA_MSC":"Ochojno","odleglosc_m":179.3,"strefa":"50-200 m","warstwa":"adresy"},"geometry":{"type":"Point","coordinates":[19.971915,49.955596]}},{"type":"Feature","properties":{"NUMER_PORZ":"5","KOD_POCZT":"32-040","NAZWA_ULC":"Kamieniec","NAZWA_GMI":"Świątniki Górne","NAZWA_MSC":"Ochojno","odleglosc_m":167.8,"strefa":"50-200 m","warstwa":"adresy"},"geometry":{"type":"Point","coordinates":[19.97316,49.957386]}},{"type":"Feature","properties":{"NUMER_PORZ":"7","KOD_POCZT":"32-040","NAZWA_ULC":"Kamieniec","NAZWA_GMI":"Świątniki Górne","NAZWA_MSC":"Ochojno","odleglosc_m":162.4,"strefa":"50-200 m","warstwa":"adresy"},"geometry":{"type":"Point","coordinates":[19.973233,49.957596]}},{"type":"Feature","properties":{"NUMER_PORZ":"108","KOD_POCZT":"32-040","NAZWA_ULC":"Staropolska","NAZWA_GMI":"Świątniki Górne","NAZWA_MSC":"Ochojno","odleglosc_m":43.6,"strefa":"30-50 m","warstwa":"adresy"},"geometry":{"type":"Point","coordinates":[19.961147,49.950972]}},{"type":"Feature","properties":{"NUMER_PORZ":"57","KOD_POCZT":"32-040","NAZWA_ULC":"Jagiellońska","NAZWA_GMI":"Świątniki Górne","NAZWA_MSC":"Ochojno","odleglosc_m":7.6,"strefa":"0-20 m","warstwa":"adresy"},"geometry":{"type":"Point","coordinates":[19.970634,49.957351]}},{"type":"Feature","properties":{"NUMER_PORZ":"1","KOD_POCZT":"32-040","NAZWA_ULC":"Mały Kamieniec","NAZWA_GMI":"Świątniki Górne","NAZWA_MSC":"Ochojno","odleglosc_m":155.5,"strefa":"50-200 m","warstwa":"adresy"},"geometry":{"type":"Point","coordinates":[19.971826,49.956012]}},{"type":"Feature","properties":{"NUMER_PORZ":"59","KOD_POCZT":"32-040","NAZWA_ULC":"Jagiellońska","NAZWA_GMI":"Świątniki Górne","NAZWA_MSC":"Ochojno","odleglosc_m":0.0,"strefa":"nad tunelem","warstwa":"adresy"},"geometry":{"type":"Point","coordinates":[19.97016,49.957194]}},{"type":"Feature","properties":{"NUMER_PORZ":"40","KOD_POCZT":"32-040","NAZWA_ULC":"Jagiellońska","NAZWA_GMI":"Świątniki Górne","NAZWA_MSC":"Ochojno","odleglosc_m":119.7,"strefa":"50-200 m","warstwa":"adresy"},"geometry":{"type":"Point","coordinates":[19.972294,49.95723]}},{"type":"Feature","properties":{"NUMER_PORZ":"3","KOD_POCZT":"32-040","NAZWA_ULC":"Kamieniec","NAZWA_GMI":"Świątniki Górne","NAZWA_MSC":"Ochojno","odleglosc_m":159.4,"strefa":"50-200 m","warstwa":"adresy"},"geometry":{"type":"Point","coordinates":[19.97293,49.957253]}},{"type":"Feature","properties":{"NUMER_PORZ":"71","KOD_POCZT":"32-040","NAZWA_ULC":"Jagiellońska","NAZWA_GMI":"Świątniki Górne","NAZWA_MSC":"Ochojno","odleglosc_m":42.0,"strefa":"30-50 m","warstwa":"adresy"},"geometry":{"type":"Point","coordinates":[19.968852,49.957316]}},{"type":"Feature","properties":{"NUMER_PORZ":"72","KOD_POCZT":"32-040","NAZWA_ULC":"Jagiellońska","NAZWA_GMI":"Świątniki Górne","NAZWA_MSC":"Ochojno","odleglosc_m":32.9,"strefa":"30-50 m","warstwa":"adresy"},"geometry":{"type":"Point","coordinates":[19.969523,49.957932]}},{"type":"Feature","properties":{"NUMER_PORZ":"64","KOD_POCZT":"32-040","NAZWA_ULC":"Jagiellońska","NAZWA_GMI":"Świątniki Górne","NAZWA_MSC":"Ochojno","odleglosc_m":0.0,"strefa":"nad tunelem","warstwa":"adresy"},"geometry":{"type":"Point","coordinates":[19.970203,49.957965]}},{"type":"Feature","properties":{"NUMER_PORZ":"78","KOD_POCZT":"32-040","NAZWA_ULC":"Jagiellońska","NAZWA_GMI":"Świątniki Górne","NAZWA_MSC":"Ochojno","odleglosc_m":75.0,"strefa":"50-200 m","warstwa":"adresy"},"geometry":{"type":"Point","coordinates":[19.968916,49.958001]}},{"type":"Feature","properties":{"NUMER_PORZ":"81","KOD_POCZT":"32-040","NAZWA_ULC":"Jagiellońska","NAZWA_GMI":"Świątniki Górne","NAZWA_MSC":"Ochojno","odleglosc_m":188.0,"strefa":"50-200 m","warstwa":"adresy"},"geometry":{"type":"Point","coordinates":[19.967145,49.958034]}},{"type":"Feature","properties":{"NUMER_PORZ":"80","KOD_POCZT":"32-040","NAZWA_ULC":"Jagiellońska","NAZWA_GMI":"Świątniki Górne","NAZWA_MSC":"Ochojno","odleglosc_m":92.3,"strefa":"50-200 m","warstwa":"adresy"},"geometry":{"type":"Point","coordinates":[19.968698,49.958068]}},{"type":"Feature","properties":{"NUMER_PORZ":"86","KOD_POCZT":"32-040","NAZWA_ULC":"Jagiellońska","NAZWA_GMI":"Świątniki Górne","NAZWA_MSC":"Ochojno","odleglosc_m":139.6,"strefa":"50-200 m","warstwa":"adresy"},"geometry":{"type":"Point","coordinates":[19.968066,49.958206]}},{"type":"Feature","properties":{"NUMER_PORZ":"84","KOD_POCZT":"32-040","NAZWA_ULC":"Jagiellońska","NAZWA_GMI":"Świątniki Górne","NAZWA_MSC":"Ochojno","odleglosc_m":124.2,"strefa":"50-200 m","warstwa":"adresy"},"geometry":{"type":"Point","coordinates":[19.968392,49.95831]}},{"type":"Feature","properties":{"NUMER_PORZ":"6","KOD_POCZT":"32-040","NAZWA_ULC":"Kresowa","NAZWA_GMI":"Świątniki Górne","NAZWA_MSC":"Ochojno","odleglosc_m":190.1,"strefa":"50-200 m","warstwa":"adresy"},"geometry":{"type":"Point","coordinates":[19.966384,49.952013]}},{"type":"Feature","properties":{"NUMER_PORZ":"11","KOD_POCZT":"32-040","NAZWA_ULC":"Kamieniec","NAZWA_GMI":"Świątniki Górne","NAZWA_MSC":"Ochojno","odleglosc_m":102.1,"strefa":"50-200 m","warstwa":"adresy"},"geometry":{"type":"Point","coordinates":[19.972632,49.958046]}},{"type":"Feature","properties":{"NUMER_PORZ":"103G","KOD_POCZT":"32-400","NAZWA_ULC":"Andrzeja Średniawskiego","NAZWA_GMI":"Myślenice","NAZWA_MSC":"Myślenice","odleglosc_m":156.1,"strefa":"50-200 m","warstwa":"adresy"},"geometry":{"type":"Point","coordinates":[19.917204,49.834952]}},{"type":"Feature","properties":{"NUMER_PORZ":"2A","KOD_POCZT":"32-040","NAZWA_ULC":"Zalesie","NAZWA_GMI":"Świątniki Górne","NAZWA_MSC":"Wrząsowice","odleglosc_m":168.0,"strefa":"50-200 m","warstwa":"adresy"},"geometry":{"type":"Point","coordinates":[19.946113,49.944979]}},{"type":"Feature","properties":{"NUMER_PORZ":"9A","KOD_POCZT":"32-040","NAZWA_ULC":"Kamieniec","NAZWA_GMI":"Świątniki Górne","NAZWA_MSC":"Ochojno","odleglosc_m":130.0,"strefa":"50-200 m","warstwa":"adresy"},"geometry":{"type":"Point","coordinates":[19.97299,49.957947]}},{"type":"Feature","properties":{"NUMER_PORZ":"9","KOD_POCZT":"32-040","NAZWA_ULC":"Kamieniec","NAZWA_GMI":"Świątniki Górne","NAZWA_MSC":"Ochojno","odleglosc_m":142.0,"strefa":"50-200 m","warstwa":"adresy"},"geometry":{"type":"Point","coordinates":[19.973161,49.957927]}},{"type":"Feature","properties":{"NUMER_PORZ":"118F","KOD_POCZT":"32-400","NAZWA_ULC":"3-ego Maja","NAZWA_GMI":"Myślenice","NAZWA_MSC":"Myślenice","odleglosc_m":141.1,"strefa":"50-200 m","warstwa":"adresy"},"geometry":{"type":"Point","coordinates":[19.909915,49.830326]}},{"type":"Feature","properties":{"NUMER_PORZ":"4L","KOD_POCZT":"32-400","NAZWA_ULC":"Tarnówka","NAZWA_GMI":"Myślenice","NAZWA_MSC":"Myślenice","odleglosc_m":49.0,"strefa":"30-50 m","warstwa":"adresy"},"geometry":{"type":"Point","coordinates":[19.925807,49.849114]}},{"type":"Feature","properties":{"NUMER_PORZ":"111F","KOD_POCZT":"32-400","NAZWA_ULC":"3-ego Maja","NAZWA_GMI":"Myślenice","NAZWA_MSC":"Myślenice","odleglosc_m":21.7,"strefa":"20-30 m","warstwa":"adresy"},"geometry":{"type":"Point","coordinates":[19.911963,49.830838]}},{"type":"Feature","properties":{"NUMER_PORZ":"125F","KOD_POCZT":"32-400","NAZWA_ULC":"Andrzeja Średniawskiego","NAZWA_GMI":"Myślenice","NAZWA_MSC":"Myślenice","odleglosc_m":134.8,"strefa":"50-200 m","warstwa":"adresy"},"geometry":{"type":"Point","coordinates":[19.910896,49.83275]}},{"type":"Feature","properties":{"NUMER_PORZ":"8G","KOD_POCZT":"32-400","NAZWA_ULC":"Tarnówka","NAZWA_GMI":"Myślenice","NAZWA_MSC":"Myślenice","odleglosc_m":178.6,"strefa":"50-200 m","warstwa":"adresy"},"geometry":{"type":"Point","coordinates":[19.924368,49.850677]}},{"type":"Feature","properties":{"NUMER_PORZ":"77","KOD_POCZT":"32-040","NAZWA_ULC":"Jagiellońska","NAZWA_GMI":"Świątniki Górne","NAZWA_MSC":"Ochojno","odleglosc_m":118.6,"strefa":"50-200 m","warstwa":"adresy"},"geometry":{"type":"Point","coordinates":[19.967956,49.957692]}},{"type":"Feature","properties":{"NUMER_PORZ":"3i","KOD_POCZT":"32-400","NAZWA_ULC":"Tarnówka","NAZWA_GMI":"Myślenice","NAZWA_MSC":"Myślenice","odleglosc_m":90.4,"strefa":"50-200 m","warstwa":"adresy"},"geometry":{"type":"Point","coordinates":[19.92425,49.847422]}},{"type":"Feature","properties":{"NUMER_PORZ":"28","KOD_POCZT":"30-694","NAZWA_ULC":"Romana Żelazowskiego","NAZWA_GMI":"Kraków","NAZWA_MSC":"Kraków","odleglosc_m":147.8,"strefa":"50-200 m","warstwa":"adresy"},"geometry":{"type":"Point","coordinates":[19.996236,49.993053]}},{"type":"Feature","properties":{"NUMER_PORZ":"44","KOD_POCZT":"30-698","NAZWA_ULC":"Włodzimierza Gruszczyńskiego","NAZWA_GMI":"Kraków","NAZWA_MSC":"Kraków","odleglosc_m":185.4,"strefa":"50-200 m","warstwa":"adresy"},"geometry":{"type":"Point","coordinates":[19.988266,49.98794]}},{"type":"Feature","properties":{"NUMER_PORZ":"4","KOD_POCZT":"30-694","NAZWA_ULC":"Krzemieniecka","NAZWA_GMI":"Kraków","NAZWA_MSC":"Kraków","odleglosc_m":81.8,"strefa":"50-200 m","warstwa":"adresy"},"geometry":{"type":"Point","coordinates":[19.989703,49.982586]}},{"type":"Feature","properties":{"NUMER_PORZ":"3","KOD_POCZT":"30-699","NAZWA_ULC":"Elżbiety Drużbackiej","NAZWA_GMI":"Kraków","NAZWA_MSC":"Kraków","odleglosc_m":98.4,"strefa":"50-200 m","warstwa":"adresy"},"geometry":{"type":"Point","coordinates":[19.989623,49.982251]}},{"type":"Feature","properties":{"NUMER_PORZ":"1","KOD_POCZT":"30-699","NAZWA_ULC":"Krzemieniecka","NAZWA_GMI":"Kraków","NAZWA_MSC":"Kraków","odleglosc_m":87.3,"strefa":"50-200 m","warstwa":"adresy"},"geometry":{"type":"Point","coordinates":[19.98954,49.982812]}},{"type":"Feature","properties":{"NUMER_PORZ":"10","KOD_POCZT":"30-699","NAZWA_ULC":"Krzemieniecka","NAZWA_GMI":"Kraków","NAZWA_MSC":"Kraków","odleglosc_m":0.0,"strefa":"w śladzie","warstwa":"adresy"},"geometry":{"type":"Point","coordinates":[19.991622,49.982666]}},{"type":"Feature","properties":{"NUMER_PORZ":"12","KOD_POCZT":"30-699","NAZWA_ULC":"Krzemieniecka","NAZWA_GMI":"Kraków","NAZWA_MSC":"Kraków","odleglosc_m":0.0,"strefa":"w śladzie","warstwa":"adresy"},"geometry":{"type":"Point","coordinates":[19.992181,49.982786]}},{"type":"Feature","properties":{"NUMER_PORZ":"14","KOD_POCZT":"30-699","NAZWA_ULC":"Krzemieniecka","NAZWA_GMI":"Kraków","NAZWA_MSC":"Kraków","odleglosc_m":54.4,"strefa":"50-200 m","warstwa":"adresy"},"geometry":{"type":"Point","coordinates":[19.992938,49.982926]}},{"type":"Feature","properties":{"NUMER_PORZ":"2","KOD_POCZT":"30-699","NAZWA_ULC":"Krzemieniecka","NAZWA_GMI":"Kraków","NAZWA_MSC":"Kraków","odleglosc_m":104.1,"strefa":"50-200 m","warstwa":"adresy"},"geometry":{"type":"Point","coordinates":[19.989386,49.982568]}},{"type":"Feature","properties":{"NUMER_PORZ":"3","KOD_POCZT":"30-699","NAZWA_ULC":"Krzemieniecka","NAZWA_GMI":"Kraków","NAZWA_MSC":"Kraków","odleglosc_m":51.8,"strefa":"50-200 m","warstwa":"adresy"},"geometry":{"type":"Point","coordinates":[19.989999,49.98301]}},{"type":"Feature","properties":{"NUMER_PORZ":"5","KOD_POCZT":"30-699","NAZWA_ULC":"Krzemieniecka","NAZWA_GMI":"Kraków","NAZWA_MSC":"Kraków","odleglosc_m":16.3,"strefa":"0-20 m","warstwa":"adresy"},"geometry":{"type":"Point","coordinates":[19.99053,49.982882]}},{"type":"Feature","properties":{"NUMER_PORZ":"6","KOD_POCZT":"30-699","NAZWA_ULC":"Krzemieniecka","NAZWA_GMI":"Kraków","NAZWA_MSC":"Kraków","odleglosc_m":5.4,"strefa":"0-20 m","warstwa":"adresy"},"geometry":{"type":"Point","coordinates":[19.990836,49.982552]}},{"type":"Feature","properties":{"NUMER_PORZ":"6b","KOD_POCZT":"30-699","NAZWA_ULC":"Krzemieniecka","NAZWA_GMI":"Kraków","NAZWA_MSC":"Kraków","odleglosc_m":44.2,"strefa":"30-50 m","warstwa":"adresy"},"geometry":{"type":"Point","coordinates":[19.990559,49.982048]}},{"type":"Feature","properties":{"NUMER_PORZ":"7","KOD_POCZT":"30-699","NAZWA_ULC":"Krzemieniecka","NAZWA_GMI":"Kraków","NAZWA_MSC":"Kraków","odleglosc_m":0.0,"strefa":"w śladzie","warstwa":"adresy"},"geometry":{"type":"Point","coordinates":[19.991423,49.983023]}},{"type":"Feature","properties":{"NUMER_PORZ":"8c","KOD_POCZT":"30-699","NAZWA_ULC":"Krzemieniecka","NAZWA_GMI":"Kraków","NAZWA_MSC":"Kraków","odleglosc_m":0.0,"strefa":"w śladzie","warstwa":"adresy"},"geometry":{"type":"Point","coordinates":[19.991753,49.982047]}},{"type":"Feature","properties":{"NUMER_PORZ":"100","KOD_POCZT":"30-699","NAZWA_ULC":"Jerzego Kuryłowicza","NAZWA_GMI":"Kraków","NAZWA_MSC":"Kraków","odleglosc_m":152.8,"strefa":"50-200 m","warstwa":"adresy"},"geometry":{"type":"Point","coordinates":[19.988676,49.982601]}},{"type":"Feature","properties":{"NUMER_PORZ":"100f","KOD_POCZT":"30-699","NAZWA_ULC":"Jerzego Kuryłowicza","NAZWA_GMI":"Kraków","NAZWA_MSC":"Kraków","odleglosc_m":198.5,"strefa":"50-200 m","warstwa":"adresy"},"geometry":{"type":"Point","coordinates":[19.988301,49.981958]}},{"type":"Feature","properties":{"NUMER_PORZ":"121","KOD_POCZT":"30-699","NAZWA_ULC":"Jerzego Kuryłowicza","NAZWA_GMI":"Kraków","NAZWA_MSC":"Kraków","odleglosc_m":175.0,"strefa":"50-200 m","warstwa":"adresy"},"geometry":{"type":"Point","coordinates":[19.988285,49.982929]}},{"type":"Feature","properties":{"NUMER_PORZ":"121a","KOD_POCZT":"30-699","NAZWA_ULC":"Jerzego Kuryłowicza","NAZWA_GMI":"Kraków","NAZWA_MSC":"Kraków","odleglosc_m":159.6,"strefa":"50-200 m","warstwa":"adresy"},"geometry":{"type":"Point","coordinates":[19.988495,49.98297]}},{"type":"Feature","properties":{"NUMER_PORZ":"123","KOD_POCZT":"30-699","NAZWA_ULC":"Jerzego Kuryłowicza","NAZWA_GMI":"Kraków","NAZWA_MSC":"Kraków","odleglosc_m":144.9,"strefa":"50-200 m","warstwa":"adresy"},"geometry":{"type":"Point","coordinates":[19.988734,49.982774]}},{"type":"Feature","properties":{"NUMER_PORZ":"16","KOD_POCZT":"30-694","NAZWA_ULC":"Blacharska","NAZWA_GMI":"Kraków","NAZWA_MSC":"Kraków","odleglosc_m":0.0,"strefa":"w śladzie","warstwa":"adresy"},"geometry":{"type":"Point","coordinates":[19.996697,49.999186]}},{"type":"Feature","properties":{"NUMER_PORZ":"28a","KOD_POCZT":"30-694","NAZWA_ULC":"Romana Żelazowskiego","NAZWA_GMI":"Kraków","NAZWA_MSC":"Kraków","odleglosc_m":156.9,"strefa":"50-200 m","warstwa":"adresy"},"geometry":{"type":"Point","coordinates":[19.996286,49.992861]}},{"type":"Feature","properties":{"NUMER_PORZ":"9C","KOD_POCZT":"30-694","NAZWA_ULC":"Romana Żelazowskiego","NAZWA_GMI":"Kraków","NAZWA_MSC":"Kraków","odleglosc_m":122.1,"strefa":"50-200 m","warstwa":"adresy"},"geometry":{"type":"Point","coordinates":[19.99605,49.993522]}},{"type":"Feature","properties":{"NUMER_PORZ":"9","KOD_POCZT":"30-694","NAZWA_ULC":"Romana Żelazowskiego","NAZWA_GMI":"Kraków","NAZWA_MSC":"Kraków","odleglosc_m":58.1,"strefa":"50-200 m","warstwa":"adresy"},"geometry":{"type":"Point","coordinates":[19.995328,49.994047]}},{"type":"Feature","properties":{"NUMER_PORZ":"3a","KOD_POCZT":"30-694","NAZWA_ULC":"Włodzimierza Gruszczyńskiego","NAZWA_GMI":"Kraków","NAZWA_MSC":"Kraków","odleglosc_m":30.3,"strefa":"30-50 m","warstwa":"adresy"},"geometry":{"type":"Point","coordinates":[19.992881,49.993088]}},{"type":"Feature","properties":{"NUMER_PORZ":"5a","KOD_POCZT":"30-699","NAZWA_ULC":"Elżbiety Drużbackiej","NAZWA_GMI":"Kraków","NAZWA_MSC":"Kraków","odleglosc_m":98.8,"strefa":"50-200 m","warstwa":"adresy"},"geometry":{"type":"Point","coordinates":[19.989738,49.982047]}},{"type":"Feature","properties":{"NUMER_PORZ":"1a","KOD_POCZT":"30-694","NAZWA_ULC":"Antoniego Hoborskiego","NAZWA_GMI":"Kraków","NAZWA_MSC":"Kraków","odleglosc_m":128.5,"strefa":"50-200 m","warstwa":"adresy"},"geometry":{"type":"Point","coordinates":[19.996696,49.994588]}},{"type":"Feature","properties":{"NUMER_PORZ":"13L","KOD_POCZT":"30-694","NAZWA_ULC":"Bednarska","NAZWA_GMI":"Kraków","NAZWA_MSC":"Kraków","odleglosc_m":114.5,"strefa":"50-200 m","warstwa":"adresy"},"geometry":{"type":"Point","coordinates":[19.998527,49.999231]}},{"type":"Feature","properties":{"NUMER_PORZ":"4","KOD_POCZT":"30-694","NAZWA_ULC":"Wacława Gąsiorowskiego","NAZWA_GMI":"Kraków","NAZWA_MSC":"Kraków","odleglosc_m":170.8,"strefa":"50-200 m","warstwa":"adresy"},"geometry":{"type":"Point","coordinates":[19.99295,49.998193]}},{"type":"Feature","properties":{"NUMER_PORZ":"9a","KOD_POCZT":"30-694","NAZWA_ULC":"Wacława Gąsiorowskiego","NAZWA_GMI":"Kraków","NAZWA_MSC":"Kraków","odleglosc_m":182.9,"strefa":"50-200 m","warstwa":"adresy"},"geometry":{"type":"Point","coordinates":[19.993389,49.999134]}},{"type":"Feature","properties":{"NUMER_PORZ":"3b","KOD_POCZT":"30-694","NAZWA_ULC":"Szczegów","NAZWA_GMI":"Kraków","NAZWA_MSC":"Kraków","odleglosc_m":172.9,"strefa":"50-200 m","warstwa":"adresy"},"geometry":{"type":"Point","coordinates":[19.996734,49.993401]}},{"type":"Feature","properties":{"NUMER_PORZ":"14","KOD_POCZT":"30-694","NAZWA_ULC":"Romana Żelazowskiego","NAZWA_GMI":"Kraków","NAZWA_MSC":"Kraków","odleglosc_m":0.0,"strefa":"w śladzie","warstwa":"adresy"},"geometry":{"type":"Point","coordinates":[19.994187,49.993914]}},{"type":"Feature","properties":{"NUMER_PORZ":"9A","KOD_POCZT":"30-694","NAZWA_ULC":"Romana Żelazowskiego","NAZWA_GMI":"Kraków","NAZWA_MSC":"Kraków","odleglosc_m":78.9,"strefa":"50-200 m","warstwa":"adresy"},"geometry":{"type":"Point","coordinates":[19.995746,49.994278]}},{"type":"Feature","properties":{"NUMER_PORZ":"10a","KOD_POCZT":"30-694","NAZWA_ULC":"Romana Żelazowskiego","NAZWA_GMI":"Kraków","NAZWA_MSC":"Kraków","odleglosc_m":0.0,"strefa":"w śladzie","warstwa":"adresy"},"geometry":{"type":"Point","coordinates":[19.993614,49.993832]}},{"type":"Feature","properties":{"NUMER_PORZ":"21C","KOD_POCZT":"30-694","NAZWA_ULC":"Włodzimierza Gruszczyńskiego","NAZWA_GMI":"Kraków","NAZWA_MSC":"Kraków","odleglosc_m":133.0,"strefa":"50-200 m","warstwa":"adresy"},"geometry":{"type":"Point","coordinates":[19.990025,49.990515]}},{"type":"Feature","properties":{"NUMER_PORZ":"6c","KOD_POCZT":"30-699","NAZWA_ULC":"Krzemieniecka","NAZWA_GMI":"Kraków","NAZWA_MSC":"Kraków","odleglosc_m":17.1,"strefa":"0-20 m","warstwa":"adresy"},"geometry":{"type":"Point","coordinates":[19.990874,49.982198]}},{"type":"Feature","properties":{"NUMER_PORZ":"23","KOD_POCZT":"30-694","NAZWA_ULC":"Romana Żelazowskiego","NAZWA_GMI":"Kraków","NAZWA_MSC":"Kraków","odleglosc_m":175.1,"strefa":"50-200 m","warstwa":"adresy"},"geometry":{"type":"Point","coordinates":[19.99114,49.99411]}},{"type":"Feature","properties":{"NUMER_PORZ":"20","KOD_POCZT":"30-694","NAZWA_ULC":"Romana Żelazowskiego","NAZWA_GMI":"Kraków","NAZWA_MSC":"Kraków","odleglosc_m":8.3,"strefa":"0-20 m","warstwa":"adresy"},"geometry":{"type":"Point","coordinates":[19.99429,49.993223]}},{"type":"Feature","properties":{"NUMER_PORZ":"16A","KOD_POCZT":"30-694","NAZWA_ULC":"Romana Żelazowskiego","NAZWA_GMI":"Kraków","NAZWA_MSC":"Kraków","odleglosc_m":3.6,"strefa":"0-20 m","warstwa":"adresy"},"geometry":{"type":"Point","coordinates":[19.994548,49.994079]}},{"type":"Feature","properties":{"NUMER_PORZ":"15a","KOD_POCZT":"30-694","NAZWA_ULC":"Jana Hallera","NAZWA_GMI":"Kraków","NAZWA_MSC":"Kraków","odleglosc_m":120.1,"strefa":"50-200 m","warstwa":"adresy"},"geometry":{"type":"Point","coordinates":[19.993641,49.997901]}},{"type":"Feature","properties":{"NUMER_PORZ":"5","KOD_POCZT":"30-699","NAZWA_ULC":"Heleny Chanieckiej","NAZWA_GMI":"Kraków","NAZWA_MSC":"Kraków","odleglosc_m":145.8,"strefa":"50-200 m","warstwa":"adresy"},"geometry":{"type":"Point","coordinates":[19.991199,49.979125]}},{"type":"Feature","properties":{"NUMER_PORZ":"3A","KOD_POCZT":"30-694","NAZWA_ULC":"Szczegów","NAZWA_GMI":"Kraków","NAZWA_MSC":"Kraków","odleglosc_m":163.2,"strefa":"50-200 m","warstwa":"adresy"},"geometry":{"type":"Point","coordinates":[19.996597,49.993407]}},{"type":"Feature","properties":{"NUMER_PORZ":"1","KOD_POCZT":"30-699","NAZWA_ULC":"Cyryla Ratajskiego","NAZWA_GMI":"Kraków","NAZWA_MSC":"Kraków","odleglosc_m":103.0,"strefa":"50-200 m","warstwa":"adresy"},"geometry":{"type":"Point","coordinates":[19.99023,49.981295]}},{"type":"Feature","properties":{"NUMER_PORZ":"58","KOD_POCZT":"30-698","NAZWA_ULC":"Włodzimierza Gruszczyńskiego","NAZWA_GMI":"Kraków","NAZWA_MSC":"Kraków","odleglosc_m":106.8,"strefa":"50-200 m","warstwa":"adresy"},"geometry":{"type":"Point","coordinates":[19.989092,49.984917]}},{"type":"Feature","properties":{"NUMER_PORZ":"42","KOD_POCZT":"30-698","NAZWA_ULC":"Włodzimierza Gruszczyńskiego","NAZWA_GMI":"Kraków","NAZWA_MSC":"Kraków","odleglosc_m":167.5,"strefa":"50-200 m","warstwa":"adresy"},"geometry":{"type":"Point","coordinates":[19.988503,49.987886]}},{"type":"Feature","properties":{"NUMER_PORZ":"7a","KOD_POCZT":"30-699","NAZWA_ULC":"Elżbiety Drużbackiej","NAZWA_GMI":"Kraków","NAZWA_MSC":"Kraków","odleglosc_m":102.4,"strefa":"50-200 m","warstwa":"adresy"},"geometry":{"type":"Point","coordinates":[19.989972,49.981611]}},{"type":"Feature","properties":{"NUMER_PORZ":"21BA","KOD_POCZT":"30-694","NAZWA_ULC":"Włodzimierza Gruszczyńskiego","NAZWA_GMI":"Kraków","NAZWA_MSC":"Kraków","odleglosc_m":181.8,"strefa":"50-200 m","warstwa":"adresy"},"geometry":{"type":"Point","coordinates":[19.989317,49.990472]}},{"type":"Feature","properties":{"NUMER_PORZ":"100A","KOD_POCZT":"30-699","NAZWA_ULC":"Jerzego Kuryłowicza","NAZWA_GMI":"Kraków","NAZWA_MSC":"Kraków","odleglosc_m":177.2,"strefa":"50-200 m","warstwa":"adresy"},"geometry":{"type":"Point","coordinates":[19.988337,49.982571]}},{"type":"Feature","properties":{"NUMER_PORZ":"101","KOD_POCZT":"30-699","NAZWA_ULC":"Elżbiety Drużbackiej","NAZWA_GMI":"Kraków","NAZWA_MSC":"Kraków","odleglosc_m":119.3,"strefa":"50-200 m","warstwa":"adresy"},"geometry":{"type":"Point","coordinates":[19.9982,49.975123]}},{"type":"Feature","properties":{"NUMER_PORZ":"28","KOD_POCZT":"30-694","NAZWA_ULC":"Blacharska","NAZWA_GMI":"Kraków","NAZWA_MSC":"Kraków","odleglosc_m":28.6,"strefa":"20-30 m","warstwa":"adresy"},"geometry":{"type":"Point","coordinates":[19.997197,49.999072]}},{"type":"Feature","properties":{"NUMER_PORZ":"58A","KOD_POCZT":"30-698","NAZWA_ULC":"Włodzimierza Gruszczyńskiego","NAZWA_GMI":"Kraków","NAZWA_MSC":"Kraków","odleglosc_m":135.1,"strefa":"50-200 m","warstwa":"adresy"},"geometry":{"type":"Point","coordinates":[19.988738,49.984654]}},{"type":"Feature","properties":{"NUMER_PORZ":"23","KOD_POCZT":"30-694","NAZWA_ULC":"Blacharska","NAZWA_GMI":"Kraków","NAZWA_MSC":"Kraków","odleglosc_m":47.2,"strefa":"30-50 m","warstwa":"adresy"},"geometry":{"type":"Point","coordinates":[19.997703,49.999849]}},{"type":"Feature","properties":{"NUMER_PORZ":"46","KOD_POCZT":"30-694","NAZWA_ULC":"Blacharska","NAZWA_GMI":"Kraków","NAZWA_MSC":"Kraków","odleglosc_m":165.5,"strefa":"50-200 m","warstwa":"adresy"},"geometry":{"type":"Point","coordinates":[19.999326,49.999354]}},{"type":"Feature","properties":{"NUMER_PORZ":"79a","KOD_POCZT":"30-699","NAZWA_ULC":"Elżbiety Drużbackiej","NAZWA_GMI":"Kraków","NAZWA_MSC":"Kraków","odleglosc_m":132.2,"strefa":"50-200 m","warstwa":"adresy"},"geometry":{"type":"Point","coordinates":[19.993821,49.973669]}},{"type":"Feature","properties":{"NUMER_PORZ":"4","KOD_POCZT":"30-699","NAZWA_ULC":"Cyryla Ratajskiego","NAZWA_GMI":"Kraków","NAZWA_MSC":"Kraków","odleglosc_m":73.1,"strefa":"50-200 m","warstwa":"adresy"},"geometry":{"type":"Point","coordinates":[19.990901,49.98105]}},{"type":"Feature","properties":{"NUMER_PORZ":"1A","KOD_POCZT":"30-699","NAZWA_ULC":"Cyryla Ratajskiego","NAZWA_GMI":"Kraków","NAZWA_MSC":"Kraków","odleglosc_m":97.2,"strefa":"50-200 m","warstwa":"adresy"},"geometry":{"type":"Point","coordinates":[19.990184,49.981459]}},{"type":"Feature","properties":{"NUMER_PORZ":"10","KOD_POCZT":"30-699","NAZWA_ULC":"Antoniego Pajdaka","NAZWA_GMI":"Kraków","NAZWA_MSC":"Kraków","odleglosc_m":9.5,"strefa":"0-20 m","warstwa":"adresy"},"geometry":{"type":"Point","coordinates":[19.99208,49.980827]}},{"type":"Feature","properties":{"NUMER_PORZ":"21E","KOD_POCZT":"30-694","NAZWA_ULC":"Włodzimierza Gruszczyńskiego","NAZWA_GMI":"Kraków","NAZWA_MSC":"Kraków","odleglosc_m":110.6,"strefa":"50-200 m","warstwa":"adresy"},"geometry":{"type":"Point","coordinates":[19.990201,49.989909]}},{"type":"Feature","properties":{"NUMER_PORZ":"8","KOD_POCZT":"30-699","NAZWA_ULC":"Krzemieniecka","NAZWA_GMI":"Kraków","NAZWA_MSC":"Kraków","odleglosc_m":0.0,"strefa":"w śladzie","warstwa":"adresy"},"geometry":{"type":"Point","coordinates":[19.9913,49.982624]}},{"type":"Feature","properties":{"NUMER_PORZ":"100D","KOD_POCZT":"30-699","NAZWA_ULC":"Jerzego Kuryłowicza","NAZWA_GMI":"Kraków","NAZWA_MSC":"Kraków","odleglosc_m":181.7,"strefa":"50-200 m","warstwa":"adresy"},"geometry":{"type":"Point","coordinates":[19.988434,49.982191]}},{"type":"Feature","properties":{"NUMER_PORZ":"15b","KOD_POCZT":"30-694","NAZWA_ULC":"Bednarska","NAZWA_GMI":"Kraków","NAZWA_MSC":"Kraków","odleglosc_m":197.9,"strefa":"50-200 m","warstwa":"adresy"},"geometry":{"type":"Point","coordinates":[19.997229,50.001547]}},{"type":"Feature","properties":{"NUMER_PORZ":"9B","KOD_POCZT":"30-694","NAZWA_ULC":"Romana Żelazowskiego","NAZWA_GMI":"Kraków","NAZWA_MSC":"Kraków","odleglosc_m":142.8,"strefa":"50-200 m","warstwa":"adresy"},"geometry":{"type":"Point","coordinates":[19.99673,49.994308]}},{"type":"Feature","properties":{"NUMER_PORZ":"15a","KOD_POCZT":"30-694","NAZWA_ULC":"Bednarska","NAZWA_GMI":"Kraków","NAZWA_MSC":"Kraków","odleglosc_m":197.9,"strefa":"50-200 m","warstwa":"adresy"},"geometry":{"type":"Point","coordinates":[19.997139,50.001557]}},{"type":"Feature","properties":{"NUMER_PORZ":"30","KOD_POCZT":"30-694","NAZWA_ULC":"Blacharska","NAZWA_GMI":"Kraków","NAZWA_MSC":"Kraków","odleglosc_m":25.4,"strefa":"20-30 m","warstwa":"adresy"},"geometry":{"type":"Point","coordinates":[19.997391,49.999574]}},{"type":"Feature","properties":{"NUMER_PORZ":"13K","KOD_POCZT":"30-694","NAZWA_ULC":"Bednarska","NAZWA_GMI":"Kraków","NAZWA_MSC":"Kraków","odleglosc_m":98.6,"strefa":"50-200 m","warstwa":"adresy"},"geometry":{"type":"Point","coordinates":[19.998455,49.999703]}},{"type":"Feature","properties":{"NUMER_PORZ":"21F","KOD_POCZT":"30-694","NAZWA_ULC":"Włodzimierza Gruszczyńskiego","NAZWA_GMI":"Kraków","NAZWA_MSC":"Kraków","odleglosc_m":104.0,"strefa":"50-200 m","warstwa":"adresy"},"geometry":{"type":"Point","coordinates":[19.990257,49.989733]}},{"type":"Feature","properties":{"NUMER_PORZ":"16","KOD_POCZT":"30-694","NAZWA_ULC":"Romana Żelazowskiego","NAZWA_GMI":"Kraków","NAZWA_MSC":"Kraków","odleglosc_m":13.1,"strefa":"0-20 m","warstwa":"adresy"},"geometry":{"type":"Point","coordinates":[19.994579,49.993776]}},{"type":"Feature","properties":{"NUMER_PORZ":"8","KOD_POCZT":"30-694","NAZWA_ULC":"Wacława Gąsiorowskiego","NAZWA_GMI":"Kraków","NAZWA_MSC":"Kraków","odleglosc_m":161.9,"strefa":"50-200 m","warstwa":"adresy"},"geometry":{"type":"Point","coordinates":[19.993277,49.998621]}},{"type":"Feature","properties":{"NUMER_PORZ":"13N","KOD_POCZT":"30-694","NAZWA_ULC":"Bednarska","NAZWA_GMI":"Kraków","NAZWA_MSC":"Kraków","odleglosc_m":148.5,"strefa":"50-200 m","warstwa":"adresy"},"geometry":{"type":"Point","coordinates":[19.999059,49.999305]}},{"type":"Feature","properties":{"NUMER_PORZ":"9","KOD_POCZT":"30-699","NAZWA_ULC":"Antoniego Pajdaka","NAZWA_GMI":"Kraków","NAZWA_MSC":"Kraków","odleglosc_m":50.4,"strefa":"50-200 m","warstwa":"adresy"},"geometry":{"type":"Point","coordinates":[19.991344,49.980942]}},{"type":"Feature","properties":{"NUMER_PORZ":"15","KOD_POCZT":"30-698","NAZWA_ULC":"Gacki","NAZWA_GMI":"Kraków","NAZWA_MSC":"Kraków","odleglosc_m":82.9,"strefa":"50-200 m","warstwa":"adresy"},"geometry":{"type":"Point","coordinates":[19.992371,49.984553]}},{"type":"Feature","properties":{"NUMER_PORZ":"31B","KOD_POCZT":"30-694","NAZWA_ULC":"Emilii Sczanieckiej","NAZWA_GMI":"Kraków","NAZWA_MSC":"Kraków","odleglosc_m":154.1,"strefa":"50-200 m","warstwa":"adresy"},"geometry":{"type":"Point","coordinates":[19.98997,49.99112]}},{"type":"Feature","properties":{"NUMER_PORZ":"21H","KOD_POCZT":"30-694","NAZWA_ULC":"Włodzimierza Gruszczyńskiego","NAZWA_GMI":"Kraków","NAZWA_MSC":"Kraków","odleglosc_m":147.0,"strefa":"50-200 m","warstwa":"adresy"},"geometry":{"type":"Point","coordinates":[19.989676,49.98987]}},{"type":"Feature","properties":{"NUMER_PORZ":"13","KOD_POCZT":"30-699","NAZWA_ULC":"Antoniego Pajdaka","NAZWA_GMI":"Kraków","NAZWA_MSC":"Kraków","odleglosc_m":17.5,"strefa":"0-20 m","warstwa":"adresy"},"geometry":{"type":"Point","coordinates":[19.991839,49.98097]}},{"type":"Feature","properties":{"NUMER_PORZ":"13KA","KOD_POCZT":"30-694","NAZWA_ULC":"Bednarska","NAZWA_GMI":"Kraków","NAZWA_MSC":"Kraków","odleglosc_m":104.2,"strefa":"50-200 m","warstwa":"adresy"},"geometry":{"type":"Point","coordinates":[19.998508,49.999522]}},{"type":"Feature","properties":{"NUMER_PORZ":"32","KOD_POCZT":"30-694","NAZWA_ULC":"Blacharska","NAZWA_GMI":"Kraków","NAZWA_MSC":"Kraków","odleglosc_m":60.3,"strefa":"50-200 m","warstwa":"adresy"},"geometry":{"type":"Point","coordinates":[19.997908,49.999605]}},{"type":"Feature","properties":{"NUMER_PORZ":"13KB","KOD_POCZT":"30-694","NAZWA_ULC":"Bednarska","NAZWA_GMI":"Kraków","NAZWA_MSC":"Kraków","odleglosc_m":139.2,"strefa":"50-200 m","warstwa":"adresy"},"geometry":{"type":"Point","coordinates":[19.999015,49.999588]}},{"type":"Feature","properties":{"NUMER_PORZ":"11","KOD_POCZT":"30-699","NAZWA_ULC":"Antoniego Pajdaka","NAZWA_GMI":"Kraków","NAZWA_MSC":"Kraków","odleglosc_m":42.4,"strefa":"30-50 m","warstwa":"adresy"},"geometry":{"type":"Point","coordinates":[19.991473,49.980939]}},{"type":"Feature","properties":{"NUMER_PORZ":"21A","KOD_POCZT":"30-694","NAZWA_ULC":"Włodzimierza Gruszczyńskiego","NAZWA_GMI":"Kraków","NAZWA_MSC":"Kraków","odleglosc_m":151.3,"strefa":"50-200 m","warstwa":"adresy"},"geometry":{"type":"Point","coordinates":[19.989697,49.990259]}},{"type":"Feature","properties":{"NUMER_PORZ":"15","KOD_POCZT":"30-694","NAZWA_ULC":"Bednarska","NAZWA_GMI":"Kraków","NAZWA_MSC":"Kraków","odleglosc_m":197.3,"strefa":"50-200 m","warstwa":"adresy"},"geometry":{"type":"Point","coordinates":[19.996823,50.001576]}},{"type":"Feature","properties":{"NUMER_PORZ":"3B","KOD_POCZT":"30-694","NAZWA_ULC":"Włodzimierza Gruszczyńskiego","NAZWA_GMI":"Kraków","NAZWA_MSC":"Kraków","odleglosc_m":77.8,"strefa":"50-200 m","warstwa":"adresy"},"geometry":{"type":"Point","coordinates":[19.992264,49.99334]}},{"type":"Feature","properties":{"NUMER_PORZ":"6","KOD_POCZT":"30-699","NAZWA_ULC":"Antoniego Pajdaka","NAZWA_GMI":"Kraków","NAZWA_MSC":"Kraków","odleglosc_m":55.0,"strefa":"50-200 m","warstwa":"adresy"},"geometry":{"type":"Point","coordinates":[19.991473,49.980691]}},{"type":"Feature","properties":{"NUMER_PORZ":"31","KOD_POCZT":"30-694","NAZWA_ULC":"Emilii Sczanieckiej","NAZWA_GMI":"Kraków","NAZWA_MSC":"Kraków","odleglosc_m":185.5,"strefa":"50-200 m","warstwa":"adresy"},"geometry":{"type":"Point","coordinates":[19.989755,49.99155]}},{"type":"Feature","properties":{"NUMER_PORZ":"20A","KOD_POCZT":"30-669","NAZWA_ULC":"Bronisława Malinowskiego","NAZWA_GMI":"Kraków","NAZWA_MSC":"Kraków","odleglosc_m":178.1,"strefa":"50-200 m","warstwa":"adresy"},"geometry":{"type":"Point","coordinates":[19.988079,49.984997]}},{"type":"Feature","properties":{"NUMER_PORZ":"6","KOD_POCZT":"30-699","NAZWA_ULC":"Romana Żelazowskiego","NAZWA_GMI":"Kraków","NAZWA_MSC":"Kraków","odleglosc_m":146.4,"strefa":"50-200 m","warstwa":"adresy"},"geometry":{"type":"Point","coordinates":[19.991543,49.994083]}},{"type":"Feature","properties":{"NUMER_PORZ":"7","KOD_POCZT":"30-699","NAZWA_ULC":"Romana Żelazowskiego","NAZWA_GMI":"Kraków","NAZWA_MSC":"Kraków","odleglosc_m":0.0,"strefa":"w śladzie","warstwa":"adresy"},"geometry":{"type":"Point","coordinates":[19.993982,49.994781]}},{"type":"Feature","properties":{"NUMER_PORZ":"8","KOD_POCZT":"30-699","NAZWA_ULC":"Romana Żelazowskiego","NAZWA_GMI":"Kraków","NAZWA_MSC":"Kraków","odleglosc_m":62.7,"strefa":"50-200 m","warstwa":"adresy"},"geometry":{"type":"Point","coordinates":[19.992794,49.99415]}},{"type":"Feature","properties":{"NUMER_PORZ":"3","KOD_POCZT":"30-694","NAZWA_ULC":"Szczegów","NAZWA_GMI":"Kraków","NAZWA_MSC":"Kraków","odleglosc_m":148.7,"strefa":"50-200 m","warstwa":"adresy"},"geometry":{"type":"Point","coordinates":[19.996375,49.993363]}},{"type":"Feature","properties":{"NUMER_PORZ":"8","KOD_POCZT":"30-698","NAZWA_ULC":"Gacki","NAZWA_GMI":"Kraków","NAZWA_MSC":"Kraków","odleglosc_m":114.1,"strefa":"50-200 m","warstwa":"adresy"},"geometry":{"type":"Point","coordinates":[19.992903,49.984474]}},{"type":"Feature","properties":{"NUMER_PORZ":"7","KOD_POCZT":"30-699","NAZWA_ULC":"Heleny Chanieckiej","NAZWA_GMI":"Kraków","NAZWA_MSC":"Kraków","odleglosc_m":7.0,"strefa":"0-20 m","warstwa":"adresy"},"geometry":{"type":"Point","coordinates":[19.993494,49.978895]}},{"type":"Feature","properties":{"NUMER_PORZ":"1b","KOD_POCZT":"30-694","NAZWA_ULC":"Jerzego Lande","NAZWA_GMI":"Kraków","NAZWA_MSC":"Kraków","odleglosc_m":190.1,"strefa":"50-200 m","warstwa":"adresy"},"geometry":{"type":"Point","coordinates":[19.99657,49.992483]}},{"type":"Feature","properties":{"NUMER_PORZ":"3","KOD_POCZT":"30-699","NAZWA_ULC":"Jerzego Lande","NAZWA_GMI":"Kraków","NAZWA_MSC":"Kraków","odleglosc_m":165.9,"strefa":"50-200 m","warstwa":"adresy"},"geometry":{"type":"Point","coordinates":[19.996231,49.992523]}},{"type":"Feature","properties":{"NUMER_PORZ":"4","KOD_POCZT":"30-694","NAZWA_ULC":"Jerzego Lande","NAZWA_GMI":"Kraków","NAZWA_MSC":"Kraków","odleglosc_m":107.5,"strefa":"50-200 m","warstwa":"adresy"},"geometry":{"type":"Point","coordinates":[19.995581,49.99289]}},{"type":"Feature","properties":{"NUMER_PORZ":"5","KOD_POCZT":"30-699","NAZWA_ULC":"Jerzego Lande","NAZWA_GMI":"Kraków","NAZWA_MSC":"Kraków","odleglosc_m":107.8,"strefa":"50-200 m","warstwa":"adresy"},"geometry":{"type":"Point","coordinates":[19.99545,49.992675]}},{"type":"Feature","properties":{"NUMER_PORZ":"6","KOD_POCZT":"30-699","NAZWA_ULC":"Jerzego Lande","NAZWA_GMI":"Kraków","NAZWA_MSC":"Kraków","odleglosc_m":112.9,"strefa":"50-200 m","warstwa":"adresy"},"geometry":{"type":"Point","coordinates":[19.995576,49.992751]}},{"type":"Feature","properties":{"NUMER_PORZ":"7","KOD_POCZT":"30-699","NAZWA_ULC":"Jerzego Lande","NAZWA_GMI":"Kraków","NAZWA_MSC":"Kraków","odleglosc_m":99.7,"strefa":"50-200 m","warstwa":"adresy"},"geometry":{"type":"Point","coordinates":[19.995349,49.992706]}},{"type":"Feature","properties":{"NUMER_PORZ":"10","KOD_POCZT":"30-694","NAZWA_ULC":"Romana Żelazowskiego","NAZWA_GMI":"Kraków","NAZWA_MSC":"Kraków","odleglosc_m":29.2,"strefa":"20-30 m","warstwa":"adresy"},"geometry":{"type":"Point","coordinates":[19.993233,49.994044]}},{"type":"Feature","properties":{"NUMER_PORZ":"12","KOD_POCZT":"30-694","NAZWA_ULC":"Romana Żelazowskiego","NAZWA_GMI":"Kraków","NAZWA_MSC":"Kraków","odleglosc_m":0.0,"strefa":"w śladzie","warstwa":"adresy"},"geometry":{"type":"Point","coordinates":[19.993881,49.994267]}},{"type":"Feature","properties":{"NUMER_PORZ":"18","KOD_POCZT":"30-699","NAZWA_ULC":"Romana Żelazowskiego","NAZWA_GMI":"Kraków","NAZWA_MSC":"Kraków","odleglosc_m":39.6,"strefa":"30-50 m","warstwa":"adresy"},"geometry":{"type":"Point","coordinates":[19.994822,49.993412]}},{"type":"Feature","properties":{"NUMER_PORZ":"22","KOD_POCZT":"30-694","NAZWA_ULC":"Romana Żelazowskiego","NAZWA_GMI":"Kraków","NAZWA_MSC":"Kraków","odleglosc_m":65.0,"strefa":"50-200 m","warstwa":"adresy"},"geometry":{"type":"Point","coordinates":[19.995057,49.993098]}},{"type":"Feature","properties":{"NUMER_PORZ":"24","KOD_POCZT":"30-699","NAZWA_ULC":"Romana Żelazowskiego","NAZWA_GMI":"Kraków","NAZWA_MSC":"Kraków","odleglosc_m":92.8,"strefa":"50-200 m","warstwa":"adresy"},"geometry":{"type":"Point","coordinates":[19.99559,49.993408]}},{"type":"Feature","properties":{"NUMER_PORZ":"32","KOD_POCZT":"30-694","NAZWA_ULC":"Romana Żelazowskiego","NAZWA_GMI":"Kraków","NAZWA_MSC":"Kraków","odleglosc_m":179.3,"strefa":"50-200 m","warstwa":"adresy"},"geometry":{"type":"Point","coordinates":[19.996526,49.992675]}},{"type":"Feature","properties":{"NUMER_PORZ":"13","KOD_POCZT":"30-699","NAZWA_ULC":"Włodzimierza Gruszczyńskiego","NAZWA_GMI":"Kraków","NAZWA_MSC":"Kraków","odleglosc_m":198.1,"strefa":"50-200 m","warstwa":"adresy"},"geometry":{"type":"Point","coordinates":[19.990277,49.99283]}},{"type":"Feature","properties":{"NUMER_PORZ":"21B","KOD_POCZT":"30-694","NAZWA_ULC":"Włodzimierza Gruszczyńskiego","NAZWA_GMI":"Kraków","NAZWA_MSC":"Kraków","odleglosc_m":159.2,"strefa":"50-200 m","warstwa":"adresy"},"geometry":{"type":"Point","coordinates":[19.98963,49.99044]}},{"type":"Feature","properties":{"NUMER_PORZ":"21J","KOD_POCZT":"30-694","NAZWA_ULC":"Włodzimierza Gruszczyńskiego","NAZWA_GMI":"Kraków","NAZWA_MSC":"Kraków","odleglosc_m":172.7,"strefa":"50-200 m","warstwa":"adresy"},"geometry":{"type":"Point","coordinates":[19.989291,49.989845]}},{"type":"Feature","properties":{"NUMER_PORZ":"3","KOD_POCZT":"30-694","NAZWA_ULC":"Włodzimierza Gruszczyńskiego","NAZWA_GMI":"Kraków","NAZWA_MSC":"Kraków","odleglosc_m":81.7,"strefa":"50-200 m","warstwa":"adresy"},"geometry":{"type":"Point","coordinates":[19.992366,49.993797]}},{"type":"Feature","properties":{"NUMER_PORZ":"7","KOD_POCZT":"30-694","NAZWA_ULC":"Włodzimierza Gruszczyńskiego","NAZWA_GMI":"Kraków","NAZWA_MSC":"Kraków","odleglosc_m":123.7,"strefa":"50-200 m","warstwa":"adresy"},"geometry":{"type":"Point","coordinates":[19.991674,49.993532]}},{"type":"Feature","properties":{"NUMER_PORZ":"9","KOD_POCZT":"30-694","NAZWA_ULC":"Włodzimierza Gruszczyńskiego","NAZWA_GMI":"Kraków","NAZWA_MSC":"Kraków","odleglosc_m":174.8,"strefa":"50-200 m","warstwa":"adresy"},"geometry":{"type":"Point","coordinates":[19.990991,49.993666]}},{"type":"Feature","properties":{"NUMER_PORZ":"9A","KOD_POCZT":"30-694","NAZWA_ULC":"Włodzimierza Gruszczyńskiego","NAZWA_GMI":"Kraków","NAZWA_MSC":"Kraków","odleglosc_m":182.6,"strefa":"50-200 m","warstwa":"adresy"},"geometry":{"type":"Point","coordinates":[19.990879,49.993666]}},{"type":"Feature","properties":{"NUMER_PORZ":"10","KOD_POCZT":"30-699","NAZWA_ULC":"Elżbiety Drużbackiej","NAZWA_GMI":"Kraków","NAZWA_MSC":"Kraków","odleglosc_m":166.7,"strefa":"50-200 m","warstwa":"adresy"},"geometry":{"type":"Point","coordinates":[19.989564,49.980883]}},{"type":"Feature","properties":{"NUMER_PORZ":"101a","KOD_POCZT":"30-699","NAZWA_ULC":"Elżbiety Drużbackiej","NAZWA_GMI":"Kraków","NAZWA_MSC":"Kraków","odleglosc_m":149.0,"strefa":"50-200 m","warstwa":"adresy"},"geometry":{"type":"Point","coordinates":[19.998605,49.975181]}},{"type":"Feature","properties":{"NUMER_PORZ":"103","KOD_POCZT":"30-699","NAZWA_ULC":"Elżbiety Drużbackiej","NAZWA_GMI":"Kraków","NAZWA_MSC":"Kraków","odleglosc_m":138.9,"strefa":"50-200 m","warstwa":"adresy"},"geometry":{"type":"Point","coordinates":[19.998561,49.974832]}},{"type":"Feature","properties":{"NUMER_PORZ":"127","KOD_POCZT":"30-699","NAZWA_ULC":"Elżbiety Drużbackiej","NAZWA_GMI":"Kraków","NAZWA_MSC":"Kraków","odleglosc_m":169.6,"strefa":"50-200 m","warstwa":"adresy"},"geometry":{"type":"Point","coordinates":[19.998547,49.975864]}},{"type":"Feature","properties":{"NUMER_PORZ":"15","KOD_POCZT":"30-699","NAZWA_ULC":"Elżbiety Drużbackiej","NAZWA_GMI":"Kraków","NAZWA_MSC":"Kraków","odleglosc_m":167.3,"strefa":"50-200 m","warstwa":"adresy"},"geometry":{"type":"Point","coordinates":[19.990061,49.980254]}},{"type":"Feature","properties":{"NUMER_PORZ":"15A","KOD_POCZT":"30-699","NAZWA_ULC":"Elżbiety Drużbackiej","NAZWA_GMI":"Kraków","NAZWA_MSC":"Kraków","odleglosc_m":152.5,"strefa":"50-200 m","warstwa":"adresy"},"geometry":{"type":"Point","coordinates":[19.990063,49.980541]}},{"type":"Feature","properties":{"NUMER_PORZ":"17","KOD_POCZT":"30-699","NAZWA_ULC":"Elżbiety Drużbackiej","NAZWA_GMI":"Kraków","NAZWA_MSC":"Kraków","odleglosc_m":158.5,"strefa":"50-200 m","warstwa":"adresy"},"geometry":{"type":"Point","coordinates":[19.990509,49.979887]}},{"type":"Feature","properties":{"NUMER_PORZ":"20","KOD_POCZT":"30-669","NAZWA_ULC":"Bronisława Malinowskiego","NAZWA_GMI":"Kraków","NAZWA_MSC":"Kraków","odleglosc_m":168.8,"strefa":"50-200 m","warstwa":"adresy"},"geometry":{"type":"Point","coordinates":[19.988234,49.984838]}},{"type":"Feature","properties":{"NUMER_PORZ":"3","KOD_POCZT":"30-699","NAZWA_ULC":"Cyryla Ratajskiego","NAZWA_GMI":"Kraków","NAZWA_MSC":"Kraków","odleglosc_m":86.6,"strefa":"50-200 m","warstwa":"adresy"},"geometry":{"type":"Point","coordinates":[19.990539,49.981235]}},{"type":"Feature","properties":{"NUMER_PORZ":"25","KOD_POCZT":"30-699","NAZWA_ULC":"Bronisława Malinowskiego","NAZWA_GMI":"Kraków","NAZWA_MSC":"Kraków","odleglosc_m":162.8,"strefa":"50-200 m","warstwa":"adresy"},"geometry":{"type":"Point","coordinates":[19.988257,49.985327]}},{"type":"Feature","properties":{"NUMER_PORZ":"12","KOD_POCZT":"30-694","NAZWA_ULC":"Blacharska","NAZWA_GMI":"Kraków","NAZWA_MSC":"Kraków","odleglosc_m":8.1,"strefa":"0-20 m","warstwa":"adresy"},"geometry":{"type":"Point","coordinates":[19.996195,49.999122]}},{"type":"Feature","properties":{"NUMER_PORZ":"4","KOD_POCZT":"30-699","NAZWA_ULC":"Elżbiety Drużbackiej","NAZWA_GMI":"Kraków","NAZWA_MSC":"Kraków","odleglosc_m":143.0,"strefa":"50-200 m","warstwa":"adresy"},"geometry":{"type":"Point","coordinates":[19.989076,49.982039]}},{"type":"Feature","properties":{"NUMER_PORZ":"5","KOD_POCZT":"30-699","NAZWA_ULC":"Elżbiety Drużbackiej","NAZWA_GMI":"Kraków","NAZWA_MSC":"Kraków","odleglosc_m":113.3,"strefa":"50-200 m","warstwa":"adresy"},"geometry":{"type":"Point","coordinates":[19.989593,49.981929]}},{"type":"Feature","properties":{"NUMER_PORZ":"5","KOD_POCZT":"30-699","NAZWA_ULC":"Cyryla Ratajskiego","NAZWA_GMI":"Kraków","NAZWA_MSC":"Kraków","odleglosc_m":56.2,"strefa":"50-200 m","warstwa":"adresy"},"geometry":{"type":"Point","coordinates":[19.990917,49.981359]}},{"type":"Feature","properties":{"NUMER_PORZ":"10","KOD_POCZT":"30-689","NAZWA_ULC":"Bogumiła Pawłowskiego","NAZWA_GMI":"Kraków","NAZWA_MSC":"Kraków","odleglosc_m":140.2,"strefa":"50-200 m","warstwa":"adresy"},"geometry":{"type":"Point","coordinates":[19.991082,49.992742]}},{"type":"Feature","properties":{"NUMER_PORZ":"14","KOD_POCZT":"30-694","NAZWA_ULC":"Blacharska","NAZWA_GMI":"Kraków","NAZWA_MSC":"Kraków","odleglosc_m":30.3,"strefa":"30-50 m","warstwa":"adresy"},"geometry":{"type":"Point","coordinates":[19.996124,49.99965]}},{"type":"Feature","properties":{"NUMER_PORZ":"14A","KOD_POCZT":"30-694","NAZWA_ULC":"Blacharska","NAZWA_GMI":"Kraków","NAZWA_MSC":"Kraków","odleglosc_m":20.5,"strefa":"20-30 m","warstwa":"adresy"},"geometry":{"type":"Point","coordinates":[19.996147,49.999398]}},{"type":"Feature","properties":{"NUMER_PORZ":"15","KOD_POCZT":"30-694","NAZWA_ULC":"Blacharska","NAZWA_GMI":"Kraków","NAZWA_MSC":"Kraków","odleglosc_m":21.2,"strefa":"20-30 m","warstwa":"adresy"},"geometry":{"type":"Point","coordinates":[19.996366,49.999869]}},{"type":"Feature","properties":{"NUMER_PORZ":"17","KOD_POCZT":"30-694","NAZWA_ULC":"Blacharska","NAZWA_GMI":"Kraków","NAZWA_MSC":"Kraków","odleglosc_m":24.8,"strefa":"20-30 m","warstwa":"adresy"},"geometry":{"type":"Point","coordinates":[19.996581,50.000022]}},{"type":"Feature","properties":{"NUMER_PORZ":"18","KOD_POCZT":"30-694","NAZWA_ULC":"Blacharska","NAZWA_GMI":"Kraków","NAZWA_MSC":"Kraków","odleglosc_m":0.0,"strefa":"w śladzie","warstwa":"adresy"},"geometry":{"type":"Point","coordinates":[19.996499,49.99948]}},{"type":"Feature","properties":{"NUMER_PORZ":"24","KOD_POCZT":"30-694","NAZWA_ULC":"Blacharska","NAZWA_GMI":"Kraków","NAZWA_MSC":"Kraków","odleglosc_m":0.0,"strefa":"w śladzie","warstwa":"adresy"},"geometry":{"type":"Point","coordinates":[19.99675,49.999442]}},{"type":"Feature","properties":{"NUMER_PORZ":"26","KOD_POCZT":"30-694","NAZWA_ULC":"Blacharska","NAZWA_GMI":"Kraków","NAZWA_MSC":"Kraków","odleglosc_m":9.2,"strefa":"0-20 m","warstwa":"adresy"},"geometry":{"type":"Point","coordinates":[19.996998,49.999248]}},{"type":"Feature","properties":{"NUMER_PORZ":"8","KOD_POCZT":"30-694","NAZWA_ULC":"Blacharska","NAZWA_GMI":"Kraków","NAZWA_MSC":"Kraków","odleglosc_m":184.4,"strefa":"50-200 m","warstwa":"adresy"},"geometry":{"type":"Point","coordinates":[19.993968,49.999849]}},{"type":"Feature","properties":{"NUMER_PORZ":"1","KOD_POCZT":"30-694","NAZWA_ULC":"Antoniego Hoborskiego","NAZWA_GMI":"Kraków","NAZWA_MSC":"Kraków","odleglosc_m":156.3,"strefa":"50-200 m","warstwa":"adresy"},"geometry":{"type":"Point","coordinates":[19.997176,49.994682]}},{"type":"Feature","properties":{"NUMER_PORZ":"5b","KOD_POCZT":"30-699","NAZWA_ULC":"Elżbiety Drużbackiej","NAZWA_GMI":"Kraków","NAZWA_MSC":"Kraków","odleglosc_m":86.6,"strefa":"50-200 m","warstwa":"adresy"},"geometry":{"type":"Point","coordinates":[19.989926,49.98204]}},{"type":"Feature","properties":{"NUMER_PORZ":"6","KOD_POCZT":"30-699","NAZWA_ULC":"Elżbiety Drużbackiej","NAZWA_GMI":"Kraków","NAZWA_MSC":"Kraków","odleglosc_m":133.5,"strefa":"50-200 m","warstwa":"adresy"},"geometry":{"type":"Point","coordinates":[19.98938,49.981787]}},{"type":"Feature","properties":{"NUMER_PORZ":"7","KOD_POCZT":"30-699","NAZWA_ULC":"Elżbiety Drużbackiej","NAZWA_GMI":"Kraków","NAZWA_MSC":"Kraków","odleglosc_m":111.2,"strefa":"50-200 m","warstwa":"adresy"},"geometry":{"type":"Point","coordinates":[19.989742,49.981744]}},{"type":"Feature","properties":{"NUMER_PORZ":"4","KOD_POCZT":"30-699","NAZWA_ULC":"Stanisława Jasiukowicza","NAZWA_GMI":"Kraków","NAZWA_MSC":"Kraków","odleglosc_m":36.6,"strefa":"30-50 m","warstwa":"adresy"},"geometry":{"type":"Point","coordinates":[19.991281,49.981289]}},{"type":"Feature","properties":{"NUMER_PORZ":"6","KOD_POCZT":"30-699","NAZWA_ULC":"Stanisława Jasiukowicza","NAZWA_GMI":"Kraków","NAZWA_MSC":"Kraków","odleglosc_m":31.4,"strefa":"30-50 m","warstwa":"adresy"},"geometry":{"type":"Point","coordinates":[19.991132,49.981574]}},{"type":"Feature","properties":{"NUMER_PORZ":"8","KOD_POCZT":"30-699","NAZWA_ULC":"Stanisława Jasiukowicza","NAZWA_GMI":"Kraków","NAZWA_MSC":"Kraków","odleglosc_m":27.4,"strefa":"20-30 m","warstwa":"adresy"},"geometry":{"type":"Point","coordinates":[19.991038,49.981761]}},{"type":"Feature","properties":{"NUMER_PORZ":"77a","KOD_POCZT":"30-699","NAZWA_ULC":"Elżbiety Drużbackiej","NAZWA_GMI":"Kraków","NAZWA_MSC":"Kraków","odleglosc_m":193.9,"strefa":"50-200 m","warstwa":"adresy"},"geometry":{"type":"Point","coordinates":[19.99297,49.973564]}},{"type":"Feature","properties":{"NUMER_PORZ":"79","KOD_POCZT":"30-699","NAZWA_ULC":"Elżbiety Drużbackiej","NAZWA_GMI":"Kraków","NAZWA_MSC":"Kraków","odleglosc_m":151.7,"strefa":"50-200 m","warstwa":"adresy"},"geometry":{"type":"Point","coordinates":[19.99355,49.973641]}},{"type":"Feature","properties":{"NUMER_PORZ":"8","KOD_POCZT":"30-699","NAZWA_ULC":"Elżbiety Drużbackiej","NAZWA_GMI":"Kraków","NAZWA_MSC":"Kraków","odleglosc_m":157.5,"strefa":"50-200 m","warstwa":"adresy"},"geometry":{"type":"Point","coordinates":[19.989422,49.981225]}},{"type":"Feature","properties":{"NUMER_PORZ":"83","KOD_POCZT":"30-699","NAZWA_ULC":"Elżbiety Drużbackiej","NAZWA_GMI":"Kraków","NAZWA_MSC":"Kraków","odleglosc_m":30.7,"strefa":"30-50 m","warstwa":"adresy"},"geometry":{"type":"Point","coordinates":[19.995193,49.97409]}},{"type":"Feature","properties":{"NUMER_PORZ":"85","KOD_POCZT":"30-699","NAZWA_ULC":"Elżbiety Drużbackiej","NAZWA_GMI":"Kraków","NAZWA_MSC":"Kraków","odleglosc_m":8.3,"strefa":"0-20 m","warstwa":"adresy"},"geometry":{"type":"Point","coordinates":[19.995526,49.973961]}},{"type":"Feature","properties":{"NUMER_PORZ":"87","KOD_POCZT":"30-699","NAZWA_ULC":"Elżbiety Drużbackiej","NAZWA_GMI":"Kraków","NAZWA_MSC":"Kraków","odleglosc_m":0.0,"strefa":"w śladzie","warstwa":"adresy"},"geometry":{"type":"Point","coordinates":[19.995966,49.974518]}},{"type":"Feature","properties":{"NUMER_PORZ":"89","KOD_POCZT":"30-699","NAZWA_ULC":"Elżbiety Drużbackiej","NAZWA_GMI":"Kraków","NAZWA_MSC":"Kraków","odleglosc_m":0.0,"strefa":"w śladzie","warstwa":"adresy"},"geometry":{"type":"Point","coordinates":[19.995934,49.973857]}},{"type":"Feature","properties":{"NUMER_PORZ":"17","KOD_POCZT":"30-694","NAZWA_ULC":"Emilii Sczanieckiej","NAZWA_GMI":"Kraków","NAZWA_MSC":"Kraków","odleglosc_m":91.3,"strefa":"50-200 m","warstwa":"adresy"},"geometry":{"type":"Point","coordinates":[19.994672,49.991446]}},{"type":"Feature","properties":{"NUMER_PORZ":"27","KOD_POCZT":"30-694","NAZWA_ULC":"Emilii Sczanieckiej","NAZWA_GMI":"Kraków","NAZWA_MSC":"Kraków","odleglosc_m":142.6,"strefa":"50-200 m","warstwa":"adresy"},"geometry":{"type":"Point","coordinates":[19.99077,49.992027]}},{"type":"Feature","properties":{"NUMER_PORZ":"29","KOD_POCZT":"30-694","NAZWA_ULC":"Emilii Sczanieckiej","NAZWA_GMI":"Kraków","NAZWA_MSC":"Kraków","odleglosc_m":165.4,"strefa":"50-200 m","warstwa":"adresy"},"geometry":{"type":"Point","coordinates":[19.990183,49.99172]}},{"type":"Feature","properties":{"NUMER_PORZ":"3","KOD_POCZT":"30-699","NAZWA_ULC":"Antoniego Pajdaka","NAZWA_GMI":"Kraków","NAZWA_MSC":"Kraków","odleglosc_m":97.3,"strefa":"50-200 m","warstwa":"adresy"},"geometry":{"type":"Point","coordinates":[19.990581,49.980974]}},{"type":"Feature","properties":{"NUMER_PORZ":"4","KOD_POCZT":"30-699","NAZWA_ULC":"Antoniego Pajdaka","NAZWA_GMI":"Kraków","NAZWA_MSC":"Kraków","odleglosc_m":89.7,"strefa":"50-200 m","warstwa":"adresy"},"geometry":{"type":"Point","coordinates":[19.990937,49.98068]}},{"type":"Feature","properties":{"NUMER_PORZ":"5","KOD_POCZT":"30-699","NAZWA_ULC":"Antoniego Pajdaka","NAZWA_GMI":"Kraków","NAZWA_MSC":"Kraków","odleglosc_m":98.3,"strefa":"50-200 m","warstwa":"adresy"},"geometry":{"type":"Point","coordinates":[19.990716,49.980786]}},{"type":"Feature","properties":{"NUMER_PORZ":"8","KOD_POCZT":"30-699","NAZWA_ULC":"Antoniego Pajdaka","NAZWA_GMI":"Kraków","NAZWA_MSC":"Kraków","odleglosc_m":31.3,"strefa":"30-50 m","warstwa":"adresy"},"geometry":{"type":"Point","coordinates":[19.991797,49.980751]}},{"type":"Feature","properties":{"NUMER_PORZ":"9","KOD_POCZT":"30-699","NAZWA_ULC":"Elżbiety Drużbackiej","NAZWA_GMI":"Kraków","NAZWA_MSC":"Kraków","odleglosc_m":139.5,"strefa":"50-200 m","warstwa":"adresy"},"geometry":{"type":"Point","coordinates":[19.98991,49.980984]}},{"type":"Feature","properties":{"NUMER_PORZ":"91","KOD_POCZT":"30-699","NAZWA_ULC":"Elżbiety Drużbackiej","NAZWA_GMI":"Kraków","NAZWA_MSC":"Kraków","odleglosc_m":0.0,"strefa":"w śladzie","warstwa":"adresy"},"geometry":{"type":"Point","coordinates":[19.996291,49.973888]}},{"type":"Feature","properties":{"NUMER_PORZ":"93","KOD_POCZT":"30-699","NAZWA_ULC":"Elżbiety Drużbackiej","NAZWA_GMI":"Kraków","NAZWA_MSC":"Kraków","odleglosc_m":26.3,"strefa":"20-30 m","warstwa":"adresy"},"geometry":{"type":"Point","coordinates":[19.99695,49.973966]}},{"type":"Feature","properties":{"NUMER_PORZ":"97","KOD_POCZT":"30-699","NAZWA_ULC":"Elżbiety Drużbackiej","NAZWA_GMI":"Kraków","NAZWA_MSC":"Kraków","odleglosc_m":85.6,"strefa":"50-200 m","warstwa":"adresy"},"geometry":{"type":"Point","coordinates":[19.997839,49.974524]}},{"type":"Feature","properties":{"NUMER_PORZ":"99","KOD_POCZT":"30-699","NAZWA_ULC":"Elżbiety Drużbackiej","NAZWA_GMI":"Kraków","NAZWA_MSC":"Kraków","odleglosc_m":108.6,"strefa":"50-200 m","warstwa":"adresy"},"geometry":{"type":"Point","coordinates":[19.998149,49.974745]}},{"type":"Feature","properties":{"NUMER_PORZ":"40","KOD_POCZT":"30-694","NAZWA_ULC":"Emilii Sczanieckiej","NAZWA_GMI":"Kraków","NAZWA_MSC":"Kraków","odleglosc_m":165.3,"strefa":"50-200 m","warstwa":"adresy"},"geometry":{"type":"Point","coordinates":[19.990647,49.992599]}},{"type":"Feature","properties":{"NUMER_PORZ":"44","KOD_POCZT":"30-694","NAZWA_ULC":"Emilii Sczanieckiej","NAZWA_GMI":"Kraków","NAZWA_MSC":"Kraków","odleglosc_m":176.1,"strefa":"50-200 m","warstwa":"adresy"},"geometry":{"type":"Point","coordinates":[19.990339,49.992145]}},{"type":"Feature","properties":{"NUMER_PORZ":"10","KOD_POCZT":"30-694","NAZWA_ULC":"Wacława Gąsiorowskiego","NAZWA_GMI":"Kraków","NAZWA_MSC":"Kraków","odleglosc_m":143.1,"strefa":"50-200 m","warstwa":"adresy"},"geometry":{"type":"Point","coordinates":[19.993592,49.998659]}},{"type":"Feature","properties":{"NUMER_PORZ":"11","KOD_POCZT":"30-694","NAZWA_ULC":"Wacława Gąsiorowskiego","NAZWA_GMI":"Kraków","NAZWA_MSC":"Kraków","odleglosc_m":145.6,"strefa":"50-200 m","warstwa":"adresy"},"geometry":{"type":"Point","coordinates":[19.993845,49.998964]}},{"type":"Feature","properties":{"NUMER_PORZ":"14","KOD_POCZT":"30-694","NAZWA_ULC":"Wacława Gąsiorowskiego","NAZWA_GMI":"Kraków","NAZWA_MSC":"Kraków","odleglosc_m":103.1,"strefa":"50-200 m","warstwa":"adresy"},"geometry":{"type":"Point","coordinates":[19.994541,49.998875]}},{"type":"Feature","properties":{"NUMER_PORZ":"15","KOD_POCZT":"30-694","NAZWA_ULC":"Wacława Gąsiorowskiego","NAZWA_GMI":"Kraków","NAZWA_MSC":"Kraków","odleglosc_m":131.9,"strefa":"50-200 m","warstwa":"adresy"},"geometry":{"type":"Point","coordinates":[19.994153,49.998998]}},{"type":"Feature","properties":{"NUMER_PORZ":"4","KOD_POCZT":"30-694","NAZWA_ULC":"Włodzimierza Gruszczyńskiego","NAZWA_GMI":"Kraków","NAZWA_MSC":"Kraków","odleglosc_m":126.9,"strefa":"50-200 m","warstwa":"adresy"},"geometry":{"type":"Point","coordinates":[19.991721,49.993799]}},{"type":"Feature","properties":{"NUMER_PORZ":"47","KOD_POCZT":"30-699","NAZWA_ULC":"Włodzimierza Gruszczyńskiego","NAZWA_GMI":"Kraków","NAZWA_MSC":"Kraków","odleglosc_m":61.4,"strefa":"50-200 m","warstwa":"adresy"},"geometry":{"type":"Point","coordinates":[19.989647,49.98572]}},{"type":"Feature","properties":{"NUMER_PORZ":"48","KOD_POCZT":"30-698","NAZWA_ULC":"Włodzimierza Gruszczyńskiego","NAZWA_GMI":"Kraków","NAZWA_MSC":"Kraków","odleglosc_m":168.1,"strefa":"50-200 m","warstwa":"adresy"},"geometry":{"type":"Point","coordinates":[19.98838,49.987525]}},{"type":"Feature","properties":{"NUMER_PORZ":"48a","KOD_POCZT":"30-698","NAZWA_ULC":"Włodzimierza Gruszczyńskiego","NAZWA_GMI":"Kraków","NAZWA_MSC":"Kraków","odleglosc_m":187.2,"strefa":"50-200 m","warstwa":"adresy"},"geometry":{"type":"Point","coordinates":[19.988077,49.987422]}},{"type":"Feature","properties":{"NUMER_PORZ":"49","KOD_POCZT":"30-698","NAZWA_ULC":"Włodzimierza Gruszczyńskiego","NAZWA_GMI":"Kraków","NAZWA_MSC":"Kraków","odleglosc_m":59.1,"strefa":"50-200 m","warstwa":"adresy"},"geometry":{"type":"Point","coordinates":[19.989712,49.985264]}},{"type":"Feature","properties":{"NUMER_PORZ":"23","KOD_POCZT":"30-694","NAZWA_ULC":"Jana Hallera","NAZWA_GMI":"Kraków","NAZWA_MSC":"Kraków","odleglosc_m":169.8,"strefa":"50-200 m","warstwa":"adresy"},"geometry":{"type":"Point","coordinates":[19.992238,49.99635]}},{"type":"Feature","properties":{"NUMER_PORZ":"25","KOD_POCZT":"30-694","NAZWA_ULC":"Jana Hallera","NAZWA_GMI":"Kraków","NAZWA_MSC":"Kraków","odleglosc_m":190.3,"strefa":"50-200 m","warstwa":"adresy"},"geometry":{"type":"Point","coordinates":[19.991565,49.995629]}},{"type":"Feature","properties":{"NUMER_PORZ":"17","KOD_POCZT":"30-694","NAZWA_ULC":"Wacława Gąsiorowskiego","NAZWA_GMI":"Kraków","NAZWA_MSC":"Kraków","odleglosc_m":127.3,"strefa":"50-200 m","warstwa":"adresy"},"geometry":{"type":"Point","coordinates":[19.994409,49.999084]}},{"type":"Feature","properties":{"NUMER_PORZ":"6","KOD_POCZT":"30-694","NAZWA_ULC":"Wacława Gąsiorowskiego","NAZWA_GMI":"Kraków","NAZWA_MSC":"Kraków","odleglosc_m":139.2,"strefa":"50-200 m","warstwa":"adresy"},"geometry":{"type":"Point","coordinates":[19.993429,49.998295]}},{"type":"Feature","properties":{"NUMER_PORZ":"7","KOD_POCZT":"30-694","NAZWA_ULC":"Wacława Gąsiorowskiego","NAZWA_GMI":"Kraków","NAZWA_MSC":"Kraków","odleglosc_m":183.9,"strefa":"50-200 m","warstwa":"adresy"},"geometry":{"type":"Point","coordinates":[19.993127,49.998882]}},{"type":"Feature","properties":{"NUMER_PORZ":"9","KOD_POCZT":"30-694","NAZWA_ULC":"Wacława Gąsiorowskiego","NAZWA_GMI":"Kraków","NAZWA_MSC":"Kraków","odleglosc_m":162.6,"strefa":"50-200 m","warstwa":"adresy"},"geometry":{"type":"Point","coordinates":[19.993492,49.998909]}},{"type":"Feature","properties":{"NUMER_PORZ":"5","KOD_POCZT":"30-694","NAZWA_ULC":"Włodzimierza Gruszczyńskiego","NAZWA_GMI":"Kraków","NAZWA_MSC":"Kraków","odleglosc_m":117.4,"strefa":"50-200 m","warstwa":"adresy"},"geometry":{"type":"Point","coordinates":[19.991757,49.99351]}},{"type":"Feature","properties":{"NUMER_PORZ":"54","KOD_POCZT":"30-699","NAZWA_ULC":"Włodzimierza Gruszczyńskiego","NAZWA_GMI":"Kraków","NAZWA_MSC":"Kraków","odleglosc_m":108.2,"strefa":"50-200 m","warstwa":"adresy"},"geometry":{"type":"Point","coordinates":[19.988988,49.98594]}},{"type":"Feature","properties":{"NUMER_PORZ":"60","KOD_POCZT":"30-699","NAZWA_ULC":"Włodzimierza Gruszczyńskiego","NAZWA_GMI":"Kraków","NAZWA_MSC":"Kraków","odleglosc_m":125.3,"strefa":"50-200 m","warstwa":"adresy"},"geometry":{"type":"Point","coordinates":[19.988947,49.984336]}},{"type":"Feature","properties":{"NUMER_PORZ":"61","KOD_POCZT":"30-698","NAZWA_ULC":"Włodzimierza Gruszczyńskiego","NAZWA_GMI":"Kraków","NAZWA_MSC":"Kraków","odleglosc_m":94.8,"strefa":"50-200 m","warstwa":"adresy"},"geometry":{"type":"Point","coordinates":[19.989393,49.983625]}},{"type":"Feature","properties":{"NUMER_PORZ":"63","KOD_POCZT":"30-698","NAZWA_ULC":"Włodzimierza Gruszczyńskiego","NAZWA_GMI":"Kraków","NAZWA_MSC":"Kraków","odleglosc_m":96.1,"strefa":"50-200 m","warstwa":"adresy"},"geometry":{"type":"Point","coordinates":[19.989366,49.98342]}},{"type":"Feature","properties":{"NUMER_PORZ":"1B","KOD_POCZT":"30-694","NAZWA_ULC":"Antoniego Hoborskiego","NAZWA_GMI":"Kraków","NAZWA_MSC":"Kraków","odleglosc_m":113.5,"strefa":"50-200 m","warstwa":"adresy"},"geometry":{"type":"Point","coordinates":[19.996437,49.99454]}},{"type":"Feature","properties":{"NUMER_PORZ":"1C","KOD_POCZT":"30-694","NAZWA_ULC":"Antoniego Hoborskiego","NAZWA_GMI":"Kraków","NAZWA_MSC":"Kraków","odleglosc_m":106.6,"strefa":"50-200 m","warstwa":"adresy"},"geometry":{"type":"Point","coordinates":[19.99632,49.994519]}},{"type":"Feature","properties":{"NUMER_PORZ":"15","KOD_POCZT":"32-040","NAZWA_ULC":"Laskowiec","NAZWA_GMI":"Świątniki Górne","NAZWA_MSC":"Ochojno","odleglosc_m":98.7,"strefa":"50-200 m","warstwa":"adresy"},"geometry":{"type":"Point","coordinates":[19.959582,49.949691]}},{"type":"Feature","properties":{"NUMER_PORZ":"29","KOD_POCZT":"30-699","NAZWA_ULC":"Bronisława Malinowskiego","NAZWA_GMI":"Kraków","NAZWA_MSC":"Kraków","odleglosc_m":114.6,"strefa":"50-200 m","warstwa":"adresy"},"geometry":{"type":"Point","coordinates":[19.98892,49.985441]}},{"type":"Feature","properties":{"NUMER_PORZ":"9","KOD_POCZT":"30-699","NAZWA_ULC":"Krzemieniecka","NAZWA_GMI":"Kraków","NAZWA_MSC":"Kraków","odleglosc_m":0.0,"strefa":"w śladzie","warstwa":"adresy"},"geometry":{"type":"Point","coordinates":[19.991742,49.983209]}},{"type":"Feature","properties":{"NUMER_PORZ":"15","KOD_POCZT":"30-699","NAZWA_ULC":"Antoniego Pajdaka","NAZWA_GMI":"Kraków","NAZWA_MSC":"Kraków","odleglosc_m":0.0,"strefa":"w śladzie","warstwa":"adresy"},"geometry":{"type":"Point","coordinates":[19.992087,49.981026]}},{"type":"Feature","properties":{"NUMER_PORZ":"21G","KOD_POCZT":"30-694","NAZWA_ULC":"Włodzimierza Gruszczyńskiego","NAZWA_GMI":"Kraków","NAZWA_MSC":"Kraków","odleglosc_m":126.7,"strefa":"50-200 m","warstwa":"adresy"},"geometry":{"type":"Point","coordinates":[19.989886,49.989688]}},{"type":"Feature","properties":{"NUMER_PORZ":"100E","KOD_POCZT":"30-699","NAZWA_ULC":"Jerzego Kuryłowicza","NAZWA_GMI":"Kraków","NAZWA_MSC":"Kraków","odleglosc_m":186.0,"strefa":"50-200 m","warstwa":"adresy"},"geometry":{"type":"Point","coordinates":[19.98851,49.981913]}},{"type":"Feature","properties":{"NUMER_PORZ":"3L","KOD_POCZT":"32-400","NAZWA_ULC":"Tarnówka","NAZWA_GMI":"Myślenice","NAZWA_MSC":"Myślenice","odleglosc_m":40.9,"strefa":"30-50 m","warstwa":"adresy"},"geometry":{"type":"Point","coordinates":[19.92442,49.846702]}},{"type":"Feature","properties":{"NUMER_PORZ":"18A","KOD_POCZT":"30-699","NAZWA_ULC":"Romana Żelazowskiego","NAZWA_GMI":"Kraków","NAZWA_MSC":"Kraków","odleglosc_m":42.1,"strefa":"30-50 m","warstwa":"adresy"},"geometry":{"type":"Point","coordinates":[19.994974,49.99372]}},{"type":"Feature","properties":{"NUMER_PORZ":"98","KOD_POCZT":"32-031","NAZWA_ULC":"Łobzowska","NAZWA_GMI":"Mogilany","NAZWA_MSC":"Włosań","odleglosc_m":127.5,"strefa":"50-200 m","warstwa":"adresy"},"geometry":{"type":"Point","coordinates":[19.889764,49.921008]}},{"type":"Feature","properties":{"NUMER_PORZ":"16","KOD_POCZT":"32-031","NAZWA_ULC":"Czarnoleska","NAZWA_GMI":"Mogilany","NAZWA_MSC":"Włosań","odleglosc_m":199.4,"strefa":"50-200 m","warstwa":"adresy"},"geometry":{"type":"Point","coordinates":[19.886833,49.912992]}},{"type":"Feature","properties":{"NUMER_PORZ":"14","KOD_POCZT":"32-031","NAZWA_ULC":"Czarnoleska","NAZWA_GMI":"Mogilany","NAZWA_MSC":"Włosań","odleglosc_m":181.2,"strefa":"50-200 m","warstwa":"adresy"},"geometry":{"type":"Point","coordinates":[19.887074,49.912925]}},{"type":"Feature","properties":{"NUMER_PORZ":"12","KOD_POCZT":"32-031","NAZWA_ULC":"Czarnoleska","NAZWA_GMI":"Mogilany","NAZWA_MSC":"Włosań","odleglosc_m":80.8,"strefa":"50-200 m","warstwa":"adresy"},"geometry":{"type":"Point","coordinates":[19.888445,49.912723]}},{"type":"Feature","properties":{"NUMER_PORZ":"8","KOD_POCZT":"32-031","NAZWA_ULC":"Czarnoleska","NAZWA_GMI":"Mogilany","NAZWA_MSC":"Włosań","odleglosc_m":0.0,"strefa":"w śladzie","warstwa":"adresy"},"geometry":{"type":"Point","coordinates":[19.889825,49.912289]}},{"type":"Feature","properties":{"NUMER_PORZ":"2","KOD_POCZT":"32-031","NAZWA_ULC":"Królowej Polski","NAZWA_GMI":"Mogilany","NAZWA_MSC":"Konary","odleglosc_m":104.5,"strefa":"50-200 m","warstwa":"adresy"},"geometry":{"type":"Point","coordinates":[19.918236,49.932929]}},{"type":"Feature","properties":{"NUMER_PORZ":"13","KOD_POCZT":"32-031","NAZWA_ULC":"Królowej Polski","NAZWA_GMI":"Mogilany","NAZWA_MSC":"Konary","odleglosc_m":198.1,"strefa":"50-200 m","warstwa":"adresy"},"geometry":{"type":"Point","coordinates":[19.917927,49.930838]}},{"type":"Feature","properties":{"NUMER_PORZ":"3","KOD_POCZT":"32-031","NAZWA_ULC":"Królowej Polski","NAZWA_GMI":"Mogilany","NAZWA_MSC":"Konary","odleglosc_m":151.2,"strefa":"50-200 m","warstwa":"adresy"},"geometry":{"type":"Point","coordinates":[19.918687,49.932573]}},{"type":"Feature","properties":{"NUMER_PORZ":"50","KOD_POCZT":"32-031","NAZWA_ULC":"Krakowska","NAZWA_GMI":"Mogilany","NAZWA_MSC":"Konary","odleglosc_m":56.8,"strefa":"50-200 m","warstwa":"adresy"},"geometry":{"type":"Point","coordinates":[19.919823,49.939028]}},{"type":"Feature","properties":{"NUMER_PORZ":"45","KOD_POCZT":"32-031","NAZWA_ULC":"Chmielnik","NAZWA_GMI":"Mogilany","NAZWA_MSC":"Włosań","odleglosc_m":85.5,"strefa":"50-200 m","warstwa":"adresy"},"geometry":{"type":"Point","coordinates":[19.892047,49.917678]}},{"type":"Feature","properties":{"NUMER_PORZ":"41","KOD_POCZT":"32-031","NAZWA_ULC":"Chmielnik","NAZWA_GMI":"Mogilany","NAZWA_MSC":"Włosań","odleglosc_m":166.8,"strefa":"50-200 m","warstwa":"adresy"},"geometry":{"type":"Point","coordinates":[19.893157,49.917519]}},{"type":"Feature","properties":{"NUMER_PORZ":"77","KOD_POCZT":"32-031","NAZWA_ULC":"Łobzowska","NAZWA_GMI":"Mogilany","NAZWA_MSC":"Włosań","odleglosc_m":132.3,"strefa":"50-200 m","warstwa":"adresy"},"geometry":{"type":"Point","coordinates":[19.902313,49.924725]}},{"type":"Feature","properties":{"NUMER_PORZ":"200","KOD_POCZT":"32-031","NAZWA_ULC":"Królowej Polski","NAZWA_GMI":"Mogilany","NAZWA_MSC":"Włosań","odleglosc_m":167.9,"strefa":"50-200 m","warstwa":"adresy"},"geometry":{"type":"Point","coordinates":[19.893251,49.912137]}},{"type":"Feature","properties":{"NUMER_PORZ":"119","KOD_POCZT":"32-031","NAZWA_ULC":"Królowej Polski","NAZWA_GMI":"Mogilany","NAZWA_MSC":"Włosań","odleglosc_m":58.0,"strefa":"50-200 m","warstwa":"adresy"},"geometry":{"type":"Point","coordinates":[19.891685,49.911818]}},{"type":"Feature","properties":{"NUMER_PORZ":"113","KOD_POCZT":"32-031","NAZWA_ULC":"Królowej Polski","NAZWA_GMI":"Mogilany","NAZWA_MSC":"Włosań","odleglosc_m":144.0,"strefa":"50-200 m","warstwa":"adresy"},"geometry":{"type":"Point","coordinates":[19.892894,49.911826]}},{"type":"Feature","properties":{"NUMER_PORZ":"109","KOD_POCZT":"32-031","NAZWA_ULC":"Królowej Polski","NAZWA_GMI":"Mogilany","NAZWA_MSC":"Włosań","odleglosc_m":175.5,"strefa":"50-200 m","warstwa":"adresy"},"geometry":{"type":"Point","coordinates":[19.893319,49.911735]}},{"type":"Feature","properties":{"NUMER_PORZ":"202","KOD_POCZT":"32-031","NAZWA_ULC":"Królowej Polski","NAZWA_GMI":"Mogilany","NAZWA_MSC":"Włosań","odleglosc_m":8.1,"strefa":"0-20 m","warstwa":"adresy"},"geometry":{"type":"Point","coordinates":[19.891015,49.912023]}},{"type":"Feature","properties":{"NUMER_PORZ":"2","KOD_POCZT":"32-031","NAZWA_ULC":"Zamkowa","NAZWA_GMI":"Mogilany","NAZWA_MSC":"Włosań","odleglosc_m":0.0,"strefa":"w śladzie","warstwa":"adresy"},"geometry":{"type":"Point","coordinates":[19.89027,49.9129]}},{"type":"Feature","properties":{"NUMER_PORZ":"11","KOD_POCZT":"32-031","NAZWA_ULC":"Zamkowa","NAZWA_GMI":"Mogilany","NAZWA_MSC":"Włosań","odleglosc_m":78.3,"strefa":"50-200 m","warstwa":"adresy"},"geometry":{"type":"Point","coordinates":[19.889221,49.91737]}},{"type":"Feature","properties":{"NUMER_PORZ":"15","KOD_POCZT":"32-031","NAZWA_ULC":"Zamkowa","NAZWA_GMI":"Mogilany","NAZWA_MSC":"Włosań","odleglosc_m":155.8,"strefa":"50-200 m","warstwa":"adresy"},"geometry":{"type":"Point","coordinates":[19.888124,49.917281]}},{"type":"Feature","properties":{"NUMER_PORZ":"120","KOD_POCZT":"32-031","NAZWA_ULC":"Świątnicka","NAZWA_GMI":"Mogilany","NAZWA_MSC":"Włosań","odleglosc_m":186.0,"strefa":"50-200 m","warstwa":"adresy"},"geometry":{"type":"Point","coordinates":[19.912844,49.933125]}},{"type":"Feature","properties":{"NUMER_PORZ":"124","KOD_POCZT":"32-031","NAZWA_ULC":"Świątnicka","NAZWA_GMI":"Mogilany","NAZWA_MSC":"Włosań","odleglosc_m":90.3,"strefa":"50-200 m","warstwa":"adresy"},"geometry":{"type":"Point","coordinates":[19.914614,49.933394]}},{"type":"Feature","properties":{"NUMER_PORZ":"52","KOD_POCZT":"32-031","NAZWA_ULC":"Krakowska","NAZWA_GMI":"Mogilany","NAZWA_MSC":"Konary","odleglosc_m":74.3,"strefa":"50-200 m","warstwa":"adresy"},"geometry":{"type":"Point","coordinates":[19.919414,49.938927]}},{"type":"Feature","properties":{"NUMER_PORZ":"4","KOD_POCZT":"32-031","NAZWA_ULC":"Słoneczna","NAZWA_GMI":"Mogilany","NAZWA_MSC":"Konary","odleglosc_m":98.3,"strefa":"50-200 m","warstwa":"adresy"},"geometry":{"type":"Point","coordinates":[19.934019,49.943907]}},{"type":"Feature","properties":{"NUMER_PORZ":"49","KOD_POCZT":"32-031","NAZWA_ULC":"Chmielnik","NAZWA_GMI":"Mogilany","NAZWA_MSC":"Włosań","odleglosc_m":47.0,"strefa":"30-50 m","warstwa":"adresy"},"geometry":{"type":"Point","coordinates":[19.891553,49.917889]}},{"type":"Feature","properties":{"NUMER_PORZ":"92","KOD_POCZT":"32-031","NAZWA_ULC":"Łobzowska","NAZWA_GMI":"Mogilany","NAZWA_MSC":"Włosań","odleglosc_m":48.1,"strefa":"30-50 m","warstwa":"adresy"},"geometry":{"type":"Point","coordinates":[19.891223,49.921319]}},{"type":"Feature","properties":{"NUMER_PORZ":"53A","KOD_POCZT":"32-031","NAZWA_ULC":"Łobzowska","NAZWA_GMI":"Mogilany","NAZWA_MSC":"Włosań","odleglosc_m":154.2,"strefa":"50-200 m","warstwa":"adresy"},"geometry":{"type":"Point","coordinates":[19.903252,49.928493]}},{"type":"Feature","properties":{"NUMER_PORZ":"142","KOD_POCZT":"32-031","NAZWA_ULC":"Świątnicka","NAZWA_GMI":"Mogilany","NAZWA_MSC":"Włosań","odleglosc_m":0.0,"strefa":"nad tunelem","warstwa":"adresy"},"geometry":{"type":"Point","coordinates":[19.916336,49.933235]}},{"type":"Feature","properties":{"NUMER_PORZ":"122","KOD_POCZT":"32-031","NAZWA_ULC":"Świątnicka","NAZWA_GMI":"Mogilany","NAZWA_MSC":"Włosań","odleglosc_m":145.3,"strefa":"50-200 m","warstwa":"adresy"},"geometry":{"type":"Point","coordinates":[19.913603,49.933235]}},{"type":"Feature","properties":{"NUMER_PORZ":"128","KOD_POCZT":"32-031","NAZWA_ULC":"Świątnicka","NAZWA_GMI":"Mogilany","NAZWA_MSC":"Włosań","odleglosc_m":70.0,"strefa":"50-200 m","warstwa":"adresy"},"geometry":{"type":"Point","coordinates":[19.914938,49.9334]}},{"type":"Feature","properties":{"NUMER_PORZ":"136","KOD_POCZT":"32-031","NAZWA_ULC":"Świątnicka","NAZWA_GMI":"Mogilany","NAZWA_MSC":"Włosań","odleglosc_m":12.6,"strefa":"0-20 m","warstwa":"adresy"},"geometry":{"type":"Point","coordinates":[19.915708,49.933236]}},{"type":"Feature","properties":{"NUMER_PORZ":"138","KOD_POCZT":"32-031","NAZWA_ULC":"Świątnicka","NAZWA_GMI":"Mogilany","NAZWA_MSC":"Włosań","odleglosc_m":0.0,"strefa":"nad tunelem","warstwa":"adresy"},"geometry":{"type":"Point","coordinates":[19.916015,49.933237]}},{"type":"Feature","properties":{"NUMER_PORZ":"144","KOD_POCZT":"32-031","NAZWA_ULC":"Świątnicka","NAZWA_GMI":"Mogilany","NAZWA_MSC":"Włosań","odleglosc_m":0.0,"strefa":"nad tunelem","warstwa":"adresy"},"geometry":{"type":"Point","coordinates":[19.916882,49.933299]}},{"type":"Feature","properties":{"NUMER_PORZ":"9","KOD_POCZT":"32-031","NAZWA_ULC":"Słoneczna","NAZWA_GMI":"Mogilany","NAZWA_MSC":"Konary","odleglosc_m":126.8,"strefa":"50-200 m","warstwa":"adresy"},"geometry":{"type":"Point","coordinates":[19.932635,49.943199]}},{"type":"Feature","properties":{"NUMER_PORZ":"11","KOD_POCZT":"32-031","NAZWA_ULC":"Słoneczna","NAZWA_GMI":"Mogilany","NAZWA_MSC":"Konary","odleglosc_m":118.0,"strefa":"50-200 m","warstwa":"adresy"},"geometry":{"type":"Point","coordinates":[19.932896,49.943543]}},{"type":"Feature","properties":{"NUMER_PORZ":"16","KOD_POCZT":"32-031","NAZWA_ULC":"Słoneczna","NAZWA_GMI":"Mogilany","NAZWA_MSC":"Konary","odleglosc_m":0.0,"strefa":"w śladzie","warstwa":"adresy"},"geometry":{"type":"Point","coordinates":[19.930895,49.943754]}},{"type":"Feature","properties":{"NUMER_PORZ":"18","KOD_POCZT":"32-031","NAZWA_ULC":"Słoneczna","NAZWA_GMI":"Mogilany","NAZWA_MSC":"Konary","odleglosc_m":0.0,"strefa":"w śladzie","warstwa":"adresy"},"geometry":{"type":"Point","coordinates":[19.93034,49.943648]}},{"type":"Feature","properties":{"NUMER_PORZ":"47","KOD_POCZT":"32-031","NAZWA_ULC":"Chmielnik","NAZWA_GMI":"Mogilany","NAZWA_MSC":"Włosań","odleglosc_m":91.7,"strefa":"50-200 m","warstwa":"adresy"},"geometry":{"type":"Point","coordinates":[19.892101,49.917506]}},{"type":"Feature","properties":{"NUMER_PORZ":"51","KOD_POCZT":"32-031","NAZWA_ULC":"Chmielnik","NAZWA_GMI":"Mogilany","NAZWA_MSC":"Włosań","odleglosc_m":66.6,"strefa":"50-200 m","warstwa":"adresy"},"geometry":{"type":"Point","coordinates":[19.891708,49.917287]}},{"type":"Feature","properties":{"NUMER_PORZ":"41","KOD_POCZT":"32-031","NAZWA_ULC":"Łobzowska","NAZWA_GMI":"Mogilany","NAZWA_MSC":"Włosań","odleglosc_m":80.3,"strefa":"50-200 m","warstwa":"adresy"},"geometry":{"type":"Point","coordinates":[19.904049,49.92799]}},{"type":"Feature","properties":{"NUMER_PORZ":"43","KOD_POCZT":"32-031","NAZWA_ULC":"Łobzowska","NAZWA_GMI":"Mogilany","NAZWA_MSC":"Włosań","odleglosc_m":55.7,"strefa":"50-200 m","warstwa":"adresy"},"geometry":{"type":"Point","coordinates":[19.904086,49.927761]}},{"type":"Feature","properties":{"NUMER_PORZ":"65","KOD_POCZT":"32-031","NAZWA_ULC":"Łobzowska","NAZWA_GMI":"Mogilany","NAZWA_MSC":"Włosań","odleglosc_m":121.0,"strefa":"50-200 m","warstwa":"adresy"},"geometry":{"type":"Point","coordinates":[19.901499,49.927562]}},{"type":"Feature","properties":{"NUMER_PORZ":"69","KOD_POCZT":"32-031","NAZWA_ULC":"Łobzowska","NAZWA_GMI":"Mogilany","NAZWA_MSC":"Włosań","odleglosc_m":35.4,"strefa":"30-50 m","warstwa":"adresy"},"geometry":{"type":"Point","coordinates":[19.901924,49.925594]}},{"type":"Feature","properties":{"NUMER_PORZ":"69A","KOD_POCZT":"32-031","NAZWA_ULC":"Łobzowska","NAZWA_GMI":"Mogilany","NAZWA_MSC":"Włosań","odleglosc_m":53.0,"strefa":"50-200 m","warstwa":"adresy"},"geometry":{"type":"Point","coordinates":[19.901893,49.925391]}},{"type":"Feature","properties":{"NUMER_PORZ":"77A","KOD_POCZT":"32-031","NAZWA_ULC":"Łobzowska","NAZWA_GMI":"Mogilany","NAZWA_MSC":"Włosań","odleglosc_m":185.2,"strefa":"50-200 m","warstwa":"adresy"},"geometry":{"type":"Point","coordinates":[19.902549,49.924264]}},{"type":"Feature","properties":{"NUMER_PORZ":"6","KOD_POCZT":"32-031","NAZWA_ULC":"Królowej Polski","NAZWA_GMI":"Mogilany","NAZWA_MSC":"Włosań","odleglosc_m":101.0,"strefa":"50-200 m","warstwa":"adresy"},"geometry":{"type":"Point","coordinates":[19.917452,49.93203]}},{"type":"Feature","properties":{"NUMER_PORZ":"154","KOD_POCZT":"32-031","NAZWA_ULC":"Świątnicka","NAZWA_GMI":"Mogilany","NAZWA_MSC":"Włosań","odleglosc_m":9.0,"strefa":"0-20 m","warstwa":"adresy"},"geometry":{"type":"Point","coordinates":[19.917025,49.933287]}},{"type":"Feature","properties":{"NUMER_PORZ":"156","KOD_POCZT":"32-031","NAZWA_ULC":"Świątnicka","NAZWA_GMI":"Mogilany","NAZWA_MSC":"Włosań","odleglosc_m":27.5,"strefa":"20-30 m","warstwa":"adresy"},"geometry":{"type":"Point","coordinates":[19.917378,49.933368]}},{"type":"Feature","properties":{"NUMER_PORZ":"134","KOD_POCZT":"32-031","NAZWA_ULC":"Świątnicka","NAZWA_GMI":"Mogilany","NAZWA_MSC":"Włosań","odleglosc_m":0.0,"strefa":"nad tunelem","warstwa":"adresy"},"geometry":{"type":"Point","coordinates":[19.915446,49.932658]}},{"type":"Feature","properties":{"NUMER_PORZ":"146","KOD_POCZT":"32-031","NAZWA_ULC":"Świątnicka","NAZWA_GMI":"Mogilany","NAZWA_MSC":"Włosań","odleglosc_m":0.0,"strefa":"nad tunelem","warstwa":"adresy"},"geometry":{"type":"Point","coordinates":[19.916625,49.933087]}},{"type":"Feature","properties":{"NUMER_PORZ":"158","KOD_POCZT":"32-031","NAZWA_ULC":"Świątnicka","NAZWA_GMI":"Mogilany","NAZWA_MSC":"Włosań","odleglosc_m":31.3,"strefa":"30-50 m","warstwa":"adresy"},"geometry":{"type":"Point","coordinates":[19.913643,49.931455]}},{"type":"Feature","properties":{"NUMER_PORZ":"118","KOD_POCZT":"32-031","NAZWA_ULC":"Świątnicka","NAZWA_GMI":"Mogilany","NAZWA_MSC":"Włosań","odleglosc_m":188.2,"strefa":"50-200 m","warstwa":"adresy"},"geometry":{"type":"Point","coordinates":[19.912554,49.932876]}},{"type":"Feature","properties":{"NUMER_PORZ":"130","KOD_POCZT":"32-031","NAZWA_ULC":"Świątnicka","NAZWA_GMI":"Mogilany","NAZWA_MSC":"Włosań","odleglosc_m":34.8,"strefa":"30-50 m","warstwa":"adresy"},"geometry":{"type":"Point","coordinates":[19.915039,49.932853]}},{"type":"Feature","properties":{"NUMER_PORZ":"107","KOD_POCZT":"32-031","NAZWA_ULC":"Świątnicka","NAZWA_GMI":"Mogilany","NAZWA_MSC":"Mogilany","odleglosc_m":109.9,"strefa":"50-200 m","warstwa":"adresy"},"geometry":{"type":"Point","coordinates":[19.914545,49.933691]}},{"type":"Feature","properties":{"NUMER_PORZ":"34","KOD_POCZT":"32-031","NAZWA_ULC":"Willowa","NAZWA_GMI":"Mogilany","NAZWA_MSC":"Konary","odleglosc_m":136.0,"strefa":"50-200 m","warstwa":"adresy"},"geometry":{"type":"Point","coordinates":[19.935321,49.943934]}},{"type":"Feature","properties":{"NUMER_PORZ":"78","KOD_POCZT":"32-031","NAZWA_ULC":"Łobzowska","NAZWA_GMI":"Mogilany","NAZWA_MSC":"Włosań","odleglosc_m":68.3,"strefa":"50-200 m","warstwa":"adresy"},"geometry":{"type":"Point","coordinates":[19.893222,49.920596]}},{"type":"Feature","properties":{"NUMER_PORZ":"155","KOD_POCZT":"32-031","NAZWA_ULC":"Łobzowska","NAZWA_GMI":"Mogilany","NAZWA_MSC":"Włosań","odleglosc_m":0.0,"strefa":"w śladzie","warstwa":"adresy"},"geometry":{"type":"Point","coordinates":[19.891277,49.919985]}},{"type":"Feature","properties":{"NUMER_PORZ":"115","KOD_POCZT":"32-031","NAZWA_ULC":"Królowej Polski","NAZWA_GMI":"Mogilany","NAZWA_MSC":"Włosań","odleglosc_m":105.2,"strefa":"50-200 m","warstwa":"adresy"},"geometry":{"type":"Point","coordinates":[19.892363,49.911931]}},{"type":"Feature","properties":{"NUMER_PORZ":"198","KOD_POCZT":"32-031","NAZWA_ULC":"Królowej Polski","NAZWA_GMI":"Mogilany","NAZWA_MSC":"Włosań","odleglosc_m":193.5,"strefa":"50-200 m","warstwa":"adresy"},"geometry":{"type":"Point","coordinates":[19.893608,49.912148]}},{"type":"Feature","properties":{"NUMER_PORZ":"148","KOD_POCZT":"32-031","NAZWA_ULC":"Świątnicka","NAZWA_GMI":"Mogilany","NAZWA_MSC":"Włosań","odleglosc_m":13.2,"strefa":"0-20 m","warstwa":"adresy"},"geometry":{"type":"Point","coordinates":[19.916951,49.933108]}},{"type":"Feature","properties":{"NUMER_PORZ":"130A","KOD_POCZT":"32-031","NAZWA_ULC":"Świątnicka","NAZWA_GMI":"Mogilany","NAZWA_MSC":"Włosań","odleglosc_m":13.6,"strefa":"0-20 m","warstwa":"adresy"},"geometry":{"type":"Point","coordinates":[19.914998,49.932427]}},{"type":"Feature","properties":{"NUMER_PORZ":"118A","KOD_POCZT":"32-031","NAZWA_ULC":"Świątnicka","NAZWA_GMI":"Mogilany","NAZWA_MSC":"Włosań","odleglosc_m":164.7,"strefa":"50-200 m","warstwa":"adresy"},"geometry":{"type":"Point","coordinates":[19.91259,49.932539]}},{"type":"Feature","properties":{"NUMER_PORZ":"136A","KOD_POCZT":"32-031","NAZWA_ULC":"Świątnicka","NAZWA_GMI":"Mogilany","NAZWA_MSC":"Włosań","odleglosc_m":0.0,"strefa":"nad tunelem","warstwa":"adresy"},"geometry":{"type":"Point","coordinates":[19.915738,49.932505]}},{"type":"Feature","properties":{"NUMER_PORZ":"126","KOD_POCZT":"32-031","NAZWA_ULC":"Świątnicka","NAZWA_GMI":"Mogilany","NAZWA_MSC":"Włosań","odleglosc_m":58.1,"strefa":"50-200 m","warstwa":"adresy"},"geometry":{"type":"Point","coordinates":[19.914647,49.932833]}},{"type":"Feature","properties":{"NUMER_PORZ":"136B","KOD_POCZT":"32-031","NAZWA_ULC":"Świątnicka","NAZWA_GMI":"Mogilany","NAZWA_MSC":"Włosań","odleglosc_m":0.0,"strefa":"nad tunelem","warstwa":"adresy"},"geometry":{"type":"Point","coordinates":[19.915705,49.932037]}},{"type":"Feature","properties":{"NUMER_PORZ":"30","KOD_POCZT":"32-031","NAZWA_ULC":"Willowa","NAZWA_GMI":"Mogilany","NAZWA_MSC":"Konary","odleglosc_m":196.6,"strefa":"50-200 m","warstwa":"adresy"},"geometry":{"type":"Point","coordinates":[19.934963,49.943252]}},{"type":"Feature","properties":{"NUMER_PORZ":"36","KOD_POCZT":"32-031","NAZWA_ULC":"Willowa","NAZWA_GMI":"Mogilany","NAZWA_MSC":"Konary","odleglosc_m":115.7,"strefa":"50-200 m","warstwa":"adresy"},"geometry":{"type":"Point","coordinates":[19.935495,49.944193]}},{"type":"Feature","properties":{"NUMER_PORZ":"155A","KOD_POCZT":"32-031","NAZWA_ULC":"Łobzowska","NAZWA_GMI":"Mogilany","NAZWA_MSC":"Włosań","odleglosc_m":0.0,"strefa":"w śladzie","warstwa":"adresy"},"geometry":{"type":"Point","coordinates":[19.891001,49.919536]}},{"type":"Feature","properties":{"NUMER_PORZ":"155B","KOD_POCZT":"32-031","NAZWA_ULC":"Łobzowska","NAZWA_GMI":"Mogilany","NAZWA_MSC":"Włosań","odleglosc_m":0.0,"strefa":"w śladzie","warstwa":"adresy"},"geometry":{"type":"Point","coordinates":[19.891229,49.919492]}},{"type":"Feature","properties":{"NUMER_PORZ":"44A","KOD_POCZT":"32-031","NAZWA_ULC":"Królowej Polski","NAZWA_GMI":"Mogilany","NAZWA_MSC":"Włosań","odleglosc_m":127.2,"strefa":"50-200 m","warstwa":"adresy"},"geometry":{"type":"Point","coordinates":[19.914633,49.929235]}},{"type":"Feature","properties":{"NUMER_PORZ":"3","KOD_POCZT":"32-031","NAZWA_ULC":"Św. Rity","NAZWA_GMI":"Mogilany","NAZWA_MSC":"Włosań","odleglosc_m":186.6,"strefa":"50-200 m","warstwa":"adresy"},"geometry":{"type":"Point","coordinates":[19.898009,49.927323]}},{"type":"Feature","properties":{"NUMER_PORZ":"32","KOD_POCZT":"32-031","NAZWA_ULC":"Willowa","NAZWA_GMI":"Mogilany","NAZWA_MSC":"Konary","odleglosc_m":171.7,"strefa":"50-200 m","warstwa":"adresy"},"geometry":{"type":"Point","coordinates":[19.935303,49.943587]}},{"type":"Feature","properties":{"NUMER_PORZ":"66B","KOD_POCZT":"32-031","NAZWA_ULC":"Łobzowska","NAZWA_GMI":"Mogilany","NAZWA_MSC":"Włosań","odleglosc_m":194.7,"strefa":"50-200 m","warstwa":"adresy"},"geometry":{"type":"Point","coordinates":[19.896094,49.92107]}},{"type":"Feature","properties":{"NUMER_PORZ":"66C","KOD_POCZT":"32-031","NAZWA_ULC":"Łobzowska","NAZWA_GMI":"Mogilany","NAZWA_MSC":"Włosań","odleglosc_m":190.5,"strefa":"50-200 m","warstwa":"adresy"},"geometry":{"type":"Point","coordinates":[19.896083,49.921123]}},{"type":"Feature","properties":{"NUMER_PORZ":"139A","KOD_POCZT":"32-031","NAZWA_ULC":"Łobzowska","NAZWA_GMI":"Mogilany","NAZWA_MSC":"Włosań","odleglosc_m":180.5,"strefa":"50-200 m","warstwa":"adresy"},"geometry":{"type":"Point","coordinates":[19.894566,49.920069]}},{"type":"Feature","properties":{"NUMER_PORZ":"12","KOD_POCZT":"32-031","NAZWA_ULC":"Kwiatowa","NAZWA_GMI":"Mogilany","NAZWA_MSC":"Konary","odleglosc_m":24.7,"strefa":"20-30 m","warstwa":"adresy"},"geometry":{"type":"Point","coordinates":[19.933588,49.944525]}},{"type":"Feature","properties":{"NUMER_PORZ":"155C","KOD_POCZT":"32-031","NAZWA_ULC":"Łobzowska","NAZWA_GMI":"Mogilany","NAZWA_MSC":"Włosań","odleglosc_m":0.0,"strefa":"w śladzie","warstwa":"adresy"},"geometry":{"type":"Point","coordinates":[19.891286,49.919876]}},{"type":"Feature","properties":{"NUMER_PORZ":"66D","KOD_POCZT":"32-031","NAZWA_ULC":"Łobzowska","NAZWA_GMI":"Mogilany","NAZWA_MSC":"Włosań","odleglosc_m":169.7,"strefa":"50-200 m","warstwa":"adresy"},"geometry":{"type":"Point","coordinates":[19.896057,49.921405]}},{"type":"Feature","properties":{"NUMER_PORZ":"16","KOD_POCZT":"32-031","NAZWA_ULC":"Słoneczna","NAZWA_GMI":"Mogilany","NAZWA_MSC":"Włosań","odleglosc_m":13.4,"strefa":"0-20 m","warstwa":"adresy"},"geometry":{"type":"Point","coordinates":[19.907753,49.927582]}},{"type":"Feature","properties":{"NUMER_PORZ":"16A","KOD_POCZT":"32-031","NAZWA_ULC":"Słoneczna","NAZWA_GMI":"Mogilany","NAZWA_MSC":"Włosań","odleglosc_m":0.0,"strefa":"w śladzie","warstwa":"adresy"},"geometry":{"type":"Point","coordinates":[19.907607,49.927831]}},{"type":"Feature","properties":{"NUMER_PORZ":"24","KOD_POCZT":"32-031","NAZWA_ULC":"Słoneczna","NAZWA_GMI":"Mogilany","NAZWA_MSC":"Włosań","odleglosc_m":1.1,"strefa":"0-20 m","warstwa":"adresy"},"geometry":{"type":"Point","coordinates":[19.908035,49.928384]}},{"type":"Feature","properties":{"NUMER_PORZ":"15","KOD_POCZT":"32-031","NAZWA_ULC":"Słoneczna","NAZWA_GMI":"Mogilany","NAZWA_MSC":"Włosań","odleglosc_m":0.0,"strefa":"w śladzie","warstwa":"adresy"},"geometry":{"type":"Point","coordinates":[19.909839,49.9285]}},{"type":"Feature","properties":{"NUMER_PORZ":"20","KOD_POCZT":"32-031","NAZWA_ULC":"Słoneczna","NAZWA_GMI":"Mogilany","NAZWA_MSC":"Włosań","odleglosc_m":141.4,"strefa":"50-200 m","warstwa":"adresy"},"geometry":{"type":"Point","coordinates":[19.909636,49.926967]}},{"type":"Feature","properties":{"NUMER_PORZ":"39","KOD_POCZT":"32-031","NAZWA_ULC":"Słoneczna","NAZWA_GMI":"Mogilany","NAZWA_MSC":"Włosań","odleglosc_m":158.0,"strefa":"50-200 m","warstwa":"adresy"},"geometry":{"type":"Point","coordinates":[19.910155,49.92694]}},{"type":"Feature","properties":{"NUMER_PORZ":"35","KOD_POCZT":"32-031","NAZWA_ULC":"Słoneczna","NAZWA_GMI":"Mogilany","NAZWA_MSC":"Włosań","odleglosc_m":134.6,"strefa":"50-200 m","warstwa":"adresy"},"geometry":{"type":"Point","coordinates":[19.910274,49.927209]}},{"type":"Feature","properties":{"NUMER_PORZ":"8","KOD_POCZT":"32-031","NAZWA_ULC":"Kwiatowa","NAZWA_GMI":"Mogilany","NAZWA_MSC":"Konary","odleglosc_m":46.4,"strefa":"30-50 m","warstwa":"adresy"},"geometry":{"type":"Point","coordinates":[19.93408,49.944508]}},{"type":"Feature","properties":{"NUMER_PORZ":"2","KOD_POCZT":"32-031","NAZWA_ULC":"Kwiatowa","NAZWA_GMI":"Mogilany","NAZWA_MSC":"Konary","odleglosc_m":87.8,"strefa":"50-200 m","warstwa":"adresy"},"geometry":{"type":"Point","coordinates":[19.935016,49.944323]}},{"type":"Feature","properties":{"NUMER_PORZ":"7","KOD_POCZT":"32-031","NAZWA_ULC":"Kwiatowa","NAZWA_GMI":"Mogilany","NAZWA_MSC":"Konary","odleglosc_m":41.9,"strefa":"30-50 m","warstwa":"adresy"},"geometry":{"type":"Point","coordinates":[19.933435,49.944293]}},{"type":"Feature","properties":{"NUMER_PORZ":"19","KOD_POCZT":"32-031","NAZWA_ULC":"Kwiatowa","NAZWA_GMI":"Mogilany","NAZWA_MSC":"Konary","odleglosc_m":7.1,"strefa":"0-20 m","warstwa":"adresy"},"geometry":{"type":"Point","coordinates":[19.929535,49.944221]}},{"type":"Feature","properties":{"NUMER_PORZ":"4","KOD_POCZT":"32-031","NAZWA_ULC":"Kwiatowa","NAZWA_GMI":"Mogilany","NAZWA_MSC":"Konary","odleglosc_m":82.6,"strefa":"50-200 m","warstwa":"adresy"},"geometry":{"type":"Point","coordinates":[19.934631,49.944275]}},{"type":"Feature","properties":{"NUMER_PORZ":"170","KOD_POCZT":"32-031","NAZWA_ULC":"Świątnicka","NAZWA_GMI":"Mogilany","NAZWA_MSC":"Konary","odleglosc_m":199.7,"strefa":"50-200 m","warstwa":"adresy"},"geometry":{"type":"Point","coordinates":[19.920256,49.93362]}},{"type":"Feature","properties":{"NUMER_PORZ":"7","KOD_POCZT":"32-031","NAZWA_ULC":"Św. Antoniego","NAZWA_GMI":"Mogilany","NAZWA_MSC":"Włosań","odleglosc_m":154.6,"strefa":"50-200 m","warstwa":"adresy"},"geometry":{"type":"Point","coordinates":[19.894037,49.919615]}},{"type":"Feature","properties":{"NUMER_PORZ":"24","KOD_POCZT":"32-031","NAZWA_ULC":"Św. Antoniego","NAZWA_GMI":"Mogilany","NAZWA_MSC":"Włosań","odleglosc_m":71.1,"strefa":"50-200 m","warstwa":"adresy"},"geometry":{"type":"Point","coordinates":[19.893955,49.924311]}},{"type":"Feature","properties":{"NUMER_PORZ":"21","KOD_POCZT":"32-031","NAZWA_ULC":"Św. Antoniego","NAZWA_GMI":"Mogilany","NAZWA_MSC":"Włosań","odleglosc_m":71.4,"strefa":"50-200 m","warstwa":"adresy"},"geometry":{"type":"Point","coordinates":[19.894729,49.921745]}},{"type":"Feature","properties":{"NUMER_PORZ":"25","KOD_POCZT":"32-031","NAZWA_ULC":"Św. Antoniego","NAZWA_GMI":"Mogilany","NAZWA_MSC":"Włosań","odleglosc_m":0.0,"strefa":"w śladzie","warstwa":"adresy"},"geometry":{"type":"Point","coordinates":[19.894221,49.923098]}},{"type":"Feature","properties":{"NUMER_PORZ":"16","KOD_POCZT":"32-031","NAZWA_ULC":"Św. Antoniego","NAZWA_GMI":"Mogilany","NAZWA_MSC":"Włosań","odleglosc_m":59.5,"strefa":"50-200 m","warstwa":"adresy"},"geometry":{"type":"Point","coordinates":[19.895176,49.922328]}},{"type":"Feature","properties":{"NUMER_PORZ":"12A","KOD_POCZT":"32-031","NAZWA_ULC":"Św. Antoniego","NAZWA_GMI":"Mogilany","NAZWA_MSC":"Włosań","odleglosc_m":124.9,"strefa":"50-200 m","warstwa":"adresy"},"geometry":{"type":"Point","coordinates":[19.895402,49.921518]}},{"type":"Feature","properties":{"NUMER_PORZ":"19","KOD_POCZT":"32-031","NAZWA_ULC":"Słoneczna","NAZWA_GMI":"Mogilany","NAZWA_MSC":"Włosań","odleglosc_m":52.1,"strefa":"50-200 m","warstwa":"adresy"},"geometry":{"type":"Point","coordinates":[19.910465,49.929878]}},{"type":"Feature","properties":{"NUMER_PORZ":"19A","KOD_POCZT":"32-031","NAZWA_ULC":"Słoneczna","NAZWA_GMI":"Mogilany","NAZWA_MSC":"Włosań","odleglosc_m":7.7,"strefa":"0-20 m","warstwa":"adresy"},"geometry":{"type":"Point","coordinates":[19.91073,49.929509]}},{"type":"Feature","properties":{"NUMER_PORZ":"33","KOD_POCZT":"32-031","NAZWA_ULC":"Słoneczna","NAZWA_GMI":"Mogilany","NAZWA_MSC":"Włosań","odleglosc_m":45.3,"strefa":"30-50 m","warstwa":"adresy"},"geometry":{"type":"Point","coordinates":[19.910405,49.928167]}},{"type":"Feature","properties":{"NUMER_PORZ":"27","KOD_POCZT":"32-031","NAZWA_ULC":"Słoneczna","NAZWA_GMI":"Mogilany","NAZWA_MSC":"Włosań","odleglosc_m":0.0,"strefa":"w śladzie","warstwa":"adresy"},"geometry":{"type":"Point","coordinates":[19.911129,49.928991]}},{"type":"Feature","properties":{"NUMER_PORZ":"129","KOD_POCZT":"32-031","NAZWA_ULC":"Świątnicka","NAZWA_GMI":"Mogilany","NAZWA_MSC":"Konary","odleglosc_m":129.4,"strefa":"50-200 m","warstwa":"adresy"},"geometry":{"type":"Point","coordinates":[19.919222,49.933701]}},{"type":"Feature","properties":{"NUMER_PORZ":"131","KOD_POCZT":"32-031","NAZWA_ULC":"Świątnicka","NAZWA_GMI":"Mogilany","NAZWA_MSC":"Konary","odleglosc_m":144.9,"strefa":"50-200 m","warstwa":"adresy"},"geometry":{"type":"Point","coordinates":[19.919471,49.93371]}},{"type":"Feature","properties":{"NUMER_PORZ":"117","KOD_POCZT":"32-031","NAZWA_ULC":"Świątnicka","NAZWA_GMI":"Mogilany","NAZWA_MSC":"Konary","odleglosc_m":1.9,"strefa":"0-20 m","warstwa":"adresy"},"geometry":{"type":"Point","coordinates":[19.916174,49.933614]}},{"type":"Feature","properties":{"NUMER_PORZ":"127","KOD_POCZT":"32-031","NAZWA_ULC":"Świątnicka","NAZWA_GMI":"Mogilany","NAZWA_MSC":"Konary","odleglosc_m":93.6,"strefa":"50-200 m","warstwa":"adresy"},"geometry":{"type":"Point","coordinates":[19.918662,49.933699]}},{"type":"Feature","properties":{"NUMER_PORZ":"12C","KOD_POCZT":"32-031","NAZWA_ULC":"Św. Antoniego","NAZWA_GMI":"Mogilany","NAZWA_MSC":"Włosań","odleglosc_m":136.6,"strefa":"50-200 m","warstwa":"adresy"},"geometry":{"type":"Point","coordinates":[19.895397,49.921345]}},{"type":"Feature","properties":{"NUMER_PORZ":"12D","KOD_POCZT":"32-031","NAZWA_ULC":"Św. Antoniego","NAZWA_GMI":"Mogilany","NAZWA_MSC":"Włosań","odleglosc_m":145.0,"strefa":"50-200 m","warstwa":"adresy"},"geometry":{"type":"Point","coordinates":[19.895388,49.92122]}},{"type":"Feature","properties":{"NUMER_PORZ":"12H","KOD_POCZT":"32-031","NAZWA_ULC":"Św. Antoniego","NAZWA_GMI":"Mogilany","NAZWA_MSC":"Włosań","odleglosc_m":169.6,"strefa":"50-200 m","warstwa":"adresy"},"geometry":{"type":"Point","coordinates":[19.895368,49.920861]}},{"type":"Feature","properties":{"NUMER_PORZ":"12F","KOD_POCZT":"32-031","NAZWA_ULC":"Św. Antoniego","NAZWA_GMI":"Mogilany","NAZWA_MSC":"Włosań","odleglosc_m":159.1,"strefa":"50-200 m","warstwa":"adresy"},"geometry":{"type":"Point","coordinates":[19.895398,49.921031]}},{"type":"Feature","properties":{"NUMER_PORZ":"12E","KOD_POCZT":"32-031","NAZWA_ULC":"Św. Antoniego","NAZWA_GMI":"Mogilany","NAZWA_MSC":"Włosań","odleglosc_m":148.7,"strefa":"50-200 m","warstwa":"adresy"},"geometry":{"type":"Point","coordinates":[19.895376,49.921159]}},{"type":"Feature","properties":{"NUMER_PORZ":"17","KOD_POCZT":"32-031","NAZWA_ULC":"Św. Antoniego","NAZWA_GMI":"Mogilany","NAZWA_MSC":"Włosań","odleglosc_m":90.0,"strefa":"50-200 m","warstwa":"adresy"},"geometry":{"type":"Point","coordinates":[19.894377,49.921212]}},{"type":"Feature","properties":{"NUMER_PORZ":"23","KOD_POCZT":"32-031","NAZWA_ULC":"Św. Antoniego","NAZWA_GMI":"Mogilany","NAZWA_MSC":"Włosań","odleglosc_m":0.0,"strefa":"w śladzie","warstwa":"adresy"},"geometry":{"type":"Point","coordinates":[19.894504,49.922669]}},{"type":"Feature","properties":{"NUMER_PORZ":"25A","KOD_POCZT":"32-031","NAZWA_ULC":"Św. Antoniego","NAZWA_GMI":"Mogilany","NAZWA_MSC":"Włosań","odleglosc_m":0.0,"strefa":"w śladzie","warstwa":"adresy"},"geometry":{"type":"Point","coordinates":[19.894336,49.922862]}},{"type":"Feature","properties":{"NUMER_PORZ":"12","KOD_POCZT":"32-031","NAZWA_ULC":"Św. Antoniego","NAZWA_GMI":"Mogilany","NAZWA_MSC":"Włosań","odleglosc_m":119.5,"strefa":"50-200 m","warstwa":"adresy"},"geometry":{"type":"Point","coordinates":[19.895381,49.92158]}},{"type":"Feature","properties":{"NUMER_PORZ":"12B","KOD_POCZT":"32-031","NAZWA_ULC":"Św. Antoniego","NAZWA_GMI":"Mogilany","NAZWA_MSC":"Włosań","odleglosc_m":132.4,"strefa":"50-200 m","warstwa":"adresy"},"geometry":{"type":"Point","coordinates":[19.895387,49.921396]}},{"type":"Feature","properties":{"NUMER_PORZ":"9","KOD_POCZT":"32-031","NAZWA_ULC":"Słoneczna","NAZWA_GMI":"Mogilany","NAZWA_MSC":"Włosań","odleglosc_m":169.1,"strefa":"50-200 m","warstwa":"adresy"},"geometry":{"type":"Point","coordinates":[19.909067,49.930562]}},{"type":"Feature","properties":{"NUMER_PORZ":"20A","KOD_POCZT":"32-031","NAZWA_ULC":"Słoneczna","NAZWA_GMI":"Mogilany","NAZWA_MSC":"Włosań","odleglosc_m":114.0,"strefa":"50-200 m","warstwa":"adresy"},"geometry":{"type":"Point","coordinates":[19.909564,49.927213]}},{"type":"Feature","properties":{"NUMER_PORZ":"21","KOD_POCZT":"32-031","NAZWA_ULC":"Słoneczna","NAZWA_GMI":"Mogilany","NAZWA_MSC":"Włosań","odleglosc_m":0.0,"strefa":"w śladzie","warstwa":"adresy"},"geometry":{"type":"Point","coordinates":[19.910741,49.9289]}},{"type":"Feature","properties":{"NUMER_PORZ":"23","KOD_POCZT":"32-031","NAZWA_ULC":"Słoneczna","NAZWA_GMI":"Mogilany","NAZWA_MSC":"Włosań","odleglosc_m":0.0,"strefa":"w śladzie","warstwa":"adresy"},"geometry":{"type":"Point","coordinates":[19.911047,49.92945]}},{"type":"Feature","properties":{"NUMER_PORZ":"37","KOD_POCZT":"32-031","NAZWA_ULC":"Słoneczna","NAZWA_GMI":"Mogilany","NAZWA_MSC":"Włosań","odleglosc_m":158.9,"strefa":"50-200 m","warstwa":"adresy"},"geometry":{"type":"Point","coordinates":[19.910557,49.927056]}},{"type":"Feature","properties":{"NUMER_PORZ":"5","KOD_POCZT":"32-031","NAZWA_ULC":"Spokojna","NAZWA_GMI":"Mogilany","NAZWA_MSC":"Włosań","odleglosc_m":144.1,"strefa":"50-200 m","warstwa":"adresy"},"geometry":{"type":"Point","coordinates":[19.900442,49.924116]}},{"type":"Feature","properties":{"NUMER_PORZ":"6","KOD_POCZT":"32-031","NAZWA_ULC":"Spokojna","NAZWA_GMI":"Mogilany","NAZWA_MSC":"Włosań","odleglosc_m":151.9,"strefa":"50-200 m","warstwa":"adresy"},"geometry":{"type":"Point","coordinates":[19.900905,49.92413]}},{"type":"Feature","properties":{"NUMER_PORZ":"7","KOD_POCZT":"32-031","NAZWA_ULC":"Spokojna","NAZWA_GMI":"Mogilany","NAZWA_MSC":"Włosań","odleglosc_m":16.2,"strefa":"0-20 m","warstwa":"adresy"},"geometry":{"type":"Point","coordinates":[19.900623,49.925365]}},{"type":"Feature","properties":{"NUMER_PORZ":"9","KOD_POCZT":"32-031","NAZWA_ULC":"Spokojna","NAZWA_GMI":"Mogilany","NAZWA_MSC":"Włosań","odleglosc_m":0.0,"strefa":"w śladzie","warstwa":"adresy"},"geometry":{"type":"Point","coordinates":[19.900551,49.925595]}},{"type":"Feature","properties":{"NUMER_PORZ":"8","KOD_POCZT":"32-031","NAZWA_ULC":"Leśna","NAZWA_GMI":"Mogilany","NAZWA_MSC":"Konary","odleglosc_m":96.0,"strefa":"50-200 m","warstwa":"adresy"},"geometry":{"type":"Point","coordinates":[19.925781,49.943027]}},{"type":"Feature","properties":{"NUMER_PORZ":"121","KOD_POCZT":"32-031","NAZWA_ULC":"Świątnicka","NAZWA_GMI":"Mogilany","NAZWA_MSC":"Konary","odleglosc_m":4.7,"strefa":"0-20 m","warstwa":"adresy"},"geometry":{"type":"Point","coordinates":[19.91727,49.933689]}},{"type":"Feature","properties":{"NUMER_PORZ":"123","KOD_POCZT":"32-031","NAZWA_ULC":"Świątnicka","NAZWA_GMI":"Mogilany","NAZWA_MSC":"Konary","odleglosc_m":38.7,"strefa":"30-50 m","warstwa":"adresy"},"geometry":{"type":"Point","coordinates":[19.917833,49.933732]}},{"type":"Feature","properties":{"NUMER_PORZ":"158","KOD_POCZT":"32-031","NAZWA_ULC":"Świątnicka","NAZWA_GMI":"Mogilany","NAZWA_MSC":"Konary","odleglosc_m":58.2,"strefa":"50-200 m","warstwa":"adresy"},"geometry":{"type":"Point","coordinates":[19.917776,49.933266]}},{"type":"Feature","properties":{"NUMER_PORZ":"12G","KOD_POCZT":"32-031","NAZWA_ULC":"Św. Antoniego","NAZWA_GMI":"Mogilany","NAZWA_MSC":"Włosań","odleglosc_m":162.2,"strefa":"50-200 m","warstwa":"adresy"},"geometry":{"type":"Point","coordinates":[19.895392,49.920982]}},{"type":"Feature","properties":{"NUMER_PORZ":"12J","KOD_POCZT":"32-031","NAZWA_ULC":"Św. Antoniego","NAZWA_GMI":"Mogilany","NAZWA_MSC":"Włosań","odleglosc_m":183.3,"strefa":"50-200 m","warstwa":"adresy"},"geometry":{"type":"Point","coordinates":[19.895386,49.920682]}},{"type":"Feature","properties":{"NUMER_PORZ":"12K","KOD_POCZT":"32-031","NAZWA_ULC":"Św. Antoniego","NAZWA_GMI":"Mogilany","NAZWA_MSC":"Włosań","odleglosc_m":187.6,"strefa":"50-200 m","warstwa":"adresy"},"geometry":{"type":"Point","coordinates":[19.895386,49.920623]}},{"type":"Feature","properties":{"NUMER_PORZ":"22","KOD_POCZT":"32-031","NAZWA_ULC":"Św. Antoniego","NAZWA_GMI":"Mogilany","NAZWA_MSC":"Włosań","odleglosc_m":23.6,"strefa":"20-30 m","warstwa":"adresy"},"geometry":{"type":"Point","coordinates":[19.895037,49.922754]}},{"type":"Feature","properties":{"NUMER_PORZ":"22A","KOD_POCZT":"32-031","NAZWA_ULC":"Św. Antoniego","NAZWA_GMI":"Mogilany","NAZWA_MSC":"Włosań","odleglosc_m":9.7,"strefa":"0-20 m","warstwa":"adresy"},"geometry":{"type":"Point","coordinates":[19.894974,49.922988]}},{"type":"Feature","properties":{"NUMER_PORZ":"19","KOD_POCZT":"32-031","NAZWA_ULC":"Leśna","NAZWA_GMI":"Mogilany","NAZWA_MSC":"Konary","odleglosc_m":30.6,"strefa":"30-50 m","warstwa":"adresy"},"geometry":{"type":"Point","coordinates":[19.927289,49.941804]}},{"type":"Feature","properties":{"NUMER_PORZ":"4","KOD_POCZT":"32-031","NAZWA_ULC":"Leśna","NAZWA_GMI":"Mogilany","NAZWA_MSC":"Konary","odleglosc_m":196.3,"strefa":"50-200 m","warstwa":"adresy"},"geometry":{"type":"Point","coordinates":[19.925607,49.944331]}},{"type":"Feature","properties":{"NUMER_PORZ":"7","KOD_POCZT":"32-031","NAZWA_ULC":"Leśna","NAZWA_GMI":"Mogilany","NAZWA_MSC":"Konary","odleglosc_m":169.1,"strefa":"50-200 m","warstwa":"adresy"},"geometry":{"type":"Point","coordinates":[19.926095,49.944277]}},{"type":"Feature","properties":{"NUMER_PORZ":"9","KOD_POCZT":"32-031","NAZWA_ULC":"Leśna","NAZWA_GMI":"Mogilany","NAZWA_MSC":"Konary","odleglosc_m":141.6,"strefa":"50-200 m","warstwa":"adresy"},"geometry":{"type":"Point","coordinates":[19.926343,49.944089]}},{"type":"Feature","properties":{"NUMER_PORZ":"162","KOD_POCZT":"32-031","NAZWA_ULC":"Świątnicka","NAZWA_GMI":"Mogilany","NAZWA_MSC":"Konary","odleglosc_m":100.2,"strefa":"50-200 m","warstwa":"adresy"},"geometry":{"type":"Point","coordinates":[19.918479,49.933329]}},{"type":"Feature","properties":{"NUMER_PORZ":"168","KOD_POCZT":"32-031","NAZWA_ULC":"Świątnicka","NAZWA_GMI":"Mogilany","NAZWA_MSC":"Konary","odleglosc_m":192.5,"strefa":"50-200 m","warstwa":"adresy"},"geometry":{"type":"Point","coordinates":[19.919994,49.933427]}},{"type":"Feature","properties":{"NUMER_PORZ":"166","KOD_POCZT":"32-031","NAZWA_ULC":"Świątnicka","NAZWA_GMI":"Mogilany","NAZWA_MSC":"Konary","odleglosc_m":174.0,"strefa":"50-200 m","warstwa":"adresy"},"geometry":{"type":"Point","coordinates":[19.919709,49.933433]}},{"type":"Feature","properties":{"NUMER_PORZ":"115","KOD_POCZT":"32-031","NAZWA_ULC":"Świątnicka","NAZWA_GMI":"Mogilany","NAZWA_MSC":"Konary","odleglosc_m":19.0,"strefa":"0-20 m","warstwa":"adresy"},"geometry":{"type":"Point","coordinates":[19.915912,49.933621]}},{"type":"Feature","properties":{"NUMER_PORZ":"2","KOD_POCZT":"32-031","NAZWA_ULC":"Leśników","NAZWA_GMI":"Mogilany","NAZWA_MSC":"Włosań","odleglosc_m":162.8,"strefa":"50-200 m","warstwa":"adresy"},"geometry":{"type":"Point","coordinates":[19.898645,49.923217]}},{"type":"Feature","properties":{"NUMER_PORZ":"10","KOD_POCZT":"32-031","NAZWA_ULC":"Leśników","NAZWA_GMI":"Mogilany","NAZWA_MSC":"Włosań","odleglosc_m":143.0,"strefa":"50-200 m","warstwa":"adresy"},"geometry":{"type":"Point","coordinates":[19.898098,49.923213]}},{"type":"Feature","properties":{"NUMER_PORZ":"16","KOD_POCZT":"32-031","NAZWA_ULC":"Leśników","NAZWA_GMI":"Mogilany","NAZWA_MSC":"Włosań","odleglosc_m":6.5,"strefa":"0-20 m","warstwa":"adresy"},"geometry":{"type":"Point","coordinates":[19.897352,49.924403]}},{"type":"Feature","properties":{"NUMER_PORZ":"14","KOD_POCZT":"32-031","NAZWA_ULC":"Leśników","NAZWA_GMI":"Mogilany","NAZWA_MSC":"Włosań","odleglosc_m":3.0,"strefa":"0-20 m","warstwa":"adresy"},"geometry":{"type":"Point","coordinates":[19.897199,49.924378]}},{"type":"Feature","properties":{"NUMER_PORZ":"4","KOD_POCZT":"32-031","NAZWA_ULC":"Leśników","NAZWA_GMI":"Mogilany","NAZWA_MSC":"Włosań","odleglosc_m":147.4,"strefa":"50-200 m","warstwa":"adresy"},"geometry":{"type":"Point","coordinates":[19.89841,49.923301]}},{"type":"Feature","properties":{"NUMER_PORZ":"11","KOD_POCZT":"32-031","NAZWA_ULC":"Leśników","NAZWA_GMI":"Mogilany","NAZWA_MSC":"Włosań","odleglosc_m":9.6,"strefa":"0-20 m","warstwa":"adresy"},"geometry":{"type":"Point","coordinates":[19.896639,49.92476]}},{"type":"Feature","properties":{"NUMER_PORZ":"10","KOD_POCZT":"32-031","NAZWA_ULC":"Malinowa","NAZWA_GMI":"Mogilany","NAZWA_MSC":"Konary","odleglosc_m":176.4,"strefa":"50-200 m","warstwa":"adresy"},"geometry":{"type":"Point","coordinates":[19.92692,49.944782]}},{"type":"Feature","properties":{"NUMER_PORZ":"160","KOD_POCZT":"32-031","NAZWA_ULC":"Świątnicka","NAZWA_GMI":"Mogilany","NAZWA_MSC":"Konary","odleglosc_m":82.0,"strefa":"50-200 m","warstwa":"adresy"},"geometry":{"type":"Point","coordinates":[19.918179,49.933308]}},{"type":"Feature","properties":{"NUMER_PORZ":"109","KOD_POCZT":"32-031","NAZWA_ULC":"Świątnicka","NAZWA_GMI":"Mogilany","NAZWA_MSC":"Konary","odleglosc_m":89.6,"strefa":"50-200 m","warstwa":"adresy"},"geometry":{"type":"Point","coordinates":[19.914859,49.933685]}},{"type":"Feature","properties":{"NUMER_PORZ":"111","KOD_POCZT":"32-031","NAZWA_ULC":"Świątnicka","NAZWA_GMI":"Mogilany","NAZWA_MSC":"Konary","odleglosc_m":62.0,"strefa":"50-200 m","warstwa":"adresy"},"geometry":{"type":"Point","coordinates":[19.915236,49.933616]}},{"type":"Feature","properties":{"NUMER_PORZ":"149","KOD_POCZT":"32-031","NAZWA_ULC":"Królowej Polski","NAZWA_GMI":"Mogilany","NAZWA_MSC":"Włosań","odleglosc_m":110.5,"strefa":"50-200 m","warstwa":"adresy"},"geometry":{"type":"Point","coordinates":[19.91461,49.929448]}},{"type":"Feature","properties":{"NUMER_PORZ":"12","KOD_POCZT":"32-031","NAZWA_ULC":"Królowej Polski","NAZWA_GMI":"Mogilany","NAZWA_MSC":"Włosań","odleglosc_m":158.3,"strefa":"50-200 m","warstwa":"adresy"},"geometry":{"type":"Point","coordinates":[19.916054,49.929809]}},{"type":"Feature","properties":{"NUMER_PORZ":"16","KOD_POCZT":"32-031","NAZWA_ULC":"Królowej Polski","NAZWA_GMI":"Mogilany","NAZWA_MSC":"Włosań","odleglosc_m":194.9,"strefa":"50-200 m","warstwa":"adresy"},"geometry":{"type":"Point","coordinates":[19.916643,49.929753]}},{"type":"Feature","properties":{"NUMER_PORZ":"8","KOD_POCZT":"32-031","NAZWA_ULC":"Królowej Polski","NAZWA_GMI":"Mogilany","NAZWA_MSC":"Włosań","odleglosc_m":142.9,"strefa":"50-200 m","warstwa":"adresy"},"geometry":{"type":"Point","coordinates":[19.917021,49.930859]}},{"type":"Feature","properties":{"NUMER_PORZ":"12","KOD_POCZT":"32-031","NAZWA_ULC":"Malinowa","NAZWA_GMI":"Mogilany","NAZWA_MSC":"Konary","odleglosc_m":164.8,"strefa":"50-200 m","warstwa":"adresy"},"geometry":{"type":"Point","coordinates":[19.92709,49.944735]}},{"type":"Feature","properties":{"NUMER_PORZ":"113","KOD_POCZT":"32-031","NAZWA_ULC":"Świątnicka","NAZWA_GMI":"Mogilany","NAZWA_MSC":"Konary","odleglosc_m":43.3,"strefa":"30-50 m","warstwa":"adresy"},"geometry":{"type":"Point","coordinates":[19.915479,49.933553]}},{"type":"Feature","properties":{"NUMER_PORZ":"119","KOD_POCZT":"32-031","NAZWA_ULC":"Świątnicka","NAZWA_GMI":"Mogilany","NAZWA_MSC":"Konary","odleglosc_m":0.0,"strefa":"nad tunelem","warstwa":"adresy"},"geometry":{"type":"Point","coordinates":[19.916626,49.933616]}},{"type":"Feature","properties":{"NUMER_PORZ":"67","KOD_POCZT":"32-031","NAZWA_ULC":"Łobzowska","NAZWA_GMI":"Mogilany","NAZWA_MSC":"Włosań","odleglosc_m":0.0,"strefa":"w śladzie","warstwa":"adresy"},"geometry":{"type":"Point","coordinates":[19.900949,49.926071]}},{"type":"Feature","properties":{"NUMER_PORZ":"63","KOD_POCZT":"32-031","NAZWA_ULC":"Łobzowska","NAZWA_GMI":"Mogilany","NAZWA_MSC":"Włosań","odleglosc_m":149.1,"strefa":"50-200 m","warstwa":"adresy"},"geometry":{"type":"Point","coordinates":[19.90199,49.927993]}},{"type":"Feature","properties":{"NUMER_PORZ":"57","KOD_POCZT":"32-031","NAZWA_ULC":"Łobzowska","NAZWA_GMI":"Mogilany","NAZWA_MSC":"Włosań","odleglosc_m":198.0,"strefa":"50-200 m","warstwa":"adresy"},"geometry":{"type":"Point","coordinates":[19.902455,49.928677]}},{"type":"Feature","properties":{"NUMER_PORZ":"46","KOD_POCZT":"32-031","NAZWA_ULC":"Łobzowska","NAZWA_GMI":"Mogilany","NAZWA_MSC":"Włosań","odleglosc_m":65.1,"strefa":"50-200 m","warstwa":"adresy"},"geometry":{"type":"Point","coordinates":[19.901075,49.925009]}},{"type":"Feature","properties":{"NUMER_PORZ":"44","KOD_POCZT":"32-031","NAZWA_ULC":"Łobzowska","NAZWA_GMI":"Mogilany","NAZWA_MSC":"Włosań","odleglosc_m":77.8,"strefa":"50-200 m","warstwa":"adresy"},"geometry":{"type":"Point","coordinates":[19.899459,49.926733]}},{"type":"Feature","properties":{"NUMER_PORZ":"1A","KOD_POCZT":"32-031","NAZWA_ULC":"Bonifraterska","NAZWA_GMI":"Mogilany","NAZWA_MSC":"Konary","odleglosc_m":5.3,"strefa":"0-20 m","warstwa":"adresy"},"geometry":{"type":"Point","coordinates":[19.944597,49.947083]}},{"type":"Feature","properties":{"NUMER_PORZ":"15","KOD_POCZT":"32-031","NAZWA_ULC":"Na Skale","NAZWA_GMI":"Mogilany","NAZWA_MSC":"Konary","odleglosc_m":79.7,"strefa":"50-200 m","warstwa":"adresy"},"geometry":{"type":"Point","coordinates":[19.930952,49.942464]}},{"type":"Feature","properties":{"NUMER_PORZ":"100","KOD_POCZT":"32-031","NAZWA_ULC":"Łobzowska","NAZWA_GMI":"Mogilany","NAZWA_MSC":"Włosań","odleglosc_m":141.4,"strefa":"50-200 m","warstwa":"adresy"},"geometry":{"type":"Point","coordinates":[19.889297,49.920799]}},{"type":"Feature","properties":{"NUMER_PORZ":"53","KOD_POCZT":"32-031","NAZWA_ULC":"Łobzowska","NAZWA_GMI":"Mogilany","NAZWA_MSC":"Włosań","odleglosc_m":118.6,"strefa":"50-200 m","warstwa":"adresy"},"geometry":{"type":"Point","coordinates":[19.903179,49.928115]}},{"type":"Feature","properties":{"NUMER_PORZ":"139","KOD_POCZT":"32-031","NAZWA_ULC":"Łobzowska","NAZWA_GMI":"Mogilany","NAZWA_MSC":"Włosań","odleglosc_m":188.1,"strefa":"50-200 m","warstwa":"adresy"},"geometry":{"type":"Point","coordinates":[19.894852,49.920207]}},{"type":"Feature","properties":{"NUMER_PORZ":"141","KOD_POCZT":"32-031","NAZWA_ULC":"Łobzowska","NAZWA_GMI":"Mogilany","NAZWA_MSC":"Włosań","odleglosc_m":150.7,"strefa":"50-200 m","warstwa":"adresy"},"geometry":{"type":"Point","coordinates":[19.894092,49.920069]}},{"type":"Feature","properties":{"NUMER_PORZ":"149","KOD_POCZT":"32-031","NAZWA_ULC":"Łobzowska","NAZWA_GMI":"Mogilany","NAZWA_MSC":"Włosań","odleglosc_m":72.4,"strefa":"50-200 m","warstwa":"adresy"},"geometry":{"type":"Point","coordinates":[19.892937,49.919826]}},{"type":"Feature","properties":{"NUMER_PORZ":"74","KOD_POCZT":"32-031","NAZWA_ULC":"Łobzowska","NAZWA_GMI":"Mogilany","NAZWA_MSC":"Włosań","odleglosc_m":156.7,"strefa":"50-200 m","warstwa":"adresy"},"geometry":{"type":"Point","coordinates":[19.894807,49.920632]}},{"type":"Feature","properties":{"NUMER_PORZ":"153","KOD_POCZT":"32-031","NAZWA_ULC":"Łobzowska","NAZWA_GMI":"Mogilany","NAZWA_MSC":"Włosań","odleglosc_m":0.0,"strefa":"w śladzie","warstwa":"adresy"},"geometry":{"type":"Point","coordinates":[19.891647,49.919969]}},{"type":"Feature","properties":{"NUMER_PORZ":"157","KOD_POCZT":"32-031","NAZWA_ULC":"Łobzowska","NAZWA_GMI":"Mogilany","NAZWA_MSC":"Włosań","odleglosc_m":17.2,"strefa":"0-20 m","warstwa":"adresy"},"geometry":{"type":"Point","coordinates":[19.890862,49.920015]}},{"type":"Feature","properties":{"NUMER_PORZ":"29","KOD_POCZT":"32-031","NAZWA_ULC":"Na Skale","NAZWA_GMI":"Mogilany","NAZWA_MSC":"Konary","odleglosc_m":43.2,"strefa":"30-50 m","warstwa":"adresy"},"geometry":{"type":"Point","coordinates":[19.931081,49.943053]}},{"type":"Feature","properties":{"NUMER_PORZ":"6","KOD_POCZT":"32-031","NAZWA_ULC":"Na Skale","NAZWA_GMI":"Mogilany","NAZWA_MSC":"Konary","odleglosc_m":158.2,"strefa":"50-200 m","warstwa":"adresy"},"geometry":{"type":"Point","coordinates":[19.93162,49.941904]}},{"type":"Feature","properties":{"NUMER_PORZ":"31","KOD_POCZT":"32-031","NAZWA_ULC":"Na Skale","NAZWA_GMI":"Mogilany","NAZWA_MSC":"Konary","odleglosc_m":73.9,"strefa":"50-200 m","warstwa":"adresy"},"geometry":{"type":"Point","coordinates":[19.931534,49.943]}},{"type":"Feature","properties":{"NUMER_PORZ":"23","KOD_POCZT":"32-031","NAZWA_ULC":"Na Skale","NAZWA_GMI":"Mogilany","NAZWA_MSC":"Konary","odleglosc_m":2.0,"strefa":"0-20 m","warstwa":"adresy"},"geometry":{"type":"Point","coordinates":[19.929998,49.94288]}},{"type":"Feature","properties":{"NUMER_PORZ":"7","KOD_POCZT":"32-031","NAZWA_ULC":"Na Skale","NAZWA_GMI":"Mogilany","NAZWA_MSC":"Konary","odleglosc_m":135.7,"strefa":"50-200 m","warstwa":"adresy"},"geometry":{"type":"Point","coordinates":[19.930879,49.941805]}},{"type":"Feature","properties":{"NUMER_PORZ":"35","KOD_POCZT":"32-031","NAZWA_ULC":"Na Skale","NAZWA_GMI":"Mogilany","NAZWA_MSC":"Konary","odleglosc_m":96.9,"strefa":"50-200 m","warstwa":"adresy"},"geometry":{"type":"Point","coordinates":[19.932188,49.943251]}},{"type":"Feature","properties":{"NUMER_PORZ":"19","KOD_POCZT":"32-031","NAZWA_ULC":"Na Skale","NAZWA_GMI":"Mogilany","NAZWA_MSC":"Konary","odleglosc_m":48.8,"strefa":"30-50 m","warstwa":"adresy"},"geometry":{"type":"Point","coordinates":[19.930959,49.942868]}},{"type":"Feature","properties":{"NUMER_PORZ":"13","KOD_POCZT":"32-031","NAZWA_ULC":"Na Skale","NAZWA_GMI":"Mogilany","NAZWA_MSC":"Konary","odleglosc_m":121.2,"strefa":"50-200 m","warstwa":"adresy"},"geometry":{"type":"Point","coordinates":[19.931177,49.942107]}},{"type":"Feature","properties":{"NUMER_PORZ":"25","KOD_POCZT":"32-031","NAZWA_ULC":"Na Skale","NAZWA_GMI":"Mogilany","NAZWA_MSC":"Konary","odleglosc_m":0.0,"strefa":"w śladzie","warstwa":"adresy"},"geometry":{"type":"Point","coordinates":[19.930348,49.943133]}},{"type":"Feature","properties":{"NUMER_PORZ":"33","KOD_POCZT":"32-031","NAZWA_ULC":"Na Skale","NAZWA_GMI":"Mogilany","NAZWA_MSC":"Konary","odleglosc_m":80.7,"strefa":"50-200 m","warstwa":"adresy"},"geometry":{"type":"Point","coordinates":[19.931824,49.943129]}},{"type":"Feature","properties":{"NUMER_PORZ":"88","KOD_POCZT":"32-031","NAZWA_ULC":"Łobzowska","NAZWA_GMI":"Mogilany","NAZWA_MSC":"Włosań","odleglosc_m":0.0,"strefa":"w śladzie","warstwa":"adresy"},"geometry":{"type":"Point","coordinates":[19.891457,49.920515]}},{"type":"Feature","properties":{"NUMER_PORZ":"94","KOD_POCZT":"32-031","NAZWA_ULC":"Łobzowska","NAZWA_GMI":"Mogilany","NAZWA_MSC":"Włosań","odleglosc_m":43.2,"strefa":"30-50 m","warstwa":"adresy"},"geometry":{"type":"Point","coordinates":[19.890832,49.920656]}},{"type":"Feature","properties":{"NUMER_PORZ":"1","KOD_POCZT":"32-031","NAZWA_ULC":"Królowej Polski","NAZWA_GMI":"Mogilany","NAZWA_MSC":"Konary","odleglosc_m":149.2,"strefa":"50-200 m","warstwa":"adresy"},"geometry":{"type":"Point","coordinates":[19.91903,49.933055]}},{"type":"Feature","properties":{"NUMER_PORZ":"4","KOD_POCZT":"32-031","NAZWA_ULC":"Królowej Polski","NAZWA_GMI":"Mogilany","NAZWA_MSC":"Konary","odleglosc_m":104.1,"strefa":"50-200 m","warstwa":"adresy"},"geometry":{"type":"Point","coordinates":[19.917833,49.932429]}},{"type":"Feature","properties":{"NUMER_PORZ":"21","KOD_POCZT":"32-031","NAZWA_ULC":"Na Skale","NAZWA_GMI":"Mogilany","NAZWA_MSC":"Konary","odleglosc_m":33.4,"strefa":"30-50 m","warstwa":"adresy"},"geometry":{"type":"Point","coordinates":[19.930412,49.94273]}},{"type":"Feature","properties":{"NUMER_PORZ":"27","KOD_POCZT":"32-031","NAZWA_ULC":"Na Skale","NAZWA_GMI":"Mogilany","NAZWA_MSC":"Konary","odleglosc_m":17.6,"strefa":"0-20 m","warstwa":"adresy"},"geometry":{"type":"Point","coordinates":[19.930723,49.94313]}},{"type":"Feature","properties":{"NUMER_PORZ":"5","KOD_POCZT":"32-031","NAZWA_ULC":"Na Skale","NAZWA_GMI":"Mogilany","NAZWA_MSC":"Konary","odleglosc_m":101.1,"strefa":"50-200 m","warstwa":"adresy"},"geometry":{"type":"Point","coordinates":[19.930015,49.941849]}},{"type":"Feature","properties":{"NUMER_PORZ":"8","KOD_POCZT":"32-031","NAZWA_ULC":"Na Skale","NAZWA_GMI":"Mogilany","NAZWA_MSC":"Konary","odleglosc_m":129.6,"strefa":"50-200 m","warstwa":"adresy"},"geometry":{"type":"Point","coordinates":[19.931709,49.942314]}}]}