{"type":"FeatureCollection","features":[{"type":"Feature","properties":{"rodzaj":"powierzchnia","warstwa":"korytarz"},"geometry":{"type":"MultiPolygon","coordinates":[[[[19.92115,49.811361],[19.921174,49.81136],[19.921255,49.811367],[19.921332,49.811385],[19.921402,49.811412],[19.921463,49.811447],[19.921512,49.81149],[19.92152,49.811501],[19.923631,49.808583],[19.923634,49.808549],[19.923625,49.808543],[19.923537,49.808541],[19.923296,49.808468],[19.923269,49.808449],[19.923241,49.808465],[19.92115,49.811361]]],[[[19.911939,49.830134],[19.911878,49.830171],[19.911872,49.830193],[19.911973,49.830368],[19.912022,49.830426],[19.912041,49.830453],[19.912119,49.830584],[19.912207,49.830684],[19.912242,49.830742],[19.912275,49.830832],[19.912311,49.83089],[19.912336,49.830961],[19.912359,49.831223],[19.912359,49.831253],[19.912336,49.831443],[19.912331,49.831469],[19.91231,49.831538],[19.912333,49.831568],[19.912348,49.831581],[19.912414,49.831676],[19.912481,49.83191],[19.912692,49.832403],[19.912885,49.832814],[19.913027,49.833072],[19.913213,49.833368],[19.913216,49.833375],[19.913426,49.833741],[19.91374,49.834231],[19.913746,49.834241],[19.913929,49.834568],[19.913939,49.83459],[19.91397,49.83467],[19.913988,49.834693],[19.914052,49.834751],[19.914105,49.834824],[19.914171,49.834986],[19.91442,49.835486],[19.914425,49.835495],[19.914716,49.835983],[19.914971,49.836328],[19.915233,49.836646],[19.915606,49.837035],[19.915796,49.837197],[19.916071,49.837402],[19.916108,49.837434],[19.916302,49.837646],[19.916426,49.837767],[19.916585,49.837877],[19.916632,49.837917],[19.916872,49.838185],[19.917003,49.838303],[19.917035,49.838338],[19.917193,49.838552],[19.917661,49.839074],[19.918224,49.839636],[19.918783,49.840174],[19.918842,49.840226],[19.919074,49.840399],[19.919093,49.840415],[19.91932,49.840618],[19.919344,49.840643],[19.920136,49.841598],[19.920531,49.84201],[19.920903,49.842347],[19.921228,49.842614],[19.921235,49.84262],[19.921504,49.842855],[19.922632,49.843774],[19.922659,49.843799],[19.922962,49.844128],[19.922996,49.844178],[19.923017,49.844225],[19.923039,49.844255],[19.92311,49.844323],[19.92313,49.844345],[19.923185,49.844414],[19.923322,49.844587],[19.923331,49.844599],[19.923428,49.844741],[19.923726,49.845134],[19.923991,49.845453],[19.92401,49.84548],[19.924071,49.845586],[19.924148,49.84566],[19.924165,49.845689],[19.924195,49.845716],[19.924228,49.845752],[19.924287,49.845832],[19.924474,49.846042],[19.92449,49.846062],[19.924526,49.846114],[19.924615,49.846199],[19.924631,49.846216],[19.924721,49.84632],[19.924739,49.846345],[19.924758,49.846375],[19.924792,49.846402],[19.924827,49.84643],[19.924853,49.846454],[19.925111,49.846729],[19.925123,49.846743],[19.925424,49.847121],[19.925538,49.847242],[19.92557,49.847285],[19.925751,49.847619],[19.925809,49.847686],[19.925833,49.84772],[19.925883,49.84781],[19.925956,49.84791],[19.925971,49.847933],[19.926279,49.848525],[19.926284,49.848535],[19.926374,49.848737],[19.926378,49.848749],[19.926465,49.848998],[19.926566,49.849234],[19.92657,49.849244],[19.926674,49.849545],[19.926677,49.849556],[19.926758,49.849861],[19.92676,49.849871],[19.926792,49.850032],[19.926794,49.850047],[19.926831,49.850445],[19.926866,49.850683],[19.926868,49.850701],[19.926896,49.851902],[19.926896,49.851916],[19.92688,49.852148],[19.926874,49.85218],[19.926856,49.85224],[19.926868,49.852292],[19.926872,49.852319],[19.926877,49.852452],[19.926896,49.85258],[19.926883,49.852664],[19.926816,49.852814],[19.926782,49.852961],[19.926781,49.852988],[19.926803,49.853132],[19.926762,49.853261],[19.926742,49.853285],[19.926719,49.853334],[19.926722,49.853383],[19.926728,49.853466],[19.926726,49.853496],[19.92671,49.853615],[19.926708,49.853625],[19.926593,49.854166],[19.92659,49.854177],[19.926363,49.854941],[19.926318,49.855016],[19.926244,49.855094],[19.926134,49.855389],[19.92607,49.85563],[19.926049,49.855677],[19.926002,49.855751],[19.925916,49.855949],[19.925901,49.856052],[19.925893,49.856082],[19.925829,49.856261],[19.925825,49.85627],[19.925644,49.856694],[19.925598,49.856824],[19.925593,49.856837],[19.925474,49.8571],[19.925481,49.85716],[19.925471,49.857236],[19.925402,49.857404],[19.925298,49.857711],[19.925025,49.858625],[19.924867,49.859156],[19.924859,49.859177],[19.924689,49.859552],[19.924686,49.859559],[19.924582,49.859761],[19.924491,49.86],[19.924453,49.86006],[19.924419,49.860097],[19.924403,49.860124],[19.924399,49.860136],[19.924403,49.860201],[19.924398,49.860251],[19.924242,49.860794],[19.924218,49.860933],[19.924197,49.860988],[19.923981,49.861352],[19.923764,49.861851],[19.923683,49.862132],[19.923678,49.86221],[19.923675,49.862235],[19.923637,49.862405],[19.923634,49.862405],[19.923567,49.862688],[19.923552,49.862727],[19.923405,49.863002],[19.923286,49.863258],[19.923183,49.863538],[19.92315,49.863593],[19.923034,49.86373],[19.922981,49.863833],[19.922589,49.864767],[19.922534,49.864942],[19.922531,49.864951],[19.922412,49.865258],[19.922377,49.865399],[19.922373,49.86541],[19.922285,49.865676],[19.922233,49.865908],[19.92221,49.865962],[19.922138,49.866072],[19.922046,49.86627],[19.922039,49.866282],[19.921668,49.866933],[19.921571,49.867131],[19.92153,49.867256],[19.921503,49.867308],[19.921401,49.867444],[19.920963,49.868135],[19.920955,49.868147],[19.920846,49.868294],[19.920692,49.868571],[19.920685,49.868583],[19.920303,49.869166],[19.920294,49.869179],[19.920214,49.869282],[19.919914,49.869767],[19.919847,49.869883],[19.919813,49.869976],[19.919804,49.869996],[19.919558,49.870465],[19.919428,49.87078],[19.919391,49.870836],[19.91918,49.871067],[19.91899,49.871165],[19.918985,49.871167],[19.918921,49.871192],[19.918875,49.871237],[19.918779,49.871401],[19.91876,49.871441],[19.918705,49.871555],[19.918691,49.87158],[19.918608,49.8717],[19.918591,49.871721],[19.918531,49.871788],[19.918388,49.871876],[19.918382,49.871878],[19.918315,49.871923],[19.918302,49.871943],[19.918276,49.872025],[19.918188,49.872134],[19.918024,49.872246],[19.918023,49.872247],[19.918002,49.872281],[19.917999,49.872293],[19.917992,49.87236],[19.917974,49.872419],[19.917901,49.872555],[19.917888,49.87263],[19.917766,49.872776],[19.917685,49.87282],[19.917328,49.873045],[19.916722,49.873478],[19.916556,49.873606],[19.916411,49.873732],[19.916115,49.874022],[19.915994,49.874174],[19.915972,49.874198],[19.9158,49.874361],[19.915531,49.874711],[19.91552,49.874725],[19.915165,49.87512],[19.915158,49.875127],[19.915024,49.875264],[19.914967,49.87534],[19.914932,49.875377],[19.9148,49.875489],[19.91475,49.875545],[19.91471,49.875581],[19.914616,49.87565],[19.914572,49.87569],[19.914525,49.875746],[19.914502,49.875769],[19.914381,49.875879],[19.914288,49.875977],[19.914172,49.876117],[19.914031,49.876208],[19.913902,49.876253],[19.913688,49.876345],[19.913595,49.876373],[19.913471,49.876396],[19.913428,49.876408],[19.913351,49.876439],[19.913308,49.876464],[19.912662,49.876984],[19.912556,49.877041],[19.912507,49.877059],[19.912459,49.877084],[19.912453,49.877089],[19.912352,49.877209],[19.912313,49.877246],[19.91224,49.877303],[19.912227,49.877313],[19.911487,49.877826],[19.91147,49.87784],[19.911365,49.877928],[19.911327,49.877955],[19.911242,49.878006],[19.911042,49.878159],[19.911022,49.878173],[19.910924,49.878236],[19.910401,49.878634],[19.910384,49.878646],[19.910057,49.878859],[19.910046,49.878866],[19.909598,49.879133],[19.909585,49.879141],[19.908174,49.8799],[19.908156,49.879909],[19.906834,49.880532],[19.906493,49.880692],[19.906483,49.880697],[19.906116,49.880857],[19.906093,49.880867],[19.905368,49.881133],[19.905124,49.881236],[19.905074,49.881253],[19.904961,49.881285],[19.904864,49.881342],[19.90484,49.881354],[19.904693,49.881425],[19.904491,49.88147],[19.904433,49.881459],[19.904433,49.881462],[19.904409,49.881461],[19.904393,49.881465],[19.90437,49.88147],[19.904332,49.88149],[19.904325,49.881485],[19.904101,49.881563],[19.904098,49.881563],[19.904019,49.881578],[19.903951,49.881603],[19.903683,49.881727],[19.903637,49.881759],[19.90361,49.881789],[19.903518,49.881854],[19.903198,49.882007],[19.903126,49.882051],[19.902995,49.882101],[19.902713,49.882159],[19.902662,49.882167],[19.902469,49.882187],[19.901916,49.882301],[19.901711,49.882365],[19.901697,49.882369],[19.89955,49.882968],[19.899158,49.883088],[19.898151,49.883425],[19.897698,49.88361],[19.897687,49.883614],[19.897654,49.883626],[19.897412,49.883717],[19.897211,49.883821],[19.896964,49.88387],[19.896958,49.88387],[19.896884,49.883876],[19.89673,49.883913],[19.896521,49.883986],[19.896365,49.884051],[19.89628,49.884077],[19.896119,49.884109],[19.895962,49.884154],[19.895752,49.884231],[19.895625,49.884299],[19.895412,49.88435],[19.895395,49.88435],[19.895267,49.884371],[19.894903,49.884476],[19.894811,49.884513],[19.89479,49.884528],[19.894569,49.884595],[19.89445,49.884602],[19.89443,49.884605],[19.894279,49.884643],[19.894174,49.88468],[19.894095,49.884721],[19.893914,49.884768],[19.893809,49.884774],[19.893784,49.884781],[19.893711,49.884811],[19.89369,49.88483],[19.893406,49.884924],[19.893327,49.884924],[19.89327,49.884934],[19.893247,49.884936],[19.893241,49.884938],[19.893003,49.884958],[19.892997,49.884957],[19.892933,49.884961],[19.892757,49.884994],[19.892715,49.885016],[19.89249,49.885066],[19.892373,49.885064],[19.892241,49.88509],[19.892127,49.88512],[19.89206,49.885132],[19.891911,49.88515],[19.891593,49.885204],[19.891307,49.885263],[19.891089,49.885322],[19.890989,49.885364],[19.890912,49.885412],[19.890801,49.885513],[19.890602,49.885602],[19.890362,49.885585],[19.890284,49.88556],[19.890148,49.88555],[19.890078,49.885554],[19.888998,49.885772],[19.888314,49.88595],[19.887985,49.886053],[19.887542,49.886202],[19.887419,49.886256],[19.887389,49.886267],[19.887143,49.886353],[19.886876,49.886473],[19.886852,49.886483],[19.886626,49.886567],[19.886615,49.886571],[19.886441,49.886631],[19.886427,49.886635],[19.885546,49.886906],[19.885493,49.886919],[19.885037,49.887003],[19.884995,49.887009],[19.884358,49.887073],[19.884056,49.88713],[19.883795,49.887205],[19.883649,49.887246],[19.883562,49.887259],[19.883559,49.88726],[19.883497,49.887288],[19.883482,49.887302],[19.883412,49.88735],[19.883201,49.887457],[19.883163,49.887473],[19.882646,49.887671],[19.882637,49.887674],[19.882388,49.887763],[19.882339,49.887777],[19.881681,49.887932],[19.881391,49.88802],[19.881223,49.888082],[19.881176,49.888109],[19.881148,49.888132],[19.880958,49.888211],[19.880777,49.88824],[19.88074,49.88825],[19.880501,49.888334],[19.880005,49.888532],[19.879988,49.888538],[19.879793,49.888607],[19.879618,49.888684],[19.879418,49.888787],[19.879352,49.888828],[19.879286,49.88889],[19.879151,49.888964],[19.87901,49.889008],[19.878954,49.889036],[19.878854,49.889069],[19.878791,49.889083],[19.878762,49.889097],[19.87856,49.889223],[19.878287,49.889411],[19.878167,49.889465],[19.878046,49.889497],[19.877648,49.889754],[19.877649,49.889754],[19.877422,49.8899],[19.876814,49.890346],[19.876223,49.890837],[19.875694,49.89134],[19.875215,49.891863],[19.874795,49.892394],[19.874617,49.892647],[19.87437,49.89303],[19.874145,49.893418],[19.873872,49.893949],[19.873636,49.894469],[19.873419,49.894998],[19.873078,49.89593],[19.872094,49.898793],[19.872095,49.898793],[19.87133,49.901029],[19.871032,49.901973],[19.870765,49.902923],[19.870593,49.90364],[19.870495,49.90412],[19.870411,49.904602],[19.870319,49.905329],[19.87027,49.906049],[19.87027,49.906765],[19.870247,49.906845],[19.870225,49.906882],[19.870232,49.907023],[19.870321,49.907803],[19.870322,49.907803],[19.87035,49.908046],[19.870575,49.909049],[19.870906,49.910039],[19.871343,49.911013],[19.871882,49.911964],[19.872522,49.912889],[19.87326,49.913784],[19.874091,49.914643],[19.875,49.915453],[19.875482,49.91584],[19.875973,49.91621],[19.876481,49.91657],[19.876751,49.916752],[19.876751,49.916752],[19.876997,49.916917],[19.877531,49.917259],[19.87836,49.917761],[19.878919,49.918083],[19.879767,49.918552],[19.880932,49.919165],[19.8824,49.919905],[19.884411,49.920895],[19.884411,49.920894],[19.89118,49.924226],[19.891183,49.924227],[19.891934,49.924604],[19.891938,49.924607],[19.892678,49.92499],[19.892683,49.924992],[19.893226,49.925284],[19.893231,49.925287],[19.893763,49.925585],[19.89377,49.925588],[19.893821,49.925618],[19.893821,49.925618],[19.894289,49.925893],[19.894296,49.925897],[19.8948,49.926209],[19.894807,49.926214],[19.895295,49.926535],[19.895303,49.926541],[19.895768,49.926869],[19.895779,49.926878],[19.89648,49.927424],[19.896493,49.927435],[19.897139,49.928006],[19.897151,49.928018],[19.897741,49.928613],[19.897752,49.928625],[19.898236,49.929184],[19.898253,49.929231],[19.898258,49.92923],[19.898381,49.929446],[19.898509,49.929635],[19.89861,49.929786],[19.898618,49.929798],[19.898679,49.929906],[19.899135,49.930338],[19.899142,49.930345],[19.899262,49.930469],[19.899272,49.93048],[19.899494,49.930741],[19.899537,49.930843],[19.899542,49.930958],[19.89954,49.930989],[19.89951,49.931171],[19.899512,49.931196],[19.899524,49.931208],[19.899581,49.931334],[19.899579,49.931399],[19.899586,49.931427],[19.89962,49.931495],[19.899647,49.931524],[19.899703,49.931565],[19.899744,49.931602],[19.899823,49.931693],[19.899837,49.93171],[19.900078,49.93205],[19.900109,49.932135],[19.90012,49.93232],[19.900186,49.932799],[19.90021,49.932846],[19.900296,49.932939],[19.900345,49.933051],[19.900346,49.933104],[19.900385,49.933163],[19.900402,49.933306],[19.900385,49.933347],[19.900382,49.933388],[19.900396,49.933464],[19.900399,49.933492],[19.900398,49.933672],[19.900397,49.933687],[19.900359,49.934036],[19.900351,49.934063],[19.900352,49.934073],[19.900346,49.93411],[19.900399,49.934128],[19.900411,49.934135],[19.900409,49.934123],[19.900409,49.93407],[19.900425,49.934018],[19.900457,49.93397],[19.900502,49.933926],[19.90056,49.933888],[19.900629,49.933859],[19.900704,49.933839],[19.900785,49.933828],[19.900867,49.933828],[19.900947,49.933839],[19.901023,49.933859],[19.901091,49.933889],[19.901149,49.933926],[19.901194,49.93397],[19.901226,49.934019],[19.901241,49.934069],[19.901265,49.93404],[19.901301,49.934028],[19.901314,49.934001],[19.9013,49.933946],[19.901244,49.933808],[19.901191,49.933723],[19.901115,49.933631],[19.901104,49.933616],[19.901021,49.933495],[19.900994,49.933377],[19.900999,49.933351],[19.901063,49.933246],[19.901064,49.933244],[19.901064,49.933237],[19.901072,49.933193],[19.901056,49.933161],[19.901056,49.933025],[19.901097,49.932941],[19.901103,49.93289],[19.901091,49.932848],[19.900991,49.932628],[19.900925,49.932515],[19.90075,49.932237],[19.900572,49.931988],[19.900541,49.931874],[19.900577,49.93161],[19.900568,49.931581],[19.90051,49.931485],[19.900485,49.931456],[19.900419,49.931401],[19.900372,49.931347],[19.900258,49.931162],[19.900176,49.931057],[19.900141,49.930973],[19.900114,49.930752],[19.90009,49.930703],[19.900103,49.930597],[19.900098,49.930596],[19.9001,49.930555],[19.900056,49.930037],[19.900016,49.929783],[19.9,49.92975],[19.899955,49.92968],[19.899783,49.929455],[19.899273,49.928954],[19.899199,49.928921],[19.899071,49.92891],[19.898915,49.928817],[19.898484,49.928321],[19.898474,49.928309],[19.897858,49.92769],[19.89716,49.927074],[19.896431,49.926506],[19.896102,49.92627],[19.89542,49.925815],[19.895084,49.925609],[19.895084,49.925609],[19.89471,49.925379],[19.894165,49.925064],[19.893044,49.924458],[19.892287,49.924069],[19.891138,49.923497],[19.884398,49.920182],[19.882931,49.91946],[19.882927,49.919458],[19.881475,49.918726],[19.881469,49.918723],[19.880332,49.918124],[19.880325,49.918121],[19.879493,49.917661],[19.879487,49.917658],[19.878945,49.917345],[19.87894,49.917342],[19.878407,49.917023],[19.878402,49.91702],[19.877959,49.916742],[19.877959,49.916742],[19.877881,49.916694],[19.877875,49.91669],[19.877368,49.916357],[19.877362,49.916353],[19.876869,49.916013],[19.876863,49.916008],[19.876386,49.91566],[19.876377,49.915654],[19.875697,49.915117],[19.875685,49.915106],[19.874812,49.914328],[19.874798,49.914315],[19.874013,49.913502],[19.874001,49.913488],[19.873304,49.912642],[19.873293,49.912628],[19.872689,49.911753],[19.87268,49.911738],[19.87217,49.910838],[19.872163,49.910824],[19.87175,49.909903],[19.871744,49.909888],[19.871432,49.908951],[19.871427,49.908936],[19.871215,49.907987],[19.871213,49.907972],[19.871193,49.907796],[19.871102,49.907013],[19.871102,49.907003],[19.871095,49.906865],[19.871073,49.906833],[19.871042,49.90674],[19.871042,49.906071],[19.871042,49.906061],[19.87109,49.905361],[19.87109,49.905352],[19.87118,49.904652],[19.871181,49.904646],[19.871261,49.90418],[19.871262,49.904176],[19.871358,49.90371],[19.871359,49.903705],[19.871527,49.903006],[19.871528,49.903],[19.87179,49.902068],[19.871792,49.902064],[19.872086,49.901132],[19.872087,49.901129],[19.872888,49.898787],[19.872887,49.898787],[19.873831,49.89604],[19.873832,49.896037],[19.874166,49.895126],[19.874169,49.89512],[19.874433,49.89448],[19.874436,49.894473],[19.874672,49.89397],[19.874676,49.893963],[19.874939,49.893468],[19.874943,49.89346],[19.87516,49.893098],[19.875166,49.893089],[19.875487,49.892616],[19.875497,49.892603],[19.875934,49.892054],[19.875946,49.892041],[19.87644,49.891513],[19.876453,49.8915],[19.877002,49.890996],[19.877016,49.890983],[19.877618,49.890505],[19.877634,49.890493],[19.878285,49.890042],[19.878301,49.890031],[19.878775,49.889745],[19.878957,49.889635],[19.879006,49.889566],[19.879003,49.889526],[19.879117,49.889411],[19.879716,49.88909],[19.879749,49.889074],[19.879955,49.888988],[19.880229,49.888854],[19.880252,49.888844],[19.880522,49.888733],[19.880536,49.888728],[19.880793,49.888633],[19.881039,49.888528],[19.881182,49.888452],[19.881274,49.888417],[19.881421,49.888379],[19.881564,49.888332],[19.882138,49.888112],[19.882189,49.888096],[19.882724,49.887962],[19.882743,49.887957],[19.883113,49.88788],[19.883148,49.887874],[19.883608,49.88781],[19.883686,49.887806],[19.883786,49.887806],[19.883806,49.887803],[19.883806,49.887806],[19.883827,49.887801],[19.88393,49.887756],[19.883973,49.887741],[19.884266,49.88765],[19.884908,49.887417],[19.88508,49.887338],[19.885123,49.887321],[19.885708,49.887127],[19.885762,49.887113],[19.886175,49.887028],[19.886211,49.887022],[19.886708,49.886956],[19.887711,49.886797],[19.887913,49.886755],[19.88793,49.886752],[19.888441,49.886664],[19.888976,49.886545],[19.889422,49.88641],[19.889804,49.886274],[19.889915,49.886209],[19.890049,49.88616],[19.89013,49.886144],[19.890199,49.886113],[19.890303,49.886035],[19.890542,49.885958],[19.89064,49.885954],[19.89071,49.885939],[19.890712,49.885942],[19.890875,49.88591],[19.890966,49.885913],[19.891118,49.885894],[19.891251,49.885867],[19.891447,49.885814],[19.891475,49.885808],[19.891745,49.885751],[19.89196,49.885681],[19.892097,49.885625],[19.892168,49.885588],[19.89231,49.885544],[19.892404,49.88553],[19.892533,49.885492],[19.89259,49.885472],[19.89264,49.885443],[19.89271,49.885413],[19.892779,49.88539],[19.892909,49.885366],[19.892976,49.885362],[19.893198,49.885292],[19.893499,49.885291],[19.893553,49.885308],[19.893621,49.885316],[19.893625,49.885315],[19.893674,49.885297],[19.893708,49.885274],[19.893731,49.885252],[19.893929,49.88516],[19.894041,49.885167],[19.894105,49.885154],[19.894132,49.885151],[19.894209,49.885079],[19.894437,49.884986],[19.894538,49.885001],[19.894538,49.885],[19.894681,49.885002],[19.894693,49.884998],[19.894729,49.884982],[19.894744,49.884972],[19.894831,49.884896],[19.894981,49.884821],[19.895248,49.884752],[19.895437,49.884739],[19.895449,49.88474],[19.895519,49.884707],[19.8956,49.884679],[19.895602,49.884683],[19.895687,49.884646],[19.895818,49.884623],[19.896081,49.884558],[19.896217,49.884521],[19.896313,49.884485],[19.896421,49.88446],[19.896535,49.884446],[19.896756,49.884397],[19.896798,49.884382],[19.896892,49.884333],[19.897129,49.884283],[19.897179,49.884285],[19.897266,49.884275],[19.897411,49.88424],[19.897529,49.884198],[19.897605,49.884179],[19.897664,49.884168],[19.897664,49.884168],[19.898079,49.884096],[19.89832,49.884034],[19.89833,49.884031],[19.899158,49.883835],[19.8997,49.88368],[19.900284,49.88349],[19.901868,49.882949],[19.902411,49.882755],[19.902545,49.882701],[19.902868,49.882508],[19.90293,49.882479],[19.903009,49.882449],[19.903329,49.882281],[19.903392,49.882255],[19.90354,49.882206],[19.90373,49.882118],[19.903769,49.882102],[19.904128,49.881978],[19.90424,49.881925],[19.904281,49.881909],[19.904384,49.881874],[19.904671,49.881754],[19.904684,49.881749],[19.905141,49.881577],[19.905615,49.881371],[19.905633,49.881364],[19.90615,49.881168],[19.907116,49.880722],[19.907519,49.880526],[19.907516,49.880526],[19.908596,49.880004],[19.909348,49.879613],[19.90996,49.879282],[19.909975,49.879274],[19.910107,49.87921],[19.910138,49.879197],[19.910224,49.879163],[19.910691,49.878902],[19.910718,49.878889],[19.911054,49.878735],[19.911481,49.878526],[19.911483,49.878524],[19.911483,49.878524],[19.911725,49.878389],[19.911791,49.878344],[19.911829,49.878321],[19.912039,49.878215],[19.913107,49.877548],[19.913165,49.877519],[19.91332,49.877456],[19.913329,49.877439],[19.913417,49.877349],[19.913843,49.877084],[19.914061,49.876925],[19.914196,49.876812],[19.914268,49.876727],[19.914308,49.876646],[19.914317,49.87663],[19.914401,49.876499],[19.914493,49.876301],[19.914579,49.876208],[19.915069,49.875889],[19.91512,49.875845],[19.91514,49.875828],[19.915331,49.875691],[19.91534,49.875685],[19.915719,49.875432],[19.9158,49.875361],[19.915818,49.875346],[19.916055,49.875169],[19.916069,49.875159],[19.916846,49.874645],[19.916997,49.874522],[19.917025,49.874501],[19.917152,49.874421],[19.917243,49.874349],[19.917438,49.874163],[19.917558,49.874022],[19.917817,49.873646],[19.91807,49.873212],[19.918282,49.872764],[19.918383,49.872663],[19.918754,49.872448],[19.91886,49.872378],[19.91904,49.87224],[19.919132,49.872163],[19.919247,49.872048],[19.919377,49.871874],[19.919405,49.871844],[19.919469,49.871784],[19.919483,49.871756],[19.919548,49.871532],[19.919623,49.871434],[19.919622,49.871434],[19.919631,49.871424],[19.919675,49.871392],[19.919735,49.871279],[19.919756,49.871197],[19.91976,49.871091],[19.919763,49.871069],[19.919796,49.87089],[19.919853,49.870792],[19.920046,49.870606],[19.92037,49.870221],[19.920378,49.870212],[19.920621,49.869953],[19.921051,49.869403],[19.921126,49.869272],[19.921133,49.86926],[19.921232,49.869113],[19.921275,49.869017],[19.921283,49.869001],[19.921389,49.868816],[19.92173,49.86816],[19.921931,49.867682],[19.921973,49.867545],[19.922008,49.867482],[19.922063,49.867416],[19.922259,49.867035],[19.922545,49.866214],[19.922547,49.866208],[19.922654,49.865941],[19.922677,49.86582],[19.922702,49.86576],[19.922853,49.86553],[19.922971,49.865247],[19.922983,49.865223],[19.923185,49.86489],[19.923435,49.864383],[19.923545,49.864086],[19.923599,49.863726],[19.923604,49.863704],[19.923653,49.863542],[19.923659,49.863527],[19.92375,49.863308],[19.923854,49.862954],[19.923865,49.862927],[19.924059,49.862537],[19.924064,49.862527],[19.924138,49.862401],[19.924254,49.862202],[19.924348,49.861982],[19.92452,49.861434],[19.924594,49.860975],[19.92461,49.860926],[19.924701,49.860752],[19.924864,49.860373],[19.924897,49.860322],[19.924949,49.860263],[19.924968,49.860226],[19.924961,49.860164],[19.924967,49.860102],[19.925049,49.859841],[19.925068,49.859778],[19.925076,49.859759],[19.9251,49.859705],[19.925109,49.859643],[19.925117,49.859612],[19.925269,49.859192],[19.925298,49.859054],[19.925302,49.85904],[19.925383,49.858787],[19.925385,49.85878],[19.92546,49.858577],[19.92547,49.858555],[19.925515,49.858471],[19.925813,49.857765],[19.925938,49.857448],[19.925976,49.857313],[19.926008,49.857252],[19.926047,49.857202],[19.926075,49.857141],[19.926087,49.857109],[19.92609,49.857065],[19.926111,49.856999],[19.926165,49.856901],[19.926271,49.856594],[19.926297,49.856483],[19.926311,49.856447],[19.926336,49.856396],[19.92636,49.856289],[19.926368,49.856264],[19.9265,49.855935],[19.926573,49.855679],[19.926587,49.855646],[19.92663,49.855566],[19.926654,49.855501],[19.926733,49.855209],[19.926742,49.855133],[19.926734,49.855101],[19.926733,49.855036],[19.926763,49.854889],[19.92677,49.854867],[19.926857,49.854629],[19.926902,49.854421],[19.926905,49.854407],[19.926983,49.854158],[19.92699,49.854141],[19.92703,49.85405],[19.927062,49.853939],[19.927071,49.853913],[19.927102,49.853847],[19.927115,49.853761],[19.927206,49.853629],[19.927211,49.853626],[19.927276,49.85343],[19.927285,49.853379],[19.927324,49.853156],[19.927334,49.852995],[19.927329,49.852768],[19.9273,49.852561],[19.927299,49.852545],[19.927296,49.852449],[19.927297,49.85243],[19.927311,49.852296],[19.927316,49.85227],[19.92739,49.852013],[19.92741,49.851655],[19.92741,49.851503],[19.927347,49.850832],[19.927246,49.850211],[19.927207,49.850044],[19.927136,49.849841],[19.927133,49.84983],[19.927081,49.849637],[19.927079,49.849632],[19.926938,49.849032],[19.926892,49.848878],[19.926684,49.848346],[19.926682,49.848339],[19.926603,49.848106],[19.926247,49.847359],[19.926027,49.846936],[19.926019,49.846918],[19.92598,49.846814],[19.925787,49.846528],[19.925775,49.846507],[19.925653,49.84626],[19.925511,49.846031],[19.925427,49.845916],[19.925284,49.845741],[19.924901,49.845315],[19.924769,49.84519],[19.924769,49.845186],[19.924675,49.845093],[19.924425,49.844864],[19.923897,49.844408],[19.923897,49.844408],[19.923757,49.844288],[19.923749,49.844281],[19.923423,49.843975],[19.92341,49.843962],[19.922547,49.84302],[19.921734,49.842196],[19.921168,49.841684],[19.92026,49.840947],[19.919827,49.840614],[19.919797,49.840586],[19.919626,49.840405],[19.919392,49.840204],[19.919366,49.840178],[19.919273,49.84007],[19.919071,49.839866],[19.917554,49.838411],[19.917549,49.838406],[19.917449,49.838304],[19.917434,49.838286],[19.917359,49.838192],[19.917348,49.838177],[19.917265,49.83805],[19.917118,49.83788],[19.917023,49.837801],[19.916888,49.837709],[19.916832,49.837659],[19.916713,49.837512],[19.916501,49.837279],[19.916472,49.837238],[19.916346,49.837002],[19.916213,49.836797],[19.915853,49.836299],[19.915619,49.836002],[19.915297,49.835621],[19.915163,49.835481],[19.915161,49.835481],[19.914909,49.835211],[19.914903,49.835204],[19.914745,49.835021],[19.914622,49.834905],[19.914611,49.834894],[19.914478,49.834751],[19.914443,49.8347],[19.914411,49.834629],[19.914403,49.83461],[19.914344,49.834424],[19.914308,49.834376],[19.914288,49.834361],[19.914249,49.834323],[19.914206,49.834272],[19.914194,49.834256],[19.914096,49.834112],[19.914083,49.834089],[19.91382,49.833552],[19.913816,49.833544],[19.913738,49.833361],[19.913734,49.833349],[19.913637,49.833065],[19.913299,49.832298],[19.913288,49.832264],[19.913248,49.83205],[19.913173,49.831851],[19.91317,49.831755],[19.913188,49.831696],[19.913167,49.831661],[19.913072,49.831571],[19.913029,49.831514],[19.912942,49.831342],[19.912775,49.831085],[19.912754,49.831039],[19.912735,49.830975],[19.912731,49.830911],[19.912755,49.830759],[19.912772,49.830478],[19.912767,49.83031],[19.912778,49.830251],[19.912818,49.830149],[19.912819,49.830132],[19.912811,49.830119],[19.912807,49.830109],[19.912774,49.830096],[19.912774,49.8301],[19.912776,49.830152],[19.912761,49.830205],[19.912731,49.830254],[19.912687,49.830298],[19.91263,49.830336],[19.912563,49.830366],[19.912488,49.830388],[19.912408,49.830399],[19.912326,49.8304],[19.912246,49.83039],[19.91217,49.830371],[19.912101,49.830342],[19.912042,49.830306],[19.911996,49.830262],[19.911963,49.830214],[19.911946,49.830162],[19.91194,49.830133],[19.911939,49.830134]]],[[[19.900944,49.938919],[19.900991,49.938989],[19.901018,49.939064],[19.901027,49.939159],[19.901025,49.939198],[19.901007,49.939298],[19.900999,49.939327],[19.900942,49.93947],[19.900926,49.939581],[19.900923,49.93972],[19.900923,49.939732],[19.900878,49.940157],[19.900862,49.940452],[19.900875,49.94067],[19.90096,49.940971],[19.901035,49.941127],[19.901045,49.941154],[19.901059,49.941206],[19.901114,49.941293],[19.901127,49.941315],[19.901289,49.941677],[19.901374,49.94184],[19.901424,49.941918],[19.901451,49.941998],[19.901453,49.942034],[19.901448,49.94208],[19.901431,49.942144],[19.901437,49.942393],[19.901461,49.942498],[19.901578,49.942849],[19.901698,49.943101],[19.901856,49.943359],[19.902007,49.943549],[19.902006,49.943549],[19.902171,49.943756],[19.902393,49.943997],[19.902522,49.944118],[19.902618,49.944175],[19.902649,49.944196],[19.902776,49.944296],[19.90285,49.944398],[19.902868,49.94446],[19.902922,49.944547],[19.903067,49.9447],[19.903235,49.944841],[19.903265,49.944871],[19.903448,49.945089],[19.903577,49.945216],[19.903604,49.945248],[19.903733,49.945435],[19.903832,49.945553],[19.903849,49.945575],[19.903933,49.945708],[19.904047,49.945824],[19.904069,49.945837],[19.904098,49.945845],[19.904205,49.945893],[19.904406,49.946025],[19.90462,49.94614],[19.904663,49.946167],[19.904814,49.946282],[19.905028,49.946411],[19.905045,49.946422],[19.905195,49.946526],[19.905232,49.946557],[19.905381,49.946705],[19.905576,49.946829],[19.905829,49.94695],[19.905855,49.946964],[19.906021,49.94706],[19.906031,49.947066],[19.906323,49.947249],[19.906333,49.947256],[19.90676,49.947546],[19.907099,49.947763],[19.907906,49.94822],[19.908407,49.948486],[19.908775,49.948665],[19.908827,49.948697],[19.909188,49.948964],[19.909551,49.949199],[19.910111,49.949479],[19.910129,49.949489],[19.910265,49.949567],[19.910285,49.94958],[19.910603,49.949794],[19.910624,49.94981],[19.910687,49.949861],[19.910714,49.949887],[19.91076,49.949937],[19.910773,49.949947],[19.910809,49.949965],[19.910918,49.95],[19.911078,49.950041],[19.911164,49.950072],[19.911481,49.95023],[19.911543,49.950277],[19.911728,49.950387],[19.912159,49.950631],[19.912166,49.950635],[19.912792,49.951009],[19.912801,49.951014],[19.912851,49.951046],[19.912851,49.951046],[19.913362,49.951368],[19.913369,49.951373],[19.913849,49.951694],[19.913858,49.9517],[19.914185,49.951935],[19.914214,49.951958],[19.914433,49.952164],[19.914691,49.952371],[19.914739,49.952423],[19.914754,49.952446],[19.914858,49.9526],[19.914887,49.952631],[19.915195,49.952857],[19.915439,49.953011],[19.915474,49.953037],[19.915524,49.95308],[19.915544,49.953099],[19.915845,49.95342],[19.915856,49.953433],[19.91612,49.953763],[19.916137,49.953788],[19.916202,49.9539],[19.916208,49.953912],[19.916346,49.954197],[19.916348,49.954203],[19.916518,49.954595],[19.916522,49.954604],[19.916804,49.955381],[19.916942,49.955723],[19.917,49.955828],[19.917008,49.955845],[19.917106,49.956078],[19.917112,49.956095],[19.917172,49.956296],[19.9173,49.956638],[19.917304,49.956649],[19.917348,49.956802],[19.917354,49.956841],[19.917363,49.957358],[19.917362,49.957374],[19.917314,49.957903],[19.917312,49.957917],[19.917211,49.958452],[19.917209,49.958465],[19.917072,49.958962],[19.917065,49.958982],[19.916776,49.959656],[19.916654,49.960008],[19.916611,49.960183],[19.916602,49.96021],[19.916487,49.960472],[19.916443,49.960534],[19.916335,49.960639],[19.916227,49.960792],[19.91599,49.961417],[19.915985,49.961434],[19.915922,49.961671],[19.915911,49.961699],[19.915586,49.96238],[19.915578,49.962395],[19.915421,49.962658],[19.915403,49.962683],[19.915329,49.962773],[19.915143,49.963131],[19.915019,49.963478],[19.914965,49.963666],[19.914944,49.963786],[19.914935,49.963818],[19.914736,49.964302],[19.914632,49.964605],[19.914619,49.964635],[19.914403,49.96501],[19.914404,49.965014],[19.914451,49.964977],[19.914513,49.964943],[19.914585,49.964917],[19.914664,49.964901],[19.914745,49.964896],[19.914827,49.9649],[19.914906,49.964915],[19.914978,49.96494],[19.915042,49.964973],[19.915095,49.965014],[19.915134,49.96506],[19.915159,49.96511],[19.915165,49.965149],[19.915167,49.965148],[19.915204,49.965108],[19.915249,49.964744],[19.915251,49.964731],[19.915273,49.964627],[19.915268,49.964553],[19.915277,49.96449],[19.915347,49.964298],[19.915349,49.964293],[19.915448,49.96405],[19.915459,49.964028],[19.915559,49.963855],[19.915571,49.963772],[19.915584,49.963731],[19.915723,49.963419],[19.915731,49.963403],[19.915799,49.963285],[19.916026,49.962818],[19.916078,49.962703],[19.916108,49.96259],[19.916119,49.962563],[19.916482,49.961802],[19.916497,49.961776],[19.916732,49.961438],[19.916738,49.961428],[19.916736,49.961428],[19.916881,49.961184],[19.916948,49.961053],[19.916963,49.961029],[19.917005,49.96097],[19.917024,49.960925],[19.917027,49.960878],[19.917015,49.96083],[19.917012,49.960775],[19.917026,49.960667],[19.917038,49.960623],[19.917179,49.96031],[19.917403,49.959763],[19.917598,49.959217],[19.917726,49.95879],[19.917857,49.958225],[19.917921,49.957809],[19.917937,49.957607],[19.917946,49.957567],[19.91797,49.957501],[19.917975,49.957459],[19.917956,49.957327],[19.917954,49.957308],[19.917948,49.956844],[19.917916,49.956568],[19.917916,49.956555],[19.917911,49.956354],[19.917827,49.955721],[19.917793,49.955553],[19.917738,49.955337],[19.917539,49.954857],[19.917452,49.954691],[19.917265,49.954374],[19.917041,49.954065],[19.916795,49.95378],[19.916788,49.953773],[19.916396,49.953275],[19.91639,49.953267],[19.91632,49.953169],[19.916309,49.953152],[19.916197,49.952952],[19.916076,49.952784],[19.915927,49.952608],[19.915882,49.952573],[19.915775,49.952515],[19.915754,49.952503],[19.915652,49.952439],[19.915549,49.952374],[19.915515,49.952349],[19.915218,49.952095],[19.914928,49.951888],[19.914913,49.951877],[19.914639,49.951654],[19.914407,49.95152],[19.914386,49.951507],[19.913981,49.951228],[19.913523,49.950932],[19.913229,49.950754],[19.913207,49.95074],[19.913057,49.950631],[19.912841,49.950517],[19.912837,49.950516],[19.912795,49.950489],[19.912756,49.950461],[19.912702,49.950407],[19.912668,49.95036],[19.912637,49.950334],[19.912543,49.95028],[19.912522,49.950267],[19.912369,49.950163],[19.912243,49.950092],[19.91222,49.950082],[19.912042,49.950035],[19.911933,49.949989],[19.911756,49.94988],[19.911667,49.949837],[19.911647,49.949826],[19.909228,49.948463],[19.909184,49.948432],[19.909111,49.948373],[19.908822,49.948168],[19.907902,49.947645],[19.907894,49.94764],[19.907488,49.947395],[19.907131,49.947201],[19.906786,49.947035],[19.906742,49.94701],[19.906517,49.946858],[19.90627,49.946729],[19.906241,49.946713],[19.905953,49.946525],[19.905927,49.946506],[19.905851,49.946444],[19.905599,49.946279],[19.905588,49.946272],[19.905201,49.945997],[19.905189,49.945988],[19.904751,49.945642],[19.90474,49.945632],[19.904287,49.945233],[19.904273,49.945219],[19.904172,49.945115],[19.904144,49.94508],[19.903995,49.94484],[19.903837,49.944717],[19.903798,49.94468],[19.90377,49.944646],[19.903626,49.944512],[19.903574,49.944478],[19.903518,49.94443],[19.903351,49.944237],[19.903341,49.944225],[19.903154,49.943975],[19.903134,49.943943],[19.902973,49.943602],[19.902966,49.943585],[19.902951,49.943542],[19.902952,49.943542],[19.902869,49.9433],[19.902776,49.943109],[19.902316,49.942358],[19.902309,49.942346],[19.902211,49.942156],[19.902111,49.942045],[19.90207,49.941977],[19.901979,49.941691],[19.901971,49.941647],[19.90197,49.941471],[19.901972,49.941447],[19.901999,49.941277],[19.901939,49.940778],[19.901812,49.940249],[19.901704,49.9399],[19.901701,49.939887],[19.901673,49.939758],[19.901622,49.939655],[19.901606,49.939601],[19.901566,49.93922],[19.901558,49.93921],[19.901529,49.939066],[19.901564,49.938954],[19.901578,49.938921],[19.901691,49.938719],[19.901699,49.938698],[19.901707,49.938634],[19.901696,49.938617],[19.901675,49.938613],[19.901638,49.938581],[19.901639,49.93859],[19.90164,49.938605],[19.901636,49.938658],[19.901616,49.938709],[19.901581,49.938757],[19.901532,49.9388],[19.901471,49.938835],[19.901401,49.938862],[19.901323,49.93888],[19.901242,49.938888],[19.90116,49.938885],[19.901081,49.938872],[19.901007,49.938849],[19.900941,49.938818],[19.900886,49.938778],[19.900881,49.938773],[19.900944,49.938919]]],[[[19.914597,49.970123],[19.914735,49.97044],[19.914792,49.970573],[19.914794,49.97069],[19.914778,49.970729],[19.91478,49.970791],[19.914814,49.970862],[19.914869,49.970954],[19.914912,49.970994],[19.914932,49.971007],[19.915026,49.971099],[19.915358,49.97173],[19.915543,49.97202],[19.915557,49.972046],[19.915645,49.972251],[19.915756,49.972421],[19.915766,49.972439],[19.915874,49.972655],[19.915987,49.972815],[19.916067,49.97287],[19.916113,49.972909],[19.916177,49.972979],[19.916183,49.972985],[19.916344,49.973172],[19.916356,49.973188],[19.916421,49.97328],[19.916561,49.973429],[19.916581,49.973454],[19.916652,49.973557],[19.916718,49.973633],[19.916924,49.973805],[19.916945,49.973825],[19.917065,49.973951],[19.917083,49.973973],[19.917115,49.974017],[19.917216,49.974111],[19.917263,49.974174],[19.917299,49.974251],[19.917364,49.974326],[19.917425,49.974374],[19.917523,49.97443],[19.91758,49.974472],[19.917959,49.974834],[19.917982,49.974859],[19.918025,49.974914],[19.918224,49.975121],[19.918449,49.975318],[19.918792,49.975591],[19.918805,49.975602],[19.919823,49.976517],[19.919834,49.976521],[19.919991,49.976665],[19.919993,49.976671],[19.920736,49.977361],[19.920742,49.977367],[19.921069,49.977691],[19.921074,49.977696],[19.921387,49.978025],[19.921393,49.978031],[19.921689,49.978364],[19.921694,49.97837],[19.921901,49.978621],[19.921908,49.978631],[19.922334,49.979217],[19.922343,49.97923],[19.922431,49.979376],[19.922652,49.979741],[19.922659,49.979754],[19.922919,49.980276],[19.922925,49.980289],[19.923136,49.98082],[19.923141,49.980833],[19.923248,49.981195],[19.923252,49.981211],[19.923365,49.981825],[19.923366,49.981838],[19.923425,49.982494],[19.923426,49.982503],[19.923436,49.982947],[19.923436,49.982954],[19.923429,49.983233],[19.923429,49.983242],[19.923379,49.98381],[19.923379,49.983814],[19.92334,49.984146],[19.923312,49.984218],[19.923266,49.984287],[19.923274,49.984323],[19.923283,49.984336],[19.92331,49.984446],[19.92321,49.985098],[19.923209,49.985103],[19.922899,49.986747],[19.922897,49.986754],[19.922723,49.987477],[19.922709,49.987584],[19.922704,49.98761],[19.922684,49.987672],[19.922544,49.988373],[19.922546,49.988372],[19.922447,49.988974],[19.922399,49.989363],[19.922385,49.989625],[19.922396,49.990242],[19.92244,49.990572],[19.92242,49.99066],[19.92242,49.990734],[19.922418,49.990743],[19.922429,49.990765],[19.922447,49.99082],[19.922459,49.990912],[19.922458,49.990919],[19.922465,49.99093],[19.922497,49.990958],[19.922556,49.991043],[19.92266,49.991354],[19.922687,49.99141],[19.922707,49.991427],[19.922726,49.991428],[19.923014,49.991577],[19.923275,49.992056],[19.923473,49.992351],[19.923408,49.992594],[19.923376,49.992616],[19.923378,49.99265],[19.923382,49.992655],[19.923413,49.992742],[19.923415,49.992789],[19.923444,49.992822],[19.923504,49.992872],[19.923541,49.99291],[19.923573,49.992952],[19.923778,49.993132],[19.923793,49.993146],[19.924017,49.993379],[19.924036,49.993401],[19.924093,49.993478],[19.924385,49.993729],[19.924402,49.993744],[19.924663,49.994011],[19.924778,49.994099],[19.924994,49.994235],[19.925012,49.994247],[19.92529,49.994452],[19.925304,49.994462],[19.92538,49.994526],[19.925399,49.994536],[19.925462,49.994549],[19.925608,49.994606],[19.925772,49.994713],[19.926302,49.995024],[19.926956,49.995371],[19.927653,49.995728],[19.927689,49.995747],[19.927781,49.995788],[19.927971,49.995823],[19.927963,49.99584],[19.928141,49.995852],[19.928484,49.996036],[19.928596,49.996146],[19.928596,49.99616],[19.928654,49.996234],[19.928928,49.996385],[19.929101,49.99645],[19.929163,49.99648],[19.929352,49.996594],[19.92945,49.99663],[19.929483,49.996645],[19.929672,49.996734],[19.929693,49.996745],[19.92981,49.99681],[19.929953,49.99687],[19.929979,49.996882],[19.930816,49.997303],[19.931267,49.997531],[19.931447,49.997616],[19.931653,49.997695],[19.931691,49.997712],[19.933026,49.998389],[19.933434,49.998587],[19.933448,49.998594],[19.933667,49.998713],[19.934132,49.998933],[19.934263,49.998968],[19.934399,49.999033],[19.93446,49.999081],[19.934513,49.999111],[19.934974,49.999337],[19.936626,50.000103],[19.937197,50.000351],[19.937218,50.000361],[19.937278,50.000391],[19.937416,50.000427],[19.937595,50.000537],[19.937618,50.000552],[19.937787,50.000627],[19.937853,50.000643],[19.93797,50.00069],[19.938271,50.000874],[19.938352,50.000913],[19.938374,50.000929],[19.938402,50.000938],[19.938406,50.00094],[19.938523,50.000979],[19.939033,50.001237],[19.939074,50.001251],[19.93917,50.001262],[19.939233,50.001276],[19.939253,50.001274],[19.939438,50.00133],[19.939573,50.001409],[19.939589,50.001419],[19.939873,50.001607],[19.939951,50.001687],[19.940005,50.001784],[19.940008,50.001786],[19.940304,50.001933],[19.940331,50.001949],[19.940399,50.001991],[19.940437,50.002018],[19.940803,50.00233],[19.940816,50.002341],[19.941153,50.002669],[19.941162,50.002678],[19.941247,50.00277],[19.941296,50.002885],[19.941296,50.002887],[19.941373,50.002979],[19.941376,50.002987],[19.941439,50.003063],[19.941624,50.003255],[19.941647,50.003283],[19.941658,50.0033],[19.941671,50.003369],[19.941685,50.00339],[19.94176,50.003438],[19.94185,50.003496],[19.941955,50.00364],[19.941984,50.0037],[19.941996,50.003749],[19.942026,50.003809],[19.94211,50.00391],[19.942135,50.003947],[19.942139,50.003954],[19.942143,50.003957],[19.942191,50.004015],[19.942214,50.004056],[19.942233,50.004077],[19.942311,50.00414],[19.942357,50.00419],[19.942367,50.004205],[19.942396,50.004225],[19.942404,50.004225],[19.942509,50.004152],[19.942751,50.004079],[19.942894,50.004075],[19.942902,50.00407],[19.9429,50.004035],[19.942696,50.003754],[19.942687,50.003739],[19.942582,50.003564],[19.942387,50.0033],[19.942359,50.003246],[19.942352,50.003221],[19.942329,50.003182],[19.942245,50.003083],[19.94224,50.00308],[19.942151,50.002992],[19.942136,50.002963],[19.94208,50.002906],[19.942018,50.002871],[19.941743,50.002564],[19.941656,50.002467],[19.941287,50.002109],[19.940898,50.001777],[19.940804,50.001706],[19.940726,50.001599],[19.940724,50.001594],[19.940713,50.001582],[19.940645,50.001531],[19.940572,50.001507],[19.940483,50.001465],[19.939908,50.001089],[19.939847,50.000985],[19.939827,50.000989],[19.939787,50.000913],[19.93974,50.000876],[19.939376,50.000666],[19.939365,50.000659],[19.939187,50.000547],[19.938991,50.000464],[19.938966,50.000452],[19.938854,50.000396],[19.938659,50.000321],[19.938634,50.000311],[19.938454,50.000229],[19.938319,50.000198],[19.938269,50.000184],[19.938128,50.000134],[19.938047,50.000095],[19.937901,50.0],[19.937421,49.999813],[19.93738,49.999794],[19.93725,49.999725],[19.937055,49.999641],[19.935787,49.999143],[19.935782,49.999141],[19.935154,49.998884],[19.93514,49.998879],[19.93339,49.998087],[19.933374,49.998079],[19.931835,49.997295],[19.931263,49.997004],[19.931248,49.996996],[19.930114,49.996352],[19.930096,49.996341],[19.929883,49.996201],[19.929809,49.996169],[19.929763,49.996157],[19.929656,49.996115],[19.929164,49.995834],[19.929004,49.995798],[19.928895,49.995759],[19.928572,49.995586],[19.928525,49.995484],[19.928502,49.995492],[19.928395,49.995365],[19.928248,49.995277],[19.928147,49.99523],[19.928103,49.995206],[19.927854,49.995042],[19.927637,49.994917],[19.927421,49.994792],[19.927411,49.994786],[19.926928,49.994485],[19.926921,49.994481],[19.926548,49.994236],[19.926541,49.99423],[19.926051,49.993887],[19.926038,49.993877],[19.925607,49.993538],[19.925597,49.99353],[19.925137,49.99313],[19.925124,49.993118],[19.924955,49.99295],[19.924947,49.992942],[19.924754,49.992731],[19.924746,49.992722],[19.924464,49.992378],[19.92442,49.992353],[19.924374,49.992355],[19.924169,49.992323],[19.924031,49.992221],[19.923835,49.99193],[19.923826,49.991915],[19.923596,49.991497],[19.92359,49.991359],[19.923709,49.991245],[19.923716,49.991241],[19.923722,49.991209],[19.923658,49.991073],[19.923653,49.991062],[19.923511,49.990702],[19.923506,49.990688],[19.923359,49.990175],[19.923356,49.990162],[19.923304,49.989896],[19.923302,49.989883],[19.923242,49.989334],[19.923241,49.989324],[19.923229,49.989026],[19.923229,49.989015],[19.923245,49.98854],[19.923246,49.988531],[19.923263,49.988367],[19.923334,49.987676],[19.923336,49.987661],[19.923411,49.987296],[19.923451,49.987004],[19.923452,49.986996],[19.923508,49.98669],[19.923509,49.986688],[19.923893,49.984795],[19.923895,49.984787],[19.923946,49.98459],[19.923965,49.984546],[19.924034,49.984432],[19.924042,49.984407],[19.924041,49.984393],[19.924017,49.984348],[19.924,49.984253],[19.924076,49.983767],[19.924111,49.98332],[19.924156,49.983219],[19.924177,49.983196],[19.924189,49.983148],[19.92418,49.983139],[19.924116,49.983007],[19.924121,49.98265],[19.924092,49.982236],[19.924043,49.981926],[19.923944,49.98147],[19.92389,49.981257],[19.923715,49.98074],[19.923489,49.98017],[19.923217,49.979625],[19.923064,49.979371],[19.923063,49.979371],[19.922879,49.979066],[19.922437,49.978458],[19.922057,49.97801],[19.922051,49.978002],[19.921855,49.977746],[19.921711,49.97759],[19.921676,49.977537],[19.921652,49.977484],[19.921627,49.977451],[19.921527,49.977375],[19.921493,49.977345],[19.921241,49.977073],[19.921,49.97683],[19.920766,49.976654],[19.920752,49.976642],[19.920648,49.976552],[19.920615,49.976531],[19.920534,49.976491],[19.920463,49.976443],[19.919534,49.975608],[19.91952,49.975594],[19.919466,49.975537],[19.918922,49.975057],[19.918917,49.975052],[19.918182,49.974368],[19.918177,49.974363],[19.917827,49.974019],[19.917823,49.974014],[19.917474,49.973654],[19.917438,49.973605],[19.917392,49.973514],[19.917334,49.973428],[19.917311,49.973377],[19.917289,49.973295],[19.917264,49.973239],[19.917252,49.973204],[19.91723,49.973092],[19.917184,49.972962],[19.917112,49.972815],[19.91703,49.972686],[19.917009,49.972665],[19.916953,49.972625],[19.91686,49.972575],[19.91681,49.972541],[19.916637,49.9724],[19.916621,49.972385],[19.916489,49.972258],[19.916466,49.972231],[19.916354,49.972083],[19.916334,49.97205],[19.91633,49.972042],[19.916363,49.971862],[19.91639,49.971832],[19.916424,49.971804],[19.916426,49.971799],[19.91642,49.97175],[19.91635,49.971634],[19.916273,49.971556],[19.916298,49.971546],[19.916198,49.971453],[19.916196,49.971441],[19.915996,49.971206],[19.91588,49.971095],[19.915742,49.97098],[19.915646,49.970914],[19.915613,49.970887],[19.91552,49.9708],[19.915471,49.970731],[19.915349,49.970436],[19.915337,49.970407],[19.915348,49.970269],[19.915368,49.970234],[19.915379,49.970194],[19.915379,49.97012],[19.915369,49.970085],[19.91534,49.97003],[19.915322,49.96994],[19.915322,49.969934],[19.915265,49.969899],[19.915257,49.969897],[19.915251,49.969937],[19.915227,49.969988],[19.915189,49.970034],[19.915137,49.970075],[19.915073,49.970109],[19.915001,49.970134],[19.914922,49.970149],[19.914841,49.970154],[19.914759,49.970149],[19.914681,49.970133],[19.914608,49.970108],[19.91459,49.970099],[19.914597,49.970123]]]]}},{"type":"Feature","properties":{"rodzaj":"tunel","warstwa":"korytarz"},"geometry":{"type":"MultiPolygon","coordinates":[[[[19.912665,49.829488],[19.912582,49.828373],[19.912618,49.827258],[19.912771,49.826147],[19.913042,49.825041],[19.91312,49.824789],[19.913206,49.824534],[19.913298,49.82428],[19.913395,49.824026],[19.913498,49.823774],[19.913606,49.823522],[19.913719,49.823271],[19.913837,49.82302],[19.91396,49.822771],[19.914087,49.822522],[19.914218,49.822274],[19.914354,49.822027],[19.914493,49.821781],[19.914635,49.821535],[19.914781,49.82129],[19.914931,49.821045],[19.915083,49.820802],[19.915238,49.820558],[19.915396,49.820316],[19.915556,49.820074],[19.915718,49.819832],[19.915882,49.819591],[19.916048,49.81935],[19.916216,49.819109],[19.916385,49.818869],[19.916555,49.818629],[19.916726,49.818389],[19.916898,49.818149],[19.917071,49.817909],[19.917245,49.817669],[19.917418,49.817429],[19.921533,49.811744],[19.92156,49.811694],[19.921572,49.811642],[19.921567,49.811589],[19.921547,49.811537],[19.921512,49.81149],[19.921463,49.811447],[19.921402,49.811412],[19.921332,49.811385],[19.921255,49.811367],[19.921174,49.81136],[19.921092,49.811363],[19.921013,49.811376],[19.920939,49.811398],[19.920874,49.81143],[19.920819,49.811469],[19.920777,49.811515],[19.916663,49.817201],[19.916489,49.817441],[19.916315,49.817681],[19.916315,49.817681],[19.916142,49.817921],[19.916142,49.817921],[19.915969,49.818162],[19.915969,49.818162],[19.915797,49.818403],[19.915797,49.818403],[19.915626,49.818644],[19.915626,49.818645],[19.915456,49.818886],[19.915455,49.818887],[19.915287,49.819128],[19.915286,49.819129],[19.91512,49.819371],[19.915119,49.819373],[19.914954,49.819615],[19.914953,49.819616],[19.91479,49.819859],[19.914789,49.819861],[19.914628,49.820104],[19.914627,49.820106],[19.914468,49.82035],[19.914467,49.820352],[19.914311,49.820597],[19.91431,49.820599],[19.914157,49.820844],[19.914155,49.820846],[19.914005,49.821093],[19.914004,49.821095],[19.913856,49.821342],[19.913855,49.821344],[19.913711,49.821592],[19.91371,49.821594],[19.913569,49.821843],[19.913568,49.821846],[19.913431,49.822095],[19.91343,49.822098],[19.913297,49.822349],[19.913296,49.822351],[19.913167,49.822603],[19.913166,49.822606],[19.913042,49.822858],[19.91304,49.822861],[19.912921,49.823115],[19.912919,49.823118],[19.912804,49.823372],[19.912803,49.823376],[19.912693,49.823631],[19.912692,49.823634],[19.912588,49.823891],[19.912586,49.823894],[19.912487,49.824151],[19.912486,49.824155],[19.912393,49.824413],[19.912391,49.824417],[19.912304,49.824676],[19.912303,49.82468],[19.912222,49.82494],[19.912219,49.824951],[19.911945,49.826071],[19.911941,49.826089],[19.911786,49.827219],[19.911784,49.827238],[19.911748,49.828372],[19.911748,49.82839],[19.911832,49.829523],[19.911834,49.829541],[19.911946,49.830162],[19.911963,49.830214],[19.911996,49.830262],[19.912042,49.830306],[19.912101,49.830342],[19.91217,49.830371],[19.912246,49.83039],[19.912326,49.8304],[19.912408,49.830399],[19.912488,49.830388],[19.912563,49.830366],[19.91263,49.830336],[19.912687,49.830298],[19.912731,49.830254],[19.912761,49.830205],[19.912776,49.830152],[19.912774,49.8301],[19.912665,49.829488]]],[[[19.915092,49.969314],[19.914935,49.96854],[19.914858,49.967761],[19.91486,49.96698],[19.914942,49.966201],[19.915103,49.965423],[19.915129,49.965325],[19.915158,49.965224],[19.91516,49.965216],[19.915168,49.965163],[19.915159,49.96511],[19.915134,49.96506],[19.915095,49.965014],[19.915042,49.964973],[19.914978,49.96494],[19.914906,49.964915],[19.914827,49.9649],[19.914745,49.964896],[19.914664,49.964901],[19.914585,49.964917],[19.914513,49.964943],[19.914451,49.964977],[19.914399,49.965018],[19.914361,49.965065],[19.914338,49.965115],[19.914335,49.965124],[19.914335,49.965127],[19.914306,49.96523],[19.914305,49.965232],[19.914277,49.965336],[19.914275,49.965346],[19.91411,49.966138],[19.914108,49.966155],[19.914024,49.966952],[19.914023,49.96697],[19.914021,49.967769],[19.914022,49.967786],[19.914101,49.968584],[19.914104,49.968601],[19.914264,49.969393],[19.914269,49.969411],[19.91443,49.969937],[19.914454,49.969987],[19.914493,49.970034],[19.914545,49.970075],[19.914608,49.970108],[19.914681,49.970133],[19.914759,49.970149],[19.914841,49.970154],[19.914922,49.970149],[19.915001,49.970134],[19.915073,49.970109],[19.915137,49.970075],[19.915189,49.970034],[19.915227,49.969988],[19.915251,49.969937],[19.915259,49.969884],[19.915251,49.969832],[19.915092,49.969314]]],[[[19.901639,49.93859],[19.901486,49.936516],[19.901475,49.936361],[19.901463,49.936205],[19.901452,49.93605],[19.901451,49.93605],[19.901439,49.935895],[19.901439,49.935894],[19.901427,49.935739],[19.901427,49.935739],[19.901414,49.935584],[19.901414,49.935583],[19.9014,49.935428],[19.9014,49.935427],[19.901386,49.935272],[19.901386,49.935272],[19.901371,49.935117],[19.901371,49.935116],[19.901355,49.934961],[19.901355,49.93496],[19.901338,49.934805],[19.901338,49.934804],[19.90132,49.934649],[19.90132,49.934648],[19.901301,49.934493],[19.9013,49.934491],[19.90128,49.934337],[19.90128,49.934335],[19.901258,49.934181],[19.901258,49.934179],[19.901241,49.934071],[19.901226,49.934019],[19.901194,49.93397],[19.901149,49.933926],[19.901091,49.933889],[19.901023,49.933859],[19.900947,49.933839],[19.900867,49.933828],[19.900785,49.933828],[19.900704,49.933839],[19.900629,49.933859],[19.90056,49.933888],[19.900502,49.933926],[19.900457,49.93397],[19.900425,49.934018],[19.900409,49.93407],[19.900409,49.934123],[19.900425,49.93423],[19.900447,49.934383],[19.900467,49.934537],[19.900486,49.93469],[19.900504,49.934843],[19.900521,49.934997],[19.900536,49.935151],[19.900551,49.935305],[19.900566,49.935459],[19.900579,49.935613],[19.900592,49.935768],[19.900604,49.935922],[19.900616,49.936077],[19.900628,49.936231],[19.900639,49.936386],[19.900651,49.936541],[19.900804,49.938616],[19.900805,49.938631],[19.900817,49.938683],[19.900844,49.938733],[19.900886,49.938778],[19.900941,49.938818],[19.901007,49.938849],[19.901081,49.938872],[19.90116,49.938885],[19.901242,49.938888],[19.901323,49.93888],[19.901401,49.938862],[19.901471,49.938835],[19.901532,49.9388],[19.901581,49.938757],[19.901616,49.938709],[19.901636,49.938658],[19.90164,49.938605],[19.901639,49.93859]]]]}},{"type":"Feature","properties":{"gml_id":"budynki.120609_2.0004.548/7.1_BUD","ID_BUDYNKU":"120609_2.0004.548/7.1_BUD","RODZAJ":"m","KONDYGNACJE_NADZIEMNE":"None","KONDYGNACJE_PODZIEMNE":"None","strefa":"w śladzie","warstwa":"budynki"},"geometry":{"type":"Polygon","coordinates":[[[19.917624,49.958473],[19.917636,49.958386],[19.917673,49.958388],[19.91768,49.95834],[19.917789,49.958347],[19.917782,49.958394],[19.917778,49.95842],[19.917822,49.958423],[19.917813,49.958484],[19.917624,49.958473]]]}},{"type":"Feature","properties":{"gml_id":"budynki.120609_2.0004.548/5.1_BUD","ID_BUDYNKU":"120609_2.0004.548/5.1_BUD","RODZAJ":"m","KONDYGNACJE_NADZIEMNE":"None","KONDYGNACJE_PODZIEMNE":"None","strefa":"w śladzie","warstwa":"budynki"},"geometry":{"type":"Polygon","coordinates":[[[19.91731,49.959019],[19.91732,49.958949],[19.917472,49.958958],[19.917462,49.959028],[19.917457,49.959063],[19.917361,49.959058],[19.917366,49.959022],[19.91731,49.959019]]]}},{"type":"Feature","properties":{"gml_id":"budynki.120609_2.0004.257.2_BUD","ID_BUDYNKU":"120609_2.0004.257.2_BUD","RODZAJ":"i","KONDYGNACJE_NADZIEMNE":"None","KONDYGNACJE_PODZIEMNE":"None","strefa":"w śladzie","warstwa":"budynki"},"geometry":{"type":"Polygon","coordinates":[[[19.917203,49.959944],[19.917214,49.959849],[19.917313,49.959854],[19.917302,49.959949],[19.917203,49.959944]]]}},{"type":"Feature","properties":{"gml_id":"budynki.120609_2.0004.258/2.1_BUD","ID_BUDYNKU":"120609_2.0004.258/2.1_BUD","RODZAJ":"m","KONDYGNACJE_NADZIEMNE":"None","KONDYGNACJE_PODZIEMNE":"None","strefa":"w śladzie","warstwa":"budynki"},"geometry":{"type":"Polygon","coordinates":[[[19.917039,49.960321],[19.917056,49.960235],[19.917203,49.960248],[19.917186,49.960334],[19.917039,49.960321]]]}},{"type":"Feature","properties":{"gml_id":"budynki.120609_2.0004.258/2.2_BUD","ID_BUDYNKU":"120609_2.0004.258/2.2_BUD","RODZAJ":"i","KONDYGNACJE_NADZIEMNE":"None","KONDYGNACJE_PODZIEMNE":"None","strefa":"w śladzie","warstwa":"budynki"},"geometry":{"type":"Polygon","coordinates":[[[19.91694,49.960325],[19.916959,49.960252],[19.917028,49.960259],[19.917011,49.960332],[19.91694,49.960325]]]}},{"type":"Feature","properties":{"gml_id":"budynki.120609_2.0004.258/4.1_BUD","ID_BUDYNKU":"120609_2.0004.258/4.1_BUD","RODZAJ":"m","KONDYGNACJE_NADZIEMNE":"None","KONDYGNACJE_PODZIEMNE":"None","strefa":"w śladzie","warstwa":"budynki"},"geometry":{"type":"Polygon","coordinates":[[[19.916689,49.95993],[19.916706,49.959865],[19.91675,49.959869],[19.916798,49.959874],[19.9168,49.959868],[19.916802,49.95986],[19.916866,49.959867],[19.916864,49.959874],[19.91691,49.959879],[19.916889,49.95996],[19.916731,49.959943],[19.916733,49.959935],[19.916689,49.95993]]]}},{"type":"Feature","properties":{"gml_id":"budynki.120609_2.0004.258/2.3_BUD","ID_BUDYNKU":"120609_2.0004.258/2.3_BUD","RODZAJ":"i","KONDYGNACJE_NADZIEMNE":"None","KONDYGNACJE_PODZIEMNE":"None","strefa":"w śladzie","warstwa":"budynki"},"geometry":{"type":"Polygon","coordinates":[[[19.916536,49.960371],[19.916564,49.9603],[19.916645,49.960314],[19.916618,49.960384],[19.916536,49.960371]]]}},{"type":"Feature","properties":{"gml_id":"budynki.120903_4.0002.599_BUD","ID_BUDYNKU":"120903_4.0002.599_BUD","RODZAJ":"m","KONDYGNACJE_NADZIEMNE":"1","KONDYGNACJE_PODZIEMNE":"1","strefa":"w śladzie","warstwa":"budynki"},"geometry":{"type":"Polygon","coordinates":[[[19.913365,49.833349],[19.913258,49.83335],[19.913254,49.83326],[19.913361,49.833258],[19.913365,49.833349]]]}},{"type":"Feature","properties":{"gml_id":"budynki.120903_4.0002.516_BUD","ID_BUDYNKU":"120903_4.0002.516_BUD","RODZAJ":"i","KONDYGNACJE_NADZIEMNE":"1","KONDYGNACJE_PODZIEMNE":"0","strefa":"w śladzie","warstwa":"budynki"},"geometry":{"type":"Polygon","coordinates":[[[19.912799,49.832504],[19.912792,49.832573],[19.91269,49.832569],[19.912618,49.832566],[19.912625,49.832497],[19.912697,49.8325],[19.912799,49.832504]]]}},{"type":"Feature","properties":{"gml_id":"budynki.120903_4.0002.2815_BUD","ID_BUDYNKU":"120903_4.0002.2815_BUD","RODZAJ":"m","KONDYGNACJE_NADZIEMNE":"2","KONDYGNACJE_PODZIEMNE":"0","strefa":"w śladzie","warstwa":"budynki"},"geometry":{"type":"Polygon","coordinates":[[[19.913169,49.832963],[19.913162,49.832964],[19.913158,49.832872],[19.913229,49.832871],[19.913229,49.832889],[19.913298,49.832888],[19.913301,49.832961],[19.913169,49.832963]]]}},{"type":"Feature","properties":{"gml_id":"budynki.120903_4.0002.2813_BUD","ID_BUDYNKU":"120903_4.0002.2813_BUD","RODZAJ":"i","KONDYGNACJE_NADZIEMNE":"1","KONDYGNACJE_PODZIEMNE":"0","strefa":"w śladzie","warstwa":"budynki"},"geometry":{"type":"Polygon","coordinates":[[[19.913303,49.832995],[19.913171,49.832998],[19.913169,49.832963],[19.913301,49.832961],[19.913303,49.832995]]]}},{"type":"Feature","properties":{"gml_id":"budynki.120903_4.0002.543_BUD","ID_BUDYNKU":"120903_4.0002.543_BUD","RODZAJ":"g","KONDYGNACJE_NADZIEMNE":"1","KONDYGNACJE_PODZIEMNE":"0","strefa":"w śladzie","warstwa":"budynki"},"geometry":{"type":"Polygon","coordinates":[[[19.913353,49.832763],[19.913244,49.832768],[19.913234,49.832681],[19.913231,49.832653],[19.91334,49.832648],[19.913343,49.832676],[19.913353,49.832763]]]}},{"type":"Feature","properties":{"gml_id":"budynki.120903_4.0002.2814_BUD","ID_BUDYNKU":"120903_4.0002.2814_BUD","RODZAJ":"g","KONDYGNACJE_NADZIEMNE":"1","KONDYGNACJE_PODZIEMNE":"0","strefa":"w śladzie","warstwa":"budynki"},"geometry":{"type":"Polygon","coordinates":[[[19.91322,49.832735],[19.913165,49.832737],[19.913144,49.832738],[19.913137,49.832662],[19.913213,49.832659],[19.91322,49.832735]]]}},{"type":"Feature","properties":{"gml_id":"budynki.120903_4.0002.537_BUD","ID_BUDYNKU":"120903_4.0002.537_BUD","RODZAJ":"g","KONDYGNACJE_NADZIEMNE":"1","KONDYGNACJE_PODZIEMNE":"0","strefa":"w śladzie","warstwa":"budynki"},"geometry":{"type":"Polygon","coordinates":[[[19.913456,49.83259],[19.913452,49.832639],[19.913398,49.832637],[19.913402,49.832589],[19.913456,49.83259]]]}},{"type":"Feature","properties":{"gml_id":"budynki.120903_4.0002.518_BUD","ID_BUDYNKU":"120903_4.0002.518_BUD","RODZAJ":"i","KONDYGNACJE_NADZIEMNE":"1","KONDYGNACJE_PODZIEMNE":"0","strefa":"w śladzie","warstwa":"budynki"},"geometry":{"type":"Polygon","coordinates":[[[19.913047,49.832412],[19.912974,49.832412],[19.912974,49.832345],[19.913047,49.832345],[19.913047,49.832412]]]}},{"type":"Feature","properties":{"gml_id":"budynki.120903_4.0002.520_BUD","ID_BUDYNKU":"120903_4.0002.520_BUD","RODZAJ":"g","KONDYGNACJE_NADZIEMNE":"1","KONDYGNACJE_PODZIEMNE":"0","strefa":"w śladzie","warstwa":"budynki"},"geometry":{"type":"Polygon","coordinates":[[[19.912974,49.832412],[19.912908,49.832412],[19.912908,49.832345],[19.912974,49.832345],[19.912974,49.832412]]]}},{"type":"Feature","properties":{"gml_id":"budynki.120903_4.0002.524_BUD","ID_BUDYNKU":"120903_4.0002.524_BUD","RODZAJ":"i","KONDYGNACJE_NADZIEMNE":"1","KONDYGNACJE_PODZIEMNE":"0","strefa":"w śladzie","warstwa":"budynki"},"geometry":{"type":"Polygon","coordinates":[[[19.913236,49.832344],[19.913235,49.832377],[19.913234,49.832421],[19.913218,49.832421],[19.913198,49.832421],[19.913201,49.832344],[19.913236,49.832344]]]}},{"type":"Feature","properties":{"gml_id":"budynki.120903_4.0002.525_BUD","ID_BUDYNKU":"120903_4.0002.525_BUD","RODZAJ":"g","KONDYGNACJE_NADZIEMNE":"1","KONDYGNACJE_PODZIEMNE":"0","strefa":"w śladzie","warstwa":"budynki"},"geometry":{"type":"Polygon","coordinates":[[[19.913296,49.83231],[19.913294,49.832378],[19.913235,49.832377],[19.913236,49.832344],[19.913238,49.832309],[19.913296,49.83231]]]}},{"type":"Feature","properties":{"gml_id":"budynki.120903_4.0002.2149_BUD","ID_BUDYNKU":"120903_4.0002.2149_BUD","RODZAJ":"m","KONDYGNACJE_NADZIEMNE":"1","KONDYGNACJE_PODZIEMNE":"1","strefa":"w śladzie","warstwa":"budynki"},"geometry":{"type":"Polygon","coordinates":[[[19.913289,49.832288],[19.91329,49.832268],[19.913225,49.832266],[19.913232,49.832184],[19.913357,49.832188],[19.91335,49.83227],[19.913346,49.83227],[19.913344,49.83229],[19.913289,49.832288]]]}},{"type":"Feature","properties":{"gml_id":"budynki.120903_4.0002.2836_BUD","ID_BUDYNKU":"120903_4.0002.2836_BUD","RODZAJ":"m","KONDYGNACJE_NADZIEMNE":"2","KONDYGNACJE_PODZIEMNE":"1","strefa":"w śladzie","warstwa":"budynki"},"geometry":{"type":"Polygon","coordinates":[[[19.913115,49.831964],[19.913102,49.832039],[19.913015,49.832034],[19.913026,49.831959],[19.913115,49.831964]]]}},{"type":"Feature","properties":{"gml_id":"budynki.120903_4.0002.2837_BUD","ID_BUDYNKU":"120903_4.0002.2837_BUD","RODZAJ":"m","KONDYGNACJE_NADZIEMNE":"1","KONDYGNACJE_PODZIEMNE":"1","strefa":"w śladzie","warstwa":"budynki"},"geometry":{"type":"Polygon","coordinates":[[[19.913026,49.831959],[19.913015,49.832034],[19.912994,49.832032],[19.912877,49.832025],[19.912887,49.831951],[19.913026,49.831959]]]}},{"type":"Feature","properties":{"gml_id":"budynki.120903_4.0002.589_BUD","ID_BUDYNKU":"120903_4.0002.589_BUD","RODZAJ":"g","KONDYGNACJE_NADZIEMNE":"1","KONDYGNACJE_PODZIEMNE":"0","strefa":"w śladzie","warstwa":"budynki"},"geometry":{"type":"Polygon","coordinates":[[[19.912994,49.832032],[19.912989,49.83207],[19.912871,49.832063],[19.912877,49.832025],[19.912994,49.832032]]]}},{"type":"Feature","properties":{"gml_id":"budynki.120903_4.0002.2150_BUD","ID_BUDYNKU":"120903_4.0002.2150_BUD","RODZAJ":"m","KONDYGNACJE_NADZIEMNE":"1","KONDYGNACJE_PODZIEMNE":"0","strefa":"w śladzie","warstwa":"budynki"},"geometry":{"type":"Polygon","coordinates":[[[19.913205,49.832187],[19.91319,49.832253],[19.913143,49.832248],[19.913096,49.832243],[19.913055,49.832239],[19.913066,49.832195],[19.913072,49.832174],[19.913205,49.832187]]]}},{"type":"Feature","properties":{"gml_id":"budynki.120903_4.0002.527_BUD","ID_BUDYNKU":"120903_4.0002.527_BUD","RODZAJ":"i","KONDYGNACJE_NADZIEMNE":"1","KONDYGNACJE_PODZIEMNE":"0","strefa":"w śladzie","warstwa":"budynki"},"geometry":{"type":"Polygon","coordinates":[[[19.913066,49.832195],[19.913055,49.832239],[19.913054,49.832243],[19.913022,49.83224],[19.913033,49.832192],[19.913066,49.832195]]]}},{"type":"Feature","properties":{"gml_id":"budynki.120903_4.0002.128_BUD","ID_BUDYNKU":"120903_4.0002.128_BUD","RODZAJ":"m","KONDYGNACJE_NADZIEMNE":"3","KONDYGNACJE_PODZIEMNE":"0","strefa":"w śladzie","warstwa":"budynki"},"geometry":{"type":"Polygon","coordinates":[[[19.912756,49.832206],[19.912754,49.83226],[19.912615,49.832258],[19.912618,49.832165],[19.912713,49.832166],[19.912711,49.832205],[19.912756,49.832206]]]}},{"type":"Feature","properties":{"gml_id":"budynki.120903_4.0002.2607_BUD","ID_BUDYNKU":"120903_4.0002.2607_BUD","RODZAJ":"m","KONDYGNACJE_NADZIEMNE":"3","KONDYGNACJE_PODZIEMNE":"1","strefa":"w śladzie","warstwa":"budynki"},"geometry":{"type":"Polygon","coordinates":[[[19.912762,49.832036],[19.912617,49.832037],[19.912614,49.831944],[19.91276,49.831942],[19.912762,49.832036]]]}},{"type":"Feature","properties":{"gml_id":"budynki.120903_4.0003.2045_BUD","ID_BUDYNKU":"120903_4.0003.2045_BUD","RODZAJ":"m","KONDYGNACJE_NADZIEMNE":"2","KONDYGNACJE_PODZIEMNE":"0","strefa":"w śladzie","warstwa":"budynki"},"geometry":{"type":"Polygon","coordinates":[[[19.912482,49.830794],[19.912436,49.83092],[19.912421,49.830961],[19.912274,49.830939],[19.912294,49.830886],[19.912335,49.830772],[19.912482,49.830794]]]}},{"type":"Feature","properties":{"gml_id":"budynki.120903_4.0003.2889_BUD","ID_BUDYNKU":"120903_4.0003.2889_BUD","RODZAJ":"m","KONDYGNACJE_NADZIEMNE":"3","KONDYGNACJE_PODZIEMNE":"0","strefa":"w śladzie","warstwa":"budynki"},"geometry":{"type":"Polygon","coordinates":[[[19.912648,49.831068],[19.912619,49.831165],[19.912544,49.831155],[19.91254,49.831169],[19.91247,49.831161],[19.912503,49.83105],[19.912648,49.831068]]]}},{"type":"Feature","properties":{"gml_id":"budynki.120903_4.0003.3047_BUD","ID_BUDYNKU":"120903_4.0003.3047_BUD","RODZAJ":"m","KONDYGNACJE_NADZIEMNE":"2","KONDYGNACJE_PODZIEMNE":"0","strefa":"w śladzie","warstwa":"budynki"},"geometry":{"type":"Polygon","coordinates":[[[19.912223,49.831211],[19.912245,49.831134],[19.912353,49.831147],[19.912332,49.831224],[19.912223,49.831211]]]}},{"type":"Feature","properties":{"gml_id":"budynki.120903_4.0003.959_BUD","ID_BUDYNKU":"120903_4.0003.959_BUD","RODZAJ":"m","KONDYGNACJE_NADZIEMNE":"1","KONDYGNACJE_PODZIEMNE":"1","strefa":"w śladzie","warstwa":"budynki"},"geometry":{"type":"Polygon","coordinates":[[[19.912893,49.831192],[19.912874,49.831267],[19.912815,49.831261],[19.91281,49.831277],[19.912778,49.831273],[19.912782,49.831257],[19.912702,49.831249],[19.91272,49.831174],[19.912893,49.831192]]]}},{"type":"Feature","properties":{"gml_id":"budynki.120903_4.0003.3058_BUD","ID_BUDYNKU":"120903_4.0003.3058_BUD","RODZAJ":"m","KONDYGNACJE_NADZIEMNE":"2","KONDYGNACJE_PODZIEMNE":"0","strefa":"w śladzie","warstwa":"budynki"},"geometry":{"type":"Polygon","coordinates":[[[19.911874,49.830181],[19.911876,49.830176],[19.911835,49.83017],[19.911851,49.830125],[19.911891,49.83013],[19.911899,49.830107],[19.91203,49.830125],[19.912007,49.830194],[19.91193,49.830183],[19.911928,49.830189],[19.911874,49.830181]]]}},{"type":"Feature","properties":{"gml_id":"budynki.120609_2.0010.288/3.1_BUD","ID_BUDYNKU":"120609_2.0010.288/3.1_BUD","RODZAJ":"m","KONDYGNACJE_NADZIEMNE":"None","KONDYGNACJE_PODZIEMNE":"None","strefa":"w śladzie","warstwa":"budynki"},"geometry":{"type":"Polygon","coordinates":[[[19.883601,49.920499],[19.883606,49.920469],[19.883549,49.920465],[19.883566,49.920365],[19.883715,49.920376],[19.883698,49.920476],[19.88367,49.920474],[19.883665,49.920503],[19.883601,49.920499]]]}},{"type":"Feature","properties":{"gml_id":"budynki.120609_2.0010.288/6.2_BUD","ID_BUDYNKU":"120609_2.0010.288/6.2_BUD","RODZAJ":"h","KONDYGNACJE_NADZIEMNE":"None","KONDYGNACJE_PODZIEMNE":"None","strefa":"w śladzie","warstwa":"budynki"},"geometry":{"type":"Polygon","coordinates":[[[19.881184,49.919003],[19.881285,49.918962],[19.88134,49.919019],[19.881239,49.91906],[19.881184,49.919003]]]}},{"type":"Feature","properties":{"gml_id":"budynki.120609_2.0010.288/19.1_BUD","ID_BUDYNKU":"120609_2.0010.288/19.1_BUD","RODZAJ":"s","KONDYGNACJE_NADZIEMNE":"None","KONDYGNACJE_PODZIEMNE":"None","strefa":"w śladzie","warstwa":"budynki"},"geometry":{"type":"Polygon","coordinates":[[[19.881441,49.918721],[19.881543,49.918583],[19.881649,49.918616],[19.881864,49.91868],[19.882084,49.91875],[19.881982,49.918888],[19.881547,49.918754],[19.881441,49.918721]]]}},{"type":"Feature","properties":{"gml_id":"budynki.120903_5.0005.1037_BUD","ID_BUDYNKU":"120903_5.0005.1037_BUD","RODZAJ":"m","KONDYGNACJE_NADZIEMNE":"3","KONDYGNACJE_PODZIEMNE":"0","strefa":"w śladzie","warstwa":"budynki"},"geometry":{"type":"Polygon","coordinates":[[[19.872819,49.912781],[19.872676,49.912837],[19.872579,49.912735],[19.872699,49.912687],[19.87277,49.912761],[19.872792,49.912752],[19.872819,49.912781]]]}},{"type":"Feature","properties":{"gml_id":"budynki.120903_5.0005.2391_BUD","ID_BUDYNKU":"120903_5.0005.2391_BUD","RODZAJ":"g","KONDYGNACJE_NADZIEMNE":"1","KONDYGNACJE_PODZIEMNE":"0","strefa":"w śladzie","warstwa":"budynki"},"geometry":{"type":"Polygon","coordinates":[[[19.872816,49.912556],[19.872913,49.912518],[19.873014,49.912624],[19.873296,49.912513],[19.873355,49.912575],[19.872905,49.912752],[19.872859,49.912703],[19.872929,49.912676],[19.872816,49.912556]]]}},{"type":"Feature","properties":{"gml_id":"budynki.120903_5.0005.2541_BUD","ID_BUDYNKU":"120903_5.0005.2541_BUD","RODZAJ":"i","KONDYGNACJE_NADZIEMNE":"1","KONDYGNACJE_PODZIEMNE":"0","strefa":"w śladzie","warstwa":"budynki"},"geometry":{"type":"Polygon","coordinates":[[[19.873734,49.913096],[19.873521,49.913215],[19.873264,49.913024],[19.873477,49.912905],[19.873734,49.913096]]]}},{"type":"Feature","properties":{"gml_id":"budynki.120903_5.0005.1080_BUD","ID_BUDYNKU":"120903_5.0005.1080_BUD","RODZAJ":"i","KONDYGNACJE_NADZIEMNE":"1","KONDYGNACJE_PODZIEMNE":"0","strefa":"w śladzie","warstwa":"budynki"},"geometry":{"type":"Polygon","coordinates":[[[19.873899,49.913204],[19.873691,49.913327],[19.873596,49.913259],[19.873804,49.913137],[19.873899,49.913204]]]}},{"type":"Feature","properties":{"gml_id":"budynki.120903_5.0005.2542_BUD","ID_BUDYNKU":"120903_5.0005.2542_BUD","RODZAJ":"i","KONDYGNACJE_NADZIEMNE":"1","KONDYGNACJE_PODZIEMNE":"0","strefa":"w śladzie","warstwa":"budynki"},"geometry":{"type":"Polygon","coordinates":[[[19.873693,49.913328],[19.87363,49.913365],[19.873533,49.913296],[19.873596,49.913259],[19.873691,49.913327],[19.873693,49.913328]]]}},{"type":"Feature","properties":{"gml_id":"budynki.120903_5.0005.2402_BUD","ID_BUDYNKU":"120903_5.0005.2402_BUD","RODZAJ":"i","KONDYGNACJE_NADZIEMNE":"1","KONDYGNACJE_PODZIEMNE":"0","strefa":"w śladzie","warstwa":"budynki"},"geometry":{"type":"Polygon","coordinates":[[[19.875764,49.915677],[19.87574,49.915687],[19.875722,49.915667],[19.875764,49.915651],[19.875788,49.915678],[19.875771,49.915685],[19.875764,49.915677]]]}},{"type":"Feature","properties":{"gml_id":"budynki.120903_5.0005.1238_BUD","ID_BUDYNKU":"120903_5.0005.1238_BUD","RODZAJ":"m","KONDYGNACJE_NADZIEMNE":"1","KONDYGNACJE_PODZIEMNE":"0","strefa":"w śladzie","warstwa":"budynki"},"geometry":{"type":"Polygon","coordinates":[[[19.875514,49.915695],[19.875526,49.915691],[19.875498,49.915662],[19.875619,49.915614],[19.875658,49.915656],[19.875651,49.915659],[19.875705,49.915717],[19.875615,49.915752],[19.875611,49.915749],[19.875602,49.915739],[19.875588,49.915745],[19.87558,49.915748],[19.875541,49.915707],[19.875529,49.915712],[19.875514,49.915695]]]}},{"type":"Feature","properties":{"gml_id":"budynki.120903_5.0008.1460_BUD","ID_BUDYNKU":"120903_5.0008.1460_BUD","RODZAJ":"m","KONDYGNACJE_NADZIEMNE":"2","KONDYGNACJE_PODZIEMNE":"0","strefa":"w śladzie","warstwa":"budynki"},"geometry":{"type":"Polygon","coordinates":[[[19.900035,49.883057],[19.899963,49.883076],[19.899924,49.883016],[19.899996,49.882997],[19.899982,49.882975],[19.900033,49.882961],[19.900062,49.882953],[19.900078,49.882978],[19.900108,49.882969],[19.900124,49.882965],[19.900133,49.882977],[19.900145,49.882997],[19.900129,49.883001],[19.900153,49.883037],[19.900144,49.88304],[19.900122,49.883045],[19.900061,49.883062],[19.900042,49.883067],[19.900035,49.883057]]]}},{"type":"Feature","properties":{"gml_id":"budynki.120903_5.0008.1260_BUD","ID_BUDYNKU":"120903_5.0008.1260_BUD","RODZAJ":"m","KONDYGNACJE_NADZIEMNE":"2","KONDYGNACJE_PODZIEMNE":"1","strefa":"w śladzie","warstwa":"budynki"},"geometry":{"type":"Polygon","coordinates":[[[19.901043,49.883007],[19.900876,49.883047],[19.90084,49.882984],[19.901007,49.882945],[19.901043,49.883007]]]}},{"type":"Feature","properties":{"gml_id":"budynki.120903_5.0008.1439_BUD","ID_BUDYNKU":"120903_5.0008.1439_BUD","RODZAJ":"m","KONDYGNACJE_NADZIEMNE":"2","KONDYGNACJE_PODZIEMNE":"0","strefa":"w śladzie","warstwa":"budynki"},"geometry":{"type":"Polygon","coordinates":[[[19.90073,49.882883],[19.900565,49.882924],[19.900525,49.882855],[19.900667,49.882821],[19.900682,49.882847],[19.900706,49.882841],[19.90073,49.882883]]]}},{"type":"Feature","properties":{"gml_id":"budynki.120903_5.0008.1698_BUD","ID_BUDYNKU":"120903_5.0008.1698_BUD","RODZAJ":"m","KONDYGNACJE_NADZIEMNE":"2","KONDYGNACJE_PODZIEMNE":"0","strefa":"w śladzie","warstwa":"budynki"},"geometry":{"type":"Polygon","coordinates":[[[19.902239,49.882857],[19.902204,49.882794],[19.902202,49.882791],[19.902332,49.882761],[19.902334,49.882764],[19.902352,49.882797],[19.902366,49.882794],[19.902384,49.882824],[19.90237,49.882827],[19.902371,49.88283],[19.902241,49.88286],[19.902239,49.882857]]]}},{"type":"Feature","properties":{"gml_id":"budynki.120903_5.0008.173_BUD","ID_BUDYNKU":"120903_5.0008.173_BUD","RODZAJ":"m","KONDYGNACJE_NADZIEMNE":"3","KONDYGNACJE_PODZIEMNE":"0","strefa":"w śladzie","warstwa":"budynki"},"geometry":{"type":"Polygon","coordinates":[[[19.90201,49.882974],[19.901959,49.882987],[19.901968,49.883002],[19.901864,49.883029],[19.901809,49.882938],[19.901887,49.882919],[19.901896,49.882934],[19.901974,49.882914],[19.90201,49.882974]]]}},{"type":"Feature","properties":{"gml_id":"budynki.120903_5.0008.171_BUD","ID_BUDYNKU":"120903_5.0008.171_BUD","RODZAJ":"m","KONDYGNACJE_NADZIEMNE":"3","KONDYGNACJE_PODZIEMNE":"0","strefa":"w śladzie","warstwa":"budynki"},"geometry":{"type":"Polygon","coordinates":[[[19.901777,49.883048],[19.901725,49.883061],[19.901734,49.883076],[19.901631,49.883103],[19.901574,49.883013],[19.901652,49.882992],[19.901661,49.883007],[19.901739,49.882987],[19.901777,49.883048]]]}},{"type":"Feature","properties":{"gml_id":"budynki.120903_5.0008.1751_BUD","ID_BUDYNKU":"120903_5.0008.1751_BUD","RODZAJ":"m","KONDYGNACJE_NADZIEMNE":"2","KONDYGNACJE_PODZIEMNE":"1","strefa":"w śladzie","warstwa":"budynki"},"geometry":{"type":"Polygon","coordinates":[[[19.900609,49.883457],[19.90052,49.883482],[19.900475,49.883415],[19.900649,49.883366],[19.900677,49.883409],[19.900702,49.883445],[19.900617,49.883469],[19.900609,49.883457]]]}},{"type":"Feature","properties":{"gml_id":"budynki.120903_5.0008.168_BUD","ID_BUDYNKU":"120903_5.0008.168_BUD","RODZAJ":"m","KONDYGNACJE_NADZIEMNE":"2","KONDYGNACJE_PODZIEMNE":"0","strefa":"w śladzie","warstwa":"budynki"},"geometry":{"type":"Polygon","coordinates":[[[19.900012,49.883352],[19.899968,49.883368],[19.89992,49.88331],[19.899964,49.883295],[19.899954,49.883282],[19.900028,49.883257],[19.900044,49.883276],[19.900072,49.883265],[19.900093,49.883269],[19.900106,49.883284],[19.9001,49.883297],[19.900125,49.883328],[19.900022,49.883364],[19.900012,49.883352]]]}},{"type":"Feature","properties":{"gml_id":"budynki.120903_5.0005.2436_BUD","ID_BUDYNKU":"120903_5.0005.2436_BUD","RODZAJ":"i","KONDYGNACJE_NADZIEMNE":"1","KONDYGNACJE_PODZIEMNE":"0","strefa":"w śladzie","warstwa":"budynki"},"geometry":{"type":"Polygon","coordinates":[[[19.888527,49.886393],[19.888639,49.886388],[19.888646,49.886453],[19.888532,49.886457],[19.888527,49.886393]]]}},{"type":"Feature","properties":{"gml_id":"budynki.120903_5.0005.2345_BUD","ID_BUDYNKU":"120903_5.0005.2345_BUD","RODZAJ":"m","KONDYGNACJE_NADZIEMNE":"2","KONDYGNACJE_PODZIEMNE":"1","strefa":"w śladzie","warstwa":"budynki"},"geometry":{"type":"Polygon","coordinates":[[[19.888691,49.886304],[19.88871,49.886302],[19.888704,49.886261],[19.888822,49.886254],[19.888826,49.886292],[19.888835,49.886291],[19.88884,49.886322],[19.888832,49.886323],[19.888835,49.886344],[19.888828,49.886344],[19.888801,49.886346],[19.888804,49.886371],[19.888719,49.886376],[19.888713,49.886327],[19.888694,49.886328],[19.888691,49.886304]]]}},{"type":"Feature","properties":{"gml_id":"budynki.120903_5.0005.1092_BUD","ID_BUDYNKU":"120903_5.0005.1092_BUD","RODZAJ":"g","KONDYGNACJE_NADZIEMNE":"1","KONDYGNACJE_PODZIEMNE":"0","strefa":"w śladzie","warstwa":"budynki"},"geometry":{"type":"Polygon","coordinates":[[[19.881253,49.888242],[19.881351,49.888226],[19.881363,49.888253],[19.881346,49.888256],[19.881375,49.888325],[19.881294,49.888338],[19.881253,49.888242]]]}},{"type":"Feature","properties":{"gml_id":"budynki.120903_5.0005.1093_BUD","ID_BUDYNKU":"120903_5.0005.1093_BUD","RODZAJ":"m","KONDYGNACJE_NADZIEMNE":"1","KONDYGNACJE_PODZIEMNE":"0","strefa":"w śladzie","warstwa":"budynki"},"geometry":{"type":"Polygon","coordinates":[[[19.881481,49.888336],[19.881496,49.888261],[19.881533,49.888265],[19.881554,49.888266],[19.88163,49.888273],[19.88168,49.888277],[19.881787,49.888286],[19.881771,49.888362],[19.881481,49.888336]]]}},{"type":"Feature","properties":{"gml_id":"budynki.120903_5.0005.1096_BUD","ID_BUDYNKU":"120903_5.0005.1096_BUD","RODZAJ":"g","KONDYGNACJE_NADZIEMNE":"1","KONDYGNACJE_PODZIEMNE":"0","strefa":"w śladzie","warstwa":"budynki"},"geometry":{"type":"Polygon","coordinates":[[[19.881578,49.888041],[19.881616,49.888038],[19.88162,49.888062],[19.881582,49.888066],[19.881578,49.888041]]]}},{"type":"Feature","properties":{"gml_id":"budynki.120903_5.0005.1094_BUD","ID_BUDYNKU":"120903_5.0005.1094_BUD","RODZAJ":"g","KONDYGNACJE_NADZIEMNE":"1","KONDYGNACJE_PODZIEMNE":"0","strefa":"w śladzie","warstwa":"budynki"},"geometry":{"type":"Polygon","coordinates":[[[19.881881,49.88818],[19.881889,49.888106],[19.882043,49.888113],[19.882036,49.888186],[19.881977,49.888183],[19.881979,49.888164],[19.881925,49.888162],[19.881924,49.888182],[19.881881,49.88818]]]}},{"type":"Feature","properties":{"gml_id":"budynki.120903_5.0005.2420_BUD","ID_BUDYNKU":"120903_5.0005.2420_BUD","RODZAJ":"g","KONDYGNACJE_NADZIEMNE":"1","KONDYGNACJE_PODZIEMNE":"0","strefa":"w śladzie","warstwa":"budynki"},"geometry":{"type":"Polygon","coordinates":[[[19.882036,49.888186],[19.882043,49.888113],[19.882044,49.888104],[19.882129,49.888108],[19.88212,49.888189],[19.882036,49.888186]]]}},{"type":"Feature","properties":{"gml_id":"budynki.120903_5.0005.1283_BUD","ID_BUDYNKU":"120903_5.0005.1283_BUD","RODZAJ":"g","KONDYGNACJE_NADZIEMNE":"1","KONDYGNACJE_PODZIEMNE":"0","strefa":"w śladzie","warstwa":"budynki"},"geometry":{"type":"Polygon","coordinates":[[[19.876824,49.890487],[19.876775,49.890502],[19.876745,49.890511],[19.876684,49.890424],[19.876764,49.890401],[19.876824,49.890487]]]}},{"type":"Feature","properties":{"gml_id":"budynki.120903_5.0005.1289_BUD","ID_BUDYNKU":"120903_5.0005.1289_BUD","RODZAJ":"m","KONDYGNACJE_NADZIEMNE":"3","KONDYGNACJE_PODZIEMNE":"0","strefa":"w śladzie","warstwa":"budynki"},"geometry":{"type":"Polygon","coordinates":[[[19.876971,49.89055],[19.876839,49.890589],[19.876775,49.890502],[19.876824,49.890487],[19.876907,49.890462],[19.876971,49.89055]]]}},{"type":"Feature","properties":{"gml_id":"budynki.120903_5.0005.1196_BUD","ID_BUDYNKU":"120903_5.0005.1196_BUD","RODZAJ":"m","KONDYGNACJE_NADZIEMNE":"2","KONDYGNACJE_PODZIEMNE":"0","strefa":"w śladzie","warstwa":"budynki"},"geometry":{"type":"Polygon","coordinates":[[[19.876089,49.891004],[19.876142,49.890986],[19.876158,49.891007],[19.876201,49.890994],[19.876251,49.891069],[19.876213,49.891081],[19.876239,49.891115],[19.876189,49.891131],[19.876153,49.891089],[19.876101,49.891021],[19.876089,49.891004]]]}},{"type":"Feature","properties":{"gml_id":"budynki.120903_5.0005.1193_BUD","ID_BUDYNKU":"120903_5.0005.1193_BUD","RODZAJ":"m","KONDYGNACJE_NADZIEMNE":"2","KONDYGNACJE_PODZIEMNE":"0","strefa":"w śladzie","warstwa":"budynki"},"geometry":{"type":"Polygon","coordinates":[[[19.875969,49.891039],[19.876013,49.891025],[19.876028,49.891044],[19.876041,49.89104],[19.876101,49.891021],[19.876153,49.891089],[19.876033,49.891126],[19.875969,49.891039]]]}},{"type":"Feature","properties":{"gml_id":"budynki.120903_5.0005.1282_BUD","ID_BUDYNKU":"120903_5.0005.1282_BUD","RODZAJ":"g","KONDYGNACJE_NADZIEMNE":"1","KONDYGNACJE_PODZIEMNE":"0","strefa":"w śladzie","warstwa":"budynki"},"geometry":{"type":"Polygon","coordinates":[[[19.87691,49.890324],[19.876716,49.890382],[19.876648,49.890287],[19.876842,49.890229],[19.87691,49.890324]]]}},{"type":"Feature","properties":{"gml_id":"budynki.120903_5.0011.931_BUD","ID_BUDYNKU":"120903_5.0011.931_BUD","RODZAJ":"p","KONDYGNACJE_NADZIEMNE":"1","KONDYGNACJE_PODZIEMNE":"0","strefa":"w śladzie","warstwa":"budynki"},"geometry":{"type":"Polygon","coordinates":[[[19.924658,49.857444],[19.924573,49.857439],[19.924544,49.85737],[19.924563,49.857231],[19.924686,49.857238],[19.924689,49.857215],[19.925762,49.857277],[19.925753,49.857339],[19.925743,49.857414],[19.925725,49.857546],[19.925661,49.857543],[19.925635,49.857511],[19.925573,49.857532],[19.925572,49.857538],[19.925559,49.857537],[19.925533,49.857505],[19.925456,49.857531],[19.924951,49.857502],[19.924925,49.85747],[19.924864,49.857491],[19.924864,49.857497],[19.92485,49.857497],[19.924824,49.857464],[19.924748,49.85749],[19.924652,49.857485],[19.924658,49.857444]]]}},{"type":"Feature","properties":{"gml_id":"budynki.120903_5.0011.963_BUD","ID_BUDYNKU":"120903_5.0011.963_BUD","RODZAJ":"p","KONDYGNACJE_NADZIEMNE":"1","KONDYGNACJE_PODZIEMNE":"0","strefa":"w śladzie","warstwa":"budynki"},"geometry":{"type":"Polygon","coordinates":[[[19.925868,49.857346],[19.925858,49.85742],[19.925743,49.857414],[19.925753,49.857339],[19.925868,49.857346]]]}},{"type":"Feature","properties":{"gml_id":"budynki.120903_5.0011.969_BUD","ID_BUDYNKU":"120903_5.0011.969_BUD","RODZAJ":"b","KONDYGNACJE_NADZIEMNE":"2","KONDYGNACJE_PODZIEMNE":"0","strefa":"w śladzie","warstwa":"budynki"},"geometry":{"type":"Polygon","coordinates":[[[19.925712,49.855682],[19.925716,49.85564],[19.925727,49.855641],[19.925729,49.855619],[19.925787,49.855622],[19.925788,49.855612],[19.925841,49.855615],[19.925841,49.855624],[19.926102,49.855636],[19.926089,49.855755],[19.925823,49.855743],[19.925822,49.855749],[19.92577,49.855746],[19.925771,49.855742],[19.925777,49.855685],[19.925721,49.855682],[19.925712,49.855682]]]}},{"type":"Feature","properties":{"gml_id":"budynki.120903_5.0011.880_BUD","ID_BUDYNKU":"120903_5.0011.880_BUD","RODZAJ":"b","KONDYGNACJE_NADZIEMNE":"1","KONDYGNACJE_PODZIEMNE":"0","strefa":"w śladzie","warstwa":"budynki"},"geometry":{"type":"Polygon","coordinates":[[[19.925819,49.855977],[19.925821,49.855955],[19.925925,49.855959],[19.925923,49.855981],[19.925819,49.855977]]]}},{"type":"Feature","properties":{"gml_id":"budynki.120903_5.0011.879_BUD","ID_BUDYNKU":"120903_5.0011.879_BUD","RODZAJ":"b","KONDYGNACJE_NADZIEMNE":"1","KONDYGNACJE_PODZIEMNE":"0","strefa":"w śladzie","warstwa":"budynki"},"geometry":{"type":"Polygon","coordinates":[[[19.92581,49.856092],[19.925814,49.856049],[19.925897,49.856052],[19.925892,49.856095],[19.92581,49.856092]]]}},{"type":"Feature","properties":{"gml_id":"budynki.120903_4.0002.2728_BUD","ID_BUDYNKU":"120903_4.0002.2728_BUD","RODZAJ":"m","KONDYGNACJE_NADZIEMNE":"2","KONDYGNACJE_PODZIEMNE":"0","strefa":"w śladzie","warstwa":"budynki"},"geometry":{"type":"Polygon","coordinates":[[[19.924516,49.844993],[19.924515,49.844998],[19.924387,49.844985],[19.924388,49.844984],[19.924398,49.844941],[19.924408,49.844898],[19.924536,49.844911],[19.92453,49.844936],[19.92452,49.844974],[19.924516,49.844993]]]}},{"type":"Feature","properties":{"gml_id":"budynki.120903_4.0002.2700_BUD","ID_BUDYNKU":"120903_4.0002.2700_BUD","RODZAJ":"i","KONDYGNACJE_NADZIEMNE":"1","KONDYGNACJE_PODZIEMNE":"0","strefa":"w śladzie","warstwa":"budynki"},"geometry":{"type":"Polygon","coordinates":[[[19.924418,49.84517],[19.924308,49.845166],[19.924309,49.845107],[19.924381,49.845107],[19.92441,49.845108],[19.924491,49.845109],[19.924491,49.84517],[19.924418,49.84517]]]}},{"type":"Feature","properties":{"gml_id":"budynki.120903_4.0002.2702_BUD","ID_BUDYNKU":"120903_4.0002.2702_BUD","RODZAJ":"m","KONDYGNACJE_NADZIEMNE":"1","KONDYGNACJE_PODZIEMNE":"0","strefa":"w śladzie","warstwa":"budynki"},"geometry":{"type":"Polygon","coordinates":[[[19.924387,49.845243],[19.92436,49.845367],[19.924253,49.845357],[19.92428,49.845233],[19.924286,49.845204],[19.924319,49.845207],[19.924312,49.845236],[19.924387,49.845243]]]}},{"type":"Feature","properties":{"gml_id":"budynki.120903_4.0002.2830_BUD","ID_BUDYNKU":"120903_4.0002.2830_BUD","RODZAJ":"m","KONDYGNACJE_NADZIEMNE":"2","KONDYGNACJE_PODZIEMNE":"0","strefa":"w śladzie","warstwa":"budynki"},"geometry":{"type":"Polygon","coordinates":[[[19.924348,49.845753],[19.924337,49.845799],[19.924191,49.845784],[19.924213,49.845693],[19.924254,49.845697],[19.924265,49.845651],[19.924363,49.845661],[19.924352,49.845707],[19.924384,49.84571],[19.924373,49.845755],[19.924348,49.845753]]]}},{"type":"Feature","properties":{"gml_id":"budynki.120903_4.0002.2781_BUD","ID_BUDYNKU":"120903_4.0002.2781_BUD","RODZAJ":"m","KONDYGNACJE_NADZIEMNE":"2","KONDYGNACJE_PODZIEMNE":"0","strefa":"w śladzie","warstwa":"budynki"},"geometry":{"type":"Polygon","coordinates":[[[19.924864,49.845706],[19.924861,49.845721],[19.92485,49.845726],[19.924844,49.845753],[19.924854,49.845754],[19.92484,49.845817],[19.924805,49.845813],[19.924798,49.845844],[19.924702,49.845835],[19.924734,49.84569],[19.924817,49.845697],[19.924828,49.845692],[19.92485,49.845694],[19.924864,49.845706]]]}},{"type":"Feature","properties":{"gml_id":"budynki.120903_4.0002.3176_BUD","ID_BUDYNKU":"120903_4.0002.3176_BUD","RODZAJ":"m","KONDYGNACJE_NADZIEMNE":"2","KONDYGNACJE_PODZIEMNE":"0","strefa":"w śladzie","warstwa":"budynki"},"geometry":{"type":"Polygon","coordinates":[[[19.92475,49.846437],[19.924742,49.846479],[19.924582,49.846466],[19.924602,49.846364],[19.924716,49.846373],[19.924762,49.846377],[19.92475,49.846437]]]}},{"type":"Feature","properties":{"gml_id":"budynki.120903_4.0001.1800_BUD","ID_BUDYNKU":"120903_4.0001.1800_BUD","RODZAJ":"g","KONDYGNACJE_NADZIEMNE":"1","KONDYGNACJE_PODZIEMNE":"0","strefa":"w śladzie","warstwa":"budynki"},"geometry":{"type":"Polygon","coordinates":[[[19.926562,49.848118],[19.926507,49.848126],[19.926488,49.848072],[19.926543,49.848064],[19.926562,49.848118]]]}},{"type":"Feature","properties":{"gml_id":"budynki.120903_4.0001.1801_BUD","ID_BUDYNKU":"120903_4.0001.1801_BUD","RODZAJ":"g","KONDYGNACJE_NADZIEMNE":"1","KONDYGNACJE_PODZIEMNE":"0","strefa":"w śladzie","warstwa":"budynki"},"geometry":{"type":"Polygon","coordinates":[[[19.926619,49.84811],[19.926568,49.848117],[19.92655,49.848063],[19.9266,49.848056],[19.926619,49.84811]]]}},{"type":"Feature","properties":{"gml_id":"budynki.120903_4.0001.1799_BUD","ID_BUDYNKU":"120903_4.0001.1799_BUD","RODZAJ":"g","KONDYGNACJE_NADZIEMNE":"1","KONDYGNACJE_PODZIEMNE":"0","strefa":"w śladzie","warstwa":"budynki"},"geometry":{"type":"Polygon","coordinates":[[[19.926515,49.848149],[19.926349,49.848173],[19.926319,49.848086],[19.926484,49.848062],[19.926488,49.848072],[19.926507,49.848126],[19.926515,49.848149]]]}},{"type":"Feature","properties":{"gml_id":"budynki.120903_4.0001.1708_BUD","ID_BUDYNKU":"120903_4.0001.1708_BUD","RODZAJ":"m","KONDYGNACJE_NADZIEMNE":"1","KONDYGNACJE_PODZIEMNE":"0","strefa":"w śladzie","warstwa":"budynki"},"geometry":{"type":"Polygon","coordinates":[[[19.926328,49.847982],[19.926323,49.847965],[19.926303,49.847895],[19.926517,49.847869],[19.926537,49.847938],[19.926381,49.847957],[19.926386,49.847974],[19.926328,49.847982]]]}},{"type":"Feature","properties":{"gml_id":"budynki.120903_4.0001.1803_BUD","ID_BUDYNKU":"120903_4.0001.1803_BUD","RODZAJ":"g","KONDYGNACJE_NADZIEMNE":"1","KONDYGNACJE_PODZIEMNE":"0","strefa":"w śladzie","warstwa":"budynki"},"geometry":{"type":"Polygon","coordinates":[[[19.926323,49.847965],[19.926307,49.847966],[19.926287,49.847897],[19.926303,49.847895],[19.926323,49.847965]]]}},{"type":"Feature","properties":{"gml_id":"budynki.120903_4.0001.1709_BUD","ID_BUDYNKU":"120903_4.0001.1709_BUD","RODZAJ":"m","KONDYGNACJE_NADZIEMNE":"3","KONDYGNACJE_PODZIEMNE":"1","strefa":"w śladzie","warstwa":"budynki"},"geometry":{"type":"Polygon","coordinates":[[[19.926412,49.847828],[19.926268,49.847847],[19.926243,49.847767],[19.926387,49.847748],[19.926412,49.847828]]]}},{"type":"Feature","properties":{"gml_id":"budynki.120903_5.0005.1466_BUD","ID_BUDYNKU":"120903_5.0005.1466_BUD","RODZAJ":"g","KONDYGNACJE_NADZIEMNE":"1","KONDYGNACJE_PODZIEMNE":"0","strefa":"w śladzie","warstwa":"budynki"},"geometry":{"type":"Polygon","coordinates":[[[19.871376,49.902844],[19.871656,49.902812],[19.871663,49.902838],[19.871677,49.902902],[19.871398,49.902932],[19.871376,49.902844]]]}},{"type":"Feature","properties":{"gml_id":"budynki.120903_5.0005.697_BUD","ID_BUDYNKU":"120903_5.0005.697_BUD","RODZAJ":"h","KONDYGNACJE_NADZIEMNE":"1","KONDYGNACJE_PODZIEMNE":"0","strefa":"w śladzie","warstwa":"budynki"},"geometry":{"type":"Polygon","coordinates":[[[19.870646,49.902627],[19.870692,49.902547],[19.870912,49.902601],[19.870823,49.902752],[19.870709,49.902724],[19.870751,49.902652],[19.870646,49.902627]]]}},{"type":"Feature","properties":{"gml_id":"budynki.120903_5.0005.1465_BUD","ID_BUDYNKU":"120903_5.0005.1465_BUD","RODZAJ":"m","KONDYGNACJE_NADZIEMNE":"2","KONDYGNACJE_PODZIEMNE":"0","strefa":"w śladzie","warstwa":"budynki"},"geometry":{"type":"Polygon","coordinates":[[[19.871589,49.902735],[19.871688,49.90266],[19.871789,49.902716],[19.871767,49.902733],[19.871747,49.902749],[19.871733,49.90276],[19.871691,49.902791],[19.871589,49.902735]]]}},{"type":"Feature","properties":{"gml_id":"budynki.120903_5.0005.1573_BUD","ID_BUDYNKU":"120903_5.0005.1573_BUD","RODZAJ":"h","KONDYGNACJE_NADZIEMNE":"2","KONDYGNACJE_PODZIEMNE":"0","strefa":"w śladzie","warstwa":"budynki"},"geometry":{"type":"Polygon","coordinates":[[[19.871459,49.904625],[19.871422,49.904714],[19.871149,49.904666],[19.871186,49.904577],[19.871459,49.904625]]]}},{"type":"Feature","properties":{"gml_id":"budynki.126104_9.0090.190/1.1_BUD","ID_BUDYNKU":"126104_9.0090.190/1.1_BUD","RODZAJ":"m","KONDYGNACJE_NADZIEMNE":"brak_uprawnień","KONDYGNACJE_PODZIEMNE":"brak_uprawnień","strefa":"w śladzie","warstwa":"budynki"},"geometry":{"type":"Polygon","coordinates":[[[19.929054,49.99576],[19.929103,49.995739],[19.929152,49.99572],[19.929201,49.995698],[19.929275,49.99577],[19.929221,49.995793],[19.929183,49.995809],[19.929157,49.995821],[19.929128,49.995832],[19.929054,49.99576]]]}},{"type":"Feature","properties":{"gml_id":"budynki.126104_9.0090.189/3.1_BUD","ID_BUDYNKU":"126104_9.0090.189/3.1_BUD","RODZAJ":"m","KONDYGNACJE_NADZIEMNE":"brak_uprawnień","KONDYGNACJE_PODZIEMNE":"brak_uprawnień","strefa":"w śladzie","warstwa":"budynki"},"geometry":{"type":"Polygon","coordinates":[[[19.92882,49.995847],[19.928879,49.995822],[19.928898,49.995815],[19.928955,49.99579],[19.929022,49.995856],[19.928973,49.995875],[19.928986,49.995887],[19.928899,49.995924],[19.928886,49.995912],[19.92882,49.995847]]]}},{"type":"Feature","properties":{"gml_id":"budynki.126104_9.0090.190/1.3_BUD","ID_BUDYNKU":"126104_9.0090.190/1.3_BUD","RODZAJ":"i","KONDYGNACJE_NADZIEMNE":"brak_uprawnień","KONDYGNACJE_PODZIEMNE":"brak_uprawnień","strefa":"w śladzie","warstwa":"budynki"},"geometry":{"type":"Polygon","coordinates":[[[19.929128,49.995832],[19.929157,49.995821],[19.929219,49.995876],[19.929241,49.995864],[19.929251,49.995847],[19.929306,49.995859],[19.92929,49.995887],[19.929243,49.995925],[19.929233,49.995933],[19.929128,49.995832]]]}},{"type":"Feature","properties":{"gml_id":"budynki.126104_9.0090.188/2.1_BUD","ID_BUDYNKU":"126104_9.0090.188/2.1_BUD","RODZAJ":"i","KONDYGNACJE_NADZIEMNE":"brak_uprawnień","KONDYGNACJE_PODZIEMNE":"brak_uprawnień","strefa":"w śladzie","warstwa":"budynki"},"geometry":{"type":"Polygon","coordinates":[[[19.929243,49.995925],[19.92929,49.995887],[19.929356,49.995902],[19.929297,49.995949],[19.929243,49.995925]]]}},{"type":"Feature","properties":{"gml_id":"budynki.126104_9.0090.565/5.1_BUD","ID_BUDYNKU":"126104_9.0090.565/5.1_BUD","RODZAJ":"m","KONDYGNACJE_NADZIEMNE":"brak_uprawnień","KONDYGNACJE_PODZIEMNE":"brak_uprawnień","strefa":"w śladzie","warstwa":"budynki"},"geometry":{"type":"Polygon","coordinates":[[[19.937033,49.999921],[19.937036,49.999878],[19.936995,49.999877],[19.936999,49.999827],[19.937039,49.999828],[19.937159,49.999831],[19.937154,49.999945],[19.937071,49.999944],[19.937072,49.999922],[19.937033,49.999921]]]}},{"type":"Feature","properties":{"gml_id":"budynki.126104_9.0090.565/5.2_BUD","ID_BUDYNKU":"126104_9.0090.565/5.2_BUD","RODZAJ":"i","KONDYGNACJE_NADZIEMNE":"brak_uprawnień","KONDYGNACJE_PODZIEMNE":"brak_uprawnień","strefa":"w śladzie","warstwa":"budynki"},"geometry":{"type":"Polygon","coordinates":[[[19.936924,50.000014],[19.9369,49.999955],[19.936966,49.999943],[19.936991,50.000003],[19.936924,50.000014]]]}},{"type":"Feature","properties":{"gml_id":"budynki.126104_9.0090.211/1.3_BUD","ID_BUDYNKU":"126104_9.0090.211/1.3_BUD","RODZAJ":"i","KONDYGNACJE_NADZIEMNE":"brak_uprawnień","KONDYGNACJE_PODZIEMNE":"brak_uprawnień","strefa":"w śladzie","warstwa":"budynki"},"geometry":{"type":"Polygon","coordinates":[[[19.931946,49.997696],[19.931955,49.9977],[19.931957,49.997706],[19.932004,49.997721],[19.931986,49.997747],[19.931923,49.997728],[19.931946,49.997696]]]}},{"type":"Feature","properties":{"gml_id":"budynki.126104_9.0090.211/1.1_BUD","ID_BUDYNKU":"126104_9.0090.211/1.1_BUD","RODZAJ":"m","KONDYGNACJE_NADZIEMNE":"brak_uprawnień","KONDYGNACJE_PODZIEMNE":"brak_uprawnień","strefa":"w śladzie","warstwa":"budynki"},"geometry":{"type":"Polygon","coordinates":[[[19.931989,49.99769],[19.932007,49.997662],[19.931949,49.997645],[19.932012,49.997559],[19.932144,49.9976],[19.932093,49.99767],[19.93211,49.997675],[19.932091,49.997701],[19.932079,49.997717],[19.931989,49.99769]]]}},{"type":"Feature","properties":{"gml_id":"budynki.126104_9.0090.210/1.2_BUD","ID_BUDYNKU":"126104_9.0090.210/1.2_BUD","RODZAJ":"i","KONDYGNACJE_NADZIEMNE":"brak_uprawnień","KONDYGNACJE_PODZIEMNE":"brak_uprawnień","strefa":"w śladzie","warstwa":"budynki"},"geometry":{"type":"Polygon","coordinates":[[[19.93232,49.997463],[19.932274,49.997525],[19.932223,49.997508],[19.932269,49.997447],[19.93232,49.997463]]]}},{"type":"Feature","properties":{"gml_id":"budynki.126104_9.0090.210/1.1_BUD","ID_BUDYNKU":"126104_9.0090.210/1.1_BUD","RODZAJ":"m","KONDYGNACJE_NADZIEMNE":"brak_uprawnień","KONDYGNACJE_PODZIEMNE":"brak_uprawnień","strefa":"w śladzie","warstwa":"budynki"},"geometry":{"type":"Polygon","coordinates":[[[19.932274,49.997525],[19.93232,49.997463],[19.932333,49.997467],[19.932362,49.997431],[19.932498,49.997477],[19.932441,49.997554],[19.932379,49.997534],[19.932362,49.997554],[19.932274,49.997525]]]}},{"type":"Feature","properties":{"gml_id":"budynki.126104_9.0090.212/2.1_BUD","ID_BUDYNKU":"126104_9.0090.212/2.1_BUD","RODZAJ":"m","KONDYGNACJE_NADZIEMNE":"brak_uprawnień","KONDYGNACJE_PODZIEMNE":"brak_uprawnień","strefa":"w śladzie","warstwa":"budynki"},"geometry":{"type":"Polygon","coordinates":[[[19.932294,49.997803],[19.932287,49.997812],[19.932186,49.997782],[19.932145,49.99777],[19.932101,49.997757],[19.93215,49.99769],[19.932336,49.997746],[19.932294,49.997803]]]}},{"type":"Feature","properties":{"gml_id":"budynki.126104_9.0090.212/2.2_BUD","ID_BUDYNKU":"126104_9.0090.212/2.2_BUD","RODZAJ":"i","KONDYGNACJE_NADZIEMNE":"brak_uprawnień","KONDYGNACJE_PODZIEMNE":"brak_uprawnień","strefa":"w śladzie","warstwa":"budynki"},"geometry":{"type":"Polygon","coordinates":[[[19.932294,49.997803],[19.932336,49.997746],[19.932378,49.997759],[19.932339,49.997816],[19.932294,49.997803]]]}},{"type":"Feature","properties":{"gml_id":"budynki.126104_9.0090.212/3.1_BUD","ID_BUDYNKU":"126104_9.0090.212/3.1_BUD","RODZAJ":"i","KONDYGNACJE_NADZIEMNE":"brak_uprawnień","KONDYGNACJE_PODZIEMNE":"brak_uprawnień","strefa":"w śladzie","warstwa":"budynki"},"geometry":{"type":"Polygon","coordinates":[[[19.932101,49.997757],[19.932145,49.99777],[19.932112,49.99781],[19.93209,49.997802],[19.932072,49.997796],[19.932101,49.997757]]]}},{"type":"Feature","properties":{"gml_id":"budynki.120903_5.0008.83_BUD","ID_BUDYNKU":"120903_5.0008.83_BUD","RODZAJ":"i","KONDYGNACJE_NADZIEMNE":"2","KONDYGNACJE_PODZIEMNE":"0","strefa":"w śladzie","warstwa":"budynki"},"geometry":{"type":"Polygon","coordinates":[[[19.909982,49.879393],[19.909884,49.879425],[19.909794,49.879311],[19.909968,49.879254],[19.910013,49.879312],[19.909938,49.879336],[19.909982,49.879393]]]}},{"type":"Feature","properties":{"gml_id":"budynki.120903_5.0008.1571_BUD","ID_BUDYNKU":"120903_5.0008.1571_BUD","RODZAJ":"m","KONDYGNACJE_NADZIEMNE":"1","KONDYGNACJE_PODZIEMNE":"0","strefa":"w śladzie","warstwa":"budynki"},"geometry":{"type":"Polygon","coordinates":[[[19.909349,49.879238],[19.909358,49.879236],[19.90934,49.879211],[19.909485,49.879162],[19.909487,49.879165],[19.909568,49.879138],[19.90963,49.879214],[19.909547,49.879242],[19.909549,49.879244],[19.909452,49.879276],[19.909448,49.879283],[19.909429,49.87929],[19.909417,49.879288],[19.909404,49.879292],[19.909385,49.879268],[19.909375,49.879271],[19.909356,49.879267],[19.909343,49.87925],[19.909349,49.879238]]]}},{"type":"Feature","properties":{"gml_id":"budynki.120903_5.0008.82_BUD","ID_BUDYNKU":"120903_5.0008.82_BUD","RODZAJ":"m","KONDYGNACJE_NADZIEMNE":"2","KONDYGNACJE_PODZIEMNE":"1","strefa":"w śladzie","warstwa":"budynki"},"geometry":{"type":"Polygon","coordinates":[[[19.910157,49.879256],[19.910089,49.879277],[19.910004,49.879162],[19.910046,49.879149],[19.910069,49.879142],[19.910115,49.879127],[19.910142,49.879163],[19.910154,49.879159],[19.91019,49.879209],[19.910215,49.879202],[19.910242,49.879237],[19.910162,49.879262],[19.910157,49.879256]]]}},{"type":"Feature","properties":{"gml_id":"budynki.120903_5.0008.90_BUD","ID_BUDYNKU":"120903_5.0008.90_BUD","RODZAJ":"m","KONDYGNACJE_NADZIEMNE":"1","KONDYGNACJE_PODZIEMNE":"0","strefa":"w śladzie","warstwa":"budynki"},"geometry":{"type":"Polygon","coordinates":[[[19.91085,49.878637],[19.910747,49.878674],[19.910667,49.878579],[19.910771,49.878543],[19.91085,49.878637]]]}},{"type":"Feature","properties":{"gml_id":"budynki.120903_5.0008.85_BUD","ID_BUDYNKU":"120903_5.0008.85_BUD","RODZAJ":"m","KONDYGNACJE_NADZIEMNE":"1","KONDYGNACJE_PODZIEMNE":"0","strefa":"w śladzie","warstwa":"budynki"},"geometry":{"type":"Polygon","coordinates":[[[19.911215,49.878752],[19.911102,49.878787],[19.911031,49.878692],[19.911144,49.878657],[19.911159,49.878677],[19.911174,49.878673],[19.911193,49.878698],[19.911178,49.878703],[19.911215,49.878752]]]}},{"type":"Feature","properties":{"gml_id":"budynki.120903_5.0008.87_BUD","ID_BUDYNKU":"120903_5.0008.87_BUD","RODZAJ":"m","KONDYGNACJE_NADZIEMNE":"3","KONDYGNACJE_PODZIEMNE":"0","strefa":"w śladzie","warstwa":"budynki"},"geometry":{"type":"Polygon","coordinates":[[[19.911286,49.878472],[19.911183,49.878504],[19.911193,49.878517],[19.911118,49.878541],[19.911051,49.878453],[19.911116,49.878432],[19.911107,49.878421],[19.91122,49.878385],[19.911286,49.878472]]]}},{"type":"Feature","properties":{"gml_id":"budynki.120903_5.0008.88_BUD","ID_BUDYNKU":"120903_5.0008.88_BUD","RODZAJ":"g","KONDYGNACJE_NADZIEMNE":"1","KONDYGNACJE_PODZIEMNE":"0","strefa":"w śladzie","warstwa":"budynki"},"geometry":{"type":"Polygon","coordinates":[[[19.910863,49.878496],[19.910794,49.878518],[19.910773,49.878489],[19.910841,49.878468],[19.910863,49.878496]]]}},{"type":"Feature","properties":{"gml_id":"budynki.120903_5.0008.96_BUD","ID_BUDYNKU":"120903_5.0008.96_BUD","RODZAJ":"g","KONDYGNACJE_NADZIEMNE":"1","KONDYGNACJE_PODZIEMNE":"0","strefa":"w śladzie","warstwa":"budynki"},"geometry":{"type":"Polygon","coordinates":[[[19.911095,49.878236],[19.911005,49.878259],[19.910963,49.878191],[19.910969,49.87819],[19.910948,49.878157],[19.911026,49.878137],[19.911047,49.87817],[19.911053,49.878168],[19.911095,49.878236]]]}},{"type":"Feature","properties":{"gml_id":"budynki.120903_5.0008.91_BUD","ID_BUDYNKU":"120903_5.0008.91_BUD","RODZAJ":"m","KONDYGNACJE_NADZIEMNE":"2","KONDYGNACJE_PODZIEMNE":"0","strefa":"w śladzie","warstwa":"budynki"},"geometry":{"type":"Polygon","coordinates":[[[19.911341,49.87825],[19.911259,49.878275],[19.911253,49.878267],[19.911206,49.878282],[19.911149,49.878205],[19.911207,49.878187],[19.911212,49.878194],[19.911284,49.878172],[19.911341,49.87825]]]}},{"type":"Feature","properties":{"gml_id":"budynki.120903_5.0008.365_BUD","ID_BUDYNKU":"120903_5.0008.365_BUD","RODZAJ":"g","KONDYGNACJE_NADZIEMNE":"1","KONDYGNACJE_PODZIEMNE":"0","strefa":"w śladzie","warstwa":"budynki"},"geometry":{"type":"Polygon","coordinates":[[[19.914858,49.87544],[19.91465,49.875487],[19.914653,49.875494],[19.914595,49.875507],[19.914553,49.875429],[19.914822,49.875371],[19.914858,49.87544]]]}},{"type":"Feature","properties":{"gml_id":"budynki.120903_5.0008.1561_BUD","ID_BUDYNKU":"120903_5.0008.1561_BUD","RODZAJ":"m","KONDYGNACJE_NADZIEMNE":"1","KONDYGNACJE_PODZIEMNE":"0","strefa":"w śladzie","warstwa":"budynki"},"geometry":{"type":"Polygon","coordinates":[[[19.915069,49.875242],[19.915126,49.875224],[19.91513,49.875214],[19.915152,49.875207],[19.915167,49.875212],[19.915223,49.875194],[19.91524,49.875217],[19.915248,49.875215],[19.915251,49.87522],[19.915244,49.875223],[19.915253,49.875234],[19.915305,49.875218],[19.915346,49.875273],[19.915238,49.875307],[19.91523,49.875296],[19.915131,49.875327],[19.915069,49.875242]]]}},{"type":"Feature","properties":{"gml_id":"budynki.120903_5.0008.156_BUD","ID_BUDYNKU":"120903_5.0008.156_BUD","RODZAJ":"g","KONDYGNACJE_NADZIEMNE":"1","KONDYGNACJE_PODZIEMNE":"0","strefa":"w śladzie","warstwa":"budynki"},"geometry":{"type":"Polygon","coordinates":[[[19.915666,49.875387],[19.915768,49.875361],[19.915793,49.875356],[19.915816,49.875394],[19.915791,49.875401],[19.915811,49.875433],[19.915825,49.875429],[19.915853,49.875474],[19.915785,49.875491],[19.915738,49.875504],[19.915666,49.875387]]]}},{"type":"Feature","properties":{"gml_id":"budynki.120903_5.0008.373_BUD","ID_BUDYNKU":"120903_5.0008.373_BUD","RODZAJ":"m","KONDYGNACJE_NADZIEMNE":"1","KONDYGNACJE_PODZIEMNE":"1","strefa":"w śladzie","warstwa":"budynki"},"geometry":{"type":"Polygon","coordinates":[[[19.916388,49.874056],[19.916376,49.874036],[19.91637,49.874024],[19.916387,49.87402],[19.916512,49.873992],[19.916532,49.873987],[19.91658,49.874074],[19.916559,49.874079],[19.916519,49.874088],[19.916525,49.874098],[19.916528,49.874104],[19.916487,49.874113],[19.916478,49.874098],[19.916418,49.874111],[19.916388,49.874056]]]}},{"type":"Feature","properties":{"gml_id":"budynki.120903_5.0008.1685_BUD","ID_BUDYNKU":"120903_5.0008.1685_BUD","RODZAJ":"i","KONDYGNACJE_NADZIEMNE":"1","KONDYGNACJE_PODZIEMNE":"0","strefa":"w śladzie","warstwa":"budynki"},"geometry":{"type":"Polygon","coordinates":[[[19.916201,49.874162],[19.916156,49.874168],[19.916135,49.874101],[19.916181,49.874095],[19.916201,49.874162]]]}},{"type":"Feature","properties":{"gml_id":"budynki.120903_5.0008.374_BUD","ID_BUDYNKU":"120903_5.0008.374_BUD","RODZAJ":"g","KONDYGNACJE_NADZIEMNE":"1","KONDYGNACJE_PODZIEMNE":"0","strefa":"w śladzie","warstwa":"budynki"},"geometry":{"type":"Polygon","coordinates":[[[19.916221,49.874226],[19.916201,49.874162],[19.91618,49.874094],[19.916309,49.874077],[19.916328,49.874138],[19.9163,49.874142],[19.916311,49.874177],[19.916338,49.874173],[19.91635,49.87421],[19.916221,49.874226]]]}},{"type":"Feature","properties":{"gml_id":"budynki.120903_5.0008.367_BUD","ID_BUDYNKU":"120903_5.0008.367_BUD","RODZAJ":"m","KONDYGNACJE_NADZIEMNE":"2","KONDYGNACJE_PODZIEMNE":"1","strefa":"w śladzie","warstwa":"budynki"},"geometry":{"type":"Polygon","coordinates":[[[19.916439,49.874449],[19.916485,49.87444],[19.916476,49.874422],[19.916573,49.874402],[19.916587,49.87443],[19.916599,49.874427],[19.916622,49.874472],[19.91658,49.874481],[19.916588,49.874496],[19.916596,49.874494],[19.916615,49.874533],[19.916495,49.874559],[19.916439,49.874449]]]}},{"type":"Feature","properties":{"gml_id":"budynki.120903_5.0008.1537_BUD","ID_BUDYNKU":"120903_5.0008.1537_BUD","RODZAJ":"m","KONDYGNACJE_NADZIEMNE":"2","KONDYGNACJE_PODZIEMNE":"0","strefa":"w śladzie","warstwa":"budynki"},"geometry":{"type":"Polygon","coordinates":[[[19.916497,49.874825],[19.916483,49.874807],[19.916443,49.874756],[19.916517,49.874732],[19.916564,49.874716],[19.916559,49.874709],[19.916649,49.874679],[19.916676,49.874712],[19.916688,49.874708],[19.91671,49.874736],[19.916698,49.87474],[19.916716,49.874764],[19.916712,49.874766],[19.916686,49.874774],[19.916655,49.874784],[19.916626,49.874794],[19.916618,49.874785],[19.916571,49.8748],[19.916497,49.874825]]]}},{"type":"Feature","properties":{"gml_id":"budynki.120903_5.0008.1436_BUD","ID_BUDYNKU":"120903_5.0008.1436_BUD","RODZAJ":"t","KONDYGNACJE_NADZIEMNE":"1","KONDYGNACJE_PODZIEMNE":"0","strefa":"w śladzie","warstwa":"budynki"},"geometry":{"type":"Polygon","coordinates":[[[19.915991,49.874872],[19.916129,49.874825],[19.916215,49.874929],[19.916077,49.874976],[19.915991,49.874872]]]}},{"type":"Feature","properties":{"gml_id":"budynki.120903_5.0008.1294_BUD","ID_BUDYNKU":"120903_5.0008.1294_BUD","RODZAJ":"m","KONDYGNACJE_NADZIEMNE":"2","KONDYGNACJE_PODZIEMNE":"1","strefa":"w śladzie","warstwa":"budynki"},"geometry":{"type":"Polygon","coordinates":[[[19.916365,49.87485],[19.916244,49.874891],[19.916176,49.874807],[19.916297,49.874766],[19.916312,49.874785],[19.916337,49.874776],[19.916371,49.874818],[19.916346,49.874827],[19.916365,49.87485]]]}},{"type":"Feature","properties":{"gml_id":"budynki.120903_5.0008.372_BUD","ID_BUDYNKU":"120903_5.0008.372_BUD","RODZAJ":"g","KONDYGNACJE_NADZIEMNE":"1","KONDYGNACJE_PODZIEMNE":"0","strefa":"w śladzie","warstwa":"budynki"},"geometry":{"type":"Polygon","coordinates":[[[19.916301,49.873938],[19.916093,49.87399],[19.916056,49.873928],[19.916263,49.873875],[19.91627,49.873886],[19.916301,49.873938]]]}},{"type":"Feature","properties":{"gml_id":"budynki.120903_5.0008.370_BUD","ID_BUDYNKU":"120903_5.0008.370_BUD","RODZAJ":"m","KONDYGNACJE_NADZIEMNE":"2","KONDYGNACJE_PODZIEMNE":"1","strefa":"w śladzie","warstwa":"budynki"},"geometry":{"type":"Polygon","coordinates":[[[19.916818,49.873773],[19.916755,49.873788],[19.916705,49.873702],[19.916772,49.873686],[19.916809,49.873677],[19.916854,49.873666],[19.916878,49.873661],[19.916927,49.873747],[19.916898,49.873754],[19.91686,49.873763],[19.916866,49.873772],[19.916871,49.87378],[19.916828,49.87379],[19.916818,49.873773]]]}},{"type":"Feature","properties":{"gml_id":"budynki.120903_5.0008.1556_BUD","ID_BUDYNKU":"120903_5.0008.1556_BUD","RODZAJ":"m","KONDYGNACJE_NADZIEMNE":"2","KONDYGNACJE_PODZIEMNE":"0","strefa":"w śladzie","warstwa":"budynki"},"geometry":{"type":"Polygon","coordinates":[[[19.917298,49.873784],[19.917396,49.87375],[19.917421,49.87378],[19.917441,49.873773],[19.91747,49.873809],[19.917463,49.873812],[19.91747,49.87382],[19.91749,49.873846],[19.9175,49.873857],[19.917459,49.873871],[19.917363,49.873904],[19.917358,49.873906],[19.917347,49.87391],[19.917301,49.873854],[19.917337,49.873842],[19.917335,49.873839],[19.917341,49.873837],[19.917325,49.873818],[19.917322,49.873814],[19.917298,49.873784]]]}},{"type":"Feature","properties":{"gml_id":"budynki.120609_2.0008.41/3.1_BUD","ID_BUDYNKU":"120609_2.0008.41/3.1_BUD","RODZAJ":"m","KONDYGNACJE_NADZIEMNE":"None","KONDYGNACJE_PODZIEMNE":"None","strefa":"w śladzie","warstwa":"budynki"},"geometry":{"type":"Polygon","coordinates":[[[19.920652,49.976511],[19.920723,49.976485],[19.920735,49.976499],[19.92075,49.976515],[19.920757,49.976512],[19.9208,49.97652],[19.920804,49.976526],[19.920831,49.976515],[19.92087,49.97656],[19.920816,49.976581],[19.920828,49.976594],[19.920796,49.976606],[19.92083,49.976644],[19.920777,49.976663],[19.920731,49.976613],[19.920734,49.976612],[19.920694,49.976566],[19.920699,49.976564],[19.920665,49.976526],[19.920652,49.976511]]]}},{"type":"Feature","properties":{"gml_id":"budynki.120609_2.0008.41/3.2_BUD","ID_BUDYNKU":"120609_2.0008.41/3.2_BUD","RODZAJ":"i","KONDYGNACJE_NADZIEMNE":"None","KONDYGNACJE_PODZIEMNE":"None","strefa":"w śladzie","warstwa":"budynki"},"geometry":{"type":"Polygon","coordinates":[[[19.920667,49.976637],[19.920731,49.976613],[19.920777,49.976663],[19.920711,49.976689],[19.920667,49.976637]]]}},{"type":"Feature","properties":{"gml_id":"budynki.120609_2.0008.41/2.1_BUD","ID_BUDYNKU":"120609_2.0008.41/2.1_BUD","RODZAJ":"m","KONDYGNACJE_NADZIEMNE":"None","KONDYGNACJE_PODZIEMNE":"None","strefa":"w śladzie","warstwa":"budynki"},"geometry":{"type":"Polygon","coordinates":[[[19.920418,49.976669],[19.920492,49.976642],[19.920505,49.976657],[19.92059,49.976628],[19.920651,49.9767],[19.920566,49.97673],[19.920574,49.97674],[19.920544,49.97675],[19.920528,49.976733],[19.920485,49.976748],[19.920418,49.976669]]]}},{"type":"Feature","properties":{"gml_id":"budynki.120609_2.0008.41/18.1_BUD","ID_BUDYNKU":"120609_2.0008.41/18.1_BUD","RODZAJ":"m","KONDYGNACJE_NADZIEMNE":"None","KONDYGNACJE_PODZIEMNE":"None","strefa":"w śladzie","warstwa":"budynki"},"geometry":{"type":"Polygon","coordinates":[[[19.920745,49.976911],[19.920866,49.976867],[19.920855,49.976853],[19.920879,49.976844],[19.920886,49.976852],[19.920912,49.976842],[19.920905,49.976834],[19.920929,49.976826],[19.920932,49.976829],[19.920943,49.976825],[19.920953,49.976835],[19.921073,49.976792],[19.92109,49.976811],[19.921107,49.976817],[19.921115,49.976825],[19.921114,49.976838],[19.921132,49.976857],[19.920999,49.976906],[19.92101,49.976919],[19.920936,49.976946],[19.920924,49.976933],[19.920802,49.976977],[19.920745,49.976911]]]}},{"type":"Feature","properties":{"gml_id":"budynki.120609_2.0008.68/4.1_BUD","ID_BUDYNKU":"120609_2.0008.68/4.1_BUD","RODZAJ":"m","KONDYGNACJE_NADZIEMNE":"None","KONDYGNACJE_PODZIEMNE":"None","strefa":"w śladzie","warstwa":"budynki"},"geometry":{"type":"Polygon","coordinates":[[[19.919436,49.975504],[19.919492,49.975485],[19.919481,49.975471],[19.919541,49.975449],[19.919602,49.975524],[19.919485,49.975565],[19.919436,49.975504]]]}},{"type":"Feature","properties":{"gml_id":"budynki.120609_2.0008.68/5.1_BUD","ID_BUDYNKU":"120609_2.0008.68/5.1_BUD","RODZAJ":"m","KONDYGNACJE_NADZIEMNE":"None","KONDYGNACJE_PODZIEMNE":"None","strefa":"w śladzie","warstwa":"budynki"},"geometry":{"type":"Polygon","coordinates":[[[19.920132,49.976293],[19.920091,49.976308],[19.920028,49.976237],[19.920064,49.976223],[19.920068,49.976216],[19.920074,49.976209],[19.920082,49.976203],[19.920092,49.976198],[19.920106,49.976194],[19.920118,49.976193],[19.920128,49.976194],[19.920142,49.976195],[19.920178,49.976181],[19.920242,49.976253],[19.920201,49.976268],[19.920199,49.976265],[19.92013,49.976291],[19.920132,49.976293]]]}},{"type":"Feature","properties":{"gml_id":"budynki.120903_5.0008.1207_BUD","ID_BUDYNKU":"120903_5.0008.1207_BUD","RODZAJ":"i","KONDYGNACJE_NADZIEMNE":"1","KONDYGNACJE_PODZIEMNE":"0","strefa":"w śladzie","warstwa":"budynki"},"geometry":{"type":"Polygon","coordinates":[[[19.920317,49.869914],[19.920242,49.869929],[19.920214,49.869868],[19.92029,49.869853],[19.920317,49.869914]]]}},{"type":"Feature","properties":{"gml_id":"budynki.120903_5.0008.1107_BUD","ID_BUDYNKU":"120903_5.0008.1107_BUD","RODZAJ":"m","KONDYGNACJE_NADZIEMNE":"2","KONDYGNACJE_PODZIEMNE":"0","strefa":"w śladzie","warstwa":"budynki"},"geometry":{"type":"Polygon","coordinates":[[[19.920168,49.869836],[19.920101,49.86985],[19.920078,49.869804],[19.920051,49.86981],[19.920056,49.869821],[19.919941,49.869845],[19.919895,49.869752],[19.919974,49.869736],[19.919965,49.869718],[19.920053,49.8697],[19.920062,49.869718],[19.920138,49.869702],[19.920182,49.869795],[19.92015,49.869802],[19.920168,49.869836]]]}},{"type":"Feature","properties":{"gml_id":"budynki.120903_5.0008.1421_BUD","ID_BUDYNKU":"120903_5.0008.1421_BUD","RODZAJ":"t","KONDYGNACJE_NADZIEMNE":"1","KONDYGNACJE_PODZIEMNE":"0","strefa":"w śladzie","warstwa":"budynki"},"geometry":{"type":"Polygon","coordinates":[[[19.920312,49.869853],[19.920398,49.869836],[19.92042,49.869883],[19.920334,49.8699],[19.920312,49.869853]]]}},{"type":"Feature","properties":{"gml_id":"budynki.120903_5.0008.1422_BUD","ID_BUDYNKU":"120903_5.0008.1422_BUD","RODZAJ":"m","KONDYGNACJE_NADZIEMNE":"1","KONDYGNACJE_PODZIEMNE":"0","strefa":"w śladzie","warstwa":"budynki"},"geometry":{"type":"Polygon","coordinates":[[[19.920321,49.869647],[19.920407,49.86963],[19.920405,49.869626],[19.920459,49.869615],[19.92046,49.869619],[19.920472,49.869616],[19.9205,49.869674],[19.920473,49.869679],[19.920483,49.869701],[19.920359,49.869726],[19.920321,49.869647]]]}},{"type":"Feature","properties":{"gml_id":"budynki.120903_5.0008.1569_BUD","ID_BUDYNKU":"120903_5.0008.1569_BUD","RODZAJ":"m","KONDYGNACJE_NADZIEMNE":"1","KONDYGNACJE_PODZIEMNE":"0","strefa":"w śladzie","warstwa":"budynki"},"geometry":{"type":"Polygon","coordinates":[[[19.920753,49.869627],[19.920806,49.869616],[19.920795,49.869594],[19.920978,49.869557],[19.921059,49.869725],[19.920941,49.869749],[19.920907,49.869679],[19.920851,49.86969],[19.920854,49.869696],[19.920792,49.869708],[19.920753,49.869627]]]}},{"type":"Feature","properties":{"gml_id":"budynki.120609_2.0007.731/2.1_BUD","ID_BUDYNKU":"120609_2.0007.731/2.1_BUD","RODZAJ":"m","KONDYGNACJE_NADZIEMNE":"None","KONDYGNACJE_PODZIEMNE":"None","strefa":"nad tunelem","warstwa":"budynki"},"geometry":{"type":"Polygon","coordinates":[[[19.914113,49.967893],[19.914201,49.967815],[19.914309,49.967865],[19.914245,49.967922],[19.914244,49.967921],[19.91422,49.967942],[19.914184,49.967924],[19.914183,49.967925],[19.914113,49.967893]]]}},{"type":"Feature","properties":{"gml_id":"budynki.120609_2.0007.731/2.2_BUD","ID_BUDYNKU":"120609_2.0007.731/2.2_BUD","RODZAJ":"i","KONDYGNACJE_NADZIEMNE":"None","KONDYGNACJE_PODZIEMNE":"None","strefa":"nad tunelem","warstwa":"budynki"},"geometry":{"type":"Polygon","coordinates":[[[19.913998,49.968016],[19.914008,49.968004],[19.914031,49.967981],[19.914063,49.967947],[19.91411,49.967966],[19.914078,49.967999],[19.914108,49.968011],[19.914074,49.968048],[19.913998,49.968016]]]}},{"type":"Feature","properties":{"gml_id":"budynki.120609_2.0007.731/3.2_BUD","ID_BUDYNKU":"120609_2.0007.731/3.2_BUD","RODZAJ":"i","KONDYGNACJE_NADZIEMNE":"None","KONDYGNACJE_PODZIEMNE":"None","strefa":"nad tunelem","warstwa":"budynki"},"geometry":{"type":"Polygon","coordinates":[[[19.914297,49.96801],[19.914336,49.967973],[19.914394,49.967998],[19.914355,49.968035],[19.914297,49.96801]]]}},{"type":"Feature","properties":{"gml_id":"budynki.120609_2.0007.731/3.1_BUD","ID_BUDYNKU":"120609_2.0007.731/3.1_BUD","RODZAJ":"m","KONDYGNACJE_NADZIEMNE":"None","KONDYGNACJE_PODZIEMNE":"None","strefa":"nad tunelem","warstwa":"budynki"},"geometry":{"type":"Polygon","coordinates":[[[19.914218,49.968143],[19.9143,49.968067],[19.914397,49.968109],[19.914318,49.968185],[19.914218,49.968143]]]}},{"type":"Feature","properties":{"gml_id":"budynki.120609_2.0010.71.1_BUD","ID_BUDYNKU":"120609_2.0010.71.1_BUD","RODZAJ":"m","KONDYGNACJE_NADZIEMNE":"None","KONDYGNACJE_PODZIEMNE":"None","strefa":"w śladzie","warstwa":"budynki"},"geometry":{"type":"Polygon","coordinates":[[[19.895565,49.926785],[19.895691,49.926779],[19.895698,49.926844],[19.895688,49.926844],[19.895691,49.926864],[19.895575,49.926869],[19.895569,49.926825],[19.895565,49.926785]]]}},{"type":"Feature","properties":{"gml_id":"budynki.120609_2.0010.288/2.1_BUD","ID_BUDYNKU":"120609_2.0010.288/2.1_BUD","RODZAJ":"h","KONDYGNACJE_NADZIEMNE":"None","KONDYGNACJE_PODZIEMNE":"None","strefa":"w śladzie","warstwa":"budynki"},"geometry":{"type":"Polygon","coordinates":[[[19.881036,49.919249],[19.881137,49.919208],[19.881334,49.91941],[19.881233,49.919451],[19.881036,49.919249]]]}},{"type":"Feature","properties":{"gml_id":"budynki.120609_2.0010.288/6.1_BUD","ID_BUDYNKU":"120609_2.0010.288/6.1_BUD","RODZAJ":"h","KONDYGNACJE_NADZIEMNE":"None","KONDYGNACJE_PODZIEMNE":"None","strefa":"w śladzie","warstwa":"budynki"},"geometry":{"type":"Polygon","coordinates":[[[19.881392,49.919206],[19.881593,49.919125],[19.881789,49.919327],[19.881588,49.919408],[19.881392,49.919206]]]}},{"type":"Feature","properties":{"gml_id":"budynki.120609_2.0010.288/16.2_BUD","ID_BUDYNKU":"120609_2.0010.288/16.2_BUD","RODZAJ":"g","KONDYGNACJE_NADZIEMNE":"None","KONDYGNACJE_PODZIEMNE":"None","strefa":"w śladzie","warstwa":"budynki"},"geometry":{"type":"Polygon","coordinates":[[[19.883135,49.919887],[19.883161,49.919808],[19.88347,49.91985],[19.883433,49.919962],[19.883334,49.919949],[19.883345,49.919916],[19.883135,49.919887]]]}},{"type":"Feature","properties":{"gml_id":"budynki.120609_2.0010.288/16.1_BUD","ID_BUDYNKU":"120609_2.0010.288/16.1_BUD","RODZAJ":"m","KONDYGNACJE_NADZIEMNE":"None","KONDYGNACJE_PODZIEMNE":"None","strefa":"w śladzie","warstwa":"budynki"},"geometry":{"type":"Polygon","coordinates":[[[19.883507,49.919762],[19.883515,49.919677],[19.883708,49.919685],[19.883702,49.91977],[19.883697,49.91977],[19.883695,49.919793],[19.883694,49.919801],[19.883611,49.919798],[19.883612,49.91979],[19.883593,49.919789],[19.883593,49.919787],[19.883557,49.919786],[19.883559,49.919764],[19.883507,49.919762]]]}},{"type":"Feature","properties":{"gml_id":"budynki.120609_2.0010.26.2_BUD","ID_BUDYNKU":"120609_2.0010.26.2_BUD","RODZAJ":"g","KONDYGNACJE_NADZIEMNE":"None","KONDYGNACJE_PODZIEMNE":"None","strefa":"w śladzie","warstwa":"budynki"},"geometry":{"type":"Polygon","coordinates":[[[19.898979,49.929408],[19.899035,49.929306],[19.899118,49.929325],[19.899062,49.929426],[19.898979,49.929408]]]}},{"type":"Feature","properties":{"gml_id":"budynki.120609_2.0010.25/22.1_BUD","ID_BUDYNKU":"120609_2.0010.25/22.1_BUD","RODZAJ":"m","KONDYGNACJE_NADZIEMNE":"None","KONDYGNACJE_PODZIEMNE":"None","strefa":"w śladzie","warstwa":"budynki"},"geometry":{"type":"Polygon","coordinates":[[[19.89967,49.929571],[19.899705,49.929483],[19.899749,49.929491],[19.899754,49.929478],[19.899822,49.92949],[19.899817,49.929502],[19.899858,49.929509],[19.899847,49.929536],[19.899868,49.929539],[19.899854,49.929572],[19.899843,49.929601],[19.899822,49.929597],[19.89967,49.929571]]]}},{"type":"Feature","properties":{"gml_id":"budynki.120609_2.0010.26.1_BUD","ID_BUDYNKU":"120609_2.0010.26.1_BUD","RODZAJ":"m","KONDYGNACJE_NADZIEMNE":"None","KONDYGNACJE_PODZIEMNE":"None","strefa":"w śladzie","warstwa":"budynki"},"geometry":{"type":"Polygon","coordinates":[[[19.899177,49.929314],[19.899207,49.929238],[19.899329,49.929258],[19.899334,49.929246],[19.899395,49.929256],[19.899361,49.929344],[19.899273,49.92933],[19.899266,49.929347],[19.899216,49.929339],[19.899223,49.929322],[19.899177,49.929314]]]}},{"type":"Feature","properties":{"gml_id":"budynki.120609_2.0009.272/4.1_BUD","ID_BUDYNKU":"120609_2.0009.272/4.1_BUD","RODZAJ":"m","KONDYGNACJE_NADZIEMNE":"None","KONDYGNACJE_PODZIEMNE":"None","strefa":"w śladzie","warstwa":"budynki"},"geometry":{"type":"Polygon","coordinates":[[[19.902627,49.943761],[19.902635,49.943673],[19.902767,49.943678],[19.902759,49.943765],[19.902627,49.943761]]]}},{"type":"Feature","properties":{"gml_id":"budynki.120609_2.0009.272/4.2_BUD","ID_BUDYNKU":"120609_2.0009.272/4.2_BUD","RODZAJ":"m","KONDYGNACJE_NADZIEMNE":"None","KONDYGNACJE_PODZIEMNE":"None","strefa":"w śladzie","warstwa":"budynki"},"geometry":{"type":"Polygon","coordinates":[[[19.902524,49.944008],[19.902537,49.943946],[19.902539,49.943935],[19.90257,49.943938],[19.902567,49.943949],[19.902629,49.943953],[19.902617,49.944015],[19.902524,49.944008]]]}},{"type":"Feature","properties":{"gml_id":"budynki.120609_2.0009.272/3.1_BUD","ID_BUDYNKU":"120609_2.0009.272/3.1_BUD","RODZAJ":"m","KONDYGNACJE_NADZIEMNE":"None","KONDYGNACJE_PODZIEMNE":"None","strefa":"w śladzie","warstwa":"budynki"},"geometry":{"type":"Polygon","coordinates":[[[19.902464,49.94404],[19.902484,49.943941],[19.902537,49.943946],[19.902524,49.944008],[19.902617,49.944015],[19.902609,49.944051],[19.902464,49.94404]]]}},{"type":"Feature","properties":{"gml_id":"budynki.120609_2.0009.591.1_BUD","ID_BUDYNKU":"120609_2.0009.591.1_BUD","RODZAJ":"m","KONDYGNACJE_NADZIEMNE":"None","KONDYGNACJE_PODZIEMNE":"None","strefa":"nad tunelem","warstwa":"budynki"},"geometry":{"type":"Polygon","coordinates":[[[19.90106,49.93699],[19.900922,49.936991],[19.900921,49.936899],[19.901061,49.936899],[19.90106,49.93699]]]}},{"type":"Feature","properties":{"NUMER_PORZ":"344A","KOD_POCZT":"32-445","NAZWA_GMI":"Myślenice","NAZWA_MSC":"Krzyszkowice","odleglosc_m":120.6,"strefa":"50-200 m","warstwa":"adresy"},"geometry":{"type":"Point","coordinates":[19.9091,49.877941]}},{"type":"Feature","properties":{"NUMER_PORZ":"744","KOD_POCZT":"32-445","NAZWA_GMI":"Myślenice","NAZWA_MSC":"Krzyszkowice","odleglosc_m":22.2,"strefa":"20-30 m","warstwa":"adresy"},"geometry":{"type":"Point","coordinates":[19.919205,49.870546]}},{"type":"Feature","properties":{"NUMER_PORZ":"189","KOD_POCZT":"32-445","NAZWA_GMI":"Myślenice","NAZWA_MSC":"Krzyszkowice","odleglosc_m":102.6,"strefa":"50-200 m","warstwa":"adresy"},"geometry":{"type":"Point","coordinates":[19.899754,49.884674]}},{"type":"Feature","properties":{"NUMER_PORZ":"187","KOD_POCZT":"32-445","NAZWA_GMI":"Myślenice","NAZWA_MSC":"Krzyszkowice","odleglosc_m":159.6,"strefa":"50-200 m","warstwa":"adresy"},"geometry":{"type":"Point","coordinates":[19.908109,49.878066]}},{"type":"Feature","properties":{"NUMER_PORZ":"444","KOD_POCZT":"32-445","NAZWA_GMI":"Myślenice","NAZWA_MSC":"Krzyszkowice","odleglosc_m":40.4,"strefa":"30-50 m","warstwa":"adresy"},"geometry":{"type":"Point","coordinates":[19.911077,49.87917]}},{"type":"Feature","properties":{"NUMER_PORZ":"361","KOD_POCZT":"32-445","NAZWA_GMI":"Myślenice","NAZWA_MSC":"Krzyszkowice","odleglosc_m":6.4,"strefa":"0-20 m","warstwa":"adresy"},"geometry":{"type":"Point","coordinates":[19.910197,49.879241]}},{"type":"Feature","properties":{"NUMER_PORZ":"411","KOD_POCZT":"32-445","NAZWA_GMI":"Myślenice","NAZWA_MSC":"Krzyszkowice","odleglosc_m":33.1,"strefa":"30-50 m","warstwa":"adresy"},"geometry":{"type":"Point","coordinates":[19.901231,49.883504]}},{"type":"Feature","properties":{"NUMER_PORZ":"10","KOD_POCZT":"32-445","NAZWA_GMI":"Myślenice","NAZWA_MSC":"Krzyszkowice","odleglosc_m":1.2,"strefa":"0-20 m","warstwa":"adresy"},"geometry":{"type":"Point","coordinates":[19.911164,49.878694]}},{"type":"Feature","properties":{"NUMER_PORZ":"176","KOD_POCZT":"32-445","NAZWA_GMI":"Myślenice","NAZWA_MSC":"Krzyszkowice","odleglosc_m":0.0,"strefa":"w śladzie","warstwa":"adresy"},"geometry":{"type":"Point","coordinates":[19.916541,49.874038]}},{"type":"Feature","properties":{"NUMER_PORZ":"382","KOD_POCZT":"32-445","NAZWA_GMI":"Myślenice","NAZWA_MSC":"Krzyszkowice","odleglosc_m":158.2,"strefa":"50-200 m","warstwa":"adresy"},"geometry":{"type":"Point","coordinates":[19.910434,49.876468]}},{"type":"Feature","properties":{"NUMER_PORZ":"377","KOD_POCZT":"32-445","NAZWA_GMI":"Myślenice","NAZWA_MSC":"Krzyszkowice","odleglosc_m":164.3,"strefa":"50-200 m","warstwa":"adresy"},"geometry":{"type":"Point","coordinates":[19.897631,49.881934]}},{"type":"Feature","properties":{"NUMER_PORZ":"262A","KOD_POCZT":"32-445","NAZWA_GMI":"Myślenice","NAZWA_MSC":"Krzyszkowice","odleglosc_m":141.7,"strefa":"50-200 m","warstwa":"adresy"},"geometry":{"type":"Point","coordinates":[19.905915,49.882761]}},{"type":"Feature","properties":{"NUMER_PORZ":"406","KOD_POCZT":"32-445","NAZWA_GMI":"Myślenice","NAZWA_MSC":"Krzyszkowice","odleglosc_m":183.0,"strefa":"50-200 m","warstwa":"adresy"},"geometry":{"type":"Point","coordinates":[19.895128,49.882593]}},{"type":"Feature","properties":{"NUMER_PORZ":"449","KOD_POCZT":"32-445","NAZWA_GMI":"Myślenice","NAZWA_MSC":"Krzyszkowice","odleglosc_m":101.5,"strefa":"50-200 m","warstwa":"adresy"},"geometry":{"type":"Point","coordinates":[19.917589,49.870859]}},{"type":"Feature","properties":{"NUMER_PORZ":"501","KOD_POCZT":"32-445","NAZWA_GMI":"Myślenice","NAZWA_MSC":"Krzyszkowice","odleglosc_m":129.7,"strefa":"50-200 m","warstwa":"adresy"},"geometry":{"type":"Point","coordinates":[19.916674,49.871437]}},{"type":"Feature","properties":{"NUMER_PORZ":"604","KOD_POCZT":"32-445","NAZWA_GMI":"Myślenice","NAZWA_MSC":"Krzyszkowice","odleglosc_m":108.2,"strefa":"50-200 m","warstwa":"adresy"},"geometry":{"type":"Point","coordinates":[19.912951,49.87899]}},{"type":"Feature","properties":{"NUMER_PORZ":"297","KOD_POCZT":"32-445","NAZWA_GMI":"Myślenice","NAZWA_MSC":"Krzyszkowice","odleglosc_m":66.1,"strefa":"50-200 m","warstwa":"adresy"},"geometry":{"type":"Point","coordinates":[19.911428,49.879292]}},{"type":"Feature","properties":{"NUMER_PORZ":"511","KOD_POCZT":"32-445","NAZWA_GMI":"Myślenice","NAZWA_MSC":"Krzyszkowice","odleglosc_m":98.8,"strefa":"50-200 m","warstwa":"adresy"},"geometry":{"type":"Point","coordinates":[19.917065,49.875773]}},{"type":"Feature","properties":{"NUMER_PORZ":"733","KOD_POCZT":"32-445","NAZWA_GMI":"Myślenice","NAZWA_MSC":"Krzyszkowice","odleglosc_m":68.3,"strefa":"50-200 m","warstwa":"adresy"},"geometry":{"type":"Point","coordinates":[19.912831,49.878576]}},{"type":"Feature","properties":{"NUMER_PORZ":"729","KOD_POCZT":"32-445","NAZWA_GMI":"Myślenice","NAZWA_MSC":"Krzyszkowice","odleglosc_m":0.0,"strefa":"w śladzie","warstwa":"adresy"},"geometry":{"type":"Point","coordinates":[19.91665,49.874738]}},{"type":"Feature","properties":{"NUMER_PORZ":"515","KOD_POCZT":"32-445","NAZWA_GMI":"Myślenice","NAZWA_MSC":"Krzyszkowice","odleglosc_m":32.9,"strefa":"30-50 m","warstwa":"adresy"},"geometry":{"type":"Point","coordinates":[19.898649,49.882926]}},{"type":"Feature","properties":{"NUMER_PORZ":"128","KOD_POCZT":"32-445","NAZWA_GMI":"Myślenice","NAZWA_MSC":"Krzyszkowice","odleglosc_m":102.4,"strefa":"50-200 m","warstwa":"adresy"},"geometry":{"type":"Point","coordinates":[19.898496,49.882272]}},{"type":"Feature","properties":{"NUMER_PORZ":"510","KOD_POCZT":"32-445","NAZWA_GMI":"Myślenice","NAZWA_MSC":"Krzyszkowice","odleglosc_m":0.0,"strefa":"w śladzie","warstwa":"adresy"},"geometry":{"type":"Point","coordinates":[19.900066,49.883341]}},{"type":"Feature","properties":{"NUMER_PORZ":"316","KOD_POCZT":"32-445","NAZWA_GMI":"Myślenice","NAZWA_MSC":"Krzyszkowice","odleglosc_m":0.0,"strefa":"w śladzie","warstwa":"adresy"},"geometry":{"type":"Point","coordinates":[19.910794,49.878598]}},{"type":"Feature","properties":{"NUMER_PORZ":"287","KOD_POCZT":"32-445","NAZWA_GMI":"Myślenice","NAZWA_MSC":"Krzyszkowice","odleglosc_m":0.0,"strefa":"w śladzie","warstwa":"adresy"},"geometry":{"type":"Point","coordinates":[19.916887,49.87371]}},{"type":"Feature","properties":{"NUMER_PORZ":"12","KOD_POCZT":"32-445","NAZWA_GMI":"Myślenice","NAZWA_MSC":"Krzyszkowice","odleglosc_m":78.2,"strefa":"50-200 m","warstwa":"adresy"},"geometry":{"type":"Point","coordinates":[19.911112,49.877054]}},{"type":"Feature","properties":{"NUMER_PORZ":"236","KOD_POCZT":"32-445","NAZWA_GMI":"Myślenice","NAZWA_MSC":"Krzyszkowice","odleglosc_m":189.4,"strefa":"50-200 m","warstwa":"adresy"},"geometry":{"type":"Point","coordinates":[19.917082,49.876989]}},{"type":"Feature","properties":{"NUMER_PORZ":"430","KOD_POCZT":"32-445","NAZWA_GMI":"Myślenice","NAZWA_MSC":"Krzyszkowice","odleglosc_m":70.5,"strefa":"50-200 m","warstwa":"adresy"},"geometry":{"type":"Point","coordinates":[19.917718,49.871411]}},{"type":"Feature","properties":{"NUMER_PORZ":"442","KOD_POCZT":"32-445","NAZWA_GMI":"Myślenice","NAZWA_MSC":"Krzyszkowice","odleglosc_m":117.9,"strefa":"50-200 m","warstwa":"adresy"},"geometry":{"type":"Point","coordinates":[19.896472,49.882849]}},{"type":"Feature","properties":{"NUMER_PORZ":"88","KOD_POCZT":"32-445","NAZWA_GMI":"Myślenice","NAZWA_MSC":"Krzyszkowice","odleglosc_m":0.0,"strefa":"w śladzie","warstwa":"adresy"},"geometry":{"type":"Point","coordinates":[19.91124,49.878437]}},{"type":"Feature","properties":{"NUMER_PORZ":"333","KOD_POCZT":"32-445","NAZWA_GMI":"Myślenice","NAZWA_MSC":"Krzyszkowice","odleglosc_m":65.8,"strefa":"50-200 m","warstwa":"adresy"},"geometry":{"type":"Point","coordinates":[19.905249,49.882221]}},{"type":"Feature","properties":{"NUMER_PORZ":"585","KOD_POCZT":"32-445","NAZWA_GMI":"Myślenice","NAZWA_MSC":"Krzyszkowice","odleglosc_m":0.0,"strefa":"w śladzie","warstwa":"adresy"},"geometry":{"type":"Point","coordinates":[19.920126,49.869839]}},{"type":"Feature","properties":{"NUMER_PORZ":"92","KOD_POCZT":"32-445","NAZWA_GMI":"Myślenice","NAZWA_MSC":"Krzyszkowice","odleglosc_m":25.9,"strefa":"20-30 m","warstwa":"adresy"},"geometry":{"type":"Point","coordinates":[19.916158,49.873561]}},{"type":"Feature","properties":{"NUMER_PORZ":"725","KOD_POCZT":"32-445","NAZWA_GMI":"Myślenice","NAZWA_MSC":"Krzyszkowice","odleglosc_m":0.0,"strefa":"w śladzie","warstwa":"adresy"},"geometry":{"type":"Point","coordinates":[19.920418,49.869679]}},{"type":"Feature","properties":{"NUMER_PORZ":"643","KOD_POCZT":"32-445","NAZWA_GMI":"Myślenice","NAZWA_MSC":"Krzyszkowice","odleglosc_m":168.0,"strefa":"50-200 m","warstwa":"adresy"},"geometry":{"type":"Point","coordinates":[19.905916,49.883034]}},{"type":"Feature","properties":{"NUMER_PORZ":"258","KOD_POCZT":"32-445","NAZWA_GMI":"Myślenice","NAZWA_MSC":"Krzyszkowice","odleglosc_m":181.8,"strefa":"50-200 m","warstwa":"adresy"},"geometry":{"type":"Point","coordinates":[19.909725,49.876649]}},{"type":"Feature","properties":{"NUMER_PORZ":"304","KOD_POCZT":"32-445","NAZWA_GMI":"Myślenice","NAZWA_MSC":"Krzyszkowice","odleglosc_m":62.1,"strefa":"50-200 m","warstwa":"adresy"},"geometry":{"type":"Point","coordinates":[19.910994,49.879471]}},{"type":"Feature","properties":{"NUMER_PORZ":"339","KOD_POCZT":"32-445","NAZWA_GMI":"Myślenice","NAZWA_MSC":"Krzyszkowice","odleglosc_m":151.3,"strefa":"50-200 m","warstwa":"adresy"},"geometry":{"type":"Point","coordinates":[19.915571,49.872271]}},{"type":"Feature","properties":{"NUMER_PORZ":"468","KOD_POCZT":"32-445","NAZWA_GMI":"Myślenice","NAZWA_MSC":"Krzyszkowice","odleglosc_m":88.4,"strefa":"50-200 m","warstwa":"adresy"},"geometry":{"type":"Point","coordinates":[19.917419,49.871377]}},{"type":"Feature","properties":{"NUMER_PORZ":"433","KOD_POCZT":"32-445","NAZWA_GMI":"Myślenice","NAZWA_MSC":"Krzyszkowice","odleglosc_m":111.3,"strefa":"50-200 m","warstwa":"adresy"},"geometry":{"type":"Point","coordinates":[19.89783,49.882405]}},{"type":"Feature","properties":{"NUMER_PORZ":"465","KOD_POCZT":"32-445","NAZWA_GMI":"Myślenice","NAZWA_MSC":"Krzyszkowice","odleglosc_m":61.0,"strefa":"50-200 m","warstwa":"adresy"},"geometry":{"type":"Point","coordinates":[19.917984,49.87121]}},{"type":"Feature","properties":{"NUMER_PORZ":"350","KOD_POCZT":"32-400","NAZWA_GMI":"Myślenice","NAZWA_MSC":"Polanka","odleglosc_m":0.0,"strefa":"w śladzie","warstwa":"adresy"},"geometry":{"type":"Point","coordinates":[19.925778,49.857437]}},{"type":"Feature","properties":{"NUMER_PORZ":"140A","KOD_POCZT":"32-445","NAZWA_GMI":"Myślenice","NAZWA_MSC":"Krzyszkowice","odleglosc_m":38.6,"strefa":"30-50 m","warstwa":"adresy"},"geometry":{"type":"Point","coordinates":[19.916933,49.875084]}},{"type":"Feature","properties":{"NUMER_PORZ":"743","KOD_POCZT":"32-445","NAZWA_GMI":"Myślenice","NAZWA_MSC":"Krzyszkowice","odleglosc_m":0.0,"strefa":"w śladzie","warstwa":"adresy"},"geometry":{"type":"Point","coordinates":[19.900577,49.882855]}},{"type":"Feature","properties":{"NUMER_PORZ":"512","KOD_POCZT":"32-445","NAZWA_GMI":"Myślenice","NAZWA_MSC":"Krzyszkowice","odleglosc_m":166.4,"strefa":"50-200 m","warstwa":"adresy"},"geometry":{"type":"Point","coordinates":[19.908372,49.877827]}},{"type":"Feature","properties":{"NUMER_PORZ":"538","KOD_POCZT":"32-445","NAZWA_GMI":"Myślenice","NAZWA_MSC":"Krzyszkowice","odleglosc_m":152.3,"strefa":"50-200 m","warstwa":"adresy"},"geometry":{"type":"Point","coordinates":[19.912664,49.879665]}},{"type":"Feature","properties":{"NUMER_PORZ":"40A","KOD_POCZT":"32-445","NAZWA_GMI":"Myślenice","NAZWA_MSC":"Krzyszkowice","odleglosc_m":64.1,"strefa":"50-200 m","warstwa":"adresy"},"geometry":{"type":"Point","coordinates":[19.915675,49.873406]}},{"type":"Feature","properties":{"NUMER_PORZ":"606","KOD_POCZT":"32-445","NAZWA_GMI":"Myślenice","NAZWA_MSC":"Krzyszkowice","odleglosc_m":99.2,"strefa":"50-200 m","warstwa":"adresy"},"geometry":{"type":"Point","coordinates":[19.915983,49.872676]}},{"type":"Feature","properties":{"NUMER_PORZ":"557","KOD_POCZT":"32-445","NAZWA_GMI":"Myślenice","NAZWA_MSC":"Krzyszkowice","odleglosc_m":196.8,"strefa":"50-200 m","warstwa":"adresy"},"geometry":{"type":"Point","coordinates":[19.907151,49.882841]}},{"type":"Feature","properties":{"NUMER_PORZ":"524","KOD_POCZT":"32-445","NAZWA_GMI":"Myślenice","NAZWA_MSC":"Krzyszkowice","odleglosc_m":181.2,"strefa":"50-200 m","warstwa":"adresy"},"geometry":{"type":"Point","coordinates":[19.914301,49.87284]}},{"type":"Feature","properties":{"NUMER_PORZ":"542","KOD_POCZT":"32-445","NAZWA_GMI":"Myślenice","NAZWA_MSC":"Krzyszkowice","odleglosc_m":71.1,"strefa":"50-200 m","warstwa":"adresy"},"geometry":{"type":"Point","coordinates":[19.922097,49.869432]}},{"type":"Feature","properties":{"NUMER_PORZ":"417","KOD_POCZT":"32-445","NAZWA_GMI":"Myślenice","NAZWA_MSC":"Krzyszkowice","odleglosc_m":0.0,"strefa":"w śladzie","warstwa":"adresy"},"geometry":{"type":"Point","coordinates":[19.916593,49.874448]}},{"type":"Feature","properties":{"NUMER_PORZ":"801","KOD_POCZT":"32-445","NAZWA_GMI":"Myślenice","NAZWA_MSC":"Krzyszkowice","odleglosc_m":173.7,"strefa":"50-200 m","warstwa":"adresy"},"geometry":{"type":"Point","coordinates":[19.915024,49.872361]}},{"type":"Feature","properties":{"NUMER_PORZ":"17","KOD_POCZT":"32-445","NAZWA_GMI":"Myślenice","NAZWA_MSC":"Krzyszkowice","odleglosc_m":198.3,"strefa":"50-200 m","warstwa":"adresy"},"geometry":{"type":"Point","coordinates":[19.910417,49.875884]}},{"type":"Feature","properties":{"NUMER_PORZ":"219","KOD_POCZT":"32-445","NAZWA_GMI":"Myślenice","NAZWA_MSC":"Krzyszkowice","odleglosc_m":66.3,"strefa":"50-200 m","warstwa":"adresy"},"geometry":{"type":"Point","coordinates":[19.914928,49.874154]}},{"type":"Feature","properties":{"NUMER_PORZ":"110B","KOD_POCZT":"32-445","NAZWA_GMI":"Myślenice","NAZWA_MSC":"Krzyszkowice","odleglosc_m":89.7,"strefa":"50-200 m","warstwa":"adresy"},"geometry":{"type":"Point","coordinates":[19.90986,49.877799]}},{"type":"Feature","properties":{"NUMER_PORZ":"44","KOD_POCZT":"32-445","NAZWA_GMI":"Myślenice","NAZWA_MSC":"Krzyszkowice","odleglosc_m":131.2,"strefa":"50-200 m","warstwa":"adresy"},"geometry":{"type":"Point","coordinates":[19.917661,49.875795]}},{"type":"Feature","properties":{"NUMER_PORZ":"330","KOD_POCZT":"32-445","NAZWA_GMI":"Myślenice","NAZWA_MSC":"Krzyszkowice","odleglosc_m":24.5,"strefa":"20-30 m","warstwa":"adresy"},"geometry":{"type":"Point","coordinates":[19.910316,49.878358]}},{"type":"Feature","properties":{"NUMER_PORZ":"112a","KOD_POCZT":"32-445","NAZWA_GMI":"Myślenice","NAZWA_MSC":"Krzyszkowice","odleglosc_m":32.3,"strefa":"30-50 m","warstwa":"adresy"},"geometry":{"type":"Point","coordinates":[19.900661,49.882341]}},{"type":"Feature","properties":{"NUMER_PORZ":"15","KOD_POCZT":"32-445","NAZWA_GMI":"Myślenice","NAZWA_MSC":"Krzyszkowice","odleglosc_m":135.5,"strefa":"50-200 m","warstwa":"adresy"},"geometry":{"type":"Point","coordinates":[19.9088,49.877948]}},{"type":"Feature","properties":{"NUMER_PORZ":"685","KOD_POCZT":"32-445","NAZWA_GMI":"Myślenice","NAZWA_MSC":"Krzyszkowice","odleglosc_m":128.5,"strefa":"50-200 m","warstwa":"adresy"},"geometry":{"type":"Point","coordinates":[19.908626,49.878141]}},{"type":"Feature","properties":{"NUMER_PORZ":"251","KOD_POCZT":"32-445","NAZWA_GMI":"Myślenice","NAZWA_MSC":"Krzyszkowice","odleglosc_m":140.7,"strefa":"50-200 m","warstwa":"adresy"},"geometry":{"type":"Point","coordinates":[19.908385,49.881689]}},{"type":"Feature","properties":{"NUMER_PORZ":"42","KOD_POCZT":"32-445","NAZWA_GMI":"Myślenice","NAZWA_MSC":"Krzyszkowice","odleglosc_m":4.1,"strefa":"0-20 m","warstwa":"adresy"},"geometry":{"type":"Point","coordinates":[19.914823,49.875409]}},{"type":"Feature","properties":{"NUMER_PORZ":"400","KOD_POCZT":"32-445","NAZWA_GMI":"Myślenice","NAZWA_MSC":"Krzyszkowice","odleglosc_m":54.7,"strefa":"50-200 m","warstwa":"adresy"},"geometry":{"type":"Point","coordinates":[19.918626,49.870705]}},{"type":"Feature","properties":{"NUMER_PORZ":"483","KOD_POCZT":"32-445","NAZWA_GMI":"Myślenice","NAZWA_MSC":"Krzyszkowice","odleglosc_m":171.3,"strefa":"50-200 m","warstwa":"adresy"},"geometry":{"type":"Point","coordinates":[19.89644,49.8823]}},{"type":"Feature","properties":{"NUMER_PORZ":"365","KOD_POCZT":"32-445","NAZWA_GMI":"Myślenice","NAZWA_MSC":"Krzyszkowice","odleglosc_m":141.3,"strefa":"50-200 m","warstwa":"adresy"},"geometry":{"type":"Point","coordinates":[19.913099,49.879298]}},{"type":"Feature","properties":{"NUMER_PORZ":"340","KOD_POCZT":"32-445","NAZWA_GMI":"Myślenice","NAZWA_MSC":"Krzyszkowice","odleglosc_m":104.4,"strefa":"50-200 m","warstwa":"adresy"},"geometry":{"type":"Point","coordinates":[19.912379,49.879264]}},{"type":"Feature","properties":{"NUMER_PORZ":"389","KOD_POCZT":"32-445","NAZWA_GMI":"Myślenice","NAZWA_MSC":"Krzyszkowice","odleglosc_m":60.9,"strefa":"50-200 m","warstwa":"adresy"},"geometry":{"type":"Point","coordinates":[19.910691,49.87962]}},{"type":"Feature","properties":{"NUMER_PORZ":"739","KOD_POCZT":"32-445","NAZWA_GMI":"Myślenice","NAZWA_MSC":"Krzyszkowice","odleglosc_m":0.0,"strefa":"w śladzie","warstwa":"adresy"},"geometry":{"type":"Point","coordinates":[19.89995,49.883028]}},{"type":"Feature","properties":{"NUMER_PORZ":"366","KOD_POCZT":"32-445","NAZWA_GMI":"Myślenice","NAZWA_MSC":"Krzyszkowice","odleglosc_m":159.6,"strefa":"50-200 m","warstwa":"adresy"},"geometry":{"type":"Point","coordinates":[19.91348,49.879308]}},{"type":"Feature","properties":{"NUMER_PORZ":"112","KOD_POCZT":"32-445","NAZWA_GMI":"Myślenice","NAZWA_MSC":"Krzyszkowice","odleglosc_m":17.7,"strefa":"0-20 m","warstwa":"adresy"},"geometry":{"type":"Point","coordinates":[19.900421,49.882552]}},{"type":"Feature","properties":{"NUMER_PORZ":"43","KOD_POCZT":"32-445","NAZWA_GMI":"Myślenice","NAZWA_MSC":"Krzyszkowice","odleglosc_m":61.7,"strefa":"50-200 m","warstwa":"adresy"},"geometry":{"type":"Point","coordinates":[19.916826,49.875453]}},{"type":"Feature","properties":{"NUMER_PORZ":"11","KOD_POCZT":"32-445","NAZWA_GMI":"Myślenice","NAZWA_MSC":"Krzyszkowice","odleglosc_m":41.0,"strefa":"30-50 m","warstwa":"adresy"},"geometry":{"type":"Point","coordinates":[19.910686,49.877859]}},{"type":"Feature","properties":{"NUMER_PORZ":"343","KOD_POCZT":"32-445","NAZWA_GMI":"Myślenice","NAZWA_MSC":"Krzyszkowice","odleglosc_m":0.0,"strefa":"w śladzie","warstwa":"adresy"},"geometry":{"type":"Point","coordinates":[19.911296,49.87822]}},{"type":"Feature","properties":{"NUMER_PORZ":"675","KOD_POCZT":"32-445","NAZWA_GMI":"Myślenice","NAZWA_MSC":"Krzyszkowice","odleglosc_m":184.2,"strefa":"50-200 m","warstwa":"adresy"},"geometry":{"type":"Point","coordinates":[19.905335,49.883439]}},{"type":"Feature","properties":{"NUMER_PORZ":"696","KOD_POCZT":"32-445","NAZWA_GMI":"Myślenice","NAZWA_MSC":"Krzyszkowice","odleglosc_m":171.8,"strefa":"50-200 m","warstwa":"adresy"},"geometry":{"type":"Point","coordinates":[19.899003,49.881437]}},{"type":"Feature","properties":{"NUMER_PORZ":"671","KOD_POCZT":"32-445","NAZWA_GMI":"Myślenice","NAZWA_MSC":"Krzyszkowice","odleglosc_m":81.1,"strefa":"50-200 m","warstwa":"adresy"},"geometry":{"type":"Point","coordinates":[19.917216,49.871737]}},{"type":"Feature","properties":{"NUMER_PORZ":"197","KOD_POCZT":"32-445","NAZWA_GMI":"Myślenice","NAZWA_MSC":"Krzyszkowice","odleglosc_m":78.9,"strefa":"50-200 m","warstwa":"adresy"},"geometry":{"type":"Point","coordinates":[19.909417,49.878267]}},{"type":"Feature","properties":{"NUMER_PORZ":"8A","KOD_POCZT":"32-445","NAZWA_GMI":"Myślenice","NAZWA_MSC":"Krzyszkowice","odleglosc_m":159.1,"strefa":"50-200 m","warstwa":"adresy"},"geometry":{"type":"Point","coordinates":[19.9145,49.878669]}},{"type":"Feature","properties":{"NUMER_PORZ":"8","KOD_POCZT":"32-445","NAZWA_GMI":"Myślenice","NAZWA_MSC":"Krzyszkowice","odleglosc_m":184.6,"strefa":"50-200 m","warstwa":"adresy"},"geometry":{"type":"Point","coordinates":[19.914999,49.878713]}},{"type":"Feature","properties":{"NUMER_PORZ":"673","KOD_POCZT":"32-445","NAZWA_GMI":"Myślenice","NAZWA_MSC":"Krzyszkowice","odleglosc_m":169.2,"strefa":"50-200 m","warstwa":"adresy"},"geometry":{"type":"Point","coordinates":[19.91458,49.872772]}},{"type":"Feature","properties":{"NUMER_PORZ":"304A","KOD_POCZT":"32-445","NAZWA_GMI":"Myślenice","NAZWA_MSC":"Krzyszkowice","odleglosc_m":138.9,"strefa":"50-200 m","warstwa":"adresy"},"geometry":{"type":"Point","coordinates":[19.911475,49.880117]}},{"type":"Feature","properties":{"NUMER_PORZ":"425","KOD_POCZT":"32-445","NAZWA_GMI":"Myślenice","NAZWA_MSC":"Krzyszkowice","odleglosc_m":36.2,"strefa":"30-50 m","warstwa":"adresy"},"geometry":{"type":"Point","coordinates":[19.916537,49.873125]}},{"type":"Feature","properties":{"NUMER_PORZ":"234","KOD_POCZT":"32-445","NAZWA_GMI":"Myślenice","NAZWA_MSC":"Krzyszkowice","odleglosc_m":136.9,"strefa":"50-200 m","warstwa":"adresy"},"geometry":{"type":"Point","coordinates":[19.91631,49.871708]}},{"type":"Feature","properties":{"NUMER_PORZ":"262","KOD_POCZT":"32-445","NAZWA_GMI":"Myślenice","NAZWA_MSC":"Krzyszkowice","odleglosc_m":126.7,"strefa":"50-200 m","warstwa":"adresy"},"geometry":{"type":"Point","coordinates":[19.905911,49.882607]}},{"type":"Feature","properties":{"NUMER_PORZ":"140","KOD_POCZT":"32-445","NAZWA_GMI":"Myślenice","NAZWA_MSC":"Krzyszkowice","odleglosc_m":14.6,"strefa":"0-20 m","warstwa":"adresy"},"geometry":{"type":"Point","coordinates":[19.916068,49.87536]}},{"type":"Feature","properties":{"NUMER_PORZ":"140B","KOD_POCZT":"32-445","NAZWA_GMI":"Myślenice","NAZWA_MSC":"Krzyszkowice","odleglosc_m":0.0,"strefa":"w śladzie","warstwa":"adresy"},"geometry":{"type":"Point","coordinates":[19.915407,49.875614]}},{"type":"Feature","properties":{"NUMER_PORZ":"237","KOD_POCZT":"32-445","NAZWA_GMI":"Myślenice","NAZWA_MSC":"Krzyszkowice","odleglosc_m":167.3,"strefa":"50-200 m","warstwa":"adresy"},"geometry":{"type":"Point","coordinates":[19.913325,49.879483]}},{"type":"Feature","properties":{"NUMER_PORZ":"683","KOD_POCZT":"32-445","NAZWA_GMI":"Myślenice","NAZWA_MSC":"Krzyszkowice","odleglosc_m":0.0,"strefa":"w śladzie","warstwa":"adresy"},"geometry":{"type":"Point","coordinates":[19.900953,49.883023]}},{"type":"Feature","properties":{"NUMER_PORZ":"257","KOD_POCZT":"32-445","NAZWA_GMI":"Myślenice","NAZWA_MSC":"Krzyszkowice","odleglosc_m":15.7,"strefa":"0-20 m","warstwa":"adresy"},"geometry":{"type":"Point","coordinates":[19.900004,49.882687]}},{"type":"Feature","properties":{"NUMER_PORZ":"281","KOD_POCZT":"32-445","NAZWA_GMI":"Myślenice","NAZWA_MSC":"Krzyszkowice","odleglosc_m":125.8,"strefa":"50-200 m","warstwa":"adresy"},"geometry":{"type":"Point","coordinates":[19.91339,49.878944]}},{"type":"Feature","properties":{"NUMER_PORZ":"735","KOD_POCZT":"32-445","NAZWA_GMI":"Myślenice","NAZWA_MSC":"Krzyszkowice","odleglosc_m":100.9,"strefa":"50-200 m","warstwa":"adresy"},"geometry":{"type":"Point","coordinates":[19.908546,49.878518]}},{"type":"Feature","properties":{"NUMER_PORZ":"40","KOD_POCZT":"32-445","NAZWA_GMI":"Myślenice","NAZWA_MSC":"Krzyszkowice","odleglosc_m":157.1,"strefa":"50-200 m","warstwa":"adresy"},"geometry":{"type":"Point","coordinates":[19.913457,49.874207]}},{"type":"Feature","properties":{"NUMER_PORZ":"738","KOD_POCZT":"32-445","NAZWA_GMI":"Myślenice","NAZWA_MSC":"Krzyszkowice","odleglosc_m":27.7,"strefa":"20-30 m","warstwa":"adresy"},"geometry":{"type":"Point","coordinates":[19.917994,49.874002]}},{"type":"Feature","properties":{"NUMER_PORZ":"719","KOD_POCZT":"32-445","NAZWA_GMI":"Myślenice","NAZWA_MSC":"Krzyszkowice","odleglosc_m":0.0,"strefa":"w śladzie","warstwa":"adresy"},"geometry":{"type":"Point","coordinates":[19.915227,49.875281]}},{"type":"Feature","properties":{"NUMER_PORZ":"554","KOD_POCZT":"32-445","NAZWA_GMI":"Myślenice","NAZWA_MSC":"Krzyszkowice","odleglosc_m":56.0,"strefa":"50-200 m","warstwa":"adresy"},"geometry":{"type":"Point","coordinates":[19.902007,49.881753]}},{"type":"Feature","properties":{"NUMER_PORZ":"434","KOD_POCZT":"32-445","NAZWA_GMI":"Myślenice","NAZWA_MSC":"Krzyszkowice","odleglosc_m":195.5,"strefa":"50-200 m","warstwa":"adresy"},"geometry":{"type":"Point","coordinates":[19.914478,49.872469]}},{"type":"Feature","properties":{"NUMER_PORZ":"657","KOD_POCZT":"32-445","NAZWA_GMI":"Myślenice","NAZWA_MSC":"Krzyszkowice","odleglosc_m":144.8,"strefa":"50-200 m","warstwa":"adresy"},"geometry":{"type":"Point","coordinates":[19.916382,49.876883]}},{"type":"Feature","properties":{"NUMER_PORZ":"630","KOD_POCZT":"32-445","NAZWA_GMI":"Myślenice","NAZWA_MSC":"Krzyszkowice","odleglosc_m":0.0,"strefa":"w śladzie","warstwa":"adresy"},"geometry":{"type":"Point","coordinates":[19.901534,49.882793]}},{"type":"Feature","properties":{"NUMER_PORZ":"496","KOD_POCZT":"32-445","NAZWA_GMI":"Myślenice","NAZWA_MSC":"Krzyszkowice","odleglosc_m":116.3,"strefa":"50-200 m","warstwa":"adresy"},"geometry":{"type":"Point","coordinates":[19.916393,49.87216]}},{"type":"Feature","properties":{"NUMER_PORZ":"744A","KOD_POCZT":"32-445","NAZWA_GMI":"Myślenice","NAZWA_MSC":"Krzyszkowice","odleglosc_m":40.2,"strefa":"30-50 m","warstwa":"adresy"},"geometry":{"type":"Point","coordinates":[19.918934,49.870571]}},{"type":"Feature","properties":{"NUMER_PORZ":"53A","KOD_POCZT":"32-444","NAZWA_GMI":"Myślenice","NAZWA_MSC":"Głogoczów","odleglosc_m":95.6,"strefa":"50-200 m","warstwa":"adresy"},"geometry":{"type":"Point","coordinates":[19.875531,49.895158]}},{"type":"Feature","properties":{"NUMER_PORZ":"376","KOD_POCZT":"32-444","NAZWA_GMI":"Myślenice","NAZWA_MSC":"Głogoczów","odleglosc_m":121.9,"strefa":"50-200 m","warstwa":"adresy"},"geometry":{"type":"Point","coordinates":[19.87122,49.896275]}},{"type":"Feature","properties":{"NUMER_PORZ":"299","KOD_POCZT":"32-444","NAZWA_GMI":"Myślenice","NAZWA_MSC":"Głogoczów","odleglosc_m":150.3,"strefa":"50-200 m","warstwa":"adresy"},"geometry":{"type":"Point","coordinates":[19.871311,49.894882]}},{"type":"Feature","properties":{"NUMER_PORZ":"526","KOD_POCZT":"32-444","NAZWA_GMI":"Myślenice","NAZWA_MSC":"Głogoczów","odleglosc_m":130.0,"strefa":"50-200 m","warstwa":"adresy"},"geometry":{"type":"Point","coordinates":[19.869585,49.900707]}},{"type":"Feature","properties":{"NUMER_PORZ":"857","KOD_POCZT":"32-444","NAZWA_GMI":"Myślenice","NAZWA_MSC":"Głogoczów","odleglosc_m":107.9,"strefa":"50-200 m","warstwa":"adresy"},"geometry":{"type":"Point","coordinates":[19.875066,49.896925]}},{"type":"Feature","properties":{"NUMER_PORZ":"894","KOD_POCZT":"32-444","NAZWA_GMI":"Myślenice","NAZWA_MSC":"Głogoczów","odleglosc_m":78.6,"strefa":"50-200 m","warstwa":"adresy"},"geometry":{"type":"Point","coordinates":[19.869174,49.906571]}},{"type":"Feature","properties":{"NUMER_PORZ":"116","KOD_POCZT":"32-444","NAZWA_GMI":"Myślenice","NAZWA_MSC":"Głogoczów","odleglosc_m":127.4,"strefa":"50-200 m","warstwa":"adresy"},"geometry":{"type":"Point","coordinates":[19.876328,49.894393]}},{"type":"Feature","properties":{"NUMER_PORZ":"337","KOD_POCZT":"32-444","NAZWA_GMI":"Myślenice","NAZWA_MSC":"Głogoczów","odleglosc_m":143.7,"strefa":"50-200 m","warstwa":"adresy"},"geometry":{"type":"Point","coordinates":[19.869551,49.91161]}},{"type":"Feature","properties":{"NUMER_PORZ":"1","KOD_POCZT":"32-444","NAZWA_GMI":"Myślenice","NAZWA_MSC":"Głogoczów","odleglosc_m":65.9,"strefa":"50-200 m","warstwa":"adresy"},"geometry":{"type":"Point","coordinates":[19.869452,49.9049]}},{"type":"Feature","properties":{"NUMER_PORZ":"727","KOD_POCZT":"32-444","NAZWA_GMI":"Myślenice","NAZWA_MSC":"Głogoczów","odleglosc_m":151.6,"strefa":"50-200 m","warstwa":"adresy"},"geometry":{"type":"Point","coordinates":[19.87459,49.889971]}},{"type":"Feature","properties":{"NUMER_PORZ":"779D","KOD_POCZT":"32-445","NAZWA_GMI":"Myślenice","NAZWA_MSC":"Krzyszkowice","odleglosc_m":122.8,"strefa":"50-200 m","warstwa":"adresy"},"geometry":{"type":"Point","coordinates":[19.918044,49.86991]}},{"type":"Feature","properties":{"NUMER_PORZ":"783","KOD_POCZT":"32-445","NAZWA_GMI":"Myślenice","NAZWA_MSC":"Krzyszkowice","odleglosc_m":0.0,"strefa":"w śladzie","warstwa":"adresy"},"geometry":{"type":"Point","coordinates":[19.920842,49.869634]}},{"type":"Feature","properties":{"NUMER_PORZ":"787","KOD_POCZT":"32-445","NAZWA_GMI":"Myślenice","NAZWA_MSC":"Krzyszkowice","odleglosc_m":179.7,"strefa":"50-200 m","warstwa":"adresy"},"geometry":{"type":"Point","coordinates":[19.908154,49.882229]}},{"type":"Feature","properties":{"NUMER_PORZ":"499","KOD_POCZT":"32-445","NAZWA_GMI":"Myślenice","NAZWA_MSC":"Krzyszkowice","odleglosc_m":166.1,"strefa":"50-200 m","warstwa":"adresy"},"geometry":{"type":"Point","coordinates":[19.914263,49.878904]}},{"type":"Feature","properties":{"NUMER_PORZ":"315","KOD_POCZT":"32-400","NAZWA_GMI":"Myślenice","NAZWA_MSC":"Polanka","odleglosc_m":175.6,"strefa":"50-200 m","warstwa":"adresy"},"geometry":{"type":"Point","coordinates":[19.92351,49.855676]}},{"type":"Feature","properties":{"NUMER_PORZ":"404","KOD_POCZT":"32-444","NAZWA_GMI":"Myślenice","NAZWA_MSC":"Głogoczów","odleglosc_m":111.7,"strefa":"50-200 m","warstwa":"adresy"},"geometry":{"type":"Point","coordinates":[19.870395,49.899105]}},{"type":"Feature","properties":{"NUMER_PORZ":"972","KOD_POCZT":"32-444","NAZWA_GMI":"Myślenice","NAZWA_MSC":"Głogoczów","odleglosc_m":154.1,"strefa":"50-200 m","warstwa":"adresy"},"geometry":{"type":"Point","coordinates":[19.890186,49.884064]}},{"type":"Feature","properties":{"NUMER_PORZ":"472","KOD_POCZT":"32-444","NAZWA_GMI":"Myślenice","NAZWA_MSC":"Głogoczów","odleglosc_m":85.9,"strefa":"50-200 m","warstwa":"adresy"},"geometry":{"type":"Point","coordinates":[19.873489,49.915423]}},{"type":"Feature","properties":{"NUMER_PORZ":"210","KOD_POCZT":"32-444","NAZWA_GMI":"Myślenice","NAZWA_MSC":"Głogoczów","odleglosc_m":0.0,"strefa":"w śladzie","warstwa":"adresy"},"geometry":{"type":"Point","coordinates":[19.872634,49.912784]}},{"type":"Feature","properties":{"NUMER_PORZ":"8","KOD_POCZT":"32-444","NAZWA_GMI":"Myślenice","NAZWA_MSC":"Głogoczów","odleglosc_m":51.7,"strefa":"50-200 m","warstwa":"adresy"},"geometry":{"type":"Point","coordinates":[19.873257,49.914658]}},{"type":"Feature","properties":{"NUMER_PORZ":"94","KOD_POCZT":"32-444","NAZWA_GMI":"Myślenice","NAZWA_MSC":"Głogoczów","odleglosc_m":192.9,"strefa":"50-200 m","warstwa":"adresy"},"geometry":{"type":"Point","coordinates":[19.867912,49.909279]}},{"type":"Feature","properties":{"NUMER_PORZ":"256","KOD_POCZT":"32-445","NAZWA_GMI":"Myślenice","NAZWA_MSC":"Krzyszkowice","odleglosc_m":128.7,"strefa":"50-200 m","warstwa":"adresy"},"geometry":{"type":"Point","coordinates":[19.906456,49.882401]}},{"type":"Feature","properties":{"NUMER_PORZ":"314","KOD_POCZT":"32-400","NAZWA_GMI":"Myślenice","NAZWA_MSC":"Polanka","odleglosc_m":110.4,"strefa":"50-200 m","warstwa":"adresy"},"geometry":{"type":"Point","coordinates":[19.924438,49.855678]}},{"type":"Feature","properties":{"NUMER_PORZ":"784","KOD_POCZT":"32-445","NAZWA_GMI":"Myślenice","NAZWA_MSC":"Krzyszkowice","odleglosc_m":21.0,"strefa":"20-30 m","warstwa":"adresy"},"geometry":{"type":"Point","coordinates":[19.911437,49.877583]}},{"type":"Feature","properties":{"NUMER_PORZ":"789","KOD_POCZT":"32-445","NAZWA_GMI":"Myślenice","NAZWA_MSC":"Krzyszkowice","odleglosc_m":189.4,"strefa":"50-200 m","warstwa":"adresy"},"geometry":{"type":"Point","coordinates":[19.924105,49.868942]}},{"type":"Feature","properties":{"NUMER_PORZ":"158","KOD_POCZT":"32-445","NAZWA_GMI":"Myślenice","NAZWA_MSC":"Krzyszkowice","odleglosc_m":19.1,"strefa":"0-20 m","warstwa":"adresy"},"geometry":{"type":"Point","coordinates":[19.898477,49.883122]}},{"type":"Feature","properties":{"NUMER_PORZ":"17","KOD_POCZT":"32-444","NAZWA_GMI":"Myślenice","NAZWA_MSC":"Głogoczów","odleglosc_m":93.8,"strefa":"50-200 m","warstwa":"adresy"},"geometry":{"type":"Point","coordinates":[19.875663,49.894775]}},{"type":"Feature","properties":{"NUMER_PORZ":"53","KOD_POCZT":"32-444","NAZWA_GMI":"Myślenice","NAZWA_MSC":"Głogoczów","odleglosc_m":112.8,"strefa":"50-200 m","warstwa":"adresy"},"geometry":{"type":"Point","coordinates":[19.875809,49.895085]}},{"type":"Feature","properties":{"NUMER_PORZ":"624","KOD_POCZT":"32-444","NAZWA_GMI":"Myślenice","NAZWA_MSC":"Głogoczów","odleglosc_m":180.5,"strefa":"50-200 m","warstwa":"adresy"},"geometry":{"type":"Point","coordinates":[19.890453,49.883736]}},{"type":"Feature","properties":{"NUMER_PORZ":"532","KOD_POCZT":"32-444","NAZWA_GMI":"Myślenice","NAZWA_MSC":"Głogoczów","odleglosc_m":158.4,"strefa":"50-200 m","warstwa":"adresy"},"geometry":{"type":"Point","coordinates":[19.869294,49.900375]}},{"type":"Feature","properties":{"NUMER_PORZ":"325A","KOD_POCZT":"32-444","NAZWA_GMI":"Myślenice","NAZWA_MSC":"Głogoczów","odleglosc_m":166.9,"strefa":"50-200 m","warstwa":"adresy"},"geometry":{"type":"Point","coordinates":[19.875347,49.898555]}},{"type":"Feature","properties":{"NUMER_PORZ":"314","KOD_POCZT":"32-445","NAZWA_GMI":"Myślenice","NAZWA_MSC":"Krzyszkowice","odleglosc_m":55.5,"strefa":"50-200 m","warstwa":"adresy"},"geometry":{"type":"Point","coordinates":[19.911856,49.878968]}},{"type":"Feature","properties":{"NUMER_PORZ":"257a","KOD_POCZT":"32-445","NAZWA_GMI":"Myślenice","NAZWA_MSC":"Krzyszkowice","odleglosc_m":30.9,"strefa":"30-50 m","warstwa":"adresy"},"geometry":{"type":"Point","coordinates":[19.900077,49.882518]}},{"type":"Feature","properties":{"NUMER_PORZ":"448","KOD_POCZT":"32-445","NAZWA_GMI":"Myślenice","NAZWA_MSC":"Krzyszkowice","odleglosc_m":123.9,"strefa":"50-200 m","warstwa":"adresy"},"geometry":{"type":"Point","coordinates":[19.917166,49.871009]}},{"type":"Feature","properties":{"NUMER_PORZ":"427","KOD_POCZT":"32-445","NAZWA_GMI":"Myślenice","NAZWA_MSC":"Krzyszkowice","odleglosc_m":14.3,"strefa":"0-20 m","warstwa":"adresy"},"geometry":{"type":"Point","coordinates":[19.919371,49.870421]}},{"type":"Feature","properties":{"NUMER_PORZ":"41","KOD_POCZT":"32-445","NAZWA_GMI":"Myślenice","NAZWA_MSC":"Krzyszkowice","odleglosc_m":0.0,"strefa":"w śladzie","warstwa":"adresy"},"geometry":{"type":"Point","coordinates":[19.915979,49.874344]}},{"type":"Feature","properties":{"NUMER_PORZ":"356","KOD_POCZT":"32-444","NAZWA_GMI":"Myślenice","NAZWA_MSC":"Głogoczów","odleglosc_m":114.7,"strefa":"50-200 m","warstwa":"adresy"},"geometry":{"type":"Point","coordinates":[19.879586,49.890668]}},{"type":"Feature","properties":{"NUMER_PORZ":"993","KOD_POCZT":"32-444","NAZWA_GMI":"Myślenice","NAZWA_MSC":"Głogoczów","odleglosc_m":119.7,"strefa":"50-200 m","warstwa":"adresy"},"geometry":{"type":"Point","coordinates":[19.873459,49.891716]}},{"type":"Feature","properties":{"NUMER_PORZ":"853","KOD_POCZT":"32-444","NAZWA_GMI":"Myślenice","NAZWA_MSC":"Głogoczów","odleglosc_m":185.2,"strefa":"50-200 m","warstwa":"adresy"},"geometry":{"type":"Point","coordinates":[19.870166,49.896713]}},{"type":"Feature","properties":{"NUMER_PORZ":"97","KOD_POCZT":"32-444","NAZWA_GMI":"Myślenice","NAZWA_MSC":"Głogoczów","odleglosc_m":79.9,"strefa":"50-200 m","warstwa":"adresy"},"geometry":{"type":"Point","coordinates":[19.878097,49.88852]}},{"type":"Feature","properties":{"NUMER_PORZ":"411","KOD_POCZT":"32-444","NAZWA_GMI":"Myślenice","NAZWA_MSC":"Głogoczów","odleglosc_m":43.7,"strefa":"30-50 m","warstwa":"adresy"},"geometry":{"type":"Point","coordinates":[19.875542,49.890784]}},{"type":"Feature","properties":{"NUMER_PORZ":"136","KOD_POCZT":"32-444","NAZWA_GMI":"Myślenice","NAZWA_MSC":"Głogoczów","odleglosc_m":70.2,"strefa":"50-200 m","warstwa":"adresy"},"geometry":{"type":"Point","coordinates":[19.875986,49.890005]}},{"type":"Feature","properties":{"NUMER_PORZ":"738","KOD_POCZT":"32-444","NAZWA_GMI":"Myślenice","NAZWA_MSC":"Głogoczów","odleglosc_m":31.8,"strefa":"30-50 m","warstwa":"adresy"},"geometry":{"type":"Point","coordinates":[19.876275,49.890327]}},{"type":"Feature","properties":{"NUMER_PORZ":"277","KOD_POCZT":"32-444","NAZWA_GMI":"Myślenice","NAZWA_MSC":"Głogoczów","odleglosc_m":186.2,"strefa":"50-200 m","warstwa":"adresy"},"geometry":{"type":"Point","coordinates":[19.882011,49.885916]}},{"type":"Feature","properties":{"NUMER_PORZ":"630","KOD_POCZT":"32-444","NAZWA_GMI":"Myślenice","NAZWA_MSC":"Głogoczów","odleglosc_m":47.2,"strefa":"30-50 m","warstwa":"adresy"},"geometry":{"type":"Point","coordinates":[19.871882,49.897451]}},{"type":"Feature","properties":{"NUMER_PORZ":"584","KOD_POCZT":"32-444","NAZWA_GMI":"Myślenice","NAZWA_MSC":"Głogoczów","odleglosc_m":51.3,"strefa":"50-200 m","warstwa":"adresy"},"geometry":{"type":"Point","coordinates":[19.871928,49.897145]}},{"type":"Feature","properties":{"NUMER_PORZ":"422","KOD_POCZT":"32-444","NAZWA_GMI":"Myślenice","NAZWA_MSC":"Głogoczów","odleglosc_m":151.9,"strefa":"50-200 m","warstwa":"adresy"},"geometry":{"type":"Point","coordinates":[19.870403,49.897405]}},{"type":"Feature","properties":{"NUMER_PORZ":"670","KOD_POCZT":"32-444","NAZWA_GMI":"Myślenice","NAZWA_MSC":"Głogoczów","odleglosc_m":191.2,"strefa":"50-200 m","warstwa":"adresy"},"geometry":{"type":"Point","coordinates":[19.878194,49.919944]}},{"type":"Feature","properties":{"NUMER_PORZ":"165","KOD_POCZT":"32-444","NAZWA_GMI":"Myślenice","NAZWA_MSC":"Głogoczów","odleglosc_m":14.1,"strefa":"0-20 m","warstwa":"adresy"},"geometry":{"type":"Point","coordinates":[19.871458,49.908189]}},{"type":"Feature","properties":{"NUMER_PORZ":"69","KOD_POCZT":"32-444","NAZWA_GMI":"Myślenice","NAZWA_MSC":"Głogoczów","odleglosc_m":115.0,"strefa":"50-200 m","warstwa":"adresy"},"geometry":{"type":"Point","coordinates":[19.869235,49.909941]}},{"type":"Feature","properties":{"NUMER_PORZ":"276","KOD_POCZT":"32-444","NAZWA_GMI":"Myślenice","NAZWA_MSC":"Głogoczów","odleglosc_m":52.1,"strefa":"50-200 m","warstwa":"adresy"},"geometry":{"type":"Point","coordinates":[19.873001,49.914402]}},{"type":"Feature","properties":{"NUMER_PORZ":"341","KOD_POCZT":"32-444","NAZWA_GMI":"Myślenice","NAZWA_MSC":"Głogoczów","odleglosc_m":186.5,"strefa":"50-200 m","warstwa":"adresy"},"geometry":{"type":"Point","coordinates":[19.867829,49.908511]}},{"type":"Feature","properties":{"NUMER_PORZ":"77","KOD_POCZT":"32-444","NAZWA_GMI":"Myślenice","NAZWA_MSC":"Głogoczów","odleglosc_m":126.9,"strefa":"50-200 m","warstwa":"adresy"},"geometry":{"type":"Point","coordinates":[19.87565,49.896032]}},{"type":"Feature","properties":{"NUMER_PORZ":"440","KOD_POCZT":"32-444","NAZWA_GMI":"Myślenice","NAZWA_MSC":"Głogoczów","odleglosc_m":78.8,"strefa":"50-200 m","warstwa":"adresy"},"geometry":{"type":"Point","coordinates":[19.869206,49.905543]}},{"type":"Feature","properties":{"NUMER_PORZ":"205","KOD_POCZT":"32-444","NAZWA_GMI":"Myślenice","NAZWA_MSC":"Głogoczów","odleglosc_m":129.1,"strefa":"50-200 m","warstwa":"adresy"},"geometry":{"type":"Point","coordinates":[19.868508,49.905487]}},{"type":"Feature","properties":{"NUMER_PORZ":"2","KOD_POCZT":"32-444","NAZWA_GMI":"Myślenice","NAZWA_MSC":"Głogoczów","odleglosc_m":24.9,"strefa":"20-30 m","warstwa":"adresy"},"geometry":{"type":"Point","coordinates":[19.870231,49.903697]}},{"type":"Feature","properties":{"NUMER_PORZ":"688","KOD_POCZT":"32-444","NAZWA_GMI":"Myślenice","NAZWA_MSC":"Głogoczów","odleglosc_m":179.7,"strefa":"50-200 m","warstwa":"adresy"},"geometry":{"type":"Point","coordinates":[19.87088,49.894909]}},{"type":"Feature","properties":{"NUMER_PORZ":"765","KOD_POCZT":"32-445","NAZWA_GMI":"Myślenice","NAZWA_MSC":"Krzyszkowice","odleglosc_m":115.9,"strefa":"50-200 m","warstwa":"adresy"},"geometry":{"type":"Point","coordinates":[19.916535,49.871846]}},{"type":"Feature","properties":{"NUMER_PORZ":"629","KOD_POCZT":"32-444","NAZWA_GMI":"Myślenice","NAZWA_MSC":"Głogoczów","odleglosc_m":58.3,"strefa":"50-200 m","warstwa":"adresy"},"geometry":{"type":"Point","coordinates":[19.879606,49.88995]}},{"type":"Feature","properties":{"NUMER_PORZ":"1020","KOD_POCZT":"32-444","NAZWA_GMI":"Myślenice","NAZWA_MSC":"Głogoczów","odleglosc_m":174.4,"strefa":"50-200 m","warstwa":"adresy"},"geometry":{"type":"Point","coordinates":[19.888008,49.888366]}},{"type":"Feature","properties":{"NUMER_PORZ":"333","KOD_POCZT":"32-444","NAZWA_GMI":"Myślenice","NAZWA_MSC":"Głogoczów","odleglosc_m":135.8,"strefa":"50-200 m","warstwa":"adresy"},"geometry":{"type":"Point","coordinates":[19.88303,49.921751]}},{"type":"Feature","properties":{"NUMER_PORZ":"389","KOD_POCZT":"32-444","NAZWA_GMI":"Myślenice","NAZWA_MSC":"Głogoczów","odleglosc_m":190.8,"strefa":"50-200 m","warstwa":"adresy"},"geometry":{"type":"Point","coordinates":[19.878766,49.920239]}},{"type":"Feature","properties":{"NUMER_PORZ":"619","KOD_POCZT":"32-444","NAZWA_GMI":"Myślenice","NAZWA_MSC":"Głogoczów","odleglosc_m":133.6,"strefa":"50-200 m","warstwa":"adresy"},"geometry":{"type":"Point","coordinates":[19.872902,49.90622]}},{"type":"Feature","properties":{"NUMER_PORZ":"285","KOD_POCZT":"32-444","NAZWA_GMI":"Myślenice","NAZWA_MSC":"Głogoczów","odleglosc_m":48.3,"strefa":"30-50 m","warstwa":"adresy"},"geometry":{"type":"Point","coordinates":[19.874493,49.915739]}},{"type":"Feature","properties":{"NUMER_PORZ":"62A","KOD_POCZT":"32-444","NAZWA_GMI":"Myślenice","NAZWA_MSC":"Głogoczów","odleglosc_m":154.2,"strefa":"50-200 m","warstwa":"adresy"},"geometry":{"type":"Point","coordinates":[19.875806,49.896692]}},{"type":"Feature","properties":{"NUMER_PORZ":"391A","KOD_POCZT":"32-444","NAZWA_GMI":"Myślenice","NAZWA_MSC":"Głogoczów","odleglosc_m":197.9,"strefa":"50-200 m","warstwa":"adresy"},"geometry":{"type":"Point","coordinates":[19.869001,49.899585]}},{"type":"Feature","properties":{"NUMER_PORZ":"610","KOD_POCZT":"32-444","NAZWA_GMI":"Myślenice","NAZWA_MSC":"Głogoczów","odleglosc_m":156.9,"strefa":"50-200 m","warstwa":"adresy"},"geometry":{"type":"Point","coordinates":[19.876125,49.895908]}},{"type":"Feature","properties":{"NUMER_PORZ":"166","KOD_POCZT":"32-444","NAZWA_GMI":"Myślenice","NAZWA_MSC":"Głogoczów","odleglosc_m":177.9,"strefa":"50-200 m","warstwa":"adresy"},"geometry":{"type":"Point","coordinates":[19.870803,49.895191]}},{"type":"Feature","properties":{"NUMER_PORZ":"236","KOD_POCZT":"32-444","NAZWA_GMI":"Myślenice","NAZWA_MSC":"Głogoczów","odleglosc_m":98.4,"strefa":"50-200 m","warstwa":"adresy"},"geometry":{"type":"Point","coordinates":[19.870035,49.900712]}},{"type":"Feature","properties":{"NUMER_PORZ":"455","KOD_POCZT":"32-444","NAZWA_GMI":"Myślenice","NAZWA_MSC":"Głogoczów","odleglosc_m":157.8,"strefa":"50-200 m","warstwa":"adresy"},"geometry":{"type":"Point","coordinates":[19.875726,49.897078]}},{"type":"Feature","properties":{"NUMER_PORZ":"718","KOD_POCZT":"32-445","NAZWA_GMI":"Myślenice","NAZWA_MSC":"Krzyszkowice","odleglosc_m":17.0,"strefa":"0-20 m","warstwa":"adresy"},"geometry":{"type":"Point","coordinates":[19.901331,49.883305]}},{"type":"Feature","properties":{"NUMER_PORZ":"392","KOD_POCZT":"32-445","NAZWA_GMI":"Myślenice","NAZWA_MSC":"Krzyszkowice","odleglosc_m":6.9,"strefa":"0-20 m","warstwa":"adresy"},"geometry":{"type":"Point","coordinates":[19.901677,49.883085]}},{"type":"Feature","properties":{"NUMER_PORZ":"406","KOD_POCZT":"32-444","NAZWA_GMI":"Myślenice","NAZWA_MSC":"Głogoczów","odleglosc_m":150.1,"strefa":"50-200 m","warstwa":"adresy"},"geometry":{"type":"Point","coordinates":[19.87596,49.896092]}},{"type":"Feature","properties":{"NUMER_PORZ":"395","KOD_POCZT":"32-444","NAZWA_GMI":"Myślenice","NAZWA_MSC":"Głogoczów","odleglosc_m":33.7,"strefa":"30-50 m","warstwa":"adresy"},"geometry":{"type":"Point","coordinates":[19.877597,49.889358]}},{"type":"Feature","properties":{"NUMER_PORZ":"753","KOD_POCZT":"32-444","NAZWA_GMI":"Myślenice","NAZWA_MSC":"Głogoczów","odleglosc_m":112.4,"strefa":"50-200 m","warstwa":"adresy"},"geometry":{"type":"Point","coordinates":[19.87482,49.890372]}},{"type":"Feature","properties":{"NUMER_PORZ":"597","KOD_POCZT":"32-444","NAZWA_GMI":"Myślenice","NAZWA_MSC":"Głogoczów","odleglosc_m":176.3,"strefa":"50-200 m","warstwa":"adresy"},"geometry":{"type":"Point","coordinates":[19.867771,49.906838]}},{"type":"Feature","properties":{"NUMER_PORZ":"1004","KOD_POCZT":"32-444","NAZWA_GMI":"Myślenice","NAZWA_MSC":"Głogoczów","odleglosc_m":12.0,"strefa":"0-20 m","warstwa":"adresy"},"geometry":{"type":"Point","coordinates":[19.887898,49.886872]}},{"type":"Feature","properties":{"NUMER_PORZ":"46","KOD_POCZT":"32-444","NAZWA_GMI":"Myślenice","NAZWA_MSC":"Głogoczów","odleglosc_m":42.9,"strefa":"30-50 m","warstwa":"adresy"},"geometry":{"type":"Point","coordinates":[19.883204,49.888266]}},{"type":"Feature","properties":{"NUMER_PORZ":"423","KOD_POCZT":"32-444","NAZWA_GMI":"Myślenice","NAZWA_MSC":"Głogoczów","odleglosc_m":85.4,"strefa":"50-200 m","warstwa":"adresy"},"geometry":{"type":"Point","coordinates":[19.874286,49.891369]}},{"type":"Feature","properties":{"NUMER_PORZ":"88","KOD_POCZT":"32-444","NAZWA_GMI":"Myślenice","NAZWA_MSC":"Głogoczów","odleglosc_m":183.2,"strefa":"50-200 m","warstwa":"adresy"},"geometry":{"type":"Point","coordinates":[19.871704,49.892939]}},{"type":"Feature","properties":{"NUMER_PORZ":"104","KOD_POCZT":"32-444","NAZWA_GMI":"Myślenice","NAZWA_MSC":"Głogoczów","odleglosc_m":173.5,"strefa":"50-200 m","warstwa":"adresy"},"geometry":{"type":"Point","coordinates":[19.883006,49.885723]}},{"type":"Feature","properties":{"NUMER_PORZ":"405","KOD_POCZT":"32-444","NAZWA_GMI":"Myślenice","NAZWA_MSC":"Głogoczów","odleglosc_m":17.4,"strefa":"0-20 m","warstwa":"adresy"},"geometry":{"type":"Point","coordinates":[19.887856,49.88592]}},{"type":"Feature","properties":{"NUMER_PORZ":"661","KOD_POCZT":"32-444","NAZWA_GMI":"Myślenice","NAZWA_MSC":"Głogoczów","odleglosc_m":54.1,"strefa":"50-200 m","warstwa":"adresy"},"geometry":{"type":"Point","coordinates":[19.873508,49.914953]}},{"type":"Feature","properties":{"NUMER_PORZ":"396","KOD_POCZT":"32-444","NAZWA_GMI":"Myślenice","NAZWA_MSC":"Głogoczów","odleglosc_m":132.9,"strefa":"50-200 m","warstwa":"adresy"},"geometry":{"type":"Point","coordinates":[19.874541,49.899495]}},{"type":"Feature","properties":{"NUMER_PORZ":"474","KOD_POCZT":"32-444","NAZWA_GMI":"Myślenice","NAZWA_MSC":"Głogoczów","odleglosc_m":83.6,"strefa":"50-200 m","warstwa":"adresy"},"geometry":{"type":"Point","coordinates":[19.873321,49.901007]}},{"type":"Feature","properties":{"NUMER_PORZ":"361","KOD_POCZT":"32-444","NAZWA_GMI":"Myślenice","NAZWA_MSC":"Głogoczów","odleglosc_m":15.1,"strefa":"0-20 m","warstwa":"adresy"},"geometry":{"type":"Point","coordinates":[19.872011,49.902049]}},{"type":"Feature","properties":{"NUMER_PORZ":"103","KOD_POCZT":"32-444","NAZWA_GMI":"Myślenice","NAZWA_MSC":"Głogoczów","odleglosc_m":2.7,"strefa":"0-20 m","warstwa":"adresy"},"geometry":{"type":"Point","coordinates":[19.871648,49.902709]}},{"type":"Feature","properties":{"NUMER_PORZ":"326","KOD_POCZT":"32-444","NAZWA_GMI":"Myślenice","NAZWA_MSC":"Głogoczów","odleglosc_m":82.0,"strefa":"50-200 m","warstwa":"adresy"},"geometry":{"type":"Point","coordinates":[19.872056,49.895518]}},{"type":"Feature","properties":{"NUMER_PORZ":"1036","KOD_POCZT":"32-444","NAZWA_GMI":"Myślenice","NAZWA_MSC":"Głogoczów","odleglosc_m":55.4,"strefa":"50-200 m","warstwa":"adresy"},"geometry":{"type":"Point","coordinates":[19.877183,49.917731]}},{"type":"Feature","properties":{"NUMER_PORZ":"821","KOD_POCZT":"32-444","NAZWA_GMI":"Myślenice","NAZWA_MSC":"Głogoczów","odleglosc_m":136.1,"strefa":"50-200 m","warstwa":"adresy"},"geometry":{"type":"Point","coordinates":[19.879117,49.891261]}},{"type":"Feature","properties":{"NUMER_PORZ":"180","KOD_POCZT":"32-444","NAZWA_GMI":"Myślenice","NAZWA_MSC":"Głogoczów","odleglosc_m":95.2,"strefa":"50-200 m","warstwa":"adresy"},"geometry":{"type":"Point","coordinates":[19.882547,49.921054]}},{"type":"Feature","properties":{"NUMER_PORZ":"562A","KOD_POCZT":"32-444","NAZWA_GMI":"Myślenice","NAZWA_MSC":"Głogoczów","odleglosc_m":71.3,"strefa":"50-200 m","warstwa":"adresy"},"geometry":{"type":"Point","coordinates":[19.871712,49.896942]}},{"type":"Feature","properties":{"NUMER_PORZ":"335","KOD_POCZT":"32-445","NAZWA_GMI":"Myślenice","NAZWA_MSC":"Krzyszkowice","odleglosc_m":197.3,"strefa":"50-200 m","warstwa":"adresy"},"geometry":{"type":"Point","coordinates":[19.910146,49.876124]}},{"type":"Feature","properties":{"NUMER_PORZ":"10A","KOD_POCZT":"32-445","NAZWA_GMI":"Myślenice","NAZWA_MSC":"Krzyszkowice","odleglosc_m":0.0,"strefa":"w śladzie","warstwa":"adresy"},"geometry":{"type":"Point","coordinates":[19.909455,49.87924]}},{"type":"Feature","properties":{"NUMER_PORZ":"288","KOD_POCZT":"32-445","NAZWA_GMI":"Myślenice","NAZWA_MSC":"Krzyszkowice","odleglosc_m":162.5,"strefa":"50-200 m","warstwa":"adresy"},"geometry":{"type":"Point","coordinates":[19.917689,49.876183]}},{"type":"Feature","properties":{"NUMER_PORZ":"13","KOD_POCZT":"32-445","NAZWA_GMI":"Myślenice","NAZWA_MSC":"Krzyszkowice","odleglosc_m":144.8,"strefa":"50-200 m","warstwa":"adresy"},"geometry":{"type":"Point","coordinates":[19.910046,49.876915]}},{"type":"Feature","properties":{"NUMER_PORZ":"784","KOD_POCZT":"32-444","NAZWA_GMI":"Myślenice","NAZWA_MSC":"Głogoczów","odleglosc_m":37.1,"strefa":"30-50 m","warstwa":"adresy"},"geometry":{"type":"Point","coordinates":[19.872843,49.89512]}},{"type":"Feature","properties":{"NUMER_PORZ":"266","KOD_POCZT":"32-444","NAZWA_GMI":"Myślenice","NAZWA_MSC":"Głogoczów","odleglosc_m":166.3,"strefa":"50-200 m","warstwa":"adresy"},"geometry":{"type":"Point","coordinates":[19.890286,49.887801]}},{"type":"Feature","properties":{"NUMER_PORZ":"107","KOD_POCZT":"32-444","NAZWA_GMI":"Myślenice","NAZWA_MSC":"Głogoczów","odleglosc_m":121.0,"strefa":"50-200 m","warstwa":"adresy"},"geometry":{"type":"Point","coordinates":[19.885932,49.888283]}},{"type":"Feature","properties":{"NUMER_PORZ":"122","KOD_POCZT":"32-444","NAZWA_GMI":"Myślenice","NAZWA_MSC":"Głogoczów","odleglosc_m":67.7,"strefa":"50-200 m","warstwa":"adresy"},"geometry":{"type":"Point","coordinates":[19.871233,49.912519]}},{"type":"Feature","properties":{"NUMER_PORZ":"477","KOD_POCZT":"32-444","NAZWA_GMI":"Myślenice","NAZWA_MSC":"Głogoczów","odleglosc_m":121.8,"strefa":"50-200 m","warstwa":"adresy"},"geometry":{"type":"Point","coordinates":[19.870124,49.899475]}},{"type":"Feature","properties":{"NUMER_PORZ":"641","KOD_POCZT":"32-444","NAZWA_GMI":"Myślenice","NAZWA_MSC":"Głogoczów","odleglosc_m":107.5,"strefa":"50-200 m","warstwa":"adresy"},"geometry":{"type":"Point","coordinates":[19.875525,49.889841]}},{"type":"Feature","properties":{"NUMER_PORZ":"328","KOD_POCZT":"32-444","NAZWA_GMI":"Myślenice","NAZWA_MSC":"Głogoczów","odleglosc_m":190.3,"strefa":"50-200 m","warstwa":"adresy"},"geometry":{"type":"Point","coordinates":[19.867886,49.909006]}},{"type":"Feature","properties":{"NUMER_PORZ":"538","KOD_POCZT":"32-444","NAZWA_GMI":"Myślenice","NAZWA_MSC":"Głogoczów","odleglosc_m":118.9,"strefa":"50-200 m","warstwa":"adresy"},"geometry":{"type":"Point","coordinates":[19.875799,49.89532]}},{"type":"Feature","properties":{"NUMER_PORZ":"30","KOD_POCZT":"32-444","NAZWA_GMI":"Myślenice","NAZWA_MSC":"Głogoczów","odleglosc_m":26.7,"strefa":"20-30 m","warstwa":"adresy"},"geometry":{"type":"Point","coordinates":[19.878336,49.918069]}},{"type":"Feature","properties":{"NUMER_PORZ":"746A","KOD_POCZT":"32-444","NAZWA_GMI":"Myślenice","NAZWA_MSC":"Głogoczów","odleglosc_m":71.8,"strefa":"50-200 m","warstwa":"adresy"},"geometry":{"type":"Point","coordinates":[19.872234,49.904375]}},{"type":"Feature","properties":{"NUMER_PORZ":"441","KOD_POCZT":"32-444","NAZWA_GMI":"Myślenice","NAZWA_MSC":"Głogoczów","odleglosc_m":92.8,"strefa":"50-200 m","warstwa":"adresy"},"geometry":{"type":"Point","coordinates":[19.878959,49.890799]}},{"type":"Feature","properties":{"NUMER_PORZ":"401","KOD_POCZT":"32-444","NAZWA_GMI":"Myślenice","NAZWA_MSC":"Głogoczów","odleglosc_m":123.2,"strefa":"50-200 m","warstwa":"adresy"},"geometry":{"type":"Point","coordinates":[19.87423,49.900003]}},{"type":"Feature","properties":{"NUMER_PORZ":"110A","KOD_POCZT":"32-445","NAZWA_GMI":"Myślenice","NAZWA_MSC":"Krzyszkowice","odleglosc_m":133.2,"strefa":"50-200 m","warstwa":"adresy"},"geometry":{"type":"Point","coordinates":[19.909624,49.877382]}},{"type":"Feature","properties":{"NUMER_PORZ":"110","KOD_POCZT":"32-445","NAZWA_GMI":"Myślenice","NAZWA_MSC":"Krzyszkowice","odleglosc_m":128.0,"strefa":"50-200 m","warstwa":"adresy"},"geometry":{"type":"Point","coordinates":[19.90975,49.877363]}},{"type":"Feature","properties":{"NUMER_PORZ":"573","KOD_POCZT":"32-445","NAZWA_GMI":"Myślenice","NAZWA_MSC":"Krzyszkowice","odleglosc_m":128.0,"strefa":"50-200 m","warstwa":"adresy"},"geometry":{"type":"Point","coordinates":[19.910768,49.876635]}},{"type":"Feature","properties":{"NUMER_PORZ":"355","KOD_POCZT":"32-444","NAZWA_GMI":"Myślenice","NAZWA_MSC":"Głogoczów","odleglosc_m":50.7,"strefa":"50-200 m","warstwa":"adresy"},"geometry":{"type":"Point","coordinates":[19.878243,49.890739]}},{"type":"Feature","properties":{"NUMER_PORZ":"106","KOD_POCZT":"32-444","NAZWA_GMI":"Myślenice","NAZWA_MSC":"Głogoczów","odleglosc_m":104.8,"strefa":"50-200 m","warstwa":"adresy"},"geometry":{"type":"Point","coordinates":[19.87923,49.890769]}},{"type":"Feature","properties":{"NUMER_PORZ":"493","KOD_POCZT":"32-444","NAZWA_GMI":"Myślenice","NAZWA_MSC":"Głogoczów","odleglosc_m":58.8,"strefa":"50-200 m","warstwa":"adresy"},"geometry":{"type":"Point","coordinates":[19.884854,49.888044]}},{"type":"Feature","properties":{"NUMER_PORZ":"514","KOD_POCZT":"32-444","NAZWA_GMI":"Myślenice","NAZWA_MSC":"Głogoczów","odleglosc_m":129.2,"strefa":"50-200 m","warstwa":"adresy"},"geometry":{"type":"Point","coordinates":[19.885305,49.888606]}},{"type":"Feature","properties":{"NUMER_PORZ":"326A","KOD_POCZT":"32-444","NAZWA_GMI":"Myślenice","NAZWA_MSC":"Głogoczów","odleglosc_m":117.0,"strefa":"50-200 m","warstwa":"adresy"},"geometry":{"type":"Point","coordinates":[19.871678,49.895182]}},{"type":"Feature","properties":{"NUMER_PORZ":"416","KOD_POCZT":"32-444","NAZWA_GMI":"Myślenice","NAZWA_MSC":"Głogoczów","odleglosc_m":196.6,"strefa":"50-200 m","warstwa":"adresy"},"geometry":{"type":"Point","coordinates":[19.873848,49.889947]}},{"type":"Feature","properties":{"NUMER_PORZ":"447","KOD_POCZT":"32-444","NAZWA_GMI":"Myślenice","NAZWA_MSC":"Głogoczów","odleglosc_m":197.7,"strefa":"50-200 m","warstwa":"adresy"},"geometry":{"type":"Point","coordinates":[19.877484,49.919631]}},{"type":"Feature","properties":{"NUMER_PORZ":"45","KOD_POCZT":"32-445","NAZWA_GMI":"Myślenice","NAZWA_MSC":"Krzyszkowice","odleglosc_m":159.2,"strefa":"50-200 m","warstwa":"adresy"},"geometry":{"type":"Point","coordinates":[19.916951,49.876669]}},{"type":"Feature","properties":{"NUMER_PORZ":"49","KOD_POCZT":"32-445","NAZWA_GMI":"Myślenice","NAZWA_MSC":"Krzyszkowice","odleglosc_m":112.5,"strefa":"50-200 m","warstwa":"adresy"},"geometry":{"type":"Point","coordinates":[19.915842,49.876895]}},{"type":"Feature","properties":{"NUMER_PORZ":"710","KOD_POCZT":"32-444","NAZWA_GMI":"Myślenice","NAZWA_MSC":"Głogoczów","odleglosc_m":60.8,"strefa":"50-200 m","warstwa":"adresy"},"geometry":{"type":"Point","coordinates":[19.879211,49.89023]}},{"type":"Feature","properties":{"NUMER_PORZ":"446","KOD_POCZT":"32-444","NAZWA_GMI":"Myślenice","NAZWA_MSC":"Głogoczów","odleglosc_m":0.0,"strefa":"w śladzie","warstwa":"adresy"},"geometry":{"type":"Point","coordinates":[19.876895,49.890568]}},{"type":"Feature","properties":{"NUMER_PORZ":"400","KOD_POCZT":"32-444","NAZWA_GMI":"Myślenice","NAZWA_MSC":"Głogoczów","odleglosc_m":115.6,"strefa":"50-200 m","warstwa":"adresy"},"geometry":{"type":"Point","coordinates":[19.890454,49.884367]}},{"type":"Feature","properties":{"NUMER_PORZ":"705","KOD_POCZT":"32-444","NAZWA_GMI":"Myślenice","NAZWA_MSC":"Głogoczów","odleglosc_m":92.3,"strefa":"50-200 m","warstwa":"adresy"},"geometry":{"type":"Point","coordinates":[19.872296,49.894493]}},{"type":"Feature","properties":{"NUMER_PORZ":"1001","KOD_POCZT":"32-444","NAZWA_GMI":"Myślenice","NAZWA_MSC":"Głogoczów","odleglosc_m":102.2,"strefa":"50-200 m","warstwa":"adresy"},"geometry":{"type":"Point","coordinates":[19.874855,49.897304]}},{"type":"Feature","properties":{"NUMER_PORZ":"632A","KOD_POCZT":"32-444","NAZWA_GMI":"Myślenice","NAZWA_MSC":"Głogoczów","odleglosc_m":0.0,"strefa":"w śladzie","warstwa":"adresy"},"geometry":{"type":"Point","coordinates":[19.888775,49.886303]}},{"type":"Feature","properties":{"NUMER_PORZ":"414","KOD_POCZT":"32-444","NAZWA_GMI":"Myślenice","NAZWA_MSC":"Głogoczów","odleglosc_m":0.0,"strefa":"w śladzie","warstwa":"adresy"},"geometry":{"type":"Point","coordinates":[19.875533,49.915686]}},{"type":"Feature","properties":{"NUMER_PORZ":"726","KOD_POCZT":"32-444","NAZWA_GMI":"Myślenice","NAZWA_MSC":"Głogoczów","odleglosc_m":137.6,"strefa":"50-200 m","warstwa":"adresy"},"geometry":{"type":"Point","coordinates":[19.874911,49.88991]}},{"type":"Feature","properties":{"NUMER_PORZ":"522","KOD_POCZT":"32-444","NAZWA_GMI":"Myślenice","NAZWA_MSC":"Głogoczów","odleglosc_m":69.6,"strefa":"50-200 m","warstwa":"adresy"},"geometry":{"type":"Point","coordinates":[19.872962,49.901492]}},{"type":"Feature","properties":{"NUMER_PORZ":"464","KOD_POCZT":"32-444","NAZWA_GMI":"Myślenice","NAZWA_MSC":"Głogoczów","odleglosc_m":45.5,"strefa":"30-50 m","warstwa":"adresy"},"geometry":{"type":"Point","coordinates":[19.872568,49.901654]}},{"type":"Feature","properties":{"NUMER_PORZ":"55","KOD_POCZT":"32-444","NAZWA_GMI":"Myślenice","NAZWA_MSC":"Głogoczów","odleglosc_m":44.9,"strefa":"30-50 m","warstwa":"adresy"},"geometry":{"type":"Point","coordinates":[19.872506,49.901824]}},{"type":"Feature","properties":{"NUMER_PORZ":"216","KOD_POCZT":"32-444","NAZWA_GMI":"Myślenice","NAZWA_MSC":"Głogoczów","odleglosc_m":72.1,"strefa":"50-200 m","warstwa":"adresy"},"geometry":{"type":"Point","coordinates":[19.87236,49.908568]}},{"type":"Feature","properties":{"NUMER_PORZ":"196","KOD_POCZT":"32-444","NAZWA_GMI":"Myślenice","NAZWA_MSC":"Głogoczów","odleglosc_m":0.0,"strefa":"w śladzie","warstwa":"adresy"},"geometry":{"type":"Point","coordinates":[19.870831,49.902712]}},{"type":"Feature","properties":{"NUMER_PORZ":"469","KOD_POCZT":"32-444","NAZWA_GMI":"Myślenice","NAZWA_MSC":"Głogoczów","odleglosc_m":150.2,"strefa":"50-200 m","warstwa":"adresy"},"geometry":{"type":"Point","coordinates":[19.87553,49.897332]}},{"type":"Feature","properties":{"NUMER_PORZ":"773","KOD_POCZT":"32-445","NAZWA_GMI":"Myślenice","NAZWA_MSC":"Krzyszkowice","odleglosc_m":0.0,"strefa":"w śladzie","warstwa":"adresy"},"geometry":{"type":"Point","coordinates":[19.917412,49.873837]}},{"type":"Feature","properties":{"NUMER_PORZ":"693A","KOD_POCZT":"32-445","NAZWA_GMI":"Myślenice","NAZWA_MSC":"Krzyszkowice","odleglosc_m":139.4,"strefa":"50-200 m","warstwa":"adresy"},"geometry":{"type":"Point","coordinates":[19.923187,49.869289]}},{"type":"Feature","properties":{"NUMER_PORZ":"1071","KOD_POCZT":"32-444","NAZWA_GMI":"Myślenice","NAZWA_MSC":"Głogoczów","odleglosc_m":182.3,"strefa":"50-200 m","warstwa":"adresy"},"geometry":{"type":"Point","coordinates":[19.874321,49.902258]}},{"type":"Feature","properties":{"NUMER_PORZ":"728","KOD_POCZT":"32-444","NAZWA_GMI":"Myślenice","NAZWA_MSC":"Głogoczów","odleglosc_m":85.4,"strefa":"50-200 m","warstwa":"adresy"},"geometry":{"type":"Point","coordinates":[19.871357,49.897391]}},{"type":"Feature","properties":{"NUMER_PORZ":"321","KOD_POCZT":"32-444","NAZWA_GMI":"Myślenice","NAZWA_MSC":"Głogoczów","odleglosc_m":154.6,"strefa":"50-200 m","warstwa":"adresy"},"geometry":{"type":"Point","coordinates":[19.875511,49.897567]}},{"type":"Feature","properties":{"NUMER_PORZ":"638","KOD_POCZT":"32-444","NAZWA_GMI":"Myślenice","NAZWA_MSC":"Głogoczów","odleglosc_m":10.1,"strefa":"0-20 m","warstwa":"adresy"},"geometry":{"type":"Point","coordinates":[19.882863,49.887483]}},{"type":"Feature","properties":{"NUMER_PORZ":"1028","KOD_POCZT":"32-444","NAZWA_GMI":"Myślenice","NAZWA_MSC":"Głogoczów","odleglosc_m":143.4,"strefa":"50-200 m","warstwa":"adresy"},"geometry":{"type":"Point","coordinates":[19.874766,49.899279]}},{"type":"Feature","properties":{"NUMER_PORZ":"1054","KOD_POCZT":"32-444","NAZWA_GMI":"Myślenice","NAZWA_MSC":"Głogoczów","odleglosc_m":81.6,"strefa":"50-200 m","warstwa":"adresy"},"geometry":{"type":"Point","coordinates":[19.869133,49.906352]}},{"type":"Feature","properties":{"NUMER_PORZ":"962","KOD_POCZT":"32-444","NAZWA_GMI":"Myślenice","NAZWA_MSC":"Głogoczów","odleglosc_m":120.6,"strefa":"50-200 m","warstwa":"adresy"},"geometry":{"type":"Point","coordinates":[19.875165,49.889948]}},{"type":"Feature","properties":{"NUMER_PORZ":"980","KOD_POCZT":"32-444","NAZWA_GMI":"Myślenice","NAZWA_MSC":"Głogoczów","odleglosc_m":186.7,"strefa":"50-200 m","warstwa":"adresy"},"geometry":{"type":"Point","coordinates":[19.869225,49.899396]}},{"type":"Feature","properties":{"NUMER_PORZ":"839","KOD_POCZT":"32-444","NAZWA_GMI":"Myślenice","NAZWA_MSC":"Głogoczów","odleglosc_m":121.4,"strefa":"50-200 m","warstwa":"adresy"},"geometry":{"type":"Point","coordinates":[19.876851,49.918345]}},{"type":"Feature","properties":{"NUMER_PORZ":"743","KOD_POCZT":"32-444","NAZWA_GMI":"Myślenice","NAZWA_MSC":"Głogoczów","odleglosc_m":82.2,"strefa":"50-200 m","warstwa":"adresy"},"geometry":{"type":"Point","coordinates":[19.880259,49.889759]}},{"type":"Feature","properties":{"NUMER_PORZ":"871","KOD_POCZT":"32-444","NAZWA_GMI":"Myślenice","NAZWA_MSC":"Głogoczów","odleglosc_m":83.7,"strefa":"50-200 m","warstwa":"adresy"},"geometry":{"type":"Point","coordinates":[19.869351,49.903964]}},{"type":"Feature","properties":{"NUMER_PORZ":"527","KOD_POCZT":"32-444","NAZWA_GMI":"Myślenice","NAZWA_MSC":"Głogoczów","odleglosc_m":154.7,"strefa":"50-200 m","warstwa":"adresy"},"geometry":{"type":"Point","coordinates":[19.871463,49.894331]}},{"type":"Feature","properties":{"NUMER_PORZ":"434","KOD_POCZT":"32-444","NAZWA_GMI":"Myślenice","NAZWA_MSC":"Głogoczów","odleglosc_m":75.2,"strefa":"50-200 m","warstwa":"adresy"},"geometry":{"type":"Point","coordinates":[19.873884,49.915611]}},{"type":"Feature","properties":{"NUMER_PORZ":"3","KOD_POCZT":"32-444","NAZWA_GMI":"Myślenice","NAZWA_MSC":"Głogoczów","odleglosc_m":151.7,"strefa":"50-200 m","warstwa":"adresy"},"geometry":{"type":"Point","coordinates":[19.868867,49.910398]}},{"type":"Feature","properties":{"NUMER_PORZ":"1078","KOD_POCZT":"32-444","NAZWA_GMI":"Myślenice","NAZWA_MSC":"Głogoczów","odleglosc_m":51.3,"strefa":"50-200 m","warstwa":"adresy"},"geometry":{"type":"Point","coordinates":[19.871942,49.913167]}},{"type":"Feature","properties":{"NUMER_PORZ":"770","KOD_POCZT":"32-444","NAZWA_GMI":"Myślenice","NAZWA_MSC":"Głogoczów","odleglosc_m":48.7,"strefa":"30-50 m","warstwa":"adresy"},"geometry":{"type":"Point","coordinates":[19.872996,49.894321]}},{"type":"Feature","properties":{"NUMER_PORZ":"986","KOD_POCZT":"32-444","NAZWA_GMI":"Myślenice","NAZWA_MSC":"Głogoczów","odleglosc_m":164.5,"strefa":"50-200 m","warstwa":"adresy"},"geometry":{"type":"Point","coordinates":[19.867959,49.906664]}},{"type":"Feature","properties":{"NUMER_PORZ":"918","KOD_POCZT":"32-444","NAZWA_GMI":"Myślenice","NAZWA_MSC":"Głogoczów","odleglosc_m":0.0,"strefa":"0-20 m","warstwa":"adresy"},"geometry":{"type":"Point","coordinates":[19.871185,49.904626]}},{"type":"Feature","properties":{"NUMER_PORZ":"771","KOD_POCZT":"32-444","NAZWA_GMI":"Myślenice","NAZWA_MSC":"Głogoczów","odleglosc_m":44.6,"strefa":"30-50 m","warstwa":"adresy"},"geometry":{"type":"Point","coordinates":[19.875048,49.891257]}},{"type":"Feature","properties":{"NUMER_PORZ":"320","KOD_POCZT":"32-444","NAZWA_GMI":"Myślenice","NAZWA_MSC":"Głogoczów","odleglosc_m":88.6,"strefa":"50-200 m","warstwa":"adresy"},"geometry":{"type":"Point","coordinates":[19.874053,49.899076]}},{"type":"Feature","properties":{"NUMER_PORZ":"587","KOD_POCZT":"32-444","NAZWA_GMI":"Myślenice","NAZWA_MSC":"Głogoczów","odleglosc_m":51.8,"strefa":"50-200 m","warstwa":"adresy"},"geometry":{"type":"Point","coordinates":[19.871714,49.897749]}},{"type":"Feature","properties":{"NUMER_PORZ":"297","KOD_POCZT":"32-444","NAZWA_GMI":"Myślenice","NAZWA_MSC":"Głogoczów","odleglosc_m":154.3,"strefa":"50-200 m","warstwa":"adresy"},"geometry":{"type":"Point","coordinates":[19.876359,49.895202]}},{"type":"Feature","properties":{"NUMER_PORZ":"766","KOD_POCZT":"32-444","NAZWA_GMI":"Myślenice","NAZWA_MSC":"Głogoczów","odleglosc_m":54.2,"strefa":"50-200 m","warstwa":"adresy"},"geometry":{"type":"Point","coordinates":[19.871518,49.898217]}},{"type":"Feature","properties":{"NUMER_PORZ":"614","KOD_POCZT":"32-444","NAZWA_GMI":"Myślenice","NAZWA_MSC":"Głogoczów","odleglosc_m":149.4,"strefa":"50-200 m","warstwa":"adresy"},"geometry":{"type":"Point","coordinates":[19.869546,49.900015]}},{"type":"Feature","properties":{"NUMER_PORZ":"1083","KOD_POCZT":"32-444","NAZWA_GMI":"Myślenice","NAZWA_MSC":"Głogoczów","odleglosc_m":34.8,"strefa":"30-50 m","warstwa":"adresy"},"geometry":{"type":"Point","coordinates":[19.872893,49.913996]}},{"type":"Feature","properties":{"NUMER_PORZ":"387D","KOD_POCZT":"32-444","NAZWA_GMI":"Myślenice","NAZWA_MSC":"Głogoczów","odleglosc_m":176.7,"strefa":"50-200 m","warstwa":"adresy"},"geometry":{"type":"Point","coordinates":[19.874337,49.901956]}},{"type":"Feature","properties":{"NUMER_PORZ":"96","KOD_POCZT":"32-444","NAZWA_GMI":"Myślenice","NAZWA_MSC":"Głogoczów","odleglosc_m":135.9,"strefa":"50-200 m","warstwa":"adresy"},"geometry":{"type":"Point","coordinates":[19.88058,49.886915]}},{"type":"Feature","properties":{"NUMER_PORZ":"451","KOD_POCZT":"32-444","NAZWA_GMI":"Myślenice","NAZWA_MSC":"Głogoczów","odleglosc_m":49.4,"strefa":"30-50 m","warstwa":"adresy"},"geometry":{"type":"Point","coordinates":[19.875837,49.890433]}},{"type":"Feature","properties":{"NUMER_PORZ":"1048","KOD_POCZT":"32-444","NAZWA_GMI":"Myślenice","NAZWA_MSC":"Głogoczów","odleglosc_m":127.2,"strefa":"50-200 m","warstwa":"adresy"},"geometry":{"type":"Point","coordinates":[19.883085,49.886156]}},{"type":"Feature","properties":{"NUMER_PORZ":"760","KOD_POCZT":"32-444","NAZWA_GMI":"Myślenice","NAZWA_MSC":"Głogoczów","odleglosc_m":0.0,"strefa":"w śladzie","warstwa":"adresy"},"geometry":{"type":"Point","coordinates":[19.873647,49.913289]}},{"type":"Feature","properties":{"NUMER_PORZ":"947","KOD_POCZT":"32-444","NAZWA_GMI":"Myślenice","NAZWA_MSC":"Głogoczów","odleglosc_m":83.9,"strefa":"50-200 m","warstwa":"adresy"},"geometry":{"type":"Point","coordinates":[19.870985,49.898537]}},{"type":"Feature","properties":{"NUMER_PORZ":"572","KOD_POCZT":"32-444","NAZWA_GMI":"Myślenice","NAZWA_MSC":"Głogoczów","odleglosc_m":76.9,"strefa":"50-200 m","warstwa":"adresy"},"geometry":{"type":"Point","coordinates":[19.871357,49.897747]}},{"type":"Feature","properties":{"NUMER_PORZ":"504","KOD_POCZT":"32-444","NAZWA_GMI":"Myślenice","NAZWA_MSC":"Głogoczów","odleglosc_m":176.8,"strefa":"50-200 m","warstwa":"adresy"},"geometry":{"type":"Point","coordinates":[19.87302,49.891143]}},{"type":"Feature","properties":{"NUMER_PORZ":"602","KOD_POCZT":"32-444","NAZWA_GMI":"Myślenice","NAZWA_MSC":"Głogoczów","odleglosc_m":44.7,"strefa":"30-50 m","warstwa":"adresy"},"geometry":{"type":"Point","coordinates":[19.874704,49.891631]}},{"type":"Feature","properties":{"NUMER_PORZ":"366","KOD_POCZT":"32-444","NAZWA_GMI":"Myślenice","NAZWA_MSC":"Głogoczów","odleglosc_m":50.4,"strefa":"50-200 m","warstwa":"adresy"},"geometry":{"type":"Point","coordinates":[19.871631,49.912712]}},{"type":"Feature","properties":{"NUMER_PORZ":"535","KOD_POCZT":"32-445","NAZWA_GMI":"Myślenice","NAZWA_MSC":"Krzyszkowice","odleglosc_m":153.4,"strefa":"50-200 m","warstwa":"adresy"},"geometry":{"type":"Point","coordinates":[19.897208,49.882186]}},{"type":"Feature","properties":{"NUMER_PORZ":"344","KOD_POCZT":"32-445","NAZWA_GMI":"Myślenice","NAZWA_MSC":"Krzyszkowice","odleglosc_m":107.1,"strefa":"50-200 m","warstwa":"adresy"},"geometry":{"type":"Point","coordinates":[19.909397,49.877909]}},{"type":"Feature","properties":{"NUMER_PORZ":"322","KOD_POCZT":"32-444","NAZWA_GMI":"Myślenice","NAZWA_MSC":"Głogoczów","odleglosc_m":118.1,"strefa":"50-200 m","warstwa":"adresy"},"geometry":{"type":"Point","coordinates":[19.876056,49.894682]}},{"type":"Feature","properties":{"NUMER_PORZ":"264","KOD_POCZT":"32-444","NAZWA_GMI":"Myślenice","NAZWA_MSC":"Głogoczów","odleglosc_m":152.7,"strefa":"50-200 m","warstwa":"adresy"},"geometry":{"type":"Point","coordinates":[19.870122,49.898192]}},{"type":"Feature","properties":{"NUMER_PORZ":"83","KOD_POCZT":"32-444","NAZWA_GMI":"Myślenice","NAZWA_MSC":"Głogoczów","odleglosc_m":79.4,"strefa":"50-200 m","warstwa":"adresy"},"geometry":{"type":"Point","coordinates":[19.871214,49.898056]}},{"type":"Feature","properties":{"NUMER_PORZ":"387C","KOD_POCZT":"32-444","NAZWA_GMI":"Myślenice","NAZWA_MSC":"Głogoczów","odleglosc_m":179.0,"strefa":"50-200 m","warstwa":"adresy"},"geometry":{"type":"Point","coordinates":[19.874365,49.901971]}},{"type":"Feature","properties":{"NUMER_PORZ":"387B","KOD_POCZT":"32-444","NAZWA_GMI":"Myślenice","NAZWA_MSC":"Głogoczów","odleglosc_m":194.0,"strefa":"50-200 m","warstwa":"adresy"},"geometry":{"type":"Point","coordinates":[19.87454,49.902091]}},{"type":"Feature","properties":{"NUMER_PORZ":"632","KOD_POCZT":"32-444","NAZWA_GMI":"Myślenice","NAZWA_MSC":"Głogoczów","odleglosc_m":147.3,"strefa":"50-200 m","warstwa":"adresy"},"geometry":{"type":"Point","coordinates":[19.889303,49.887874]}},{"type":"Feature","properties":{"NUMER_PORZ":"502","KOD_POCZT":"32-444","NAZWA_GMI":"Myślenice","NAZWA_MSC":"Głogoczów","odleglosc_m":175.0,"strefa":"50-200 m","warstwa":"adresy"},"geometry":{"type":"Point","coordinates":[19.879079,49.92022]}},{"type":"Feature","properties":{"NUMER_PORZ":"249","KOD_POCZT":"32-444","NAZWA_GMI":"Myślenice","NAZWA_MSC":"Głogoczów","odleglosc_m":79.3,"strefa":"50-200 m","warstwa":"adresy"},"geometry":{"type":"Point","coordinates":[19.869168,49.906001]}},{"type":"Feature","properties":{"NUMER_PORZ":"562","KOD_POCZT":"32-444","NAZWA_GMI":"Myślenice","NAZWA_MSC":"Głogoczów","odleglosc_m":95.0,"strefa":"50-200 m","warstwa":"adresy"},"geometry":{"type":"Point","coordinates":[19.871478,49.896639]}},{"type":"Feature","properties":{"NUMER_PORZ":"462","KOD_POCZT":"32-444","NAZWA_GMI":"Myślenice","NAZWA_MSC":"Głogoczów","odleglosc_m":180.0,"strefa":"50-200 m","warstwa":"adresy"},"geometry":{"type":"Point","coordinates":[19.868651,49.901406]}},{"type":"Feature","properties":{"NUMER_PORZ":"105","KOD_POCZT":"32-444","NAZWA_GMI":"Myślenice","NAZWA_MSC":"Głogoczów","odleglosc_m":1.3,"strefa":"0-20 m","warstwa":"adresy"},"geometry":{"type":"Point","coordinates":[19.881634,49.88832]}},{"type":"Feature","properties":{"NUMER_PORZ":"75","KOD_POCZT":"32-444","NAZWA_GMI":"Myślenice","NAZWA_MSC":"Głogoczów","odleglosc_m":158.5,"strefa":"50-200 m","warstwa":"adresy"},"geometry":{"type":"Point","coordinates":[19.876243,49.89565]}},{"type":"Feature","properties":{"NUMER_PORZ":"85","KOD_POCZT":"32-444","NAZWA_GMI":"Myślenice","NAZWA_MSC":"Głogoczów","odleglosc_m":51.1,"strefa":"50-200 m","warstwa":"adresy"},"geometry":{"type":"Point","coordinates":[19.872238,49.896252]}},{"type":"Feature","properties":{"NUMER_PORZ":"425","KOD_POCZT":"32-444","NAZWA_GMI":"Myślenice","NAZWA_MSC":"Głogoczów","odleglosc_m":136.7,"strefa":"50-200 m","warstwa":"adresy"},"geometry":{"type":"Point","coordinates":[19.889818,49.887648]}},{"type":"Feature","properties":{"NUMER_PORZ":"555","KOD_POCZT":"32-445","NAZWA_GMI":"Myślenice","NAZWA_MSC":"Krzyszkowice","odleglosc_m":0.0,"strefa":"w śladzie","warstwa":"adresy"},"geometry":{"type":"Point","coordinates":[19.916341,49.874805]}},{"type":"Feature","properties":{"NUMER_PORZ":"323","KOD_POCZT":"32-400","NAZWA_GMI":"Myślenice","NAZWA_MSC":"Polanka","odleglosc_m":97.8,"strefa":"50-200 m","warstwa":"adresy"},"geometry":{"type":"Point","coordinates":[19.924469,49.85614]}},{"type":"Feature","properties":{"NUMER_PORZ":"325","KOD_POCZT":"32-444","NAZWA_GMI":"Myślenice","NAZWA_MSC":"Głogoczów","odleglosc_m":149.3,"strefa":"50-200 m","warstwa":"adresy"},"geometry":{"type":"Point","coordinates":[19.875247,49.898117]}},{"type":"Feature","properties":{"NUMER_PORZ":"417","KOD_POCZT":"32-444","NAZWA_GMI":"Myślenice","NAZWA_MSC":"Głogoczów","odleglosc_m":153.8,"strefa":"50-200 m","warstwa":"adresy"},"geometry":{"type":"Point","coordinates":[19.87499,49.899052]}},{"type":"Feature","properties":{"NUMER_PORZ":"592","KOD_POCZT":"32-444","NAZWA_GMI":"Myślenice","NAZWA_MSC":"Głogoczów","odleglosc_m":58.7,"strefa":"50-200 m","warstwa":"adresy"},"geometry":{"type":"Point","coordinates":[19.872468,49.902613]}},{"type":"Feature","properties":{"NUMER_PORZ":"415","KOD_POCZT":"32-444","NAZWA_GMI":"Myślenice","NAZWA_MSC":"Głogoczów","odleglosc_m":100.9,"strefa":"50-200 m","warstwa":"adresy"},"geometry":{"type":"Point","coordinates":[19.875084,49.890306]}},{"type":"Feature","properties":{"NUMER_PORZ":"390","KOD_POCZT":"32-444","NAZWA_GMI":"Myślenice","NAZWA_MSC":"Głogoczów","odleglosc_m":0.0,"strefa":"w śladzie","warstwa":"adresy"},"geometry":{"type":"Point","coordinates":[19.876205,49.891071]}},{"type":"Feature","properties":{"NUMER_PORZ":"239","KOD_POCZT":"32-444","NAZWA_GMI":"Myślenice","NAZWA_MSC":"Głogoczów","odleglosc_m":0.0,"strefa":"w śladzie","warstwa":"adresy"},"geometry":{"type":"Point","coordinates":[19.8761,49.891106]}},{"type":"Feature","properties":{"NUMER_PORZ":"81","KOD_POCZT":"32-444","NAZWA_GMI":"Myślenice","NAZWA_MSC":"Głogoczów","odleglosc_m":141.4,"strefa":"50-200 m","warstwa":"adresy"},"geometry":{"type":"Point","coordinates":[19.869753,49.89974]}},{"type":"Feature","properties":{"NUMER_PORZ":"746","KOD_POCZT":"32-444","NAZWA_GMI":"Myślenice","NAZWA_MSC":"Głogoczów","odleglosc_m":41.1,"strefa":"30-50 m","warstwa":"adresy"},"geometry":{"type":"Point","coordinates":[19.871817,49.904302]}},{"type":"Feature","properties":{"NUMER_PORZ":"969","KOD_POCZT":"32-444","NAZWA_GMI":"Myślenice","NAZWA_MSC":"Głogoczów","odleglosc_m":51.1,"strefa":"50-200 m","warstwa":"adresy"},"geometry":{"type":"Point","coordinates":[19.88795,49.88723]}},{"type":"Feature","properties":{"NUMER_PORZ":"309","KOD_POCZT":"32-444","NAZWA_GMI":"Myślenice","NAZWA_MSC":"Głogoczów","odleglosc_m":134.1,"strefa":"50-200 m","warstwa":"adresy"},"geometry":{"type":"Point","coordinates":[19.868366,49.907073]}},{"type":"Feature","properties":{"NUMER_PORZ":"1008","KOD_POCZT":"32-444","NAZWA_GMI":"Myślenice","NAZWA_MSC":"Głogoczów","odleglosc_m":126.0,"strefa":"50-200 m","warstwa":"adresy"},"geometry":{"type":"Point","coordinates":[19.890331,49.887381]}},{"type":"Feature","properties":{"NUMER_PORZ":"62","KOD_POCZT":"32-444","NAZWA_GMI":"Myślenice","NAZWA_MSC":"Głogoczów","odleglosc_m":147.7,"strefa":"50-200 m","warstwa":"adresy"},"geometry":{"type":"Point","coordinates":[19.875823,49.896374]}},{"type":"Feature","properties":{"NUMER_PORZ":"360","KOD_POCZT":"32-444","NAZWA_GMI":"Myślenice","NAZWA_MSC":"Głogoczów","odleglosc_m":79.7,"strefa":"50-200 m","warstwa":"adresy"},"geometry":{"type":"Point","coordinates":[19.869128,49.906774]}},{"type":"Feature","properties":{"NUMER_PORZ":"334","KOD_POCZT":"32-444","NAZWA_GMI":"Myślenice","NAZWA_MSC":"Głogoczów","odleglosc_m":133.9,"strefa":"50-200 m","warstwa":"adresy"},"geometry":{"type":"Point","coordinates":[19.868404,49.906224]}},{"type":"Feature","properties":{"NUMER_PORZ":"84","KOD_POCZT":"32-444","NAZWA_GMI":"Myślenice","NAZWA_MSC":"Głogoczów","odleglosc_m":51.1,"strefa":"50-200 m","warstwa":"adresy"},"geometry":{"type":"Point","coordinates":[19.872053,49.896791]}},{"type":"Feature","properties":{"NUMER_PORZ":"426","KOD_POCZT":"32-444","NAZWA_GMI":"Myślenice","NAZWA_MSC":"Głogoczów","odleglosc_m":49.6,"strefa":"30-50 m","warstwa":"adresy"},"geometry":{"type":"Point","coordinates":[19.872365,49.895945]}},{"type":"Feature","properties":{"NUMER_PORZ":"575","KOD_POCZT":"32-444","NAZWA_GMI":"Myślenice","NAZWA_MSC":"Głogoczów","odleglosc_m":74.2,"strefa":"50-200 m","warstwa":"adresy"},"geometry":{"type":"Point","coordinates":[19.874647,49.891173]}},{"type":"Feature","properties":{"NUMER_PORZ":"10","KOD_POCZT":"32-444","NAZWA_GMI":"Myślenice","NAZWA_MSC":"Głogoczów","odleglosc_m":92.1,"strefa":"50-200 m","warstwa":"adresy"},"geometry":{"type":"Point","coordinates":[19.874362,49.916262]}},{"type":"Feature","properties":{"NUMER_PORZ":"391","KOD_POCZT":"32-445","NAZWA_GMI":"Myślenice","NAZWA_MSC":"Krzyszkowice","odleglosc_m":7.4,"strefa":"0-20 m","warstwa":"adresy"},"geometry":{"type":"Point","coordinates":[19.901909,49.883011]}},{"type":"Feature","properties":{"NUMER_PORZ":"194","KOD_POCZT":"32-445","NAZWA_GMI":"Myślenice","NAZWA_MSC":"Krzyszkowice","odleglosc_m":140.2,"strefa":"50-200 m","warstwa":"adresy"},"geometry":{"type":"Point","coordinates":[19.92292,49.869773]}},{"type":"Feature","properties":{"NUMER_PORZ":"779A","KOD_POCZT":"32-445","NAZWA_GMI":"Myślenice","NAZWA_MSC":"Krzyszkowice","odleglosc_m":94.2,"strefa":"50-200 m","warstwa":"adresy"},"geometry":{"type":"Point","coordinates":[19.918302,49.87022]}},{"type":"Feature","properties":{"NUMER_PORZ":"779B","KOD_POCZT":"32-445","NAZWA_GMI":"Myślenice","NAZWA_MSC":"Krzyszkowice","odleglosc_m":111.4,"strefa":"50-200 m","warstwa":"adresy"},"geometry":{"type":"Point","coordinates":[19.918136,49.870054]}},{"type":"Feature","properties":{"NUMER_PORZ":"779C","KOD_POCZT":"32-445","NAZWA_GMI":"Myślenice","NAZWA_MSC":"Krzyszkowice","odleglosc_m":127.8,"strefa":"50-200 m","warstwa":"adresy"},"geometry":{"type":"Point","coordinates":[19.917956,49.869939]}},{"type":"Feature","properties":{"NUMER_PORZ":"816","KOD_POCZT":"32-445","NAZWA_GMI":"Myślenice","NAZWA_MSC":"Krzyszkowice","odleglosc_m":57.8,"strefa":"50-200 m","warstwa":"adresy"},"geometry":{"type":"Point","coordinates":[19.911239,49.877235]}},{"type":"Feature","properties":{"NUMER_PORZ":"1114","KOD_POCZT":"32-444","NAZWA_GMI":"Myślenice","NAZWA_MSC":"Głogoczów","odleglosc_m":182.5,"strefa":"50-200 m","warstwa":"adresy"},"geometry":{"type":"Point","coordinates":[19.873731,49.907702]}},{"type":"Feature","properties":{"NUMER_PORZ":"1020A","KOD_POCZT":"32-444","NAZWA_GMI":"Myślenice","NAZWA_MSC":"Głogoczów","odleglosc_m":179.1,"strefa":"50-200 m","warstwa":"adresy"},"geometry":{"type":"Point","coordinates":[19.88844,49.888338]}},{"type":"Feature","properties":{"NUMER_PORZ":"1126","KOD_POCZT":"32-444","NAZWA_GMI":"Myślenice","NAZWA_MSC":"Głogoczów","odleglosc_m":162.8,"strefa":"50-200 m","warstwa":"adresy"},"geometry":{"type":"Point","coordinates":[19.890999,49.887519]}},{"type":"Feature","properties":{"NUMER_PORZ":"110C","KOD_POCZT":"32-445","NAZWA_GMI":"Myślenice","NAZWA_MSC":"Krzyszkowice","odleglosc_m":108.1,"strefa":"50-200 m","warstwa":"adresy"},"geometry":{"type":"Point","coordinates":[19.90997,49.877471]}},{"type":"Feature","properties":{"NUMER_PORZ":"320A","KOD_POCZT":"32-444","NAZWA_GMI":"Myślenice","NAZWA_MSC":"Głogoczów","odleglosc_m":71.4,"strefa":"50-200 m","warstwa":"adresy"},"geometry":{"type":"Point","coordinates":[19.873734,49.899291]}},{"type":"Feature","properties":{"NUMER_PORZ":"761","KOD_POCZT":"32-431","NAZWA_GMI":"Pcim","NAZWA_MSC":"Stróża","odleglosc_m":184.4,"strefa":"50-200 m","warstwa":"adresy"},"geometry":{"type":"Point","coordinates":[19.921004,49.807655]}},{"type":"Feature","properties":{"NUMER_PORZ":"1172","KOD_POCZT":"32-431","NAZWA_GMI":"Pcim","NAZWA_MSC":"Stróża","odleglosc_m":142.7,"strefa":"50-200 m","warstwa":"adresy"},"geometry":{"type":"Point","coordinates":[19.920909,49.808662]}},{"type":"Feature","properties":{"NUMER_PORZ":"844","KOD_POCZT":"32-431","NAZWA_GMI":"Pcim","NAZWA_MSC":"Stróża","odleglosc_m":48.8,"strefa":"30-50 m","warstwa":"adresy"},"geometry":{"type":"Point","coordinates":[19.92243,49.808551]}},{"type":"Feature","properties":{"NUMER_PORZ":"812","KOD_POCZT":"32-431","NAZWA_GMI":"Pcim","NAZWA_MSC":"Stróża","odleglosc_m":82.6,"strefa":"50-200 m","warstwa":"adresy"},"geometry":{"type":"Point","coordinates":[19.92202,49.808401]}},{"type":"Feature","properties":{"NUMER_PORZ":"745","KOD_POCZT":"32-431","NAZWA_GMI":"Pcim","NAZWA_MSC":"Stróża","odleglosc_m":81.0,"strefa":"50-200 m","warstwa":"adresy"},"geometry":{"type":"Point","coordinates":[19.921577,49.809049]}},{"type":"Feature","properties":{"NUMER_PORZ":"1054","KOD_POCZT":"32-431","NAZWA_GMI":"Pcim","NAZWA_MSC":"Stróża","odleglosc_m":191.3,"strefa":"50-200 m","warstwa":"adresy"},"geometry":{"type":"Point","coordinates":[19.921129,49.807419]}},{"type":"Feature","properties":{"NUMER_PORZ":"634","KOD_POCZT":"32-431","NAZWA_GMI":"Pcim","NAZWA_MSC":"Stróża","odleglosc_m":119.2,"strefa":"50-200 m","warstwa":"adresy"},"geometry":{"type":"Point","coordinates":[19.921488,49.808361]}},{"type":"Feature","properties":{"NUMER_PORZ":"465","KOD_POCZT":"32-431","NAZWA_GMI":"Pcim","NAZWA_MSC":"Stróża","odleglosc_m":182.2,"strefa":"50-200 m","warstwa":"adresy"},"geometry":{"type":"Point","coordinates":[19.920806,49.807966]}},{"type":"Feature","properties":{"NUMER_PORZ":"1073","KOD_POCZT":"32-431","NAZWA_GMI":"Pcim","NAZWA_MSC":"Stróża","odleglosc_m":178.3,"strefa":"50-200 m","warstwa":"adresy"},"geometry":{"type":"Point","coordinates":[19.920726,49.80816]}},{"type":"Feature","properties":{"NUMER_PORZ":"1182","KOD_POCZT":"32-431","NAZWA_GMI":"Pcim","NAZWA_MSC":"Stróża","odleglosc_m":104.7,"strefa":"50-200 m","warstwa":"adresy"},"geometry":{"type":"Point","coordinates":[19.922855,49.807546]}},{"type":"Feature","properties":{"NUMER_PORZ":"428","KOD_POCZT":"32-431","NAZWA_GMI":"Pcim","NAZWA_MSC":"Stróża","odleglosc_m":88.1,"strefa":"50-200 m","warstwa":"adresy"},"geometry":{"type":"Point","coordinates":[19.922452,49.807858]}},{"type":"Feature","properties":{"NUMER_PORZ":"958","KOD_POCZT":"32-431","NAZWA_GMI":"Pcim","NAZWA_MSC":"Stróża","odleglosc_m":136.8,"strefa":"50-200 m","warstwa":"adresy"},"geometry":{"type":"Point","coordinates":[19.92109,49.808536]}},{"type":"Feature","properties":{"NUMER_PORZ":"324","KOD_POCZT":"32-431","NAZWA_GMI":"Pcim","NAZWA_MSC":"Stróża","odleglosc_m":141.8,"strefa":"50-200 m","warstwa":"adresy"},"geometry":{"type":"Point","coordinates":[19.922673,49.807233]}},{"type":"Feature","properties":{"NUMER_PORZ":"1047","KOD_POCZT":"32-431","NAZWA_GMI":"Pcim","NAZWA_MSC":"Stróża","odleglosc_m":137.5,"strefa":"50-200 m","warstwa":"adresy"},"geometry":{"type":"Point","coordinates":[19.921969,49.807542]}},{"type":"Feature","properties":{"NUMER_PORZ":"483","KOD_POCZT":"32-431","NAZWA_GMI":"Pcim","NAZWA_MSC":"Stróża","odleglosc_m":167.1,"strefa":"50-200 m","warstwa":"adresy"},"geometry":{"type":"Point","coordinates":[19.921311,49.807629]}},{"type":"Feature","properties":{"NUMER_PORZ":"1117","KOD_POCZT":"32-431","NAZWA_GMI":"Pcim","NAZWA_MSC":"Stróża","odleglosc_m":98.9,"strefa":"50-200 m","warstwa":"adresy"},"geometry":{"type":"Point","coordinates":[19.922244,49.807852]}},{"type":"Feature","properties":{"NUMER_PORZ":"384","KOD_POCZT":"32-445","NAZWA_GMI":"Myślenice","NAZWA_MSC":"Krzyszkowice","odleglosc_m":72.1,"strefa":"50-200 m","warstwa":"adresy"},"geometry":{"type":"Point","coordinates":[19.902594,49.883431]}},{"type":"Feature","properties":{"NUMER_PORZ":"384A","KOD_POCZT":"32-445","NAZWA_GMI":"Myślenice","NAZWA_MSC":"Krzyszkowice","odleglosc_m":59.2,"strefa":"50-200 m","warstwa":"adresy"},"geometry":{"type":"Point","coordinates":[19.902528,49.883323]}},{"type":"Feature","properties":{"NUMER_PORZ":"384B","KOD_POCZT":"32-445","NAZWA_GMI":"Myślenice","NAZWA_MSC":"Krzyszkowice","odleglosc_m":49.7,"strefa":"30-50 m","warstwa":"adresy"},"geometry":{"type":"Point","coordinates":[19.902479,49.883242]}},{"type":"Feature","properties":{"NUMER_PORZ":"384C","KOD_POCZT":"32-445","NAZWA_GMI":"Myślenice","NAZWA_MSC":"Krzyszkowice","odleglosc_m":39.0,"strefa":"30-50 m","warstwa":"adresy"},"geometry":{"type":"Point","coordinates":[19.902423,49.883152]}},{"type":"Feature","properties":{"NUMER_PORZ":"384D","KOD_POCZT":"32-445","NAZWA_GMI":"Myślenice","NAZWA_MSC":"Krzyszkowice","odleglosc_m":25.1,"strefa":"20-30 m","warstwa":"adresy"},"geometry":{"type":"Point","coordinates":[19.902352,49.883035]}},{"type":"Feature","properties":{"NUMER_PORZ":"384E","KOD_POCZT":"32-445","NAZWA_GMI":"Myślenice","NAZWA_MSC":"Krzyszkowice","odleglosc_m":15.8,"strefa":"0-20 m","warstwa":"adresy"},"geometry":{"type":"Point","coordinates":[19.902303,49.882956]}},{"type":"Feature","properties":{"NUMER_PORZ":"384F","KOD_POCZT":"32-445","NAZWA_GMI":"Myślenice","NAZWA_MSC":"Krzyszkowice","odleglosc_m":7.4,"strefa":"0-20 m","warstwa":"adresy"},"geometry":{"type":"Point","coordinates":[19.902261,49.882886]}},{"type":"Feature","properties":{"NUMER_PORZ":"384G","KOD_POCZT":"32-445","NAZWA_GMI":"Myślenice","NAZWA_MSC":"Krzyszkowice","odleglosc_m":0.6,"strefa":"0-20 m","warstwa":"adresy"},"geometry":{"type":"Point","coordinates":[19.902225,49.882828]}},{"type":"Feature","properties":{"NUMER_PORZ":"692","KOD_POCZT":"32-445","NAZWA_GMI":"Myślenice","NAZWA_MSC":"Krzyszkowice","odleglosc_m":59.9,"strefa":"50-200 m","warstwa":"adresy"},"geometry":{"type":"Point","coordinates":[19.918924,49.869996]}},{"type":"Feature","properties":{"NUMER_PORZ":"693","KOD_POCZT":"32-445","NAZWA_GMI":"Myślenice","NAZWA_MSC":"Krzyszkowice","odleglosc_m":171.0,"strefa":"50-200 m","warstwa":"adresy"},"geometry":{"type":"Point","coordinates":[19.923709,49.869183]}},{"type":"Feature","properties":{"NUMER_PORZ":"702","KOD_POCZT":"32-445","NAZWA_GMI":"Myślenice","NAZWA_MSC":"Krzyszkowice","odleglosc_m":185.1,"strefa":"50-200 m","warstwa":"adresy"},"geometry":{"type":"Point","coordinates":[19.910009,49.881401]}},{"type":"Feature","properties":{"NUMER_PORZ":"737","KOD_POCZT":"32-445","NAZWA_GMI":"Myślenice","NAZWA_MSC":"Krzyszkowice","odleglosc_m":187.0,"strefa":"50-200 m","warstwa":"adresy"},"geometry":{"type":"Point","coordinates":[19.905102,49.883552]}},{"type":"Feature","properties":{"NUMER_PORZ":"765A","KOD_POCZT":"32-445","NAZWA_GMI":"Myślenice","NAZWA_MSC":"Krzyszkowice","odleglosc_m":104.1,"strefa":"50-200 m","warstwa":"adresy"},"geometry":{"type":"Point","coordinates":[19.916825,49.87172]}},{"type":"Feature","properties":{"NUMER_PORZ":"765B","KOD_POCZT":"32-445","NAZWA_GMI":"Myślenice","NAZWA_MSC":"Krzyszkowice","odleglosc_m":92.4,"strefa":"50-200 m","warstwa":"adresy"},"geometry":{"type":"Point","coordinates":[19.917139,49.871587]}},{"type":"Feature","properties":{"NUMER_PORZ":"1095","KOD_POCZT":"32-444","NAZWA_GMI":"Myślenice","NAZWA_MSC":"Głogoczów","odleglosc_m":40.3,"strefa":"30-50 m","warstwa":"adresy"},"geometry":{"type":"Point","coordinates":[19.877529,49.891151]}},{"type":"Feature","properties":{"NUMER_PORZ":"910","KOD_POCZT":"32-444","NAZWA_GMI":"Myślenice","NAZWA_MSC":"Głogoczów","odleglosc_m":66.8,"strefa":"50-200 m","warstwa":"adresy"},"geometry":{"type":"Point","coordinates":[19.882285,49.887111]}},{"type":"Feature","properties":{"NUMER_PORZ":"910A","KOD_POCZT":"32-444","NAZWA_GMI":"Myślenice","NAZWA_MSC":"Głogoczów","odleglosc_m":27.3,"strefa":"20-30 m","warstwa":"adresy"},"geometry":{"type":"Point","coordinates":[19.882548,49.887423]}},{"type":"Feature","properties":{"NUMER_PORZ":"1114A","KOD_POCZT":"32-444","NAZWA_GMI":"Myślenice","NAZWA_MSC":"Głogoczów","odleglosc_m":150.6,"strefa":"50-200 m","warstwa":"adresy"},"geometry":{"type":"Point","coordinates":[19.87326,49.907483]}},{"type":"Feature","properties":{"NUMER_PORZ":"1140","KOD_POCZT":"32-444","NAZWA_GMI":"Myślenice","NAZWA_MSC":"Głogoczów","odleglosc_m":71.0,"strefa":"50-200 m","warstwa":"adresy"},"geometry":{"type":"Point","coordinates":[19.882985,49.88674]}},{"type":"Feature","properties":{"NUMER_PORZ":"838","KOD_POCZT":"32-445","NAZWA_GMI":"Myślenice","NAZWA_MSC":"Krzyszkowice","odleglosc_m":6.6,"strefa":"0-20 m","warstwa":"adresy"},"geometry":{"type":"Point","coordinates":[19.900587,49.883454]}},{"type":"Feature","properties":{"NUMER_PORZ":"46A","KOD_POCZT":"32-444","NAZWA_GMI":"Myślenice","NAZWA_MSC":"Głogoczów","odleglosc_m":92.1,"strefa":"50-200 m","warstwa":"adresy"},"geometry":{"type":"Point","coordinates":[19.883323,49.888707]}},{"type":"Feature","properties":{"NUMER_PORZ":"287A","KOD_POCZT":"32-445","NAZWA_GMI":"Myślenice","NAZWA_MSC":"Krzyszkowice","odleglosc_m":0.0,"strefa":"w śladzie","warstwa":"adresy"},"geometry":{"type":"Point","coordinates":[19.916791,49.874005]}},{"type":"Feature","properties":{"NUMER_PORZ":"1144","KOD_POCZT":"32-444","NAZWA_GMI":"Myślenice","NAZWA_MSC":"Głogoczów","odleglosc_m":129.3,"strefa":"50-200 m","warstwa":"adresy"},"geometry":{"type":"Point","coordinates":[19.88844,49.887868]}},{"type":"Feature","properties":{"NUMER_PORZ":"304B","KOD_POCZT":"32-445","NAZWA_GMI":"Myślenice","NAZWA_MSC":"Krzyszkowice","odleglosc_m":95.8,"strefa":"50-200 m","warstwa":"adresy"},"geometry":{"type":"Point","coordinates":[19.9111,49.879814]}},{"type":"Feature","properties":{"NUMER_PORZ":"779","KOD_POCZT":"32-445","NAZWA_GMI":"Myślenice","NAZWA_MSC":"Krzyszkowice","odleglosc_m":77.7,"strefa":"50-200 m","warstwa":"adresy"},"geometry":{"type":"Point","coordinates":[19.918464,49.870404]}},{"type":"Feature","properties":{"NUMER_PORZ":"827","KOD_POCZT":"32-445","NAZWA_GMI":"Myślenice","NAZWA_MSC":"Krzyszkowice","odleglosc_m":110.2,"strefa":"50-200 m","warstwa":"adresy"},"geometry":{"type":"Point","coordinates":[19.915247,49.873083]}},{"type":"Feature","properties":{"NUMER_PORZ":"187A","KOD_POCZT":"32-445","NAZWA_GMI":"Myślenice","NAZWA_MSC":"Krzyszkowice","odleglosc_m":138.3,"strefa":"50-200 m","warstwa":"adresy"},"geometry":{"type":"Point","coordinates":[19.908203,49.878266]}},{"type":"Feature","properties":{"NUMER_PORZ":"45","KOD_POCZT":"32-444","NAZWA_GMI":"Myślenice","NAZWA_MSC":"Głogoczów","odleglosc_m":121.3,"strefa":"50-200 m","warstwa":"adresy"},"geometry":{"type":"Point","coordinates":[19.881735,49.889538]}},{"type":"Feature","properties":{"NUMER_PORZ":"105d","KOD_POCZT":"32-400","NAZWA_ULC":"Andrzeja Średniawskiego","NAZWA_GMI":"Myślenice","NAZWA_MSC":"Myślenice","odleglosc_m":121.7,"strefa":"50-200 m","warstwa":"adresy"},"geometry":{"type":"Point","coordinates":[19.916541,49.834841]}},{"type":"Feature","properties":{"NUMER_PORZ":"1","KOD_POCZT":"32-400","NAZWA_ULC":"Tarnówka","NAZWA_GMI":"Myślenice","NAZWA_MSC":"Myślenice","odleglosc_m":0.0,"strefa":"w śladzie","warstwa":"adresy"},"geometry":{"type":"Point","coordinates":[19.924363,49.8453]}},{"type":"Feature","properties":{"NUMER_PORZ":"3h","KOD_POCZT":"32-400","NAZWA_ULC":"Tarnówka","NAZWA_GMI":"Myślenice","NAZWA_MSC":"Myślenice","odleglosc_m":74.3,"strefa":"50-200 m","warstwa":"adresy"},"geometry":{"type":"Point","coordinates":[19.924166,49.847012]}},{"type":"Feature","properties":{"NUMER_PORZ":"126","KOD_POCZT":"32-400","NAZWA_ULC":"Andrzeja Średniawskiego","NAZWA_GMI":"Myślenice","NAZWA_MSC":"Myślenice","odleglosc_m":134.1,"strefa":"50-200 m","warstwa":"adresy"},"geometry":{"type":"Point","coordinates":[19.91061,49.832035]}},{"type":"Feature","properties":{"NUMER_PORZ":"125","KOD_POCZT":"32-400","NAZWA_ULC":"Andrzeja Średniawskiego","NAZWA_GMI":"Myślenice","NAZWA_MSC":"Myślenice","odleglosc_m":88.1,"strefa":"50-200 m","warstwa":"adresy"},"geometry":{"type":"Point","coordinates":[19.911297,49.832114]}},{"type":"Feature","properties":{"NUMER_PORZ":"119a","KOD_POCZT":"32-400","NAZWA_ULC":"Andrzeja Średniawskiego","NAZWA_GMI":"Myślenice","NAZWA_MSC":"Myślenice","odleglosc_m":0.0,"strefa":"w śladzie","warstwa":"adresy"},"geometry":{"type":"Point","coordinates":[19.913191,49.832879]}},{"type":"Feature","properties":{"NUMER_PORZ":"115b","KOD_POCZT":"32-400","NAZWA_ULC":"3-ego Maja","NAZWA_GMI":"Myślenice","NAZWA_MSC":"Myślenice","odleglosc_m":103.7,"strefa":"50-200 m","warstwa":"adresy"},"geometry":{"type":"Point","coordinates":[19.910432,49.830135]}},{"type":"Feature","properties":{"NUMER_PORZ":"125a","KOD_POCZT":"32-400","NAZWA_ULC":"Andrzeja Średniawskiego","NAZWA_GMI":"Myślenice","NAZWA_MSC":"Myślenice","odleglosc_m":114.7,"strefa":"50-200 m","warstwa":"adresy"},"geometry":{"type":"Point","coordinates":[19.910883,49.831999]}},{"type":"Feature","properties":{"NUMER_PORZ":"118b","KOD_POCZT":"32-400","NAZWA_ULC":"3-ego Maja","NAZWA_GMI":"Myślenice","NAZWA_MSC":"Myślenice","odleglosc_m":165.2,"strefa":"50-200 m","warstwa":"adresy"},"geometry":{"type":"Point","coordinates":[19.909717,49.830707]}},{"type":"Feature","properties":{"NUMER_PORZ":"118a","KOD_POCZT":"32-400","NAZWA_ULC":"3-ego Maja","NAZWA_GMI":"Myślenice","NAZWA_MSC":"Myślenice","odleglosc_m":181.7,"strefa":"50-200 m","warstwa":"adresy"},"geometry":{"type":"Point","coordinates":[19.909451,49.83066]}},{"type":"Feature","properties":{"NUMER_PORZ":"3d","KOD_POCZT":"32-400","NAZWA_ULC":"Tarnówka","NAZWA_GMI":"Myślenice","NAZWA_MSC":"Myślenice","odleglosc_m":0.0,"strefa":"w śladzie","warstwa":"adresy"},"geometry":{"type":"Point","coordinates":[19.924837,49.845785]}},{"type":"Feature","properties":{"NUMER_PORZ":"104a","KOD_POCZT":"32-400","NAZWA_ULC":"3-ego Maja","NAZWA_GMI":"Myślenice","NAZWA_MSC":"Myślenice","odleglosc_m":196.0,"strefa":"50-200 m","warstwa":"adresy"},"geometry":{"type":"Point","coordinates":[19.915489,49.830649]}},{"type":"Feature","properties":{"NUMER_PORZ":"4d","KOD_POCZT":"32-400","NAZWA_ULC":"Tarnówka","NAZWA_GMI":"Myślenice","NAZWA_MSC":"Myślenice","odleglosc_m":104.9,"strefa":"50-200 m","warstwa":"adresy"},"geometry":{"type":"Point","coordinates":[19.925303,49.849956]}},{"type":"Feature","properties":{"NUMER_PORZ":"113","KOD_POCZT":"32-400","NAZWA_ULC":"Andrzeja Średniawskiego","NAZWA_GMI":"Myślenice","NAZWA_MSC":"Myślenice","odleglosc_m":82.8,"strefa":"50-200 m","warstwa":"adresy"},"geometry":{"type":"Point","coordinates":[19.914592,49.832515]}},{"type":"Feature","properties":{"NUMER_PORZ":"106E","KOD_POCZT":"32-400","NAZWA_ULC":"Andrzeja Średniawskiego","NAZWA_GMI":"Myślenice","NAZWA_MSC":"Myślenice","odleglosc_m":127.7,"strefa":"50-200 m","warstwa":"adresy"},"geometry":{"type":"Point","coordinates":[19.916253,49.834415]}},{"type":"Feature","properties":{"NUMER_PORZ":"110","KOD_POCZT":"32-400","NAZWA_ULC":"Andrzeja Średniawskiego","NAZWA_GMI":"Myślenice","NAZWA_MSC":"Myślenice","odleglosc_m":107.7,"strefa":"50-200 m","warstwa":"adresy"},"geometry":{"type":"Point","coordinates":[19.915222,49.833196]}},{"type":"Feature","properties":{"NUMER_PORZ":"102","KOD_POCZT":"32-400","NAZWA_ULC":"3-ego Maja","NAZWA_GMI":"Myślenice","NAZWA_MSC":"Myślenice","odleglosc_m":163.8,"strefa":"50-200 m","warstwa":"adresy"},"geometry":{"type":"Point","coordinates":[19.91554,49.832007]}},{"type":"Feature","properties":{"NUMER_PORZ":"4G","KOD_POCZT":"32-400","NAZWA_ULC":"Tarnówka","NAZWA_GMI":"Myślenice","NAZWA_MSC":"Myślenice","odleglosc_m":89.2,"strefa":"50-200 m","warstwa":"adresy"},"geometry":{"type":"Point","coordinates":[19.925634,49.85098]}},{"type":"Feature","properties":{"NUMER_PORZ":"4H","KOD_POCZT":"32-400","NAZWA_ULC":"Tarnówka","NAZWA_GMI":"Myślenice","NAZWA_MSC":"Myślenice","odleglosc_m":102.2,"strefa":"50-200 m","warstwa":"adresy"},"geometry":{"type":"Point","coordinates":[19.925472,49.851842]}},{"type":"Feature","properties":{"NUMER_PORZ":"1h","KOD_POCZT":"32-400","NAZWA_ULC":"Tarnówka","NAZWA_GMI":"Myślenice","NAZWA_MSC":"Myślenice","odleglosc_m":5.6,"strefa":"0-20 m","warstwa":"adresy"},"geometry":{"type":"Point","coordinates":[19.923252,49.844609]}},{"type":"Feature","properties":{"NUMER_PORZ":"111","KOD_POCZT":"32-400","NAZWA_ULC":"3-ego Maja","NAZWA_GMI":"Myślenice","NAZWA_MSC":"Myślenice","odleglosc_m":41.6,"strefa":"30-50 m","warstwa":"adresy"},"geometry":{"type":"Point","coordinates":[19.911772,49.831132]}},{"type":"Feature","properties":{"NUMER_PORZ":"1f","KOD_POCZT":"32-400","NAZWA_ULC":"Tarnówka","NAZWA_GMI":"Myślenice","NAZWA_MSC":"Myślenice","odleglosc_m":60.4,"strefa":"50-200 m","warstwa":"adresy"},"geometry":{"type":"Point","coordinates":[19.922802,49.845149]}},{"type":"Feature","properties":{"NUMER_PORZ":"106C","KOD_POCZT":"32-400","NAZWA_ULC":"Andrzeja Średniawskiego","NAZWA_GMI":"Myślenice","NAZWA_MSC":"Myślenice","odleglosc_m":69.9,"strefa":"50-200 m","warstwa":"adresy"},"geometry":{"type":"Point","coordinates":[19.916805,49.836131]}},{"type":"Feature","properties":{"NUMER_PORZ":"3g","KOD_POCZT":"32-400","NAZWA_ULC":"Tarnówka","NAZWA_GMI":"Myślenice","NAZWA_MSC":"Myślenice","odleglosc_m":5.7,"strefa":"0-20 m","warstwa":"adresy"},"geometry":{"type":"Point","coordinates":[19.924737,49.84644]}},{"type":"Feature","properties":{"NUMER_PORZ":"105e","KOD_POCZT":"32-400","NAZWA_ULC":"Andrzeja Średniawskiego","NAZWA_GMI":"Myślenice","NAZWA_MSC":"Myślenice","odleglosc_m":149.9,"strefa":"50-200 m","warstwa":"adresy"},"geometry":{"type":"Point","coordinates":[19.916395,49.834182]}},{"type":"Feature","properties":{"NUMER_PORZ":"104f","KOD_POCZT":"32-400","NAZWA_ULC":"Andrzeja Średniawskiego","NAZWA_GMI":"Myślenice","NAZWA_MSC":"Myślenice","odleglosc_m":134.7,"strefa":"50-200 m","warstwa":"adresy"},"geometry":{"type":"Point","coordinates":[19.916979,49.835086]}},{"type":"Feature","properties":{"NUMER_PORZ":"110b","KOD_POCZT":"32-400","NAZWA_ULC":"Andrzeja Średniawskiego","NAZWA_GMI":"Myślenice","NAZWA_MSC":"Myślenice","odleglosc_m":130.5,"strefa":"50-200 m","warstwa":"adresy"},"geometry":{"type":"Point","coordinates":[19.915349,49.832668]}},{"type":"Feature","properties":{"NUMER_PORZ":"107","KOD_POCZT":"32-400","NAZWA_ULC":"3-ego Maja","NAZWA_GMI":"Myślenice","NAZWA_MSC":"Myślenice","odleglosc_m":36.1,"strefa":"30-50 m","warstwa":"adresy"},"geometry":{"type":"Point","coordinates":[19.913615,49.831515]}},{"type":"Feature","properties":{"NUMER_PORZ":"110a","KOD_POCZT":"32-400","NAZWA_ULC":"Andrzeja Średniawskiego","NAZWA_GMI":"Myślenice","NAZWA_MSC":"Myślenice","odleglosc_m":116.8,"strefa":"50-200 m","warstwa":"adresy"},"geometry":{"type":"Point","coordinates":[19.915357,49.833206]}},{"type":"Feature","properties":{"NUMER_PORZ":"109","KOD_POCZT":"32-400","NAZWA_ULC":"3-ego Maja","NAZWA_GMI":"Myślenice","NAZWA_MSC":"Myślenice","odleglosc_m":56.9,"strefa":"50-200 m","warstwa":"adresy"},"geometry":{"type":"Point","coordinates":[19.913577,49.830999]}},{"type":"Feature","properties":{"NUMER_PORZ":"105a","KOD_POCZT":"32-400","NAZWA_ULC":"Andrzeja Średniawskiego","NAZWA_GMI":"Myślenice","NAZWA_MSC":"Myślenice","odleglosc_m":175.3,"strefa":"50-200 m","warstwa":"adresy"},"geometry":{"type":"Point","coordinates":[19.916355,49.833508]}},{"type":"Feature","properties":{"NUMER_PORZ":"114a","KOD_POCZT":"32-400","NAZWA_ULC":"3-ego Maja","NAZWA_GMI":"Myślenice","NAZWA_MSC":"Myślenice","odleglosc_m":142.2,"strefa":"50-200 m","warstwa":"adresy"},"geometry":{"type":"Point","coordinates":[19.910326,49.831124]}},{"type":"Feature","properties":{"NUMER_PORZ":"3f","KOD_POCZT":"32-400","NAZWA_ULC":"Tarnówka","NAZWA_GMI":"Myślenice","NAZWA_MSC":"Myślenice","odleglosc_m":0.0,"strefa":"w śladzie","warstwa":"adresy"},"geometry":{"type":"Point","coordinates":[19.924364,49.845734]}},{"type":"Feature","properties":{"NUMER_PORZ":"111b","KOD_POCZT":"32-400","NAZWA_ULC":"3-ego Maja","NAZWA_GMI":"Myślenice","NAZWA_MSC":"Myślenice","odleglosc_m":60.3,"strefa":"50-200 m","warstwa":"adresy"},"geometry":{"type":"Point","coordinates":[19.911511,49.831127]}},{"type":"Feature","properties":{"NUMER_PORZ":"119","KOD_POCZT":"32-400","NAZWA_ULC":"3-ego Maja","NAZWA_GMI":"Myślenice","NAZWA_MSC":"Myślenice","odleglosc_m":181.6,"strefa":"50-200 m","warstwa":"adresy"},"geometry":{"type":"Point","coordinates":[19.909358,49.829911]}},{"type":"Feature","properties":{"NUMER_PORZ":"113A","KOD_POCZT":"32-400","NAZWA_ULC":"Andrzeja Średniawskiego","NAZWA_GMI":"Myślenice","NAZWA_MSC":"Myślenice","odleglosc_m":61.4,"strefa":"50-200 m","warstwa":"adresy"},"geometry":{"type":"Point","coordinates":[19.914544,49.833163]}},{"type":"Feature","properties":{"NUMER_PORZ":"119c","KOD_POCZT":"32-400","NAZWA_ULC":"3-ego Maja","NAZWA_GMI":"Myślenice","NAZWA_MSC":"Myślenice","odleglosc_m":174.0,"strefa":"50-200 m","warstwa":"adresy"},"geometry":{"type":"Point","coordinates":[19.909453,49.830196]}},{"type":"Feature","properties":{"NUMER_PORZ":"116a","KOD_POCZT":"32-400","NAZWA_ULC":"3-ego Maja","NAZWA_GMI":"Myślenice","NAZWA_MSC":"Myślenice","odleglosc_m":170.9,"strefa":"50-200 m","warstwa":"adresy"},"geometry":{"type":"Point","coordinates":[19.909866,49.83108]}},{"type":"Feature","properties":{"NUMER_PORZ":"1e","KOD_POCZT":"32-400","NAZWA_ULC":"Tarnówka","NAZWA_GMI":"Myślenice","NAZWA_MSC":"Myślenice","odleglosc_m":99.4,"strefa":"50-200 m","warstwa":"adresy"},"geometry":{"type":"Point","coordinates":[19.92262,49.845693]}},{"type":"Feature","properties":{"NUMER_PORZ":"111A","KOD_POCZT":"32-400","NAZWA_ULC":"Andrzeja Średniawskiego","NAZWA_GMI":"Myślenice","NAZWA_MSC":"Myślenice","odleglosc_m":91.8,"strefa":"50-200 m","warstwa":"adresy"},"geometry":{"type":"Point","coordinates":[19.91501,49.833237]}},{"type":"Feature","properties":{"NUMER_PORZ":"106D","KOD_POCZT":"32-400","NAZWA_ULC":"Andrzeja Średniawskiego","NAZWA_GMI":"Myślenice","NAZWA_MSC":"Myślenice","odleglosc_m":143.7,"strefa":"50-200 m","warstwa":"adresy"},"geometry":{"type":"Point","coordinates":[19.916158,49.833882]}},{"type":"Feature","properties":{"NUMER_PORZ":"114e","KOD_POCZT":"32-400","NAZWA_ULC":"Andrzeja Średniawskiego","NAZWA_GMI":"Myślenice","NAZWA_MSC":"Myślenice","odleglosc_m":38.5,"strefa":"30-50 m","warstwa":"adresy"},"geometry":{"type":"Point","coordinates":[19.914298,49.83337]}},{"type":"Feature","properties":{"NUMER_PORZ":"105","KOD_POCZT":"32-400","NAZWA_ULC":"Andrzeja Średniawskiego","NAZWA_GMI":"Myślenice","NAZWA_MSC":"Myślenice","odleglosc_m":197.4,"strefa":"50-200 m","warstwa":"adresy"},"geometry":{"type":"Point","coordinates":[19.916385,49.832878]}},{"type":"Feature","properties":{"NUMER_PORZ":"109b","KOD_POCZT":"32-400","NAZWA_ULC":"3-ego Maja","NAZWA_GMI":"Myślenice","NAZWA_MSC":"Myślenice","odleglosc_m":36.9,"strefa":"30-50 m","warstwa":"adresy"},"geometry":{"type":"Point","coordinates":[19.913493,49.831362]}},{"type":"Feature","properties":{"NUMER_PORZ":"113","KOD_POCZT":"32-400","NAZWA_ULC":"3-ego Maja","NAZWA_GMI":"Myślenice","NAZWA_MSC":"Myślenice","odleglosc_m":93.8,"strefa":"50-200 m","warstwa":"adresy"},"geometry":{"type":"Point","coordinates":[19.910939,49.830943]}},{"type":"Feature","properties":{"NUMER_PORZ":"102c","KOD_POCZT":"32-400","NAZWA_ULC":"3-ego Maja","NAZWA_GMI":"Myślenice","NAZWA_MSC":"Myślenice","odleglosc_m":181.4,"strefa":"50-200 m","warstwa":"adresy"},"geometry":{"type":"Point","coordinates":[19.915781,49.831976]}},{"type":"Feature","properties":{"NUMER_PORZ":"58","KOD_POCZT":"32-400","NAZWA_ULC":"Ignacego Daszyńskiego","NAZWA_GMI":"Myślenice","NAZWA_MSC":"Myślenice","odleglosc_m":8.1,"strefa":"0-20 m","warstwa":"adresy"},"geometry":{"type":"Point","coordinates":[19.921775,49.810321]}},{"type":"Feature","properties":{"NUMER_PORZ":"1b","KOD_POCZT":"32-400","NAZWA_ULC":"Tarnówka","NAZWA_GMI":"Myślenice","NAZWA_MSC":"Myślenice","odleglosc_m":0.0,"strefa":"w śladzie","warstwa":"adresy"},"geometry":{"type":"Point","coordinates":[19.924518,49.844952]}},{"type":"Feature","properties":{"NUMER_PORZ":"111E","KOD_POCZT":"32-400","NAZWA_ULC":"3-ego Maja","NAZWA_GMI":"Myślenice","NAZWA_MSC":"Myślenice","odleglosc_m":0.0,"strefa":"nad tunelem","warstwa":"adresy"},"geometry":{"type":"Point","coordinates":[19.912088,49.830175]}},{"type":"Feature","properties":{"NUMER_PORZ":"119","KOD_POCZT":"32-400","NAZWA_ULC":"Andrzeja Średniawskiego","NAZWA_GMI":"Myślenice","NAZWA_MSC":"Myślenice","odleglosc_m":0.0,"strefa":"w śladzie","warstwa":"adresy"},"geometry":{"type":"Point","coordinates":[19.913135,49.832187]}},{"type":"Feature","properties":{"NUMER_PORZ":"104","KOD_POCZT":"32-400","NAZWA_ULC":"3-ego Maja","NAZWA_GMI":"Myślenice","NAZWA_MSC":"Myślenice","odleglosc_m":159.4,"strefa":"50-200 m","warstwa":"adresy"},"geometry":{"type":"Point","coordinates":[19.915289,49.831237]}},{"type":"Feature","properties":{"NUMER_PORZ":"114f","KOD_POCZT":"32-400","NAZWA_ULC":"Andrzeja Średniawskiego","NAZWA_GMI":"Myślenice","NAZWA_MSC":"Myślenice","odleglosc_m":12.7,"strefa":"0-20 m","warstwa":"adresy"},"geometry":{"type":"Point","coordinates":[19.914079,49.833703]}},{"type":"Feature","properties":{"NUMER_PORZ":"5i","KOD_POCZT":"32-400","NAZWA_ULC":"Tarnówka","NAZWA_GMI":"Myślenice","NAZWA_MSC":"Myślenice","odleglosc_m":185.0,"strefa":"50-200 m","warstwa":"adresy"},"geometry":{"type":"Point","coordinates":[19.923536,49.848492]}},{"type":"Feature","properties":{"NUMER_PORZ":"111","KOD_POCZT":"32-400","NAZWA_ULC":"Andrzeja Średniawskiego","NAZWA_GMI":"Myślenice","NAZWA_MSC":"Myślenice","odleglosc_m":119.7,"strefa":"50-200 m","warstwa":"adresy"},"geometry":{"type":"Point","coordinates":[19.91515,49.83257]}},{"type":"Feature","properties":{"NUMER_PORZ":"115a","KOD_POCZT":"32-400","NAZWA_ULC":"3-ego Maja","NAZWA_GMI":"Myślenice","NAZWA_MSC":"Myślenice","odleglosc_m":96.9,"strefa":"50-200 m","warstwa":"adresy"},"geometry":{"type":"Point","coordinates":[19.910571,49.83042]}},{"type":"Feature","properties":{"NUMER_PORZ":"124a","KOD_POCZT":"32-400","NAZWA_ULC":"Andrzeja Średniawskiego","NAZWA_GMI":"Myślenice","NAZWA_MSC":"Myślenice","odleglosc_m":67.5,"strefa":"50-200 m","warstwa":"adresy"},"geometry":{"type":"Point","coordinates":[19.911622,49.832179]}},{"type":"Feature","properties":{"NUMER_PORZ":"6b","KOD_POCZT":"32-400","NAZWA_ULC":"Tarnówka","NAZWA_GMI":"Myślenice","NAZWA_MSC":"Myślenice","odleglosc_m":175.5,"strefa":"50-200 m","warstwa":"adresy"},"geometry":{"type":"Point","coordinates":[19.92413,49.849461]}},{"type":"Feature","properties":{"NUMER_PORZ":"114d","KOD_POCZT":"32-400","NAZWA_ULC":"Andrzeja Średniawskiego","NAZWA_GMI":"Myślenice","NAZWA_MSC":"Myślenice","odleglosc_m":19.9,"strefa":"0-20 m","warstwa":"adresy"},"geometry":{"type":"Point","coordinates":[19.914315,49.83397]}},{"type":"Feature","properties":{"NUMER_PORZ":"118d","KOD_POCZT":"32-400","NAZWA_ULC":"3-ego Maja","NAZWA_GMI":"Myślenice","NAZWA_MSC":"Myślenice","odleglosc_m":131.3,"strefa":"50-200 m","warstwa":"adresy"},"geometry":{"type":"Point","coordinates":[19.910059,49.830053]}},{"type":"Feature","properties":{"NUMER_PORZ":"106","KOD_POCZT":"32-400","NAZWA_ULC":"3-ego Maja","NAZWA_GMI":"Myślenice","NAZWA_MSC":"Myślenice","odleglosc_m":107.3,"strefa":"50-200 m","warstwa":"adresy"},"geometry":{"type":"Point","coordinates":[19.914672,49.8316]}},{"type":"Feature","properties":{"NUMER_PORZ":"117","KOD_POCZT":"32-400","NAZWA_ULC":"3-ego Maja","NAZWA_GMI":"Myślenice","NAZWA_MSC":"Myślenice","odleglosc_m":154.1,"strefa":"50-200 m","warstwa":"adresy"},"geometry":{"type":"Point","coordinates":[19.90991,49.830756]}},{"type":"Feature","properties":{"NUMER_PORZ":"4a","KOD_POCZT":"32-400","NAZWA_ULC":"Tarnówka","NAZWA_GMI":"Myślenice","NAZWA_MSC":"Myślenice","odleglosc_m":89.8,"strefa":"50-200 m","warstwa":"adresy"},"geometry":{"type":"Point","coordinates":[19.92511,49.848819]}},{"type":"Feature","properties":{"NUMER_PORZ":"110c","KOD_POCZT":"32-400","NAZWA_ULC":"Andrzeja Średniawskiego","NAZWA_GMI":"Myślenice","NAZWA_MSC":"Myślenice","odleglosc_m":150.7,"strefa":"50-200 m","warstwa":"adresy"},"geometry":{"type":"Point","coordinates":[19.915681,49.832765]}},{"type":"Feature","properties":{"NUMER_PORZ":"114c","KOD_POCZT":"32-400","NAZWA_ULC":"Andrzeja Średniawskiego","NAZWA_GMI":"Myślenice","NAZWA_MSC":"Myślenice","odleglosc_m":35.3,"strefa":"30-50 m","warstwa":"adresy"},"geometry":{"type":"Point","coordinates":[19.914069,49.832888]}},{"type":"Feature","properties":{"NUMER_PORZ":"114","KOD_POCZT":"32-400","NAZWA_ULC":"Andrzeja Średniawskiego","NAZWA_GMI":"Myślenice","NAZWA_MSC":"Myślenice","odleglosc_m":69.6,"strefa":"50-200 m","warstwa":"adresy"},"geometry":{"type":"Point","coordinates":[19.914372,49.83245]}},{"type":"Feature","properties":{"NUMER_PORZ":"116","KOD_POCZT":"32-400","NAZWA_ULC":"3-ego Maja","NAZWA_GMI":"Myślenice","NAZWA_MSC":"Myślenice","odleglosc_m":146.3,"strefa":"50-200 m","warstwa":"adresy"},"geometry":{"type":"Point","coordinates":[19.910221,49.831056]}},{"type":"Feature","properties":{"NUMER_PORZ":"103a","KOD_POCZT":"32-400","NAZWA_ULC":"Andrzeja Średniawskiego","NAZWA_GMI":"Myślenice","NAZWA_MSC":"Myślenice","odleglosc_m":190.3,"strefa":"50-200 m","warstwa":"adresy"},"geometry":{"type":"Point","coordinates":[19.91703,49.834157]}},{"type":"Feature","properties":{"NUMER_PORZ":"8b","KOD_POCZT":"32-400","NAZWA_ULC":"Tarnówka","NAZWA_GMI":"Myślenice","NAZWA_MSC":"Myślenice","odleglosc_m":14.1,"strefa":"0-20 m","warstwa":"adresy"},"geometry":{"type":"Point","coordinates":[19.926248,49.848948]}},{"type":"Feature","properties":{"NUMER_PORZ":"106a","KOD_POCZT":"32-400","NAZWA_ULC":"3-ego Maja","NAZWA_GMI":"Myślenice","NAZWA_MSC":"Myślenice","odleglosc_m":118.7,"strefa":"50-200 m","warstwa":"adresy"},"geometry":{"type":"Point","coordinates":[19.914778,49.831408]}},{"type":"Feature","properties":{"NUMER_PORZ":"4b","KOD_POCZT":"32-400","NAZWA_ULC":"Tarnówka","NAZWA_GMI":"Myślenice","NAZWA_MSC":"Myślenice","odleglosc_m":46.8,"strefa":"30-50 m","warstwa":"adresy"},"geometry":{"type":"Point","coordinates":[19.925923,49.849311]}},{"type":"Feature","properties":{"NUMER_PORZ":"109g","KOD_POCZT":"32-400","NAZWA_ULC":"3-ego Maja","NAZWA_GMI":"Myślenice","NAZWA_MSC":"Myślenice","odleglosc_m":65.9,"strefa":"50-200 m","warstwa":"adresy"},"geometry":{"type":"Point","coordinates":[19.913685,49.830538]}},{"type":"Feature","properties":{"NUMER_PORZ":"124","KOD_POCZT":"32-400","NAZWA_ULC":"Andrzeja Średniawskiego","NAZWA_GMI":"Myślenice","NAZWA_MSC":"Myślenice","odleglosc_m":61.4,"strefa":"50-200 m","warstwa":"adresy"},"geometry":{"type":"Point","coordinates":[19.911599,49.831866]}},{"type":"Feature","properties":{"NUMER_PORZ":"125E","KOD_POCZT":"32-400","NAZWA_ULC":"Andrzeja Średniawskiego","NAZWA_GMI":"Myślenice","NAZWA_MSC":"Myślenice","odleglosc_m":156.4,"strefa":"50-200 m","warstwa":"adresy"},"geometry":{"type":"Point","coordinates":[19.911157,49.833835]}},{"type":"Feature","properties":{"NUMER_PORZ":"121","KOD_POCZT":"32-400","NAZWA_ULC":"Andrzeja Średniawskiego","NAZWA_GMI":"Myślenice","NAZWA_MSC":"Myślenice","odleglosc_m":0.0,"strefa":"w śladzie","warstwa":"adresy"},"geometry":{"type":"Point","coordinates":[19.912661,49.832174]}},{"type":"Feature","properties":{"NUMER_PORZ":"118","KOD_POCZT":"32-400","NAZWA_ULC":"3-ego Maja","NAZWA_GMI":"Myślenice","NAZWA_MSC":"Myślenice","odleglosc_m":137.9,"strefa":"50-200 m","warstwa":"adresy"},"geometry":{"type":"Point","coordinates":[19.909948,49.829789]}},{"type":"Feature","properties":{"NUMER_PORZ":"109e","KOD_POCZT":"32-400","NAZWA_ULC":"3-ego Maja","NAZWA_GMI":"Myślenice","NAZWA_MSC":"Myślenice","odleglosc_m":70.6,"strefa":"50-200 m","warstwa":"adresy"},"geometry":{"type":"Point","coordinates":[19.91376,49.83033]}},{"type":"Feature","properties":{"NUMER_PORZ":"110","KOD_POCZT":"32-400","NAZWA_ULC":"3-ego Maja","NAZWA_GMI":"Myślenice","NAZWA_MSC":"Myślenice","odleglosc_m":0.0,"strefa":"w śladzie","warstwa":"adresy"},"geometry":{"type":"Point","coordinates":[19.912795,49.831267]}},{"type":"Feature","properties":{"NUMER_PORZ":"3K","KOD_POCZT":"32-400","NAZWA_ULC":"Tarnówka","NAZWA_GMI":"Myślenice","NAZWA_MSC":"Myślenice","odleglosc_m":96.4,"strefa":"50-200 m","warstwa":"adresy"},"geometry":{"type":"Point","coordinates":[19.924385,49.847721]}},{"type":"Feature","properties":{"NUMER_PORZ":"125D","KOD_POCZT":"32-400","NAZWA_ULC":"Andrzeja Średniawskiego","NAZWA_GMI":"Myślenice","NAZWA_MSC":"Myślenice","odleglosc_m":84.6,"strefa":"50-200 m","warstwa":"adresy"},"geometry":{"type":"Point","coordinates":[19.911262,49.831885]}},{"type":"Feature","properties":{"NUMER_PORZ":"106b","KOD_POCZT":"32-400","NAZWA_ULC":"3-ego Maja","NAZWA_GMI":"Myślenice","NAZWA_MSC":"Myślenice","odleglosc_m":88.4,"strefa":"50-200 m","warstwa":"adresy"},"geometry":{"type":"Point","coordinates":[19.914355,49.831445]}},{"type":"Feature","properties":{"NUMER_PORZ":"4f","KOD_POCZT":"32-400","NAZWA_ULC":"Tarnówka","NAZWA_GMI":"Myślenice","NAZWA_MSC":"Myślenice","odleglosc_m":49.5,"strefa":"30-50 m","warstwa":"adresy"},"geometry":{"type":"Point","coordinates":[19.925656,49.848733]}},{"type":"Feature","properties":{"NUMER_PORZ":"109d","KOD_POCZT":"32-400","NAZWA_ULC":"3-ego Maja","NAZWA_GMI":"Myślenice","NAZWA_MSC":"Myślenice","odleglosc_m":48.1,"strefa":"30-50 m","warstwa":"adresy"},"geometry":{"type":"Point","coordinates":[19.913436,49.830579]}},{"type":"Feature","properties":{"NUMER_PORZ":"105b","KOD_POCZT":"32-400","NAZWA_ULC":"Andrzeja Średniawskiego","NAZWA_GMI":"Myślenice","NAZWA_MSC":"Myślenice","odleglosc_m":159.1,"strefa":"50-200 m","warstwa":"adresy"},"geometry":{"type":"Point","coordinates":[19.916375,49.833854]}},{"type":"Feature","properties":{"NUMER_PORZ":"120a","KOD_POCZT":"32-400","NAZWA_ULC":"Andrzeja Średniawskiego","NAZWA_GMI":"Myślenice","NAZWA_MSC":"Myślenice","odleglosc_m":0.0,"strefa":"w śladzie","warstwa":"adresy"},"geometry":{"type":"Point","coordinates":[19.913064,49.831769]}},{"type":"Feature","properties":{"NUMER_PORZ":"109f","KOD_POCZT":"32-400","NAZWA_ULC":"3-ego Maja","NAZWA_GMI":"Myślenice","NAZWA_MSC":"Myślenice","odleglosc_m":62.7,"strefa":"50-200 m","warstwa":"adresy"},"geometry":{"type":"Point","coordinates":[19.913625,49.830804]}},{"type":"Feature","properties":{"NUMER_PORZ":"106","KOD_POCZT":"32-400","NAZWA_ULC":"Andrzeja Średniawskiego","NAZWA_GMI":"Myślenice","NAZWA_MSC":"Myślenice","odleglosc_m":174.6,"strefa":"50-200 m","warstwa":"adresy"},"geometry":{"type":"Point","coordinates":[19.916156,49.833123]}},{"type":"Feature","properties":{"NUMER_PORZ":"123a","KOD_POCZT":"32-400","NAZWA_ULC":"Andrzeja Średniawskiego","NAZWA_GMI":"Myślenice","NAZWA_MSC":"Myślenice","odleglosc_m":44.4,"strefa":"30-50 m","warstwa":"adresy"},"geometry":{"type":"Point","coordinates":[19.911851,49.831904]}},{"type":"Feature","properties":{"NUMER_PORZ":"121a","KOD_POCZT":"32-400","NAZWA_ULC":"Andrzeja Średniawskiego","NAZWA_GMI":"Myślenice","NAZWA_MSC":"Myślenice","odleglosc_m":0.0,"strefa":"w śladzie","warstwa":"adresy"},"geometry":{"type":"Point","coordinates":[19.912684,49.831951]}},{"type":"Feature","properties":{"NUMER_PORZ":"104d","KOD_POCZT":"32-400","NAZWA_ULC":"Andrzeja Średniawskiego","NAZWA_GMI":"Myślenice","NAZWA_MSC":"Myślenice","odleglosc_m":155.4,"strefa":"50-200 m","warstwa":"adresy"},"geometry":{"type":"Point","coordinates":[19.916653,49.834364]}},{"type":"Feature","properties":{"NUMER_PORZ":"3J","KOD_POCZT":"32-400","NAZWA_ULC":"Tarnówka","NAZWA_GMI":"Myślenice","NAZWA_MSC":"Myślenice","odleglosc_m":86.7,"strefa":"50-200 m","warstwa":"adresy"},"geometry":{"type":"Point","coordinates":[19.923749,49.846801]}},{"type":"Feature","properties":{"NUMER_PORZ":"116","KOD_POCZT":"32-400","NAZWA_ULC":"Andrzeja Średniawskiego","NAZWA_GMI":"Myślenice","NAZWA_MSC":"Myślenice","odleglosc_m":21.3,"strefa":"20-30 m","warstwa":"adresy"},"geometry":{"type":"Point","coordinates":[19.913583,49.832241]}},{"type":"Feature","properties":{"NUMER_PORZ":"110d","KOD_POCZT":"32-400","NAZWA_ULC":"Andrzeja Średniawskiego","NAZWA_GMI":"Myślenice","NAZWA_MSC":"Myślenice","odleglosc_m":118.3,"strefa":"50-200 m","warstwa":"adresy"},"geometry":{"type":"Point","coordinates":[19.915267,49.832903]}},{"type":"Feature","properties":{"NUMER_PORZ":"104b","KOD_POCZT":"32-400","NAZWA_ULC":"Andrzeja Średniawskiego","NAZWA_GMI":"Myślenice","NAZWA_MSC":"Myślenice","odleglosc_m":149.8,"strefa":"50-200 m","warstwa":"adresy"},"geometry":{"type":"Point","coordinates":[19.916893,49.834728]}},{"type":"Feature","properties":{"NUMER_PORZ":"106a","KOD_POCZT":"32-400","NAZWA_ULC":"Andrzeja Średniawskiego","NAZWA_GMI":"Myślenice","NAZWA_MSC":"Myślenice","odleglosc_m":182.7,"strefa":"50-200 m","warstwa":"adresy"},"geometry":{"type":"Point","coordinates":[19.916182,49.832897]}},{"type":"Feature","properties":{"NUMER_PORZ":"3e","KOD_POCZT":"32-400","NAZWA_ULC":"Tarnówka","NAZWA_GMI":"Myślenice","NAZWA_MSC":"Myślenice","odleglosc_m":34.7,"strefa":"30-50 m","warstwa":"adresy"},"geometry":{"type":"Point","coordinates":[19.925746,49.845639]}},{"type":"Feature","properties":{"NUMER_PORZ":"105","KOD_POCZT":"32-400","NAZWA_ULC":"3-ego Maja","NAZWA_GMI":"Myślenice","NAZWA_MSC":"Myślenice","odleglosc_m":126.9,"strefa":"50-200 m","warstwa":"adresy"},"geometry":{"type":"Point","coordinates":[19.914968,49.831794]}},{"type":"Feature","properties":{"NUMER_PORZ":"117A","KOD_POCZT":"32-400","NAZWA_ULC":"3-ego Maja","NAZWA_GMI":"Myślenice","NAZWA_MSC":"Myślenice","odleglosc_m":92.6,"strefa":"50-200 m","warstwa":"adresy"},"geometry":{"type":"Point","coordinates":[19.910601,49.829893]}},{"type":"Feature","properties":{"NUMER_PORZ":"107B","KOD_POCZT":"32-400","NAZWA_ULC":"Andrzeja Średniawskiego","NAZWA_GMI":"Myślenice","NAZWA_MSC":"Myślenice","odleglosc_m":97.3,"strefa":"50-200 m","warstwa":"adresy"},"geometry":{"type":"Point","coordinates":[19.91614,49.834835]}},{"type":"Feature","properties":{"NUMER_PORZ":"3","KOD_POCZT":"32-400","NAZWA_ULC":"Tarnówka","NAZWA_GMI":"Myślenice","NAZWA_MSC":"Myślenice","odleglosc_m":106.6,"strefa":"50-200 m","warstwa":"adresy"},"geometry":{"type":"Point","coordinates":[19.924701,49.848499]}},{"type":"Feature","properties":{"NUMER_PORZ":"4E","KOD_POCZT":"32-400","NAZWA_ULC":"Tarnówka","NAZWA_GMI":"Myślenice","NAZWA_MSC":"Myślenice","odleglosc_m":86.8,"strefa":"50-200 m","warstwa":"adresy"},"geometry":{"type":"Point","coordinates":[19.925461,49.849615]}},{"type":"Feature","properties":{"NUMER_PORZ":"118","KOD_POCZT":"32-400","NAZWA_ULC":"Andrzeja Średniawskiego","NAZWA_GMI":"Myślenice","NAZWA_MSC":"Myślenice","odleglosc_m":0.9,"strefa":"0-20 m","warstwa":"adresy"},"geometry":{"type":"Point","coordinates":[19.913288,49.832192]}},{"type":"Feature","properties":{"NUMER_PORZ":"8a","KOD_POCZT":"32-400","NAZWA_ULC":"Tarnówka","NAZWA_GMI":"Myślenice","NAZWA_MSC":"Myślenice","odleglosc_m":195.0,"strefa":"50-200 m","warstwa":"adresy"},"geometry":{"type":"Point","coordinates":[19.923952,49.849716]}},{"type":"Feature","properties":{"NUMER_PORZ":"106E","KOD_POCZT":"32-400","NAZWA_ULC":"3-ego Maja","NAZWA_GMI":"Myślenice","NAZWA_MSC":"Myślenice","odleglosc_m":62.2,"strefa":"50-200 m","warstwa":"adresy"},"geometry":{"type":"Point","coordinates":[19.914022,49.831549]}},{"type":"Feature","properties":{"NUMER_PORZ":"6","KOD_POCZT":"32-400","NAZWA_ULC":"Tarnówka","NAZWA_GMI":"Myślenice","NAZWA_MSC":"Myślenice","odleglosc_m":137.7,"strefa":"50-200 m","warstwa":"adresy"},"geometry":{"type":"Point","coordinates":[19.924636,49.849369]}},{"type":"Feature","properties":{"NUMER_PORZ":"110e","KOD_POCZT":"32-400","NAZWA_ULC":"3-ego Maja","NAZWA_GMI":"Myślenice","NAZWA_MSC":"Myślenice","odleglosc_m":0.0,"strefa":"w śladzie","warstwa":"adresy"},"geometry":{"type":"Point","coordinates":[19.912546,49.830433]}},{"type":"Feature","properties":{"NUMER_PORZ":"108a","KOD_POCZT":"32-400","NAZWA_ULC":"Andrzeja Średniawskiego","NAZWA_GMI":"Myślenice","NAZWA_MSC":"Myślenice","odleglosc_m":146.4,"strefa":"50-200 m","warstwa":"adresy"},"geometry":{"type":"Point","coordinates":[19.915758,49.833145]}},{"type":"Feature","properties":{"NUMER_PORZ":"129b","KOD_POCZT":"32-400","NAZWA_ULC":"Andrzeja Średniawskiego","NAZWA_GMI":"Myślenice","NAZWA_MSC":"Myślenice","odleglosc_m":196.1,"strefa":"50-200 m","warstwa":"adresy"},"geometry":{"type":"Point","coordinates":[19.909594,49.831696]}},{"type":"Feature","properties":{"NUMER_PORZ":"4c","KOD_POCZT":"32-400","NAZWA_ULC":"Tarnówka","NAZWA_GMI":"Myślenice","NAZWA_MSC":"Myślenice","odleglosc_m":65.9,"strefa":"50-200 m","warstwa":"adresy"},"geometry":{"type":"Point","coordinates":[19.925621,49.849247]}},{"type":"Feature","properties":{"NUMER_PORZ":"2","KOD_POCZT":"32-400","NAZWA_ULC":"Tarnówka","NAZWA_GMI":"Myślenice","NAZWA_MSC":"Myślenice","odleglosc_m":26.4,"strefa":"20-30 m","warstwa":"adresy"},"geometry":{"type":"Point","coordinates":[19.926019,49.8488]}},{"type":"Feature","properties":{"NUMER_PORZ":"118e","KOD_POCZT":"32-400","NAZWA_ULC":"3-ego Maja","NAZWA_GMI":"Myślenice","NAZWA_MSC":"Myślenice","odleglosc_m":173.1,"strefa":"50-200 m","warstwa":"adresy"},"geometry":{"type":"Point","coordinates":[19.909553,49.830612]}},{"type":"Feature","properties":{"NUMER_PORZ":"125c","KOD_POCZT":"32-400","NAZWA_ULC":"Andrzeja Średniawskiego","NAZWA_GMI":"Myślenice","NAZWA_MSC":"Myślenice","odleglosc_m":122.8,"strefa":"50-200 m","warstwa":"adresy"},"geometry":{"type":"Point","coordinates":[19.911179,49.832983]}},{"type":"Feature","properties":{"NUMER_PORZ":"125b","KOD_POCZT":"32-400","NAZWA_ULC":"Andrzeja Średniawskiego","NAZWA_GMI":"Myślenice","NAZWA_MSC":"Myślenice","odleglosc_m":116.8,"strefa":"50-200 m","warstwa":"adresy"},"geometry":{"type":"Point","coordinates":[19.911143,49.832719]}},{"type":"Feature","properties":{"NUMER_PORZ":"110a","KOD_POCZT":"32-400","NAZWA_ULC":"3-ego Maja","NAZWA_GMI":"Myślenice","NAZWA_MSC":"Myślenice","odleglosc_m":12.7,"strefa":"0-20 m","warstwa":"adresy"},"geometry":{"type":"Point","coordinates":[19.913095,49.831283]}},{"type":"Feature","properties":{"NUMER_PORZ":"108b","KOD_POCZT":"32-400","NAZWA_ULC":"3-ego Maja","NAZWA_GMI":"Myślenice","NAZWA_MSC":"Myślenice","odleglosc_m":75.0,"strefa":"50-200 m","warstwa":"adresy"},"geometry":{"type":"Point","coordinates":[19.9138,49.830728]}},{"type":"Feature","properties":{"NUMER_PORZ":"3c","KOD_POCZT":"32-400","NAZWA_ULC":"Tarnówka","NAZWA_GMI":"Myślenice","NAZWA_MSC":"Myślenice","odleglosc_m":30.6,"strefa":"30-50 m","warstwa":"adresy"},"geometry":{"type":"Point","coordinates":[19.923851,49.84588]}},{"type":"Feature","properties":{"NUMER_PORZ":"3a","KOD_POCZT":"32-400","NAZWA_ULC":"Tarnówka","NAZWA_GMI":"Myślenice","NAZWA_MSC":"Myślenice","odleglosc_m":5.6,"strefa":"0-20 m","warstwa":"adresy"},"geometry":{"type":"Point","coordinates":[19.924072,49.845677]}},{"type":"Feature","properties":{"NUMER_PORZ":"110G","KOD_POCZT":"32-400","NAZWA_ULC":"3-ego Maja","NAZWA_GMI":"Myślenice","NAZWA_MSC":"Myślenice","odleglosc_m":12.3,"strefa":"0-20 m","warstwa":"adresy"},"geometry":{"type":"Point","coordinates":[19.912912,49.830858]}},{"type":"Feature","properties":{"NUMER_PORZ":"108","KOD_POCZT":"32-400","NAZWA_ULC":"Andrzeja Średniawskiego","NAZWA_GMI":"Myślenice","NAZWA_MSC":"Myślenice","odleglosc_m":155.7,"strefa":"50-200 m","warstwa":"adresy"},"geometry":{"type":"Point","coordinates":[19.91581,49.832936]}},{"type":"Feature","properties":{"NUMER_PORZ":"118a","KOD_POCZT":"32-400","NAZWA_ULC":"Andrzeja Średniawskiego","NAZWA_GMI":"Myślenice","NAZWA_MSC":"Myślenice","odleglosc_m":0.0,"strefa":"w śladzie","warstwa":"adresy"},"geometry":{"type":"Point","coordinates":[19.913303,49.833267]}},{"type":"Feature","properties":{"NUMER_PORZ":"114","KOD_POCZT":"32-400","NAZWA_ULC":"3-ego Maja","NAZWA_GMI":"Myślenice","NAZWA_MSC":"Myślenice","odleglosc_m":116.7,"strefa":"50-200 m","warstwa":"adresy"},"geometry":{"type":"Point","coordinates":[19.910597,49.830947]}},{"type":"Feature","properties":{"NUMER_PORZ":"103f","KOD_POCZT":"32-400","NAZWA_ULC":"Andrzeja Średniawskiego","NAZWA_GMI":"Myślenice","NAZWA_MSC":"Myślenice","odleglosc_m":145.4,"strefa":"50-200 m","warstwa":"adresy"},"geometry":{"type":"Point","coordinates":[19.917265,49.835223]}},{"type":"Feature","properties":{"NUMER_PORZ":"109a","KOD_POCZT":"32-400","NAZWA_ULC":"3-ego Maja","NAZWA_GMI":"Myślenice","NAZWA_MSC":"Myślenice","odleglosc_m":35.6,"strefa":"30-50 m","warstwa":"adresy"},"geometry":{"type":"Point","coordinates":[19.913316,49.831092]}},{"type":"Feature","properties":{"NUMER_PORZ":"118c","KOD_POCZT":"32-400","NAZWA_ULC":"3-ego Maja","NAZWA_GMI":"Myślenice","NAZWA_MSC":"Myślenice","odleglosc_m":156.9,"strefa":"50-200 m","warstwa":"adresy"},"geometry":{"type":"Point","coordinates":[19.909694,49.83027]}},{"type":"Feature","properties":{"NUMER_PORZ":"6c","KOD_POCZT":"32-400","NAZWA_ULC":"Tarnówka","NAZWA_GMI":"Myślenice","NAZWA_MSC":"Myślenice","odleglosc_m":114.3,"strefa":"50-200 m","warstwa":"adresy"},"geometry":{"type":"Point","coordinates":[19.924932,49.849271]}},{"type":"Feature","properties":{"NUMER_PORZ":"122","KOD_POCZT":"32-400","NAZWA_ULC":"Andrzeja Średniawskiego","NAZWA_GMI":"Myślenice","NAZWA_MSC":"Myślenice","odleglosc_m":14.3,"strefa":"0-20 m","warstwa":"adresy"},"geometry":{"type":"Point","coordinates":[19.912365,49.832123]}},{"type":"Feature","properties":{"NUMER_PORZ":"128a","KOD_POCZT":"32-400","NAZWA_ULC":"Andrzeja Średniawskiego","NAZWA_GMI":"Myślenice","NAZWA_MSC":"Myślenice","odleglosc_m":181.3,"strefa":"50-200 m","warstwa":"adresy"},"geometry":{"type":"Point","coordinates":[19.910285,49.83289]}},{"type":"Feature","properties":{"NUMER_PORZ":"122a","KOD_POCZT":"32-400","NAZWA_ULC":"Andrzeja Średniawskiego","NAZWA_GMI":"Myślenice","NAZWA_MSC":"Myślenice","odleglosc_m":7.0,"strefa":"0-20 m","warstwa":"adresy"},"geometry":{"type":"Point","coordinates":[19.912402,49.831961]}},{"type":"Feature","properties":{"NUMER_PORZ":"124B","KOD_POCZT":"32-400","NAZWA_ULC":"Andrzeja Średniawskiego","NAZWA_GMI":"Myślenice","NAZWA_MSC":"Myślenice","odleglosc_m":69.5,"strefa":"50-200 m","warstwa":"adresy"},"geometry":{"type":"Point","coordinates":[19.911572,49.83213]}},{"type":"Feature","properties":{"NUMER_PORZ":"105A","KOD_POCZT":"32-400","NAZWA_ULC":"3-ego Maja","NAZWA_GMI":"Myślenice","NAZWA_MSC":"Myślenice","odleglosc_m":140.7,"strefa":"50-200 m","warstwa":"adresy"},"geometry":{"type":"Point","coordinates":[19.915033,49.831273]}},{"type":"Feature","properties":{"NUMER_PORZ":"4I","KOD_POCZT":"32-400","NAZWA_ULC":"Tarnówka","NAZWA_GMI":"Myślenice","NAZWA_MSC":"Myślenice","odleglosc_m":66.5,"strefa":"50-200 m","warstwa":"adresy"},"geometry":{"type":"Point","coordinates":[19.925369,49.84865]}},{"type":"Feature","properties":{"NUMER_PORZ":"1a","KOD_POCZT":"32-400","NAZWA_ULC":"Tarnówka","NAZWA_GMI":"Myślenice","NAZWA_MSC":"Myślenice","odleglosc_m":67.4,"strefa":"50-200 m","warstwa":"adresy"},"geometry":{"type":"Point","coordinates":[19.923061,49.845615]}},{"type":"Feature","properties":{"NUMER_PORZ":"110d","KOD_POCZT":"32-400","NAZWA_ULC":"3-ego Maja","NAZWA_GMI":"Myślenice","NAZWA_MSC":"Myślenice","odleglosc_m":0.0,"strefa":"w śladzie","warstwa":"adresy"},"geometry":{"type":"Point","coordinates":[19.912507,49.83116]}},{"type":"Feature","properties":{"NUMER_PORZ":"110b","KOD_POCZT":"32-400","NAZWA_ULC":"3-ego Maja","NAZWA_GMI":"Myślenice","NAZWA_MSC":"Myślenice","odleglosc_m":0.0,"strefa":"w śladzie","warstwa":"adresy"},"geometry":{"type":"Point","coordinates":[19.912347,49.830944]}},{"type":"Feature","properties":{"NUMER_PORZ":"1g","KOD_POCZT":"32-400","NAZWA_ULC":"Tarnówka","NAZWA_GMI":"Myślenice","NAZWA_MSC":"Myślenice","odleglosc_m":66.9,"strefa":"50-200 m","warstwa":"adresy"},"geometry":{"type":"Point","coordinates":[19.922559,49.844959]}},{"type":"Feature","properties":{"NUMER_PORZ":"104c","KOD_POCZT":"32-400","NAZWA_ULC":"Andrzeja Średniawskiego","NAZWA_GMI":"Myślenice","NAZWA_MSC":"Myślenice","odleglosc_m":182.4,"strefa":"50-200 m","warstwa":"adresy"},"geometry":{"type":"Point","coordinates":[19.916791,49.833993]}},{"type":"Feature","properties":{"NUMER_PORZ":"8E","KOD_POCZT":"32-400","NAZWA_ULC":"Tarnówka","NAZWA_GMI":"Myślenice","NAZWA_MSC":"Myślenice","odleglosc_m":190.2,"strefa":"50-200 m","warstwa":"adresy"},"geometry":{"type":"Point","coordinates":[19.924118,49.85003]}},{"type":"Feature","properties":{"NUMER_PORZ":"107","KOD_POCZT":"32-400","NAZWA_ULC":"Andrzeja Średniawskiego","NAZWA_GMI":"Myślenice","NAZWA_MSC":"Myślenice","odleglosc_m":147.2,"strefa":"50-200 m","warstwa":"adresy"},"geometry":{"type":"Point","coordinates":[19.915934,49.833484]}},{"type":"Feature","properties":{"NUMER_PORZ":"107a","KOD_POCZT":"32-400","NAZWA_ULC":"Andrzeja Średniawskiego","NAZWA_GMI":"Myślenice","NAZWA_MSC":"Myślenice","odleglosc_m":155.2,"strefa":"50-200 m","warstwa":"adresy"},"geometry":{"type":"Point","coordinates":[19.915928,49.833233]}},{"type":"Feature","properties":{"NUMER_PORZ":"114a","KOD_POCZT":"32-400","NAZWA_ULC":"Andrzeja Średniawskiego","NAZWA_GMI":"Myślenice","NAZWA_MSC":"Myślenice","odleglosc_m":17.3,"strefa":"0-20 m","warstwa":"adresy"},"geometry":{"type":"Point","coordinates":[19.914072,49.833551]}},{"type":"Feature","properties":{"NUMER_PORZ":"106c","KOD_POCZT":"32-400","NAZWA_ULC":"3-ego Maja","NAZWA_GMI":"Myślenice","NAZWA_MSC":"Myślenice","odleglosc_m":147.0,"strefa":"50-200 m","warstwa":"adresy"},"geometry":{"type":"Point","coordinates":[19.914852,49.830282]}},{"type":"Feature","properties":{"NUMER_PORZ":"105c","KOD_POCZT":"32-400","NAZWA_ULC":"Andrzeja Średniawskiego","NAZWA_GMI":"Myślenice","NAZWA_MSC":"Myślenice","odleglosc_m":138.1,"strefa":"50-200 m","warstwa":"adresy"},"geometry":{"type":"Point","coordinates":[19.916468,49.834469]}},{"type":"Feature","properties":{"NUMER_PORZ":"108","KOD_POCZT":"32-400","NAZWA_ULC":"3-ego Maja","NAZWA_GMI":"Myślenice","NAZWA_MSC":"Myślenice","odleglosc_m":68.2,"strefa":"50-200 m","warstwa":"adresy"},"geometry":{"type":"Point","coordinates":[19.913747,49.830997]}},{"type":"Feature","properties":{"NUMER_PORZ":"127","KOD_POCZT":"32-400","NAZWA_ULC":"Andrzeja Średniawskiego","NAZWA_GMI":"Myślenice","NAZWA_MSC":"Myślenice","odleglosc_m":140.7,"strefa":"50-200 m","warstwa":"adresy"},"geometry":{"type":"Point","coordinates":[19.9104,49.831813]}},{"type":"Feature","properties":{"NUMER_PORZ":"119b","KOD_POCZT":"32-400","NAZWA_ULC":"3-ego Maja","NAZWA_GMI":"Myślenice","NAZWA_MSC":"Myślenice","odleglosc_m":193.8,"strefa":"50-200 m","warstwa":"adresy"},"geometry":{"type":"Point","coordinates":[19.909249,49.830592]}},{"type":"Feature","properties":{"NUMER_PORZ":"1d","KOD_POCZT":"32-400","NAZWA_ULC":"Tarnówka","NAZWA_GMI":"Myślenice","NAZWA_MSC":"Myślenice","odleglosc_m":51.2,"strefa":"50-200 m","warstwa":"adresy"},"geometry":{"type":"Point","coordinates":[19.923087,49.845338]}},{"type":"Feature","properties":{"NUMER_PORZ":"111a","KOD_POCZT":"32-400","NAZWA_ULC":"3-ego Maja","NAZWA_GMI":"Myślenice","NAZWA_MSC":"Myślenice","odleglosc_m":22.8,"strefa":"20-30 m","warstwa":"adresy"},"geometry":{"type":"Point","coordinates":[19.912036,49.831165]}},{"type":"Feature","properties":{"NUMER_PORZ":"128","KOD_POCZT":"32-400","NAZWA_ULC":"Andrzeja Średniawskiego","NAZWA_GMI":"Myślenice","NAZWA_MSC":"Myślenice","odleglosc_m":153.7,"strefa":"50-200 m","warstwa":"adresy"},"geometry":{"type":"Point","coordinates":[19.910283,49.831977]}},{"type":"Feature","properties":{"NUMER_PORZ":"110c","KOD_POCZT":"32-400","NAZWA_ULC":"3-ego Maja","NAZWA_GMI":"Myślenice","NAZWA_MSC":"Myślenice","odleglosc_m":16.9,"strefa":"0-20 m","warstwa":"adresy"},"geometry":{"type":"Point","coordinates":[19.913059,49.83113]}},{"type":"Feature","properties":{"NUMER_PORZ":"123","KOD_POCZT":"32-400","NAZWA_ULC":"Andrzeja Średniawskiego","NAZWA_GMI":"Myślenice","NAZWA_MSC":"Myślenice","odleglosc_m":44.2,"strefa":"30-50 m","warstwa":"adresy"},"geometry":{"type":"Point","coordinates":[19.911929,49.832112]}},{"type":"Feature","properties":{"NUMER_PORZ":"6a","KOD_POCZT":"32-400","NAZWA_ULC":"Tarnówka","NAZWA_GMI":"Myślenice","NAZWA_MSC":"Myślenice","odleglosc_m":0.0,"strefa":"w śladzie","warstwa":"adresy"},"geometry":{"type":"Point","coordinates":[19.926265,49.847808]}},{"type":"Feature","properties":{"NUMER_PORZ":"103c","KOD_POCZT":"32-400","NAZWA_ULC":"Andrzeja Średniawskiego","NAZWA_GMI":"Myślenice","NAZWA_MSC":"Myślenice","odleglosc_m":172.5,"strefa":"50-200 m","warstwa":"adresy"},"geometry":{"type":"Point","coordinates":[19.917142,49.834599]}},{"type":"Feature","properties":{"NUMER_PORZ":"115","KOD_POCZT":"32-400","NAZWA_ULC":"3-ego Maja","NAZWA_GMI":"Myślenice","NAZWA_MSC":"Myślenice","odleglosc_m":135.2,"strefa":"50-200 m","warstwa":"adresy"},"geometry":{"type":"Point","coordinates":[19.910221,49.830809]}},{"type":"Feature","properties":{"NUMER_PORZ":"102a","KOD_POCZT":"32-400","NAZWA_ULC":"3-ego Maja","NAZWA_GMI":"Myślenice","NAZWA_MSC":"Myślenice","odleglosc_m":199.3,"strefa":"50-200 m","warstwa":"adresy"},"geometry":{"type":"Point","coordinates":[19.915932,49.831443]}},{"type":"Feature","properties":{"NUMER_PORZ":"111d","KOD_POCZT":"32-400","NAZWA_ULC":"3-ego Maja","NAZWA_GMI":"Myślenice","NAZWA_MSC":"Myślenice","odleglosc_m":27.5,"strefa":"20-30 m","warstwa":"adresy"},"geometry":{"type":"Point","coordinates":[19.911741,49.830638]}},{"type":"Feature","properties":{"NUMER_PORZ":"3b","KOD_POCZT":"32-400","NAZWA_ULC":"Tarnówka","NAZWA_GMI":"Myślenice","NAZWA_MSC":"Myślenice","odleglosc_m":21.8,"strefa":"20-30 m","warstwa":"adresy"},"geometry":{"type":"Point","coordinates":[19.924257,49.846206]}},{"type":"Feature","properties":{"NUMER_PORZ":"120","KOD_POCZT":"32-400","NAZWA_ULC":"Andrzeja Średniawskiego","NAZWA_GMI":"Myślenice","NAZWA_MSC":"Myślenice","odleglosc_m":0.0,"strefa":"w śladzie","warstwa":"adresy"},"geometry":{"type":"Point","coordinates":[19.913065,49.831968]}},{"type":"Feature","properties":{"NUMER_PORZ":"102b","KOD_POCZT":"32-400","NAZWA_ULC":"3-ego Maja","NAZWA_GMI":"Myślenice","NAZWA_MSC":"Myślenice","odleglosc_m":171.3,"strefa":"50-200 m","warstwa":"adresy"},"geometry":{"type":"Point","coordinates":[19.915598,49.831799]}},{"type":"Feature","properties":{"NUMER_PORZ":"106d","KOD_POCZT":"32-400","NAZWA_ULC":"3-ego Maja","NAZWA_GMI":"Myślenice","NAZWA_MSC":"Myślenice","odleglosc_m":157.0,"strefa":"50-200 m","warstwa":"adresy"},"geometry":{"type":"Point","coordinates":[19.914948,49.830618]}},{"type":"Feature","properties":{"NUMER_PORZ":"112","KOD_POCZT":"32-400","NAZWA_ULC":"Andrzeja Średniawskiego","NAZWA_GMI":"Myślenice","NAZWA_MSC":"Myślenice","odleglosc_m":105.2,"strefa":"50-200 m","warstwa":"adresy"},"geometry":{"type":"Point","coordinates":[19.914931,49.832551]}},{"type":"Feature","properties":{"NUMER_PORZ":"10","KOD_POCZT":"32-400","NAZWA_ULC":"Tarnówka","NAZWA_GMI":"Myślenice","NAZWA_MSC":"Myślenice","odleglosc_m":49.3,"strefa":"30-50 m","warstwa":"adresy"},"geometry":{"type":"Point","coordinates":[19.927169,49.847787]}},{"type":"Feature","properties":{"NUMER_PORZ":"129","KOD_POCZT":"32-400","NAZWA_ULC":"Andrzeja Średniawskiego","NAZWA_GMI":"Myślenice","NAZWA_MSC":"Myślenice","odleglosc_m":189.2,"strefa":"50-200 m","warstwa":"adresy"},"geometry":{"type":"Point","coordinates":[19.909791,49.83203]}},{"type":"Feature","properties":{"NUMER_PORZ":"115","KOD_POCZT":"32-400","NAZWA_ULC":"Andrzeja Średniawskiego","NAZWA_GMI":"Myślenice","NAZWA_MSC":"Myślenice","odleglosc_m":40.7,"strefa":"30-50 m","warstwa":"adresy"},"geometry":{"type":"Point","coordinates":[19.913886,49.832297]}},{"type":"Feature","properties":{"NUMER_PORZ":"129a","KOD_POCZT":"32-400","NAZWA_ULC":"Andrzeja Średniawskiego","NAZWA_GMI":"Myślenice","NAZWA_MSC":"Myślenice","odleglosc_m":185.4,"strefa":"50-200 m","warstwa":"adresy"},"geometry":{"type":"Point","coordinates":[19.909783,49.83187]}},{"type":"Feature","properties":{"NUMER_PORZ":"114b","KOD_POCZT":"32-400","NAZWA_ULC":"Andrzeja Średniawskiego","NAZWA_GMI":"Myślenice","NAZWA_MSC":"Myślenice","odleglosc_m":48.1,"strefa":"30-50 m","warstwa":"adresy"},"geometry":{"type":"Point","coordinates":[19.914041,49.832406]}},{"type":"Feature","properties":{"NUMER_PORZ":"111c","KOD_POCZT":"32-400","NAZWA_ULC":"3-ego Maja","NAZWA_GMI":"Myślenice","NAZWA_MSC":"Myślenice","odleglosc_m":49.0,"strefa":"30-50 m","warstwa":"adresy"},"geometry":{"type":"Point","coordinates":[19.911613,49.830936]}},{"type":"Feature","properties":{"NUMER_PORZ":"112","KOD_POCZT":"32-400","NAZWA_ULC":"3-ego Maja","NAZWA_GMI":"Myślenice","NAZWA_MSC":"Myślenice","odleglosc_m":82.3,"strefa":"50-200 m","warstwa":"adresy"},"geometry":{"type":"Point","coordinates":[19.911167,49.831018]}},{"type":"Feature","properties":{"NUMER_PORZ":"106b","KOD_POCZT":"32-400","NAZWA_ULC":"Andrzeja Średniawskiego","NAZWA_GMI":"Myślenice","NAZWA_MSC":"Myślenice","odleglosc_m":88.5,"strefa":"50-200 m","warstwa":"adresy"},"geometry":{"type":"Point","coordinates":[19.916624,49.83553]}},{"type":"Feature","properties":{"NUMER_PORZ":"109c","KOD_POCZT":"32-400","NAZWA_ULC":"3-ego Maja","NAZWA_GMI":"Myślenice","NAZWA_MSC":"Myślenice","odleglosc_m":24.2,"strefa":"20-30 m","warstwa":"adresy"},"geometry":{"type":"Point","coordinates":[19.913379,49.831476]}},{"type":"Feature","properties":{"NUMER_PORZ":"130","KOD_POCZT":"32-400","NAZWA_ULC":"Andrzeja Średniawskiego","NAZWA_GMI":"Myślenice","NAZWA_MSC":"Myślenice","odleglosc_m":199.1,"strefa":"50-200 m","warstwa":"adresy"},"geometry":{"type":"Point","coordinates":[19.909601,49.83191]}},{"type":"Feature","properties":{"NUMER_PORZ":"103","KOD_POCZT":"32-400","NAZWA_ULC":"3-ego Maja","NAZWA_GMI":"Myślenice","NAZWA_MSC":"Myślenice","odleglosc_m":141.4,"strefa":"50-200 m","warstwa":"adresy"},"geometry":{"type":"Point","coordinates":[19.915212,49.83196]}},{"type":"Feature","properties":{"NUMER_PORZ":"110F","KOD_POCZT":"32-400","NAZWA_ULC":"3-ego Maja","NAZWA_GMI":"Myślenice","NAZWA_MSC":"Myślenice","odleglosc_m":4.8,"strefa":"0-20 m","warstwa":"adresy"},"geometry":{"type":"Point","coordinates":[19.912286,49.831149]}},{"type":"Feature","properties":{"NUMER_PORZ":"4","KOD_POCZT":"32-400","NAZWA_ULC":"Tarnówka","NAZWA_GMI":"Myślenice","NAZWA_MSC":"Myślenice","odleglosc_m":71.0,"strefa":"50-200 m","warstwa":"adresy"},"geometry":{"type":"Point","coordinates":[19.925406,49.848872]}},{"type":"Feature","properties":{"NUMER_PORZ":"1c","KOD_POCZT":"32-400","NAZWA_ULC":"Tarnówka","NAZWA_GMI":"Myślenice","NAZWA_MSC":"Myślenice","odleglosc_m":18.6,"strefa":"0-20 m","warstwa":"adresy"},"geometry":{"type":"Point","coordinates":[19.924566,49.844706]}},{"type":"Feature","properties":{"NUMER_PORZ":"4J","KOD_POCZT":"32-400","NAZWA_ULC":"Tarnówka","NAZWA_GMI":"Myślenice","NAZWA_MSC":"Myślenice","odleglosc_m":87.5,"strefa":"50-200 m","warstwa":"adresy"},"geometry":{"type":"Point","coordinates":[19.925664,49.851318]}},{"type":"Feature","properties":{"NUMER_PORZ":"4K","KOD_POCZT":"32-400","NAZWA_ULC":"Tarnówka","NAZWA_GMI":"Myślenice","NAZWA_MSC":"Myślenice","odleglosc_m":88.5,"strefa":"50-200 m","warstwa":"adresy"},"geometry":{"type":"Point","coordinates":[19.925653,49.851429]}},{"type":"Feature","properties":{"NUMER_PORZ":"112A","KOD_POCZT":"32-400","NAZWA_ULC":"Andrzeja Średniawskiego","NAZWA_GMI":"Myślenice","NAZWA_MSC":"Myślenice","odleglosc_m":56.9,"strefa":"50-200 m","warstwa":"adresy"},"geometry":{"type":"Point","coordinates":[19.914774,49.833805]}},{"type":"Feature","properties":{"NUMER_PORZ":"103G","KOD_POCZT":"32-400","NAZWA_ULC":"Andrzeja Średniawskiego","NAZWA_GMI":"Myślenice","NAZWA_MSC":"Myślenice","odleglosc_m":156.1,"strefa":"50-200 m","warstwa":"adresy"},"geometry":{"type":"Point","coordinates":[19.917204,49.834952]}},{"type":"Feature","properties":{"NUMER_PORZ":"118F","KOD_POCZT":"32-400","NAZWA_ULC":"3-ego Maja","NAZWA_GMI":"Myślenice","NAZWA_MSC":"Myślenice","odleglosc_m":141.5,"strefa":"50-200 m","warstwa":"adresy"},"geometry":{"type":"Point","coordinates":[19.909915,49.830326]}},{"type":"Feature","properties":{"NUMER_PORZ":"4L","KOD_POCZT":"32-400","NAZWA_ULC":"Tarnówka","NAZWA_GMI":"Myślenice","NAZWA_MSC":"Myślenice","odleglosc_m":49.0,"strefa":"30-50 m","warstwa":"adresy"},"geometry":{"type":"Point","coordinates":[19.925807,49.849114]}},{"type":"Feature","properties":{"NUMER_PORZ":"111F","KOD_POCZT":"32-400","NAZWA_ULC":"3-ego Maja","NAZWA_GMI":"Myślenice","NAZWA_MSC":"Myślenice","odleglosc_m":21.9,"strefa":"20-30 m","warstwa":"adresy"},"geometry":{"type":"Point","coordinates":[19.911963,49.830838]}},{"type":"Feature","properties":{"NUMER_PORZ":"125F","KOD_POCZT":"32-400","NAZWA_ULC":"Andrzeja Średniawskiego","NAZWA_GMI":"Myślenice","NAZWA_MSC":"Myślenice","odleglosc_m":134.8,"strefa":"50-200 m","warstwa":"adresy"},"geometry":{"type":"Point","coordinates":[19.910896,49.83275]}},{"type":"Feature","properties":{"NUMER_PORZ":"8G","KOD_POCZT":"32-400","NAZWA_ULC":"Tarnówka","NAZWA_GMI":"Myślenice","NAZWA_MSC":"Myślenice","odleglosc_m":178.6,"strefa":"50-200 m","warstwa":"adresy"},"geometry":{"type":"Point","coordinates":[19.924368,49.850677]}},{"type":"Feature","properties":{"NUMER_PORZ":"3i","KOD_POCZT":"32-400","NAZWA_ULC":"Tarnówka","NAZWA_GMI":"Myślenice","NAZWA_MSC":"Myślenice","odleglosc_m":90.3,"strefa":"50-200 m","warstwa":"adresy"},"geometry":{"type":"Point","coordinates":[19.92425,49.847422]}},{"type":"Feature","properties":{"NUMER_PORZ":"67","KOD_POCZT":"30-610","NAZWA_ULC":"Myślenicka","NAZWA_GMI":"Kraków","NAZWA_MSC":"Kraków","odleglosc_m":53.8,"strefa":"50-200 m","warstwa":"adresy"},"geometry":{"type":"Point","coordinates":[19.943592,50.003848]}},{"type":"Feature","properties":{"NUMER_PORZ":"5","KOD_POCZT":"30-499","NAZWA_ULC":"Starowiejska","NAZWA_GMI":"Kraków","NAZWA_MSC":"Kraków","odleglosc_m":160.0,"strefa":"50-200 m","warstwa":"adresy"},"geometry":{"type":"Point","coordinates":[19.920443,49.987623]}},{"type":"Feature","properties":{"NUMER_PORZ":"33","KOD_POCZT":"30-499","NAZWA_ULC":"Jerzego Smoleńskiego","NAZWA_GMI":"Kraków","NAZWA_MSC":"Kraków","odleglosc_m":129.5,"strefa":"50-200 m","warstwa":"adresy"},"geometry":{"type":"Point","coordinates":[19.921091,49.991957]}},{"type":"Feature","properties":{"NUMER_PORZ":"75F","KOD_POCZT":"30-499","NAZWA_ULC":"Jerzego Smoleńskiego","NAZWA_GMI":"Kraków","NAZWA_MSC":"Kraków","odleglosc_m":97.4,"strefa":"50-200 m","warstwa":"adresy"},"geometry":{"type":"Point","coordinates":[19.921152,49.988542]}},{"type":"Feature","properties":{"NUMER_PORZ":"75L","KOD_POCZT":"30-499","NAZWA_ULC":"Jerzego Smoleńskiego","NAZWA_GMI":"Kraków","NAZWA_MSC":"Kraków","odleglosc_m":97.8,"strefa":"50-200 m","warstwa":"adresy"},"geometry":{"type":"Point","coordinates":[19.921209,49.988167]}},{"type":"Feature","properties":{"NUMER_PORZ":"77G","KOD_POCZT":"30-499","NAZWA_ULC":"Jerzego Smoleńskiego","NAZWA_GMI":"Kraków","NAZWA_MSC":"Kraków","odleglosc_m":115.3,"strefa":"50-200 m","warstwa":"adresy"},"geometry":{"type":"Point","coordinates":[19.920971,49.988126]}},{"type":"Feature","properties":{"NUMER_PORZ":"75D","KOD_POCZT":"30-499","NAZWA_ULC":"Jerzego Smoleńskiego","NAZWA_GMI":"Kraków","NAZWA_MSC":"Kraków","odleglosc_m":97.5,"strefa":"50-200 m","warstwa":"adresy"},"geometry":{"type":"Point","coordinates":[19.921129,49.988664]}},{"type":"Feature","properties":{"NUMER_PORZ":"75K","KOD_POCZT":"30-499","NAZWA_ULC":"Jerzego Smoleńskiego","NAZWA_GMI":"Kraków","NAZWA_MSC":"Kraków","odleglosc_m":97.8,"strefa":"50-200 m","warstwa":"adresy"},"geometry":{"type":"Point","coordinates":[19.921197,49.988228]}},{"type":"Feature","properties":{"NUMER_PORZ":"75C","KOD_POCZT":"30-499","NAZWA_ULC":"Jerzego Smoleńskiego","NAZWA_GMI":"Kraków","NAZWA_MSC":"Kraków","odleglosc_m":103.3,"strefa":"50-200 m","warstwa":"adresy"},"geometry":{"type":"Point","coordinates":[19.921022,49.988827]}},{"type":"Feature","properties":{"NUMER_PORZ":"75G","KOD_POCZT":"30-499","NAZWA_ULC":"Jerzego Smoleńskiego","NAZWA_GMI":"Kraków","NAZWA_MSC":"Kraków","odleglosc_m":98.0,"strefa":"50-200 m","warstwa":"adresy"},"geometry":{"type":"Point","coordinates":[19.921161,49.98844]}},{"type":"Feature","properties":{"NUMER_PORZ":"51","KOD_POCZT":"30-499","NAZWA_ULC":"Jerzego Smoleńskiego","NAZWA_GMI":"Kraków","NAZWA_MSC":"Kraków","odleglosc_m":130.2,"strefa":"50-200 m","warstwa":"adresy"},"geometry":{"type":"Point","coordinates":[19.920623,49.990926]}},{"type":"Feature","properties":{"NUMER_PORZ":"131","KOD_POCZT":"30-499","NAZWA_ULC":"Jerzego Smoleńskiego","NAZWA_GMI":"Kraków","NAZWA_MSC":"Kraków","odleglosc_m":179.4,"strefa":"50-200 m","warstwa":"adresy"},"geometry":{"type":"Point","coordinates":[19.92093,49.982828]}},{"type":"Feature","properties":{"NUMER_PORZ":"137","KOD_POCZT":"30-499","NAZWA_ULC":"Jerzego Smoleńskiego","NAZWA_GMI":"Kraków","NAZWA_MSC":"Kraków","odleglosc_m":197.6,"strefa":"50-200 m","warstwa":"adresy"},"geometry":{"type":"Point","coordinates":[19.920628,49.982086]}},{"type":"Feature","properties":{"NUMER_PORZ":"141","KOD_POCZT":"30-499","NAZWA_ULC":"Jerzego Smoleńskiego","NAZWA_GMI":"Kraków","NAZWA_MSC":"Kraków","odleglosc_m":179.6,"strefa":"50-200 m","warstwa":"adresy"},"geometry":{"type":"Point","coordinates":[19.920671,49.981124]}},{"type":"Feature","properties":{"NUMER_PORZ":"27","KOD_POCZT":"30-499","NAZWA_ULC":"Jerzego Smoleńskiego","NAZWA_GMI":"Kraków","NAZWA_MSC":"Kraków","odleglosc_m":161.3,"strefa":"50-200 m","warstwa":"adresy"},"geometry":{"type":"Point","coordinates":[19.92114,49.992801]}},{"type":"Feature","properties":{"NUMER_PORZ":"29","KOD_POCZT":"30-499","NAZWA_ULC":"Jerzego Smoleńskiego","NAZWA_GMI":"Kraków","NAZWA_MSC":"Kraków","odleglosc_m":153.1,"strefa":"50-200 m","warstwa":"adresy"},"geometry":{"type":"Point","coordinates":[19.921244,49.992536]}},{"type":"Feature","properties":{"NUMER_PORZ":"31","KOD_POCZT":"30-499","NAZWA_ULC":"Jerzego Smoleńskiego","NAZWA_GMI":"Kraków","NAZWA_MSC":"Kraków","odleglosc_m":134.9,"strefa":"50-200 m","warstwa":"adresy"},"geometry":{"type":"Point","coordinates":[19.921432,49.992334]}},{"type":"Feature","properties":{"NUMER_PORZ":"10","KOD_POCZT":"30-698","NAZWA_ULC":"Józefa Łobodowskiego","NAZWA_GMI":"Kraków","NAZWA_MSC":"Kraków","odleglosc_m":158.3,"strefa":"50-200 m","warstwa":"adresy"},"geometry":{"type":"Point","coordinates":[19.940806,49.999575]}},{"type":"Feature","properties":{"NUMER_PORZ":"14","KOD_POCZT":"30-698","NAZWA_ULC":"Babiego Lata","NAZWA_GMI":"Kraków","NAZWA_MSC":"Kraków","odleglosc_m":45.8,"strefa":"30-50 m","warstwa":"adresy"},"geometry":{"type":"Point","coordinates":[19.937709,49.999434]}},{"type":"Feature","properties":{"NUMER_PORZ":"16","KOD_POCZT":"30-698","NAZWA_ULC":"Babiego Lata","NAZWA_GMI":"Kraków","NAZWA_MSC":"Kraków","odleglosc_m":18.1,"strefa":"0-20 m","warstwa":"adresy"},"geometry":{"type":"Point","coordinates":[19.937536,49.999666]}},{"type":"Feature","properties":{"NUMER_PORZ":"16a","KOD_POCZT":"30-698","NAZWA_ULC":"Babiego Lata","NAZWA_GMI":"Kraków","NAZWA_MSC":"Kraków","odleglosc_m":9.6,"strefa":"0-20 m","warstwa":"adresy"},"geometry":{"type":"Point","coordinates":[19.937409,49.999698]}},{"type":"Feature","properties":{"NUMER_PORZ":"17","KOD_POCZT":"30-698","NAZWA_ULC":"Babiego Lata","NAZWA_GMI":"Kraków","NAZWA_MSC":"Kraków","odleglosc_m":27.7,"strefa":"20-30 m","warstwa":"adresy"},"geometry":{"type":"Point","coordinates":[19.937469,49.99952]}},{"type":"Feature","properties":{"NUMER_PORZ":"28","KOD_POCZT":"30-698","NAZWA_ULC":"Babiego Lata","NAZWA_GMI":"Kraków","NAZWA_MSC":"Kraków","odleglosc_m":0.0,"strefa":"w śladzie","warstwa":"adresy"},"geometry":{"type":"Point","coordinates":[19.937057,49.999835]}},{"type":"Feature","properties":{"NUMER_PORZ":"3","KOD_POCZT":"30-698","NAZWA_ULC":"Babiego Lata","NAZWA_GMI":"Kraków","NAZWA_MSC":"Kraków","odleglosc_m":125.4,"strefa":"50-200 m","warstwa":"adresy"},"geometry":{"type":"Point","coordinates":[19.936952,49.998279]}},{"type":"Feature","properties":{"NUMER_PORZ":"3b","KOD_POCZT":"30-698","NAZWA_ULC":"Babiego Lata","NAZWA_GMI":"Kraków","NAZWA_MSC":"Kraków","odleglosc_m":99.2,"strefa":"50-200 m","warstwa":"adresy"},"geometry":{"type":"Point","coordinates":[19.936405,49.998339]}},{"type":"Feature","properties":{"NUMER_PORZ":"12","KOD_POCZT":"30-698","NAZWA_ULC":"Józefa Łobodowskiego","NAZWA_GMI":"Kraków","NAZWA_MSC":"Kraków","odleglosc_m":163.4,"strefa":"50-200 m","warstwa":"adresy"},"geometry":{"type":"Point","coordinates":[19.940954,49.999603]}},{"type":"Feature","properties":{"NUMER_PORZ":"14","KOD_POCZT":"30-698","NAZWA_ULC":"Józefa Łobodowskiego","NAZWA_GMI":"Kraków","NAZWA_MSC":"Kraków","odleglosc_m":168.8,"strefa":"50-200 m","warstwa":"adresy"},"geometry":{"type":"Point","coordinates":[19.941123,49.999635]}},{"type":"Feature","properties":{"NUMER_PORZ":"14a","KOD_POCZT":"30-698","NAZWA_ULC":"Józefa Łobodowskiego","NAZWA_GMI":"Kraków","NAZWA_MSC":"Kraków","odleglosc_m":172.7,"strefa":"50-200 m","warstwa":"adresy"},"geometry":{"type":"Point","coordinates":[19.941252,49.999662]}},{"type":"Feature","properties":{"NUMER_PORZ":"6","KOD_POCZT":"30-698","NAZWA_ULC":"Józefa Łobodowskiego","NAZWA_GMI":"Kraków","NAZWA_MSC":"Kraków","odleglosc_m":145.7,"strefa":"50-200 m","warstwa":"adresy"},"geometry":{"type":"Point","coordinates":[19.940198,49.999407]}},{"type":"Feature","properties":{"NUMER_PORZ":"3d","KOD_POCZT":"30-698","NAZWA_ULC":"Babiego Lata","NAZWA_GMI":"Kraków","NAZWA_MSC":"Kraków","odleglosc_m":76.3,"strefa":"50-200 m","warstwa":"adresy"},"geometry":{"type":"Point","coordinates":[19.935907,49.998379]}},{"type":"Feature","properties":{"NUMER_PORZ":"3e","KOD_POCZT":"30-698","NAZWA_ULC":"Babiego Lata","NAZWA_GMI":"Kraków","NAZWA_MSC":"Kraków","odleglosc_m":59.7,"strefa":"50-200 m","warstwa":"adresy"},"geometry":{"type":"Point","coordinates":[19.93552,49.998394]}},{"type":"Feature","properties":{"NUMER_PORZ":"3f","KOD_POCZT":"30-698","NAZWA_ULC":"Babiego Lata","NAZWA_GMI":"Kraków","NAZWA_MSC":"Kraków","odleglosc_m":46.7,"strefa":"30-50 m","warstwa":"adresy"},"geometry":{"type":"Point","coordinates":[19.935272,49.998426]}},{"type":"Feature","properties":{"NUMER_PORZ":"3g","KOD_POCZT":"30-698","NAZWA_ULC":"Babiego Lata","NAZWA_GMI":"Kraków","NAZWA_MSC":"Kraków","odleglosc_m":34.4,"strefa":"30-50 m","warstwa":"adresy"},"geometry":{"type":"Point","coordinates":[19.935002,49.998438]}},{"type":"Feature","properties":{"NUMER_PORZ":"8","KOD_POCZT":"30-698","NAZWA_ULC":"Babiego Lata","NAZWA_GMI":"Kraków","NAZWA_MSC":"Kraków","odleglosc_m":109.0,"strefa":"50-200 m","warstwa":"adresy"},"geometry":{"type":"Point","coordinates":[19.937565,49.998693]}},{"type":"Feature","properties":{"NUMER_PORZ":"23","KOD_POCZT":"30-698","NAZWA_ULC":"Borowinowa","NAZWA_GMI":"Kraków","NAZWA_MSC":"Kraków","odleglosc_m":196.1,"strefa":"50-200 m","warstwa":"adresy"},"geometry":{"type":"Point","coordinates":[19.934744,49.996529]}},{"type":"Feature","properties":{"NUMER_PORZ":"31a","KOD_POCZT":"30-698","NAZWA_ULC":"Borowinowa","NAZWA_GMI":"Kraków","NAZWA_MSC":"Kraków","odleglosc_m":159.8,"strefa":"50-200 m","warstwa":"adresy"},"geometry":{"type":"Point","coordinates":[19.935473,49.997273]}},{"type":"Feature","properties":{"NUMER_PORZ":"33A","KOD_POCZT":"30-698","NAZWA_ULC":"Borowinowa","NAZWA_GMI":"Kraków","NAZWA_MSC":"Kraków","odleglosc_m":173.6,"strefa":"50-200 m","warstwa":"adresy"},"geometry":{"type":"Point","coordinates":[19.935763,49.997252]}},{"type":"Feature","properties":{"NUMER_PORZ":"39a","KOD_POCZT":"30-698","NAZWA_ULC":"Borowinowa","NAZWA_GMI":"Kraków","NAZWA_MSC":"Kraków","odleglosc_m":188.3,"strefa":"50-200 m","warstwa":"adresy"},"geometry":{"type":"Point","coordinates":[19.936239,49.997306]}},{"type":"Feature","properties":{"NUMER_PORZ":"6","KOD_POCZT":"30-698","NAZWA_ULC":"Kazimierza Moszyńskiego","NAZWA_GMI":"Kraków","NAZWA_MSC":"Kraków","odleglosc_m":178.2,"strefa":"50-200 m","warstwa":"adresy"},"geometry":{"type":"Point","coordinates":[19.929713,49.993974]}},{"type":"Feature","properties":{"NUMER_PORZ":"13","KOD_POCZT":"30-698","NAZWA_ULC":"Wypoczynkowa","NAZWA_GMI":"Kraków","NAZWA_MSC":"Kraków","odleglosc_m":153.9,"strefa":"50-200 m","warstwa":"adresy"},"geometry":{"type":"Point","coordinates":[19.933253,49.996253]}},{"type":"Feature","properties":{"NUMER_PORZ":"15","KOD_POCZT":"30-698","NAZWA_ULC":"Wypoczynkowa","NAZWA_GMI":"Kraków","NAZWA_MSC":"Kraków","odleglosc_m":136.1,"strefa":"50-200 m","warstwa":"adresy"},"geometry":{"type":"Point","coordinates":[19.933149,49.996405]}},{"type":"Feature","properties":{"NUMER_PORZ":"19","KOD_POCZT":"30-698","NAZWA_ULC":"Wypoczynkowa","NAZWA_GMI":"Kraków","NAZWA_MSC":"Kraków","odleglosc_m":96.3,"strefa":"50-200 m","warstwa":"adresy"},"geometry":{"type":"Point","coordinates":[19.932949,49.996759]}},{"type":"Feature","properties":{"NUMER_PORZ":"23","KOD_POCZT":"30-698","NAZWA_ULC":"Wypoczynkowa","NAZWA_GMI":"Kraków","NAZWA_MSC":"Kraków","odleglosc_m":70.1,"strefa":"50-200 m","warstwa":"adresy"},"geometry":{"type":"Point","coordinates":[19.932243,49.996699]}},{"type":"Feature","properties":{"NUMER_PORZ":"25","KOD_POCZT":"30-698","NAZWA_ULC":"Wypoczynkowa","NAZWA_GMI":"Kraków","NAZWA_MSC":"Kraków","odleglosc_m":63.0,"strefa":"50-200 m","warstwa":"adresy"},"geometry":{"type":"Point","coordinates":[19.932713,49.997021]}},{"type":"Feature","properties":{"NUMER_PORZ":"25a","KOD_POCZT":"30-698","NAZWA_ULC":"Wypoczynkowa","NAZWA_GMI":"Kraków","NAZWA_MSC":"Kraków","odleglosc_m":50.7,"strefa":"50-200 m","warstwa":"adresy"},"geometry":{"type":"Point","coordinates":[19.932357,49.996979]}},{"type":"Feature","properties":{"NUMER_PORZ":"25B","KOD_POCZT":"30-698","NAZWA_ULC":"Wypoczynkowa","NAZWA_GMI":"Kraków","NAZWA_MSC":"Kraków","odleglosc_m":52.1,"strefa":"50-200 m","warstwa":"adresy"},"geometry":{"type":"Point","coordinates":[19.932111,49.996838]}},{"type":"Feature","properties":{"NUMER_PORZ":"27","KOD_POCZT":"30-698","NAZWA_ULC":"Wypoczynkowa","NAZWA_GMI":"Kraków","NAZWA_MSC":"Kraków","odleglosc_m":9.6,"strefa":"0-20 m","warstwa":"adresy"},"geometry":{"type":"Point","coordinates":[19.932458,49.997502]}},{"type":"Feature","properties":{"NUMER_PORZ":"29","KOD_POCZT":"30-698","NAZWA_ULC":"Wypoczynkowa","NAZWA_GMI":"Kraków","NAZWA_MSC":"Kraków","odleglosc_m":0.0,"strefa":"w śladzie","warstwa":"adresy"},"geometry":{"type":"Point","coordinates":[19.932116,49.99762]}},{"type":"Feature","properties":{"NUMER_PORZ":"41","KOD_POCZT":"30-698","NAZWA_ULC":"Kąpielowa","NAZWA_GMI":"Kraków","NAZWA_MSC":"Kraków","odleglosc_m":0.0,"strefa":"w śladzie","warstwa":"adresy"},"geometry":{"type":"Point","coordinates":[19.928854,49.995836]}},{"type":"Feature","properties":{"NUMER_PORZ":"43","KOD_POCZT":"30-698","NAZWA_ULC":"Kąpielowa","NAZWA_GMI":"Kraków","NAZWA_MSC":"Kraków","odleglosc_m":7.6,"strefa":"0-20 m","warstwa":"adresy"},"geometry":{"type":"Point","coordinates":[19.929098,49.995747]}},{"type":"Feature","properties":{"NUMER_PORZ":"47","KOD_POCZT":"30-698","NAZWA_ULC":"Kąpielowa","NAZWA_GMI":"Kraków","NAZWA_MSC":"Kraków","odleglosc_m":61.6,"strefa":"50-200 m","warstwa":"adresy"},"geometry":{"type":"Point","coordinates":[19.929759,49.995433]}},{"type":"Feature","properties":{"NUMER_PORZ":"31","KOD_POCZT":"30-698","NAZWA_ULC":"Wypoczynkowa","NAZWA_GMI":"Kraków","NAZWA_MSC":"Kraków","odleglosc_m":0.0,"strefa":"w śladzie","warstwa":"adresy"},"geometry":{"type":"Point","coordinates":[19.932299,49.99778]}},{"type":"Feature","properties":{"NUMER_PORZ":"32","KOD_POCZT":"30-698","NAZWA_ULC":"Wypoczynkowa","NAZWA_GMI":"Kraków","NAZWA_MSC":"Kraków","odleglosc_m":187.6,"strefa":"50-200 m","warstwa":"adresy"},"geometry":{"type":"Point","coordinates":[19.933773,49.996132]}},{"type":"Feature","properties":{"NUMER_PORZ":"33","KOD_POCZT":"30-698","NAZWA_ULC":"Wypoczynkowa","NAZWA_GMI":"Kraków","NAZWA_MSC":"Kraków","odleglosc_m":16.6,"strefa":"0-20 m","warstwa":"adresy"},"geometry":{"type":"Point","coordinates":[19.931206,49.997687]}},{"type":"Feature","properties":{"NUMER_PORZ":"34","KOD_POCZT":"30-698","NAZWA_ULC":"Wypoczynkowa","NAZWA_GMI":"Kraków","NAZWA_MSC":"Kraków","odleglosc_m":166.7,"strefa":"50-200 m","warstwa":"adresy"},"geometry":{"type":"Point","coordinates":[19.933574,49.996269]}},{"type":"Feature","properties":{"NUMER_PORZ":"36","KOD_POCZT":"30-698","NAZWA_ULC":"Wypoczynkowa","NAZWA_GMI":"Kraków","NAZWA_MSC":"Kraków","odleglosc_m":133.7,"strefa":"50-200 m","warstwa":"adresy"},"geometry":{"type":"Point","coordinates":[19.933393,49.996556]}},{"type":"Feature","properties":{"NUMER_PORZ":"37","KOD_POCZT":"30-698","NAZWA_ULC":"Wypoczynkowa","NAZWA_GMI":"Kraków","NAZWA_MSC":"Kraków","odleglosc_m":38.5,"strefa":"30-50 m","warstwa":"adresy"},"geometry":{"type":"Point","coordinates":[19.931923,49.99827]}},{"type":"Feature","properties":{"NUMER_PORZ":"38","KOD_POCZT":"30-698","NAZWA_ULC":"Wypoczynkowa","NAZWA_GMI":"Kraków","NAZWA_MSC":"Kraków","odleglosc_m":131.6,"strefa":"50-200 m","warstwa":"adresy"},"geometry":{"type":"Point","coordinates":[19.933728,49.996751]}},{"type":"Feature","properties":{"NUMER_PORZ":"39","KOD_POCZT":"30-698","NAZWA_ULC":"Wypoczynkowa","NAZWA_GMI":"Kraków","NAZWA_MSC":"Kraków","odleglosc_m":58.6,"strefa":"50-200 m","warstwa":"adresy"},"geometry":{"type":"Point","coordinates":[19.931781,49.998428]}},{"type":"Feature","properties":{"NUMER_PORZ":"44","KOD_POCZT":"30-698","NAZWA_ULC":"Wypoczynkowa","NAZWA_GMI":"Kraków","NAZWA_MSC":"Kraków","odleglosc_m":47.5,"strefa":"30-50 m","warstwa":"adresy"},"geometry":{"type":"Point","coordinates":[19.933231,49.997462]}},{"type":"Feature","properties":{"NUMER_PORZ":"46","KOD_POCZT":"30-698","NAZWA_ULC":"Wypoczynkowa","NAZWA_GMI":"Kraków","NAZWA_MSC":"Kraków","odleglosc_m":36.6,"strefa":"30-50 m","warstwa":"adresy"},"geometry":{"type":"Point","coordinates":[19.932906,49.997421]}},{"type":"Feature","properties":{"NUMER_PORZ":"48","KOD_POCZT":"30-698","NAZWA_ULC":"Wypoczynkowa","NAZWA_GMI":"Kraków","NAZWA_MSC":"Kraków","odleglosc_m":4.4,"strefa":"0-20 m","warstwa":"adresy"},"geometry":{"type":"Point","coordinates":[19.932665,49.997668]}},{"type":"Feature","properties":{"NUMER_PORZ":"49","KOD_POCZT":"30-698","NAZWA_ULC":"Kąpielowa","NAZWA_GMI":"Kraków","NAZWA_MSC":"Kraków","odleglosc_m":77.1,"strefa":"50-200 m","warstwa":"adresy"},"geometry":{"type":"Point","coordinates":[19.929963,49.995364]}},{"type":"Feature","properties":{"NUMER_PORZ":"51","KOD_POCZT":"30-698","NAZWA_ULC":"Kąpielowa","NAZWA_GMI":"Kraków","NAZWA_MSC":"Kraków","odleglosc_m":149.1,"strefa":"50-200 m","warstwa":"adresy"},"geometry":{"type":"Point","coordinates":[19.931749,49.995493]}},{"type":"Feature","properties":{"NUMER_PORZ":"42A","KOD_POCZT":"30-698","NAZWA_ULC":"Borowinowa","NAZWA_GMI":"Kraków","NAZWA_MSC":"Kraków","odleglosc_m":185.6,"strefa":"50-200 m","warstwa":"adresy"},"geometry":{"type":"Point","coordinates":[19.939463,49.998669]}},{"type":"Feature","properties":{"NUMER_PORZ":"44","KOD_POCZT":"30-698","NAZWA_ULC":"Borowinowa","NAZWA_GMI":"Kraków","NAZWA_MSC":"Kraków","odleglosc_m":167.9,"strefa":"50-200 m","warstwa":"adresy"},"geometry":{"type":"Point","coordinates":[19.93959,49.998907]}},{"type":"Feature","properties":{"NUMER_PORZ":"46","KOD_POCZT":"30-698","NAZWA_ULC":"Borowinowa","NAZWA_GMI":"Kraków","NAZWA_MSC":"Kraków","odleglosc_m":158.5,"strefa":"50-200 m","warstwa":"adresy"},"geometry":{"type":"Point","coordinates":[19.940007,49.999179]}},{"type":"Feature","properties":{"NUMER_PORZ":"48","KOD_POCZT":"30-698","NAZWA_ULC":"Borowinowa","NAZWA_GMI":"Kraków","NAZWA_MSC":"Kraków","odleglosc_m":133.1,"strefa":"50-200 m","warstwa":"adresy"},"geometry":{"type":"Point","coordinates":[19.939584,49.999278]}},{"type":"Feature","properties":{"NUMER_PORZ":"49","KOD_POCZT":"30-698","NAZWA_ULC":"Borowinowa","NAZWA_GMI":"Kraków","NAZWA_MSC":"Kraków","odleglosc_m":195.8,"strefa":"50-200 m","warstwa":"adresy"},"geometry":{"type":"Point","coordinates":[19.938145,49.998006]}},{"type":"Feature","properties":{"NUMER_PORZ":"52","KOD_POCZT":"30-698","NAZWA_ULC":"Borowinowa","NAZWA_GMI":"Kraków","NAZWA_MSC":"Kraków","odleglosc_m":106.5,"strefa":"50-200 m","warstwa":"adresy"},"geometry":{"type":"Point","coordinates":[19.939823,49.999668]}},{"type":"Feature","properties":{"NUMER_PORZ":"53A","KOD_POCZT":"30-698","NAZWA_ULC":"Borowinowa","NAZWA_GMI":"Kraków","NAZWA_MSC":"Kraków","odleglosc_m":154.2,"strefa":"50-200 m","warstwa":"adresy"},"geometry":{"type":"Point","coordinates":[19.937877,49.998338]}},{"type":"Feature","properties":{"NUMER_PORZ":"10","KOD_POCZT":"30-698","NAZWA_ULC":"Babiego Lata","NAZWA_GMI":"Kraków","NAZWA_MSC":"Kraków","odleglosc_m":99.2,"strefa":"50-200 m","warstwa":"adresy"},"geometry":{"type":"Point","coordinates":[19.937397,49.99873]}},{"type":"Feature","properties":{"NUMER_PORZ":"35","KOD_POCZT":"30-499","NAZWA_ULC":"Jerzego Smoleńskiego","NAZWA_GMI":"Kraków","NAZWA_MSC":"Kraków","odleglosc_m":127.7,"strefa":"50-200 m","warstwa":"adresy"},"geometry":{"type":"Point","coordinates":[19.92091,49.991572]}},{"type":"Feature","properties":{"NUMER_PORZ":"37","KOD_POCZT":"30-499","NAZWA_ULC":"Jerzego Smoleńskiego","NAZWA_GMI":"Kraków","NAZWA_MSC":"Kraków","odleglosc_m":164.8,"strefa":"50-200 m","warstwa":"adresy"},"geometry":{"type":"Point","coordinates":[19.920376,49.991559]}},{"type":"Feature","properties":{"NUMER_PORZ":"39","KOD_POCZT":"30-499","NAZWA_ULC":"Jerzego Smoleńskiego","NAZWA_GMI":"Kraków","NAZWA_MSC":"Kraków","odleglosc_m":187.2,"strefa":"50-200 m","warstwa":"adresy"},"geometry":{"type":"Point","coordinates":[19.92006,49.991587]}},{"type":"Feature","properties":{"NUMER_PORZ":"39a","KOD_POCZT":"30-499","NAZWA_ULC":"Jerzego Smoleńskiego","NAZWA_GMI":"Kraków","NAZWA_MSC":"Kraków","odleglosc_m":199.2,"strefa":"50-200 m","warstwa":"adresy"},"geometry":{"type":"Point","coordinates":[19.919958,49.991775]}},{"type":"Feature","properties":{"NUMER_PORZ":"55B","KOD_POCZT":"30-698","NAZWA_ULC":"Borowinowa","NAZWA_GMI":"Kraków","NAZWA_MSC":"Kraków","odleglosc_m":66.0,"strefa":"50-200 m","warstwa":"adresy"},"geometry":{"type":"Point","coordinates":[19.938507,49.999553]}},{"type":"Feature","properties":{"NUMER_PORZ":"57","KOD_POCZT":"30-698","NAZWA_ULC":"Borowinowa","NAZWA_GMI":"Kraków","NAZWA_MSC":"Kraków","odleglosc_m":125.6,"strefa":"50-200 m","warstwa":"adresy"},"geometry":{"type":"Point","coordinates":[19.938668,49.998978]}},{"type":"Feature","properties":{"NUMER_PORZ":"59","KOD_POCZT":"30-698","NAZWA_ULC":"Borowinowa","NAZWA_GMI":"Kraków","NAZWA_MSC":"Kraków","odleglosc_m":129.9,"strefa":"50-200 m","warstwa":"adresy"},"geometry":{"type":"Point","coordinates":[19.93904,49.999091]}},{"type":"Feature","properties":{"NUMER_PORZ":"59A","KOD_POCZT":"30-698","NAZWA_ULC":"Borowinowa","NAZWA_GMI":"Kraków","NAZWA_MSC":"Kraków","odleglosc_m":124.8,"strefa":"50-200 m","warstwa":"adresy"},"geometry":{"type":"Point","coordinates":[19.939086,49.999177]}},{"type":"Feature","properties":{"NUMER_PORZ":"59B","KOD_POCZT":"30-698","NAZWA_ULC":"Borowinowa","NAZWA_GMI":"Kraków","NAZWA_MSC":"Kraków","odleglosc_m":114.7,"strefa":"50-200 m","warstwa":"adresy"},"geometry":{"type":"Point","coordinates":[19.938793,49.999143]}},{"type":"Feature","properties":{"NUMER_PORZ":"59C","KOD_POCZT":"30-698","NAZWA_ULC":"Borowinowa","NAZWA_GMI":"Kraków","NAZWA_MSC":"Kraków","odleglosc_m":108.5,"strefa":"50-200 m","warstwa":"adresy"},"geometry":{"type":"Point","coordinates":[19.938845,49.999237]}},{"type":"Feature","properties":{"NUMER_PORZ":"59D","KOD_POCZT":"30-698","NAZWA_ULC":"Borowinowa","NAZWA_GMI":"Kraków","NAZWA_MSC":"Kraków","odleglosc_m":101.1,"strefa":"50-200 m","warstwa":"adresy"},"geometry":{"type":"Point","coordinates":[19.938559,49.999193]}},{"type":"Feature","properties":{"NUMER_PORZ":"59E","KOD_POCZT":"30-698","NAZWA_ULC":"Borowinowa","NAZWA_GMI":"Kraków","NAZWA_MSC":"Kraków","odleglosc_m":94.4,"strefa":"50-200 m","warstwa":"adresy"},"geometry":{"type":"Point","coordinates":[19.938618,49.999288]}},{"type":"Feature","properties":{"NUMER_PORZ":"61","KOD_POCZT":"30-698","NAZWA_ULC":"Borowinowa","NAZWA_GMI":"Kraków","NAZWA_MSC":"Kraków","odleglosc_m":107.8,"strefa":"50-200 m","warstwa":"adresy"},"geometry":{"type":"Point","coordinates":[19.939211,49.99939]}},{"type":"Feature","properties":{"NUMER_PORZ":"20","KOD_POCZT":"30-698","NAZWA_ULC":"Kazimierza Moszyńskiego","NAZWA_GMI":"Kraków","NAZWA_MSC":"Kraków","odleglosc_m":199.8,"strefa":"50-200 m","warstwa":"adresy"},"geometry":{"type":"Point","coordinates":[19.929446,49.993548]}},{"type":"Feature","properties":{"NUMER_PORZ":"45","KOD_POCZT":"30-499","NAZWA_ULC":"Jerzego Smoleńskiego","NAZWA_GMI":"Kraków","NAZWA_MSC":"Kraków","odleglosc_m":179.9,"strefa":"50-200 m","warstwa":"adresy"},"geometry":{"type":"Point","coordinates":[19.919993,49.991225]}},{"type":"Feature","properties":{"NUMER_PORZ":"47","KOD_POCZT":"30-499","NAZWA_ULC":"Jerzego Smoleńskiego","NAZWA_GMI":"Kraków","NAZWA_MSC":"Kraków","odleglosc_m":173.3,"strefa":"50-200 m","warstwa":"adresy"},"geometry":{"type":"Point","coordinates":[19.92005,49.991058]}},{"type":"Feature","properties":{"NUMER_PORZ":"47a","KOD_POCZT":"30-499","NAZWA_ULC":"Jerzego Smoleńskiego","NAZWA_GMI":"Kraków","NAZWA_MSC":"Kraków","odleglosc_m":164.4,"strefa":"50-200 m","warstwa":"adresy"},"geometry":{"type":"Point","coordinates":[19.920135,49.990892]}},{"type":"Feature","properties":{"NUMER_PORZ":"55","KOD_POCZT":"30-499","NAZWA_ULC":"Jerzego Smoleńskiego","NAZWA_GMI":"Kraków","NAZWA_MSC":"Kraków","odleglosc_m":149.5,"strefa":"50-200 m","warstwa":"adresy"},"geometry":{"type":"Point","coordinates":[19.920335,49.990635]}},{"type":"Feature","properties":{"NUMER_PORZ":"61","KOD_POCZT":"30-499","NAZWA_ULC":"Jerzego Smoleńskiego","NAZWA_GMI":"Kraków","NAZWA_MSC":"Kraków","odleglosc_m":147.3,"strefa":"50-200 m","warstwa":"adresy"},"geometry":{"type":"Point","coordinates":[19.920346,49.990333]}},{"type":"Feature","properties":{"NUMER_PORZ":"63","KOD_POCZT":"30-499","NAZWA_ULC":"Jerzego Smoleńskiego","NAZWA_GMI":"Kraków","NAZWA_MSC":"Kraków","odleglosc_m":134.0,"strefa":"50-200 m","warstwa":"adresy"},"geometry":{"type":"Point","coordinates":[19.920525,49.990194]}},{"type":"Feature","properties":{"NUMER_PORZ":"65","KOD_POCZT":"30-499","NAZWA_ULC":"Jerzego Smoleńskiego","NAZWA_GMI":"Kraków","NAZWA_MSC":"Kraków","odleglosc_m":128.0,"strefa":"50-200 m","warstwa":"adresy"},"geometry":{"type":"Point","coordinates":[19.920605,49.990022]}},{"type":"Feature","properties":{"NUMER_PORZ":"65A","KOD_POCZT":"30-499","NAZWA_ULC":"Jerzego Smoleńskiego","NAZWA_GMI":"Kraków","NAZWA_MSC":"Kraków","odleglosc_m":97.9,"strefa":"50-200 m","warstwa":"adresy"},"geometry":{"type":"Point","coordinates":[19.921026,49.990048]}},{"type":"Feature","properties":{"NUMER_PORZ":"67","KOD_POCZT":"30-499","NAZWA_ULC":"Jerzego Smoleńskiego","NAZWA_GMI":"Kraków","NAZWA_MSC":"Kraków","odleglosc_m":135.6,"strefa":"50-200 m","warstwa":"adresy"},"geometry":{"type":"Point","coordinates":[19.920497,49.989874]}},{"type":"Feature","properties":{"NUMER_PORZ":"67b","KOD_POCZT":"30-499","NAZWA_ULC":"Jerzego Smoleńskiego","NAZWA_GMI":"Kraków","NAZWA_MSC":"Kraków","odleglosc_m":94.1,"strefa":"50-200 m","warstwa":"adresy"},"geometry":{"type":"Point","coordinates":[19.921076,49.989883]}},{"type":"Feature","properties":{"NUMER_PORZ":"67c","KOD_POCZT":"30-499","NAZWA_ULC":"Jerzego Smoleńskiego","NAZWA_GMI":"Kraków","NAZWA_MSC":"Kraków","odleglosc_m":141.3,"strefa":"50-200 m","warstwa":"adresy"},"geometry":{"type":"Point","coordinates":[19.920413,49.98964]}},{"type":"Feature","properties":{"NUMER_PORZ":"69","KOD_POCZT":"30-499","NAZWA_ULC":"Jerzego Smoleńskiego","NAZWA_GMI":"Kraków","NAZWA_MSC":"Kraków","odleglosc_m":152.3,"strefa":"50-200 m","warstwa":"adresy"},"geometry":{"type":"Point","coordinates":[19.920263,49.989524]}},{"type":"Feature","properties":{"NUMER_PORZ":"17A","KOD_POCZT":"30-435","NAZWA_ULC":"Torowa","NAZWA_GMI":"Kraków","NAZWA_MSC":"Kraków","odleglosc_m":194.0,"strefa":"50-200 m","warstwa":"adresy"},"geometry":{"type":"Point","coordinates":[19.921853,49.994458]}},{"type":"Feature","properties":{"NUMER_PORZ":"101a","KOD_POCZT":"30-499","NAZWA_ULC":"Jerzego Smoleńskiego","NAZWA_GMI":"Kraków","NAZWA_MSC":"Kraków","odleglosc_m":198.9,"strefa":"50-200 m","warstwa":"adresy"},"geometry":{"type":"Point","coordinates":[19.920413,49.98511]}},{"type":"Feature","properties":{"NUMER_PORZ":"71","KOD_POCZT":"30-499","NAZWA_ULC":"Jerzego Smoleńskiego","NAZWA_GMI":"Kraków","NAZWA_MSC":"Kraków","odleglosc_m":129.1,"strefa":"50-200 m","warstwa":"adresy"},"geometry":{"type":"Point","coordinates":[19.920615,49.989183]}},{"type":"Feature","properties":{"NUMER_PORZ":"81","KOD_POCZT":"30-499","NAZWA_ULC":"Jerzego Smoleńskiego","NAZWA_GMI":"Kraków","NAZWA_MSC":"Kraków","odleglosc_m":180.0,"strefa":"50-200 m","warstwa":"adresy"},"geometry":{"type":"Point","coordinates":[19.920023,49.988354]}},{"type":"Feature","properties":{"NUMER_PORZ":"81b","KOD_POCZT":"30-499","NAZWA_ULC":"Jerzego Smoleńskiego","NAZWA_GMI":"Kraków","NAZWA_MSC":"Kraków","odleglosc_m":175.9,"strefa":"50-200 m","warstwa":"adresy"},"geometry":{"type":"Point","coordinates":[19.920113,49.988156]}},{"type":"Feature","properties":{"NUMER_PORZ":"82a","KOD_POCZT":"30-499","NAZWA_ULC":"Jerzego Smoleńskiego","NAZWA_GMI":"Kraków","NAZWA_MSC":"Kraków","odleglosc_m":191.5,"strefa":"50-200 m","warstwa":"adresy"},"geometry":{"type":"Point","coordinates":[19.919894,49.988149]}},{"type":"Feature","properties":{"NUMER_PORZ":"83","KOD_POCZT":"30-499","NAZWA_ULC":"Jerzego Smoleńskiego","NAZWA_GMI":"Kraków","NAZWA_MSC":"Kraków","odleglosc_m":180.7,"strefa":"50-200 m","warstwa":"adresy"},"geometry":{"type":"Point","coordinates":[19.920082,49.987969]}},{"type":"Feature","properties":{"NUMER_PORZ":"12A","KOD_POCZT":"30-499","NAZWA_ULC":"Starowiejska","NAZWA_GMI":"Kraków","NAZWA_MSC":"Kraków","odleglosc_m":189.6,"strefa":"50-200 m","warstwa":"adresy"},"geometry":{"type":"Point","coordinates":[19.926082,49.987176]}},{"type":"Feature","properties":{"NUMER_PORZ":"2","KOD_POCZT":"30-499","NAZWA_ULC":"Starowiejska","NAZWA_GMI":"Kraków","NAZWA_MSC":"Kraków","odleglosc_m":144.4,"strefa":"50-200 m","warstwa":"adresy"},"geometry":{"type":"Point","coordinates":[19.920699,49.987449]}},{"type":"Feature","properties":{"NUMER_PORZ":"2a","KOD_POCZT":"30-499","NAZWA_ULC":"Starowiejska","NAZWA_GMI":"Kraków","NAZWA_MSC":"Kraków","odleglosc_m":167.0,"strefa":"50-200 m","warstwa":"adresy"},"geometry":{"type":"Point","coordinates":[19.9204,49.987361]}},{"type":"Feature","properties":{"NUMER_PORZ":"5a","KOD_POCZT":"30-499","NAZWA_ULC":"Starowiejska","NAZWA_GMI":"Kraków","NAZWA_MSC":"Kraków","odleglosc_m":150.3,"strefa":"50-200 m","warstwa":"adresy"},"geometry":{"type":"Point","coordinates":[19.92053,49.987868]}},{"type":"Feature","properties":{"NUMER_PORZ":"113","KOD_POCZT":"30-499","NAZWA_ULC":"Jerzego Smoleńskiego","NAZWA_GMI":"Kraków","NAZWA_MSC":"Kraków","odleglosc_m":160.8,"strefa":"50-200 m","warstwa":"adresy"},"geometry":{"type":"Point","coordinates":[19.920977,49.984957]}},{"type":"Feature","properties":{"NUMER_PORZ":"117","KOD_POCZT":"30-499","NAZWA_ULC":"Jerzego Smoleńskiego","NAZWA_GMI":"Kraków","NAZWA_MSC":"Kraków","odleglosc_m":169.4,"strefa":"50-200 m","warstwa":"adresy"},"geometry":{"type":"Point","coordinates":[19.920894,49.984714]}},{"type":"Feature","properties":{"NUMER_PORZ":"121","KOD_POCZT":"30-499","NAZWA_ULC":"Jerzego Smoleńskiego","NAZWA_GMI":"Kraków","NAZWA_MSC":"Kraków","odleglosc_m":111.4,"strefa":"50-200 m","warstwa":"adresy"},"geometry":{"type":"Point","coordinates":[19.921726,49.984155]}},{"type":"Feature","properties":{"NUMER_PORZ":"121A","KOD_POCZT":"30-499","NAZWA_ULC":"Jerzego Smoleńskiego","NAZWA_GMI":"Kraków","NAZWA_MSC":"Kraków","odleglosc_m":83.7,"strefa":"50-200 m","warstwa":"adresy"},"geometry":{"type":"Point","coordinates":[19.922114,49.984164]}},{"type":"Feature","properties":{"NUMER_PORZ":"123","KOD_POCZT":"30-499","NAZWA_ULC":"Jerzego Smoleńskiego","NAZWA_GMI":"Kraków","NAZWA_MSC":"Kraków","odleglosc_m":97.1,"strefa":"50-200 m","warstwa":"adresy"},"geometry":{"type":"Point","coordinates":[19.92203,49.983722]}},{"type":"Feature","properties":{"NUMER_PORZ":"127","KOD_POCZT":"30-499","NAZWA_ULC":"Jerzego Smoleńskiego","NAZWA_GMI":"Kraków","NAZWA_MSC":"Kraków","odleglosc_m":188.1,"strefa":"50-200 m","warstwa":"adresy"},"geometry":{"type":"Point","coordinates":[19.920771,49.98357]}},{"type":"Feature","properties":{"NUMER_PORZ":"129","KOD_POCZT":"30-499","NAZWA_ULC":"Jerzego Smoleńskiego","NAZWA_GMI":"Kraków","NAZWA_MSC":"Kraków","odleglosc_m":186.3,"strefa":"50-200 m","warstwa":"adresy"},"geometry":{"type":"Point","coordinates":[19.920819,49.983309]}},{"type":"Feature","properties":{"NUMER_PORZ":"30","KOD_POCZT":"30-698","NAZWA_ULC":"Kąpielowa","NAZWA_GMI":"Kraków","NAZWA_MSC":"Kraków","odleglosc_m":47.6,"strefa":"30-50 m","warstwa":"adresy"},"geometry":{"type":"Point","coordinates":[19.929287,49.995409]}},{"type":"Feature","properties":{"NUMER_PORZ":"9","KOD_POCZT":"30-698","NAZWA_ULC":"Babiego Lata","NAZWA_GMI":"Kraków","NAZWA_MSC":"Kraków","odleglosc_m":63.5,"strefa":"50-200 m","warstwa":"adresy"},"geometry":{"type":"Point","coordinates":[19.937025,49.99896]}},{"type":"Feature","properties":{"NUMER_PORZ":"4G","KOD_POCZT":"30-614","NAZWA_ULC":"Cechowa","NAZWA_GMI":"Kraków","NAZWA_MSC":"Kraków","odleglosc_m":190.2,"strefa":"50-200 m","warstwa":"adresy"},"geometry":{"type":"Point","coordinates":[19.945553,50.004166]}},{"type":"Feature","properties":{"NUMER_PORZ":"7","KOD_POCZT":"30-499","NAZWA_ULC":"Starowiejska","NAZWA_GMI":"Kraków","NAZWA_MSC":"Kraków","odleglosc_m":134.3,"strefa":"50-200 m","warstwa":"adresy"},"geometry":{"type":"Point","coordinates":[19.92077,49.987791]}},{"type":"Feature","properties":{"NUMER_PORZ":"56","KOD_POCZT":"30-610","NAZWA_ULC":"Myślenicka","NAZWA_GMI":"Kraków","NAZWA_MSC":"Kraków","odleglosc_m":122.9,"strefa":"50-200 m","warstwa":"adresy"},"geometry":{"type":"Point","coordinates":[19.943593,50.00238]}},{"type":"Feature","properties":{"NUMER_PORZ":"4B","KOD_POCZT":"30-614","NAZWA_ULC":"Cechowa","NAZWA_GMI":"Kraków","NAZWA_MSC":"Kraków","odleglosc_m":198.2,"strefa":"50-200 m","warstwa":"adresy"},"geometry":{"type":"Point","coordinates":[19.945579,50.00452]}},{"type":"Feature","properties":{"NUMER_PORZ":"89C","KOD_POCZT":"30-499","NAZWA_ULC":"Jerzego Smoleńskiego","NAZWA_GMI":"Kraków","NAZWA_MSC":"Kraków","odleglosc_m":174.6,"strefa":"50-200 m","warstwa":"adresy"},"geometry":{"type":"Point","coordinates":[19.920348,49.987103]}},{"type":"Feature","properties":{"NUMER_PORZ":"89D","KOD_POCZT":"30-499","NAZWA_ULC":"Jerzego Smoleńskiego","NAZWA_GMI":"Kraków","NAZWA_MSC":"Kraków","odleglosc_m":177.0,"strefa":"50-200 m","warstwa":"adresy"},"geometry":{"type":"Point","coordinates":[19.920299,49.987167]}},{"type":"Feature","properties":{"NUMER_PORZ":"48a","KOD_POCZT":"30-610","NAZWA_ULC":"Myślenicka","NAZWA_GMI":"Kraków","NAZWA_MSC":"Kraków","odleglosc_m":86.7,"strefa":"50-200 m","warstwa":"adresy"},"geometry":{"type":"Point","coordinates":[19.944067,50.003829]}},{"type":"Feature","properties":{"NUMER_PORZ":"11","KOD_POCZT":"30-698","NAZWA_ULC":"Wypoczynkowa","NAZWA_GMI":"Kraków","NAZWA_MSC":"Kraków","odleglosc_m":180.6,"strefa":"50-200 m","warstwa":"adresy"},"geometry":{"type":"Point","coordinates":[19.933451,49.996048]}},{"type":"Feature","properties":{"NUMER_PORZ":"3b","KOD_POCZT":"30-614","NAZWA_ULC":"Łężce","NAZWA_GMI":"Kraków","NAZWA_MSC":"Kraków","odleglosc_m":194.6,"strefa":"50-200 m","warstwa":"adresy"},"geometry":{"type":"Point","coordinates":[19.944738,50.002372]}},{"type":"Feature","properties":{"NUMER_PORZ":"131a","KOD_POCZT":"30-499","NAZWA_ULC":"Jerzego Smoleńskiego","NAZWA_GMI":"Kraków","NAZWA_MSC":"Kraków","odleglosc_m":167.5,"strefa":"50-200 m","warstwa":"adresy"},"geometry":{"type":"Point","coordinates":[19.921097,49.982849]}},{"type":"Feature","properties":{"NUMER_PORZ":"53","KOD_POCZT":"30-698","NAZWA_ULC":"Borowinowa","NAZWA_GMI":"Kraków","NAZWA_MSC":"Kraków","odleglosc_m":167.0,"strefa":"50-200 m","warstwa":"adresy"},"geometry":{"type":"Point","coordinates":[19.938693,49.998545]}},{"type":"Feature","properties":{"NUMER_PORZ":"1a","KOD_POCZT":"30-499","NAZWA_ULC":"Starowiejska","NAZWA_GMI":"Kraków","NAZWA_MSC":"Kraków","odleglosc_m":194.1,"strefa":"50-200 m","warstwa":"adresy"},"geometry":{"type":"Point","coordinates":[19.920002,49.987431]}},{"type":"Feature","properties":{"NUMER_PORZ":"35a","KOD_POCZT":"30-499","NAZWA_ULC":"Jerzego Smoleńskiego","NAZWA_GMI":"Kraków","NAZWA_MSC":"Kraków","odleglosc_m":108.3,"strefa":"50-200 m","warstwa":"adresy"},"geometry":{"type":"Point","coordinates":[19.921253,49.99172]}},{"type":"Feature","properties":{"NUMER_PORZ":"37a","KOD_POCZT":"30-499","NAZWA_ULC":"Jerzego Smoleńskiego","NAZWA_GMI":"Kraków","NAZWA_MSC":"Kraków","odleglosc_m":147.1,"strefa":"50-200 m","warstwa":"adresy"},"geometry":{"type":"Point","coordinates":[19.920631,49.991565]}},{"type":"Feature","properties":{"NUMER_PORZ":"50a","KOD_POCZT":"30-610","NAZWA_ULC":"Myślenicka","NAZWA_GMI":"Kraków","NAZWA_MSC":"Kraków","odleglosc_m":109.4,"strefa":"50-200 m","warstwa":"adresy"},"geometry":{"type":"Point","coordinates":[19.944051,50.003282]}},{"type":"Feature","properties":{"NUMER_PORZ":"7a","KOD_POCZT":"30-435","NAZWA_ULC":"Dzikiej Róży","NAZWA_GMI":"Kraków","NAZWA_MSC":"Kraków","odleglosc_m":167.0,"strefa":"50-200 m","warstwa":"adresy"},"geometry":{"type":"Point","coordinates":[19.922603,49.994722]}},{"type":"Feature","properties":{"NUMER_PORZ":"33a","KOD_POCZT":"30-499","NAZWA_ULC":"Jerzego Smoleńskiego","NAZWA_GMI":"Kraków","NAZWA_MSC":"Kraków","odleglosc_m":120.6,"strefa":"50-200 m","warstwa":"adresy"},"geometry":{"type":"Point","coordinates":[19.921235,49.991958]}},{"type":"Feature","properties":{"NUMER_PORZ":"48b","KOD_POCZT":"30-610","NAZWA_ULC":"Myślenicka","NAZWA_GMI":"Kraków","NAZWA_MSC":"Kraków","odleglosc_m":121.1,"strefa":"50-200 m","warstwa":"adresy"},"geometry":{"type":"Point","coordinates":[19.944496,50.003676]}},{"type":"Feature","properties":{"NUMER_PORZ":"77E","KOD_POCZT":"30-499","NAZWA_ULC":"Jerzego Smoleńskiego","NAZWA_GMI":"Kraków","NAZWA_MSC":"Kraków","odleglosc_m":116.3,"strefa":"50-200 m","warstwa":"adresy"},"geometry":{"type":"Point","coordinates":[19.920936,49.988233]}},{"type":"Feature","properties":{"NUMER_PORZ":"75H","KOD_POCZT":"30-499","NAZWA_ULC":"Jerzego Smoleńskiego","NAZWA_GMI":"Kraków","NAZWA_MSC":"Kraków","odleglosc_m":97.8,"strefa":"50-200 m","warstwa":"adresy"},"geometry":{"type":"Point","coordinates":[19.921173,49.988379]}},{"type":"Feature","properties":{"NUMER_PORZ":"77D","KOD_POCZT":"30-499","NAZWA_ULC":"Jerzego Smoleńskiego","NAZWA_GMI":"Kraków","NAZWA_MSC":"Kraków","odleglosc_m":116.9,"strefa":"50-200 m","warstwa":"adresy"},"geometry":{"type":"Point","coordinates":[19.920912,49.988332]}},{"type":"Feature","properties":{"NUMER_PORZ":"52E","KOD_POCZT":"30-610","NAZWA_ULC":"Myślenicka","NAZWA_GMI":"Kraków","NAZWA_MSC":"Kraków","odleglosc_m":141.9,"strefa":"50-200 m","warstwa":"adresy"},"geometry":{"type":"Point","coordinates":[19.944266,50.002873]}},{"type":"Feature","properties":{"NUMER_PORZ":"77A","KOD_POCZT":"30-499","NAZWA_ULC":"Jerzego Smoleńskiego","NAZWA_GMI":"Kraków","NAZWA_MSC":"Kraków","odleglosc_m":117.6,"strefa":"50-200 m","warstwa":"adresy"},"geometry":{"type":"Point","coordinates":[19.920866,49.988552]}},{"type":"Feature","properties":{"NUMER_PORZ":"77","KOD_POCZT":"30-499","NAZWA_ULC":"Jerzego Smoleńskiego","NAZWA_GMI":"Kraków","NAZWA_MSC":"Kraków","odleglosc_m":117.3,"strefa":"50-200 m","warstwa":"adresy"},"geometry":{"type":"Point","coordinates":[19.920861,49.988611]}},{"type":"Feature","properties":{"NUMER_PORZ":"77B","KOD_POCZT":"30-499","NAZWA_ULC":"Jerzego Smoleńskiego","NAZWA_GMI":"Kraków","NAZWA_MSC":"Kraków","odleglosc_m":117.4,"strefa":"50-200 m","warstwa":"adresy"},"geometry":{"type":"Point","coordinates":[19.920879,49.988496]}},{"type":"Feature","properties":{"NUMER_PORZ":"61C","KOD_POCZT":"30-698","NAZWA_ULC":"Borowinowa","NAZWA_GMI":"Kraków","NAZWA_MSC":"Kraków","odleglosc_m":75.2,"strefa":"50-200 m","warstwa":"adresy"},"geometry":{"type":"Point","coordinates":[19.938772,49.999584]}},{"type":"Feature","properties":{"NUMER_PORZ":"42","KOD_POCZT":"30-698","NAZWA_ULC":"Borowinowa","NAZWA_GMI":"Kraków","NAZWA_MSC":"Kraków","odleglosc_m":174.8,"strefa":"50-200 m","warstwa":"adresy"},"geometry":{"type":"Point","coordinates":[19.939161,49.998653]}},{"type":"Feature","properties":{"NUMER_PORZ":"55","KOD_POCZT":"30-698","NAZWA_ULC":"Borowinowa","NAZWA_GMI":"Kraków","NAZWA_MSC":"Kraków","odleglosc_m":102.0,"strefa":"50-200 m","warstwa":"adresy"},"geometry":{"type":"Point","coordinates":[19.938216,49.999049]}},{"type":"Feature","properties":{"NUMER_PORZ":"77C","KOD_POCZT":"30-499","NAZWA_ULC":"Jerzego Smoleńskiego","NAZWA_GMI":"Kraków","NAZWA_MSC":"Kraków","odleglosc_m":117.0,"strefa":"50-200 m","warstwa":"adresy"},"geometry":{"type":"Point","coordinates":[19.9209,49.988396]}},{"type":"Feature","properties":{"NUMER_PORZ":"75","KOD_POCZT":"30-499","NAZWA_ULC":"Jerzego Smoleńskiego","NAZWA_GMI":"Kraków","NAZWA_MSC":"Kraków","odleglosc_m":133.2,"strefa":"50-200 m","warstwa":"adresy"},"geometry":{"type":"Point","coordinates":[19.920607,49.988799]}},{"type":"Feature","properties":{"NUMER_PORZ":"52K","KOD_POCZT":"30-610","NAZWA_ULC":"Myślenicka","NAZWA_GMI":"Kraków","NAZWA_MSC":"Kraków","odleglosc_m":192.5,"strefa":"50-200 m","warstwa":"adresy"},"geometry":{"type":"Point","coordinates":[19.945027,50.002847]}},{"type":"Feature","properties":{"NUMER_PORZ":"111","KOD_POCZT":"30-499","NAZWA_ULC":"Jerzego Smoleńskiego","NAZWA_GMI":"Kraków","NAZWA_MSC":"Kraków","odleglosc_m":173.5,"strefa":"50-200 m","warstwa":"adresy"},"geometry":{"type":"Point","coordinates":[19.920795,49.98498]}},{"type":"Feature","properties":{"NUMER_PORZ":"43","KOD_POCZT":"30-499","NAZWA_ULC":"Jerzego Smoleńskiego","NAZWA_GMI":"Kraków","NAZWA_MSC":"Kraków","odleglosc_m":178.8,"strefa":"50-200 m","warstwa":"adresy"},"geometry":{"type":"Point","coordinates":[19.920072,49.991387]}},{"type":"Feature","properties":{"NUMER_PORZ":"52J","KOD_POCZT":"30-610","NAZWA_ULC":"Myślenicka","NAZWA_GMI":"Kraków","NAZWA_MSC":"Kraków","odleglosc_m":177.2,"strefa":"50-200 m","warstwa":"adresy"},"geometry":{"type":"Point","coordinates":[19.944776,50.002825]}},{"type":"Feature","properties":{"NUMER_PORZ":"77F","KOD_POCZT":"30-499","NAZWA_ULC":"Jerzego Smoleńskiego","NAZWA_GMI":"Kraków","NAZWA_MSC":"Kraków","odleglosc_m":115.8,"strefa":"50-200 m","warstwa":"adresy"},"geometry":{"type":"Point","coordinates":[19.920953,49.98818]}},{"type":"Feature","properties":{"NUMER_PORZ":"75J","KOD_POCZT":"30-499","NAZWA_ULC":"Jerzego Smoleńskiego","NAZWA_GMI":"Kraków","NAZWA_MSC":"Kraków","odleglosc_m":97.7,"strefa":"50-200 m","warstwa":"adresy"},"geometry":{"type":"Point","coordinates":[19.921187,49.988287]}},{"type":"Feature","properties":{"NUMER_PORZ":"69a","KOD_POCZT":"30-610","NAZWA_ULC":"Myślenicka","NAZWA_GMI":"Kraków","NAZWA_MSC":"Kraków","odleglosc_m":73.6,"strefa":"50-200 m","warstwa":"adresy"},"geometry":{"type":"Point","coordinates":[19.943488,50.003251]}},{"type":"Feature","properties":{"NUMER_PORZ":"63A","KOD_POCZT":"30-499","NAZWA_ULC":"Jerzego Smoleńskiego","NAZWA_GMI":"Kraków","NAZWA_MSC":"Kraków","odleglosc_m":111.5,"strefa":"50-200 m","warstwa":"adresy"},"geometry":{"type":"Point","coordinates":[19.920839,49.990214]}},{"type":"Feature","properties":{"NUMER_PORZ":"52A","KOD_POCZT":"30-610","NAZWA_ULC":"Myślenicka","NAZWA_GMI":"Kraków","NAZWA_MSC":"Kraków","odleglosc_m":104.8,"strefa":"50-200 m","warstwa":"adresy"},"geometry":{"type":"Point","coordinates":[19.943744,50.002931]}},{"type":"Feature","properties":{"NUMER_PORZ":"52B","KOD_POCZT":"30-610","NAZWA_ULC":"Myślenicka","NAZWA_GMI":"Kraków","NAZWA_MSC":"Kraków","odleglosc_m":121.0,"strefa":"50-200 m","warstwa":"adresy"},"geometry":{"type":"Point","coordinates":[19.944001,50.002954]}},{"type":"Feature","properties":{"NUMER_PORZ":"52H","KOD_POCZT":"30-610","NAZWA_ULC":"Myślenicka","NAZWA_GMI":"Kraków","NAZWA_MSC":"Kraków","odleglosc_m":175.9,"strefa":"50-200 m","warstwa":"adresy"},"geometry":{"type":"Point","coordinates":[19.944793,50.002876]}},{"type":"Feature","properties":{"NUMER_PORZ":"52","KOD_POCZT":"30-698","NAZWA_ULC":"Wypoczynkowa","NAZWA_GMI":"Kraków","NAZWA_MSC":"Kraków","odleglosc_m":15.8,"strefa":"0-20 m","warstwa":"adresy"},"geometry":{"type":"Point","coordinates":[19.932281,49.998192]}},{"type":"Feature","properties":{"NUMER_PORZ":"115","KOD_POCZT":"30-499","NAZWA_ULC":"Jerzego Smoleńskiego","NAZWA_GMI":"Kraków","NAZWA_MSC":"Kraków","odleglosc_m":141.1,"strefa":"50-200 m","warstwa":"adresy"},"geometry":{"type":"Point","coordinates":[19.921231,49.985073]}},{"type":"Feature","properties":{"NUMER_PORZ":"115a","KOD_POCZT":"30-499","NAZWA_ULC":"Jerzego Smoleńskiego","NAZWA_GMI":"Kraków","NAZWA_MSC":"Kraków","odleglosc_m":130.4,"strefa":"50-200 m","warstwa":"adresy"},"geometry":{"type":"Point","coordinates":[19.921386,49.985052]}},{"type":"Feature","properties":{"NUMER_PORZ":"52G","KOD_POCZT":"30-610","NAZWA_ULC":"Myślenicka","NAZWA_GMI":"Kraków","NAZWA_MSC":"Kraków","odleglosc_m":161.0,"strefa":"50-200 m","warstwa":"adresy"},"geometry":{"type":"Point","coordinates":[19.944542,50.002847]}},{"type":"Feature","properties":{"NUMER_PORZ":"40","KOD_POCZT":"30-698","NAZWA_ULC":"Borowinowa","NAZWA_GMI":"Kraków","NAZWA_MSC":"Kraków","odleglosc_m":191.2,"strefa":"50-200 m","warstwa":"adresy"},"geometry":{"type":"Point","coordinates":[19.938867,49.998357]}},{"type":"Feature","properties":{"NUMER_PORZ":"44a","KOD_POCZT":"30-698","NAZWA_ULC":"Borowinowa","NAZWA_GMI":"Kraków","NAZWA_MSC":"Kraków","odleglosc_m":189.5,"strefa":"50-200 m","warstwa":"adresy"},"geometry":{"type":"Point","coordinates":[19.940361,49.998994]}},{"type":"Feature","properties":{"NUMER_PORZ":"50","KOD_POCZT":"30-698","NAZWA_ULC":"Borowinowa","NAZWA_GMI":"Kraków","NAZWA_MSC":"Kraków","odleglosc_m":135.0,"strefa":"50-200 m","warstwa":"adresy"},"geometry":{"type":"Point","coordinates":[19.939709,49.99931]}},{"type":"Feature","properties":{"NUMER_PORZ":"61D","KOD_POCZT":"30-698","NAZWA_ULC":"Borowinowa","NAZWA_GMI":"Kraków","NAZWA_MSC":"Kraków","odleglosc_m":81.6,"strefa":"50-200 m","warstwa":"adresy"},"geometry":{"type":"Point","coordinates":[19.938717,49.999488]}},{"type":"Feature","properties":{"NUMER_PORZ":"55A","KOD_POCZT":"30-698","NAZWA_ULC":"Borowinowa","NAZWA_GMI":"Kraków","NAZWA_MSC":"Kraków","odleglosc_m":81.7,"strefa":"50-200 m","warstwa":"adresy"},"geometry":{"type":"Point","coordinates":[19.938389,49.999331]}},{"type":"Feature","properties":{"NUMER_PORZ":"52D","KOD_POCZT":"30-610","NAZWA_ULC":"Myślenicka","NAZWA_GMI":"Kraków","NAZWA_MSC":"Kraków","odleglosc_m":139.9,"strefa":"50-200 m","warstwa":"adresy"},"geometry":{"type":"Point","coordinates":[19.944273,50.002926]}},{"type":"Feature","properties":{"NUMER_PORZ":"52L","KOD_POCZT":"30-610","NAZWA_ULC":"Myślenicka","NAZWA_GMI":"Kraków","NAZWA_MSC":"Kraków","odleglosc_m":193.7,"strefa":"50-200 m","warstwa":"adresy"},"geometry":{"type":"Point","coordinates":[19.945013,50.002802]}},{"type":"Feature","properties":{"NUMER_PORZ":"52","KOD_POCZT":"30-610","NAZWA_ULC":"Myślenicka","NAZWA_GMI":"Kraków","NAZWA_MSC":"Kraków","odleglosc_m":104.3,"strefa":"50-200 m","warstwa":"adresy"},"geometry":{"type":"Point","coordinates":[19.943764,50.002982]}},{"type":"Feature","properties":{"NUMER_PORZ":"61A","KOD_POCZT":"30-698","NAZWA_ULC":"Borowinowa","NAZWA_GMI":"Kraków","NAZWA_MSC":"Kraków","odleglosc_m":85.6,"strefa":"50-200 m","warstwa":"adresy"},"geometry":{"type":"Point","coordinates":[19.938974,49.999535]}},{"type":"Feature","properties":{"NUMER_PORZ":"61B","KOD_POCZT":"30-698","NAZWA_ULC":"Borowinowa","NAZWA_GMI":"Kraków","NAZWA_MSC":"Kraków","odleglosc_m":93.4,"strefa":"50-200 m","warstwa":"adresy"},"geometry":{"type":"Point","coordinates":[19.938925,49.999445]}},{"type":"Feature","properties":{"NUMER_PORZ":"17","KOD_POCZT":"30-698","NAZWA_ULC":"Wypoczynkowa","NAZWA_GMI":"Kraków","NAZWA_MSC":"Kraków","odleglosc_m":124.6,"strefa":"50-200 m","warstwa":"adresy"},"geometry":{"type":"Point","coordinates":[19.932715,49.996315]}},{"type":"Feature","properties":{"NUMER_PORZ":"50","KOD_POCZT":"30-698","NAZWA_ULC":"Wypoczynkowa","NAZWA_GMI":"Kraków","NAZWA_MSC":"Kraków","odleglosc_m":12.3,"strefa":"0-20 m","warstwa":"adresy"},"geometry":{"type":"Point","coordinates":[19.933012,49.997753]}},{"type":"Feature","properties":{"NUMER_PORZ":"8","KOD_POCZT":"30-698","NAZWA_ULC":"Józefa Łobodowskiego","NAZWA_GMI":"Kraków","NAZWA_MSC":"Kraków","odleglosc_m":151.9,"strefa":"50-200 m","warstwa":"adresy"},"geometry":{"type":"Point","coordinates":[19.940546,49.999497]}},{"type":"Feature","properties":{"NUMER_PORZ":"52C","KOD_POCZT":"30-610","NAZWA_ULC":"Myślenicka","NAZWA_GMI":"Kraków","NAZWA_MSC":"Kraków","odleglosc_m":122.4,"strefa":"50-200 m","warstwa":"adresy"},"geometry":{"type":"Point","coordinates":[19.943988,50.002904]}},{"type":"Feature","properties":{"NUMER_PORZ":"75E","KOD_POCZT":"30-499","NAZWA_ULC":"Jerzego Smoleńskiego","NAZWA_GMI":"Kraków","NAZWA_MSC":"Kraków","odleglosc_m":97.5,"strefa":"50-200 m","warstwa":"adresy"},"geometry":{"type":"Point","coordinates":[19.921139,49.988604]}},{"type":"Feature","properties":{"NUMER_PORZ":"48c","KOD_POCZT":"30-610","NAZWA_ULC":"Myślenicka","NAZWA_GMI":"Kraków","NAZWA_MSC":"Kraków","odleglosc_m":120.5,"strefa":"50-200 m","warstwa":"adresy"},"geometry":{"type":"Point","coordinates":[19.944519,50.003741]}},{"type":"Feature","properties":{"NUMER_PORZ":"50B","KOD_POCZT":"30-610","NAZWA_ULC":"Myślenicka","NAZWA_GMI":"Kraków","NAZWA_MSC":"Kraków","odleglosc_m":143.5,"strefa":"50-200 m","warstwa":"adresy"},"geometry":{"type":"Point","coordinates":[19.944512,50.003203]}},{"type":"Feature","properties":{"NUMER_PORZ":"52F","KOD_POCZT":"30-610","NAZWA_ULC":"Myślenicka","NAZWA_GMI":"Kraków","NAZWA_MSC":"Kraków","odleglosc_m":158.9,"strefa":"50-200 m","warstwa":"adresy"},"geometry":{"type":"Point","coordinates":[19.944549,50.002901]}},{"type":"Feature","properties":{"NUMER_PORZ":"75A","KOD_POCZT":"30-499","NAZWA_ULC":"Jerzego Smoleńskiego","NAZWA_GMI":"Kraków","NAZWA_MSC":"Kraków","odleglosc_m":127.2,"strefa":"50-200 m","warstwa":"adresy"},"geometry":{"type":"Point","coordinates":[19.92069,49.988803]}},{"type":"Feature","properties":{"NUMER_PORZ":"3","KOD_POCZT":"30-499","NAZWA_ULC":"Starowiejska","NAZWA_GMI":"Kraków","NAZWA_MSC":"Kraków","odleglosc_m":181.4,"strefa":"50-200 m","warstwa":"adresy"},"geometry":{"type":"Point","coordinates":[19.920142,49.987625]}},{"type":"Feature","properties":{"NUMER_PORZ":"12","KOD_POCZT":"30-698","NAZWA_ULC":"Babiego Lata","NAZWA_GMI":"Kraków","NAZWA_MSC":"Kraków","odleglosc_m":67.2,"strefa":"50-200 m","warstwa":"adresy"},"geometry":{"type":"Point","coordinates":[19.937597,49.999147]}},{"type":"Feature","properties":{"NUMER_PORZ":"2A","KOD_POCZT":"30-614","NAZWA_ULC":"Cechowa","NAZWA_GMI":"Kraków","NAZWA_MSC":"Kraków","odleglosc_m":162.0,"strefa":"50-200 m","warstwa":"adresy"},"geometry":{"type":"Point","coordinates":[19.944923,50.004723]}},{"type":"Feature","properties":{"NUMER_PORZ":"3","KOD_POCZT":"30-614","NAZWA_ULC":"Łężce","NAZWA_GMI":"Kraków","NAZWA_MSC":"Kraków","odleglosc_m":184.0,"strefa":"50-200 m","warstwa":"adresy"},"geometry":{"type":"Point","coordinates":[19.944387,50.002167]}},{"type":"Feature","properties":{"NUMER_PORZ":"38B","KOD_POCZT":"30-698","NAZWA_ULC":"Wypoczynkowa","NAZWA_GMI":"Kraków","NAZWA_MSC":"Kraków","odleglosc_m":143.1,"strefa":"50-200 m","warstwa":"adresy"},"geometry":{"type":"Point","coordinates":[19.934347,49.996934]}},{"type":"Feature","properties":{"NUMER_PORZ":"75B","KOD_POCZT":"30-499","NAZWA_ULC":"Jerzego Smoleńskiego","NAZWA_GMI":"Kraków","NAZWA_MSC":"Kraków","odleglosc_m":108.0,"strefa":"50-200 m","warstwa":"adresy"},"geometry":{"type":"Point","coordinates":[19.920951,49.988857]}},{"type":"Feature","properties":{"NUMER_PORZ":"4L","KOD_POCZT":"30-614","NAZWA_ULC":"Cechowa","NAZWA_GMI":"Kraków","NAZWA_MSC":"Kraków","odleglosc_m":150.8,"strefa":"50-200 m","warstwa":"adresy"},"geometry":{"type":"Point","coordinates":[19.945004,50.004125]}},{"type":"Feature","properties":{"NUMER_PORZ":"4C","KOD_POCZT":"30-614","NAZWA_ULC":"Cechowa","NAZWA_GMI":"Kraków","NAZWA_MSC":"Kraków","odleglosc_m":196.6,"strefa":"50-200 m","warstwa":"adresy"},"geometry":{"type":"Point","coordinates":[19.945575,50.00447]}},{"type":"Feature","properties":{"NUMER_PORZ":"4E","KOD_POCZT":"30-614","NAZWA_ULC":"Cechowa","NAZWA_GMI":"Kraków","NAZWA_MSC":"Kraków","odleglosc_m":192.9,"strefa":"50-200 m","warstwa":"adresy"},"geometry":{"type":"Point","coordinates":[19.945566,50.004319]}},{"type":"Feature","properties":{"NUMER_PORZ":"4F","KOD_POCZT":"30-614","NAZWA_ULC":"Cechowa","NAZWA_GMI":"Kraków","NAZWA_MSC":"Kraków","odleglosc_m":190.9,"strefa":"50-200 m","warstwa":"adresy"},"geometry":{"type":"Point","coordinates":[19.945557,50.004215]}},{"type":"Feature","properties":{"NUMER_PORZ":"7C","KOD_POCZT":"30-435","NAZWA_ULC":"Torowa","NAZWA_GMI":"Kraków","NAZWA_MSC":"Kraków","odleglosc_m":192.0,"strefa":"50-200 m","warstwa":"adresy"},"geometry":{"type":"Point","coordinates":[19.922984,49.995384]}},{"type":"Feature","properties":{"NUMER_PORZ":"21B","KOD_POCZT":"30-698","NAZWA_ULC":"Wypoczynkowa","NAZWA_GMI":"Kraków","NAZWA_MSC":"Kraków","odleglosc_m":72.8,"strefa":"50-200 m","warstwa":"adresy"},"geometry":{"type":"Point","coordinates":[19.932797,49.996951]}},{"type":"Feature","properties":{"NUMER_PORZ":"35","KOD_POCZT":"30-698","NAZWA_ULC":"Wypoczynkowa","NAZWA_GMI":"Kraków","NAZWA_MSC":"Kraków","odleglosc_m":18.1,"strefa":"0-20 m","warstwa":"adresy"},"geometry":{"type":"Point","coordinates":[19.932044,49.998098]}},{"type":"Feature","properties":{"NUMER_PORZ":"4M","KOD_POCZT":"30-614","NAZWA_ULC":"Cechowa","NAZWA_GMI":"Kraków","NAZWA_MSC":"Kraków","odleglosc_m":134.9,"strefa":"50-200 m","warstwa":"adresy"},"geometry":{"type":"Point","coordinates":[19.944782,50.004132]}},{"type":"Feature","properties":{"NUMER_PORZ":"67A","KOD_POCZT":"30-499","NAZWA_ULC":"Jerzego Smoleńskiego","NAZWA_GMI":"Kraków","NAZWA_MSC":"Kraków","odleglosc_m":111.9,"strefa":"50-200 m","warstwa":"adresy"},"geometry":{"type":"Point","coordinates":[19.920828,49.989888]}},{"type":"Feature","properties":{"NUMER_PORZ":"7","KOD_POCZT":"30-698","NAZWA_ULC":"Babiego Lata","NAZWA_GMI":"Kraków","NAZWA_MSC":"Kraków","odleglosc_m":87.9,"strefa":"50-200 m","warstwa":"adresy"},"geometry":{"type":"Point","coordinates":[19.937064,49.998718]}},{"type":"Feature","properties":{"NUMER_PORZ":"4K","KOD_POCZT":"30-614","NAZWA_ULC":"Cechowa","NAZWA_GMI":"Kraków","NAZWA_MSC":"Kraków","odleglosc_m":155.9,"strefa":"50-200 m","warstwa":"adresy"},"geometry":{"type":"Point","coordinates":[19.945077,50.004121]}},{"type":"Feature","properties":{"NUMER_PORZ":"4N","KOD_POCZT":"30-614","NAZWA_ULC":"Cechowa","NAZWA_GMI":"Kraków","NAZWA_MSC":"Kraków","odleglosc_m":129.4,"strefa":"50-200 m","warstwa":"adresy"},"geometry":{"type":"Point","coordinates":[19.944706,50.004134]}},{"type":"Feature","properties":{"NUMER_PORZ":"89E","KOD_POCZT":"30-499","NAZWA_ULC":"Jerzego Smoleńskiego","NAZWA_GMI":"Kraków","NAZWA_MSC":"Kraków","odleglosc_m":159.7,"strefa":"50-200 m","warstwa":"adresy"},"geometry":{"type":"Point","coordinates":[19.920536,49.987196]}},{"type":"Feature","properties":{"NUMER_PORZ":"4H","KOD_POCZT":"30-614","NAZWA_ULC":"Cechowa","NAZWA_GMI":"Kraków","NAZWA_MSC":"Kraków","odleglosc_m":189.4,"strefa":"50-200 m","warstwa":"adresy"},"geometry":{"type":"Point","coordinates":[19.945546,50.004063]}},{"type":"Feature","properties":{"NUMER_PORZ":"73D","KOD_POCZT":"30-610","NAZWA_ULC":"Myślenicka","NAZWA_GMI":"Kraków","NAZWA_MSC":"Kraków","odleglosc_m":57.2,"strefa":"50-200 m","warstwa":"adresy"},"geometry":{"type":"Point","coordinates":[19.942869,50.00276]}},{"type":"Feature","properties":{"NUMER_PORZ":"73E","KOD_POCZT":"30-610","NAZWA_ULC":"Myślenicka","NAZWA_GMI":"Kraków","NAZWA_MSC":"Kraków","odleglosc_m":50.3,"strefa":"50-200 m","warstwa":"adresy"},"geometry":{"type":"Point","coordinates":[19.942769,50.002768]}},{"type":"Feature","properties":{"NUMER_PORZ":"73F","KOD_POCZT":"30-610","NAZWA_ULC":"Myślenicka","NAZWA_GMI":"Kraków","NAZWA_MSC":"Kraków","odleglosc_m":42.7,"strefa":"30-50 m","warstwa":"adresy"},"geometry":{"type":"Point","coordinates":[19.942657,50.002779]}},{"type":"Feature","properties":{"NUMER_PORZ":"73G","KOD_POCZT":"30-610","NAZWA_ULC":"Myślenicka","NAZWA_GMI":"Kraków","NAZWA_MSC":"Kraków","odleglosc_m":65.3,"strefa":"50-200 m","warstwa":"adresy"},"geometry":{"type":"Point","coordinates":[19.942833,50.002576]}},{"type":"Feature","properties":{"NUMER_PORZ":"73H","KOD_POCZT":"30-610","NAZWA_ULC":"Myślenicka","NAZWA_GMI":"Kraków","NAZWA_MSC":"Kraków","odleglosc_m":58.1,"strefa":"50-200 m","warstwa":"adresy"},"geometry":{"type":"Point","coordinates":[19.942725,50.00259]}},{"type":"Feature","properties":{"NUMER_PORZ":"73J","KOD_POCZT":"30-610","NAZWA_ULC":"Myślenicka","NAZWA_GMI":"Kraków","NAZWA_MSC":"Kraków","odleglosc_m":51.7,"strefa":"50-200 m","warstwa":"adresy"},"geometry":{"type":"Point","coordinates":[19.942622,50.002599]}},{"type":"Feature","properties":{"NUMER_PORZ":"73A","KOD_POCZT":"30-610","NAZWA_ULC":"Myślenicka","NAZWA_GMI":"Kraków","NAZWA_MSC":"Kraków","odleglosc_m":43.2,"strefa":"30-50 m","warstwa":"adresy"},"geometry":{"type":"Point","coordinates":[19.942871,50.003011]}},{"type":"Feature","properties":{"NUMER_PORZ":"73B","KOD_POCZT":"30-610","NAZWA_ULC":"Myślenicka","NAZWA_GMI":"Kraków","NAZWA_MSC":"Kraków","odleglosc_m":38.0,"strefa":"30-50 m","warstwa":"adresy"},"geometry":{"type":"Point","coordinates":[19.942793,50.003016]}},{"type":"Feature","properties":{"NUMER_PORZ":"73C","KOD_POCZT":"30-610","NAZWA_ULC":"Myślenicka","NAZWA_GMI":"Kraków","NAZWA_MSC":"Kraków","odleglosc_m":32.8,"strefa":"30-50 m","warstwa":"adresy"},"geometry":{"type":"Point","coordinates":[19.942714,50.003021]}},{"type":"Feature","properties":{"NUMER_PORZ":"73","KOD_POCZT":"30-610","NAZWA_ULC":"Myślenicka","NAZWA_GMI":"Kraków","NAZWA_MSC":"Kraków","odleglosc_m":48.8,"strefa":"30-50 m","warstwa":"adresy"},"geometry":{"type":"Point","coordinates":[19.942952,50.003005]}},{"type":"Feature","properties":{"NUMER_PORZ":"21","KOD_POCZT":"30-698","NAZWA_ULC":"Wypoczynkowa","NAZWA_GMI":"Kraków","NAZWA_MSC":"Kraków","odleglosc_m":78.7,"strefa":"50-200 m","warstwa":"adresy"},"geometry":{"type":"Point","coordinates":[19.932835,49.996903]}},{"type":"Feature","properties":{"NUMER_PORZ":"65a","KOD_POCZT":"30-610","NAZWA_ULC":"Myślenicka","NAZWA_GMI":"Kraków","NAZWA_MSC":"Kraków","odleglosc_m":24.0,"strefa":"20-30 m","warstwa":"adresy"},"geometry":{"type":"Point","coordinates":[19.943229,50.003996]}},{"type":"Feature","properties":{"NUMER_PORZ":"21A","KOD_POCZT":"30-698","NAZWA_ULC":"Wypoczynkowa","NAZWA_GMI":"Kraków","NAZWA_MSC":"Kraków","odleglosc_m":78.2,"strefa":"50-200 m","warstwa":"adresy"},"geometry":{"type":"Point","coordinates":[19.932776,49.996878]}},{"type":"Feature","properties":{"NUMER_PORZ":"75","KOD_POCZT":"30-610","NAZWA_ULC":"Myślenicka","NAZWA_GMI":"Kraków","NAZWA_MSC":"Kraków","odleglosc_m":84.2,"strefa":"50-200 m","warstwa":"adresy"},"geometry":{"type":"Point","coordinates":[19.943205,50.002647]}},{"type":"Feature","properties":{"NUMER_PORZ":"4J","KOD_POCZT":"30-614","NAZWA_ULC":"Cechowa","NAZWA_GMI":"Kraków","NAZWA_MSC":"Kraków","odleglosc_m":189.1,"strefa":"50-200 m","warstwa":"adresy"},"geometry":{"type":"Point","coordinates":[19.94554,50.004015]}},{"type":"Feature","properties":{"NUMER_PORZ":"48D","KOD_POCZT":"30-610","NAZWA_ULC":"Myślenicka","NAZWA_GMI":"Kraków","NAZWA_MSC":"Kraków","odleglosc_m":115.8,"strefa":"50-200 m","warstwa":"adresy"},"geometry":{"type":"Point","coordinates":[19.944512,50.003965]}},{"type":"Feature","properties":{"NUMER_PORZ":"4D","KOD_POCZT":"30-614","NAZWA_ULC":"Cechowa","NAZWA_GMI":"Kraków","NAZWA_MSC":"Kraków","odleglosc_m":193.8,"strefa":"50-200 m","warstwa":"adresy"},"geometry":{"type":"Point","coordinates":[19.945567,50.004368]}},{"type":"Feature","properties":{"NUMER_PORZ":"63","KOD_POCZT":"30-610","NAZWA_ULC":"Myślenicka","NAZWA_GMI":"Kraków","NAZWA_MSC":"Kraków","odleglosc_m":66.5,"strefa":"50-200 m","warstwa":"adresy"},"geometry":{"type":"Point","coordinates":[19.943797,50.004228]}},{"type":"Feature","properties":{"NUMER_PORZ":"2","KOD_POCZT":"30-614","NAZWA_ULC":"Cechowa","NAZWA_GMI":"Kraków","NAZWA_MSC":"Kraków","odleglosc_m":193.2,"strefa":"50-200 m","warstwa":"adresy"},"geometry":{"type":"Point","coordinates":[19.944951,50.005199]}},{"type":"Feature","properties":{"NUMER_PORZ":"75A","KOD_POCZT":"30-610","NAZWA_ULC":"Myślenicka","NAZWA_GMI":"Kraków","NAZWA_MSC":"Kraków","odleglosc_m":75.7,"strefa":"50-200 m","warstwa":"adresy"},"geometry":{"type":"Point","coordinates":[19.943072,50.002648]}},{"type":"Feature","properties":{"NUMER_PORZ":"51","KOD_POCZT":"30-698","NAZWA_ULC":"Borowinowa","NAZWA_GMI":"Kraków","NAZWA_MSC":"Kraków","odleglosc_m":182.5,"strefa":"50-200 m","warstwa":"adresy"},"geometry":{"type":"Point","coordinates":[19.938482,49.99828]}},{"type":"Feature","properties":{"NUMER_PORZ":"121B","KOD_POCZT":"30-499","NAZWA_ULC":"Jerzego Smoleńskiego","NAZWA_GMI":"Kraków","NAZWA_MSC":"Kraków","odleglosc_m":95.6,"strefa":"50-200 m","warstwa":"adresy"},"geometry":{"type":"Point","coordinates":[19.922027,49.983931]}},{"type":"Feature","properties":{"NUMER_PORZ":"1","KOD_POCZT":"30-614","NAZWA_ULC":"Łężce","NAZWA_GMI":"Kraków","NAZWA_MSC":"Kraków","odleglosc_m":147.2,"strefa":"50-200 m","warstwa":"adresy"},"geometry":{"type":"Point","coordinates":[19.943691,50.002084]}},{"type":"Feature","properties":{"NUMER_PORZ":"44","KOD_POCZT":"30-610","NAZWA_ULC":"Myślenicka","NAZWA_GMI":"Kraków","NAZWA_MSC":"Kraków","odleglosc_m":130.2,"strefa":"50-200 m","warstwa":"adresy"},"geometry":{"type":"Point","coordinates":[19.944353,50.004774]}},{"type":"Feature","properties":{"NUMER_PORZ":"44a","KOD_POCZT":"30-610","NAZWA_ULC":"Myślenicka","NAZWA_GMI":"Kraków","NAZWA_MSC":"Kraków","odleglosc_m":130.5,"strefa":"50-200 m","warstwa":"adresy"},"geometry":{"type":"Point","coordinates":[19.944634,50.004431]}},{"type":"Feature","properties":{"NUMER_PORZ":"46","KOD_POCZT":"30-610","NAZWA_ULC":"Myślenicka","NAZWA_GMI":"Kraków","NAZWA_MSC":"Kraków","odleglosc_m":96.1,"strefa":"50-200 m","warstwa":"adresy"},"geometry":{"type":"Point","coordinates":[19.944221,50.004229]}},{"type":"Feature","properties":{"NUMER_PORZ":"48","KOD_POCZT":"30-610","NAZWA_ULC":"Myślenicka","NAZWA_GMI":"Kraków","NAZWA_MSC":"Kraków","odleglosc_m":87.7,"strefa":"50-200 m","warstwa":"adresy"},"geometry":{"type":"Point","coordinates":[19.94405,50.003765]}},{"type":"Feature","properties":{"NUMER_PORZ":"50","KOD_POCZT":"30-610","NAZWA_ULC":"Myślenicka","NAZWA_GMI":"Kraków","NAZWA_MSC":"Kraków","odleglosc_m":89.7,"strefa":"50-200 m","warstwa":"adresy"},"geometry":{"type":"Point","coordinates":[19.9438,50.003358]}},{"type":"Feature","properties":{"NUMER_PORZ":"50c","KOD_POCZT":"30-610","NAZWA_ULC":"Myślenicka","NAZWA_GMI":"Kraków","NAZWA_MSC":"Kraków","odleglosc_m":164.3,"strefa":"50-200 m","warstwa":"adresy"},"geometry":{"type":"Point","coordinates":[19.944807,50.003174]}},{"type":"Feature","properties":{"NUMER_PORZ":"54","KOD_POCZT":"30-610","NAZWA_ULC":"Myślenicka","NAZWA_GMI":"Kraków","NAZWA_MSC":"Kraków","odleglosc_m":108.1,"strefa":"50-200 m","warstwa":"adresy"},"geometry":{"type":"Point","coordinates":[19.943661,50.002724]}},{"type":"Feature","properties":{"NUMER_PORZ":"54A","KOD_POCZT":"30-610","NAZWA_ULC":"Myślenicka","NAZWA_GMI":"Kraków","NAZWA_MSC":"Kraków","odleglosc_m":111.8,"strefa":"50-200 m","warstwa":"adresy"},"geometry":{"type":"Point","coordinates":[19.943637,50.002628]}},{"type":"Feature","properties":{"NUMER_PORZ":"58","KOD_POCZT":"30-613","NAZWA_ULC":"Myślenicka","NAZWA_GMI":"Kraków","NAZWA_MSC":"Kraków","odleglosc_m":126.5,"strefa":"50-200 m","warstwa":"adresy"},"geometry":{"type":"Point","coordinates":[19.943572,50.002298]}},{"type":"Feature","properties":{"NUMER_PORZ":"59","KOD_POCZT":"30-610","NAZWA_ULC":"Myślenicka","NAZWA_GMI":"Kraków","NAZWA_MSC":"Kraków","odleglosc_m":124.9,"strefa":"50-200 m","warstwa":"adresy"},"geometry":{"type":"Point","coordinates":[19.944134,50.004865]}},{"type":"Feature","properties":{"NUMER_PORZ":"65","KOD_POCZT":"30-610","NAZWA_ULC":"Myślenicka","NAZWA_GMI":"Kraków","NAZWA_MSC":"Kraków","odleglosc_m":51.6,"strefa":"50-200 m","warstwa":"adresy"},"geometry":{"type":"Point","coordinates":[19.943618,50.004115]}},{"type":"Feature","properties":{"NUMER_PORZ":"69","KOD_POCZT":"30-610","NAZWA_ULC":"Myślenicka","NAZWA_GMI":"Kraków","NAZWA_MSC":"Kraków","odleglosc_m":75.5,"strefa":"50-200 m","warstwa":"adresy"},"geometry":{"type":"Point","coordinates":[19.943478,50.003198]}},{"type":"Feature","properties":{"NUMER_PORZ":"69b","KOD_POCZT":"30-610","NAZWA_ULC":"Myślenicka","NAZWA_GMI":"Kraków","NAZWA_MSC":"Kraków","odleglosc_m":50.6,"strefa":"50-200 m","warstwa":"adresy"},"geometry":{"type":"Point","coordinates":[19.943065,50.00316]}},{"type":"Feature","properties":{"NUMER_PORZ":"69c","KOD_POCZT":"30-610","NAZWA_ULC":"Myślenicka","NAZWA_GMI":"Kraków","NAZWA_MSC":"Kraków","odleglosc_m":49.8,"strefa":"30-50 m","warstwa":"adresy"},"geometry":{"type":"Point","coordinates":[19.943175,50.003324]}},{"type":"Feature","properties":{"NUMER_PORZ":"71","KOD_POCZT":"30-610","NAZWA_ULC":"Myślenicka","NAZWA_GMI":"Kraków","NAZWA_MSC":"Kraków","odleglosc_m":77.4,"strefa":"50-200 m","warstwa":"adresy"},"geometry":{"type":"Point","coordinates":[19.943351,50.002955]}},{"type":"Feature","properties":{"NUMER_PORZ":"31A","KOD_POCZT":"30-499","NAZWA_ULC":"Jerzego Smoleńskiego","NAZWA_GMI":"Kraków","NAZWA_MSC":"Kraków","odleglosc_m":104.7,"strefa":"50-200 m","warstwa":"adresy"},"geometry":{"type":"Point","coordinates":[19.921674,49.992092]}},{"type":"Feature","properties":{"NUMER_PORZ":"19A","KOD_POCZT":"30-698","NAZWA_ULC":"Wypoczynkowa","NAZWA_GMI":"Kraków","NAZWA_MSC":"Kraków","odleglosc_m":95.1,"strefa":"50-200 m","warstwa":"adresy"},"geometry":{"type":"Point","coordinates":[19.932642,49.996617]}},{"type":"Feature","properties":{"NUMER_PORZ":"3L","KOD_POCZT":"32-400","NAZWA_ULC":"Tarnówka","NAZWA_GMI":"Myślenice","NAZWA_MSC":"Myślenice","odleglosc_m":40.9,"strefa":"30-50 m","warstwa":"adresy"},"geometry":{"type":"Point","coordinates":[19.92442,49.846702]}},{"type":"Feature","properties":{"NUMER_PORZ":"19B","KOD_POCZT":"30-698","NAZWA_ULC":"Wypoczynkowa","NAZWA_GMI":"Kraków","NAZWA_MSC":"Kraków","odleglosc_m":88.0,"strefa":"50-200 m","warstwa":"adresy"},"geometry":{"type":"Point","coordinates":[19.932079,49.996411]}},{"type":"Feature","properties":{"NUMER_PORZ":"98","KOD_POCZT":"32-031","NAZWA_ULC":"Łobzowska","NAZWA_GMI":"Mogilany","NAZWA_MSC":"Włosań","odleglosc_m":160.3,"strefa":"50-200 m","warstwa":"adresy"},"geometry":{"type":"Point","coordinates":[19.889764,49.921008]}},{"type":"Feature","properties":{"NUMER_PORZ":"28","KOD_POCZT":"32-031","NAZWA_ULC":"Łobzowska","NAZWA_GMI":"Mogilany","NAZWA_MSC":"Włosań","odleglosc_m":162.1,"strefa":"50-200 m","warstwa":"adresy"},"geometry":{"type":"Point","coordinates":[19.902156,49.929315]}},{"type":"Feature","properties":{"NUMER_PORZ":"42","KOD_POCZT":"32-031","NAZWA_ULC":"Łobzowska","NAZWA_GMI":"Mogilany","NAZWA_MSC":"Włosań","odleglosc_m":0.0,"strefa":"w śladzie","warstwa":"adresy"},"geometry":{"type":"Point","coordinates":[19.899286,49.929279]}},{"type":"Feature","properties":{"NUMER_PORZ":"40","KOD_POCZT":"32-031","NAZWA_ULC":"Łobzowska","NAZWA_GMI":"Mogilany","NAZWA_MSC":"Włosań","odleglosc_m":0.0,"strefa":"w śladzie","warstwa":"adresy"},"geometry":{"type":"Point","coordinates":[19.899784,49.929531]}},{"type":"Feature","properties":{"NUMER_PORZ":"30","KOD_POCZT":"32-031","NAZWA_ULC":"Łobzowska","NAZWA_GMI":"Mogilany","NAZWA_MSC":"Włosań","odleglosc_m":159.8,"strefa":"50-200 m","warstwa":"adresy"},"geometry":{"type":"Point","coordinates":[19.901631,49.928653]}},{"type":"Feature","properties":{"NUMER_PORZ":"98A","KOD_POCZT":"32-031","NAZWA_ULC":"Świetlista","NAZWA_GMI":"Mogilany","NAZWA_MSC":"Libertów","odleglosc_m":107.9,"strefa":"50-200 m","warstwa":"adresy"},"geometry":{"type":"Point","coordinates":[19.918249,49.976767]}},{"type":"Feature","properties":{"NUMER_PORZ":"159","KOD_POCZT":"32-031","NAZWA_ULC":"Zadziele","NAZWA_GMI":"Mogilany","NAZWA_MSC":"Gaj","odleglosc_m":141.4,"strefa":"50-200 m","warstwa":"adresy"},"geometry":{"type":"Point","coordinates":[19.915297,49.958067]}},{"type":"Feature","properties":{"NUMER_PORZ":"2","KOD_POCZT":"32-031","NAZWA_ULC":"Krakowska","NAZWA_GMI":"Mogilany","NAZWA_MSC":"Lusina","odleglosc_m":0.0,"strefa":"w śladzie","warstwa":"adresy"},"geometry":{"type":"Point","coordinates":[19.920131,49.976244]}},{"type":"Feature","properties":{"NUMER_PORZ":"5","KOD_POCZT":"32-031","NAZWA_ULC":"Krakowska","NAZWA_GMI":"Mogilany","NAZWA_MSC":"Lusina","odleglosc_m":0.0,"strefa":"w śladzie","warstwa":"adresy"},"geometry":{"type":"Point","coordinates":[19.920513,49.976653]}},{"type":"Feature","properties":{"NUMER_PORZ":"9","KOD_POCZT":"32-031","NAZWA_ULC":"Krakowska","NAZWA_GMI":"Mogilany","NAZWA_MSC":"Lusina","odleglosc_m":6.7,"strefa":"0-20 m","warstwa":"adresy"},"geometry":{"type":"Point","coordinates":[19.920752,49.976541]}},{"type":"Feature","properties":{"NUMER_PORZ":"17","KOD_POCZT":"32-031","NAZWA_ULC":"Krakowska","NAZWA_GMI":"Mogilany","NAZWA_MSC":"Lusina","odleglosc_m":61.0,"strefa":"50-200 m","warstwa":"adresy"},"geometry":{"type":"Point","coordinates":[19.921353,49.976244]}},{"type":"Feature","properties":{"NUMER_PORZ":"21","KOD_POCZT":"32-031","NAZWA_ULC":"Krakowska","NAZWA_GMI":"Mogilany","NAZWA_MSC":"Lusina","odleglosc_m":120.8,"strefa":"50-200 m","warstwa":"adresy"},"geometry":{"type":"Point","coordinates":[19.922022,49.975923]}},{"type":"Feature","properties":{"NUMER_PORZ":"19","KOD_POCZT":"32-031","NAZWA_ULC":"Krakowska","NAZWA_GMI":"Mogilany","NAZWA_MSC":"Lusina","odleglosc_m":87.5,"strefa":"50-200 m","warstwa":"adresy"},"geometry":{"type":"Point","coordinates":[19.922135,49.976513]}},{"type":"Feature","properties":{"NUMER_PORZ":"43","KOD_POCZT":"32-031","NAZWA_ULC":"Przylesie","NAZWA_GMI":"Mogilany","NAZWA_MSC":"Libertów","odleglosc_m":96.8,"strefa":"50-200 m","warstwa":"adresy"},"geometry":{"type":"Point","coordinates":[19.917652,49.976067]}},{"type":"Feature","properties":{"NUMER_PORZ":"41","KOD_POCZT":"32-031","NAZWA_ULC":"Przylesie","NAZWA_GMI":"Mogilany","NAZWA_MSC":"Libertów","odleglosc_m":144.1,"strefa":"50-200 m","warstwa":"adresy"},"geometry":{"type":"Point","coordinates":[19.916407,49.975692]}},{"type":"Feature","properties":{"NUMER_PORZ":"34","KOD_POCZT":"32-031","NAZWA_ULC":"Św. Floriana","NAZWA_GMI":"Mogilany","NAZWA_MSC":"Lusina","odleglosc_m":163.1,"strefa":"50-200 m","warstwa":"adresy"},"geometry":{"type":"Point","coordinates":[19.920408,49.973864]}},{"type":"Feature","properties":{"NUMER_PORZ":"20","KOD_POCZT":"32-031","NAZWA_ULC":"Św. Floriana","NAZWA_GMI":"Mogilany","NAZWA_MSC":"Lusina","odleglosc_m":178.7,"strefa":"50-200 m","warstwa":"adresy"},"geometry":{"type":"Point","coordinates":[19.919948,49.973172]}},{"type":"Feature","properties":{"NUMER_PORZ":"24","KOD_POCZT":"32-031","NAZWA_ULC":"Św. Floriana","NAZWA_GMI":"Mogilany","NAZWA_MSC":"Lusina","odleglosc_m":150.1,"strefa":"50-200 m","warstwa":"adresy"},"geometry":{"type":"Point","coordinates":[19.919308,49.972923]}},{"type":"Feature","properties":{"NUMER_PORZ":"20","KOD_POCZT":"32-031","NAZWA_ULC":"Skrzyszów","NAZWA_GMI":"Mogilany","NAZWA_MSC":"Mogilany","odleglosc_m":139.1,"strefa":"50-200 m","warstwa":"adresy"},"geometry":{"type":"Point","coordinates":[19.907616,49.945822]}},{"type":"Feature","properties":{"NUMER_PORZ":"24","KOD_POCZT":"32-031","NAZWA_ULC":"Skrzyszów","NAZWA_GMI":"Mogilany","NAZWA_MSC":"Mogilany","odleglosc_m":56.1,"strefa":"50-200 m","warstwa":"adresy"},"geometry":{"type":"Point","coordinates":[19.906804,49.946359]}},{"type":"Feature","properties":{"NUMER_PORZ":"26","KOD_POCZT":"32-031","NAZWA_ULC":"Skrzyszów","NAZWA_GMI":"Mogilany","NAZWA_MSC":"Mogilany","odleglosc_m":53.2,"strefa":"50-200 m","warstwa":"adresy"},"geometry":{"type":"Point","coordinates":[19.906259,49.946029]}},{"type":"Feature","properties":{"NUMER_PORZ":"28","KOD_POCZT":"32-031","NAZWA_ULC":"Skrzyszów","NAZWA_GMI":"Mogilany","NAZWA_MSC":"Mogilany","odleglosc_m":40.3,"strefa":"30-50 m","warstwa":"adresy"},"geometry":{"type":"Point","coordinates":[19.90568,49.945798]}},{"type":"Feature","properties":{"NUMER_PORZ":"11","KOD_POCZT":"32-031","NAZWA_ULC":"Krakowska","NAZWA_GMI":"Mogilany","NAZWA_MSC":"Lusina","odleglosc_m":28.6,"strefa":"20-30 m","warstwa":"adresy"},"geometry":{"type":"Point","coordinates":[19.921328,49.976683]}},{"type":"Feature","properties":{"NUMER_PORZ":"15","KOD_POCZT":"32-031","NAZWA_ULC":"Krakowska","NAZWA_GMI":"Mogilany","NAZWA_MSC":"Lusina","odleglosc_m":52.0,"strefa":"50-200 m","warstwa":"adresy"},"geometry":{"type":"Point","coordinates":[19.921599,49.976566]}},{"type":"Feature","properties":{"NUMER_PORZ":"25","KOD_POCZT":"32-031","NAZWA_ULC":"Krakowska","NAZWA_GMI":"Mogilany","NAZWA_MSC":"Lusina","odleglosc_m":164.9,"strefa":"50-200 m","warstwa":"adresy"},"geometry":{"type":"Point","coordinates":[19.922976,49.976069]}},{"type":"Feature","properties":{"NUMER_PORZ":"30","KOD_POCZT":"32-031","NAZWA_ULC":"Krakowska","NAZWA_GMI":"Mogilany","NAZWA_MSC":"Lusina","odleglosc_m":129.9,"strefa":"50-200 m","warstwa":"adresy"},"geometry":{"type":"Point","coordinates":[19.921854,49.975678]}},{"type":"Feature","properties":{"NUMER_PORZ":"32","KOD_POCZT":"32-031","NAZWA_ULC":"Krakowska","NAZWA_GMI":"Mogilany","NAZWA_MSC":"Lusina","odleglosc_m":163.2,"strefa":"50-200 m","warstwa":"adresy"},"geometry":{"type":"Point","coordinates":[19.922352,49.975579]}},{"type":"Feature","properties":{"NUMER_PORZ":"4","KOD_POCZT":"32-031","NAZWA_ULC":"Krakowska","NAZWA_GMI":"Mogilany","NAZWA_MSC":"Lusina","odleglosc_m":4.0,"strefa":"0-20 m","warstwa":"adresy"},"geometry":{"type":"Point","coordinates":[19.919509,49.975515]}},{"type":"Feature","properties":{"NUMER_PORZ":"26","KOD_POCZT":"32-031","NAZWA_ULC":"Krakowska","NAZWA_GMI":"Mogilany","NAZWA_MSC":"Lusina","odleglosc_m":126.5,"strefa":"50-200 m","warstwa":"adresy"},"geometry":{"type":"Point","coordinates":[19.921531,49.975451]}},{"type":"Feature","properties":{"NUMER_PORZ":"6","KOD_POCZT":"32-031","NAZWA_ULC":"Kościelna","NAZWA_GMI":"Mogilany","NAZWA_MSC":"Lusina","odleglosc_m":120.7,"strefa":"50-200 m","warstwa":"adresy"},"geometry":{"type":"Point","coordinates":[19.917888,49.962545]}},{"type":"Feature","properties":{"NUMER_PORZ":"8","KOD_POCZT":"32-031","NAZWA_ULC":"Kościelna","NAZWA_GMI":"Mogilany","NAZWA_MSC":"Lusina","odleglosc_m":88.2,"strefa":"50-200 m","warstwa":"adresy"},"geometry":{"type":"Point","coordinates":[19.917477,49.962412]}},{"type":"Feature","properties":{"NUMER_PORZ":"12","KOD_POCZT":"32-031","NAZWA_ULC":"Kościelna","NAZWA_GMI":"Mogilany","NAZWA_MSC":"Lusina","odleglosc_m":37.9,"strefa":"30-50 m","warstwa":"adresy"},"geometry":{"type":"Point","coordinates":[19.916675,49.962554]}},{"type":"Feature","properties":{"NUMER_PORZ":"11","KOD_POCZT":"32-031","NAZWA_ULC":"Kościelna","NAZWA_GMI":"Mogilany","NAZWA_MSC":"Lusina","odleglosc_m":54.4,"strefa":"50-200 m","warstwa":"adresy"},"geometry":{"type":"Point","coordinates":[19.917136,49.962096]}},{"type":"Feature","properties":{"NUMER_PORZ":"9","KOD_POCZT":"32-031","NAZWA_ULC":"Kościelna","NAZWA_GMI":"Mogilany","NAZWA_MSC":"Lusina","odleglosc_m":101.6,"strefa":"50-200 m","warstwa":"adresy"},"geometry":{"type":"Point","coordinates":[19.917815,49.962116]}},{"type":"Feature","properties":{"NUMER_PORZ":"7","KOD_POCZT":"32-031","NAZWA_ULC":"Kościelna","NAZWA_GMI":"Mogilany","NAZWA_MSC":"Lusina","odleglosc_m":163.8,"strefa":"50-200 m","warstwa":"adresy"},"geometry":{"type":"Point","coordinates":[19.918651,49.962279]}},{"type":"Feature","properties":{"NUMER_PORZ":"10","KOD_POCZT":"32-031","NAZWA_ULC":"Kościelna","NAZWA_GMI":"Mogilany","NAZWA_MSC":"Lusina","odleglosc_m":47.3,"strefa":"30-50 m","warstwa":"adresy"},"geometry":{"type":"Point","coordinates":[19.916809,49.962563]}},{"type":"Feature","properties":{"NUMER_PORZ":"92","KOD_POCZT":"32-031","NAZWA_ULC":"Łobzowska","NAZWA_GMI":"Mogilany","NAZWA_MSC":"Włosań","odleglosc_m":196.3,"strefa":"50-200 m","warstwa":"adresy"},"geometry":{"type":"Point","coordinates":[19.891223,49.921319]}},{"type":"Feature","properties":{"NUMER_PORZ":"35","KOD_POCZT":"32-031","NAZWA_ULC":"Przylesie","NAZWA_GMI":"Mogilany","NAZWA_MSC":"Libertów","odleglosc_m":196.1,"strefa":"50-200 m","warstwa":"adresy"},"geometry":{"type":"Point","coordinates":[19.914154,49.974276]}},{"type":"Feature","properties":{"NUMER_PORZ":"37","KOD_POCZT":"32-031","NAZWA_ULC":"Przylesie","NAZWA_GMI":"Mogilany","NAZWA_MSC":"Libertów","odleglosc_m":178.6,"strefa":"50-200 m","warstwa":"adresy"},"geometry":{"type":"Point","coordinates":[19.915303,49.97523]}},{"type":"Feature","properties":{"NUMER_PORZ":"45","KOD_POCZT":"32-031","NAZWA_ULC":"Przylesie","NAZWA_GMI":"Mogilany","NAZWA_MSC":"Libertów","odleglosc_m":110.8,"strefa":"50-200 m","warstwa":"adresy"},"geometry":{"type":"Point","coordinates":[19.915979,49.974771]}},{"type":"Feature","properties":{"NUMER_PORZ":"22","KOD_POCZT":"32-031","NAZWA_ULC":"Św. Floriana","NAZWA_GMI":"Mogilany","NAZWA_MSC":"Lusina","odleglosc_m":192.5,"strefa":"50-200 m","warstwa":"adresy"},"geometry":{"type":"Point","coordinates":[19.919893,49.972864]}},{"type":"Feature","properties":{"NUMER_PORZ":"43","KOD_POCZT":"32-031","NAZWA_ULC":"Św. Floriana","NAZWA_GMI":"Mogilany","NAZWA_MSC":"Lusina","odleglosc_m":181.7,"strefa":"50-200 m","warstwa":"adresy"},"geometry":{"type":"Point","coordinates":[19.919484,49.972239]}},{"type":"Feature","properties":{"NUMER_PORZ":"57","KOD_POCZT":"32-031","NAZWA_ULC":"Św. Floriana","NAZWA_GMI":"Mogilany","NAZWA_MSC":"Lusina","odleglosc_m":118.4,"strefa":"50-200 m","warstwa":"adresy"},"geometry":{"type":"Point","coordinates":[19.917689,49.970972]}},{"type":"Feature","properties":{"NUMER_PORZ":"40","KOD_POCZT":"32-031","NAZWA_ULC":"Świątnicka","NAZWA_GMI":"Mogilany","NAZWA_MSC":"Mogilany","odleglosc_m":143.8,"strefa":"50-200 m","warstwa":"adresy"},"geometry":{"type":"Point","coordinates":[19.898626,49.936294]}},{"type":"Feature","properties":{"NUMER_PORZ":"42","KOD_POCZT":"32-031","NAZWA_ULC":"Świątnicka","NAZWA_GMI":"Mogilany","NAZWA_MSC":"Mogilany","odleglosc_m":116.1,"strefa":"50-200 m","warstwa":"adresy"},"geometry":{"type":"Point","coordinates":[19.899012,49.936284]}},{"type":"Feature","properties":{"NUMER_PORZ":"54","KOD_POCZT":"32-031","NAZWA_ULC":"Świątnicka","NAZWA_GMI":"Mogilany","NAZWA_MSC":"Mogilany","odleglosc_m":46.0,"strefa":"30-50 m","warstwa":"adresy"},"geometry":{"type":"Point","coordinates":[19.899968,49.936001]}},{"type":"Feature","properties":{"NUMER_PORZ":"62","KOD_POCZT":"32-031","NAZWA_ULC":"Świątnicka","NAZWA_GMI":"Mogilany","NAZWA_MSC":"Mogilany","odleglosc_m":9.1,"strefa":"0-20 m","warstwa":"adresy"},"geometry":{"type":"Point","coordinates":[19.900486,49.936036]}},{"type":"Feature","properties":{"NUMER_PORZ":"58","KOD_POCZT":"32-031","NAZWA_ULC":"Świątnicka","NAZWA_GMI":"Mogilany","NAZWA_MSC":"Mogilany","odleglosc_m":25.6,"strefa":"20-30 m","warstwa":"adresy"},"geometry":{"type":"Point","coordinates":[19.900276,49.936303]}},{"type":"Feature","properties":{"NUMER_PORZ":"25A","KOD_POCZT":"32-031","NAZWA_ULC":"Świątnicka","NAZWA_GMI":"Mogilany","NAZWA_MSC":"Mogilany","odleglosc_m":144.3,"strefa":"50-200 m","warstwa":"adresy"},"geometry":{"type":"Point","coordinates":[19.898643,49.936632]}},{"type":"Feature","properties":{"NUMER_PORZ":"41","KOD_POCZT":"32-031","NAZWA_ULC":"Świątnicka","NAZWA_GMI":"Mogilany","NAZWA_MSC":"Mogilany","odleglosc_m":33.6,"strefa":"30-50 m","warstwa":"adresy"},"geometry":{"type":"Point","coordinates":[19.900204,49.936836]}},{"type":"Feature","properties":{"NUMER_PORZ":"34","KOD_POCZT":"32-031","NAZWA_ULC":"Osiedlowa","NAZWA_GMI":"Mogilany","NAZWA_MSC":"Mogilany","odleglosc_m":91.3,"strefa":"50-200 m","warstwa":"adresy"},"geometry":{"type":"Point","coordinates":[19.90229,49.945434]}},{"type":"Feature","properties":{"NUMER_PORZ":"22","KOD_POCZT":"32-031","NAZWA_ULC":"Skrzyszów","NAZWA_GMI":"Mogilany","NAZWA_MSC":"Mogilany","odleglosc_m":70.5,"strefa":"50-200 m","warstwa":"adresy"},"geometry":{"type":"Point","coordinates":[19.907324,49.946485]}},{"type":"Feature","properties":{"NUMER_PORZ":"18","KOD_POCZT":"32-031","NAZWA_ULC":"Skrzyszów","NAZWA_GMI":"Mogilany","NAZWA_MSC":"Mogilany","odleglosc_m":163.2,"strefa":"50-200 m","warstwa":"adresy"},"geometry":{"type":"Point","coordinates":[19.90823,49.945889]}},{"type":"Feature","properties":{"NUMER_PORZ":"5","KOD_POCZT":"32-031","NAZWA_ULC":"Kościelna","NAZWA_GMI":"Mogilany","NAZWA_MSC":"Lusina","odleglosc_m":189.6,"strefa":"50-200 m","warstwa":"adresy"},"geometry":{"type":"Point","coordinates":[19.91901,49.96233]}},{"type":"Feature","properties":{"NUMER_PORZ":"5A","KOD_POCZT":"32-031","NAZWA_ULC":"Kościelna","NAZWA_GMI":"Mogilany","NAZWA_MSC":"Lusina","odleglosc_m":185.6,"strefa":"50-200 m","warstwa":"adresy"},"geometry":{"type":"Point","coordinates":[19.919055,49.962177]}},{"type":"Feature","properties":{"NUMER_PORZ":"7A","KOD_POCZT":"32-031","NAZWA_ULC":"Kościelna","NAZWA_GMI":"Mogilany","NAZWA_MSC":"Lusina","odleglosc_m":133.6,"strefa":"50-200 m","warstwa":"adresy"},"geometry":{"type":"Point","coordinates":[19.918212,49.962262]}},{"type":"Feature","properties":{"NUMER_PORZ":"6A","KOD_POCZT":"32-031","NAZWA_ULC":"Kościelna","NAZWA_GMI":"Mogilany","NAZWA_MSC":"Lusina","odleglosc_m":105.1,"strefa":"50-200 m","warstwa":"adresy"},"geometry":{"type":"Point","coordinates":[19.917507,49.962911]}},{"type":"Feature","properties":{"NUMER_PORZ":"38","KOD_POCZT":"32-031","NAZWA_ULC":"Łobzowska","NAZWA_GMI":"Mogilany","NAZWA_MSC":"Włosań","odleglosc_m":136.7,"strefa":"50-200 m","warstwa":"adresy"},"geometry":{"type":"Point","coordinates":[19.90086,49.928273]}},{"type":"Feature","properties":{"NUMER_PORZ":"45B/1","KOD_POCZT":"32-031","NAZWA_ULC":"Przylesie","NAZWA_GMI":"Mogilany","NAZWA_MSC":"Libertów","odleglosc_m":192.4,"strefa":"50-200 m","warstwa":"adresy"},"geometry":{"type":"Point","coordinates":[19.914847,49.974956]}},{"type":"Feature","properties":{"NUMER_PORZ":"45B/2","KOD_POCZT":"32-031","NAZWA_ULC":"Przylesie","NAZWA_GMI":"Mogilany","NAZWA_MSC":"Libertów","odleglosc_m":198.5,"strefa":"50-200 m","warstwa":"adresy"},"geometry":{"type":"Point","coordinates":[19.914766,49.974973]}},{"type":"Feature","properties":{"NUMER_PORZ":"45B/3","KOD_POCZT":"32-031","NAZWA_ULC":"Przylesie","NAZWA_GMI":"Mogilany","NAZWA_MSC":"Libertów","odleglosc_m":193.5,"strefa":"50-200 m","warstwa":"adresy"},"geometry":{"type":"Point","coordinates":[19.914891,49.975037]}},{"type":"Feature","properties":{"NUMER_PORZ":"45B/4","KOD_POCZT":"32-031","NAZWA_ULC":"Przylesie","NAZWA_GMI":"Mogilany","NAZWA_MSC":"Libertów","odleglosc_m":199.1,"strefa":"50-200 m","warstwa":"adresy"},"geometry":{"type":"Point","coordinates":[19.914818,49.975057]}},{"type":"Feature","properties":{"NUMER_PORZ":"45E","KOD_POCZT":"32-031","NAZWA_ULC":"Przylesie","NAZWA_GMI":"Mogilany","NAZWA_MSC":"Libertów","odleglosc_m":199.8,"strefa":"50-200 m","warstwa":"adresy"},"geometry":{"type":"Point","coordinates":[19.914476,49.974701]}},{"type":"Feature","properties":{"NUMER_PORZ":"47","KOD_POCZT":"32-031","NAZWA_ULC":"Św. Floriana","NAZWA_GMI":"Mogilany","NAZWA_MSC":"Lusina","odleglosc_m":137.1,"strefa":"50-200 m","warstwa":"adresy"},"geometry":{"type":"Point","coordinates":[19.918826,49.97226]}},{"type":"Feature","properties":{"NUMER_PORZ":"51","KOD_POCZT":"32-031","NAZWA_ULC":"Św. Floriana","NAZWA_GMI":"Mogilany","NAZWA_MSC":"Lusina","odleglosc_m":72.9,"strefa":"50-200 m","warstwa":"adresy"},"geometry":{"type":"Point","coordinates":[19.917926,49.972376]}},{"type":"Feature","properties":{"NUMER_PORZ":"53","KOD_POCZT":"32-031","NAZWA_ULC":"Św. Floriana","NAZWA_GMI":"Mogilany","NAZWA_MSC":"Lusina","odleglosc_m":99.0,"strefa":"50-200 m","warstwa":"adresy"},"geometry":{"type":"Point","coordinates":[19.917806,49.971823]}},{"type":"Feature","properties":{"NUMER_PORZ":"55","KOD_POCZT":"32-031","NAZWA_ULC":"Św. Floriana","NAZWA_GMI":"Mogilany","NAZWA_MSC":"Lusina","odleglosc_m":81.4,"strefa":"50-200 m","warstwa":"adresy"},"geometry":{"type":"Point","coordinates":[19.917535,49.971615]}},{"type":"Feature","properties":{"NUMER_PORZ":"59","KOD_POCZT":"32-031","NAZWA_ULC":"Św. Floriana","NAZWA_GMI":"Mogilany","NAZWA_MSC":"Lusina","odleglosc_m":110.7,"strefa":"50-200 m","warstwa":"adresy"},"geometry":{"type":"Point","coordinates":[19.91692,49.970066]}},{"type":"Feature","properties":{"NUMER_PORZ":"71","KOD_POCZT":"32-031","NAZWA_ULC":"Akacjowa","NAZWA_GMI":"Mogilany","NAZWA_MSC":"Gaj","odleglosc_m":125.4,"strefa":"50-200 m","warstwa":"adresy"},"geometry":{"type":"Point","coordinates":[19.912303,49.966648]}},{"type":"Feature","properties":{"NUMER_PORZ":"83","KOD_POCZT":"32-031","NAZWA_ULC":"Akacjowa","NAZWA_GMI":"Mogilany","NAZWA_MSC":"Gaj","odleglosc_m":199.4,"strefa":"50-200 m","warstwa":"adresy"},"geometry":{"type":"Point","coordinates":[19.91125,49.967928]}},{"type":"Feature","properties":{"NUMER_PORZ":"66","KOD_POCZT":"32-031","NAZWA_ULC":"Świątnicka","NAZWA_GMI":"Mogilany","NAZWA_MSC":"Mogilany","odleglosc_m":7.7,"strefa":"0-20 m","warstwa":"adresy"},"geometry":{"type":"Point","coordinates":[19.901588,49.936453]}},{"type":"Feature","properties":{"NUMER_PORZ":"70","KOD_POCZT":"32-031","NAZWA_ULC":"Świątnicka","NAZWA_GMI":"Mogilany","NAZWA_MSC":"Mogilany","odleglosc_m":91.3,"strefa":"50-200 m","warstwa":"adresy"},"geometry":{"type":"Point","coordinates":[19.902738,49.936217]}},{"type":"Feature","properties":{"NUMER_PORZ":"39","KOD_POCZT":"32-031","NAZWA_ULC":"Świątnicka","NAZWA_GMI":"Mogilany","NAZWA_MSC":"Mogilany","odleglosc_m":60.7,"strefa":"50-200 m","warstwa":"adresy"},"geometry":{"type":"Point","coordinates":[19.899829,49.936893]}},{"type":"Feature","properties":{"NUMER_PORZ":"15","KOD_POCZT":"32-031","NAZWA_ULC":"Skrzyszów","NAZWA_GMI":"Mogilany","NAZWA_MSC":"Mogilany","odleglosc_m":189.8,"strefa":"50-200 m","warstwa":"adresy"},"geometry":{"type":"Point","coordinates":[19.907837,49.945315]}},{"type":"Feature","properties":{"NUMER_PORZ":"30","KOD_POCZT":"32-031","NAZWA_ULC":"Skrzyszów","NAZWA_GMI":"Mogilany","NAZWA_MSC":"Mogilany","odleglosc_m":25.6,"strefa":"20-30 m","warstwa":"adresy"},"geometry":{"type":"Point","coordinates":[19.906005,49.946217]}},{"type":"Feature","properties":{"NUMER_PORZ":"28","KOD_POCZT":"32-031","NAZWA_ULC":"Krakowska","NAZWA_GMI":"Mogilany","NAZWA_MSC":"Lusina","odleglosc_m":118.0,"strefa":"50-200 m","warstwa":"adresy"},"geometry":{"type":"Point","coordinates":[19.921675,49.975711]}},{"type":"Feature","properties":{"NUMER_PORZ":"169","KOD_POCZT":"32-031","NAZWA_ULC":"Łobzowska","NAZWA_GMI":"Mogilany","NAZWA_MSC":"Włosań","odleglosc_m":156.7,"strefa":"50-200 m","warstwa":"adresy"},"geometry":{"type":"Point","coordinates":[19.887323,49.919848]}},{"type":"Feature","properties":{"NUMER_PORZ":"106","KOD_POCZT":"32-031","NAZWA_ULC":"Łobzowska","NAZWA_GMI":"Mogilany","NAZWA_MSC":"Włosań","odleglosc_m":0.0,"strefa":"w śladzie","warstwa":"adresy"},"geometry":{"type":"Point","coordinates":[19.885196,49.920915]}},{"type":"Feature","properties":{"NUMER_PORZ":"108","KOD_POCZT":"32-031","NAZWA_ULC":"Łobzowska","NAZWA_GMI":"Mogilany","NAZWA_MSC":"Włosań","odleglosc_m":34.3,"strefa":"30-50 m","warstwa":"adresy"},"geometry":{"type":"Point","coordinates":[19.88413,49.921144]}},{"type":"Feature","properties":{"NUMER_PORZ":"108A","KOD_POCZT":"32-031","NAZWA_ULC":"Łobzowska","NAZWA_GMI":"Mogilany","NAZWA_MSC":"Włosań","odleglosc_m":39.8,"strefa":"30-50 m","warstwa":"adresy"},"geometry":{"type":"Point","coordinates":[19.8841,49.921191]}},{"type":"Feature","properties":{"NUMER_PORZ":"108B","KOD_POCZT":"32-031","NAZWA_ULC":"Łobzowska","NAZWA_GMI":"Mogilany","NAZWA_MSC":"Włosań","odleglosc_m":51.7,"strefa":"50-200 m","warstwa":"adresy"},"geometry":{"type":"Point","coordinates":[19.88404,49.921295]}},{"type":"Feature","properties":{"NUMER_PORZ":"108C","KOD_POCZT":"32-031","NAZWA_ULC":"Łobzowska","NAZWA_GMI":"Mogilany","NAZWA_MSC":"Włosań","odleglosc_m":57.3,"strefa":"50-200 m","warstwa":"adresy"},"geometry":{"type":"Point","coordinates":[19.884011,49.921345]}},{"type":"Feature","properties":{"NUMER_PORZ":"108D","KOD_POCZT":"32-031","NAZWA_ULC":"Łobzowska","NAZWA_GMI":"Mogilany","NAZWA_MSC":"Włosań","odleglosc_m":69.6,"strefa":"50-200 m","warstwa":"adresy"},"geometry":{"type":"Point","coordinates":[19.883957,49.921458]}},{"type":"Feature","properties":{"NUMER_PORZ":"23","KOD_POCZT":"32-031","NAZWA_ULC":"Uzdrowiskowa","NAZWA_GMI":"Mogilany","NAZWA_MSC":"Włosań","odleglosc_m":101.1,"strefa":"50-200 m","warstwa":"adresy"},"geometry":{"type":"Point","coordinates":[19.881355,49.91749]}},{"type":"Feature","properties":{"NUMER_PORZ":"47","KOD_POCZT":"32-031","NAZWA_ULC":"Przylesie","NAZWA_GMI":"Mogilany","NAZWA_MSC":"Libertów","odleglosc_m":155.9,"strefa":"50-200 m","warstwa":"adresy"},"geometry":{"type":"Point","coordinates":[19.914538,49.97398]}},{"type":"Feature","properties":{"NUMER_PORZ":"47A","KOD_POCZT":"32-031","NAZWA_ULC":"Przylesie","NAZWA_GMI":"Mogilany","NAZWA_MSC":"Libertów","odleglosc_m":153.6,"strefa":"50-200 m","warstwa":"adresy"},"geometry":{"type":"Point","coordinates":[19.914526,49.973924]}},{"type":"Feature","properties":{"NUMER_PORZ":"47B","KOD_POCZT":"32-031","NAZWA_ULC":"Przylesie","NAZWA_GMI":"Mogilany","NAZWA_MSC":"Libertów","odleglosc_m":152.9,"strefa":"50-200 m","warstwa":"adresy"},"geometry":{"type":"Point","coordinates":[19.914464,49.973828]}},{"type":"Feature","properties":{"NUMER_PORZ":"49","KOD_POCZT":"32-031","NAZWA_ULC":"Przylesie","NAZWA_GMI":"Mogilany","NAZWA_MSC":"Libertów","odleglosc_m":172.8,"strefa":"50-200 m","warstwa":"adresy"},"geometry":{"type":"Point","coordinates":[19.914302,49.97402]}},{"type":"Feature","properties":{"NUMER_PORZ":"49A","KOD_POCZT":"32-031","NAZWA_ULC":"Przylesie","NAZWA_GMI":"Mogilany","NAZWA_MSC":"Libertów","odleglosc_m":172.6,"strefa":"50-200 m","warstwa":"adresy"},"geometry":{"type":"Point","coordinates":[19.914271,49.973978]}},{"type":"Feature","properties":{"NUMER_PORZ":"49B","KOD_POCZT":"32-031","NAZWA_ULC":"Przylesie","NAZWA_GMI":"Mogilany","NAZWA_MSC":"Libertów","odleglosc_m":171.9,"strefa":"50-200 m","warstwa":"adresy"},"geometry":{"type":"Point","coordinates":[19.914215,49.973887]}},{"type":"Feature","properties":{"NUMER_PORZ":"47C","KOD_POCZT":"32-031","NAZWA_ULC":"Przylesie","NAZWA_GMI":"Mogilany","NAZWA_MSC":"Libertów","odleglosc_m":151.4,"strefa":"50-200 m","warstwa":"adresy"},"geometry":{"type":"Point","coordinates":[19.914446,49.973773]}},{"type":"Feature","properties":{"NUMER_PORZ":"49C","KOD_POCZT":"32-031","NAZWA_ULC":"Przylesie","NAZWA_GMI":"Mogilany","NAZWA_MSC":"Libertów","odleglosc_m":170.9,"strefa":"50-200 m","warstwa":"adresy"},"geometry":{"type":"Point","coordinates":[19.914175,49.973821]}},{"type":"Feature","properties":{"NUMER_PORZ":"49D","KOD_POCZT":"32-031","NAZWA_ULC":"Przylesie","NAZWA_GMI":"Mogilany","NAZWA_MSC":"Libertów","odleglosc_m":168.3,"strefa":"50-200 m","warstwa":"adresy"},"geometry":{"type":"Point","coordinates":[19.914125,49.973737]}},{"type":"Feature","properties":{"NUMER_PORZ":"49E","KOD_POCZT":"32-031","NAZWA_ULC":"Przylesie","NAZWA_GMI":"Mogilany","NAZWA_MSC":"Libertów","odleglosc_m":165.6,"strefa":"50-200 m","warstwa":"adresy"},"geometry":{"type":"Point","coordinates":[19.914096,49.97367]}},{"type":"Feature","properties":{"NUMER_PORZ":"185","KOD_POCZT":"32-031","NAZWA_ULC":"Zadziele","NAZWA_GMI":"Mogilany","NAZWA_MSC":"Gaj","odleglosc_m":0.0,"strefa":"w śladzie","warstwa":"adresy"},"geometry":{"type":"Point","coordinates":[19.916815,49.959904]}},{"type":"Feature","properties":{"NUMER_PORZ":"189","KOD_POCZT":"32-031","NAZWA_ULC":"Zadziele","NAZWA_GMI":"Mogilany","NAZWA_MSC":"Gaj","odleglosc_m":0.0,"strefa":"w śladzie","warstwa":"adresy"},"geometry":{"type":"Point","coordinates":[19.917123,49.960269]}},{"type":"Feature","properties":{"NUMER_PORZ":"208A","KOD_POCZT":"32-031","NAZWA_ULC":"Zadziele","NAZWA_GMI":"Mogilany","NAZWA_MSC":"Gaj","odleglosc_m":99.8,"strefa":"50-200 m","warstwa":"adresy"},"geometry":{"type":"Point","coordinates":[19.915917,49.95677]}},{"type":"Feature","properties":{"NUMER_PORZ":"53","KOD_POCZT":"32-031","NAZWA_ULC":"Świątnicka","NAZWA_GMI":"Mogilany","NAZWA_MSC":"Mogilany","odleglosc_m":90.1,"strefa":"50-200 m","warstwa":"adresy"},"geometry":{"type":"Point","coordinates":[19.902773,49.936914]}},{"type":"Feature","properties":{"NUMER_PORZ":"26A","KOD_POCZT":"32-031","NAZWA_ULC":"Skrzyszów","NAZWA_GMI":"Mogilany","NAZWA_MSC":"Mogilany","odleglosc_m":44.7,"strefa":"30-50 m","warstwa":"adresy"},"geometry":{"type":"Point","coordinates":[19.906497,49.946308]}},{"type":"Feature","properties":{"NUMER_PORZ":"7","KOD_POCZT":"32-031","NAZWA_ULC":"Krakowska","NAZWA_GMI":"Mogilany","NAZWA_MSC":"Lusina","odleglosc_m":0.0,"strefa":"w śladzie","warstwa":"adresy"},"geometry":{"type":"Point","coordinates":[19.920918,49.976898]}},{"type":"Feature","properties":{"NUMER_PORZ":"10","KOD_POCZT":"32-031","NAZWA_ULC":"Krakowska","NAZWA_GMI":"Mogilany","NAZWA_MSC":"Lusina","odleglosc_m":20.8,"strefa":"20-30 m","warstwa":"adresy"},"geometry":{"type":"Point","coordinates":[19.920361,49.976031]}},{"type":"Feature","properties":{"NUMER_PORZ":"12","KOD_POCZT":"32-031","NAZWA_ULC":"Krakowska","NAZWA_GMI":"Mogilany","NAZWA_MSC":"Lusina","odleglosc_m":41.5,"strefa":"30-50 m","warstwa":"adresy"},"geometry":{"type":"Point","coordinates":[19.92072,49.976034]}},{"type":"Feature","properties":{"NUMER_PORZ":"14","KOD_POCZT":"32-031","NAZWA_ULC":"Krakowska","NAZWA_GMI":"Mogilany","NAZWA_MSC":"Lusina","odleglosc_m":60.6,"strefa":"50-200 m","warstwa":"adresy"},"geometry":{"type":"Point","coordinates":[19.920962,49.975956]}},{"type":"Feature","properties":{"NUMER_PORZ":"22","KOD_POCZT":"32-031","NAZWA_ULC":"Krakowska","NAZWA_GMI":"Mogilany","NAZWA_MSC":"Lusina","odleglosc_m":55.2,"strefa":"50-200 m","warstwa":"adresy"},"geometry":{"type":"Point","coordinates":[19.920285,49.97543]}},{"type":"Feature","properties":{"NUMER_PORZ":"24","KOD_POCZT":"32-031","NAZWA_ULC":"Krakowska","NAZWA_GMI":"Mogilany","NAZWA_MSC":"Lusina","odleglosc_m":122.3,"strefa":"50-200 m","warstwa":"adresy"},"geometry":{"type":"Point","coordinates":[19.921277,49.975287]}},{"type":"Feature","properties":{"NUMER_PORZ":"108E","KOD_POCZT":"32-031","NAZWA_ULC":"Łobzowska","NAZWA_GMI":"Mogilany","NAZWA_MSC":"Włosań","odleglosc_m":59.6,"strefa":"50-200 m","warstwa":"adresy"},"geometry":{"type":"Point","coordinates":[19.884394,49.92156]}},{"type":"Feature","properties":{"NUMER_PORZ":"108F","KOD_POCZT":"32-031","NAZWA_ULC":"Łobzowska","NAZWA_GMI":"Mogilany","NAZWA_MSC":"Włosań","odleglosc_m":47.4,"strefa":"30-50 m","warstwa":"adresy"},"geometry":{"type":"Point","coordinates":[19.884458,49.921454]}},{"type":"Feature","properties":{"NUMER_PORZ":"108G","KOD_POCZT":"32-031","NAZWA_ULC":"Łobzowska","NAZWA_GMI":"Mogilany","NAZWA_MSC":"Włosań","odleglosc_m":41.7,"strefa":"30-50 m","warstwa":"adresy"},"geometry":{"type":"Point","coordinates":[19.884494,49.921407]}},{"type":"Feature","properties":{"NUMER_PORZ":"108H","KOD_POCZT":"32-031","NAZWA_ULC":"Łobzowska","NAZWA_GMI":"Mogilany","NAZWA_MSC":"Włosań","odleglosc_m":29.6,"strefa":"20-30 m","warstwa":"adresy"},"geometry":{"type":"Point","coordinates":[19.884547,49.921296]}},{"type":"Feature","properties":{"NUMER_PORZ":"40D","KOD_POCZT":"32-031","NAZWA_ULC":"Łobzowska","NAZWA_GMI":"Mogilany","NAZWA_MSC":"Włosań","odleglosc_m":33.0,"strefa":"30-50 m","warstwa":"adresy"},"geometry":{"type":"Point","coordinates":[19.89986,49.928989]}},{"type":"Feature","properties":{"NUMER_PORZ":"38A","KOD_POCZT":"32-031","NAZWA_ULC":"Łobzowska","NAZWA_GMI":"Mogilany","NAZWA_MSC":"Włosań","odleglosc_m":72.9,"strefa":"50-200 m","warstwa":"adresy"},"geometry":{"type":"Point","coordinates":[19.900431,49.928898]}},{"type":"Feature","properties":{"NUMER_PORZ":"38B","KOD_POCZT":"32-031","NAZWA_ULC":"Łobzowska","NAZWA_GMI":"Mogilany","NAZWA_MSC":"Włosań","odleglosc_m":82.3,"strefa":"50-200 m","warstwa":"adresy"},"geometry":{"type":"Point","coordinates":[19.90065,49.928959]}},{"type":"Feature","properties":{"NUMER_PORZ":"25","KOD_POCZT":"32-031","NAZWA_ULC":"Uzdrowiskowa","NAZWA_GMI":"Mogilany","NAZWA_MSC":"Włosań","odleglosc_m":97.1,"strefa":"50-200 m","warstwa":"adresy"},"geometry":{"type":"Point","coordinates":[19.88116,49.917431]}},{"type":"Feature","properties":{"NUMER_PORZ":"25A","KOD_POCZT":"32-031","NAZWA_ULC":"Uzdrowiskowa","NAZWA_GMI":"Mogilany","NAZWA_MSC":"Włosań","odleglosc_m":99.6,"strefa":"50-200 m","warstwa":"adresy"},"geometry":{"type":"Point","coordinates":[19.881286,49.91747]}},{"type":"Feature","properties":{"NUMER_PORZ":"27","KOD_POCZT":"32-031","NAZWA_ULC":"Św. Rity","NAZWA_GMI":"Mogilany","NAZWA_MSC":"Włosań","odleglosc_m":150.2,"strefa":"50-200 m","warstwa":"adresy"},"geometry":{"type":"Point","coordinates":[19.889841,49.925265]}},{"type":"Feature","properties":{"NUMER_PORZ":"29","KOD_POCZT":"32-031","NAZWA_ULC":"Św. Rity","NAZWA_GMI":"Mogilany","NAZWA_MSC":"Włosań","odleglosc_m":181.6,"strefa":"50-200 m","warstwa":"adresy"},"geometry":{"type":"Point","coordinates":[19.88921,49.92531]}},{"type":"Feature","properties":{"NUMER_PORZ":"10","KOD_POCZT":"32-031","NAZWA_ULC":"Św. Rity","NAZWA_GMI":"Mogilany","NAZWA_MSC":"Włosań","odleglosc_m":78.0,"strefa":"50-200 m","warstwa":"adresy"},"geometry":{"type":"Point","coordinates":[19.895535,49.927788]}},{"type":"Feature","properties":{"NUMER_PORZ":"3","KOD_POCZT":"32-031","NAZWA_ULC":"Św. Rity","NAZWA_GMI":"Mogilany","NAZWA_MSC":"Włosań","odleglosc_m":32.8,"strefa":"30-50 m","warstwa":"adresy"},"geometry":{"type":"Point","coordinates":[19.898009,49.927323]}},{"type":"Feature","properties":{"NUMER_PORZ":"23","KOD_POCZT":"32-031","NAZWA_ULC":"Św. Rity","NAZWA_GMI":"Mogilany","NAZWA_MSC":"Włosań","odleglosc_m":136.8,"strefa":"50-200 m","warstwa":"adresy"},"geometry":{"type":"Point","coordinates":[19.891231,49.925819]}},{"type":"Feature","properties":{"NUMER_PORZ":"51D","KOD_POCZT":"32-031","NAZWA_ULC":"Przylesie","NAZWA_GMI":"Mogilany","NAZWA_MSC":"Libertów","odleglosc_m":196.3,"strefa":"50-200 m","warstwa":"adresy"},"geometry":{"type":"Point","coordinates":[19.913721,49.973807]}},{"type":"Feature","properties":{"NUMER_PORZ":"51E","KOD_POCZT":"32-031","NAZWA_ULC":"Przylesie","NAZWA_GMI":"Mogilany","NAZWA_MSC":"Libertów","odleglosc_m":194.9,"strefa":"50-200 m","warstwa":"adresy"},"geometry":{"type":"Point","coordinates":[19.913698,49.973761]}},{"type":"Feature","properties":{"NUMER_PORZ":"26","KOD_POCZT":"32-031","NAZWA_ULC":"Św. Floriana","NAZWA_GMI":"Mogilany","NAZWA_MSC":"Lusina","odleglosc_m":135.5,"strefa":"50-200 m","warstwa":"adresy"},"geometry":{"type":"Point","coordinates":[19.919456,49.973398]}},{"type":"Feature","properties":{"NUMER_PORZ":"28","KOD_POCZT":"32-031","NAZWA_ULC":"Św. Floriana","NAZWA_GMI":"Mogilany","NAZWA_MSC":"Lusina","odleglosc_m":130.2,"strefa":"50-200 m","warstwa":"adresy"},"geometry":{"type":"Point","coordinates":[19.919605,49.973632]}},{"type":"Feature","properties":{"NUMER_PORZ":"198","KOD_POCZT":"32-031","NAZWA_ULC":"Zadziele","NAZWA_GMI":"Mogilany","NAZWA_MSC":"Gaj","odleglosc_m":198.5,"strefa":"50-200 m","warstwa":"adresy"},"geometry":{"type":"Point","coordinates":[19.914594,49.957296]}},{"type":"Feature","properties":{"NUMER_PORZ":"216","KOD_POCZT":"32-031","NAZWA_ULC":"Zadziele","NAZWA_GMI":"Mogilany","NAZWA_MSC":"Gaj","odleglosc_m":55.6,"strefa":"50-200 m","warstwa":"adresy"},"geometry":{"type":"Point","coordinates":[19.91646,49.958294]}},{"type":"Feature","properties":{"NUMER_PORZ":"43","KOD_POCZT":"32-031","NAZWA_ULC":"Świątnicka","NAZWA_GMI":"Mogilany","NAZWA_MSC":"Mogilany","odleglosc_m":0.0,"strefa":"nad tunelem","warstwa":"adresy"},"geometry":{"type":"Point","coordinates":[19.900984,49.936904]}},{"type":"Feature","properties":{"NUMER_PORZ":"29A","KOD_POCZT":"32-031","NAZWA_ULC":"Świątnicka","NAZWA_GMI":"Mogilany","NAZWA_MSC":"Mogilany","odleglosc_m":165.2,"strefa":"50-200 m","warstwa":"adresy"},"geometry":{"type":"Point","coordinates":[19.898384,49.937061]}},{"type":"Feature","properties":{"NUMER_PORZ":"35","KOD_POCZT":"32-031","NAZWA_ULC":"Świątnicka","NAZWA_GMI":"Mogilany","NAZWA_MSC":"Mogilany","odleglosc_m":108.1,"strefa":"50-200 m","warstwa":"adresy"},"geometry":{"type":"Point","coordinates":[19.899171,49.936942]}},{"type":"Feature","properties":{"NUMER_PORZ":"37","KOD_POCZT":"32-031","NAZWA_ULC":"Świątnicka","NAZWA_GMI":"Mogilany","NAZWA_MSC":"Mogilany","odleglosc_m":97.6,"strefa":"50-200 m","warstwa":"adresy"},"geometry":{"type":"Point","coordinates":[19.899318,49.936947]}},{"type":"Feature","properties":{"NUMER_PORZ":"60","KOD_POCZT":"32-031","NAZWA_ULC":"Świątnicka","NAZWA_GMI":"Mogilany","NAZWA_MSC":"Mogilany","odleglosc_m":11.4,"strefa":"0-20 m","warstwa":"adresy"},"geometry":{"type":"Point","coordinates":[19.900482,49.936403]}},{"type":"Feature","properties":{"NUMER_PORZ":"28A","KOD_POCZT":"32-031","NAZWA_ULC":"Skrzyszów","NAZWA_GMI":"Mogilany","NAZWA_MSC":"Mogilany","odleglosc_m":26.3,"strefa":"20-30 m","warstwa":"adresy"},"geometry":{"type":"Point","coordinates":[19.905795,49.946067]}},{"type":"Feature","properties":{"NUMER_PORZ":"15A","KOD_POCZT":"32-031","NAZWA_ULC":"Skrzyszów","NAZWA_GMI":"Mogilany","NAZWA_MSC":"Mogilany","odleglosc_m":184.2,"strefa":"50-200 m","warstwa":"adresy"},"geometry":{"type":"Point","coordinates":[19.907833,49.945391]}},{"type":"Feature","properties":{"NUMER_PORZ":"15B","KOD_POCZT":"32-031","NAZWA_ULC":"Skrzyszów","NAZWA_GMI":"Mogilany","NAZWA_MSC":"Mogilany","odleglosc_m":175.6,"strefa":"50-200 m","warstwa":"adresy"},"geometry":{"type":"Point","coordinates":[19.907841,49.94551]}},{"type":"Feature","properties":{"NUMER_PORZ":"15C","KOD_POCZT":"32-031","NAZWA_ULC":"Skrzyszów","NAZWA_GMI":"Mogilany","NAZWA_MSC":"Mogilany","odleglosc_m":169.9,"strefa":"50-200 m","warstwa":"adresy"},"geometry":{"type":"Point","coordinates":[19.907848,49.945588]}},{"type":"Feature","properties":{"NUMER_PORZ":"3","KOD_POCZT":"32-031","NAZWA_ULC":"Ks. Józefa Mazurka","NAZWA_GMI":"Mogilany","NAZWA_MSC":"Mogilany","odleglosc_m":0.0,"strefa":"w śladzie","warstwa":"adresy"},"geometry":{"type":"Point","coordinates":[19.902468,49.944026]}},{"type":"Feature","properties":{"NUMER_PORZ":"5A","KOD_POCZT":"32-031","NAZWA_ULC":"Ks. Józefa Mazurka","NAZWA_GMI":"Mogilany","NAZWA_MSC":"Mogilany","odleglosc_m":0.0,"strefa":"w śladzie","warstwa":"adresy"},"geometry":{"type":"Point","coordinates":[19.902706,49.943696]}},{"type":"Feature","properties":{"NUMER_PORZ":"5B","KOD_POCZT":"32-031","NAZWA_ULC":"Ks. Józefa Mazurka","NAZWA_GMI":"Mogilany","NAZWA_MSC":"Mogilany","odleglosc_m":0.0,"strefa":"w śladzie","warstwa":"adresy"},"geometry":{"type":"Point","coordinates":[19.902581,49.943978]}},{"type":"Feature","properties":{"NUMER_PORZ":"15B","KOD_POCZT":"32-031","NAZWA_ULC":"Krakowska","NAZWA_GMI":"Mogilany","NAZWA_MSC":"Lusina","odleglosc_m":29.2,"strefa":"20-30 m","warstwa":"adresy"},"geometry":{"type":"Point","coordinates":[19.921735,49.977094]}},{"type":"Feature","properties":{"NUMER_PORZ":"66","KOD_POCZT":"32-031","NAZWA_ULC":"Konarska","NAZWA_GMI":"Mogilany","NAZWA_MSC":"Konary","odleglosc_m":177.3,"strefa":"50-200 m","warstwa":"adresy"},"geometry":{"type":"Point","coordinates":[19.913352,49.948661]}},{"type":"Feature","properties":{"NUMER_PORZ":"38C","KOD_POCZT":"32-031","NAZWA_ULC":"Łobzowska","NAZWA_GMI":"Mogilany","NAZWA_MSC":"Włosań","odleglosc_m":91.6,"strefa":"50-200 m","warstwa":"adresy"},"geometry":{"type":"Point","coordinates":[19.900874,49.929028]}},{"type":"Feature","properties":{"NUMER_PORZ":"38D","KOD_POCZT":"32-031","NAZWA_ULC":"Łobzowska","NAZWA_GMI":"Mogilany","NAZWA_MSC":"Włosań","odleglosc_m":101.7,"strefa":"50-200 m","warstwa":"adresy"},"geometry":{"type":"Point","coordinates":[19.901105,49.929117]}},{"type":"Feature","properties":{"NUMER_PORZ":"38E","KOD_POCZT":"32-031","NAZWA_ULC":"Łobzowska","NAZWA_GMI":"Mogilany","NAZWA_MSC":"Włosań","odleglosc_m":77.9,"strefa":"50-200 m","warstwa":"adresy"},"geometry":{"type":"Point","coordinates":[19.900888,49.929316]}},{"type":"Feature","properties":{"NUMER_PORZ":"38F","KOD_POCZT":"32-031","NAZWA_ULC":"Łobzowska","NAZWA_GMI":"Mogilany","NAZWA_MSC":"Włosań","odleglosc_m":65.8,"strefa":"50-200 m","warstwa":"adresy"},"geometry":{"type":"Point","coordinates":[19.90065,49.929251]}},{"type":"Feature","properties":{"NUMER_PORZ":"38G","KOD_POCZT":"32-031","NAZWA_ULC":"Łobzowska","NAZWA_GMI":"Mogilany","NAZWA_MSC":"Włosań","odleglosc_m":50.6,"strefa":"50-200 m","warstwa":"adresy"},"geometry":{"type":"Point","coordinates":[19.900321,49.929155]}},{"type":"Feature","properties":{"NUMER_PORZ":"175A","KOD_POCZT":"32-031","NAZWA_ULC":"Łobzowska","NAZWA_GMI":"Mogilany","NAZWA_MSC":"Włosań","odleglosc_m":52.6,"strefa":"50-200 m","warstwa":"adresy"},"geometry":{"type":"Point","coordinates":[19.883859,49.919321]}},{"type":"Feature","properties":{"NUMER_PORZ":"28A","KOD_POCZT":"32-031","NAZWA_ULC":"Łobzowska","NAZWA_GMI":"Mogilany","NAZWA_MSC":"Włosań","odleglosc_m":185.0,"strefa":"50-200 m","warstwa":"adresy"},"geometry":{"type":"Point","coordinates":[19.902607,49.929776]}},{"type":"Feature","properties":{"NUMER_PORZ":"25","KOD_POCZT":"32-031","NAZWA_ULC":"Św. Rity","NAZWA_GMI":"Mogilany","NAZWA_MSC":"Włosań","odleglosc_m":94.0,"strefa":"50-200 m","warstwa":"adresy"},"geometry":{"type":"Point","coordinates":[19.891381,49.925403]}},{"type":"Feature","properties":{"NUMER_PORZ":"9","KOD_POCZT":"32-031","NAZWA_ULC":"Św. Rity","NAZWA_GMI":"Mogilany","NAZWA_MSC":"Włosań","odleglosc_m":5.4,"strefa":"0-20 m","warstwa":"adresy"},"geometry":{"type":"Point","coordinates":[19.895623,49.926839]}},{"type":"Feature","properties":{"NUMER_PORZ":"12","KOD_POCZT":"32-031","NAZWA_ULC":"Św. Rity","NAZWA_GMI":"Mogilany","NAZWA_MSC":"Włosań","odleglosc_m":115.5,"strefa":"50-200 m","warstwa":"adresy"},"geometry":{"type":"Point","coordinates":[19.894877,49.927804]}},{"type":"Feature","properties":{"NUMER_PORZ":"45F","KOD_POCZT":"32-031","NAZWA_ULC":"Przylesie","NAZWA_GMI":"Mogilany","NAZWA_MSC":"Libertów","odleglosc_m":147.2,"strefa":"50-200 m","warstwa":"adresy"},"geometry":{"type":"Point","coordinates":[19.915219,49.974548]}},{"type":"Feature","properties":{"NUMER_PORZ":"49","KOD_POCZT":"32-031","NAZWA_ULC":"Św. Floriana","NAZWA_GMI":"Mogilany","NAZWA_MSC":"Lusina","odleglosc_m":120.1,"strefa":"50-200 m","warstwa":"adresy"},"geometry":{"type":"Point","coordinates":[19.918476,49.972141]}},{"type":"Feature","properties":{"NUMER_PORZ":"61","KOD_POCZT":"32-031","NAZWA_ULC":"Św. Floriana","NAZWA_GMI":"Mogilany","NAZWA_MSC":"Lusina","odleglosc_m":96.4,"strefa":"50-200 m","warstwa":"adresy"},"geometry":{"type":"Point","coordinates":[19.916655,49.969817]}},{"type":"Feature","properties":{"NUMER_PORZ":"30","KOD_POCZT":"32-031","NAZWA_ULC":"Św. Floriana","NAZWA_GMI":"Mogilany","NAZWA_MSC":"Lusina","odleglosc_m":125.2,"strefa":"50-200 m","warstwa":"adresy"},"geometry":{"type":"Point","coordinates":[19.919689,49.973793]}},{"type":"Feature","properties":{"NUMER_PORZ":"32","KOD_POCZT":"32-031","NAZWA_ULC":"Św. Floriana","NAZWA_GMI":"Mogilany","NAZWA_MSC":"Lusina","odleglosc_m":115.8,"strefa":"50-200 m","warstwa":"adresy"},"geometry":{"type":"Point","coordinates":[19.919775,49.974021]}},{"type":"Feature","properties":{"NUMER_PORZ":"7","KOD_POCZT":"32-031","NAZWA_ULC":"Kotarbówki","NAZWA_GMI":"Mogilany","NAZWA_MSC":"Gaj","odleglosc_m":170.0,"strefa":"50-200 m","warstwa":"adresy"},"geometry":{"type":"Point","coordinates":[19.912032,49.964761]}},{"type":"Feature","properties":{"NUMER_PORZ":"17","KOD_POCZT":"32-031","NAZWA_ULC":"Kotarbówki","NAZWA_GMI":"Mogilany","NAZWA_MSC":"Gaj","odleglosc_m":133.9,"strefa":"50-200 m","warstwa":"adresy"},"geometry":{"type":"Point","coordinates":[19.913194,49.963221]}},{"type":"Feature","properties":{"NUMER_PORZ":"13","KOD_POCZT":"32-031","NAZWA_ULC":"Kotarbówki","NAZWA_GMI":"Mogilany","NAZWA_MSC":"Gaj","odleglosc_m":157.3,"strefa":"50-200 m","warstwa":"adresy"},"geometry":{"type":"Point","coordinates":[19.91263,49.963904]}},{"type":"Feature","properties":{"NUMER_PORZ":"13A","KOD_POCZT":"32-031","NAZWA_ULC":"Kotarbówki","NAZWA_GMI":"Mogilany","NAZWA_MSC":"Gaj","odleglosc_m":134.4,"strefa":"50-200 m","warstwa":"adresy"},"geometry":{"type":"Point","coordinates":[19.912924,49.963992]}},{"type":"Feature","properties":{"NUMER_PORZ":"163","KOD_POCZT":"32-031","NAZWA_ULC":"Zadziele","NAZWA_GMI":"Mogilany","NAZWA_MSC":"Gaj","odleglosc_m":137.7,"strefa":"50-200 m","warstwa":"adresy"},"geometry":{"type":"Point","coordinates":[19.915284,49.958373]}},{"type":"Feature","properties":{"NUMER_PORZ":"167","KOD_POCZT":"32-031","NAZWA_ULC":"Zadziele","NAZWA_GMI":"Mogilany","NAZWA_MSC":"Gaj","odleglosc_m":111.8,"strefa":"50-200 m","warstwa":"adresy"},"geometry":{"type":"Point","coordinates":[19.915609,49.958525]}},{"type":"Feature","properties":{"NUMER_PORZ":"25","KOD_POCZT":"32-031","NAZWA_ULC":"Świątnicka","NAZWA_GMI":"Mogilany","NAZWA_MSC":"Mogilany","odleglosc_m":159.9,"strefa":"50-200 m","warstwa":"adresy"},"geometry":{"type":"Point","coordinates":[19.898432,49.936715]}},{"type":"Feature","properties":{"NUMER_PORZ":"68","KOD_POCZT":"32-031","NAZWA_ULC":"Świątnicka","NAZWA_GMI":"Mogilany","NAZWA_MSC":"Mogilany","odleglosc_m":37.0,"strefa":"30-50 m","warstwa":"adresy"},"geometry":{"type":"Point","coordinates":[19.902004,49.936535]}},{"type":"Feature","properties":{"NUMER_PORZ":"72","KOD_POCZT":"32-031","NAZWA_ULC":"Świątnicka","NAZWA_GMI":"Mogilany","NAZWA_MSC":"Mogilany","odleglosc_m":114.0,"strefa":"50-200 m","warstwa":"adresy"},"geometry":{"type":"Point","coordinates":[19.903072,49.936441]}},{"type":"Feature","properties":{"NUMER_PORZ":"44","KOD_POCZT":"32-031","NAZWA_ULC":"Świątnicka","NAZWA_GMI":"Mogilany","NAZWA_MSC":"Mogilany","odleglosc_m":92.7,"strefa":"50-200 m","warstwa":"adresy"},"geometry":{"type":"Point","coordinates":[19.899325,49.936113]}},{"type":"Feature","properties":{"NUMER_PORZ":"48","KOD_POCZT":"32-031","NAZWA_ULC":"Świątnicka","NAZWA_GMI":"Mogilany","NAZWA_MSC":"Mogilany","odleglosc_m":68.2,"strefa":"50-200 m","warstwa":"adresy"},"geometry":{"type":"Point","coordinates":[19.899672,49.936162]}},{"type":"Feature","properties":{"NUMER_PORZ":"29","KOD_POCZT":"32-031","NAZWA_ULC":"Świątnicka","NAZWA_GMI":"Mogilany","NAZWA_MSC":"Mogilany","odleglosc_m":182.1,"strefa":"50-200 m","warstwa":"adresy"},"geometry":{"type":"Point","coordinates":[19.898147,49.937047]}},{"type":"Feature","properties":{"NUMER_PORZ":"55","KOD_POCZT":"32-031","NAZWA_ULC":"Świątnicka","NAZWA_GMI":"Mogilany","NAZWA_MSC":"Mogilany","odleglosc_m":129.9,"strefa":"50-200 m","warstwa":"adresy"},"geometry":{"type":"Point","coordinates":[19.903325,49.936873]}},{"type":"Feature","properties":{"NUMER_PORZ":"15C","KOD_POCZT":"32-031","NAZWA_ULC":"Krakowska","NAZWA_GMI":"Mogilany","NAZWA_MSC":"Lusina","odleglosc_m":4.9,"strefa":"0-20 m","warstwa":"adresy"},"geometry":{"type":"Point","coordinates":[19.921445,49.977207]}},{"type":"Feature","properties":{"NUMER_PORZ":"19A","KOD_POCZT":"32-031","NAZWA_ULC":"Krakowska","NAZWA_GMI":"Mogilany","NAZWA_MSC":"Lusina","odleglosc_m":93.8,"strefa":"50-200 m","warstwa":"adresy"},"geometry":{"type":"Point","coordinates":[19.922567,49.976858]}},{"type":"Feature","properties":{"NUMER_PORZ":"19B","KOD_POCZT":"32-031","NAZWA_ULC":"Krakowska","NAZWA_GMI":"Mogilany","NAZWA_MSC":"Lusina","odleglosc_m":44.2,"strefa":"30-50 m","warstwa":"adresy"},"geometry":{"type":"Point","coordinates":[19.922192,49.977292]}},{"type":"Feature","properties":{"NUMER_PORZ":"27H","KOD_POCZT":"32-031","NAZWA_ULC":"Krakowska","NAZWA_GMI":"Mogilany","NAZWA_MSC":"Lusina","odleglosc_m":199.8,"strefa":"50-200 m","warstwa":"adresy"},"geometry":{"type":"Point","coordinates":[19.923938,49.976445]}},{"type":"Feature","properties":{"NUMER_PORZ":"27I","KOD_POCZT":"32-031","NAZWA_ULC":"Krakowska","NAZWA_GMI":"Mogilany","NAZWA_MSC":"Lusina","odleglosc_m":199.1,"strefa":"50-200 m","warstwa":"adresy"},"geometry":{"type":"Point","coordinates":[19.923974,49.976494]}},{"type":"Feature","properties":{"NUMER_PORZ":"27J","KOD_POCZT":"32-031","NAZWA_ULC":"Krakowska","NAZWA_GMI":"Mogilany","NAZWA_MSC":"Lusina","odleglosc_m":198.4,"strefa":"50-200 m","warstwa":"adresy"},"geometry":{"type":"Point","coordinates":[19.924013,49.976546]}},{"type":"Feature","properties":{"NUMER_PORZ":"27K","KOD_POCZT":"32-031","NAZWA_ULC":"Krakowska","NAZWA_GMI":"Mogilany","NAZWA_MSC":"Lusina","odleglosc_m":198.0,"strefa":"50-200 m","warstwa":"adresy"},"geometry":{"type":"Point","coordinates":[19.924048,49.976594]}},{"type":"Feature","properties":{"NUMER_PORZ":"15A","KOD_POCZT":"32-031","NAZWA_ULC":"Krakowska","NAZWA_GMI":"Mogilany","NAZWA_MSC":"Lusina","odleglosc_m":45.8,"strefa":"30-50 m","warstwa":"adresy"},"geometry":{"type":"Point","coordinates":[19.921939,49.977023]}},{"type":"Feature","properties":{"NUMER_PORZ":"19C","KOD_POCZT":"32-031","NAZWA_ULC":"Krakowska","NAZWA_GMI":"Mogilany","NAZWA_MSC":"Lusina","odleglosc_m":10.3,"strefa":"0-20 m","warstwa":"adresy"},"geometry":{"type":"Point","coordinates":[19.921794,49.977465]}},{"type":"Feature","properties":{"NUMER_PORZ":"110A","KOD_POCZT":"32-031","NAZWA_ULC":"Łobzowska","NAZWA_GMI":"Mogilany","NAZWA_MSC":"Włosań","odleglosc_m":130.4,"strefa":"50-200 m","warstwa":"adresy"},"geometry":{"type":"Point","coordinates":[19.883891,49.922113]}},{"type":"Feature","properties":{"NUMER_PORZ":"24A","KOD_POCZT":"32-031","NAZWA_ULC":"Św. Floriana","NAZWA_GMI":"Mogilany","NAZWA_MSC":"Lusina","odleglosc_m":133.5,"strefa":"50-200 m","warstwa":"adresy"},"geometry":{"type":"Point","coordinates":[19.91907,49.972902]}},{"type":"Feature","properties":{"NUMER_PORZ":"61A","KOD_POCZT":"32-031","NAZWA_ULC":"Św. Floriana","NAZWA_GMI":"Mogilany","NAZWA_MSC":"Lusina","odleglosc_m":107.1,"strefa":"50-200 m","warstwa":"adresy"},"geometry":{"type":"Point","coordinates":[19.916796,49.969776]}},{"type":"Feature","properties":{"NUMER_PORZ":"61B","KOD_POCZT":"32-031","NAZWA_ULC":"Św. Floriana","NAZWA_GMI":"Mogilany","NAZWA_MSC":"Lusina","odleglosc_m":136.7,"strefa":"50-200 m","warstwa":"adresy"},"geometry":{"type":"Point","coordinates":[19.917187,49.969678]}},{"type":"Feature","properties":{"NUMER_PORZ":"63","KOD_POCZT":"32-031","NAZWA_ULC":"Św. Floriana","NAZWA_GMI":"Mogilany","NAZWA_MSC":"Lusina","odleglosc_m":94.9,"strefa":"50-200 m","warstwa":"adresy"},"geometry":{"type":"Point","coordinates":[19.91652,49.969567]}},{"type":"Feature","properties":{"NUMER_PORZ":"63A","KOD_POCZT":"32-031","NAZWA_ULC":"Św. Floriana","NAZWA_GMI":"Mogilany","NAZWA_MSC":"Lusina","odleglosc_m":105.6,"strefa":"50-200 m","warstwa":"adresy"},"geometry":{"type":"Point","coordinates":[19.916661,49.969534]}},{"type":"Feature","properties":{"NUMER_PORZ":"63B","KOD_POCZT":"32-031","NAZWA_ULC":"Św. Floriana","NAZWA_GMI":"Mogilany","NAZWA_MSC":"Lusina","odleglosc_m":130.7,"strefa":"50-200 m","warstwa":"adresy"},"geometry":{"type":"Point","coordinates":[19.916997,49.969465]}},{"type":"Feature","properties":{"NUMER_PORZ":"15","KOD_POCZT":"32-031","NAZWA_ULC":"Świetlista","NAZWA_GMI":"Mogilany","NAZWA_MSC":"Lusina","odleglosc_m":125.7,"strefa":"50-200 m","warstwa":"adresy"},"geometry":{"type":"Point","coordinates":[19.919317,49.978029]}},{"type":"Feature","properties":{"NUMER_PORZ":"17","KOD_POCZT":"32-031","NAZWA_ULC":"Świetlista","NAZWA_GMI":"Mogilany","NAZWA_MSC":"Lusina","odleglosc_m":95.6,"strefa":"50-200 m","warstwa":"adresy"},"geometry":{"type":"Point","coordinates":[19.919596,49.97781]}},{"type":"Feature","properties":{"NUMER_PORZ":"11","KOD_POCZT":"32-031","NAZWA_ULC":"Świetlista","NAZWA_GMI":"Mogilany","NAZWA_MSC":"Lusina","odleglosc_m":140.6,"strefa":"50-200 m","warstwa":"adresy"},"geometry":{"type":"Point","coordinates":[19.919767,49.978746]}},{"type":"Feature","properties":{"NUMER_PORZ":"3","KOD_POCZT":"32-031","NAZWA_ULC":"Kotarbówki","NAZWA_GMI":"Mogilany","NAZWA_MSC":"Gaj","odleglosc_m":191.0,"strefa":"50-200 m","warstwa":"adresy"},"geometry":{"type":"Point","coordinates":[19.911583,49.965368]}},{"type":"Feature","properties":{"NUMER_PORZ":"5","KOD_POCZT":"32-031","NAZWA_ULC":"Kotarbówki","NAZWA_GMI":"Mogilany","NAZWA_MSC":"Gaj","odleglosc_m":181.5,"strefa":"50-200 m","warstwa":"adresy"},"geometry":{"type":"Point","coordinates":[19.911767,49.965121]}},{"type":"Feature","properties":{"NUMER_PORZ":"9","KOD_POCZT":"32-031","NAZWA_ULC":"Kotarbówki","NAZWA_GMI":"Mogilany","NAZWA_MSC":"Gaj","odleglosc_m":171.7,"strefa":"50-200 m","warstwa":"adresy"},"geometry":{"type":"Point","coordinates":[19.912162,49.964453]}},{"type":"Feature","properties":{"NUMER_PORZ":"15","KOD_POCZT":"32-031","NAZWA_ULC":"Kotarbówki","NAZWA_GMI":"Mogilany","NAZWA_MSC":"Gaj","odleglosc_m":156.4,"strefa":"50-200 m","warstwa":"adresy"},"geometry":{"type":"Point","coordinates":[19.912761,49.963618]}},{"type":"Feature","properties":{"NUMER_PORZ":"15A","KOD_POCZT":"32-031","NAZWA_ULC":"Kotarbówki","NAZWA_GMI":"Mogilany","NAZWA_MSC":"Gaj","odleglosc_m":117.6,"strefa":"50-200 m","warstwa":"adresy"},"geometry":{"type":"Point","coordinates":[19.913264,49.963755]}},{"type":"Feature","properties":{"NUMER_PORZ":"21","KOD_POCZT":"32-031","NAZWA_ULC":"Kotarbówki","NAZWA_GMI":"Mogilany","NAZWA_MSC":"Gaj","odleglosc_m":72.4,"strefa":"50-200 m","warstwa":"adresy"},"geometry":{"type":"Point","coordinates":[19.914217,49.962865]}},{"type":"Feature","properties":{"NUMER_PORZ":"19","KOD_POCZT":"32-031","NAZWA_ULC":"Kotarbówki","NAZWA_GMI":"Mogilany","NAZWA_MSC":"Gaj","odleglosc_m":119.6,"strefa":"50-200 m","warstwa":"adresy"},"geometry":{"type":"Point","coordinates":[19.913598,49.962719]}},{"type":"Feature","properties":{"NUMER_PORZ":"9A","KOD_POCZT":"32-031","NAZWA_ULC":"Kotarbówki","NAZWA_GMI":"Mogilany","NAZWA_MSC":"Gaj","odleglosc_m":170.6,"strefa":"50-200 m","warstwa":"adresy"},"geometry":{"type":"Point","coordinates":[19.912212,49.964407]}},{"type":"Feature","properties":{"NUMER_PORZ":"5A","KOD_POCZT":"32-031","NAZWA_ULC":"Kotarbówki","NAZWA_GMI":"Mogilany","NAZWA_MSC":"Gaj","odleglosc_m":173.2,"strefa":"50-200 m","warstwa":"adresy"},"geometry":{"type":"Point","coordinates":[19.911926,49.964961]}},{"type":"Feature","properties":{"NUMER_PORZ":"57","KOD_POCZT":"32-031","NAZWA_ULC":"Świątnicka","NAZWA_GMI":"Mogilany","NAZWA_MSC":"Mogilany","odleglosc_m":158.8,"strefa":"50-200 m","warstwa":"adresy"},"geometry":{"type":"Point","coordinates":[19.903729,49.936879]}},{"type":"Feature","properties":{"NUMER_PORZ":"57A","KOD_POCZT":"32-031","NAZWA_ULC":"Świątnicka","NAZWA_GMI":"Mogilany","NAZWA_MSC":"Mogilany","odleglosc_m":157.0,"strefa":"50-200 m","warstwa":"adresy"},"geometry":{"type":"Point","coordinates":[19.903712,49.936995]}},{"type":"Feature","properties":{"NUMER_PORZ":"57B","KOD_POCZT":"32-031","NAZWA_ULC":"Świątnicka","NAZWA_GMI":"Mogilany","NAZWA_MSC":"Mogilany","odleglosc_m":175.4,"strefa":"50-200 m","warstwa":"adresy"},"geometry":{"type":"Point","coordinates":[19.903961,49.936887]}},{"type":"Feature","properties":{"NUMER_PORZ":"57C","KOD_POCZT":"32-031","NAZWA_ULC":"Świątnicka","NAZWA_GMI":"Mogilany","NAZWA_MSC":"Mogilany","odleglosc_m":173.3,"strefa":"50-200 m","warstwa":"adresy"},"geometry":{"type":"Point","coordinates":[19.903941,49.937007]}},{"type":"Feature","properties":{"NUMER_PORZ":"57D","KOD_POCZT":"32-031","NAZWA_ULC":"Świątnicka","NAZWA_GMI":"Mogilany","NAZWA_MSC":"Mogilany","odleglosc_m":150.7,"strefa":"50-200 m","warstwa":"adresy"},"geometry":{"type":"Point","coordinates":[19.90364,49.937206]}},{"type":"Feature","properties":{"NUMER_PORZ":"57E","KOD_POCZT":"32-031","NAZWA_ULC":"Świątnicka","NAZWA_GMI":"Mogilany","NAZWA_MSC":"Mogilany","odleglosc_m":144.4,"strefa":"50-200 m","warstwa":"adresy"},"geometry":{"type":"Point","coordinates":[19.903567,49.937407]}},{"type":"Feature","properties":{"NUMER_PORZ":"57F","KOD_POCZT":"32-031","NAZWA_ULC":"Świątnicka","NAZWA_GMI":"Mogilany","NAZWA_MSC":"Mogilany","odleglosc_m":167.0,"strefa":"50-200 m","warstwa":"adresy"},"geometry":{"type":"Point","coordinates":[19.903869,49.937236]}},{"type":"Feature","properties":{"NUMER_PORZ":"57G","KOD_POCZT":"32-031","NAZWA_ULC":"Świątnicka","NAZWA_GMI":"Mogilany","NAZWA_MSC":"Mogilany","odleglosc_m":158.8,"strefa":"50-200 m","warstwa":"adresy"},"geometry":{"type":"Point","coordinates":[19.903769,49.93743]}},{"type":"Feature","properties":{"NUMER_PORZ":"3","KOD_POCZT":"32-031","NAZWA_ULC":"Cegielniana","NAZWA_GMI":"Mogilany","NAZWA_MSC":"Mogilany","odleglosc_m":184.2,"strefa":"50-200 m","warstwa":"adresy"},"geometry":{"type":"Point","coordinates":[19.897957,49.93509]}},{"type":"Feature","properties":{"NUMER_PORZ":"4","KOD_POCZT":"32-031","NAZWA_ULC":"Górska","NAZWA_GMI":"Mogilany","NAZWA_MSC":"Mogilany","odleglosc_m":128.1,"strefa":"50-200 m","warstwa":"adresy"},"geometry":{"type":"Point","coordinates":[19.90319,49.93544]}},{"type":"Feature","properties":{"NUMER_PORZ":"3","KOD_POCZT":"32-031","NAZWA_ULC":"Górska","NAZWA_GMI":"Mogilany","NAZWA_MSC":"Mogilany","odleglosc_m":154.4,"strefa":"50-200 m","warstwa":"adresy"},"geometry":{"type":"Point","coordinates":[19.903557,49.935439]}},{"type":"Feature","properties":{"NUMER_PORZ":"1","KOD_POCZT":"32-031","NAZWA_ULC":"Górska","NAZWA_GMI":"Mogilany","NAZWA_MSC":"Mogilany","odleglosc_m":153.7,"strefa":"50-200 m","warstwa":"adresy"},"geometry":{"type":"Point","coordinates":[19.903592,49.935987]}},{"type":"Feature","properties":{"NUMER_PORZ":"24","KOD_POCZT":"32-031","NAZWA_ULC":"Św. Antoniego","NAZWA_GMI":"Mogilany","NAZWA_MSC":"Włosań","odleglosc_m":54.5,"strefa":"50-200 m","warstwa":"adresy"},"geometry":{"type":"Point","coordinates":[19.893955,49.924311]}},{"type":"Feature","properties":{"NUMER_PORZ":"25","KOD_POCZT":"32-031","NAZWA_ULC":"Św. Antoniego","NAZWA_GMI":"Mogilany","NAZWA_MSC":"Włosań","odleglosc_m":170.8,"strefa":"50-200 m","warstwa":"adresy"},"geometry":{"type":"Point","coordinates":[19.894221,49.923098]}},{"type":"Feature","properties":{"NUMER_PORZ":"9","KOD_POCZT":"32-031","NAZWA_ULC":"Świetlista","NAZWA_GMI":"Mogilany","NAZWA_MSC":"Lusina","odleglosc_m":161.8,"strefa":"50-200 m","warstwa":"adresy"},"geometry":{"type":"Point","coordinates":[19.919603,49.978945]}},{"type":"Feature","properties":{"NUMER_PORZ":"13","KOD_POCZT":"32-031","NAZWA_ULC":"Świetlista","NAZWA_GMI":"Mogilany","NAZWA_MSC":"Lusina","odleglosc_m":131.5,"strefa":"50-200 m","warstwa":"adresy"},"geometry":{"type":"Point","coordinates":[19.919586,49.978394]}},{"type":"Feature","properties":{"NUMER_PORZ":"19","KOD_POCZT":"32-031","NAZWA_ULC":"Świetlista","NAZWA_GMI":"Mogilany","NAZWA_MSC":"Lusina","odleglosc_m":77.8,"strefa":"50-200 m","warstwa":"adresy"},"geometry":{"type":"Point","coordinates":[19.919516,49.977456]}},{"type":"Feature","properties":{"NUMER_PORZ":"228D","KOD_POCZT":"32-031","NAZWA_ULC":"Zadziele","NAZWA_GMI":"Mogilany","NAZWA_MSC":"Gaj","odleglosc_m":0.0,"strefa":"w śladzie","warstwa":"adresy"},"geometry":{"type":"Point","coordinates":[19.917341,49.959028]}},{"type":"Feature","properties":{"NUMER_PORZ":"57J","KOD_POCZT":"32-031","NAZWA_ULC":"Świątnicka","NAZWA_GMI":"Mogilany","NAZWA_MSC":"Mogilany","odleglosc_m":199.6,"strefa":"50-200 m","warstwa":"adresy"},"geometry":{"type":"Point","coordinates":[19.904304,49.936958]}},{"type":"Feature","properties":{"NUMER_PORZ":"57K","KOD_POCZT":"32-031","NAZWA_ULC":"Świątnicka","NAZWA_GMI":"Mogilany","NAZWA_MSC":"Mogilany","odleglosc_m":195.1,"strefa":"50-200 m","warstwa":"adresy"},"geometry":{"type":"Point","coordinates":[19.904252,49.937102]}},{"type":"Feature","properties":{"NUMER_PORZ":"57L","KOD_POCZT":"32-031","NAZWA_ULC":"Świątnicka","NAZWA_GMI":"Mogilany","NAZWA_MSC":"Mogilany","odleglosc_m":189.0,"strefa":"50-200 m","warstwa":"adresy"},"geometry":{"type":"Point","coordinates":[19.904178,49.937254]}},{"type":"Feature","properties":{"NUMER_PORZ":"57M","KOD_POCZT":"32-031","NAZWA_ULC":"Świątnicka","NAZWA_GMI":"Mogilany","NAZWA_MSC":"Mogilany","odleglosc_m":183.3,"strefa":"50-200 m","warstwa":"adresy"},"geometry":{"type":"Point","coordinates":[19.904111,49.937409]}},{"type":"Feature","properties":{"NUMER_PORZ":"57N","KOD_POCZT":"32-031","NAZWA_ULC":"Świątnicka","NAZWA_GMI":"Mogilany","NAZWA_MSC":"Mogilany","odleglosc_m":179.8,"strefa":"50-200 m","warstwa":"adresy"},"geometry":{"type":"Point","coordinates":[19.904069,49.937504]}},{"type":"Feature","properties":{"NUMER_PORZ":"55A","KOD_POCZT":"32-031","NAZWA_ULC":"Świątnicka","NAZWA_GMI":"Mogilany","NAZWA_MSC":"Mogilany","odleglosc_m":127.1,"strefa":"50-200 m","warstwa":"adresy"},"geometry":{"type":"Point","coordinates":[19.903294,49.936982]}},{"type":"Feature","properties":{"NUMER_PORZ":"55B","KOD_POCZT":"32-031","NAZWA_ULC":"Świątnicka","NAZWA_GMI":"Mogilany","NAZWA_MSC":"Mogilany","odleglosc_m":120.8,"strefa":"50-200 m","warstwa":"adresy"},"geometry":{"type":"Point","coordinates":[19.903214,49.937095]}},{"type":"Feature","properties":{"NUMER_PORZ":"55C","KOD_POCZT":"32-031","NAZWA_ULC":"Świątnicka","NAZWA_GMI":"Mogilany","NAZWA_MSC":"Mogilany","odleglosc_m":121.6,"strefa":"50-200 m","warstwa":"adresy"},"geometry":{"type":"Point","coordinates":[19.903233,49.937193]}},{"type":"Feature","properties":{"NUMER_PORZ":"55D","KOD_POCZT":"32-031","NAZWA_ULC":"Świątnicka","NAZWA_GMI":"Mogilany","NAZWA_MSC":"Mogilany","odleglosc_m":115.7,"strefa":"50-200 m","warstwa":"adresy"},"geometry":{"type":"Point","coordinates":[19.903158,49.937299]}},{"type":"Feature","properties":{"NUMER_PORZ":"55E","KOD_POCZT":"32-031","NAZWA_ULC":"Świątnicka","NAZWA_GMI":"Mogilany","NAZWA_MSC":"Mogilany","odleglosc_m":117.5,"strefa":"50-200 m","warstwa":"adresy"},"geometry":{"type":"Point","coordinates":[19.90319,49.937387]}},{"type":"Feature","properties":{"NUMER_PORZ":"12","KOD_POCZT":"32-031","NAZWA_ULC":"Nad Wilgą","NAZWA_GMI":"Mogilany","NAZWA_MSC":"Lusina","odleglosc_m":33.6,"strefa":"30-50 m","warstwa":"adresy"},"geometry":{"type":"Point","coordinates":[19.923892,49.979989]}},{"type":"Feature","properties":{"NUMER_PORZ":"8","KOD_POCZT":"32-031","NAZWA_ULC":"Nad Wilgą","NAZWA_GMI":"Mogilany","NAZWA_MSC":"Lusina","odleglosc_m":119.1,"strefa":"50-200 m","warstwa":"adresy"},"geometry":{"type":"Point","coordinates":[19.920451,49.97915]}},{"type":"Feature","properties":{"NUMER_PORZ":"9","KOD_POCZT":"32-031","NAZWA_ULC":"Nad Wilgą","NAZWA_GMI":"Mogilany","NAZWA_MSC":"Lusina","odleglosc_m":139.9,"strefa":"50-200 m","warstwa":"adresy"},"geometry":{"type":"Point","coordinates":[19.920382,49.979495]}},{"type":"Feature","properties":{"NUMER_PORZ":"7","KOD_POCZT":"32-031","NAZWA_ULC":"Nad Wilgą","NAZWA_GMI":"Mogilany","NAZWA_MSC":"Lusina","odleglosc_m":155.1,"strefa":"50-200 m","warstwa":"adresy"},"geometry":{"type":"Point","coordinates":[19.920298,49.979703]}},{"type":"Feature","properties":{"NUMER_PORZ":"5","KOD_POCZT":"32-031","NAZWA_ULC":"Nad Wilgą","NAZWA_GMI":"Mogilany","NAZWA_MSC":"Lusina","odleglosc_m":167.9,"strefa":"50-200 m","warstwa":"adresy"},"geometry":{"type":"Point","coordinates":[19.920004,49.97957]}},{"type":"Feature","properties":{"NUMER_PORZ":"3","KOD_POCZT":"32-031","NAZWA_ULC":"Nad Wilgą","NAZWA_GMI":"Mogilany","NAZWA_MSC":"Lusina","odleglosc_m":191.3,"strefa":"50-200 m","warstwa":"adresy"},"geometry":{"type":"Point","coordinates":[19.919706,49.979655]}},{"type":"Feature","properties":{"NUMER_PORZ":"2","KOD_POCZT":"32-031","NAZWA_ULC":"Nad Wilgą","NAZWA_GMI":"Mogilany","NAZWA_MSC":"Lusina","odleglosc_m":184.4,"strefa":"50-200 m","warstwa":"adresy"},"geometry":{"type":"Point","coordinates":[19.919541,49.979293]}},{"type":"Feature","properties":{"NUMER_PORZ":"25A","KOD_POCZT":"32-031","NAZWA_ULC":"Św. Antoniego","NAZWA_GMI":"Mogilany","NAZWA_MSC":"Włosań","odleglosc_m":196.5,"strefa":"50-200 m","warstwa":"adresy"},"geometry":{"type":"Point","coordinates":[19.894336,49.922862]}},{"type":"Feature","properties":{"NUMER_PORZ":"56","KOD_POCZT":"32-031","NAZWA_ULC":"Księżówka","NAZWA_GMI":"Mogilany","NAZWA_MSC":"Gaj","odleglosc_m":140.8,"strefa":"50-200 m","warstwa":"adresy"},"geometry":{"type":"Point","coordinates":[19.914534,49.954722]}},{"type":"Feature","properties":{"NUMER_PORZ":"228H","KOD_POCZT":"32-031","NAZWA_ULC":"Zadziele","NAZWA_GMI":"Mogilany","NAZWA_MSC":"Gaj","odleglosc_m":0.0,"strefa":"w śladzie","warstwa":"adresy"},"geometry":{"type":"Point","coordinates":[19.917781,49.958406]}},{"type":"Feature","properties":{"NUMER_PORZ":"218","KOD_POCZT":"32-031","NAZWA_ULC":"Zadziele","NAZWA_GMI":"Mogilany","NAZWA_MSC":"Gaj","odleglosc_m":61.4,"strefa":"50-200 m","warstwa":"adresy"},"geometry":{"type":"Point","coordinates":[19.916271,49.958715]}},{"type":"Feature","properties":{"NUMER_PORZ":"218A","KOD_POCZT":"32-031","NAZWA_ULC":"Zadziele","NAZWA_GMI":"Mogilany","NAZWA_MSC":"Gaj","odleglosc_m":61.0,"strefa":"50-200 m","warstwa":"adresy"},"geometry":{"type":"Point","coordinates":[19.91625,49.958806]}},{"type":"Feature","properties":{"NUMER_PORZ":"218B","KOD_POCZT":"32-031","NAZWA_ULC":"Zadziele","NAZWA_GMI":"Mogilany","NAZWA_MSC":"Gaj","odleglosc_m":57.8,"strefa":"50-200 m","warstwa":"adresy"},"geometry":{"type":"Point","coordinates":[19.916227,49.958986]}},{"type":"Feature","properties":{"NUMER_PORZ":"4","KOD_POCZT":"32-031","NAZWA_ULC":"Nad Wilgą","NAZWA_GMI":"Mogilany","NAZWA_MSC":"Lusina","odleglosc_m":180.7,"strefa":"50-200 m","warstwa":"adresy"},"geometry":{"type":"Point","coordinates":[19.919607,49.979301]}},{"type":"Feature","properties":{"NUMER_PORZ":"10","KOD_POCZT":"32-031","NAZWA_ULC":"Nad Wilgą","NAZWA_GMI":"Mogilany","NAZWA_MSC":"Lusina","odleglosc_m":53.1,"strefa":"50-200 m","warstwa":"adresy"},"geometry":{"type":"Point","coordinates":[19.921734,49.979537]}},{"type":"Feature","properties":{"NUMER_PORZ":"10A","KOD_POCZT":"32-031","NAZWA_ULC":"Nad Wilgą","NAZWA_GMI":"Mogilany","NAZWA_MSC":"Lusina","odleglosc_m":74.1,"strefa":"50-200 m","warstwa":"adresy"},"geometry":{"type":"Point","coordinates":[19.921388,49.979486]}},{"type":"Feature","properties":{"NUMER_PORZ":"10B","KOD_POCZT":"32-031","NAZWA_ULC":"Nad Wilgą","NAZWA_GMI":"Mogilany","NAZWA_MSC":"Lusina","odleglosc_m":23.5,"strefa":"20-30 m","warstwa":"adresy"},"geometry":{"type":"Point","coordinates":[19.922159,49.979507]}},{"type":"Feature","properties":{"NUMER_PORZ":"8A","KOD_POCZT":"32-031","NAZWA_ULC":"Nad Wilgą","NAZWA_GMI":"Mogilany","NAZWA_MSC":"Lusina","odleglosc_m":73.7,"strefa":"50-200 m","warstwa":"adresy"},"geometry":{"type":"Point","coordinates":[19.921008,49.978955]}},{"type":"Feature","properties":{"NUMER_PORZ":"8B","KOD_POCZT":"32-031","NAZWA_ULC":"Nad Wilgą","NAZWA_GMI":"Mogilany","NAZWA_MSC":"Lusina","odleglosc_m":80.4,"strefa":"50-200 m","warstwa":"adresy"},"geometry":{"type":"Point","coordinates":[19.920818,49.978848]}},{"type":"Feature","properties":{"NUMER_PORZ":"8C","KOD_POCZT":"32-031","NAZWA_ULC":"Nad Wilgą","NAZWA_GMI":"Mogilany","NAZWA_MSC":"Lusina","odleglosc_m":86.9,"strefa":"50-200 m","warstwa":"adresy"},"geometry":{"type":"Point","coordinates":[19.921107,49.979372]}},{"type":"Feature","properties":{"NUMER_PORZ":"98","KOD_POCZT":"32-031","NAZWA_ULC":"Świetlista","NAZWA_GMI":"Mogilany","NAZWA_MSC":"Libertów","odleglosc_m":141.2,"strefa":"50-200 m","warstwa":"adresy"},"geometry":{"type":"Point","coordinates":[19.917706,49.976793]}},{"type":"Feature","properties":{"NUMER_PORZ":"94","KOD_POCZT":"32-031","NAZWA_ULC":"Świetlista","NAZWA_GMI":"Mogilany","NAZWA_MSC":"Libertów","odleglosc_m":98.9,"strefa":"50-200 m","warstwa":"adresy"},"geometry":{"type":"Point","coordinates":[19.918938,49.977252]}},{"type":"Feature","properties":{"NUMER_PORZ":"94A","KOD_POCZT":"32-031","NAZWA_ULC":"Świetlista","NAZWA_GMI":"Mogilany","NAZWA_MSC":"Libertów","odleglosc_m":93.7,"strefa":"50-200 m","warstwa":"adresy"},"geometry":{"type":"Point","coordinates":[19.919075,49.977296]}},{"type":"Feature","properties":{"NUMER_PORZ":"92","KOD_POCZT":"32-031","NAZWA_ULC":"Świetlista","NAZWA_GMI":"Mogilany","NAZWA_MSC":"Libertów","odleglosc_m":131.1,"strefa":"50-200 m","warstwa":"adresy"},"geometry":{"type":"Point","coordinates":[19.918543,49.977392]}},{"type":"Feature","properties":{"NUMER_PORZ":"218C","KOD_POCZT":"32-031","NAZWA_ULC":"Zadziele","NAZWA_GMI":"Mogilany","NAZWA_MSC":"Gaj","odleglosc_m":55.9,"strefa":"50-200 m","warstwa":"adresy"},"geometry":{"type":"Point","coordinates":[19.916212,49.959084]}},{"type":"Feature","properties":{"NUMER_PORZ":"218D","KOD_POCZT":"32-031","NAZWA_ULC":"Zadziele","NAZWA_GMI":"Mogilany","NAZWA_MSC":"Gaj","odleglosc_m":53.1,"strefa":"50-200 m","warstwa":"adresy"},"geometry":{"type":"Point","coordinates":[19.916177,49.95926]}},{"type":"Feature","properties":{"NUMER_PORZ":"218E","KOD_POCZT":"32-031","NAZWA_ULC":"Zadziele","NAZWA_GMI":"Mogilany","NAZWA_MSC":"Gaj","odleglosc_m":53.0,"strefa":"50-200 m","warstwa":"adresy"},"geometry":{"type":"Point","coordinates":[19.916136,49.959362]}},{"type":"Feature","properties":{"NUMER_PORZ":"155","KOD_POCZT":"32-031","NAZWA_ULC":"Zadziele","NAZWA_GMI":"Mogilany","NAZWA_MSC":"Gaj","odleglosc_m":124.4,"strefa":"50-200 m","warstwa":"adresy"},"geometry":{"type":"Point","coordinates":[19.915578,49.957845]}},{"type":"Feature","properties":{"NUMER_PORZ":"9","KOD_POCZT":"32-031","NAZWA_ULC":"Leśna","NAZWA_GMI":"Mogilany","NAZWA_MSC":"Mogilany","odleglosc_m":98.5,"strefa":"50-200 m","warstwa":"adresy"},"geometry":{"type":"Point","coordinates":[19.902739,49.935043]}},{"type":"Feature","properties":{"NUMER_PORZ":"4","KOD_POCZT":"32-031","NAZWA_ULC":"Leśna","NAZWA_GMI":"Mogilany","NAZWA_MSC":"Mogilany","odleglosc_m":40.6,"strefa":"30-50 m","warstwa":"adresy"},"geometry":{"type":"Point","coordinates":[19.902002,49.935853]}},{"type":"Feature","properties":{"NUMER_PORZ":"11","KOD_POCZT":"32-031","NAZWA_ULC":"Leśna","NAZWA_GMI":"Mogilany","NAZWA_MSC":"Mogilany","odleglosc_m":75.0,"strefa":"50-200 m","warstwa":"adresy"},"geometry":{"type":"Point","coordinates":[19.902402,49.934956]}},{"type":"Feature","properties":{"NUMER_PORZ":"142","KOD_POCZT":"32-031","NAZWA_ULC":"Zdrojowa","NAZWA_GMI":"Mogilany","NAZWA_MSC":"Lusina","odleglosc_m":176.7,"strefa":"50-200 m","warstwa":"adresy"},"geometry":{"type":"Point","coordinates":[19.919126,49.961847]}},{"type":"Feature","properties":{"NUMER_PORZ":"11","KOD_POCZT":"32-031","NAZWA_ULC":"Leśników","NAZWA_GMI":"Mogilany","NAZWA_MSC":"Włosań","odleglosc_m":145.3,"strefa":"50-200 m","warstwa":"adresy"},"geometry":{"type":"Point","coordinates":[19.896639,49.92476]}},{"type":"Feature","properties":{"NUMER_PORZ":"51","KOD_POCZT":"32-031","NAZWA_ULC":"Księżówka","NAZWA_GMI":"Mogilany","NAZWA_MSC":"Gaj","odleglosc_m":178.2,"strefa":"50-200 m","warstwa":"adresy"},"geometry":{"type":"Point","coordinates":[19.914152,49.955108]}},{"type":"Feature","properties":{"NUMER_PORZ":"52","KOD_POCZT":"32-031","NAZWA_ULC":"Księżówka","NAZWA_GMI":"Mogilany","NAZWA_MSC":"Gaj","odleglosc_m":174.0,"strefa":"50-200 m","warstwa":"adresy"},"geometry":{"type":"Point","coordinates":[19.913966,49.954531]}},{"type":"Feature","properties":{"NUMER_PORZ":"100","KOD_POCZT":"32-031","NAZWA_ULC":"Świetlista","NAZWA_GMI":"Mogilany","NAZWA_MSC":"Libertów","odleglosc_m":33.4,"strefa":"30-50 m","warstwa":"adresy"},"geometry":{"type":"Point","coordinates":[19.919565,49.976797]}},{"type":"Feature","properties":{"NUMER_PORZ":"88","KOD_POCZT":"32-031","NAZWA_ULC":"Świetlista","NAZWA_GMI":"Mogilany","NAZWA_MSC":"Libertów","odleglosc_m":165.6,"strefa":"50-200 m","warstwa":"adresy"},"geometry":{"type":"Point","coordinates":[19.918494,49.977891]}},{"type":"Feature","properties":{"NUMER_PORZ":"76","KOD_POCZT":"32-031","NAZWA_ULC":"Świetlista","NAZWA_GMI":"Mogilany","NAZWA_MSC":"Libertów","odleglosc_m":163.5,"strefa":"50-200 m","warstwa":"adresy"},"geometry":{"type":"Point","coordinates":[19.918764,49.978109]}},{"type":"Feature","properties":{"NUMER_PORZ":"80","KOD_POCZT":"32-031","NAZWA_ULC":"Świetlista","NAZWA_GMI":"Mogilany","NAZWA_MSC":"Libertów","odleglosc_m":186.3,"strefa":"50-200 m","warstwa":"adresy"},"geometry":{"type":"Point","coordinates":[19.918377,49.978109]}},{"type":"Feature","properties":{"NUMER_PORZ":"74","KOD_POCZT":"32-031","NAZWA_ULC":"Świetlista","NAZWA_GMI":"Mogilany","NAZWA_MSC":"Libertów","odleglosc_m":161.5,"strefa":"50-200 m","warstwa":"adresy"},"geometry":{"type":"Point","coordinates":[19.918983,49.978288]}},{"type":"Feature","properties":{"NUMER_PORZ":"78","KOD_POCZT":"32-031","NAZWA_ULC":"Świetlista","NAZWA_GMI":"Mogilany","NAZWA_MSC":"Libertów","odleglosc_m":194.4,"strefa":"50-200 m","warstwa":"adresy"},"geometry":{"type":"Point","coordinates":[19.91843,49.978286]}},{"type":"Feature","properties":{"NUMER_PORZ":"15","KOD_POCZT":"32-031","NAZWA_ULC":"Markoszów","NAZWA_GMI":"Mogilany","NAZWA_MSC":"Mogilany","odleglosc_m":130.2,"strefa":"50-200 m","warstwa":"adresy"},"geometry":{"type":"Point","coordinates":[19.902915,49.932829]}},{"type":"Feature","properties":{"NUMER_PORZ":"14","KOD_POCZT":"32-031","NAZWA_ULC":"Markoszów","NAZWA_GMI":"Mogilany","NAZWA_MSC":"Mogilany","odleglosc_m":181.5,"strefa":"50-200 m","warstwa":"adresy"},"geometry":{"type":"Point","coordinates":[19.903774,49.933606]}},{"type":"Feature","properties":{"NUMER_PORZ":"26","KOD_POCZT":"32-031","NAZWA_ULC":"Markoszów","NAZWA_GMI":"Mogilany","NAZWA_MSC":"Mogilany","odleglosc_m":94.2,"strefa":"50-200 m","warstwa":"adresy"},"geometry":{"type":"Point","coordinates":[19.902382,49.933137]}},{"type":"Feature","properties":{"NUMER_PORZ":"3","KOD_POCZT":"32-031","NAZWA_ULC":"Leśna","NAZWA_GMI":"Mogilany","NAZWA_MSC":"Mogilany","odleglosc_m":68.7,"strefa":"50-200 m","warstwa":"adresy"},"geometry":{"type":"Point","coordinates":[19.902373,49.935583]}},{"type":"Feature","properties":{"NUMER_PORZ":"1","KOD_POCZT":"32-031","NAZWA_ULC":"Leśna","NAZWA_GMI":"Mogilany","NAZWA_MSC":"Mogilany","odleglosc_m":71.4,"strefa":"50-200 m","warstwa":"adresy"},"geometry":{"type":"Point","coordinates":[19.902448,49.936048]}},{"type":"Feature","properties":{"NUMER_PORZ":"5","KOD_POCZT":"32-031","NAZWA_ULC":"Leśna","NAZWA_GMI":"Mogilany","NAZWA_MSC":"Mogilany","odleglosc_m":94.1,"strefa":"50-200 m","warstwa":"adresy"},"geometry":{"type":"Point","coordinates":[19.902713,49.935426]}},{"type":"Feature","properties":{"NUMER_PORZ":"1A","KOD_POCZT":"32-031","NAZWA_ULC":"Leśna","NAZWA_GMI":"Mogilany","NAZWA_MSC":"Mogilany","odleglosc_m":70.2,"strefa":"50-200 m","warstwa":"adresy"},"geometry":{"type":"Point","coordinates":[19.902458,49.936414]}},{"type":"Feature","properties":{"NUMER_PORZ":"7","KOD_POCZT":"32-031","NAZWA_ULC":"Leśna","NAZWA_GMI":"Mogilany","NAZWA_MSC":"Mogilany","odleglosc_m":95.9,"strefa":"50-200 m","warstwa":"adresy"},"geometry":{"type":"Point","coordinates":[19.902762,49.935698]}},{"type":"Feature","properties":{"NUMER_PORZ":"10","KOD_POCZT":"32-031","NAZWA_ULC":"Leśny Stok","NAZWA_GMI":"Mogilany","NAZWA_MSC":"Lusina","odleglosc_m":27.5,"strefa":"20-30 m","warstwa":"adresy"},"geometry":{"type":"Point","coordinates":[19.915256,49.967898]}},{"type":"Feature","properties":{"NUMER_PORZ":"8","KOD_POCZT":"32-031","NAZWA_ULC":"Leśny Stok","NAZWA_GMI":"Mogilany","NAZWA_MSC":"Lusina","odleglosc_m":16.5,"strefa":"0-20 m","warstwa":"adresy"},"geometry":{"type":"Point","coordinates":[19.915097,49.967848]}},{"type":"Feature","properties":{"NUMER_PORZ":"14","KOD_POCZT":"32-031","NAZWA_ULC":"Leśny Stok","NAZWA_GMI":"Mogilany","NAZWA_MSC":"Lusina","odleglosc_m":52.3,"strefa":"50-200 m","warstwa":"adresy"},"geometry":{"type":"Point","coordinates":[19.915587,49.967695]}},{"type":"Feature","properties":{"NUMER_PORZ":"12C","KOD_POCZT":"32-031","NAZWA_ULC":"Kwiatowa","NAZWA_GMI":"Mogilany","NAZWA_MSC":"Gaj","odleglosc_m":156.8,"strefa":"50-200 m","warstwa":"adresy"},"geometry":{"type":"Point","coordinates":[19.914306,49.96011]}},{"type":"Feature","properties":{"NUMER_PORZ":"177","KOD_POCZT":"32-031","NAZWA_ULC":"Zadziele","NAZWA_GMI":"Mogilany","NAZWA_MSC":"Gaj","odleglosc_m":105.2,"strefa":"50-200 m","warstwa":"adresy"},"geometry":{"type":"Point","coordinates":[19.915358,49.959413]}},{"type":"Feature","properties":{"NUMER_PORZ":"153","KOD_POCZT":"32-031","NAZWA_ULC":"Zadziele","NAZWA_GMI":"Mogilany","NAZWA_MSC":"Gaj","odleglosc_m":163.0,"strefa":"50-200 m","warstwa":"adresy"},"geometry":{"type":"Point","coordinates":[19.915037,49.957844]}},{"type":"Feature","properties":{"NUMER_PORZ":"238","KOD_POCZT":"32-031","NAZWA_ULC":"Zadziele","NAZWA_GMI":"Mogilany","NAZWA_MSC":"Gaj","odleglosc_m":35.2,"strefa":"30-50 m","warstwa":"adresy"},"geometry":{"type":"Point","coordinates":[19.918148,49.959051]}},{"type":"Feature","properties":{"NUMER_PORZ":"234","KOD_POCZT":"32-031","NAZWA_ULC":"Zadziele","NAZWA_GMI":"Mogilany","NAZWA_MSC":"Gaj","odleglosc_m":65.1,"strefa":"50-200 m","warstwa":"adresy"},"geometry":{"type":"Point","coordinates":[19.918347,49.959732]}},{"type":"Feature","properties":{"NUMER_PORZ":"187","KOD_POCZT":"32-031","NAZWA_ULC":"Zadziele","NAZWA_GMI":"Mogilany","NAZWA_MSC":"Gaj","odleglosc_m":13.9,"strefa":"0-20 m","warstwa":"adresy"},"geometry":{"type":"Point","coordinates":[19.917536,49.959927]}},{"type":"Feature","properties":{"NUMER_PORZ":"183","KOD_POCZT":"32-031","NAZWA_ULC":"Zadziele","NAZWA_GMI":"Mogilany","NAZWA_MSC":"Gaj","odleglosc_m":18.4,"strefa":"0-20 m","warstwa":"adresy"},"geometry":{"type":"Point","coordinates":[19.916476,49.959764]}},{"type":"Feature","properties":{"NUMER_PORZ":"20","KOD_POCZT":"32-031","NAZWA_ULC":"Markoszów","NAZWA_GMI":"Mogilany","NAZWA_MSC":"Mogilany","odleglosc_m":112.3,"strefa":"50-200 m","warstwa":"adresy"},"geometry":{"type":"Point","coordinates":[19.902635,49.933145]}},{"type":"Feature","properties":{"NUMER_PORZ":"24","KOD_POCZT":"32-031","NAZWA_ULC":"Markoszów","NAZWA_GMI":"Mogilany","NAZWA_MSC":"Mogilany","odleglosc_m":93.5,"strefa":"50-200 m","warstwa":"adresy"},"geometry":{"type":"Point","coordinates":[19.902363,49.933313]}},{"type":"Feature","properties":{"NUMER_PORZ":"21","KOD_POCZT":"32-031","NAZWA_ULC":"Markoszów","NAZWA_GMI":"Mogilany","NAZWA_MSC":"Mogilany","odleglosc_m":50.4,"strefa":"50-200 m","warstwa":"adresy"},"geometry":{"type":"Point","coordinates":[19.901784,49.932774]}},{"type":"Feature","properties":{"NUMER_PORZ":"18","KOD_POCZT":"32-031","NAZWA_ULC":"Markoszów","NAZWA_GMI":"Mogilany","NAZWA_MSC":"Mogilany","odleglosc_m":161.9,"strefa":"50-200 m","warstwa":"adresy"},"geometry":{"type":"Point","coordinates":[19.903422,49.933427]}},{"type":"Feature","properties":{"NUMER_PORZ":"28","KOD_POCZT":"32-031","NAZWA_ULC":"Markoszów","NAZWA_GMI":"Mogilany","NAZWA_MSC":"Mogilany","odleglosc_m":56.5,"strefa":"50-200 m","warstwa":"adresy"},"geometry":{"type":"Point","coordinates":[19.901853,49.93326]}},{"type":"Feature","properties":{"NUMER_PORZ":"144","KOD_POCZT":"32-031","NAZWA_ULC":"Zdrojowa","NAZWA_GMI":"Mogilany","NAZWA_MSC":"Lusina","odleglosc_m":166.7,"strefa":"50-200 m","warstwa":"adresy"},"geometry":{"type":"Point","coordinates":[19.918992,49.96182]}},{"type":"Feature","properties":{"NUMER_PORZ":"148","KOD_POCZT":"32-031","NAZWA_ULC":"Zdrojowa","NAZWA_GMI":"Mogilany","NAZWA_MSC":"Lusina","odleglosc_m":127.1,"strefa":"50-200 m","warstwa":"adresy"},"geometry":{"type":"Point","coordinates":[19.918467,49.96171]}},{"type":"Feature","properties":{"NUMER_PORZ":"1","KOD_POCZT":"32-031","NAZWA_ULC":"Firmowa","NAZWA_GMI":"Mogilany","NAZWA_MSC":"Włosań","odleglosc_m":11.4,"strefa":"0-20 m","warstwa":"adresy"},"geometry":{"type":"Point","coordinates":[19.881739,49.918729]}},{"type":"Feature","properties":{"NUMER_PORZ":"2","KOD_POCZT":"32-031","NAZWA_ULC":"Firmowa","NAZWA_GMI":"Mogilany","NAZWA_MSC":"Włosań","odleglosc_m":51.4,"strefa":"50-200 m","warstwa":"adresy"},"geometry":{"type":"Point","coordinates":[19.882084,49.918446]}},{"type":"Feature","properties":{"NUMER_PORZ":"32","KOD_POCZT":"32-031","NAZWA_ULC":"Łobzowska","NAZWA_GMI":"Mogilany","NAZWA_MSC":"Włosań","odleglosc_m":145.6,"strefa":"50-200 m","warstwa":"adresy"},"geometry":{"type":"Point","coordinates":[19.901289,49.928549]}},{"type":"Feature","properties":{"NUMER_PORZ":"44","KOD_POCZT":"32-031","NAZWA_ULC":"Łobzowska","NAZWA_GMI":"Mogilany","NAZWA_MSC":"Włosań","odleglosc_m":155.5,"strefa":"50-200 m","warstwa":"adresy"},"geometry":{"type":"Point","coordinates":[19.899459,49.926733]}},{"type":"Feature","properties":{"NUMER_PORZ":"7","KOD_POCZT":"32-031","NAZWA_ULC":"Leśny Stok","NAZWA_GMI":"Mogilany","NAZWA_MSC":"Libertów","odleglosc_m":0.0,"strefa":"nad tunelem","warstwa":"adresy"},"geometry":{"type":"Point","coordinates":[19.914237,49.967857]}},{"type":"Feature","properties":{"NUMER_PORZ":"5","KOD_POCZT":"32-031","NAZWA_ULC":"Leśny Stok","NAZWA_GMI":"Mogilany","NAZWA_MSC":"Libertów","odleglosc_m":26.8,"strefa":"20-30 m","warstwa":"adresy"},"geometry":{"type":"Point","coordinates":[19.913648,49.967625]}},{"type":"Feature","properties":{"NUMER_PORZ":"1","KOD_POCZT":"32-031","NAZWA_ULC":"Leśny Stok","NAZWA_GMI":"Mogilany","NAZWA_MSC":"Libertów","odleglosc_m":38.9,"strefa":"30-50 m","warstwa":"adresy"},"geometry":{"type":"Point","coordinates":[19.91348,49.967358]}},{"type":"Feature","properties":{"NUMER_PORZ":"3","KOD_POCZT":"32-031","NAZWA_ULC":"Leśny Stok","NAZWA_GMI":"Mogilany","NAZWA_MSC":"Libertów","odleglosc_m":70.8,"strefa":"50-200 m","warstwa":"adresy"},"geometry":{"type":"Point","coordinates":[19.913035,49.967579]}},{"type":"Feature","properties":{"NUMER_PORZ":"7B","KOD_POCZT":"32-031","NAZWA_ULC":"Leśny Stok","NAZWA_GMI":"Mogilany","NAZWA_MSC":"Libertów","odleglosc_m":0.0,"strefa":"nad tunelem","warstwa":"adresy"},"geometry":{"type":"Point","coordinates":[19.91438,49.967968]}},{"type":"Feature","properties":{"NUMER_PORZ":"10C","KOD_POCZT":"32-031","NAZWA_ULC":"Kwiatowa","NAZWA_GMI":"Mogilany","NAZWA_MSC":"Gaj","odleglosc_m":198.4,"strefa":"50-200 m","warstwa":"adresy"},"geometry":{"type":"Point","coordinates":[19.914059,49.959317]}},{"type":"Feature","properties":{"NUMER_PORZ":"202","KOD_POCZT":"32-031","NAZWA_ULC":"Zadziele","NAZWA_GMI":"Mogilany","NAZWA_MSC":"Gaj","odleglosc_m":177.2,"strefa":"50-200 m","warstwa":"adresy"},"geometry":{"type":"Point","coordinates":[19.914879,49.957456]}},{"type":"Feature","properties":{"NUMER_PORZ":"204","KOD_POCZT":"32-031","NAZWA_ULC":"Zadziele","NAZWA_GMI":"Mogilany","NAZWA_MSC":"Gaj","odleglosc_m":149.2,"strefa":"50-200 m","warstwa":"adresy"},"geometry":{"type":"Point","coordinates":[19.915271,49.957446]}},{"type":"Feature","properties":{"NUMER_PORZ":"100","KOD_POCZT":"32-031","NAZWA_ULC":"Łobzowska","NAZWA_GMI":"Mogilany","NAZWA_MSC":"Włosań","odleglosc_m":158.5,"strefa":"50-200 m","warstwa":"adresy"},"geometry":{"type":"Point","coordinates":[19.889297,49.920799]}},{"type":"Feature","properties":{"NUMER_PORZ":"90","KOD_POCZT":"32-031","NAZWA_ULC":"Świetlista","NAZWA_GMI":"Mogilany","NAZWA_MSC":"Libertów","odleglosc_m":133.4,"strefa":"50-200 m","warstwa":"adresy"},"geometry":{"type":"Point","coordinates":[19.918867,49.97773]}},{"type":"Feature","properties":{"NUMER_PORZ":"72A","KOD_POCZT":"32-031","NAZWA_ULC":"Świetlista","NAZWA_GMI":"Mogilany","NAZWA_MSC":"Libertów","odleglosc_m":175.7,"strefa":"50-200 m","warstwa":"adresy"},"geometry":{"type":"Point","coordinates":[19.919043,49.978583]}},{"type":"Feature","properties":{"NUMER_PORZ":"70","KOD_POCZT":"32-031","NAZWA_ULC":"Świetlista","NAZWA_GMI":"Mogilany","NAZWA_MSC":"Libertów","odleglosc_m":193.5,"strefa":"50-200 m","warstwa":"adresy"},"geometry":{"type":"Point","coordinates":[19.919011,49.978856]}},{"type":"Feature","properties":{"NUMER_PORZ":"102","KOD_POCZT":"32-031","NAZWA_ULC":"Świetlista","NAZWA_GMI":"Mogilany","NAZWA_MSC":"Libertów","odleglosc_m":12.9,"strefa":"0-20 m","warstwa":"adresy"},"geometry":{"type":"Point","coordinates":[19.919644,49.976556]}},{"type":"Feature","properties":{"NUMER_PORZ":"110","KOD_POCZT":"32-031","NAZWA_ULC":"Łobzowska","NAZWA_GMI":"Mogilany","NAZWA_MSC":"Włosań","odleglosc_m":105.9,"strefa":"50-200 m","warstwa":"adresy"},"geometry":{"type":"Point","coordinates":[19.883971,49.921875]}},{"type":"Feature","properties":{"NUMER_PORZ":"177","KOD_POCZT":"32-031","NAZWA_ULC":"Łobzowska","NAZWA_GMI":"Mogilany","NAZWA_MSC":"Włosań","odleglosc_m":0.0,"strefa":"w śladzie","warstwa":"adresy"},"geometry":{"type":"Point","coordinates":[19.88368,49.920441]}},{"type":"Feature","properties":{"NUMER_PORZ":"175","KOD_POCZT":"32-031","NAZWA_ULC":"Łobzowska","NAZWA_GMI":"Mogilany","NAZWA_MSC":"Włosań","odleglosc_m":6.3,"strefa":"0-20 m","warstwa":"adresy"},"geometry":{"type":"Point","coordinates":[19.883675,49.919754]}},{"type":"Feature","properties":{"NUMER_PORZ":"96","KOD_POCZT":"32-031","NAZWA_ULC":"Świetlista","NAZWA_GMI":"Mogilany","NAZWA_MSC":"Libertów","odleglosc_m":103.9,"strefa":"50-200 m","warstwa":"adresy"},"geometry":{"type":"Point","coordinates":[19.918848,49.977247]}},{"type":"Feature","properties":{"NUMER_PORZ":"19","KOD_POCZT":"32-031","NAZWA_ULC":"Gwiezdna","NAZWA_GMI":"Mogilany","NAZWA_MSC":"Libertów","odleglosc_m":171.2,"strefa":"50-200 m","warstwa":"adresy"},"geometry":{"type":"Point","coordinates":[19.918172,49.977681]}},{"type":"Feature","properties":{"NUMER_PORZ":"17","KOD_POCZT":"32-031","NAZWA_ULC":"Gwiezdna","NAZWA_GMI":"Mogilany","NAZWA_MSC":"Libertów","odleglosc_m":196.3,"strefa":"50-200 m","warstwa":"adresy"},"geometry":{"type":"Point","coordinates":[19.917745,49.977679]}},{"type":"Feature","properties":{"NUMER_PORZ":"238A","KOD_POCZT":"32-031","NAZWA_ULC":"Zadziele","NAZWA_GMI":"Mogilany","NAZWA_MSC":"Gaj","odleglosc_m":32.8,"strefa":"30-50 m","warstwa":"adresy"},"geometry":{"type":"Point","coordinates":[19.918187,49.958801]}},{"type":"Feature","properties":{"NUMER_PORZ":"208","KOD_POCZT":"32-031","NAZWA_ULC":"Zadziele","NAZWA_GMI":"Mogilany","NAZWA_MSC":"Gaj","odleglosc_m":114.6,"strefa":"50-200 m","warstwa":"adresy"},"geometry":{"type":"Point","coordinates":[19.915747,49.957543]}},{"type":"Feature","properties":{"NUMER_PORZ":"210","KOD_POCZT":"32-031","NAZWA_ULC":"Zadziele","NAZWA_GMI":"Mogilany","NAZWA_MSC":"Gaj","odleglosc_m":74.9,"strefa":"50-200 m","warstwa":"adresy"},"geometry":{"type":"Point","coordinates":[19.916292,49.957643]}},{"type":"Feature","properties":{"NUMER_PORZ":"212","KOD_POCZT":"32-031","NAZWA_ULC":"Zadziele","NAZWA_GMI":"Mogilany","NAZWA_MSC":"Gaj","odleglosc_m":48.8,"strefa":"30-50 m","warstwa":"adresy"},"geometry":{"type":"Point","coordinates":[19.916619,49.957953]}},{"type":"Feature","properties":{"NUMER_PORZ":"240","KOD_POCZT":"32-031","NAZWA_ULC":"Zadziele","NAZWA_GMI":"Mogilany","NAZWA_MSC":"Gaj","odleglosc_m":30.6,"strefa":"30-50 m","warstwa":"adresy"},"geometry":{"type":"Point","coordinates":[19.918227,49.958493]}},{"type":"Feature","properties":{"NUMER_PORZ":"157B","KOD_POCZT":"32-031","NAZWA_ULC":"Zadziele","NAZWA_GMI":"Mogilany","NAZWA_MSC":"Gaj","odleglosc_m":113.3,"strefa":"50-200 m","warstwa":"adresy"},"geometry":{"type":"Point","coordinates":[19.915704,49.958004]}},{"type":"Feature","properties":{"NUMER_PORZ":"157A","KOD_POCZT":"32-031","NAZWA_ULC":"Zadziele","NAZWA_GMI":"Mogilany","NAZWA_MSC":"Gaj","odleglosc_m":111.9,"strefa":"50-200 m","warstwa":"adresy"},"geometry":{"type":"Point","coordinates":[19.915709,49.958087]}},{"type":"Feature","properties":{"NUMER_PORZ":"4JE","KOD_POCZT":"30-614","NAZWA_ULC":"Cechowa","NAZWA_GMI":"Kraków","NAZWA_MSC":"Kraków","odleglosc_m":195.9,"strefa":"50-200 m","warstwa":"adresy"},"geometry":{"type":"Point","coordinates":[19.945515,50.00352]}},{"type":"Feature","properties":{"NUMER_PORZ":"4JD","KOD_POCZT":"30-614","NAZWA_ULC":"Cechowa","NAZWA_GMI":"Kraków","NAZWA_MSC":"Kraków","odleglosc_m":190.7,"strefa":"50-200 m","warstwa":"adresy"},"geometry":{"type":"Point","coordinates":[19.945438,50.003518]}},{"type":"Feature","properties":{"NUMER_PORZ":"4JB","KOD_POCZT":"30-614","NAZWA_ULC":"Cechowa","NAZWA_GMI":"Kraków","NAZWA_MSC":"Kraków","odleglosc_m":195.6,"strefa":"50-200 m","warstwa":"adresy"},"geometry":{"type":"Point","coordinates":[19.945607,50.00381]}},{"type":"Feature","properties":{"NUMER_PORZ":"4JA","KOD_POCZT":"30-614","NAZWA_ULC":"Cechowa","NAZWA_GMI":"Kraków","NAZWA_MSC":"Kraków","odleglosc_m":188.3,"strefa":"50-200 m","warstwa":"adresy"},"geometry":{"type":"Point","coordinates":[19.945505,50.00381]}},{"type":"Feature","properties":{"NUMER_PORZ":"125","KOD_POCZT":"30-499","NAZWA_ULC":"Jerzego Smoleńskiego","NAZWA_GMI":"Kraków","NAZWA_MSC":"Kraków","odleglosc_m":182.2,"strefa":"50-200 m","warstwa":"adresy"},"geometry":{"type":"Point","coordinates":[19.920831,49.983804]}},{"type":"Feature","properties":{"NUMER_PORZ":"125B","KOD_POCZT":"30-499","NAZWA_ULC":"Jerzego Smoleńskiego","NAZWA_GMI":"Kraków","NAZWA_MSC":"Kraków","odleglosc_m":170.7,"strefa":"50-200 m","warstwa":"adresy"},"geometry":{"type":"Point","coordinates":[19.92099,49.983817]}},{"type":"Feature","properties":{"NUMER_PORZ":"125C","KOD_POCZT":"30-499","NAZWA_ULC":"Jerzego Smoleńskiego","NAZWA_GMI":"Kraków","NAZWA_MSC":"Kraków","odleglosc_m":161.7,"strefa":"50-200 m","warstwa":"adresy"},"geometry":{"type":"Point","coordinates":[19.921115,49.983828]}},{"type":"Feature","properties":{"NUMER_PORZ":"125D","KOD_POCZT":"30-499","NAZWA_ULC":"Jerzego Smoleńskiego","NAZWA_GMI":"Kraków","NAZWA_MSC":"Kraków","odleglosc_m":156.6,"strefa":"50-200 m","warstwa":"adresy"},"geometry":{"type":"Point","coordinates":[19.921185,49.983833]}},{"type":"Feature","properties":{"NUMER_PORZ":"125E","KOD_POCZT":"30-499","NAZWA_ULC":"Jerzego Smoleńskiego","NAZWA_GMI":"Kraków","NAZWA_MSC":"Kraków","odleglosc_m":150.2,"strefa":"50-200 m","warstwa":"adresy"},"geometry":{"type":"Point","coordinates":[19.921276,49.983829]}},{"type":"Feature","properties":{"NUMER_PORZ":"125F","KOD_POCZT":"30-499","NAZWA_ULC":"Jerzego Smoleńskiego","NAZWA_GMI":"Kraków","NAZWA_MSC":"Kraków","odleglosc_m":144.1,"strefa":"50-200 m","warstwa":"adresy"},"geometry":{"type":"Point","coordinates":[19.92136,49.983839]}},{"type":"Feature","properties":{"NUMER_PORZ":"125G","KOD_POCZT":"30-499","NAZWA_ULC":"Jerzego Smoleńskiego","NAZWA_GMI":"Kraków","NAZWA_MSC":"Kraków","odleglosc_m":134.5,"strefa":"50-200 m","warstwa":"adresy"},"geometry":{"type":"Point","coordinates":[19.921493,49.983852]}},{"type":"Feature","properties":{"NUMER_PORZ":"125H","KOD_POCZT":"30-499","NAZWA_ULC":"Jerzego Smoleńskiego","NAZWA_GMI":"Kraków","NAZWA_MSC":"Kraków","odleglosc_m":128.8,"strefa":"50-200 m","warstwa":"adresy"},"geometry":{"type":"Point","coordinates":[19.921571,49.983856]}},{"type":"Feature","properties":{"NUMER_PORZ":"125J","KOD_POCZT":"30-499","NAZWA_ULC":"Jerzego Smoleńskiego","NAZWA_GMI":"Kraków","NAZWA_MSC":"Kraków","odleglosc_m":158.2,"strefa":"50-200 m","warstwa":"adresy"},"geometry":{"type":"Point","coordinates":[19.921183,49.983642]}},{"type":"Feature","properties":{"NUMER_PORZ":"125K","KOD_POCZT":"30-499","NAZWA_ULC":"Jerzego Smoleńskiego","NAZWA_GMI":"Kraków","NAZWA_MSC":"Kraków","odleglosc_m":151.2,"strefa":"50-200 m","warstwa":"adresy"},"geometry":{"type":"Point","coordinates":[19.92128,49.983652]}},{"type":"Feature","properties":{"NUMER_PORZ":"125L","KOD_POCZT":"30-499","NAZWA_ULC":"Jerzego Smoleńskiego","NAZWA_GMI":"Kraków","NAZWA_MSC":"Kraków","odleglosc_m":145.5,"strefa":"50-200 m","warstwa":"adresy"},"geometry":{"type":"Point","coordinates":[19.921359,49.98366]}},{"type":"Feature","properties":{"NUMER_PORZ":"125M","KOD_POCZT":"30-499","NAZWA_ULC":"Jerzego Smoleńskiego","NAZWA_GMI":"Kraków","NAZWA_MSC":"Kraków","odleglosc_m":135.4,"strefa":"50-200 m","warstwa":"adresy"},"geometry":{"type":"Point","coordinates":[19.9215,49.983673]}},{"type":"Feature","properties":{"NUMER_PORZ":"125N","KOD_POCZT":"30-499","NAZWA_ULC":"Jerzego Smoleńskiego","NAZWA_GMI":"Kraków","NAZWA_MSC":"Kraków","odleglosc_m":130.2,"strefa":"50-200 m","warstwa":"adresy"},"geometry":{"type":"Point","coordinates":[19.921571,49.98368]}},{"type":"Feature","properties":{"NUMER_PORZ":"125P","KOD_POCZT":"30-499","NAZWA_ULC":"Jerzego Smoleńskiego","NAZWA_GMI":"Kraków","NAZWA_MSC":"Kraków","odleglosc_m":155.2,"strefa":"50-200 m","warstwa":"adresy"},"geometry":{"type":"Point","coordinates":[19.921241,49.983453]}},{"type":"Feature","properties":{"NUMER_PORZ":"125R","KOD_POCZT":"30-499","NAZWA_ULC":"Jerzego Smoleńskiego","NAZWA_GMI":"Kraków","NAZWA_MSC":"Kraków","odleglosc_m":148.8,"strefa":"50-200 m","warstwa":"adresy"},"geometry":{"type":"Point","coordinates":[19.921331,49.983454]}},{"type":"Feature","properties":{"NUMER_PORZ":"125S","KOD_POCZT":"30-499","NAZWA_ULC":"Jerzego Smoleńskiego","NAZWA_GMI":"Kraków","NAZWA_MSC":"Kraków","odleglosc_m":142.0,"strefa":"50-200 m","warstwa":"adresy"},"geometry":{"type":"Point","coordinates":[19.921426,49.983458]}},{"type":"Feature","properties":{"NUMER_PORZ":"125T","KOD_POCZT":"30-499","NAZWA_ULC":"Jerzego Smoleńskiego","NAZWA_GMI":"Kraków","NAZWA_MSC":"Kraków","odleglosc_m":133.9,"strefa":"50-200 m","warstwa":"adresy"},"geometry":{"type":"Point","coordinates":[19.921538,49.983464]}},{"type":"Feature","properties":{"NUMER_PORZ":"125U","KOD_POCZT":"30-499","NAZWA_ULC":"Jerzego Smoleńskiego","NAZWA_GMI":"Kraków","NAZWA_MSC":"Kraków","odleglosc_m":126.3,"strefa":"50-200 m","warstwa":"adresy"},"geometry":{"type":"Point","coordinates":[19.921644,49.983469]}},{"type":"Feature","properties":{"NUMER_PORZ":"125A","KOD_POCZT":"30-499","NAZWA_ULC":"Jerzego Smoleńskiego","NAZWA_GMI":"Kraków","NAZWA_MSC":"Kraków","odleglosc_m":175.9,"strefa":"50-200 m","warstwa":"adresy"},"geometry":{"type":"Point","coordinates":[19.920918,49.98381]}}]}